Nom du cours,Classification,Terme,Explication
O nascimento do Islã (622),Referência histórica,O Império Bizantino e o Sassânida,"As duas potências que rodeavam a península arábica no século VII. Bizâncio (Império Romano do Oriente) e os Sassânidas (império persa zoroastrista) esgotavam-se numa guerra interminável, abrindo caminho para as conquistas árabes."
O nascimento do Islã (622),Conceito,A Umma,"Comunidade dos crentes muçulmanos, transcendendo as fronteiras tribais. Todos os muçulmanos formam um só corpo, independentemente da sua origem."
O nascimento do Islã (622),Conceito,A jihad,Termo árabe que significa literalmente «esforço». Designa o esforço interior para se melhorar e a defesa armada da comunidade.
O apelo de Urbano II e a 1ª Cruzada (1095),Evento relacionado,O Cisma de 1054,"Ruptura definitiva entre a Igreja Católica Romana e a Igreja Ortodoxa, sobre a autoridade papal e a questão do Filioque. Este cisma tornava as relações entre Bizâncio e Roma complexas no momento em que Aleixo I Comneno pedia ajuda militar."
O apelo de Urbano II e a 1ª Cruzada (1095),Personagem,Aleixo I Comneno,Imperador bizantino que enviou uma embaixada ao Papa Urbano II para pedir mercenários contra os turcos seljúcidas. O seu pedido modesto desencadeou involuntariamente a mobilização maciça da primeira cruzada.
O apelo de Urbano II e a 1ª Cruzada (1095),Conceito,A indulgência plenária,"Remissão total das penas devidas aos pecados, concedida pelo Papa. Urbano II prometeu uma a todos os participantes na cruzada - um poderoso motor de mobilização numa sociedade profundamente religiosa."
A tomada de Roma pelos Visigodos (410),Referência histórica,Os Hunos,"Povo nômade da Ásia Central que avançou sobre a Europa por volta de 370, pressionando os Godos e outros povos germânicos a atravessar as fronteiras romanas para fugir. Seu líder Átila devastaria a Europa nos anos 450."
A tomada de Roma pelos Visigodos (410),Conceito,O foedus romano,"Tratado pelo qual Roma autorizava um povo Bárbaro a instalar-se no seu território em troca de serviço militar. Os Visigodos obtiveram um foedus em 382, mas Roma não o respeitou, o que explica a revolta de Alarico."
A tomada de Roma pelos Visigodos (410),Evento relacionado,A divisão do Império em 395,"Aquando da morte de Teodósio I, o Império foi partilhado entre os seus dois filhos: Honório a Oeste (capital Ravena) e Arcádio a Leste (Constantinopla). Esta divisão permanente enfraqueceu a resposta às invasões."
A coroação de Carlos Magno (800),Conceito,O Sacro Império Romano-Germânico,"Entidade política nascida da coroação de Carlos Magno, pretendendo encarnar a continuidade do Império Romano no Ocidente sob autoridade cristã. Esta perdurará até 1806 e estruturará o espaço germânico durante mil anos."
A coroação de Carlos Magno (800),Conceito,Os missi dominici,"«Enviados do mestre» carolíngios: inspetores reais enviados aos pares (um bispo, um leigo) para controlar a administração local e aplicar a justiça em nome do imperador. Instrumento-chave do governo carolíngio sobre um território imenso."
A coroação de Carlos Magno (800),Personagem,Alcuíno de Iorque,"Sábio inglês que Carlos Magno mandou vir para dirigir a escola palatina de Aachen. Supervisionou a reforma da escrita e do ensino, formando uma geração de administradores letrados que mantiveram o império."
A Magna Carta (1215),Conceito,O sistema feudal,Organização medieval fundada em laços pessoais: o suserano concede terras (feudo) em troca de serviço militar e fidelidade. A Magna Carta foi arrancada neste quadro contratual: os barões recordaram ao rei as suas obrigações.
A Magna Carta (1215),Evento relacionado,A perda da Normandia (1204),"Evento maior onde João Sem Terra perdeu as suas possessões face a Filipe II Augusto, provocando a crise fiscal na origem da Magna Carta."
A Magna Carta (1215),Conceito,O habeas corpus,"Princípio jurídico que protege contra detenções arbitrárias: qualquer pessoa detida deve ser apresentada a um juiz. Herança direta da cláusula 39 da Magna Carta, tornou-se um pilar do direito anglo-saxão."
A Peste Negra na Europa (1347-1353),Conceito,A teoria dos miasmas,Crença médica medieval segundo a qual as doenças eram causadas por vapores impuros emanando de águas estagnadas e de cadáveres. Ela explica a impotência total da medicina perante a Peste - não se podia curar o que não se compreendia.
A Peste Negra na Europa (1347-1353),Lugar / instituição,As repúblicas mercantis italianas,"Génova e Veneza, cujos navios comerciais ligavam o Mar Negro à Europa, foram os vetores da epidemia. Navios genoveses introduziram a peste na Sicília em 1347, propagando a bactéria através das suas redes comerciais mediterrânicas."
A Peste Negra na Europa (1347-1353),Evento relacionado,Os pogroms de judeus (1348-1349),"Acusados de envenenarem os poços, dezenas de milhares de judeus foram massacrados na Alemanha e na França durante a Peste. O papa Clemente VI defendeu-os, mas foi pouco ouvido nas cidades devastadas que procuravam bodes expiatórios."
Joana d'Arc e a Guerra dos Cem Anos (1429),Evento,O Tratado de Troyes (1420),"Acordo pelo qual Carlos VI de França deserdou o seu filho, o delfim Carlos, em favor do rei de Inglaterra Henrique V, criando uma união dinástica franco-inglesa."
Joana d'Arc e a Guerra dos Cem Anos (1429),Conceito,A sagração de Reims,"Cerimónia pela qual o rei de França era ungido com o óleo santo, conferindo-lhe um carácter quase sagrado. Apenas um rei sagrado em Reims era plenamente legítimo aos olhos da Igreja e do povo - daí a urgência de Joana em levar Carlos VII até lá."
Joana d'Arc e a Guerra dos Cem Anos (1429),Referência histórica,Os Borguinhões,"Fação francesa aliada dos ingleses, liderada pelo duque de Borgonha (Filipe, o Bom, em 1429). A sua aliança com a Inglaterra foi rompida pelo tratado de Arras em 1435."
A queda de Constantinopla (1453),Evento relacionado,O saque de Constantinopla pela 4ª Cruzada (1204),"Os cruzados, desviados por Veneza, saquearam a Constantinopla cristã durante três dias em 1204. Este trauma enfraqueceu duradouramente Bizâncio e explica a desconfiança bizantina em relação ao Ocidente aquando do cerco de 1453."
A queda de Constantinopla (1453),Referência histórica,A diáspora grega e o Renascimento,"Os estudiosos gregos que fugiam de Constantinopla levaram os seus manuscritos para a Itália, contribuindo decisivamente para o Renascimento. A queda de Bizâncio acelerou paradoxalmente a renovação intelectual do Ocidente."
A queda de Constantinopla (1453),Conceito,O direito bizantino e a herança romana,"Constantinopla tinha conservado e transmitido o direito romano, a filosofia grega e a teologia cristã durante mil anos. A sua queda pôs fim a esta continuidade viva entre a Antiguidade e o mundo moderno."
O império asteca,Conceito,A cosmogonia dos Cinco Sóis,"Mito asteca: o universo já foi criado e destruído quatro vezes. O atual quinto sol só é mantido vivo pelos sacrifícios humanos. Esta cosmologia tornava os sacrifícios cosmicamente necessários - sem eles, o sol pararia."
O império asteca,Conceito,As chinampas,«Jardins flutuantes» criados no lago Texcoco: ilhas artificiais de lama e vegetais que permitiam uma agricultura muito produtiva. Tenochtitlán estava rodeada por uma rede de canais e terras cultivadas que alimentavam 200 000 habitantes.
O império asteca,Lugar / instituição,Tenochtitlán e Cidade do México,"Capital asteca fundada em 1325 numa ilhota do lago Texcoco, onde se encontra hoje a Cidade do México. Era uma das maiores cidades do mundo em 1519, com uma rede sofisticada de aquedutos e canais."
A descoberta da América (1492),Evento,A Reconquista espanhola (1492),O triunfo da tomada de Granada libertou recursos e criou um impulso de ambição nacional que explica o apoio de Isabel de Castela a Colombo.
A descoberta da América (1492),Personagem,Américo Vespúcio,Navegador florentino que compreendeu que as terras descobertas eram um continente desconhecido. O continente foi batizado em sua honra em 1507.
A descoberta da América (1492),Evento,O Tratado de Tordesilhas (1494),Acordo arbitrado pelo papa partilhando o mundo em duas esferas de influência entre a Espanha (oeste) e o Portugal (este).
A queda da Bastilha (1789),Conceito,O Antigo Regime e as três ordens,"Sociedade francesa dividida em três estados: Clero (1º), Nobreza (2º) e Terceiro Estado (97% da população, 3º). Nos Estados Gerais, cada ordem dispunha de apenas um voto em três, apesar da representatividade demográfica esmagadora do Terceiro."
A queda da Bastilha (1789),Conceito,A lettre de cachet,"Ordem real de prisão sem julgamento nem explicação, assinada pelo rei. A Bastilha simbolizava esse arbítrio real, embora em julho de 1789 contivesse apenas 7 prisioneiros - seu valor era puramente simbólico."
A estratégia de Napoleão em Ulm (1805),Conceito,O corpo de exército napoleônico,"Unidade militar autónoma de 15 000 a 30 000 homens incluindo todas as armas, capaz de combater sozinha durante vários dias. Esta inovação organizacional permitia a rapidez de manobra que fez a força de Napoleão."
A estratégia de Napoleão em Ulm (1805),Evento relacionado,A batalha de Trafalgar (21 de outubro de 1805),"Vitória naval decisiva de Nelson sobre a frota franco-espanhola, na mesma semana de Ulm. Ela pôs fim aos projetos de invasão da Inglaterra e explica por que Napoleão nunca conseguiu vencer a potência marítima britânica."
A estratégia de Napoleão em Ulm (1805),Conceito,O bloqueio continental,"Política económica napoleónica (1806) proibindo todo o comércio europeu com a Inglaterra, para a arruinar economicamente. A sua aplicação imperfeita forçou Napoleão a invadir a Península Ibérica e depois a Rússia."
A batalha de Waterloo (1815),Evento relacionado,O Congresso de Viena (1814-1815),"Reunião das potências europeias para reconstruir a ordem pós-napoleónica. Redenhou o mapa da Europa, restaurou as monarquias e criou o «Concerto Europeu» que manteve uma paz relativa durante quase um século."
A batalha de Waterloo (1815),Conceito,A Santa Aliança,"Pacto assinado em 1815 entre a Rússia, Áustria e Prússia para defender os princípios monárquicos contra as ideias revolucionárias. Foi o instrumento de repressão dos levantamentos liberais dos anos 1820-1830."
A batalha de Waterloo (1815),Personagem,O Marechal Ney,"Apelidado de «o bravo dos bravos», liderou a cavalaria francesa em Waterloo. Sua carga desastrosa contra os [carrés] britânicos, lançada cedo demais sem apoio de artilharia, foi um dos erros táticos fatais do dia."
A Comuna de Paris (1871),Evento relacionado,A guerra franco-prussiana (1870-1871),"Conflito desencadeado por Napoleão III, terminado pela derrota esmagadora de Sedan e pela captura do Imperador. A capitulação humilhante e o cerco de Paris criaram o terreno fértil para a Comuna."
A Comuna de Paris (1871),Personagem,Adolphe Thiers,"Chefe do governo provisório de Versalhes que ordenou o esmagamento da Comuna durante a «Semana Sangrenta» (21-28 de maio de 1871). Ex-jornalista e historiador, primeiro presidente da III República."
A Comuna de Paris (1871),Lugar / instituição,A Internacional Operária (1ª Internacional),"Organização fundada em Londres em 1864, reunindo sindicatos e partidos operários de vários países. Embora a Comuna não tenha sido sua Obra direta, Marx a celebrou como a primeira experiência de poder operário."
A Belle Époque (1871-1914),Evento relacionado,O caso Dreyfus (1894-1906),"Um oficial judeu, Alfred Dreyfus, foi injustamente condenado por espionagem por um estado-maior antissemita. O caso dividiu a França entre dreyfusards e antidreyfusards, revelando as tensões profundas da sociedade francesa."
A Belle Époque (1871-1914),Evento relacionado,A Conferência de Berlim (1884-1885),"Reunião das potências europeias para regular a partilha da África sem guerra entre elas. Em poucas décadas, a Europa colonizou 90% do continente africano, traçando fronteiras arbitrárias que ainda causam conflitos."
A Belle Époque (1871-1914),Conceito,O positivismo de Auguste Comte,"Filosofia segundo a qual a ciência resolverá todos os problemas humanos. Doutrina dominante da Belle Époque, explica o otimismo deste Período e seu abalo brutal pela guerra de 1914."
A batalha de Verdun (1916),Evento relacionado,A batalha do Somme (1916),Ofensiva franco-britânica lançada em 1º de julho de 1916 para aliviar Verdun. Causou 60.000 baixas britânicas apenas no primeiro dia - o dia mais mortal da história militar britânica.
A batalha de Verdun (1916),Conceito,A guerra de trincheiras,"Desde 1914, a frente ocidental tinha-se estabilizado numa rede de trincheiras do Mar do Norte à Suíça. Esta guerra de posição explica o porquê de batalhas como Verdun serem travadas em poucos quilómetros **quadrados** durante meses."
A batalha de Verdun (1916),Conceito,A artilharia pesada da Grande Guerra,"A artilharia representava 60-70% das perdas da Primeira Guerra Mundial. Os avanços técnicos desde 1870 tornaram as armas ofensivas muito mais poderosas do que as defesas, criando o impasse da guerra de trincheiras."
A Revolução Russa (1917),Personagem,Rasputin,Monge curandeiro siberiano que ganhou a influência da czarina Alexandra ao aliviar as crises de hemofilia do czarévitche Alexis. As suas alegadas interferências políticas e a sua imagem escandalosa desacreditaram profundamente a corte imperial.
A Revolução Russa (1917),Conceito,O marxismo-leninismo,"Ideologia que combina as teorias económicas de Marx (luta de classes, exploração do proletariado) e as inovações tácticas de Lénine (partido de vanguarda disciplinado, revolução organizada). É a ideologia dos bolcheviques que tomaram o poder em outubro de 1917."
A Revolução Russa (1917),Conceito,O Soviete de Petrogrado,"Conselho de delegados de operários e de soldados, eleito nas fábricas e quartéis. Em 1917, controlava realmente as ruas e o exército, criando um ""duplo poder"" instável face ao governo provisório legal."
A Grande Depressão (1929),Conceito,O padrão-ouro (Gold Standard),"Sistema monetário onde as moedas eram convertíveis em ouro a uma taxa fixa, limitando a capacidade dos Estados de criar moeda. Propagou mecanicamente a crise americana ao Mundo inteiro: quando os Estados Unidos reduziram a sua massa monetária, todos os países ligados ao ouro sofreram com isso."
A Grande Depressão (1929),Evento relacionado,O New Deal de Roosevelt (1933),"Conjunto de programas americanos que misturavam relançamento económico (grandes obras), reforma financeira (FDIC, SEC) e proteção social. Não pôs fim à crise, mas lançou as bases do Estado de Providência americano."
A Grande Depressão (1929),Conceito,A compra de ações com margem,"Prática que consiste em pedir empréstimos ao seu banco para comprar ações, apostando na sua valorização. Muito difundida nos anos 1920, ampliou a bolha e, durante o crash, forçou milhões de americanos a vender em urgência para pagar os seus empréstimos."
A batalha de Estalinegrado (1942-1943),Evento relacionado,A Operação Barbarossa (22 de junho de 1941),A invasão da URSS pela Alemanha: 3 milhões de soldados em uma frente de 3.000 km - a maior operação militar da história. O fracasso em tomar Moscou em 1941 forçou Hitler a focar seu esforço no sul e no petróleo do Cáucaso em 1942.
A batalha de Estalinegrado (1942-1943),Personagem,Friedrich Paulus,"Comandante do 6º exército alemão cercado. Hitler nomeou-o marechal de campo em 30 de janeiro de 1943 para incentivá-lo a morrer em vez de se render. Paulus capitulou no dia seguinte, tornando-se o primeiro marechal de campo alemão a ser capturado vivo."
A batalha de Estalinegrado (1942-1943),Conceito,A Operação Urano,"Contra-ofensiva soviética (19 de novembro de 1942) que cercou os 300.000 soldados do 6º exército em uma pinça gigante. Planejada por Jukhov e Vasilevski, transformou a defesa obstinada de Stalingrado em uma vitória estratégica decisiva."
Hiroshima e Nagasaki (1945),Conceito,A fissão nuclear,"Reação pela qual o núcleo de um átomo pesado (urânio 235, plutônio 239) se divide, libertando uma energia colossal e novos nêutrons que desencadeiam uma reação em cadeia. É o princípio da bomba atômica."
Hiroshima e Nagasaki (1945),Evento relacionado,A entrada em guerra da URSS contra o Japão (9 de agosto de 1945),"Stalin declarou guerra ao Japão exatamente no dia da bomba de Nagasaki, invadindo a Manchúria. Alguns historiadores acreditam que esta ameaça soviética foi tão determinante quanto as bombas na decisão da capitulação japonesa."
Hiroshima e Nagasaki (1945),Conceito,A doença das radiações (síndrome de irradiação aguda),"Síndrome causada pela exposição às radiações: náuseas, perda de cabelo, hemorragias internas, falência imunológica. Dezenas de milhares de sobreviventes morreram nas semanas seguintes desta doença ainda desconhecida pelos médicos."
Rosa Parks e Montgomery (1955),Lugar / instituição,A NAACP,"National Association for the Advancement of Colored People, fundada em 1909 para defender os direitos civis por meios legais. Rosa Parks era uma militante ativa da organização e tinha seguido formações em desobediência civil muito antes do seu gesto célebre."
Rosa Parks e Montgomery (1955),Conceito,As leis Jim Crow,"Conjunto de leis estaduais que instauraram a segregação racial no Sul americano após 1877. O seu nome provém de um personagem estereotipado de minstrel show. Organizavam uma separação total nas escolas, transportes, hospitais e todos os espaços públicos."
Rosa Parks e Montgomery (1955),Evento relacionado,Brown v. Board of Education (1954),"Acórdão do Supremo Tribunal americano declarando a segregação nas escolas públicas inconstitucional. Esta decisão deu um impulso jurídico ao movimento dos direitos civis e explica por que razão Montgomery foi, posteriormente, também contestada perante os tribunais."
A crise dos mísseis de Cuba (1962),Conceito,A destruição mútua assegurada (MAD),Doutrina nuclear segundo a qual nem os Estados Unidos nem a URSS poderiam sobreviver a uma guerra nuclear. Esta lógica de terror equilibrado dissuadia cada um de atacar e estrutura toda a dinâmica da crise de Cuba.
A crise dos mísseis de Cuba (1962),Evento relacionado,A Baía dos Porcos (abril de 1961),"Tentativa falhada de invasão de Cuba por exilados cubanos treinados pela CIA. O fracasso humilhante fragilizou Kennedy, encorajou Khrouchtchev a assumir riscos e reforçou Castro, criando as condições para a crise de 1962."
A crise dos mísseis de Cuba (1962),Referência histórica,Os mísseis Jupiter na Turquia,"Mísseis nucleares americanos instalados na Turquia em 1961, ao alcance da URSS. O acordo secreto final incluía a sua retirada discreta - concessão que Kennedy manteve secreta durante décadas para não parecer ceder à chantagem soviética."
A guerra da Argélia (1954-1962),Conceito,O estatuto de departamento francês,"Ao contrário dos protetorados (Marrocos, Tunísia), a Argélia era, desde 1848, composta por três departamentos franceses. Qualquer independência equivalia, portanto, juridicamente a uma amputação do território nacional - daí a intensidade do conflito política na metrópole."
A guerra da Argélia (1954-1962),Evento relacionado,O golpe dos generais (abril de 1961),"Tentativa de golpe de Estado por quatro generais opostos à independência. De Gaulle esmagou-o em quatro dias graças a um discurso radiofónico. Foi seguido pela criação da OAS, organização terrorista pró-Argélia francesa."
A guerra da Argélia (1954-1962),Referência histórica,Os pieds-noirs,"Apelido dos colonos de origem europeia instalados na Argélia. Cerca de um milhão deles tiveram de deixar o país em 1962 em condições traumáticas, abandonando os seus lares sob a ameaça 'a mala ou o caixão'."
A batalha de Dien Bien Phu (1954),Conceito,A guerra de guerrilha,"Estratégia das forças fracas contra um exército superior tecnicamente: evitar batalhas campais, acossar o inimigo, utilizar o terreno e o apoio popular, exaurir o adversário a longo prazo. O Viet-Minh destacou-se nela durante toda a guerra da Indochina."
A batalha de Dien Bien Phu (1954),Evento relacionado,Os acordos de Genebra (julho de 1954),"Acordos que puseram fim à guerra da Indochina: o Vietnã foi dividido no paralelo 17. Eleições de reunificação previstas para 1956 nunca foram organizadas, semeando as sementes da guerra americana que se seguiria."
A batalha de Dien Bien Phu (1954),Personagem,O general Võ Nguyên Giáp,"General em chefe do Viet-Minh, antigo professor de história autodidata em estratégia. O seu génio foi mandar transportar às costas de homens e em bicicletas dezenas de canhões pesados para as colinas que dominavam Dien Bien Phu - um feito logístico considerado impossível."
O genocídio arménio (1915-1916),Referência histórica,Os Jovens Turcos (Comité de União e Progresso),"Movimento nacionalista turco que derrubou o sultão Abdul Hamid II em 1908. O triumvirato Enver-Talaat-Cemal, nacionalistas extremistas, organizou o genocídio no contexto da guerra, num projeto de uma «Turquia etnicamente pura»."
O genocídio arménio (1915-1916),Evento relacionado,Os massacres hamidianos (1894-1896),"Primeira vaga de massacres de armênios sob o sultão Abdul Hamid II, causando entre 100 000 e 300 000 mortos. Este precedente não sancionado mostrou às futuras autoridades otomanas que tais crimes podiam ficar impunes."
O genocídio arménio (1915-1916),Conceito,A definição jurídica de genocídio,"O termo «genocídio» foi inventado pelo jurista Raphael Lemkin em 1944 precisamente a pensar nos armênios. A Convenção da ONU (1948) define-o como a intenção de destruir «no todo ou em parte» um grupo nacional, étnico, racial ou religioso."
A criação da ONU (1945),Evento relacionado,A conferência de Yalta (fevereiro de 1945),"Reunião entre Roosevelt, Churchill e Estaline que lançou as bases da ordem mundial do pós-guerra: partilha da Europa em zonas de influência, condições da entrada soviética contra o Japão, estrutura da ONU a criar."
A criação da ONU (1945),Conceito,O direito de veto no Conselho de Segurança,Cada um dos 5 membros permanentes pode bloquear qualquer resolução do Conselho por um simples voto «não». Este mecanismo paralisou o Conselho durante a Guerra Fria e continua com a Rússia e a China em numerosas crises contemporâneas.
A criação da ONU (1945),Lugar / instituição,O Tribunal Internacional de Justiça (TIJ),"Órgão judiciário da ONU sediado em Haia, que resolve os litígios entre Estados. Ao contrário do TPI (que julga indivíduos), ele julga Estados. As suas decisões são vinculativas, mas não possui um mecanismo de execução."
O nascimento da UE: da CECA a Maastricht,Conceito,A reconciliação franco-alemã,"Após três guerras em 70 anos, a França e a Alemanha fizeram da sua rivalidade o principal motor dos conflitos europeus. A CECA e, mais tarde, o tratado do Eliseu (1963) selaram uma amizade que se tornou o motor de toda a integração europeia."
O nascimento da UE: da CECA a Maastricht,Evento relacionado,O tratado de Maastricht (1992),"Tratado fundador da União Europeia que cria a cidadania europeia, lança o processo da moeda única (o euro em 2002), estabelece uma política externa comum e critérios rigorosos de convergência económica."
O nascimento da UE: da CECA a Maastricht,Conceito,As quatro liberdades do mercado comum,"Livre circulação de mercadorias, pessoas, serviços e capitais - fundamentos do mercado comum do tratado de Roma. Representam a integração económica mais avançada alguma vez realizada entre Estados soberanos."
O genocídio no Ruanda (1994),Evento relacionado,Os acordos de Arusha (agosto de 1993),"Acordo de paz entre o governo hutu e a Frente Patriótica Ruandesa. Os extremistas hutus, recusando qualquer partilha de poder, organizaram o genocídio para impedir a sua implementação."
O genocídio no Ruanda (1994),Lugar / instituição,A MINUAR e o general Dallaire,"A Missão da ONU comandada pelo o general canadiano Roméo Dallaire tinha 2 500 soldados no local. Dallaire alertou a ONU em janeiro de 1994 para um genocídio iminente, mas foi proibido de agir. A sua inação é hoje considerada uma falha histórica."
O genocídio no Ruanda (1994),Referência histórica,A Rádio das Mil Colinas (RTLM),"Rádio extremista hutu que, durante o genocídio, transmitia ao vivo a lista de pessoas a serem mortas e apelava ao extermínio dos tutsis, qualificados como «baratas». Constituiu uma ferramenta fundamental de coordenação dos massacres."
A queda do muro de Berlim (1989),Conceito,A Glasnost e a Perestroika,"Reformas de Gorbachev a partir de 1986: a glasnost (transparência) autorizava a crítica ao regime soviético, a perestroika (reestruturação) tentava reformar a economia. Estas desestabilizaram involuntariamente todo o bloco soviético."
A queda do muro de Berlim (1989),Evento relacionado,A Primavera de Praga (agosto de 1968),"Reforma liberal do comunismo na Tchecoslováquia, esmagada pela invasão dos tanques soviéticos. A decisão de Gorbachev de não repetir esta intervenção em 1989 foi, portanto, historicamente revolucionária."
A queda do muro de Berlim (1989),Personagem,Erich Honecker,"Secretário-geral da RDA desde 1971, tinha declarado que o Muro duraria «mais 50 ou 100 anos». Substituído a 18 de outubro de 1989, pouco antes da queda do Muro, morreu no exílio no Chile em 1994."
A Blitzkrieg (1940),Referência histórica,A linha Maginot,"Linha de fortificações construída pela França nos anos 1930 ao longo da fronteira franco-alemã. A Blitzkrieg contornou-a pelas Ardenas belgas, supostamente intransitáveis para os tanques - tornando a Maginot totalmente inútil."
A Blitzkrieg (1940),Conceito,O plano Sichelschnitt (golpe de foice),"Plano do general von Manstein: concentrar os blindados nas Ardenas para romper pelo centro e alcançar o Canal da Mancha, cercando os exércitos franco-britânicos destacados para a Bélgica. Audacioso e arriscado, este plano foi um sucesso total."
A Blitzkrieg (1940),Evento relacionado,A operação Dynamo (Dunkerque),"Evacuação marítima de 338 000 soldados franco-britânicos cercados em Dunquerque por uma frota improvisada de navios militares e civis. Este «milagre» permitiu à Grã-Bretanha prosseguir a guerra, mas deixou a França sem exército."
O Plano Marshall (1947-1952),Conceito,A doutrina Truman,Discurso de Truman (março de 1947) afirmando que os Estados Unidos apoiariam qualquer povo que resistisse à «submissão por pressões externas». Marcou o início oficial da Guerra Fria e a política de contenção do comunismo.
O Plano Marshall (1947-1952),Evento relacionado,O Kominform (1947),"Organização internacional comunista criada por Staline em resposta ao plano Marshall, para coordenar os partidos comunistas europeus. Forçou a Tchecoslováquia e a Polônia, que tinham aceitado a ajuda Marshall, a recusá-la."
O Plano Marshall (1947-1952),Conceito,O Wirtschaftswunder alemão,"«Milagre económico» da Alemanha Ocidental: entre 1950 e 1960, o seu PIB triplicou, passando de uma economia em ruínas para a primeira potência económica europeia. Em parte financiado pelo plano Marshall e favorecido pela reforma monetária de 1948."
A Guerra do Vietname (1955-1975),Conceito,A teoria dos dominós,"Teoria da política estrangeira americana segundo a qual se um país se tornasse comunista, os seus vizinhos cairiam uns atrás dos outros. Justificava o engajamento no Vietnã para «deter a progressão comunista no Sudeste Asiático»."
A Guerra do Vietname (1955-1975),Evento relacionado,A ofensiva do Tet (janeiro de 1968),"Ataque simultâneo do Viet Cong em mais de 100 cidades americanas durante o Ano Novo vietnamita. Militarmente um fracasso para Hanói, destruiu a credibilidade da administração Johnson nos Estados Unidos."
A Guerra do Vietname (1955-1975),Personagem,Ho Chi Minh,"Líder nacionalista e comunista, fundador do Viet-Minh (1941), primeiro presidente do Vietnã do Norte. A sua Legitimidade popular como libertador contra os japoneses e depois os franceses deu-lhe uma vantagem política que os Estados Unidos nunca conseguiram igualar."
O julgamento de Nuremberga (1945-1946),Conceito,Os crimes contra a humanidade,"Categoria jurídica inventada em Nuremberga para designar as perseguições e extermínios de civis. Ao contrário dos crimes de guerra, aplicam-se mesmo em tempo de paz e não prescrevem. Nuremberga distinguiu-os pela primeira vez."
O julgamento de Nuremberga (1945-1946),Conceito,A responsabilidade individual no direito internacional,Princípio estabelecido em Nuremberga: os indivíduos podem ser julgados por crimes internacionais mesmo que agissem em nome de um Estado. «Obedecer a ordens» não é uma defesa admissível - princípio fundador do direito penal internacional.
O julgamento de Nuremberga (1945-1946),Lugar / instituição,O Tribunal Penal Internacional (TPI),"Herdeira dos Princípios de Nuremberga, criada em 2002 pelo Estatuto de Roma para julgar genocídio, crimes contra a humanidade e crimes de guerra. 124 países a ratificaram, mas não os Estados Unidos, a Rússia nem a China."
A descolonização: panorama (1945-1975),Conceito,A Carta do Atlântico (1941),"Declaração conjunta Roosevelt-Churchill afirmando o direito dos povos à autodeterminação. Utilizada pelos movimentos independentistas como argumento contra os seus colonizadores, criou uma contradição ideológica que os impérios não puderam resolver."
A descolonização: panorama (1945-1975),Evento relacionado,A conferência de Bandung (1955),"Primeira reunião dos países da Ásia e da África independentes (29 nações), afirmando os princípios de não-alinhamento e de anticolonialismo. Marcou o nascimento do «Terceiro Mundo» como força política internacional."
A descolonização: panorama (1945-1975),Conceito,O neocolonialismo,"Termo que descreve as formas de dominação económica e política exercidas pelas antigas potências coloniais sobre as suas ex-colónias formalmente independentes, através de multinacionais, da dívida e de bases militares."
O apartheid e Mandela (1948-1994),Conceito,Os bantustões,«Homelands» aos quais os negros eram designados de acordo com o seu grupo étnico sob o apartheid. Estes territórios inviáveis representavam 13% do território sul-africano para 80% da população - uma segregação geográfica total.
O apartheid e Mandela (1948-1994),Evento relacionado,O massacre de Sharpeville (março de 1960),"A polícia abriu fogo contra uma manifestação pacífica contra as leis de passe, matando 69 pessoas. O choque mundial provocou a proibição do ANC e levou Mandela a criar o braço armado da resistência."
O apartheid e Mandela (1948-1994),Conceito,A Comissão de Verdade e Reconciliação (CVR),"Instituída após 1994, permitia aos autores de crimes de apartheid obter a amnistia em troca de uma confissão pública completa. Presidida por Desmond Tutu, escolheu a reconciliação nacional em vez de julgamentos."
A Revolução Cultural na China (1966-1976),Conceito,O Grande Salto Adiante (1958-1962),Programa de coletivização forçada lançado por Mao que causou a maior fome da história humana: entre 15 e 55 milhões de mortos. Seu fracasso explica o afastamento político de Mao e sua necessidade de retomar o controle via Revolução Cultural.
A Revolução Cultural na China (1966-1976),Conceito,Os Guardas Vermelhos,"Juventudes revolucionárias mobilizadas por Mao para atacar as «quatro velharias». Eles humilharam milhões de professores, médicos, intelectuais e quadros do Partido durante sessões públicas de crítica e de autoconfissão forçada."
A Revolução Cultural na China (1966-1976),Personagem,Deng Xiaoping,"Duas vezes expurgado durante a Revolução Cultural, tornou-se o verdadeiro dirigente da China após a morte de Mao (1976) e o pai das reformas económicas. O seu pragmatismo transformou a China numa potência mundial."
A Shoah: mecanismos de um genocídio,Evento relacionado,A conferência de Wannsee (janeiro de 1942),Reunião de 15 altos funcionários nazis onde foi planeada e coordenada a «Solução Final»: o extermínio sistemático dos judeus da Europa através dos campos da morte. Demonstrou que o genocídio era uma decisão de Estado organizada burocraticamente.
A Shoah: mecanismos de um genocídio,Conceito,Os Einsatzgruppen,"Unidades móveis de extermínio da SS que seguiram o exército durante a invasão da URSS. Fusilaram cerca de 1,5 milhão de judeus soviéticos. O massacre de Babi Yar (33 771 mortos em dois dias) é o exemplo mais conhecido."
A Shoah: mecanismos de um genocídio,Conceito,A «banalidade do mal» (Hannah Arendt),Conceito da filósofa desenvolvido durante o julgamento de Eichmann: os piores crimes podem ser cometidos por indivíduos comuns e burocráticos que «fazem o seu trabalho» sem refletir sobre as consequências morais dos seus atos.
O 11 de setembro de 2001,Referência histórica,A guerra soviético-afegã (1979-1989),"Os Estados Unidos armaram os mujahideen afegãos para combater os soviéticos. Estas redes islamistas, nomeadamente a de Bin Laden, formadas e financiadas durante a Guerra Fria, tornaram-se mais tarde a Al-Qaeda."
O 11 de setembro de 2001,Lugar / instituição,Al-Qaeda,Organização terrorista fundada por Osama Bin Laden em 1988 para combater os soviéticos no Afeganistão. A sua visão: uma guerra global contra o Ocidente e os regimes árabes corruptos por ele apoiados. O 11 de setembro foi a sua maior operação.
O 11 de setembro de 2001,Evento relacionado,A guerra do Iraque (2003),"Invasão americana baseada em falsas informações sobre armas de destruição em massa. Ela desestabilizou o Médio Oriente, desmantelou as estruturas estatais iraquianas e criou o vácuo no qual emergiu o Estado Islâmico (Daesh)."
A democracia ateniense,Personagem,Sólon,"Homem de Estado ateniense eleito arconte em 594 a.C. para resolver uma crise social. Ele anulou as dívidas, aboliu a escravidão por dívidas e reorganizou a cidade pela riqueza em vez do nascimento - primeiro passo para a democracia."
A democracia ateniense,Personagem,Clístenes,"Reformador ateniense (508-507 a.C.) considerado como o verdadeiro fundador da democracia. Ele reorganizou a cidade em 10 tribos geográficas mistas, quebrando as solidariedades familiares tradicionais em favor da cidadania política."
A democracia ateniense,Conceito,O ostracismo,"Procedimento ateniense pelo qual os cidadãos podiam votar para exilar durante 10 anos um homem julgado perigoso para a democracia. Os nomes eram escritos em fragmentos de cerâmica (ostrakon). Seu objetivo era preventivo, não punitivo."
A Guerra de Secessão americana (1861-1865),Evento relacionado,A Proclamação de Emancipação (1º de janeiro de 1863),"Decreto de Lincoln libertando os escravos nos Estados confederados. Ela transformou a guerra em uma cruzada moral contra a escravidão, impediu a Grã-Bretanha de reconhecer a Confederação e abriu o exército aos soldados negros."
A Guerra de Secessão americana (1861-1865),Conceito,Os direitos dos Estados vs o governo federal,Tensão fundamental da política americana: os Estados do Sul reivindicavam seu direito de decidir por si mesmos sobre a escravidão contra a autoridade federal. Esta questão estruturou a Constituição americana e continua a definir o debate político americano.
A Guerra de Secessão americana (1861-1865),Evento relacionado,A Reconstrução (1865-1877),Período de pós-guerra onde os Estados do Sul foram colocados sob controle federal militar e onde os direitos cívicos dos antigos escravos foram instaurados. Seu abandono em 1877 levou às leis Jim Crow que duraram até os anos 1960.
Porque é que o céu é azul?,Conceito,A dispersão de Rayleigh,"Fenômeno pelo qual as pequenas moléculas da atmosfera dispersam os comprimentos de onda curtos (azul, violeta) muito mais do que os longos (vermelho). Descrito por Lord Rayleigh em 1871, ele explica também por que o pôr do sol é vermelho e alaranjado."
Porque é que o céu é azul?,Conceito,O espectro visível da luz,A luz branca do sol é composta por todas as cores do arco-íris (de 380 nm para o violeta a 700 nm para o vermelho). Cada cor corresponde a um comprimento de onda diferente que interage de forma diferente com a matéria.
Porque é que sonhamos?,Conceito,O sono paradoxal (REM),"Fase de sono caracterizada por movimentos rápidos dos olhos, paralisia muscular e uma atividade cerebral intensa próxima do estado de vigília. É a fase onde ocorrem a maioria dos sonhos e onde a consolidação da memória é mais ativa."
Porque é que sonhamos?,Conceito,A teoria freudiana dos sonhos,"Para Freud (A Interpretação dos Sonhos, 1900), os sonhos exprimem desejos recalcados sob forma simbólica. Esta teoria é hoje amplamente criticada pelas neurosciences, que lhes atribuem antes um papel de consolidação memorial e emocional."
Porque é que o gelo flutua?,Conceito,As ligações de hidrogênio,"Forças de atração fracas entre moléculas de água, devidas à polaridade da molécula H₂O. Elas estabelecem-se de forma ordenada no gelo, criando uma estrutura cristalina arejada - mais volumosa que a água líquida e, portanto, menos densa."
Porque é que o gelo flutua?,Conceito,A anomalia da dilatação da água,"Ao contrário de quase todas as substâncias, a água é mais densa a 4°C do que a 0°C. Ao arrefecer de 4°C para 0°C, ela dilata-se. Esta anomalia é essencial para a vida aquática: o gelo flutua e isola a água líquida por baixo dele."
Por que a água do mar é salgada?,Conceito,O ciclo hidrológico e a acumulação de sais,"A água evapora-se dos oceanos, deixando os sais para trás. Ela cai novamente como chuva, dissolve minerais das rochas e transporta-os para os oceanos através dos rios. Este processo de acumulação dura há 4 mil milhões de anos."
Por que a água do mar é salgada?,Conceito,A circulação termoalina,"Sistema mundial de correntes oceânicas profundas impulsionado pelas diferenças de temperatura e de salinidade. A salinidade densa faz a água fria afundar, criando uma «tapete rolante» que transporta o calor ao redor do globo e regula o clima."
Por que existem estações?,Conceito,"A inclinação axial da Terra (23,5°)","O eixo terrestre inclinado em 23,5° em relação ao seu plano orbital - e não a distância ao Sol - causa as estações. A mesma inclinação aponta sempre para a estrela Polar, criando alternadamente solstícios e equinócios."
Por que existem estações?,Conceito,O periélio e o afélio,"Pontos da órbita mais próximos (périhélie, em janeiro) e mais afastados (aphélie, em julho) do Sol. A diferença de distância é de 5%, demasiado fraca para explicar as estações. Paradoxalmente, o inverno norte coincide com o périhélie."
Como os aviões voam?,Conceito,O perfil aerodinâmico,"Forma transversal da asa, com face superior curvada e face inferior mais plana. Esta assimetria força o ar a circular mais rápido por cima do que por baixo, criando uma diferença de pressão que gera a sustentação."
Como os aviões voam?,Conceito,A lei de Bernoulli,"Num fluido em movimento, onde a velocidade aumenta, a pressão diminui. O ar que circula mais rápido no extradorso da asa exerce menos pressão do que no intradorso, criando uma «aspiração» para cima que levanta o avião."
Por que bocejamos?,Conceito,A termorregulação cerebral,Teoria atual mais séria: o bocejo arrefeceria o cérebro ao inalar ar fresco e ao alongar os vasos cranianos. Isto explicaria porque bocejamos mais quando a temperatura ambiente é elevada.
Por que bocejamos?,Conceito,Os neurônios-espelho e a contagiosidade,"O bocejo contagioso está ligado aos neurones miroirs et la contagiosité que imitam os comportamentos observados. Os humanos são mais sensíveis aos bocejos das pessoas que conhecem, e as crianças autistas são menos sensíveis - prova de uma ligação com a empatia."
Como funciona a memória?,Conceito,O hipocampo,"Estrutura cerebral em forma de cavalo marinho no lobo temporal, essencial para a formação de novas memórias conscientes. A sua remoção cirúrgica (caso H.M.) resulta numa incapacidade total de formar novas memórias, sem apagar as antigas."
Como funciona a memória?,Conceito,A memória de trabalho,"Sistema cognitivo que mantém temporariamente um pequeno número de informações (7±2 elementos) disponíveis para o processamento em curso. Gerido pelo Córtex pré-frontal, é limitado em capacidade e duração (alguns segundos sem repetição)."
Por que temos arrepios?,Conceito,O sistema nervoso simpático,"Ramo do sistema nervoso autónomo que prepara o organismo para a ação («luta ou fuga»). Perante uma ameaça, desencadeia a adrenalina, acelera o coração, dilata as pupilas e contrai os músculos eretores dos pelos - os arrepios de medo."
Como o sabão mata os vírus?,Conceito,A molécula anfifílica do sabão,Molécula em que uma extremidade é hidrófila (afinidade com a água) e a outra hidrófoba (afinidade com as gorduras). Esta dupla natureza permite-lhe inserir-se nas membranas lipídicas dos vírus e desintegrá-los fisicamente.
Como o sabão mata os vírus?,Conceito,O envelope lipídico dos vírus,"Alguns vírus (coronavírus, gripe, VIH) estão rodeados por uma membrana gordurosa. É o seu ponto fraco: o sabão dissolve-a, destruindo o vírus. Os vírus sem envelope (norovírus, poliovírus) resistem melhor ao sabão."
"A descoberta da penicilina (Fleming, 1928)",Personagem,Howard Florey e Ernst Boris Chain,"Investigadores de Oxford que purificaram a penicilina a partir de 1939 e a testaram em humanos em 1941. Sem o seu trabalho, a descoberta de Fleming teria permanecido uma curiosidade de laboratório. Partilharam o Nobel de 1945 com Fleming."
"A descoberta da penicilina (Fleming, 1928)",Conceito,A resistência aos antibióticos,"Fenómeno evolutivo através do qual as bactérias desenvolvem mecanismos para resistir aos antibióticos. Prevista por Fleming já em 1945, mata hoje 1,27 milhões de pessoas por ano - uma das principais ameaças sanitárias do século XXI."
A descoberta da eletricidade e suas aplicações,Personagem,Michael Faraday,Físico britânico autodidata que descobriu a indução eletromagnética (1831): um campo magnético variável gera uma corrente elétrica. Este princípio está na base de todos os geradores e transformadores elétricos modernos.
A descoberta da eletricidade e suas aplicações,Evento relacionado,A guerra das correntes (Edison vs Tesla),"Edison defendia a corrente contínua (CC), Tesla e Westinghouse a corrente alternativa (CA). A CA venceu porque pode ser transportada por longas distâncias. Edison organizou eletrocussões públicas de animais para demonstrar a «perigosidade» da CA."
"A descoberta dos raios X (Röntgen, 1895)",Conceito,A radioatividade e os riscos precoces,Röntgen e os seus primeiros utilizadores ignoravam os perigos dos raios X. Médicos desenvolveram cancros após anos de exposição. Marie Curie morreu de uma aplasia medular causada pelos seus anos de contacto com matérias radioativas.
"A descoberta dos raios X (Röntgen, 1895)",Evento relacionado,As «pequenas Curies» durante a 1ª Guerra Mundial,"Marie Curie equipou 20 camiões de radiografia móvel que percorreram a frente francesa, salvando inúmeras vidas ao permitir localizar balas sem cirurgia exploratória. Estes veículos foram apelidados de «petites Curies»."
A descoberta do micro-ondas (por acidente),Personagem,Percy Spencer,"Engenheiro autodidata na Raytheon, órfão aos 18 meses, sem diploma. A sua curiosidade levou-o a testar os magnetrões em alimentos após sentir o seu chocolate derreter. Registou várias centenas de patentes ao longo da sua carreira."
"A teoria da gravitação (Newton, 1687)",Personagem,Johannes Kepler,"Astrónomo (1571-1630) que estabeleceu empiricamente as três leis do movimento planetário: órbitas elípticas, áreas iguais, Período ao Quadrado proporcional ao semieixo maior. Newton construiu a sua Lei de gravitação dando-lhe a explicação teórica unificadora."
"A teoria da gravitação (Newton, 1687)",Conceito,A gravitação relativista (Einstein),"A Relatividade geral (1915) superou Newton: a gravidade não é uma força, mas uma curvatura do espaço-tempo causada pela massa. Ela prevê fenómenos que Newton não consegue explicar: precessão de Mercúrio, desvio da luz, ondas gravitacionais."
A descoberta da radioatividade (Marie Curie),Personagem,Henri Becquerel,Físico francês que descobriu a radioatividade em 1896 quase por acidente: sais de urânio tinham impressionado uma placa fotográfica através de papel preto. Partilhou o Nobel de 1903 com os Curie.
A descoberta da radioatividade (Marie Curie),Conceito,A desintegração radioativa,"Fenómeno espontâneo pelo qual um núcleo atómico instável se transforma emitindo partículas (alfa, beta) ou radiações (gama). Marie Curie compreendeu que a radioatividade era uma propriedade do próprio átomo, e não uma reação química."
A invenção da Internet,Conceito,O protocolo TCP/IP,"Conjunto de regras que definem como os dados são divididos em pacotes, endereçados, transmitidos e remontados. Inventado por Cerf e Kahn (1974), é a «linguagem universal» que permite que redes heterogéneas comuniquem entre si."
A invenção da Internet,Evento relacionado,O lançamento do Sputnik (1957),"Primeiro satélite artificial soviético, o seu lançamento criou uma onda de choque nos Estados Unidos. Este receio levou à criação da ARPA e, indiretamente, da ARPANET - antecessora da Internet -, para manter comunicações descentralizadas em caso de ataque nuclear."
"A estrutura do ADN (Watson & Crick, 1953)",Personagem,Rosalind Franklin,"Cristalógrafa cuja foto 51 (clichê de difração de raios X do ADN) foi transmitida a Watson e Crick sem o seu consentimento. Ela tinha compreendido a estrutura helicoidal, mas os dados foram-lhe «emprestados». Tendo morrido em 1958, não pôde receber o Nobel de 1962."
"A estrutura do ADN (Watson & Crick, 1953)",Conceito,A replicação do ADN,Processo pelo qual a dupla hélice se desenrola e cada fita serve de molde para a síntese de uma fita complementar. Este mecanismo garante a transmissão fiel da informação genética durante cada divisão celular.
A descoberta da anestesia,Personagem,William Morton,"Dentista americano que realizou a primeira demonstração pública da anestesia com éter em 1846. Tentou patenteá-la sob um nome codificado, mas o processo era demasiado simples - espalhou-se livremente por todo o Mundo em poucos meses."
A descoberta da anestesia,Conceito,A antissepsia (Semmelweis e Lister),"Mesmo antes da anestesia, as infeções pós-operatórias matavam pacientes. Semmelweis (1847) e depois Lister (1867) impuseram a higiene: lavagem das mãos, instrumentos esterilizados. Estas duas revoluções - anestesia e antissepsia - transformaram a cirurgia."
A teoria da evolução de Darwin (1859),Personagem,Alfred Russel Wallace,Naturalista que desenvolveu independentemente uma teoria idêntica à de Darwin em 1858. A sua carta precipitou a publicação de A Origem das Espécies. A sua apresentação conjunta na Sociedade Lineana estabeleceu a sua prioridade partilhada - Wallace é frequentemente esquecido.
A teoria da evolução de Darwin (1859),Conceito,A seleção natural,"Mecanismo darwinista: os indivíduos portadores de variações vantajosas sobrevivem e reproduzem-se melhor, transmitindo esses caracteres à sua descendência. Ao longo de milénios, este processo cria adaptações e novas espécies."
O Big Bang,Conceito,A radiação cósmica de fundo (CMB),"Radiação fóssil emitida 380 000 anos após o Big Bang, quando o universo arrefeceu o suficiente. Detetada por Penzias e Wilson em 1965 (Nobel 1978), é uma das provas mais diretas do Big Bang - uma espécie de «eco» do nascimento do universo."
O Big Bang,Conceito,A expansão acelerada do universo,"Descoberta em 1998, a expansão do universo acelera em vez de abrandar. Esta aceleração é atribuída à «energia escura» (68% do conteúdo total do universo), que permanece totalmente incompreendida pela física atual."
Porque é que os vulcões entram em erupção?,Conceito,A tectónica de placas,"Teoria estabelecida nos anos 1960: a superfície terrestre está dividida em placas rígidas que se deslocam. Os vulcões formam-se nas fronteiras de placas (zonas de subducção, dorsais) ou sobre pontos quentes como o Havai."
Porque é que os vulcões entram em erupção?,Conceito,A subdução,"Processo pelo qual uma placa oceânica se afunda sob uma placa continental mais leve. Ao descer, ela funde-se e gera magma que sobe à superfície. O «anel de fogo» do Pacífico resulta da subducção em todo o redor do oceano."
Como se formam os sismos?,Conceito,A falha de San Andreas,Falha de 1 300 km que atravessa a Califórnia: a placa Pacífico desliza para noroeste em relação à placa norte-americana a 6 cm/ano. Los Angeles aproxima-se de San Francisco - serão vizinhas daqui a 15 milhões de anos.
Como se formam os sismos?,Conceito,A escala de magnitude (Richter/Momento),"Medida logarítmica da energia libertada por um sismo. Cada grau representa uma energia 31,6 vezes superior: um sismo de magnitude 8 liberta 1 000 vezes mais energia do que um de 6."
A catástrofe de Chernobil (1986),Conceito,O reator RBMK soviético,"Reator nuclear arrefecido a água e moderado a grafite. A sua conceção incluía um defeito fatal: com baixa potência, tornava-se instável e podia entrar em descontrolo. Este defeito conhecido pelos engenheiros soviéticos foi ocultado por razões ideológicas."
A catástrofe de Chernobil (1986),Conceito,A zona de exclusão de 30 km,"Zona evacuada de emergência após o acidente. Paradoxalmente, 40 anos mais tarde, tornou-se uma das mais importantes reservas naturais da Europa: a ausência total de atividade humana beneficia a fauna apesar da contaminação residual."
Porque é que a Lua não cai na Terra?,Conceito,A gravitação universal de Newton,"Qualquer massa atrai qualquer outra massa, com uma força inversamente proporcional ao quadrado da distância. A mesma força explica a queda da maçã e a órbita da Lua - Newton unificou pela primeira vez a física terrestre e celeste."
Porque é que a Lua não cai na Terra?,Conceito,As forças de maré,"Como a gravidade lunar é mais forte no lado da Terra que está virado para ela, cria marés oceânicas. Inversamente, a Terra travou a rotação lunar até à sincronização - é por isso que vemos sempre a mesma face da Lua."
Haverá vida noutros locais do Universo?,Conceito,A zona habitável (zona de Goldilocks),"Região em torno de uma estrela onde a temperatura permite que a água exista no estado líquido à superfície de um planeta. Nem demasiado perto, nem demasiado longe - «como a Caracóis de Ouro». O nosso sistema solar conta com três planetas potenciais: Vénus, Terra, Marte."
Haverá vida noutros locais do Universo?,Conceito,A equação de Drake,"Fórmula probabilística de Frank Drake (1961) para estimar o número de civilizações comunicantes na nossa galáxia. Multiplica vários fatores (estrelas, planetas habitáveis, duração das civilizações...) - todos valores muito incertos, tornando a equação mais filosófica do que científica."
O que é um buraco negro ?,Conceito,O horizonte de eventos,"«Fronteira» de um buraco negro além da qual nada pode regressar, nem mesmo a luz. Não é uma superfície física, mas um limite matemático: a velocidade necessária para escapar ultrapassa a da luz."
O que é um buraco negro ?,Conceito,A singularidade gravitacional,Ponto no centro de um buraco negro onde a densidade se torna teoricamente infinita. As equações da física conhecida deixam de funcionar nesse ponto - uma teoria quântica da gravidade (ainda não desenvolvida) seria necessária para descrever o que ali acontece.
A teoria da relatividade para todos,Conceito,E=mc²,"Equivalência entre massa e energia: uma pequena massa corresponde a uma energia enorme, amplificada pelo **Quadrado** da velocidade da luz (300 000 km/s). É o princípio da bomba atómica e da energia nuclear."
A teoria da relatividade para todos,Conceito,A dilatação do tempo,"O tempo passa mais devagar para um **Objeto** em **Movimento** rápido ou num campo gravitacional intenso. Os GPS corrigem esta **dilatação do tempo** (45 microssegundos/dia) - sem esta correção, a sua precisão degradar-se-ia 11 km por dia."
Como se formam os raios ?,Conceito,A separação de cargas em cumulonimbus,"Nas nuvens de tempestade, as correntes ascendentes fazem subir cristais de gelo e descer gotas pesadas. As suas fricções criam uma diferença de potencial de 100 a 300 milhões de volts entre a base da nuvem e o solo."
Como se formam os raios ?,Conceito,A ionização do ar,"Para que um raio se forme, o campo elétrico deve ser suficientemente intenso para arrancar eletrões das moléculas de ar, tornando-o condutor. Este canal forma-se em alguns microssegundos, aquecido a 30 000°C - cinco vezes a superfície do Sol."
Como funciona uma vacina ?,Conceito,Os linfócitos B e os anticorpos,"Glóbulos brancos que produzem anticorpos - proteínas capazes de reconhecer e neutralizar um patógeno específico. Após uma vacinação, uma parte torna-se «células de memória» que persistem, por vezes, toda a vida."
Como funciona uma vacina ?,Conceito,A imunidade de grupo,"Quando uma proporção suficiente da população está imunizada, o patógeno já não se consegue propagar e protege indiretamente as pessoas não imunizadas. O limiar varia de 80% a 95% dependendo da doença."
O que é o efeito estufa (de verdade) ?,Conceito,Os gases de efeito estufa (GEE),"Gases que absorvem a radiação infravermelha emitida pela Terra e a reemitem, aquecendo a atmosfera. Os principais: vapor de água (natural), CO₂, metano (CH₄, 80x mais potente que o CO₂ em 20 anos) e N₂O."
O que é o efeito estufa (de verdade) ?,Conceito,O albedo terrestre,"Capacidade de uma superfície de refletir a radiação solar. O gelo e a neve têm um **albedo** elevado (refletem muito), os oceanos um **albedo** baixo (absorvem mais). O degelo reduz o **albedo terrestre** global, acelerando o aquecimento."
Por que dormimos ?,Conceito,O sistema glinfático,"Rede de canais cerebrais que se abre durante o sono profundo para drenar os resíduos metabólicos do cérebro, nomeadamente as proteínas beta-amiloides associadas à doença de Alzheimer. A falta de sono crónica está correlacionada com um risco acrescido de demência."
Por que dormimos ?,Conceito,Os ritmos circadianos e a melatonina,"Relógio interno ajustado para 24 horas, regulado pelo núcleo supraquiasmático do cérebro. A melatonina, produzida à noite, sinaliza que é preciso dormir. A luz artificial noturna perturba este ritmo e degrada a qualidade do sono."
Como o cérebro armazena as memórias ?,Conceito,A potenciação de longa duração (LTP),"Reforço duradouro das sinapses entre neurónios que se ativam em conjunto: «neurons that fire together, wire together». É o mecanismo molecular da aprendizagem, envolvendo nomeadamente o recetor NMDA."
Como o cérebro armazena as memórias ?,Conceito,A memória procedimental,Forma de memória automática que permite aprender gestos e competências motoras sem esforço consciente de recordação.
Por que algumas espécies são imortais ?,Conceito,Os telómeros,"Sequências repetidas de ADN nas extremidades dos cromossomas, que se encurtam a cada divisão celular. Quando estão demasiado curtos, a célula para de se dividir e morre. A telomerase pode prolongá-los - as células cancerígenas utilizam-na para se tornarem «imortais»."
Por que algumas espécies são imortais ?,Personagem,Turritopsis dohrnii (medusa imortal),Minúscula medusa capaz de regressar ao seu estado de pólipo juvenil após o estado adulto - e de recomeçar indefinidamente. Este processo de transdiferenciação celular é único e inspira a investigação sobre a reprogramação celular.
A fotossíntese explicada de forma simples,Conceito,A clorofila,"Pigmento verde contido nos cloroplastos. Absorve a luz vermelha e azul (refletindo o verde, daí a cor das plantas) para alimentar a fase luminosa da fotossíntese."
A fotossíntese explicada de forma simples,Conceito,O ciclo de Calvin,"Fase «escura» da fotossíntese, que ocorre no estroma dos cloroplastos. Ela utiliza o ATP produzido na fase luminosa para reduzir o CO₂ atmosférico em glicose - a reação central da nutrição das plantas."
Por que as folhas mudam de cor?,Conceito,As antocianinas,"Pigmentos vermelhos e violetas sintetizados no outono nas folhas. Ao contrário dos carotenoides já presentes, as antocianinas são produzidas recentemente. O seu papel provável: proteger a folha durante a recuperação dos nutrientes antes da queda."
Por que as folhas mudam de cor?,Conceito,A zona de separação (abscisão),"Camada de células que se forma na base do pecíolo no outono, bloqueando a circulação de nutrientes. Em resposta ao encurtamento dos dias, ela desenvolve-se progressivamente até fazer cair a folha."
O que é a matéria escura?,Conceito,A curva de rotação das galáxias,"Medida da velocidade das estrelas a diferentes distâncias do centro. Segundo Newton, as estrelas periféricas deveriam girar mais lentamente. No entanto, elas giram à mesma velocidade - prova de uma massa invisível que «cola» as estrelas."
O que é a matéria escura?,Conceito,A energia escura,"Força misteriosa responsável pela aceleração da expansão do universo, representando 68% do seu conteúdo total. Distinta da matéria escura (27%), ela age como uma energia repulsiva do vácuo, ainda totalmente incompreendida."
Como funciona a eletricidade no nosso corpo?,Conceito,O potencial de ação neuronal,Sinal elétrico tudo-ou-nada desencadeado quando a despolarização de um neurónio ultrapassa um limiar. Ele propaga-se ao longo do axónio a 1 a 100 m/s conforme a mielinização. É o «clique» de informação que o neurónio envia.
Como funciona a eletricidade no nosso corpo?,Conceito,Os neurotransmissores,"Moléculas químicas libertadas na sinapse que transmitem o sinal entre neurónios. Os principais: glutamato (excitatório), GABA (inibitório), dopamina, serotonina. Os medicamentos psicoativos agem sobre estes sistemas."
Por que certos sons nos dão arrepios?,Conceito,A violação de expectativa musical,"Mecanismo chave dos arrepios: o cérebro antecipa constantemente a continuação de uma melodia. Quando esta expectativa é violada de forma satisfatória (acorde inesperado, subida repentina), uma descarga emocional ocorre."
Por que certos sons nos dão arrepios?,Conceito,A abertura à experiência (personalidade),Traço de personalidade associado à curiosidade e à apreciação da beleza. As pessoas muito «abertas» têm um córtex auditivo mais ligado às zonas emocionais e são significativamente mais suscetíveis de sentir arrepios musicais.
Por que as estações existem em outros planetas?,Conceito,"A inclinação axial de Úrano (97,8°)","O eixo de Úrano está quase deitado sobre o seu plano orbital. Cada polo recebe cerca de 42 anos de sol contínuo e depois 42 anos de escuridão total - estações extremas e de curtíssima duração, sem equivalente no nosso sistema solar."
Por que as estações existem em outros planetas?,Conceito,A excentricidade orbital de Marte,A órbita de Marte é nitidamente mais elíptica que a da Terra: a distância Sol-Marte varia de 207 a 249 milhões de km. O hemisfério sul marciano tem verões curtos e quentes e invernos longos e frios - muito mais marcados do que aqui.
"A Odisseia, Homero",Conceito,A questão homérica,Seriam a Ilíada e a Odisseia compostas por um único poeta chamado Homero ou seriam elas o resultado de uma longa tradição oral coletiva? A maioria dos investigadores pensa hoje num ou dois autores que fixaram uma tradição mais antiga.
"A Odisseia, Homero",Conceito,A fórmula homérica e a epopeia oral,"As epopeias homéricas foram compostas oralmente antes de serem escritas. As fórmulas repetidas («Aurora de dedos rosados», «Ulisses de mil ardis») facilitavam a memorização e a composição improvisada - uma Técnica estudada por Milman Parry no século XX."
"A Ilíada, Homero",Conceito,A mênis (ira) na cultura grega,"A ira de Aquiles não é uma simples emoção: é uma potência quase cósmica. A primeira palavra da Ilíada, «Mênis», anuncia este tema central. Esta ira divina, que exige reparação, desestabiliza a ordem do Mundo."
"A Ilíada, Homero",Conceito,A aristia homérica,Género literário da epopeia: uma longa sequência onde um herói realiza feitos sobre-humanos. Cada grande guerreiro da Ilíada tem a sua Aristia. Estas passagens permitiam desenvolver o carácter do herói e ligar a sua linhagem aos deuses.
"Édipo Rei, Sófocles",Conceito,O destino e o livre arbítrio na tragédia grega,A tragédia explora a tensão entre o destino inevitável (predito pelos oráculos) e as escolhas humanas. Édipo cumpre o seu destino trágico precisamente ao tentar fugir dele - paradoxo no cerne da condição humana segundo os gregos.
"Édipo Rei, Sófocles",Conceito,O complexo de Édipo (Freud),"Freud tomou emprestado o mito de Édipo para nomear o desejo inconsciente da criança pelo progenitor do sexo oposto. Este conceito psicanalítico central tem muito pouco a ver com a reflexão de Sófocles, que tratava do destino e do livre-arbítrio."
"Antígona, Sófocles",Conceito,O direito natural vs o direito positivo,"Tensão no cerne de Antígona: a lei divina e moral (enterrar os mortos) contra a lei humana de Creonte. Este conflito atravessa toda a filosofia política, de Platão a Rousseau e aos teóricos dos direitos naturais modernos."
"Antígona, Sófocles",Conceito,A hýbris na tragédia grega,"A hybris (desmedida, orgulho excessivo) é o pecado trágico grego por excelência. Creonte comete a hybris ao acreditar que a sua lei prevalece sobre a dos deuses - ele perderá tudo o que amava em punição por essa presunção."
"O Banquete, Platão",Conceito,O eros platônico,"Platão distingue o amor físico e o amor espiritual que aspira à Beleza absoluta. O discurso de Diotima descreve uma «escada do amor»: partir de um corpo belo, depois amar a beleza das almas, e finalmente a própria Beleza ideal."
"O Banquete, Platão",Conceito,O sympósion ateniense,"Banquete grego masculino a seguir ao jantar, combinando o consumo de vinho diluído e discussões intelectuais. As mulheres respeitáveis eram excluídas. É neste quadro que se desenvolvia uma grande parte da filosofia ateniense."
"A República, Platão",Conceito,A teoria das Ideias de Platão,As realidades sensíveis são cópias imperfeitas de Ideias perfeitas e eternas. A filosofia é o esforço para contemplar estas Ideias. A alegoria da caverna ilustra esta distinção fundamental entre aparências e realidade verdadeira.
"A República, Platão",Conceito,Os filósofos-reis,"Apenas o filósofo - aquele que contemplou a Ideia do Bem - está apto a governar, segundo Platão. A sua cidade ideal é uma meritocracia intelectual radical, muito distante da democracia ateniense que ele desprezava profundamente."
"A Apologia de Sócrates, Platão",Conceito,A maiêutica socrática,Método de ensino de Sócrates por meio da interrogação: fazer perguntas para levar o interlocutor a descobrir por si mesmo a verdade. Sócrates comparava-se a uma parteira que ajuda a «dar à luz» ideias já latentes na mente.
"A Apologia de Sócrates, Platão",Conceito,«Sei que nada sei»,"O oráculo de Delfos diz que Sócrates é o mais sábio dos atenienses. Sócrates conclui que é porque apenas ele sabe que nada sabe, enquanto os outros acreditam saber sem o terem verificado. Esta humildade fundamenta toda a abordagem filosófica."
"A Poética, Aristóteles",Conceito,A catarse,"Termo-chave de Aristóteles: a tragédia provoca piedade e terror que realizam uma «purificação» destas emoções no espetador. Debate de 2.500 anos: purga emocional, clarificação intelectual ou prazer estético?"
"A Poética, Aristóteles",Conceito,A mimesis aristotélica,"Para Aristóteles, a arte é imitação (mimese aristotélica) melhorada da natureza - uma imitação seletiva que mostra as coisas não como elas são, mas como poderiam ser. Ao contrário de Platão, ele vê nela um valor positivo."
"Os Trabalhos e os Dias, Hesíodo",Conceito,As cinco idades da humanidade (Hesíodo),"Hesíodo descreve cinco eras sucessivas da humanidade, cada uma pior que a anterior: idade do ouro, da prata, do bronze, dos heróis e do ferro (a nossa). É uma das primeiras visões pessimistas do curso da história humana."
"Os Trabalhos e os Dias, Hesíodo",Referência histórica,A Teogonia de Hesíodo,"O outro grande poema de Hesíodo, relatando a genealogia dos deuses gregos desde o Caos original. Estas duas obras, com Homero, constituem os textos fundadores da religião e da mitologia gregas."
"Medreia, Eurípides",Conceito,A figura do estrangeiro na tragédia grega,"Medeia é uma bárbara (da Cólquida), uma feiticeira, uma mulher - tripla alteridade na cidade grega. Eurípides utiliza esta personagem exterior para criticar os valores atenienses sobre a mulher, o casamento e a lei."
"Medreia, Eurípides",Conceito,A vingança e a honra no mundo grego,"A honra (timè) era um valor fundamental na Grécia. Uma traição exigia reparação. Medeia não pode aceitar a desonra de ser repudiada: a sua vingança segue uma lógica de reciprocidade que, levada ao extremo, se torna monstruosa."
"Os Miseráveis, Victor Hugo",Conceito,O degredo e o sistema penal no século XIX,"Os presídios de Toulon, Brest e Rochefort eram lugares de trabalhos forçados onde os condenados enfrentavam condições de vida desumanas, ilustrando a severidade de uma justiça que criminalizava a pobreza."
"Os Miseráveis, Victor Hugo",Personagem,O inspetor Javert,"Policial incorruptível e legalista que persegue Valjean toda a sua vida. Nascido na prisão de uma mãe prostituta, ele fez da Lei a sua única religião. Representa o rigor cego de uma justiça sem misericórdia nem possibilidade de redenção."
"Madame Bovary, Flaubert",Conceito,O bovarismo,"Estado de insatisfação crónica nascido da desproporção entre os sonhos alimentados pelo imaginário (leituras, fantasias) e a realidade vivida."
"Madame Bovary, Flaubert",Conceito,O estilo indireto livre,"Técnica narrativa que permite relatar as palavras ou os pensamentos de uma personagem no estilo indireto, mas sem um verbo introdutor, criando uma confusão entre o narrador e a personagem."
"O Vermelho e o Negro, Stendhal",Conceito,O simbolismo de O Vermelho e o Negro,Debatido desde 1830: o vermelho simbolizaria o exército napoleónico (via de sucesso) e o negro a batina sacerdotal (a outra via sob a Restauração). Julien Sorel navega entre estes dois caminhos - nenhum lhe convém verdadeiramente.
"O Vermelho e o Negro, Stendhal",Referência histórica,A Restauração francesa (1815-1830),"Período em que os Bourbons foram restaurados no trono após Waterloo. A sociedade era dominada pela nobreza e pela Igreja, hostil aos valores revolucionários. Stendhal via nela uma sociedade de hipocrisia e de mediocridade provincial."
"Cândido, Voltaire",Conceito,O otimismo de Leibniz,"Filosofia segundo a qual Deus criou o melhor dos mundos possíveis e que o mal aparente serve um bem superior. Voltaire escreve Cândido em resposta, nomeadamente ao sismo de Lisboa (1755) que matou 60 000 pessoas em poucos minutos."
"Cândido, Voltaire",Conceito,A filosofia das Luzes,"Movimento intelectual do século XVIII fundado na razão, na crítica dos preconceitos e no progresso. Voltaire, Rousseau, Diderot, Hume, Kant puseram em causa a autoridade religiosa e política - preparando intelectualmente as revoluções futuras."
"As Confissões, Rousseau",Conceito,O rousseauismo e o «bom selvagem»,"Rousseau postulava que o homem é naturalmente bom e que é a sociedade que o corrompe. Esta ideia, oposta a Hobbes, influenciou profundamente a Revolução Francesa e o romantismo."
"As Confissões, Rousseau",Personagem,Mme de Warens,"Mulher da nobreza saboiana que acolheu o jovem Rousseau aos 16 anos, converteu-o ao catolicismo e tornou-se a sua protetora e depois sua amante. Rousseau chama-lhe «Mamã» em As Confissões, misturando afeição filial e relação amorosa."
"O Estrangeiro, Camus",Conceito,O absurdo em Camus,"Sentimento nascido do choque entre o desejo humano de sentido e o silêncio do universo. Camus não vê o absurdo como uma verdade cósmica, mas como uma experiência vivida - a resposta não é o suicídio, mas a revolta lúcida e consciente."
"O Estrangeiro, Camus",Referência histórica,A Argélia colonial como contexto,O Estrangeiro passa-se na Argélia francesa dos anos 1940. O árabe que Meursault mata permanece sem nome no romance - crítica pós-colonial fundamental: o romance reproduziria a invisibilidade dos árabes na literatura colonial francesa.
"O Mito de Sísifo, Camus",Conceito,A revolta absurda,"Atitude que consiste em viver ao máximo da sua consciência, recusando qualquer esperança de sentido transcendente, transformando assim a finitude em liberdade."
"O Mito de Sísifo, Camus",Conceito,O «salto» filosófico (Kierkegaard),Camus critica o «salto» que certos filósofos dão perante o absurdo: saltar para a fé (Kierkegaard) ou para a esperança revolucionária (Marx). Estes «suicídios filosóficos» evitam o absurdo em vez de o enfrentar honestamente.
"Em Busca do Tempo Perdido, Proust",Conceito,A memória involuntária,"Uma recordação desencadeada subitamente por uma sensação (paladar, olfato) ressuscita um passado vivido na sua integridade afetiva, ao contrário da memória voluntária, fria e intelectual. A madalena é o exemplo canónico disso."
"Em Busca do Tempo Perdido, Proust",Conceito,O tempo recuperado pela arte,"No último volume, o narrador compreende que apenas a arte pode arrancar os momentos vividos à destruição do tempo. A literatura pode devolver o passado - é a justificação de toda a Busca e a sua revelação final."
"O Pai Goriot, Balzac",Conceito,A Comédia Humana de Balzac,Projeto de 90 romances e contos interligados que descrevem a totalidade da sociedade francesa. As personagens regressam de um romance para o outro - uma inovação então inédita. Rastignac aparece em cerca de vinte obras do ciclo.
"O Pai Goriot, Balzac",Personagem,Vautrin (Jacques Collin),"Presidiário evadido e génio do crime, ele é o mentor cínico de Rastignac. Personagem recorrente da Comédia Humana, ele representa a sociedade fora da lei - poderosa, lúcida e sem ilusões sobre o mundo respeitável."
"As Flores do Mal, Baudelaire",Conceito,O simbolismo e a herança de Baudelaire,"Baudelaire é o pai do simbolismo: procurava não descrever o real, mas sugerir correspondências secretas entre sensações, emoções e ideias. Verlaine, Rimbaud e Mallarmé, e depois todo o século XX poético, reivindicam a sua influência."
"As Flores do Mal, Baudelaire",Conceito,O «spleen» baudelairiano,"Tédio cósmico, sentimento da inanidade do mundo, incapacidade de encontrar sentido ou alegria - face a um ideal inacessível. O spleen e o ideal são os dois polos opostos entre os quais oscila toda a poética de As Flores do Mal."
"1984, George Orwell",Conceito,A novilíngua (Newspeak),"Língua oficial da Oceânia cujo objetivo é tornar o pensamento dissidente impossível, eliminando as palavras que permitiriam formulá-lo. Quanto mais o vocabulário se reduz, mais as ideias complexas se tornam impensáveis."
"1984, George Orwell",Referência histórica,O totalitarismo soviético como modelo,"Orwell tinha observado o estalinismo em Espanha durante a guerra civil e vivido o blitz em Londres. 1984 inspira-se em Estaline, mas encarna um totalitarismo universal: a pretensão de controlar não apenas os corpos, mas a própria realidade («2+2=5»)."
"A Revolução dos Bichos, George Orwell",Conceito,A alegoria da Revolução Russa,"Velho Major = Marx/Lênin, Napoleão = Staline, Bola de Neve = Trotski, Garganta = a propaganda. Os mandamentos progressivamente modificados ilustram a traição dos ideais revolucionários pela burocracia no poder."
"A Revolução dos Bichos, George Orwell",Conceito,O estalinismo,"Regime soviético sob Staline (1924-1953) : culto da personalidade, terror político (Gulag, grandes expurgos), economia planejada, coletivização forçada. A Fazenda foi escrita em 1943-1944, quando a URSS era a aliada da Grã-Bretanha."
"Hamlet, Shakespeare",Conceito,A vingança e a honra elisabetana,A vingança é um tema central do teatro elisabetano. Um homem de honra devia vingar a ofensa à sua família - mas este dever entrava em conflito com a lei e a moral cristã. Este paradoxo alimenta a hesitação fundamental de Hamlet.
"Hamlet, Shakespeare",Conceito,A melancolia no século XVI,"No tempo de Shakespeare, a melancolia era um «humor» médico (bílis negra) associado às pessoas de espírito, à criatividade e à inação. A hesitação de Hamlet corresponde a este diagnóstico médico da época, que explica a sua incapacidade de agir."
"Romeu e Julieta, Shakespeare",Conceito,O amor cortês medieval,Tradição literária que glorifica o amor secreto e sofredor de um cavaleiro por uma dama (frequentemente casada). Romeu começa a peça neste papel estereotipado (apaixonado por Rosalina) antes que o seu amor por Julieta se torne real e trágico.
"Romeu e Julieta, Shakespeare",Referência histórica,A fonte italiana da narrativa,"Romeu e Julieta é baseado numa novela de Matteo Bandello (1554), ela própria inspirada em narrativas anteriores. Shakespeare adaptou-a comprimindo o tempo (de meses para alguns dias) para intensificar a fatalidade da tragédia."
"Admirável Mundo Novo, Aldous Huxley",Conceito,O fordismo e o taylorismo,Métodos de organização industrial que racionalizaram a produção pela divisão extrema das tarefas e pela linha de montagem. Huxley aplica-os à reprodução e ao condicionamento humanos - Ford é a divindade do romance.
"Admirável Mundo Novo, Aldous Huxley",Conceito,O soma,Droga fictícia do romance que traz felicidade e esquecimento sem efeitos secundários. Simboliza todas as formas de dependência química ou tecnológica que permitem aos indivíduos suportar uma existência vazia de sentido - antecipação das redes sociais.
"Frankenstein, Mary Shelley",Conceito,A responsabilidade do criador (Prometeu moderno),"Subtítulo do romance: «O Prometeu moderno». Victor Frankenstein cria algo extraordinário sem aceitar as consequências. O verdadeiro monstro talvez não seja a criatura, mas o seu criador que o abandona logo ao nascer."
"Frankenstein, Mary Shelley",Evento relacionado,O «ano sem verão» (1816),"A erupção do Tambora em 1815 projetou cinzas que escureceram a atmosfera mundial, causando um verão glacial na Europa em 1816. Foi neste contexto apocalíptico que Mary Shelley (18 anos) escreveu Frankenstein durante uma estadia à beira do lago Léman."
"Crime e Castigo, Dostoiévski",Conceito,O niilismo russo dos anos 1860,Movimento intelectual que rejeita qualquer autoridade moral e religiosa em nome da razão e da ciência. Niilistas reais assassinaram o czar Alexandre II em 1881. Raskólnikov encarna uma versão trágica e individualizada desta ideologia.
"Crime e Castigo, Dostoiévski",Conceito,A redenção pelo sofrimento,"Tema central de Dostoiévski: é o sofrimento aceito e a humilhação voluntária que purificam a alma. Raskólnikov curar-se-á não pela razão, mas pela confissão humilhante e pelo amor de Sônia, figura do sacrifício crístico."
"O Processo, Kafka",Conceito,O kafkiano,"Adjetivo que entrou em todas as línguas para descrever uma situação burocrática absurda onde um indivíduo é esmagado por um sistema impessoal e incompreensível, sem recurso possível. Frequentemente precede o conhecimento do próprio romance."
"O Processo, Kafka",Conceito,A culpa existencial,"Josef K. é talvez culpado simplesmente por existir, num mundo cujas regras são incompreensíveis. Esta leitura existencial de Kafka influenciou Sartre e Camus nas suas próprias explorações da condição humana."
"Dom Quixote, Cervantes",Conceito,A metaficção e a reflexividade narrativa,"Dom Quixote é um dos primeiros romances a comentar-se a si próprio: na segunda parte (1615), os personagens leram a primeira parte (1605) e discutem-na. Este jogo com a realidade do romance antecipa o pós-modernismo literário em vários séculos."
"Dom Quixote, Cervantes",Evento relacionado,A batalha de Lepanto (1571) e o cativeiro de Cervantes,"Cervantes combateu em Lepanto e foi ferido (perdendo o uso da sua mão esquerda). Capturado por piratas em 1575, foi escravo em Argel durante cinco anos. Estas experiências forjaram o escritor e alimentam o humor e a profundidade do romance."
"As Vinhas da Ira, Steinbeck",Evento relacionado,O Dust Bowl (1930-1936),"Catástrofe agrícola nas Grandes Planícies causada pela seca e por práticas agrícolas destrutivas. Tempestades de poeira escureceram o céu até Nova York, forçando centenas de milhares de famílias (os «Okies») ao êxodo para a Califórnia."
"As Vinhas da Ira, Steinbeck",Conceito,O movimento operário americano dos anos 1930,"A Grande Depressão radicalizou os trabalhadores americanos: ascensão do CIO, greves massivas, socialismo. O romance de Steinbeck inscreve-se neste contexto de luta social que influenciou o New Deal de Roosevelt."
"O Sol é para Todos, Harper Lee",Conceito,As leis Jim Crow e o Sul segregacionista,As leis Jim Crow (1877-1965) organizavam a segregação no Sul. Um homem negro acusado por uma mulher branca estava praticamente condenado de antemão pelos júris exclusivamente brancos - realidade central da justiça do romance.
"O Sol é para Todos, Harper Lee",Personagem,Atticus Finch,"Advogado fictício que se tornou o arquétipo da integridade moral americana. A sua defesa de Tom Robinson, que ele sabe ser inocente mas não pode salvar, ilustra a tragédia de uma sociedade onde a lei e a justiça não coincidem."
"O Grande Gatsby, Fitzgerald",Conceito,O Sonho Americano e a sua corrupção,"O romance é a crítica mais famosa do Sonho americano: a ideia de que alguém pode ascender apenas pelo mérito. Gatsby é bem-sucedido, mas descobre que a classe social e o passado são intransponíveis - as velhas fortunas desprezam as novas."
"O Grande Gatsby, Fitzgerald",Referência histórica,A Lei Seca (1920-1933),Interdição constitucional da fabricação e venda de álcool. Ela gerou a criminalidade organizada e permitiu que homens como Gatsby fizessem fortuna rapidamente através do contrabando - a fachada brilhante de uma época moralmente corrompuda.
"O Senhor dos Anéis, Tolkien",Conceito,A subcriação tolkieniana,Tolkien desenvolveu o conceito de «subcriação»: o escritor cria um mundo secundário com as suas próprias leis e coerência interna. O leitor entra nele através da «fé secundária» - suspensão voluntária da descrença. Tolkien via nisso um ato quase divino.
"O Senhor dos Anéis, Tolkien",Referência histórica,As mitologias nórdicas e anglo-saxónicas,"Tolkien, professor de inglês antigo em Oxford, inspirou-se profundamente em Beowulf, na Edda nórdica e no Kalevala finlandês. O seu objetivo declarado: criar uma mitologia para a Inglaterra, que não possuía uma como a Grécia ou a Escandinávia."
"Fahrenheit 451, Bradbury",Conceito,O macartismo (1950-1954),"Período de caça às bruxas anticomunista. Artistas e escritores foram colocados na lista negra. Bradbury preocupava-se com a censura pelo medo, com a pressão social e política sobre o pensamento - muito mais do que com a censura pelos próprios livros."
"Fahrenheit 451, Bradbury",Conceito,A sociedade do entretenimento e a atenção fragmentada,"Bradbury antecipava a autocensura através do entretenimento: pessoas tão saturadas de meios de comunicação rápidos que já não têm vontade de ler. As «salas» (paredes-ecrãs) do romance antecipam a televisão e, mais tarde, os smartphones."
"Cem Anos de Solidão, García Márquez",Conceito,O realismo mágico,"Estilo literário que apresenta eventos mágicos com o mesmo naturalismo que os acontecimentos reais, sem surpresa nem explicação. Originário de uma tradição da América Latina onde o maravilhoso faz parte da vida quotidiana."
"Cem Anos de Solidão, García Márquez",Referência histórica,"A United Fruit Company e as ""repúblicas bananeiras""",A companhia bananeira do romance faz referência à United Fruit Company americana que dominou economicamente vários países da América Central. Um massacre de trabalhadores grevistas causado por ela inspirou uma cena chave do romance.
O Renascimento italiano,Conceito,O humanismo da Renascença,"Movimento intelectual que centra a reflexão no ser humano, inspirando-se nos textos gregos e romanos redescobertos. Os humanistas (Petrarca, Erasmo) valorizavam a educação liberal, a dignidade humana e o desenvolvimento das faculdades individuais."
O Renascimento italiano,Conceito,A perspectiva linear na pintura,"Técnica desenvolvida por Brunelleschi por volta de 1415: as linhas paralelas convergem para um ponto de fuga, criando uma ilusão de profundidade numa superfície plana. Esta revolução do olhar distingue radicalmente a pintura do Renascimento da arte medieval."
O nascimento do impressionismo,Conceito,O Salão oficial de Paris,"Exposição anual da Académie des beaux-arts, única vitrine da arte na França no século XIX. Ser recusado significava invisibilidade comercial."
O nascimento do impressionismo,Conceito,Os tubos de tinta e o plein air,"A invenção dos tubos de tinta metálicos (1841) permitiu aos pintores trabalhar no exterior. Sem os tubos, a tinta oxidava rapidamente. Esta inovação técnica banal foi uma condição material da revolução impressionista."
Caravaggio e o chiaroscuro,Conceito,O barroco na pintura,"Estilo artístico do século XVII caracterizado pelo movimento, o contraste dramático, a teatralidade e uma forte carga emocional visando impressionar o espectador."
Caravaggio e o chiaroscuro,Personagem,Artemisia Gentileschi,"Pintora italiana de destaque (1593-1656), discípula do caravagismo, célebre por suas cenas de força e vingança feminina de um realismo impressionante."
Rembrandt e a escola flamenga,Conceito,O Século de Ouro holandês,"No século XVII, as Províncias Unidas tornaram-se a primeira potência comercial mundial. Esta prosperidade criou uma classe média protestante abastada que queria retratos, cenas de gênero e paisagens - mercado que permitiu a Vermeer e Rembrandt existirem."
Rembrandt e a escola flamenga,Conceito,A falência de Rembrandt (1656),"Rembrandt foi à falência no auge de sua reputação, após ter gasto sem limites em coleções de arte. Seus bens foram vendidos em leilão. Esta ruína obrigou-o a pintar sob o nome de sua esposa Hendrickje e de seu filho Titus."
O cubismo: Picasso e Braque,Conceito,A arte africana e oceânica como influência,"A descoberta por Picasso das máscaras africanas por volta de 1906-1907 foi uma revelação: uma arte que não buscava imitar a realidade, mas sim dar uma representação simbólica e estrutural. Decisivo para as Demoiselles d'Avignon."
O cubismo: Picasso e Braque,Conceito,A colagem (papiers collés),"Inovação do cubismo sintético (1912): Braque e Picasso colaram pedaços de jornais e papéis de parede em seus quadros. Ao integrar fragmentos do real na **Obra** de **Arte**, eles confundiam a fronteira entre representação e realidade."
O surrealismo: Dalí e Magritte,Conceito,A psicanálise freudiana como fonte,"O **surrealismo** inspirou-se diretamente em Freud: o inconsciente como reservatório de imagens reprimidas, o sonho como via real para o inconsciente, a associação livre. André Breton encontrou-se com Freud em 1921 e queria libertar o inconsciente na **Arte**."
O surrealismo: Dalí e Magritte,Conceito,A escrita automática,"**Técnica** **surrealista**: escrever ou pintar sem controle consciente, deixando o fluxo do inconsciente expressar-se diretamente. Breton utilizou-a como ferramenta **Poética**. Dalí desenvolveu a sua própria variante pictórica com o **método paranoico-crítico**."
O expressionismo: Munch e O Grito,Conceito,"O expressionismo alemão (Die Brücke, Der Blaue Reiter)","Correntes artísticas alemãs (1905-1920) levando o expressionismo ao extremo: deformação radical das formas, cores berrantes, temas angustiantes. Kirchner, Kandinsky, Nolde reagiam à modernização e anunciavam o trauma de 1914."
O expressionismo: Munch e O Grito,Evento relacionado,A erupção do Krakatoa (1883) e o céu vermelho,A erupção catastrófica do Krakatoa projetou cinzas que coloriram o pôr do sol em vermelho sangue no **Mundo** inteiro durante meses. Munch anotou no seu diário ter visto um céu vermelho «de sangue e de fogo» - provavelmente este fenômeno.
A arte abstrata: Kandinsky e Mondrian,Conceito,A Bauhaus e a síntese arte-indústria,Escola de **Arte** e design fundada em **Weimar** em 1919 que tentou reconciliar as artes maiores e as artes aplicadas. Kandinsky e Klee lecionaram lá. A sua estética minimalista e funcional é onipresente no design contemporâneo.
A arte abstrata: Kandinsky e Mondrian,Conceito,O neoplasticismo de Mondrian (De Stijl),"Movimento neerlandês fundado em 1917: reduzir a arte aos elementos mais puros - linhas horizontais e verticais, cores primárias, branco e preto. Mondrian buscava uma linguagem visual universal além de qualquer cultura particular."
A Pop Art: Warhol e Lichtenstein,Conceito,A sociedade de consumo americana dos anos 1950-60,"Após a guerra, a economia americana produziu uma abundância inédita. A publicidade e os meios de comunicação de massa criaram uma cultura de imagens padronizadas que a Pop Art utilizou como material artístico, questionando a fronteira entre arte e produto."
A Pop Art: Warhol e Lichtenstein,Conceito,A aura e a reprodução mecanizada (Walter Benjamin),"Benjamin (1935) analisava como a reprodução técnica destrói a «aura» da obra única. Warhol radicalizou essa ideia: ao reproduzir mecanicamente imagens populares, ele questionava a própria noção de original e de autor."
O nascimento da música eletrônica,Conceito,O Theremin,"Primeiro instrumento eletrônico (1920), tocado sem contato físico: duas antenas detetam a posição das mãos e controlam a altura e o volume. Seu som etéreo foi utilizado nos filmes de terror dos anos 1950 e pelos Beach Boys."
O nascimento da música eletrônica,Conceito,A house de Chicago e o techno de Detroit,"A house (Chicago, 1984) utilizava caixas de ritmos e baixos profundos. O techno (Detroit, 1986-1988) era mais frio e mecânico. Ambos emergiram das comunidades negras e latinas marginalizadas e tornaram-se fenómenos mundiais."
Bob Dylan e a folk protest,Conceito,O folk revival americano (Woody Guthrie),Redescoberta das músicas tradicionais americanas por artistas urbanos nos anos 1950-60. Pete Seeger e Woody Guthrie fizeram do folk a banda sonora do movimento operário e dos direitos civis. Dylan foi o seu herdeiro prodígio.
Bob Dylan e a folk protest,Conceito,A música como ferramenta política,"Na tradição de Guthrie, a folk protest utilizava melodias acessíveis para difundir mensagens políticas. «Blowin' in the Wind» e «The Times They Are A-Changin'» de Dylan tornaram-se hinos do movimento dos direitos civis."
O hip-hop: nascimento de uma cultura,Conceito,A política de autoestradas de Robert Moses,"Urbanista nova-iorquino que construiu autoestradas urbanas devastando os bairros populares do Bronx nos anos 1950-60. A Cross-Bronx Expressway destruiu 60 000 habitações, criando as condições de abandono nas quais nasceu o hip-hop."
O hip-hop: nascimento de uma cultura,Conceito,O sampling musical,"Técnica que consiste em utilizar excertos de discos existentes como base para uma nova Obra. Juridicamente problemático, o sampling foi reconhecido como uma forma de criação artística legítima após longas batalhas judiciais."
A ópera de Verdi,Conceito,O Risorgimento italiano,"Movimento de reunificação nacional da Itália (c. 1815-1871). As óperas de Verdi - especialmente «Va, pensiero» de Nabucco - tornaram-se hinos nacionalistas. O próprio Verdi era um símbolo: seu nome foi usado como acrônimo para Vittorio Emanuele, Re D'Italia."
A ópera de Verdi,Conceito,A ópera seria vs a ópera buffa,"Dois géneros italianos: a opera seria (temas nobres, trágicos) e a opera buffa (temas cómicos, personagens comuns). Verdi sobressaiu na opera seria mas renovou os géneros integrando o drama psicológico realista e a tensão social."
Mozart: prodígio infantil e vida trágica,Conceito,A condição do músico no século XVIII,"Estatuto social onde o músico é considerado um doméstico ligado a um nobre ou a um prelado, devendo compor e tocar segundo os desejos do seu patrão."
Mozart: prodígio infantil e vida trágica,Referência histórica,A maçonaria e A Flauta Mágica,"A Flauta Mágica (1791) é uma alegoria maçónica: as provas iniciáticas de Tamino, a luta luz/trevas refletem os rituais e ideais maçónicos do Iluminismo aos quais Mozart aderia desde 1784."
Beethoven: génio e surdez,Conceito,A música «absoluta» vs a música programática,"A música absoluta (Beethoven) exprime emoções puras sem referência exterior. A música de programa (Berlioz, Liszt) conta uma história. Esta distinção estrutura o grande debate estético do século XIX romântico."
Beethoven: génio e surdez,Conceito,A Ode à Alegria e o hino europeu,"O último movimento da 9ª Sinfonia, sobre o poema de Schiller, tornou-se em 1985 o hino oficial da União Europeia. O universalismo da sua mensagem (fraternidade da humanidade) faz dele o símbolo do ideal europeu de unidade."
O nascimento do rock'n'roll,Conceito,A segregação na indústria musical americana,"As rádios americanas das décadas de 1940-50 recusavam-se a difundir a «race music» (blues, R&B) nas estações «brancas». O nascimento do rock'n'roll deu-se em grande parte quando artistas brancos retomaram estilos negros, levantando questões de apropriação cultural."
O nascimento do rock'n'roll,Conceito,O rhythm and blues (R&B),"Género dos anos 1940 que combina blues eletrificado, jazz e gospel, criado por artistas negros. O rhythm and blues foi a base direta do rock'n'roll: Elvis e Chuck Berry inspiraram-se nele diretamente."
Bach e a música barroca,Conceito,O contraponto e a fuga,"O contraponto é a arte de combinar várias melodias independentes segundo regras harmónicas. A fuga é a sua forma mais elaborada: um tema é exposto por diferentes vozes sucessivamente, sendo depois desenvolvido em combinações cada vez mais complexas."
Bach e a música barroca,Conceito,O temperamento igual,O «Cravo Bem Temperado» de Bach (48 prelúdios e fugas em todas as tonalidades) demonstrou que uma afinação uniforme permitia tocar em todas as tonalidades sem desafinação. Este sistema é o de todos os instrumentos modernos.
O nascimento do jazz americano,Conceito,Congo Square em Nova Orleães,"Lugar onde a lei do Louisiana autorizava os escravos a reunirem-se ao domingo para tocar e dançar. Este lugar único na América do Norte permitiu a preservação das tradições musicais africanas que, combinadas com a harmonia europeia, deram origem ao jazz."
O nascimento do jazz americano,Conceito,A improvisação no jazz,"Contrariamente à música clássica, o jazz faz da improvisação o seu coração: o músico inventa a sua linha melódica em tempo real, sobre uma grelha harmónica convencionada, em resposta aos outros. É, ao mesmo tempo, uma liberdade total e uma disciplina exigente."
O blues: raízes de toda a música moderna,Conceito,A estrutura de 12 compassos,"Arquitetura harmónica fundadora do blues: uma sequência de 12 compassos em três partes (tónica, subdominante, dominante) que se repete. Esta estrutura infinitamente variável é a grelha sobre a qual se improvisa o blues e que se reencontra no rock, no jazz e na pop."
O blues: raízes de toda a música moderna,Conceito,As blue notes,"Notas ""flexionadas"" entre duas notas da gama padrão, tocadas ligeiramente abaixo da sua altura habitual. Estas inflexões microtonais provêm da tradição vocal africana e dão ao blues o seu caráter expressivo e pungente particular."
O nascimento da fotografia,Conceito,O calótipo de William Fox Talbot,Processo fotográfico em papel (por volta de 1840) que permite fazer várias impressões a partir de um negativo - ao contrário do daguerreótipo único. É o antepassado direto da fotografia analógica utilizada até à era digital.
O nascimento da fotografia,Conceito,O impacto da fotografia na pintura figurativa,"A fotografia libertou a pintura da sua função documentária. Os pintores já não tinham de imortalizar rostos ou batalhas - a fotografia fazia-o melhor e mais barato. Esta libertação é uma das condições do impressionismo e, mais tarde, da abstração."
Charlie Chaplin e o cinema mudo,Referência histórica,Os irmãos Lumière e o cinema das origens,"O cinema nasceu em França (Lumières, 1895), mas industrializou-se nos Estados Unidos. Hollywood impôs-se nas décadas de 1910-1920 graças ao sol californiano, à diversidade das paisagens e à imigração massiva de talentos europeus."
Charlie Chaplin e o cinema mudo,Conceito,O slapstick,"Género cómico do cinema mudo baseado em gags físicos, quedas, perseguições e violência grotesca. O termo provém de um acessório de teatro. Charlot levou este género à perfeição ao adicionar-lhe profundidade emocional e crítica social."
Orson Welles e Citizen Kane,Conceito,A profundidade de campo (deep focus),"Técnica cinematográfica onde todos os planos da imagem (primeiro plano, plano médio e fundo) estão nítidos simultaneamente, permitindo uma ação complexa num único enquadramento."
Orson Welles e Citizen Kane,Personagem,William Randolph Hearst,"Magnata da imprensa americana do início do século XX, cuja vida serviu de modelo para o personagem de Charles Foster Kane."
A Nouvelle Vague francesa,Conceito,A política dos autores,"Teoria de Truffaut nos Cahiers du Cinéma (1954): o verdadeiro autor de um filme é o realizador, que exprime a sua visão pessoal. Esta teoria valorizou cineastas de Hollywood como Hitchcock ou Hawks, que a crítica académica francesa desprezava."
A Nouvelle Vague francesa,Conceito,A rodagem em cenários naturais e a câmara leve,"A Nouvelle Vague reinventou tecnicamente o cinema: câmaras portáteis ligeiras, películas rápidas que permitiam filmar sem iluminação artificial. Estas restrições orçamentais tornaram-se uma estética revolucionária - o cinema «que saiu à rua»."
"Kubrick: 2001, uma Odisseia no Espaço",Personagem,Arthur C. Clarke,Autor de ficção científica britânico que coescreveu o argumento de 2001 a partir do conto «La Sentinelle» (1948). Ele inventou o conceito de satélite geoestacionário de comunicação em 1945 - muito antes da sua realização técnica.
"Kubrick: 2001, uma Odisseia no Espaço",Conceito,A inteligência artificial e HAL 9000,"HAL 9000 é uma das primeiras representações de uma inteligência artificial consciente e conflituosa com os seus criadores. O seu antropomorfismo (voz calma, lógica implacável, autopreservação) prefigura os debates atuais sobre a segurança da inteligência artificial."
Hitchcock e o suspense,Conceito,O MacGuffin,"Termo de Hitchcock que designa o objeto que todas as personagens perseguem (a mala, os planos secretos), mas cujo conteúdo não tem qualquer importância para o espetador. O que conta é o desejo que ele suscita e a dinâmica narrativa que gera."
Hitchcock e o suspense,Conceito,A câmara subjetiva (point of view shot),"Técnica onde a câmara adota o ponto de vista de uma personagem, fazendo o espetador viver exatamente o que ela vê. Em Vertigo, as vertigens de Scottie são transmitidas por uma técnica de zoom-contra-travelling inventada para o filme."
A arquitetura gótica: as catedrais,Conceito,O arcobotante e a abóbada de ogivas,"Inovações estruturais do gótico. A abóbada de ogivas distribui o peso sobre as nervuras em vez de sobre as paredes inteiras. Os arcos botantes transferem o empuxo para o exterior, permitindo abrir as paredes em janelas sem que o edifício colapse."
A arquitetura gótica: as catedrais,Conceito,A teologia da luz (abade Suger),"Suger teorizava que a luz divina, canalizada pelos vitrais coloridos, elevava a alma até Deus. Esta «metafísica da luz» inspirou a arquitetura gótica na sua busca por janelas cada vez maiores e arcos cada vez mais altos."
O Bauhaus,Conceito,O funcionalismo no design,Princípio do Bauhaus: a forma deve seguir a função (form follows function). Um objeto bem concebido é belo porque cumpre perfeitamente o seu uso - sem ornamentos supérfluos. Este princípio estrutura o design industrial moderno.
O Bauhaus,Evento,O encerramento pelos nazis (1933),"Hitler fechou o Bauhaus em 1933, considerando a sua estética como «degenerada». Os seus professores emigraram para os Estados Unidos (Gropius para Harvard, Mies van der Rohe para Chicago), onde influenciaram profundamente a arquitetura e o design americanos."
A Mona Lisa,Conceito,O sfumato leonardiano,Técnica de Leonardo da Vinci: camadas de verniz translúcido muito finas (por vezes 40 camadas) criam transições impercetíveis entre sombra e luz. É este sfumato que torna o sorriso da Monalisa tão ambíguo e esquivo.
A Mona Lisa,Evento relacionado,O roubo da Mona Lisa (1911),"Vincenzo Peruggia, funcionário do Louvre, roubou a Monalisa e guardou-a na sua casa em Florença durante dois anos. Este roubo foi manchete no mundo inteiro e transformou a Monalisa, então pouco conhecida do grande público, no quadro mais famoso do Mundo."
"A Noite Estrelada, Van Gogh",Conceito,A arte como expressão interior,"Conceito central em Van Gogh onde a Obra não procura reproduzir a realidade física, mas as emoções e visões do pintor."
"A Noite Estrelada, Van Gogh",Evento relacionado,O drama de Arles com Gauguin,"Van Gogh convidou Gauguin para partilhar a sua casa amarela em Arles. Após dois meses de coabitação difícil, uma disputa violenta precipitou a crise de Van Gogh, que cortou a própria orelha e foi internado voluntariamente em Saint-Rémy."
"Guernica, Picasso",Evento relacionado,A guerra civil espanhola (1936-1939),Conflito entre a República espanhola e o levantamento franquista apoiado pela Alemanha nazi e pela Itália fascista. A Espanha foi o terreno de experimentação das novas táticas de bombardeamento da Segunda Guerra Mundial que estava por vir.
"Guernica, Picasso",Conceito,A Legião Condor,Unidade militar aérea da Luftwaffe enviada para a Espanha para apoiar Franco e testar as novas táticas de bombardeamento de saturação. O bombardeamento de Guernica foi a sua primeira utilização massiva contra uma cidade civil.
"A Liberdade Guiando o Povo, Delacroix",Evento relacionado,As Três Gloriosas (27-29 de julho de 1830),"Três jornadas revolucionárias que derrubaram o rei Carlos X, que pretendia suprimir a liberdade de imprensa e reduzir o direito de voto. Luís Filipe I de França subiu ao trono constitucional em seu lugar."
"A Liberdade Guiando o Povo, Delacroix",Conceito,"A Marianne, símbolo da República","Figura alegórica feminina que encarna a República Francesa desde a Revolução. O seu barrete frígio (símbolo da liberdade antiga) é o seu atributo distintivo. A Liberdade de Delacroix é a sua imagem fundadora, reproduzida em todas as câmaras municipais de França."
"A Criação de Adão, Michelangelo",Conceito,O afresco como técnica mural,"Pintura realizada sobre argamassa fresca (fresco = fresco em italiano). Os pigmentos integram-se na argamassa ao secar, tornando a cor permanente e resistente aos séculos. Michelangelo teve de trabalhar por secções diárias (giornata) de costas sobre um andaime."
"A Criação de Adão, Michelangelo",Conceito,A teoria da «capa em forma de cérebro»,"Teoria de Frank Meshberger (1990): a forma da capa vermelha que envolve Deus reproduziria exactamente o corte anatómico de um cérebro humano. Se intencional, Michelangelo teria simbolizado que Deus é uma criação do espírito humano."
"Impressão, nascer do sol, Monet",Personagem,Louis Leroy e o nascimento do termo «impressionismo»,"Crítico de arte do «Charivari», Louis Leroy escreveu em 1874 um artigo sarcástico: «Impressão, eu bem tinha a certeza!». Ele queria troçar - o termo «impressionistas» foi adotado pelos próprios artistas com orgulho, revertendo o insulto."
"Impressão, nascer do sol, Monet",Referência histórica,O porto de Le Havre industrializado no século XIX,"Le Havre era o primeiro porto comercial francês, transformado pela industrialização. Monet mostra precisamente esta modernidade industrial (vapor, guindastes, barcas) na névoa matinal - uma visão fugaz da modernidade em marcha."
"Nighthawks, Hopper",Conceito,A alienação urbana americana,"Nighthawks foi pintado em 1942, algumas semanas após Pearl Harbor. O isolamento das personagens na noite americana traduz um mal-estar profundo: o individualismo da sociedade americana, a ausência de comunidade, o vazio por trás da abundância material."
"Nighthawks, Hopper",Conceito,O diner americano,"Instituição cultural: restaurante aberto 24 horas por dia, serviço rápido no balcão, clientela anônima de passagem. Lugar de solidão coletiva por excelência, alimenta a iconografia da pintura, do cinema (filme noir) e da literatura americana."
"Les Demoiselles d'Avignon, Picasso",Conceito,O primitivismo na arte moderna,Tendência do início do século XX de procurar nas artes africanas e oceânicas uma vitalidade perdida. Picasso encontrou aí uma liberdade de representação radical que quebrou as convenções da perspectiva desde o Renascimento.
"Les Demoiselles d'Avignon, Picasso",Lugar / instituição,O Bateau-Lavoir (Montmartre),"Prédio degradado de Montmartre onde Picasso viveu e trabalhou de 1904 a 1909, cercado por artistas e poetas (Max Jacob, Apollinaire, Braque). Foi lá, em um ateliê sem água nem aquecimento, que ele pintou as Demoiselles d'Avignon."
"A Persistência da Memória, Dalí",Conceito,O tempo mole e a filosofia bergsoniana,"Bergson distinguia o tempo físico (mensurável) e o tempo vivido (subjetivo, elástico). Os relógios moles de Dalí ilustram visualmente este «tempo bergsoniano»: no sonho, o tempo dilata-se, contrai-se, perde toda a rigidez."
"A Persistência da Memória, Dalí",Lugar / instituição,Cap de Creus (Catalunha),Paisagem costeira rochosa da Costa Brava visível em diversos quadros de Dalí. As formações geológicas de granito erodido características deste cabo alimentaram o seu imaginário de formas ambíguas e fundentes.
A tragédia grega e o teatro antigo,Conceito,O coro na tragédia grega,"Grupo de 12 a 15 cidadãos que cantam, dançam e comentam a ação entre os episódios. O coro representa a voz da comunidade e oferece uma perspectiva moral sobre as ações dos heróis. O seu papel diminuiu progressivamente em Sófocles e Eurípides."
A tragédia grega e o teatro antigo,Lugar / instituição,O teatro de Epidauro,"Teatro antigo do século IV a.C., com capacidade para 14 000 espectadores. Sua acústica extraordinária (ouve-se uma moeda cair de qualquer assento) permanece misteriosa e supera as capacidades da engenharia acústica moderna."
O teatro de Shakespeare,Conceito,O Globe Theatre (1599),"Sala de teatro construída na margem sul do Tâmisa, fora dos limites da City de Londres (que proibia os espetáculos). Octogonal, aberta ao céu, acolhia 3 000 espectadores de pé («groundlings») ou sentados nas galerias cobertas."
O teatro de Shakespeare,Conceito,O verso branco (blank verse) shakespeariano,Verso de 10 sílabas não rismado (pentâmetro iâmbico) que Shakespeare usava para as personagens nobres. As personagens comuns falavam em prosa. Esta distinção social pela linguagem é uma convenção do teatro elisabetano.
A liberdade de imprensa e o fotojornalismo,Conceito,A ética do fotojornalismo,Tensão fundamental: até onde deve um fotógrafo envolver-se? Kevin Carter fotografou um abutre à espera da morte de uma criança sudanesa (1993) e foi acusado de não a ter ajudado. Recebeu o Pulitzer e suicidou-se três meses depois.
A liberdade de imprensa e o fotojornalismo,Personagem,Henri Cartier-Bresson,Fotógrafo francês fundador da agência Magnum (1947) e teórico do «momento decisivo»: o instante único onde a forma e o conteúdo coincidem perfeitamente. A sua obra com a Leica é considerada o auge do fotojornalismo humanista.
"O nascimento dos deuses gregos (Cronos, Zeus, o Olimpo)",Conceito,A Teogonia de Hesíodo,"Poema (cerca de 700 a.C.) narrando a origem e a genealogia dos deuses gregos desde o Caos. A nossa principal fonte sobre a cosmogonia grega, apresenta deuses apaixonados e violentos, submetidos como os homens às forças do destino."
"O nascimento dos deuses gregos (Cronos, Zeus, o Olimpo)",Conceito,O antropomorfismo divino grego,"Os deuses gregos são inteiramente humanos nas suas emoções (ciúme, amor, raiva), mas imortais e sobrenaturais. Xenófanes já criticava esta visão: «se os cavalos tivessem deuses, representá-los-iam como cavalos»."
Prometeu: o ladrão de fogo,Conceito,O mito prometeu na cultura moderna,"Prometeu tornou-se o símbolo da emancipação humana pelo conhecimento, desafiando os limites fixados pelos deuses. Goethe, Shelley (Frankenstein), Marx reivindicaram-no - ele encarna a modernidade rebelde contra a ordem estabelecida."
Prometeu: o ladrão de fogo,Personagem,Epimeteu (irmão de Prometeu),O seu nome significa «aquele que pensa depois». Aceitou sem refletir o presente de Pandora enviado por Zeus. A sua imprudência introduziu os males no Mundo. O par Prometeu-Epimeteu ilustra a oposição entre previdência e impulsividade.
Pandora e a caixa,Conceito,A misoginia na mitologia grega,"O mito de Pandora é frequentemente lido como uma justificativa mitológica da desconfiança dos gregos em relação às mulheres: é uma mulher que introduz o mal no Mundo, por curiosidade ou desobediência. Um mito paralelo a Eva na Bíblia."
Pandora e a caixa,Conceito,A Elpis (a Esperança),"Na versão de Hesíodo, a Esperança permanece no jarro quando Pandora o fecha. Ambiguidade fundamental: será o último dom benevolente dos deuses, ou um mal suplementar (falsa esperança, ilusão) que tortura os homens fazendo-os acreditar que as coisas vão melhorar?"
Deméter e Perséfone (as estações),Conceito,Os Mistérios de Elêusis,"Cerimónias de iniciação secretas celebradas em Elêusis durante mais de um milénio (600 a.C. - 400 d.C.). Baseadas no mito de Perséfone, prometiam aos iniciados uma vida venturosa após a morte. Platão e Marco Aurélio foram lá iniciados."
Deméter e Perséfone (as estações),Conceito,O ciclo agrícola na religião grega,"O mito de Perséfone é uma explicação mitológica do ciclo vegetativo: quando ela desce aos Infernos (outono-inverno), a terra é estéril; quando ela sobe (primavera), a vegetação renasce. A religião grega estava ligada aos ritmos agrícolas."
Orfeu e Eurídice,Conceito,A catábase: a descida aos Infernos,"Motivo mitológico recorrente: o herói desce aos Infernos vivo (Héracles, Ulisses, Eneias, Orfeu). Esta «catábase» simboliza a viagem iniciática na morte e a confrontação com o inconsciente."
Orfeu e Eurídice,Conceito,O orfismo: religião mística grega,"Corrente religiosa inspirada no mito de Orfeu, defendendo a purificação da alma e a metempsicose (transmigração das almas). Influenciou Pitágoras e Platão na sua conceção da imortalidade da alma."
Narciso e Eco,Conceito,O narcisismo em psicologia,"Termo cunhado por Freud (1914): amor excessivo de si mesmo, incapacidade de amar o Outro. No mito, Narciso não pode amar Eco porque ama apenas a sua própria imagem. Freud distinguiu o narcisismo primário (saudável) do narcisismo patológico."
Narciso e Eco,Conceito,O eco na física acústica,"Repercussão de um som numa superfície e retorno à sua origem. A palavra «eco» vem diretamente da ninfa do mito, condenada a repetir apenas as últimas palavras ouvidas. Este mito explicava aos gregos o fenómeno acústico natural."
Ícaro e Dédalo,Conceito,A hybris e o desmedido,Ícaro encarna a hybris clássica: não respeitar os limites humanos e procurar elevar-se até aos deuses. Esta transgressão é sempre punida na mitologia grega - os gregos viam na desmesura a falta trágica por excelência.
Ícaro e Dédalo,Conceito,O labirinto como símbolo,"Construção de Dédalo encerrando o Minotauro. Para além do mito, o labirinto tornou-se um símbolo universal da errância, da busca e do retorno impossível - do inconsciente ou do destino inextricável."
Sísifo: punição eterna,Conceito,O absurdo de Camus e Sísifo,"Em O Mito de Sísifo (1942), Camus escolhe este mito porque Sísifo conhece a sua sorte e continua mesmo assim. Camus conclui que «é preciso imaginar Sísifo feliz» - apenas a recusa da resignação torna o absurdo suportável."
Sísifo: punição eterna,Conceito,A húbris de Sísifo,"Sísifo foi punido por ter enganado a morte duas vezes e revelado segredos dos deuses. Na mitologia grega, os mortais que desafiavam a ordem divina ou pretendiam a imortalidade recebiam punições eternas e exemplares."
Tântalo e seu suplício,Conceito,O «suplício de Tântalo» como arquétipo,"Expressão que descreve qualquer situação em que o que se deseja está quase ao alcance, mas sempre inacessível. Este símbolo universal da frustração e da tentação atravessou todas as culturas e encontra-se nas teorias psicológicas sobre o desejo."
Tântalo e seu suplício,Conceito,"O elemento químico tântalo (Ta, 73)",Nomeado assim em 1802 por Ekeberg porque é insolúvel nos ácidos - como Tântalo que nada pode engolir. É utilizado nos condensadores dos smartphones e nas próteses médicas biocompatíveis.
Medusa e Perseu,Conceito,O Gorgoneion,"Representação da cabeça de Medusa utilizada como amuleto apotropaico (para repelir o mal) em toda a Grécia antiga. Encontrava-se nos templos, escudos, anéis, mosaicos. Passou para a arte romana e depois para os brasões medievais."
Medusa e Perseu,Conceito,"Pégaso, nascido do sangue de Medusa","Quando Perseu decapita Medusa, o cavalo alado Pégaso nasce do seu sangue. Ele será capturado por Belerofonte com a ajuda de Atena e permitir-lhe-á vencer a Quimera. Pégaso tornou-se o símbolo universal da inspiração **Poética**."
Hércules e seus 12 trabalhos,Conceito,O heroísmo grego vs o heroísmo cristão,"O heroísmo grego (Hércules, Aquiles) valoriza a força, a glória guerreira e o feito - mesmo que Hércules aja por penitência. O heroísmo cristão valoriza a humildade, o sacrifício e o sofrimento aceito. Esta tensão estrutura a cultura ocidental."
Hércules e seus 12 trabalhos,Conceito,As Colunas de Hércules,"Promontórios de Gibraltar que a tradição antiga considerava como os limites do **Mundo** conhecido. A expressão «nec plus ultra» estava associada a eles. Colombo atravessou as **Colunas de Hércules** em 1492, empurrando os limites do **Mundo** conhecido para o Ocidente."
Teseu e o Minotauro,Conceito,O labirinto de Cnossos em Creta,"Escavações revelaram em Cnossos o palácio minoico, com a sua planta complexa evocando um **Labirinto**. A civilização minoica (2700-1450 a.C.) e o seu culto ao touro estão provavelmente na origem do mito do Minotauro."
Teseu e o Minotauro,Conceito,O fio de Ariadne,"Expressão que entrou em todas as línguas para designar uma referência que permite orientar-se numa situação complexa. Ariadne dá a Teseu um fio para sair do **Labirinto** - símbolo da memória, da métis e da ajuda do **Outro**."
Ulisses e o Ciclope,Conceito,A mêtis (astúcia) na cultura grega,"Inteligência prática, astúcia, capacidade de reverter uma situação desfavorável. Ulisses encarna a **mátis** por excelência - o seu epíteto homérico é «de mil astúcias». Ela opõe-se à bié (força bruta) encarnada por Ájax."
Ulisses e o Ciclope,Conceito,Os Ciclopes na mitologia grega,"Seres de um único olho, filhos de Úrano e **Gaia**: ferreiros divinos que fabricaram o raio de **Zeus**. Em **Homero**, Polifemo e os seus semelhantes são pastores selvagens que ignoram os deuses e as **Lei**s - uma encarnação da barbárie."
Jasão e o Velo de Ouro,Conceito,A Cólquida (atual Geórgia),"Região a leste do Mar Negro, descrita nos mitos gregos como o fim do Mundo oriental. Os pastores utilizavam ali velos de ovelha para filtrar o ouro dos rios auríferos do Cáucaso - o «tosão de ouro» era talvez real."
Jasão e o Velo de Ouro,Personagem,Medeia e a traição de Jasão,"Filha do rei da Cólquida, ela traiu o seu pai e sacrificou o seu irmão por Jasão. Quando Jasão a abandonou por uma aliança política em Corinto, a sua vingança - matar os seus próprios filhos - é o ato mais terrível de toda a Mitologia grega."
Aquiles: o calcanhar e a invulnerabilidade,Conceito,O kléos (glória póstuma) grego,Valor supremo da cultura heroica: a glória imortal adquirida pelos feitos de guerra e transmitida pelos poetas. Aquiles escolhe deliberadamente uma vida curta mas gloriosa em vez de uma vida longa sem glória - escolha fundamental da ética heroica grega.
Aquiles: o calcanhar e a invulnerabilidade,Conceito,Os Mirmidões,"Guerreiros de elite de Aquiles, lendariamente criados por Zeus a partir de formigas (myrmex = formiga em grego). Na Ilíada, são os soldados mais temidos. A sua lealdade absoluta a Aquiles ilustra a ligação inquebrável entre o herói e os seus homens."
Édipo e a Esfinge,Conceito,A Esfinge na iconografia mundial,"Criatura híbrida presente em muitas culturas: Esfinge egípcia (leão, cabeça humana, símbolo real) e Esfinge grega (feminina, alada, que propunha enigmas mortais). A mesma imagem assume significados opostos conforme as culturas."
Édipo e a Esfinge,Conceito,O incesto como transgressão fundamental,"O incesto de Édipo (involuntário) representa a transgressão última da ordem social: a confusão das gerações. Para os Gregos, provocava uma mancha (miasma) que afetava toda a comunidade, visível na pestilência que atingia Tebas."
Antígona: dever familiar vs lei do Estado,Conceito,A dialética hegeliana de Antígona,"Hegel foi o primeiro (1807) a teorizar que em Antígona, os dois protagonistas têm razão segundo o seu princípio - família vs Estado, lei divina vs lei humana. Não se trata do bem e do mal, mas de dois bens incompatíveis: a definição do trágico."
Antígona: dever familiar vs lei do Estado,Evento relacionado,A Antígona de Jean Anouilh (1944),"Peça encenada em Paris sob a Ocupação nazi. Anouilh deixou a sua leitura política deliberadamente ambígua: Creonte podia representar os alemães ou Vichy, Antígona a Resistência. Ambas as partes se identificaram na obra - génio ou oportunismo?"
A guerra de Troia e o cavalo de madeira,Conceito,Troia (Hisarlik) e a arqueologia,"Schliemann localizou Troia em 1870 em Hisarlik, Turquia. As escavações revelaram nove cidades sucessivas. Troia VIIa (por volta de 1184 a.C.) apresenta vestígios de incêndio compatíveis com o relato homérico - a guerra de Troia talvez tenha ocorrido."
A guerra de Troia e o cavalo de madeira,Conceito,O retorno dos heróis (Nostoi),"Após a guerra de Troia, os heróis gregos vivem regressos trágicos: Agamemnon assassinado, Ajax morto. Apenas Menelau reencontra Helena. Estes «Nostoi» formavam um ciclo épico (hoje perdido) tão importante como a Ilíada para os gregos antigos."
Thor e Loki (mitologia nórdica),Obra,A Edda em prosa (Snorri Sturluson),"Tratado de poética e de mitologia islandês do século XIII. Embora redigido num contexto cristão, constitui a fonte mais estruturada sobre as crenças nórdicas, destinada a preservar a arte da poesia antiga."
Thor e Loki (mitologia nórdica),Conceito,O Mjolnir e a cruz suástica,"O martelo de Thor era o símbolo de proteção mais difundido na Escandinávia medieval. Ligado a um símbolo solar (suástica nórdica), foi apropriado pelos nazis no século XX - dando a este símbolo infeliz uma conotação duradoura."
Ragnarök: o fim do mundo nórdico,Conceito,"Yggdrasil, a árvore do mundo","Freixo cósmico nórdico que liga os nove mundos. As suas raízes mergulham nos reinos dos deuses, dos Gigantes e dos mortos. As Nornas (tecedeiras do destino) vivem na sua base. A árvore cósmica é um arquétipo mitológico quase universal."
Ragnarök: o fim do mundo nórdico,Conceito,O apocalipsismo comparado,"A visão do Ragnarök partilha traços com outras escatologias: o Juízo Final cristão, o Kali Yuga hindu. Estas visões apocalípticas refletem uma preocupação universal pelo fim dos tempos e, frequentemente, pelo Renascimento que se segue."
Osíris e Set (mitologia egípcia),Conceito,O conceito de Ma'at,"Princípio fundamental do pensamento egípcio: a ordem cósmica, a verdade e a justiça. O faraó era encarregado de manter a Ma'at contra o caos. Osíris preside o julgamento dos mortos pesando seu coração contra a pena de Ma'at."
Osíris e Set (mitologia egípcia),Conceito,O Livro dos Mortos,"Coletânea de fórmulas mágicas acompanhando os defuntos egípcios no além-túmulo. Guiava a alma através das provações do mundo subterrâneo, nomeadamente o julgamento perante Osíris. Certos papiros ilustrados figuram entre as mais belas obras da arte egípcia."
Gilgamesh: o primeiro herói da história,Conceito,"A civilização mesopotâmica (Sumer, Babilônia)","Conjunto das civilizações do Crescente Fértil entre os rios Tigre e Eufrates (Iraque atual). Elas inventaram a escrita cuneiforme, o direito codificado (Código de Hamurabi), a matemática sexagesimal e a astronomia."
Gilgamesh: o primeiro herói da história,Conceito,O relato do Dilúvio na Epopeia,A tabuleta XI da Epopeia contém um relato do dilúvio universal anterior ao Dilúvio bíblico: Utnapishtim constrói um barco e nele embarca todos os animais. Este paralelo estupefez os pesquisadores bíblicos quando foi descoberto em 1872.
Rômulo e Remo: a fundação de Roma,Conceito,Ab Urbe Condita (753 a.C.),"Data tradicional da fundação de Roma, calculada por Varro no século I a.C. Os romanos contavam os anos «desde a fundação da cidade» (AUC). Esta data lendária correspondia à monarquia dos sete reis de Roma."
Rômulo e Remo: a fundação de Roma,Conceito,A loba capitolina,"Estátua em bronze de uma loba amamentando Rômulo e Remo, símbolo de Roma. Durante muito tempo acreditou-se ser etrusca (século V a.C.), mas estudos recentes datam-na da Idade Média. Os gêmeos humanos foram adicionados por Pollaiolo no século XV."
Vishnu e Shiva (mitologia hindu),Conceito,O samsara e o karma,Samsara: ciclo das reencarnações da alma. Karma: lei de causalidade moral - cada ação tem consequências nas vidas futuras. Vishnu desce à Terra em avatares precisamente para restabelecer o karma cósmico perturbado.
Vishnu e Shiva (mitologia hindu),Conceito,A Bhagavad-Gita,"Texto filosófico central do hinduísmo extraído do Mahabharata: Krishna (avatar de Vishnu) explica a Arjuna o sentido do dever (dharma) e da ação desinteressada antes da batalha. Admirado por Thoreau, Emerson, Gandhi e Oppenheimer."
As Valquírias e o Valhalla,Conceito,A escatologia guerreira nórdica,Os guerreiros nórdicos procuravam morrer com as armas na mão para serem escolhidos pelas Valquírias. Morrer de doença («morte de palha») não abria as portas do Valhalla - esta visão de um paraíso guerreiro estruturava a cultura viking.
As Valquírias e o Valhalla,Referência histórica,A Cavalgada das Valquírias (Wagner),"Richard Wagner musicou a mitologia nórdica em Der Ring des Nibelungen (1848-1874). «A Cavalgada das Valquírias» está entre as obras de música clássica mais conhecidas no mundo, frequentemente associada ao cinema americano."
A Fênix através das culturas,Conceito,A Fênix na alquimia medieval,"O pássaro Fênix foi adotado pelos alquimistas como símbolo da transmutação: como ele renasce das suas cinzas, os metais vis podem ser transformados em ouro. A sua presença é recorrente na literatura hermética e esotérica."
A Fênix através das culturas,Conceito,O Fenghuang chinês,"Pássaro mitológico chinês símbolo de virtude e graça, associado à Imperatriz (como o dragão é ao Imperador). O seu reaparecimento anunciava um reinado virtuoso e justo. Ele encarna as cinco virtudes confucianas."
Os Titãs vs os Deuses (Titanomaquia),Conceito,A ordem e o caos na mitologia grega,"A Titanomaquia representa a vitória da ordem olimpiana (Zeus, a razão, a lei) sobre o caos primordial dos Titãs. Esta estrutura narrativa - combate cósmico entre ordem e caos - encontra-se em todas as grandes mitologias mundiais."
Os Titãs vs os Deuses (Titanomaquia),Conceito,Atlas carregando o céu,"Titã condenado a carregar o céu (e não a Terra, ao contrário da crença popular) sobre os seus ombros pela eternidade. O seu nome deu «Atlas» às coletâneas de mapas desde o século XVI (Mercator ilustrava-o na capa)."
Dionísio: o deus do vinho e do excesso,Conceito,O nascimento do teatro a partir de Dionísio,"As tragédias e comédias gregas nasceram dos rituais dionisíacos. Téspis (século VI) foi o primeiro a introduzir um ator distinto do coro - ato fundador do teatro ocidental. O teatro de Atenas era, ele próprio, um lugar de culto a Dionísio."
Dionísio: o deus do vinho e do excesso,Conceito,O Apolíneo e o Dionisíaco (Nietzsche),Oposição filosófica entre a ordem/razão (Apolo) e o caos/embriaguez (Dionísio) como motores da criação artística.
B,Personagem,Andrômeda,Princesa etíope salva por Perseu de um monstro marinho e tornada sua esposa.
Eneias e a fundação de Roma (Virgílio),Conceito,A pietas romana,"Virtude fundamental segundo Virgílio : devoção aos deuses, à pátria e à família. Eneias é o «piedoso Eneias» - ele escapa de Troia carregando o seu velho pai nas costas. Este valor encarna o ideal romano em oposição à hybris grega."
Eneias e a fundação de Roma (Virgílio),Conceito,A propaganda augustana,"A Eneida foi escrita a mando de Augusto para legitimar o regime imperial, inscrevendo Roma num destino divino. A linhagem de Eneias, filho de Vénus, torna-se a linhagem de César e do próprio Augusto - uma narrativa de fundação política tanto quanto literária."
Os deuses astecas e os sacrifícios humanos,Conceito,A cosmologia dos Cinco Sóis e a dívida cósmica,Os deuses tinham sacrificado o seu sangue para criar o quinto sol. Os humanos estavam em dívida perpétua e deviam reembolsar com sangue. Esta lógica de troca cósmica tornava os sacrifícios moralmente necessários na visão asteca do Mundo.
Os deuses astecas e os sacrifícios humanos,Conceito,"Huitzilopochtli, o deus solar","Deus do Sol e da guerra, protetor dos Mexica. Como o sol deve «combater» a escuridão todas as manhãs, ele precisa do sangue dos guerreiros capturados para realizar a sua jornada diária e levantar-se novamente."
O Mahabharata,Conceito,A Bhagavad-Gita como texto filosófico,"Os 18 capítulos de diálogo entre Krishna e Arjuna constituem um texto filosófico fundamental, independente do resto da epopeia. Krishna ensina a ação desinteressada (karma yoga), a devoção (bhakti) e o conhecimento (jnana) como vias de libertação."
O Mahabharata,Conceito,A oralidade e a transmissão das epopeias indianas,"Como Homero, o Mahabharata foi primeiramente uma epopeia oral memorizada e recitada por poetas. Sua transcrição estendeu-se por vários séculos. Estes textos ainda são recitados e cantados em toda a Índia, vivos como nunca."
"Lancelot, Genebra e a Távola Redonda",Conceito,O amor cortês medieval (fin'amor),"Código social que glorifica o amor secreto e inacessível de um cavaleiro por uma dama (frequentemente casada). Lancelot e Guinevere são o exemplo perfeito. Esta paixão adúltera, destruidora mas sublime, está no coração da literatura medieval."
"Lancelot, Genebra e a Távola Redonda",Conceito,A busca do Graal e o cristianismo medieval,"O Graal foi cristianizado: cálice da Última Ceia ou taça que recolheu o sangue de Cristo. A busca torna-se uma busca espiritual de pureza. Apenas Galaad - puro e sem pecado - pode alcançá-lo. Lancelot, maculado pelo seu amor por Guinevere, fracassa."
"Merlin, o Encantador",Conceito,A figura do arquimago na literatura,Merlin é o protótipo do arquimago: Gandalf (Tolkien) e Dumbledore (Rowling) são seus descendentes diretos. O velho sábio com poderes misteriosos que guia o herói é um arquétipo narrativo quase universal.
"Merlin, o Encantador",Conceito,A profecia na cultura medieval,"As profecias de Merlin compiladas por Geoffroy de Monmouth (1136) tornaram-se um gênero literário autónomo, muito popular na Idade Média. Eram reinterpretadas a cada evento política importante - como o Apocalipse de João no mundo cristão."
As Mil e Uma Noites (Sherazade),Conceito,O orientalismo europeu,"Fascinação e idealização do Oriente pelos europeus, frequentemente estereotipada. As Mil e Uma Noites, nomeadamente na tradução de Antoine Galland (1704), alimentaram este orientalismo: haréns, califas e gênios tornaram-se a imagem padrão do mundo árabe na Europa."
As Mil e Uma Noites (Sherazade),Conceito,As histórias encaixadas (narrativa moldura),"Técnica narrativa: histórias são inseridas umas dentro das outras. Herdada da tradição indiana, foi levada ao seu auge por Sherazade e influenciará Boccaccio, Chaucer, Cervantes, depois Borges e a narrativa pós-moderna."
"Sindbad, o Marujo",Conceito,As rotas comerciais árabes medievais,"Do século VII ao XIV, os mercadores árabes dominaram o comércio marítimo do Oceano Índico. As aventuras de Sindbad refletem estas redes reais, as mercadorias exóticas (especiarias, seda, porcelana) e os perigos das navegações distantes."
"Sindbad, o Marujo",Personagem,Marco Polo como paralelo ocidental,Marco Polo (1254-1324) fez a viagem inversa de Sindbad: de Veneza para a China de Kublai Khan. Seus relatos pareciam tão fabulosos quanto os de Sindbad. O Livro das Maravilhas influenciou diretamente Colombo em seus planos de viagem para a Ásia.
Os Titãs vs os Deuses: a Titanomaquia completa,Conceito,A Gigantomaquia (continuação da Titanomaquia),"Após a Titanomaquia, os Olimpianos tiveram que enfrentar os Gigantes (nascidos do sangue de Urano), quase invencíveis. Esta segunda guerra dos deuses prefigura as tensões permanentes entre a ordem olimpiana e as forças primordiais do caos."
Os Titãs vs os Deuses: a Titanomaquia completa,Personagem,Prometeu não combatente,"Prometeu não participou da Titanomaquia, tendo previsto por profecia que Zeus ganharia. Esta neutralidade preservou sua liberdade - o que lhe permitiu em seguida roubar o fogo para os humanos. Sua posição particular explica seu papel único."
Rá e a criação do mundo (Egito),Conceito,A cosmogonia heliopolitana,"Sistema teológico centrado em Heliópolis («cidade do sol»), afirmando que Atum/Rá era o deus criador primeiro. Esteve em concorrência com outros centros (Mênfis: Ptah, Tebas: Amon) cujas teologias coexistiram e se fundiram."
Rá e a criação do mundo (Egito),Conceito,O sincretismo divino egípcio,"Os deuses egípcios podiam fundir-se: Rá-Atum, Amon-Rá, Osíris-Rá. Este sincretismo permitia integrar divindades locais sem as eliminar. A religião egípcia era assim inclusiva e em perpétua evolução ao longo de 3.000 anos."
O nascimento do conflito israelense-palestino,Conceito,O sionismo,"Movimento política fundado por Theodor Herzl (L'État juif, 1896) defendendo a criação de um lar nacional judeu em resposta ao antissemitismo europeu. Ele propôs primeiramente a Argentina ou o Uganda antes de se fixar na Palestina histórica."
O nascimento do conflito israelense-palestino,Evento relacionado,A Declaração Balfour (1917),"Carta do ministro britânico Balfour prometendo o apoio britânico ao «estabelecimento de um lar nacional para o povo judeu» na Palestina, preservando simultaneamente os direitos das «comunidades não judias». Esta tensão fundadora nunca foi resolvida."
A rivalidade China–Estados Unidos,Conceito,A guerra comercial e os direitos alfandegários,"A partir de 2018, os Estados Unidos (Trump) impuseram tarifas alfandegárias massivas sobre os produtos chineses, ao que a China respondeu na mesma moeda. Esta guerra comercial traduz uma rivalidade tecnológica e geopolítica mais profunda do que as simples trocas."
A rivalidade China–Estados Unidos,Conceito,O «desacoplamento» tecnológico,Estratégia americana visando separar as cadeias de abastecimento tecnológicas entre os dois países. As sanções contra a Huawei e a proibição de vendas de semicondutores avançados para a China refletem o receio de uma utilização militar das tecnologias americanas.
As tensões em torno de Taiwan,Conceito,TSMC (Taiwan Semiconductor Manufacturing Company),Fabricante taiwanês produzindo cerca de 92% dos chips mais avançados do Mundo. Esta dependência mundial explica por que uma invasão chinesa provocaria uma catástrofe económica mundial - o «silicon shield» de Taiwan.
As tensões em torno de Taiwan,Conceito,A ambiguidade estratégica americana,"Política americana que reconhece «uma só China» sem reconhecer a soberania de Pequim sobre Taiwan, e vende armas sem prometer explicitamente uma defesa militar. Esta ambiguidade estratégica deliberada visa dissuadir a invasão ao mesmo tempo que evita provocar Pequim."
O conceito de mundo «multipolar»,Conceito,O «momento unipolar» de Krauthammer,"Krauthammer descreveu (1990) o pós-Guerra Fria como um «momento unipolar» com os Estados Unidos como única superpotência. Ele previa que isso duraria 30 a 40 anos - previsão correta, tendo o «momento unipolar» terminado por volta de 2008-2010."
O conceito de mundo «multipolar»,Conceito,Os BRICS,"Acrónimo designando Brasil, Rússia, Índia, China, África do Sul, alargado a vários países desde 2024. Este agrupamento encarna a multipolaridade: potências que recusam a ordem liberal ocidental sem formar, contudo, um bloco coerente alternativo."
O petróleo como fonte de conflitos,Conceito,A «maldição dos recursos»,"Paradoxo económico: os países ricos em recursos naturais (petróleo, diamantes) conhecem frequentemente um crescimento mais fraco e conflitos mais frequentes. A «renda» petrolífera cria Estados predadores e desencoraja a diversificação económica."
O petróleo como fonte de conflitos,Conceito,O pico do petróleo (peak oil),"Teoria de Hubbert (1956) prevendo que a produção mundial de petróleo atingiria um cume e depois declinaria. A revolução do petróleo de xisto americano adiou este limite, mas o debate sobre o esgotamento dos recursos continua a ser central."
O Canal de Suez: por que é estratégico,Conceito,A crise de Suez (1956),"Quando Nasser nacionalizou o canal, a França, a Grã-Bretanha e Israel invadiram o Egito. Sob pressão americana (Eisenhower ameaçou colapsar a libra esterlina), tiveram de se retirar - marcando o fim da potência colonial franco-britânica."
O Canal de Suez: por que é estratégico,Evento relacionado,L'Ever Given (março de 2021),"Porta-contentores de 400 m que encalhou transversalmente no canal durante 6 dias, bloqueando 400 navios. Custou 400 milhões de dólares por hora à economia mundial, ilustrando perfeitamente a importância estratégica do canal nas cadeias mundiais."
A OTAN: para que serve ainda?,Conceito,O artigo 5.º do Tratado do Atlântico Norte,"Cláusula de defesa coletiva: um ataque contra um membro é um ataque contra todos. Invocado uma única vez na história da OTAN - a 12 de setembro de 2001, após o 11 de setembro. O seu alcance exato permanece deliberadamente ambíguo."
A OTAN: para que serve ainda?,Conceito,O alargamento da OTAN para Leste,"Desde 1991, a OTAN acolheu 14 novos membros, incluindo antigas repúblicas soviéticas. A Rússia considera este alargamento como uma ameaça existencial - argumento utilizado para justificar a invasão da Ucrânia em 2022."
A ONU: poderosa ou impotente?,Conceito,A Responsabilidade de proteger (R2P),"Princípio adotado pela ONU em 2005: a comunidade internacional pode intervir num Estado soberano para proteger civis em perigo. Desenvolvido nos anos 1990 após a inação no Ruanda e na Bósnia, a sua aplicação continua muito seletiva."
A ONU: poderosa ou impotente?,Lugar / instituição,As agências especializadas da ONU,"A ONU compreende agências com mandatos precisos: OMS (saúde mundial), UNICEF (crianças), FAO (alimentação), UNESCO (cultura), ACNUR (refugiados). Estas agências obtêm frequentemente resultados concretos onde o Conselho de Segurança está bloqueado pelo veto."
A Rússia de Putin,Conceito,O KGB e o FSB,"O KGB soviético foi dissolvido em 1991 e substituído pelo FSB (interior) e pelo SVR (estrangeiro). Putin, ex-oficial do KGB em Dresden, promoveu amplamente ex-membros do KGB (os «siloviki») para cargos fundamentais do poder russo."
A Rússia de Putin,Conceito,A «democracia soberana»,"Conceito desenvolvido pelo ideólogo Vladislav Surkov: a Rússia tem a sua própria forma de democracia adaptada à sua história, não sujeita aos padrões liberais ocidentais. Crítica: este conceito justifica na verdade o autoritarismo ao rebatizá-lo como «soberania cultural»."
A guerra na Ucrânia explicada,Conceito,O memorando de Budapeste (1994),"Acordo pelo qual a Ucrânia renunciou às 1 900 ogivas nucleares soviéticas herdadas, em troca de garantias de segurança da Rússia, dos Estados Unidos e do Reino Unido. A Rússia violou-o a partir de 2014, o que assombra as discussões ucranianas sobre a segurança."
A guerra na Ucrânia explicada,Conceito,O Donbass e as repúblicas separatistas,Região industrial do leste da Ucrânia onde separatistas pró-russos proclamaram «repúblicas» com o apoio militar russo em 2014. Este conflito de «baixa intensidade» (14 000 mortos) precedeu a invasão total de 24 de fevereiro de 2022.
Como funciona o preço do petróleo?,Conceito,O mercado de futuros de petróleo,"Contratos pelos quais compradores e vendedores se comprometem com uma transação futura a um preço fixado hoje. Os especuladores sem intenção de entrega física representam a grande maioria das transações, amplificando as flutuações de preços."
Como funciona o preço do petróleo?,Evento,A revolução do petróleo de xisto americano,"Aumento massivo da produção americana no século XXI graças à fraturação hidráulica, alterando o equilíbrio geopolítico mundial da energia."
Os paraísos fiscais explicados,Conceito,O sigilo bancário suíço,"A Suíça manteve durante décadas um sigilo bancário absoluto protegendo penalmente os banqueiros que recusavam divulgar a identidade dos seus clientes. Este segredo, erodido desde 2010 sob pressão internacional, tinha feito da Suíça o primeiro paraíso fiscal mundial."
Os paraísos fiscais explicados,Conceito,Os preços de transferência,"Mecanismo de otimização fiscal: uma filial num país normal «compra» serviços a uma filial num paraíso fiscal, a preços sobrevalorizado. Os lucros transferem-se assim para a jurisdição de baixa tributação, reduzindo a fatura fiscal global."
A evasão fiscal das multinacionais,Conceito,O «duplo irlandês» (Dutch Sandwich),"Estrutura fiscal que utiliza filiais irlandesas e neerlandesas para transferir os direitos de propriedade intelectual para as Bermudas. Apple, Google e Facebook utilizaram-na até à sua eliminação progressiva (2020), pagando taxas efetivas de menos de 2%."
A evasão fiscal das multinacionais,Conceito,"O imposto mínimo global de 15% (OCDE, 2021)","Acordo assinado por 136 países para impor uma taxa mínima de 15% sobre os lucros das multinacionais, independentemente do seu país de declaração. Primeiro acordo fiscal internacional importante da História, visa pôr fim à «corrida para o fundo» fiscal."
A crise do Estado de Bem-Estar Social,Conceito,O relatório Beveridge (1942),"Documento do economista britânico Beveridge que lança os alicerces do Estado-Providência: proteção universal contra os «cinco Gigantes» (pobreza, doença, ignorância, insalubridade, ociosidade). Inspirou a criação do NHS e os sistemas sociais do pós-guerra."
A crise do Estado de Bem-Estar Social,Conceito,A reforma por repartição vs capitalização,"Por repartição: os ativos financiam os atuais reformados. Com o envelhecimento, menos ativos financiam mais reformados. Por capitalização: poupança individual sujeita às flutuações dos mercados. O debate sobre a «boa» reforma é universal nos países desenvolvidos."
As desigualdades Norte-Sul,Conceito,A «curva do elefante» (Milanovic),"Gráfico do economista Milanovic: entre 1988 e 2008, a classe média asiática e os muito ricos mundiais foram os que mais progrediram, enquanto a classe operária dos países ricos estagnou. Esta curva explica em parte a ascensão do populismo ocidental."
As desigualdades Norte-Sul,Conceito,Os termos de troca desiguais,"Os países pobres exportam matérias-primas a baixo preço e importam produtos manufaturados caros. Esta estrutura herdada do colonialismo perpetua uma dependência económica: quando as cotações das matérias-primas descem, estes países empobrecem ainda mais."
A dívida mundial,Conceito,A teoria keynesiana da dívida,"Para Keynes (1936), o Estado deve contrair empréstimos para gastar durante as recessões. A dívida pública é uma ferramenta de gestão económica, não um problema moral. Esta Teoria justifica os planos de relançamento como o New Deal ou os estímulos pós-COVID."
A dívida mundial,Conceito,A Teoria Monetária Moderna (MMT),"Abordagem que afirma que um Estado que se endivida na sua própria moeda (Estados Unidos, Japão) não pode tecnicamente falir - pode sempre criar moeda. O único risco é a inflação. Justifica défices significativos desde que a inflação permaneça controlada."
"A economia de plataforma [Uber, Airbnb...]",Conceito,O efeito de rede,"Uma plataforma torna-se mais valiosa à medida que o número de utilizadores aumenta. Facebook, Uber, Amazon: quanto mais utilizadores houver, melhor será o serviço, o que atrai ainda mais utilizadores - criando monopólios naturais quase intransponíveis."
"A economia de plataforma [Uber, Airbnb...]",Conceito,A gig economy e a uberização,"Economia do «trabalho por tarefa» onde indivíduos propõem os seus serviços através de plataformas sem contrato permanente. Fragiliza as proteções sociais tradicionais (reforma, desemprego) ao mesmo tempo que oferece flexibilidade para os trabalhadores."
O papel dos dados (o «petróleo do século XXI»),Conceito,O RGPD europeu (2018),"Regulamento Geral sobre a Proteção de Dados - a Lei mais ambiciosa de proteção de dados pessoais. Dá aos cidadãos europeus o direito de aceder aos seus dados, de os corrigir e de os eliminar. As empresas globais estão sujeitas às suas regras."
O papel dos dados (o «petróleo do século XXI»),Conceito,O capitalismo de vigilância (Zuboff),Conceito de Shoshana Zuboff: os GAFAM criaram um modelo baseado na captura de comportamentos humanos para os vender como previsões a anunciantes. O humano torna-se a «matéria-prima» de um mercado económico invisível.
A exclusão digital mundial,Conceito,O M-Pesa queniano,"Serviço de pagamento móvel (2007) que permite enviar dinheiro por SMS sem conta bancária. Tornou-se o sistema de pagamento dominante no Quénia e em vários países africanos, mostrando que os países em desenvolvimento podem «saltar» certas etapas tecnológicas."
A exclusão digital mundial,Conceito,Starlink (SpaceX),"Constelação de satélites que oferece Internet de alta velocidade em zonas sem infraestrutura terrestre. Pode transformar o acesso à Internet nas zonas rurais dos países em desenvolvimento, mas continua a ser dispendioso. Utilizado também pela Ucrânia na sua guerra contra a Rússia."
A desinformação e as fake news,Conceito,As bolhas de filtro (filter bubbles),"Os algoritmos das redes sociais personalizam os conteúdos de acordo com os gostos passados, criando ""bolhas"" onde cada utilizador apenas vê o que confirma as suas crenças. Isto polariza os debates e favorece a desinformação em grande escala."
A desinformação e as fake news,Conceito,L'Internet Research Agency (IRA) russa,"Fábrica de trolls de São Petersburgo financiada por Prigojine, empregando centenas de pessoas para criar contas falsas e manipular a opinião pública americana e europeia. Colocada em evidência durante a investigação Mueller sobre as eleições de 2016."
O buraco na camada de ozônio (e a sua recuperação),Conceito,Os clorofluorcarbonetos (CFC),"Compostos químicos sintéticos inventados na década de 1920, utilizados como refrigerantes e propulsores de aerossóis. Quimicamente estáveis, sobem para a Estratosfera onde destroem o ozono - um efeito ignorado durante décadas após a sua invenção."
O buraco na camada de ozônio (e a sua recuperação),Evento relacionado,O Protocolo de Montreal (1987),"Tratado internacional que proíbe progressivamente os clorofluorocarbonetos, ratificado por 197 países - o único tratado da História ratificado por todos os Estados-membros da ONU. Considerado o maior sucesso da diplomacia ambiental."
A crise da biodiversidade,Conceito,Os serviços ecossistémicos,"Benefícios que os ecossistemas fornecem gratuitamente: polinização, purificação da água, regulação do clima, prevenção de inundações. A Dasgupta Review (2021) estima-os em 125 biliões de dólares por ano - muito mais do que o PIB mundial."
A crise da biodiversidade,Conceito,Os pontos de não retorno ecológicos,"Limiares nos sistemas naturais para além dos quais ocorrem mudanças rápidas e irreversíveis: derretimento dos gelos árticos, morte dos recifes de coral, destruição das florestas. Ultrapassados estes pontos, o regresso ao estado anterior torna-se impossível."
A economia circular,Conceito,"A regra dos 3R (Reduzir, Reutilizar, Reciclar)","Hierarquia de gestão de resíduos por ordem de prioridade. Reduzir primeiro o consumo, depois reutilizar os produtos existentes e, em último recurso, reciclar. A ordem é crucial: a reciclagem consome muita energia e não resolve o sobreconsumo."
A economia circular,Conceito,A obsolescência programada,"Estratégia industrial que consiste em conceber produtos destinados a serem substituídos rapidamente. Apple, Samsung e muitos fabricantes de eletrónicos são acusados desta prática - peças não substituíveis, baterias não removíveis, atualizações que forçam a compra de novos aparelhos."
Por que as abelhas são vitais?,Conceito,O distúrbio do colapso das colónias,"Fenómeno documentado desde 2006: colmeias inteiras desaparecem sem explicação, com as abelhas a abandonarem a colmeia e a não regressarem. As causas são multifatoriais: pesticidas neonicotinoides, Varroa destructor, perda de habitat, agentes patogénicos combinados."
Por que as abelhas são vitais?,Conceito,Os neonicotinoides,"Pesticidas absorvidos por toda a planta, incluindo o néctar e o pólen, paralisando o sistema nervoso dos insetos. Proibidos para certas culturas na Europa desde 2018, apesar da resistência da agroindústria, continuam autorizados em muitos países."
A subida do nível das águas,Conceito,O degelo ártico e o efeito de albedo,"Ao contrário da banquise (cuja fusão não faz subir o nível das águas), o degelo da Gronelândia e da Antártida faz subir os oceanos diretamente. Além disso, a água escura que substitui o gelo branco absorve mais calor, acelerando o aquecimento."
A subida do nível das águas,Conceito,As marés de tempestade e as inundações centenárias,As tempestades combinadas com a subida do nível do mar criam «sobrelevações» temporárias muito superiores ao nível médio. Uma subida de 50 cm do nível do mar pode multiplicar por 10 a frequência de inundações que eram qualificadas de «centenárias» - eventos raros tornam-se comuns.
A IA e o emprego,Conceito,Os Luditas (1811-1816),"Operários tecelões ingleses que destruíam as máquinas de tecer mecânicas. Frequentemente caricaturados como anti-progresso, protestavam, na realidade, contra a degradação das suas condições de trabalho e salários causada pela mecanização sem proteções sociais."
A IA e o emprego,Conceito,O rendimento básico incondicional (RBI),"Pagamento regular de uma Soma fixa a todos os cidadãos, sem condições. Visto como uma resposta à automatização. Experiências na Finlândia, no Quénia e na Califórnia dão resultados encorajadores, mas a sua generalização continua a ser muito debatida economicamente."
O populismo: por que está a crescer em todo o lado?,Conceito,A clivagem cultural (valores) vs económica (classes),Inglehart e Norris mostram que o populismo é tanto cultural quanto económico: os «perdedores» da globalização e da revolução cultural encontram-se em partidos que defendem os seus valores tradicionais contra uma elite cosmopolita percebida como desprezível.
O populismo: por que está a crescer em todo o lado?,Conceito,As democracias iliberais (Orbán),"Conceito reivindicado pelo Primeiro-Ministro húngaro Viktor Orbán (2014): um regime democraticamente eleito, mas que restringe os contra-poderes (imprensa, justiça, ONG). Este modelo, praticado também por Erdogan e Modi, questiona a noção de democracia liberal."
A saúde mental como questão de sociedade,Conceito,O burn-out (esgotamento profissional),"Síndrome de esgotamento crónico causado pelo excesso de trabalho, reconhecido pela OMS desde 2019 como um fenómeno profissional. Caracteriza-se pelo esgotamento emocional, pela despersonalização e pela redução do sentimento de realização."
A saúde mental como questão de sociedade,Conceito,A hipótese smartphones e saúde mental (Haidt),O psicólogo Jonathan Haidt argumenta que a adoção em massa dos smartphones pelos adolescentes a partir de 2012 é a causa principal da epidemia de depressão e ansiedade entre os jovens. O debate científico continua vivo.
A UE: como funciona realmente?,Conceito,A Comissão Europeia e o monopólio de iniciativa legislativa,"Apenas a Comissão Europeia (não eleita, nomeada pelos governos) pode propor leis europeias. O Parlamento eleito pode emendar ou rejeitar, mas não pode ele próprio propor legislação. Este défice democrático é uma das principais críticas estruturais à UE."
A UE: como funciona realmente?,Conceito,A unanimidade no Conselho da UE,"Em muitas áreas (fiscalidade, política externa), as decisões exigem a unanimidade dos 27 Estados-membros. Um único Estado pode bloquear — o que torna a UE difícil de governar em situações de crise e explica a lentidão na tomada de decisões, frequentemente criticada."
A liberdade de imprensa no mundo,Lugar / instituição,Repórteres Sem Fronteiras (RSF),"ONG fundada em 1985 que publica anualmente o Ranking Mundial da Liberdade de Imprensa, avaliando 180 países. O seu índice de 2024 coloca a Noruega no topo e a Coreia do Norte e a Eritreia no fim da lista."
A liberdade de imprensa no mundo,Conceito,A concentração mediática e a independência editorial,"Em muitas democracias, multimilionários (Murdoch, Bolloré) compraram meios de comunicação social, levantando questões sobre a sua independência. Em França, em 2024, a grande maioria da imprensa pertence a uma dúzia de multimilionários."
As migrações climáticas,Conceito,O vazio jurídico do «refugiado climático»,A Convenção de Genebra não reconhece as deslocações climáticas como motivo de asilo. As pessoas que fogem de A subida do nível do mar não têm qualquer proteção jurídica internacional - um dos projetos mais urgentes do direito internacional atual.
As migrações climáticas,Evento relacionado,As Maldivas e as nações em perigo de extinção,"As ilhas Maldivas, com uma altitude máxima de 1,5 m, estão ameaçadas de extinção neste século. O governo maldiviano comprou terras na Austrália como plano B de relocalização nacional - um caso único e trágico na História dos Estados."
A blockchain e as criptomoedas,Conceito,A prova de trabalho (Proof of Work),Mecanismo pelo qual os mineradores de Bitcoin resolvem cálculos complexos para validar transações. Este processo consome tanta eletricidade como alguns países e é criticado pela sua pegada ambiental colossal.
A blockchain e as criptomoedas,Personagem,Satoshi Nakamoto,"Pseudónimo do inventor (ou grupo de inventores) do Bitcoin, que publicou o livro branco fundador em 2008 e desapareceu em 2010. A sua identidade permanece desconhecida."
O direito de asilo explicado,Conceito,A Convenção de Genebra (1951),"Tratado fundador do direito dos refugiados, assinado após as deslocações da Segunda Guerra Mundial. Define o refugiado e estabelece o princípio de não-reidratação - a proibição de expulsar alguém para um país onde a sua vida esteja ameaçada."
O direito de asilo explicado,Conceito,O princípio de não-reidratação,"Princípio fundamental do direito dos refugiados: nenhum Estado pode devolver uma pessoa a um território onde a sua vida ou a sua liberdade estariam ameaçadas. Reconhecido como uma norma imperativa de direito internacional, impõe-se mesmo aos Estados que não ratificaram a Convenção de Genebra."
A segurança alimentar mundial,Lugar / instituição,A FAO (Organização das Nações Unidas para a Alimentação e a Agricultura),"Agência da ONU fundada em 1945 mandada para erradicar a fome e assegurar a segurança alimentar mundial. Recolhe estatísticas agrícolas, coordena a ajuda alimentar de emergência e promove práticas agrícolas sustentáveis."
A segurança alimentar mundial,Conceito,A revolução verde,"Inovações agrícolas das décadas de 1960-70 (novas variedades de alto rendimento, fertilizantes químicos, irrigação) que multiplicaram a produção alimentar mundial. Norman Borlaug recebeu o Nobel da Paz em 1970 - a revolução verde salvou centenas de milhões de vidas."
A água: próxima fonte de conflitos?,Conceito,O stresse hídrico,Situação em que a procura de água excede os recursos disponíveis ou quando a qualidade da água limita a sua utilização. Fala-se de escassez severa abaixo do limiar de 1 000 m³ por habitante/ano.
A água: próxima fonte de conflitos?,Evento relacionado,A Grande Barragem do Renascimento Etíope (GERD),"Barragem construída pela Etiópia no Nilo Azul desde 2011, que reduzirá o caudal para o Egito e o Sudão. O Egito ameaçou entrar em guerra se a construção prosseguisse - ilustração das tensões crescentes sobre os recursos hídricos transfronteiriços."
O soft power americano,Conceito,A hegemonia cultural (Gramsci),Conceito do teórico Antonio Gramsci: uma classe dominante mantém o seu poder ao fazer aceitar os seus valores como naturais e universais. Joseph Nye adaptou esta ideia às relações internacionais com o conceito de soft power.
O soft power americano,Conceito,O «efeito Bruxelas»,"As normas regulamentares europeias (RGPD, normas alimentares, ambientais) são adotadas mundialmente pelas multinacionais que desejam aceder ao mercado de 450 milhões de consumidores. A UE exerce assim um soft power regulamentar considerável."
Os GAFAM: poder e derivas,Conceito,Os efeitos de rede e os monopólios naturais,As plataformas digitais tendem para monopólios naturais: cada novo utilizador reforça o valor para todos os outros. Concorrer com o Facebook ou a Amazon torna-se quase impossível porque a sua vantagem de rede é intransponível para um concorrente iniciante.
Os GAFAM: poder e derivas,Conceito,O Regulamento dos Mercados Digitais (DMA) europeu (2022),Lei europeia que visa regular os «guardiões» dos mercados digitais. Obriga à interoperabilidade e proíbe o favoritismo dos seus próprios serviços. É a regulação dos GAFAM mais ambiciosa do mundo.
A transição energética,Conceito,O Acordo de Paris (2015) e os objetivos climáticos,"Tratado assinado por 196 países para limitar o aquecimento a 1,5°C acima dos níveis pré-industriais. Cada país fixa os seus próprios objetivos (NDC) - as ambições atuais levam a cerca de 2,5°C de aquecimento segundo as projeções atuais."
A transição energética,Conceito,O hidrogénio verde,"Hidrogénio produzido por eletrólise da água alimentada por energias renováveis. Permite armazenar energia e descarbonizar setores difíceis de eletrificar (aço, cimento, aviação). Atualmente dispendioso, é visto como fundamental para a neutralidade carbónica 2050."
O futuro do trabalho,Conceito,A destruição criativa (Schumpeter),"Cada inovação destrói empregos obsoletos e cria novos. A história parece dar razão a Schumpeter (do camponês ao motorista). A questão é saber se a IA, que também afeta empregos qualificados, reproduzirá este esquema ou o quebrará definitivamente."
O futuro do trabalho,Conceito,A semana de 4 dias (32 horas),"Redução da semana de trabalho com manutenção do salário. Experiências na Islândia, no Japão, em Espanha e na Grã-Bretanha mostram resultados positivos: produtividade mantida ou melhorada, bem-estar acrescido, absentismo reduzido."
A China e o seu modelo económico,Conceito,O Partido Comunista Chinês (PCC),"Partido único no poder desde 1949, com 98 milhões de membros. Controla o Estado, o exército, os media e, cada vez mais, a economia. O secretário-geral (Xi Jinping desde 2012) é o verdadeiro dirigente do país."
A China e o seu modelo económico,Conceito,O «capitalismo de Estado» chinês,"Modelo único: o Estado orienta a economia de mercado através de empresas públicas, bancos de Estado e planos quinquenais. Nem socialismo puro nem capitalismo liberal, combina os mecanismos de mercado com o controlo político do Partido Comunista."
O nascimento do Islã (622),Outro,Beduínos,"Nómadas árabes que vivem no deserto, organizados em tribos unidas por laços de parentesco."
O nascimento do Islã (622),Outro,razias,Ataques rápidos realizados por tribos contra caravanas ou acampamentos inimigos para se apoderarem de gado ou mercadorias.
O nascimento do Islã (622),Conceito,Dhimma,Estatuto jurídico de 'protegido' concedido aos não-muçulmanos monoteístas que vivem sob autoridade islâmica.
O nascimento do Islã (622),Outro,jizya,Imposto anual pago pelas populações não muçulmanas (submetidas à Dhimma) em troca da proteção do Estado.
O nascimento do Islã (622),Instituição,Constituição de Medina,"Édito emitido por Muhammad pouco depois da Hégira, regulando as relações entre os monoteístas (muçulmanos e judeus) e os clãs do oásis de Medina."
O apelo de Urbano II e a 1ª Cruzada (1095),Evento,Batalha de Manziquerta,"Derrota importante do Império Bizantino frente aos Turcos Seljúcidas em 1071, provocando a perda da Anatólia e o declínio militar de Bizâncio."
O apelo de Urbano II e a 1ª Cruzada (1095),Conceito,Paz de Deus,Movimento espiritual e social iniciado pela Igreja nos séculos X e XI para limitar a violência feudal e proteger os não combatentes.
O apelo de Urbano II e a 1ª Cruzada (1095),Evento,Concílio de Clermont,Assembleia eclesiástica de 1095 durante a qual Urbano II lançou o seu apelo à cruzada.
O apelo de Urbano II e a 1ª Cruzada (1095),Personagem,"Pedro, o Eremita","Pregador popular que liderou a 'Cruzada dos Pobres', uma vaga desorganizada que precedeu a dos barões."
O apelo de Urbano II e a 1ª Cruzada (1095),Personagem,Boemundo de Taranto,"Príncipe normando do sul de Itália e um dos principais chefes militares da primeira cruzada, fundador do principado de Antioquia."
O apelo de Urbano II e a 1ª Cruzada (1095),Outro,Defensor do Santo Sepulcro,"Título usado por Godofredo de Bulhão, que recusou o título de rei de Jerusalém por humildade religiosa."
O apelo de Urbano II e a 1ª Cruzada (1095),Instituição,Templários,"Ordem religiosa e militar fundada em 1119 para proteger os peregrinos na Terra Santa, tornando-se uma grande potência financeira."
O apelo de Urbano II e a 1ª Cruzada (1095),Personagem,Saladino,Sultão de origem curda que unificou o mundo muçulmano e recuperou Jerusalém aos cruzados em 1187.
A tomada de Roma pelos Visigodos (410),Conceito,ariana,"Corrente do cristianismo primitivo, considerada herética pelo Concílio de Niceia, que considerava que Cristo não era igual a Deus Pai."
A tomada de Roma pelos Visigodos (410),Personagem,São Jerónimo,"Pai da Igreja e tradutor da Bíblia para o latim (a Vulgata), testemunha do choque psicológico causado pela queda de Roma."
A tomada de Roma pelos Visigodos (410),Referência histórica,Vândalos,"Povo germânico que se apoderou do Norte de África romano e saqueou Roma por sua vez em 455, de forma muito mais devastadora do que Alarico."
A tomada de Roma pelos Visigodos (410),Referência histórica,Francos,"Federação de povos germânicos instalada no baixo Reno, que acabou por conquistar a Gália sob Clodoveu após o colapso do Império."
A tomada de Roma pelos Visigodos (410),Referência histórica,Hérulo,"Povo germânico ao qual pertencia Odoacro, o chefe militar que depôs o último imperador do Ocidente."
A coroação de Carlos Magno (800),Movimento,Lombardo,"Povo germânico estabelecido no norte de Itália a partir do século VI, cujo reino foi conquistado por Carlos Magno em 774."
A coroação de Carlos Magno (800),Movimento,Ávaros,"Povo cavaleiro nómada originário da Ásia Central, instalado na planície do Danúbio, cujo império foi destruído pelos exércitos carolíngios."
A coroação de Carlos Magno (800),Lugar,Roncesvales,"Passagem nos Pirenéus onde a retaguarda do exército de Carlos Magno foi massacrada em 778 pelos Vasões, Evento que inspirou a célebre 'Chanson de Roland'."
A coroação de Carlos Magno (800),Instituição,Condes,"Altos dignitários locais nomeados pelo soberano para administrar uma província (o condado) em seu nome, dispondo de poderes militares e judiciais."
A coroação de Carlos Magno (800),Outro,Dinheiro de prata,"Moeda de referência imposta pela reforma monetária de Carlos Magno, substituindo o ouro pela prata como base do sistema económico europeu por vários séculos."
A Magna Carta (1215),Personagem,Filipe II Augusto,Rei de França (1180-1223) que desmantelou o império Plantageneta ao retomar a Normandia e o Maine a João Sem-Terra.
A Magna Carta (1215),Evento,Bouvines,"Batalha decisiva de 1214 onde Filipe II Augusto vence uma coligação que incluía a Inglaterra, selando o destino de João Sem-Terra."
A Magna Carta (1215),Obra,Bill of Rights,"Conjunto das dez primeiras emendas à Constituição dos Estados Unidos, garantindo as liberdades individuais e limitando o poder federal."
A Magna Carta (1215),Personagem,Eleanor Roosevelt,Primeira-dama dos Estados Unidos e figura-chave na redação da Declaração Universal dos Direitos Humanos de 1948.
A Peste Negra na Europa (1347-1353),Conceito,Pax Mongolica,"Período de relativa estabilidade política e económica na Eurásia sob o Império Mongol nos séculos XIII e XIV, tendo involuntariamente facilitado a circulação da peste."
A Peste Negra na Europa (1347-1353),Lugar,Rota da Seda,"Rede de rotas comerciais que ligavam a Ásia à Europa, principal vetor de propagação da peste desde o Oriente até aos entrepostos do Mar Negro."
A Peste Negra na Europa (1347-1353),Lugar,Caffa,Entreposto comercial genovês na Crimeia (atual Feodósia). O cerco da cidade pelos Mongóis em 1346 é considerado a porta de entrada da peste no Mediterrâneo.
A Peste Negra na Europa (1347-1353),Personagem,Galeno,"Médico grego da Antiguidade cujas teorias (nomeadamente a dos humores) dominavam a medicina medieval, impedindo a compreensão da origem bacteriana da peste."
A Peste Negra na Europa (1347-1353),Outro,Xenopsylla cheopis,"Nome científico da pulga do rato, verdadeiro vetor de transmissão da bactéria Yersinia pestis do animal para o homem."
A Peste Negra na Europa (1347-1353),Movimento,Flagelantes,"Movimento religioso fanático cujos membros se flagelavam publicamente em sinal de penitência para obter o fim da epidemia, considerada como um castigo divino."
A Peste Negra na Europa (1347-1353),Personagem,Clemente VI,Papa sediado em Avinhão durante a Peste Negra. Distinguiu-se ao proteger os judeus dos pogroms e ao encomendar relatórios médicos sobre o flagelo.
A Peste Negra na Europa (1347-1353),Personagem,Boccaccio,"Escritor italiano que testemunhou a peste em Florença. A sua obra-prima, o Decameron, descreve com precisão o impacto social e psicológico da epidemia nos seus contemporâneos."
Joana d'Arc e a Guerra dos Cem Anos (1429),Conceito,Providencialismo,Crença segundo a qual Deus intervém diretamente na história humana e nos assuntos políticos para cumprir a sua vontade.
Joana d'Arc e a Guerra dos Cem Anos (1429),Personagem,Pierre Cauchon,"Bispo de Beauvais e partidário dos ingleses, foi o arquiteto do processo que condenou Joana d'Arc em Ruão."
Joana d'Arc e a Guerra dos Cem Anos (1429),Evento,Castillon,Batalha decisiva de 1453 que marca o fim efetivo da Guerra dos Cem Anos e a expulsão quase total dos ingleses do reino de França.
A queda de Constantinopla (1453),Personagem,Constantino XI Paleólogo,"Último imperador bizantino (1449-1453), morreu em combate durante o assalto final a Constantinopla."
A queda de Constantinopla (1453),Instituição,Janízaros,"Corpo de elite da infantaria otomana, composto originalmente por prisioneiros cristãos convertidos, reputados pela sua disciplina e lealdade ao sultão."
A queda de Constantinopla (1453),Lugar,Istambul,"Nome adotado por Constantinopla após a conquista otomana, embora o nome oficial só tenha se tornado Istambul no século XX."
O império asteca,Lugar,Aztlán,"Lugar de origem mítica dos povos astecas, frequentemente situado ao norte do atual México ou no sudoeste dos Estados Unidos."
O império asteca,Outro,Tlaxcaltecas,Povo inimigo feroz dos astecas que se tornou o principal aliado militar de Hernán Cortés durante a conquista.
O império asteca,Outro,Varíola,Doença infeciosa de origem europeia que foi o principal agente de mortalidade durante a queda do império asteca.
O império asteca,Outro,Náuatle,Língua falada pelos astecas e ainda praticada por numerosas comunidades no México atualmente.
O império asteca,Instituição,Nova Espanha,Nome atribuído à colônia espanhola estabelecida sobre as ruínas do império asteca após 1521.
A descoberta da América (1492),Personagem,Eratóstenes,Sábio grego do século III a.C. que foi o primeiro a calcular a circunferência da Terra com uma precisão notável graças à sombra projetada pelo sol.
A descoberta da América (1492),Instituição,Capitulações de Santa Fé,"Contrato assinado em abril de 1492 entre Cristóvão Colombo e os Reis Católicos, fixando as condições financeiras e os títulos honoríficos do navegador em caso de sucesso."
A descoberta da América (1492),Personagem,Pinzón,"Família de ricos armadores espanhóis, incluindo os irmãos Martín Alonso e Vicente Yáñez, que foram os verdadeiros apoios técnicos e financeiros da expedição de 1492."
A descoberta da América (1492),Outro,Taínos,Povo autóctone que habitava as Grandes Antilhas no momento da chegada de Colombo ; foram os primeiros a sofrer as consequências da colonização espanhola.
O nascimento do Islã (622),Outro,Coraixitas,Poderosa tribo mercantil que controlava Meca e a Caaba na época de Muhammad.
O nascimento do Islã (622),Conceito,Califa,Sucessor de Muhammad à frente da comunidade dos muçulmanos e do império islâmico (califado).
O apelo de Urbano II e a 1ª Cruzada (1095),Instituição,Estados latinos do Oriente,"Quatro Estados cristãos (condado de Edessa, principado de Antioquia, condado de Trípoli, reino de Jerusalém) criados pelos cruzados no Próximo Oriente no final do século XI."
A tomada de Roma pelos Visigodos (410),Personagem,Alarico I,"Rei dos Visigodos e antigo oficial do exército romano, liderou o seu povo na tomada de Roma em 410 após o fracasso das negociações com o Império."
A tomada de Roma pelos Visigodos (410),Personagem,Honório,Imperador romano do Ocidente (395-423) que deslocou a capital para Ravena e foi incapaz de impedir o saque de Roma.
A tomada de Roma pelos Visigodos (410),Lugar,Ravena,Cidade da Itália que se tornou capital do Império do Ocidente em 402 devido à sua posição estratégica protegida por pântanos.
A tomada de Roma pelos Visigodos (410),Obra,A Cidade de Deus,Tratado teológico e filosófico de Santo Agostinho redigido após o saque de Roma para justificar o cristianismo face às críticas pagãs.
A tomada de Roma pelos Visigodos (410),Personagem,Rômulo Augusto,"Último imperador romano do Ocidente, deposto por volta dos 15 anos de idade pelo chefe Odoacro em 476."
A tomada de Roma pelos Visigodos (410),Personagem,Odoacro,Chefe militar Hérulo que derrubou o Império do Ocidente em 476 e se estabeleceu como rei da Itália sob a suserania nominal de Constantinopla.
A Magna Carta (1215),Personagem,Inocêncio III,Papa (1198-1216) extremamente poderoso que excomungou João Sem-Terra antes de se tornar seu aliado e anular a Magna Carta a seu pedido.
A Magna Carta (1215),Personagem,Stephen Langton,Arcebispo da Cantuária cuja nomeação esteve na origem do conflito entre João Sem-Terra e o Papa. Ele desempenhou um papel de mediador e de arquiteto intelectual da Carta.
A Magna Carta (1215),Personagem,Edward Coke,Jurista inglês do século XVII que reativou o uso da Magna Carta para se opor ao absolutismo real dos Stuarts.
A Peste Negra na Europa (1347-1353),Outro,Pequena Idade do Gelo,"Período de resfriamento climático iniciado no século XIV, responsável por más colheitas e fomes que enfraqueceram a resistência imunitária dos europeus antes da peste."
A Peste Negra na Europa (1347-1353),Instituição,Horda de Ouro,"Império mongol estabelecido nas estepes russas e da Ásia Central, cujos exércitos cercaram Caffa e introduziram a peste nos entrepostos europeus."
Joana d'Arc e a Guerra dos Cem Anos (1429),Referência histórica,Armagnacs,Fação da nobreza francesa fiel à casa de Orléans e à legitimidade dos Valois (Carlos VII) durante a guerra civil contra os Borguinhões.
A queda de Constantinopla (1453),Lugar,Corno de Ouro,"Estuário que desagua no Bósforo, formando um porto natural protegido que separava a cidade de Constantinopla do seu subúrbio de Galata."
A queda de Constantinopla (1453),Outro,Muralhas teodosianas,"Sistema de fortificações terrestres de Constantinopla erguido no século V, célebre pela sua complexidade e invencibilidade histórica até 1453."
O império asteca,Conceito,Huitzilopochtli,"Deus do sol e da guerra entre os astecas, guia espiritual da migração mexica e beneficiário principal dos sacrifícios humanos."
O império asteca,Personagem,Moctezuma II,Último grande soberano asteca reinante aquando da chegada de Cortés. A sua gestão hesitante da invasão facilitou a captura de Tenochtitlán.
O império asteca,Lugar,Templo Mayor,"Pirâmide dupla no centro de Tenochtitlán dedicada a Huitzilopochtli e Tlaloc (deus da chuva), coração religioso e político do império."
A queda da Bastilha (1789),Evento relacionado,Guerra da Independência Americana,Conflito (1775-1783) durante o qual a França ajudou as colónias americanas a libertarem-se da tutela britânica. O custo financeiro deste apoio foi uma das principais causas da falência da monarquia francesa.
A queda da Bastilha (1789),Evento,O Grande Medo,"Movimento de pânico e de revolta camponesa que se espalhou pelas campanhas francesas entre julho e agosto de 1789, levando à destruição dos registos senhoriais."
A estratégia de Napoleão em Ulm (1805),Lugar,Floresta Negra,Maciço montanhoso no sudoeste da Alemanha de onde Mack pensava ver chegar Napoleão.
A estratégia de Napoleão em Ulm (1805),Instituição,Grande Armée,Nome dado por Napoleão às forças militares francesas que comandou pessoalmente entre 1805 e 1814.
A batalha de Waterloo (1815),Conceito,Posição central,"Manobra tática de Napoleão consistindo em colocar-se entre dois exércitos inimigos para os enfrentar separadamente, evitando assim ser sobrecarregado pela sua força combinada."
A batalha de Waterloo (1815),Outro,Grande Bateria,Concentração maciça de canhões preconizada por Napoleão para romper as linhas inimigas através de um bombardeamento intensivo num ponto preciso.
A batalha de Waterloo (1815),Conceito,Legitimidade,Princípio diplomático pós-1815 que visava restaurar as dinastias reais nos seus tronos em detrimento dos regimes oriundos da Revolução ou do Império.
A batalha de Waterloo (1815),Conceito,Quadrado,"Formação defensiva da infantaria composta por várias fileiras de soldados formando um retângulo, com as baionetas para o exterior para quebrar as cargas de cavalaria."
A Comuna de Paris (1871),Instituição,Guarda Nacional,"Milícia cidadã composta principalmente por parisienses, dispondo das suas próprias armas e chefes eleitos. Em 1871, torna-se o braço armado da Comuna."
A Comuna de Paris (1871),Outro,Federados,"Nome dado aos partidários da Comuna de Paris, pois reivindicavam uma federação de comunas autónomas."
A Comuna de Paris (1871),Personagem,Louise Michel,"Apelidada de 'Virgem Vermelha', é uma das figuras centrais da Comuna, militante anarquista e socorrista nas barricadas."
A Belle Époque (1871-1914),Evento,Guerra franco-prussiana,"Conflito de 1870-1871 que levou à queda de Napoleão III e à unificação da Alemanha, criando um ressentimento francês duradouro (a perda da Alsácia-Lorena)."
A Belle Époque (1871-1914),Evento,Primeira Guerra Mundial,Conflito global de 1914 a 1918 que pôs fim à hegemonia europeia e transformou radicalmente as fronteiras e as sociedades nacionais.
A Belle Époque (1871-1914),Personagem,Sigmund Freud,"Médico austríaco, fundador da psicanálise. A sua obra 'A Interpretação dos Sonhos' (1900) marca uma rutura importante na compreensão da psique humana."
A Belle Époque (1871-1914),Conceito,Relatividade,"Teoria física publicada por Albert Einstein em 1905, transformando os conceitos de espaço e de tempo herdados da física clássica."
A Belle Époque (1871-1914),Movimento,Art nouveau,"Estilo artístico do final do século XIX caracterizado por linhas curvas e motivos inspirados na natureza, influenciando a arquitetura e a decoração."
A Belle Époque (1871-1914),Movimento,fauvismo,Corrente pictórica francesa do início do século XX que privilegia cores vivas e arbitrárias para expressar emoções em vez da realidade.
A Belle Époque (1871-1914),Movimento,cubismo,"Movimento artístico de vanguarda iniciado por Picasso e Braque, decompondo os objetos em formas geométricas simples."
A batalha de Verdun (1916),Evento,Gericht,"Nome de código da operação alemã sobre Verdun, significando « tribunal » ou « julgamento » em alemão, ilustrando a vontade de Falkenhayn de julgar e aniquilar o exército francês."
A batalha de Verdun (1916),Lugar,Bar-le-Duc,"Cidade situada na retaguarda da frente de Verdun, ponto de partida da Voie Sacrée (Via Sagrada) por onde transitavam os camiões de abastecimento."
A batalha de Verdun (1916),Conceito,Noria,"Sistema de rotação de tropas implementado por Pétain em Verdun, consistindo em fazer passar as divisões pela linha de frente por um curto período de tempo para manter a sua eficácia em combate."
A batalha de Verdun (1916),Lugar,Zonas vermelhas,Territórios tão devastados pelos combates e poluídos por munições não detonadas que o Estado francês proibiu neles qualquer atividade agrícola ou reconstrução após a guerra.
A Revolução Russa (1917),Evento,Primeira Guerra Mundial,"Conflito mundial (1914-1918) que provocou o colapso de vários impérios, incluindo o Império Russo, incapaz de acompanhar o ritmo industrial do conflito."
A Revolução Russa (1917),Instituição,Douma,"O parlamento russo criado após a revolução de 1905. Em 1917, ela era amplamente ignorada pelo Czar Nicolau II."
A Revolução Russa (1917),Outro,calendário juliano,"Calendário utilizado na Rússia até 1918, que apresentava 13 dias de atraso em relação ao calendário gregoriano ocidental (daí a diferença entre fevereiro/março e outubro/novembro)."
A Revolução Russa (1917),Conceito,Teses de Abril,"Programa político apresentado por Lênin ao seu retorno do exílio, defendendo a passagem imediata da revolução burguesa para a revolução socialista."
A Revolução Russa (1917),Personagem,Leon Trotsky,Revolucionário marxista e organizador do Exército Vermelho. Ele foi o cérebro técnico da insurreição de outubro de 1917.
A Revolução Russa (1917),Evento,Brest-Litovsk,"Tratado de paz assinado em março de 1918 entre a Rússia bolchevique e a Alemanha, oficializando a retirada russa da guerra ao custo de pesadas perdas territoriais."
A Grande Depressão (1929),Conceito,superprodução,"Situação em que a oferta de bens excede a procura dos consumidores, provocando uma queda nos preços e uma acumulação de estoques inúteis."
A Grande Depressão (1929),Conceito,sobrevalorizado,Diz-se de um ativo financeiro (ação ou imóvel) cujo preço de mercado é muito superior ao seu valor econômico real.
A Grande Depressão (1929),Conceito,bank runs,"Fenómeno onde um grande número de clientes de um banco retira simultaneamente os seus depósitos por receio de uma falência, provocando efetivamente a queda da instituição."
A Grande Depressão (1929),Personagem,Herbert Hoover,"31.º presidente dos Estados Unidos (1929-1933), frequentemente criticado pela sua incapacidade de agir eficazmente perante o início da crise."
A Grande Depressão (1929),Conceito,deflação,"Queda generalizada e duradoura dos preços e dos salários, que agrava frequentemente a crise ao aumentar o peso real das dívidas."
A Grande Depressão (1929),Lugar,Weimar,"Regime republicano em vigor na Alemanha entre 1919 e 1933, desestabilizado pela instabilidade económica e pela ascensão dos extremismos."
A Grande Depressão (1929),Conceito,laissez-faire,Princípio económico liberal que defende a ausência de intervenção do Estado nos mecanismos do mercado.
A Grande Depressão (1929),Conceito,retomada,Política económica que visa estimular a procura e a produção através do aumento das despesas públicas.
A batalha de Estalinegrado (1942-1943),Evento,Case Blue,O nome de código da ofensiva de verão da Wehrmacht em 1942 visando os campos petrolíferos do Cáucaso.
A batalha de Estalinegrado (1942-1943),Instituição,Luftwaffe,"A força aérea alemã, que desempenhou um papel crucial nos bombardeamentos iniciais de Stalingrado."
A batalha de Estalinegrado (1942-1943),Personagem,Hermann Göring,"Chefe da Luftwaffe, ele prometeu a Hitler, erroneamente, que os seus aviões poderiam reabastecer o 6.º exército cercado pelo ar."
Hiroshima e Nagasaki (1945),Personagem,Leó Szilárd,Físico de origem húngara que concebeu a ideia de reação nuclear em cadeia e convenceu Einstein a escrever a Roosevelt para lançar o programa atómico americano.
Hiroshima e Nagasaki (1945),Lugar,Jornada del Muerto,"Deserto do Novo México onde foi realizado o teste Trinity, escolhido pelo seu isolamento geográfico."
Hiroshima e Nagasaki (1945),Movimento,Kamikazes,Unidades de ataques suicidas do exército imperial japonês que lançavam os seus aviões contra os navios aliados para causar o maior dano possível.
Hiroshima e Nagasaki (1945),Evento,Potsdam,"Conferência realizada em julho de 1945 onde os Aliados (Truman, Estaline, Churchill/Attlee) discutiram o destino do Japão e da Europa do pós-guerra."
Hiroshima e Nagasaki (1945),Outro,Bockscar,Nome do bombardeiro B-29 que lançou a bomba atómica 'Fat Man' sobre Nagasaki a 9 de agosto de 1945.
Hiroshima e Nagasaki (1945),Lugar,Kokura,"Alvo primário designado para o segundo bombardeamento atómico, salvo pelas condições meteorológicas que forçaram o piloto a dirigir-se para Nagasaki."
Hiroshima e Nagasaki (1945),Evento,Gyokuon-hōsō,"Discurso de rádio gravado pelo imperador Hirohito e transmitido em 15 de agosto de 1945, anunciando a rendição incondicional do Japão."
Hiroshima e Nagasaki (1945),Conceito,Hibakusha,"Termo japonês para designar os sobreviventes dos bombardeios atômicos de Hiroshima e Nagasaki, vítimas de sequelas físicas e de discriminações."
Hiroshima e Nagasaki (1945),Conceito,Dissuasão nuclear,Doutrina estratégica baseada na ameaça do uso de armas nucleares para impedir que um adversário realize um ataque.
Rosa Parks e Montgomery (1955),Evento relacionado,Plessy v. Ferguson,Decisão da Suprema Corte de 1896 que validou as leis segregacionistas sob o princípio 'separate but equal' (separados mas iguais).
Rosa Parks e Montgomery (1955),Lugar / instituição,Highlander Folk School,"Centro de formação socialista e de educação para os direitos civis no Tennessee, onde Rosa Parks aprendeu os métodos de resistência não-violenta."
Rosa Parks e Montgomery (1955),Lei,Civil Rights Act de 1964,Lei federal histórica que encerrou todas as formas de segregação racial em locais públicos e proibiu a discriminação na contratação.
A crise dos mísseis de Cuba (1962),Outro,Anadyr,"Nome de código da operação secreta soviética que visava implantar tropas, aviões e mísseis nucleares em Cuba em 1962."
A crise dos mísseis de Cuba (1962),Conceito,Détente,"Período da Guerra Fria (1962-1979) caracterizado por uma vontade de diálogo, de coexistência pacífica e de tratados de limitação de armamentos nucleares."
A crise dos mísseis de Cuba (1962),Lugar,Turquia,"País membro da OTAN onde os Estados Unidos tinham instalado mísseis Júpiter, constituindo uma das razões da resposta soviética em Cuba."
A crise dos mísseis de Cuba (1962),Outro,SS-4,"Mísseis balísticos soviéticos de médio alcance implantados em Cuba, capazes de atingir a maior parte do território americano."
A guerra da Argélia (1954-1962),Conceito,departamentos franceses,"Ao contrário dos protetorados (Marrocos, Tunísia), a Argélia estava desde 1848 dividida em três departamentos franceses vinculados ao Ministério do Interior. Qualquer independência era, portanto, considerada juridicamente como uma secessão do território nacional."
A guerra da Argélia (1954-1962),Instituição,poderes especiais,Lei votada em 1956 pelo Parlamento francês confiando ao exército os plenos poderes especiais de polícia na Argélia para lutar contra a insurreição nacionalista.
A guerra da Argélia (1954-1962),Conceito,guerrilha,"Técnica de combate assimétrico praticada pela FLN, baseando-se em emboscadas, atentados e na utilização da população como refúgio, perante um exército convencional mais poderoso."
A guerra da Argélia (1954-1962),Evento,putsch dos generais,"Tentativa de golpe de Estado fracassada em Argel em abril de 1961 por quatro generais (Challe, Jouhaud, Zeller, Salan) opostos à política de autodeterminação de Charles de Gaulle."
A guerra da Argélia (1954-1962),Movimento,OAS,Organisation de l'Armée Secrète. Organização terrorista clandestina partidária da Argélia francesa que multiplicou os atentados para impedir a independência entre 1961 e 1962.
A guerra da Argélia (1954-1962),Outro,cessar-fogo,Parada oficial das hostilidades militares entre duas forças beligerantes.
A guerra da Argélia (1954-1962),Referência histórica,harkis,"Combatentes de confissão muçulmana engajados como auxiliares no exército francês. Abandonados pela França em 1962, foram massacrados aos milhares na Argélia ou confinados em campos na metrópole."
A batalha de Dien Bien Phu (1954),Personagem,Hô Chi Minh,"Fundador do Partido Comunista Vietnamita e da liga Viet-Minh. Figura de proa da independência do Vietnã, tornou-se o presidente da República Democrática do Vietnã."
A batalha de Dien Bien Phu (1954),Lugar,Tonquim,"Parte setentrional do Vietnã atual, da qual Hanói é o centro. É o coração histórico da resistência do Viet-Minh durante a guerra da Indochina."
A batalha de Dien Bien Phu (1954),Outro,monção,"Sistema de ventos sazonais no Sudeste Asiático provocando precipitações torrenciais de maio a outubro, transformando o terreno de Dien Bien Phu em um pântano intransitável."
A batalha de Dien Bien Phu (1954),Evento,guerra do Vietnã,"Conflito (1955-1975) que opôs o Vietnã do Norte (comunista) ao Vietnã do Sul (apoiado pelos Estados Unidos), prolongando as tensões nascidas da divisão de 1954."
O genocídio arménio (1915-1916),Outro,millet,"Sistema administrativo otomano que organizava as populações por confissões religiosas, oferecendo uma certa autonomia às minorias protegidas pelo sultão."
O genocídio arménio (1915-1916),Movimento,Jovens Turcos,Partido político nacionalista (Comitê de União e Progresso) que assumiu o poder em 1908 e radicalizou sua política para um panturquismo excluindo as minorias cristãs.
O genocídio arménio (1915-1916),Conceito,diáspora,Dispersão de um povo através do Mundo após o exílio da sua terra de origem. A diáspora armênia nasceu da fuga dos sobreviventes do genocídio.
O genocídio arménio (1915-1916),Conceito,genocídio,"Extermínio físico, intencional, sistemático e programado de um grupo humano em razão das suas origens étnicas, religiosas ou sociais."
A criação da ONU (1945),Conceito,Governança mundial,Tentativa de regulação das relações internacionais por regras comuns e instituições compartilhadas para resolver os problemas que ultrapassam as fronteiras de um só Estado.
A criação da ONU (1945),Outro,Capacetes azuis,Militares colocados à disposição da ONU pelos Estados-membros para realizar operações de manutenção da paz em zonas de conflito.
A criação da ONU (1945),Conceito,Isolacionismo,"Doutrina de política estrangeira que consiste, para um Estado, em não intervir nos assuntos do Mundo a fim de preservar a sua independência e os seus interesses imediatos."
O nascimento da UE: da CECA a Maastricht,Evento,Declaração Schuman,"Discurso proferido em 9 de maio de 1950 por Robert Schuman, considerado o ato de nascimento da construção europeia."
O nascimento da UE: da CECA a Maastricht,Conceito,PAC,"Política Agrícola Comum, implementada em 1962 para garantir a autossuficiência alimentar da Europa e modernizar a sua agricultura."
O nascimento da UE: da CECA a Maastricht,Instituição,Alta Autoridade,"Órgão executivo supranacional da CECA, antepassado da atual Comissão Europeia, independente dos governos nacionais."
O nascimento da UE: da CECA a Maastricht,Conceito,mercado comum,"Espaço económico sem fronteiras alfandegárias onde se aplicam as quatro liberdades de circulação (mercadorias, pessoas, serviços, capitais)."
O genocídio no Ruanda (1994),Movimento,Frente Patriótica Ruandesa (FPR),"Movimento político e militar formado por exilados tutsis no Uganda. Liderado por Paul Kagame, lançou a ofensiva que pôs fim ao genocídio em julho de 1994."
O genocídio no Ruanda (1994),Movimento,Hutu Power,"Ideologia extremista que defendia a supremacia dos hutus e a eliminação física dos tutsis, considerados invasores estrangeiros."
O genocídio no Ruanda (1994),Lugar,Somália,"Referência à batalha de Mogadíscio (1993), onde soldados americanos foram mortos, o que arrefeceu qualquer vontade de intervenção militar americana em África."
O genocídio no Ruanda (1994),Evento,Turquesa,"Operação militar francesa lançada em junho de 1994 sob mandato da ONU, oficialmente humanitária, mas cujo papel em relação aos perpetradores do genocídio em fuga continua controverso."
O genocídio no Ruanda (1994),Lugar,Zaire,"Antigo nome da República Democrática do Congo (RDC), para onde milhões de hutus (refugiados e perpetradores do genocídio) fugiram após a vitória da FPR."
O genocídio no Ruanda (1994),Instituição,Gacaca,Tribunais comunitários ruandeses estabelecidos para julgar os executores do genocídio e promover a reconciliação nacional.
O genocídio no Ruanda (1994),Instituição,Tribunal Penal Internacional para o Ruanda (TPIR),Jurisdição estabelecida pela ONU com sede em Arusha (Tanzânia) para julgar os altos responsáveis pelo genocídio.
A queda do muro de Berlim (1989),Instituição,RDA,"República Democrática Alemã, Estado socialista criado em 1949 na zona de ocupação soviética, da qual Berlim Oriental era a capital."
A queda do muro de Berlim (1989),Conceito,cortina de ferro,Expressão popularizada por Winston Churchill que designa a fronteira física e ideológica que separava a Europa sob influência soviética da Europa Ocidental.
A queda do muro de Berlim (1989),Evento,revolução de Veludo,Movimento pacífico de contestação na Checoslováquia (novembro-dezembro de 1989) que levou ao fim do regime comunista sem violência de maior.
A Blitzkrieg (1940),Instituição,Wehrmacht,"Nome do exército alemão entre 1935 e 1945, compreendendo o exército de terra, a marinha e a força aérea."
A Blitzkrieg (1940),Conceito,Schwerpunkt,"Ponto de aplicação principal do esforço militar durante uma ofensiva, visando concentrar a força numa zona estreita para romper a frente."
O Plano Marshall (1947-1952),Instituição,ERP,"European Recovery Program, nome oficial do programa de reconstrução mais conhecido pelo nome de Plano Marshall."
O Plano Marshall (1947-1952),Instituição,OECE,"Organização Europeia de Cooperação Económica, criada em 1948 para coordenar a distribuição da ajuda do Plano Marshall entre os países beneficiários."
O Plano Marshall (1947-1952),Instituição,CEE,"Comunidade Económica Europeia, antepassada da União Europeia, cujos primórdios de cooperação económica remontam à gestão coletiva do plano Marshall."
A Guerra do Vietname (1955-1975),Evento,guerra da Indochina,"Conflito (1946-1954) que opôs a França ao Viet-Minh comunista, resultando na derrota francesa e na independência das suas antigas colónias."
A Guerra do Vietname (1955-1975),Evento,Rolling Thunder,Campanha de bombardeamento aéreo massivo levada a cabo pela US Air Force contra o Vietname do Norte entre 1965 e 1968.
A Guerra do Vietname (1955-1975),Conceito,search and destroy,"Estratégia militar que visa desalojar os insurgentes na selva para os eliminar através do poder de fogo, em vez de manter posições territoriais."
A Guerra do Vietname (1955-1975),Instituição,Pentágono,"Sede do Departamento de Defesa dos Estados Unidos, por extensão o comando militar americano."
A Guerra do Vietname (1955-1975),Evento,My Lai,"Massacre de centenas de civis vietnamitas por soldados americanos em 1968, cuja revelação chocou a opinião mundial."
O julgamento de Nuremberga (1945-1946),Conceito,Direito internacional,"Conjunto de regras que regem as relações entre Estados e, desde Nuremberga, que definem responsabilidades individuais perante a comunidade internacional."
O julgamento de Nuremberga (1945-1946),Instituição,Luftwaffe,"Nome da força aérea alemã sob o Terceiro Reich, dirigida por Hermann Göring."
O julgamento de Nuremberga (1945-1946),Data,Estatuto de Londres,Acordo assinado a 8 de agosto de 1945 que estabelece as regras de procedimento do Tribunal Militar Internacional de Nuremberga.
O julgamento de Nuremberga (1945-1946),Conceito,Não-retroatividade,Princípio jurídico segundo o qual não se pode condenar alguém por um ato que não era ilegal no momento em que foi cometido.
O julgamento de Nuremberga (1945-1946),Evento,Katyn,"Massacre de oficiais polacos pelos soviéticos em 1940, que a URSS tentou atribuir aos alemães durante o processo de Nuremberga."
O julgamento de Nuremberga (1945-1946),Conceito,Princípios de Nuremberga,"Conjunto de diretrizes codificadas pela ONU em 1950, afirmando nomeadamente que ninguém está acima do direito internacional, mesmo um chefe de Estado."
A descolonização: panorama (1945-1975),Instituição,Commonwealth,"Organização intergovernamental composta principalmente por antigos territórios do Império Britânico, facilitando a cooperação económica e política."
A descolonização: panorama (1945-1975),Personagem,Kwame Nkrumah,"Líder independentista do Gana e figura central do pan-africanismo, é o primeiro presidente do país em 1957."
A descolonização: panorama (1945-1975),Instituição,Quarta República,Regime político da França (1946-1958) que entrou em colapso sob a pressão da guerra da Argélia.
A descolonização: panorama (1945-1975),Personagem,Patrice Lumumba,"Herói da independência do Congo Belga, assassinado em 1961 com a cumplicidade presumida de serviços secretos ocidentais."
A descolonização: panorama (1945-1975),Instituição,Organização da Unidade Africana,"Criada em 1963 para promover a unidade dos países africanos, foi substituída pela União Africana em 2002."
O apartheid e Mandela (1948-1994),Conceito,apartheid,"Termo afrikaans que significa 'separação'. Regime político em vigor na África do Sul de 1948 a 1994, fundado na segregação sistemática e na dominação da minoria branca."
O apartheid e Mandela (1948-1994),Instituição,ANC,"Congresso Nacional Africano. Movimento político sul-africano fundado em 1912 para defender os direitos dos negros, tornou-se partido político depois de 1994."
O apartheid e Mandela (1948-1994),Conceito,justiça transicional,Conjunto de medidas judiciais ou não (como a CVR) implementadas para remediar violações massivas dos direitos humanos durante uma mudança de regime ou após um conflito.
A Revolução Cultural na China (1966-1976),Outro,Dazibao,"Cartaz de parede escrito à mão em caracteres grandes, utilizado na China para propaganda, crítica política ou denúncia pública."
A Revolução Cultural na China (1966-1976),Personagem,Liu Shaoqi,"Presidente da República Popular da China e n°2 do regime, foi o principal alvo de Mao durante a Revolução Cultural. Humilhado e torturado, morreu na prisão em 1969."
A Revolução Cultural na China (1966-1976),Instituição,Exército de Libertação Popular,Forças armadas da República Popular da China (APL). Interveio a partir de 1968 para pôr fim ao caos criado pelos Guardas Vermelhos.
A Revolução Cultural na China (1966-1976),Personagem,Jiang Qing,Última esposa de Mao Zedong e membro influente do Bando dos Quatro. Foi a arquiteta da política cultural radical durante a Revolução.
A Revolução Cultural na China (1966-1976),Instituição,Camarilha dos Quatro,Grupo de dirigentes radicais que liderou as purgas da Revolução Cultural. A sua detenção em 1976 marca o fim da era maoísta.
A Shoah: mecanismos de um genocídio,Conceito,pogrom,"Termo de origem russa que designa um ataque violento, frequentemente mortal, levado a cabo por uma população contra uma comunidade judaica, com a cumplicidade tácita ou ativa das autoridades."
A Shoah: mecanismos de um genocídio,Conceito,guetização,"Processo forçado de isolamento e agrupamento de uma população num bairro fechado e vigiado. Sob os nazis, os guetos serviam para isolar os judeus antes da sua deportação."
A Shoah: mecanismos de um genocídio,Outro,Ciganos,Termo genérico (agrupando Roms e Sinti) que designa as populações perseguidas pelos nazis numa base racial. Entre 250 000 e 500 000 deles foram exterminados.
A Shoah: mecanismos de um genocídio,Lugar,Yad Vashem,"Instituto internacional para a memória da Shoah situado em Jerusalém, dedicado ao estudo do genocídio e à homenagem às vítimas, bem como aos Justos entre as Nações."
O 11 de setembro de 2001,Lugar,Arábia Saudita,"Reino que abriga os lugares sagrados do Islão (Meca, Medina). Bin Laden considerou o estacionamento de tropas americanas neste solo em 1990 como um sacrilégio, desencadeando a sua hostilidade total contra os Estados Unidos."
O 11 de setembro de 2001,Movimento,Talibãs,Movimento fundamentalista islâmico que governou o Afeganistão de 1996 a 2001. Eles forneceram refúgio e bases de treino à Al-Qaeda antes de serem derrubados pela coligação liderada pelos Estados Unidos.
O 11 de setembro de 2001,Evento,Enduring Freedom,"Nome da operação militar lançada pelos Estados Unidos em outubro de 2001 em resposta aos atentados de 11 de setembro, com o objetivo de desmantelar a Al-Qaeda no Afeganistão."
O 11 de setembro de 2001,Lugar,Guantánamo,"Prisão militar situada numa base americana em Cuba. Foi criada após o 11 de setembro para deter, fora do quadro legal americano clássico, indivíduos suspeitos de terrorismo."
O 11 de setembro de 2001,Personagem,Saddam Hussein,"Ditador do Iraque de 1979 a 2003. Embora não tivesse ligação com a Al-Qaeda, foi derrubado pelos Estados Unidos em 2003 sob o pretexto de possuir armas de destruição maciça."
A democracia ateniense,Conceito,Política,Do grego 'polis' (a cidade). Designa a arte de gerir os assuntos da cidade e o espaço de deliberação comum entre cidadãos.
A democracia ateniense,Instituição,Bulé,Conselho composto por 500 cidadãos sorteados (50 por tribo) encarregados de estudar os projetos de lei antes da sua apresentação à Eclésia.
A democracia ateniense,Conceito,Misthos,"Indemnização financeira paga aos cidadãos atenienses para compensar a perda de rendimentos ligada ao exercício de funções públicas (tribunais, assembleia)."
A democracia ateniense,Conceito,Isegoria,Direito igual para cada cidadão de tomar a palavra perante a assembleia do povo (Eclésia).
A democracia ateniense,Instituição,Helieia,"Grande tribunal popular de Atenas, cujos membros são sorteados entre os cidadãos voluntários."
A democracia ateniense,Conceito,Demagogo,Orador que procura obter os favores do povo lisonjeando as suas paixões em vez de apelar à sua razão.
A Guerra de Secessão americana (1861-1865),Personagem,Jefferson Davis,"Estadista americano, foi o único presidente dos Estados Confederados da América (1861-1865) durante a Guerra de Secessão."
A Guerra de Secessão americana (1861-1865),Personagem,Ulysses Grant,"General em chefe dos exércitos da União no final da guerra, aceitou a rendição de Lee antes de se tornar o 18º presidente dos Estados Unidos."
A Guerra de Secessão americana (1861-1865),Personagem,Robert E. Lee,"O mais famoso general confederado. Apesar do seu génio táctico, teve de capitular em Appomattox perante a superioridade numérica e industrial do Norte."
A Guerra de Secessão americana (1861-1865),Data,A 13ª Emenda,"Emenda da Constituição dos Estados Unidos ratificada em dezembro de 1865, abolindo oficialmente a escravatura e a servidão involuntária."
A Guerra de Secessão americana (1861-1865),Movimento,Ku Klux Klan,Organização terrorista supremacista branca fundada em 1865 no Tennessee para se opor através da violência aos direitos dos afro-americanos.
Porque é que o céu é azul?,Conceito,espalhamento de Mie,"Fenômeno de dispersão da luz por partículas maiores do que o comprimento de onda (poeira, gotículas de água), explicando o aspecto branco das nuvens ou dos céus brumosos."
Porque é que sonhamos?,Conceito,Atonia muscular,"Inibição temporária da atividade muscular voluntária durante o sono paradoxal, visando impedir o corpo de mimetizar os movimentos do sonho."
Porque é que sonhamos?,Lugar,Sistema límbico,"Grupo de estruturas cerebrais que desempenham um papel fundamental na gestão das emoções e na formação da memória, muito ativo durante o sonho."
Porque é que sonhamos?,Lugar,Córtex pré-frontal,"Parte anterior do cérebro responsável pelas funções executivas (lógica, planeamento) que é habitualmente desativada durante o sonho, exceto durante os sonhos lúcidos."
Porque é que sonhamos?,Conceito,Noradrenalina,"Neurotransmissor ligado ao stresse e ao despertar, cuja ausência durante o sono paradoxal explicaria tanto o esquecimento dos sonhos como a sua dimensão terapêutica emocional."
Porque é que sonhamos?,Conceito,Codificação,Processo de transformação de uma informação externa ou interna numa marca memorial estável no sistema nervoso.
Porque é que o gelo flutua?,Conceito,Benzeno,"Composto orgânico líquido cujo sólido é mais denso que o líquido, ilustrando o comportamento 'normal' das substâncias ao contrário da água."
Porque é que o gelo flutua?,Conceito,Microrganismos,"Seres vivos microscópicos (bactérias, plâncton) cuja sobrevivência no inverno depende diretamente da camada isolante formada pelo gelo na superfície."
Porque é que o gelo flutua?,Conceito,Albedo,"Poder refletor de uma superfície. O gelo tem um albedo elevado, enviando a energia solar de volta para o espaço, o que arrefece o planeta."
Por que a água do mar é salgada?,Conceito,magma,"Rocha em fusão situada sob a superfície da terra, cujo calor alimenta as fontes hidrotermais submarinas."
Por que a água do mar é salgada?,Conceito,sal-gema,"Depósito sedimentar sólido formado pela evaporação de antigos mares ou lagunas, também chamado halite."
Por que a água do mar é salgada?,Lugar,Gulf Stream,Corrente oceânica quente de superfície que nasce no Golfo do México e aquece o clima da Europa Ocidental.
Por que a água do mar é salgada?,Lugar,falha do Jordão,"Depressão tectónica que abriga o rio Jordão e o Mar Morto, situada entre Israel, a Jordânia e a Palestina."
Por que existem estações?,Conceito,Elipse,"Forma geométrica da órbita terrestre, assemelhando-se a um círculo ligeiramente achatado."
Por que existem estações?,Conceito,Eclíptica,O plano imaginário que contém a órbita da Terra ao redor do Sol.
Por que existem estações?,Data,Solstício,"Momento do ano em que o Sol atinge a sua posição mais setentrional ou meridional em relação ao equador, marcando o início do verão ou do inverno."
Por que existem estações?,Conceito,Fotoperíodo,Relação entre a duração do dia e a duração da noite em 24 horas.
Como os aviões voam?,Personagem,Bernoulli,"Daniel Bernoulli (1700-1782), matemático suíço cujo princípio explica como a velocidade de um fluido influencia a sua pressão."
Como os aviões voam?,Conceito,desvio do ar,"Ação da asa que força o fluxo de ar para baixo, gerando um impulso para cima por reação (3ª Lei de Newton)."
Como os aviões voam?,Conceito,estol,"Perda súbita de sustentação que ocorre quando o ângulo de ataque é demasiado elevado, provocando o descolamento do fluxo de ar no intradorso."
Como os aviões voam?,Outro,joystick,Manche de comando lateral utilizado pelo piloto para transmitir as suas instruções aos sistemas de voo elétricos.
Por que bocejamos?,Personagem,Andrew Gallup,Investigador em psicologia evolucionista que formalizou a Teoria da thermorégulation cérébrale como função principal do bocejo.
Por que bocejamos?,Outro,Seios frontais,Cavidades aéreas situadas nos ossos da testa. O ar que aí circula durante o bocejo ajudaria a arrefecer os vasos sanguíneos próximos do cérebro.
Por que bocejamos?,Conceito,Sinaptogênese,Processo de formação das sinapses entre os neurónios no sistema nervoso. O bocejo fetal ajudaria a estimular este desenvolvimento.
Por que bocejamos?,Conceito,Biomarcador,Indicador biológico mensurável (como a frequência de um Movimento) que permite avaliar o estado de saúde ou o estágio de desenvolvimento de um organismo.
Por que bocejamos?,Conceito,Sistema nervoso autónomo,"Parte do sistema nervoso responsável pelas funções automáticas do organismo (ritmo cardíaco, digestão, respiração)."
Como funciona a memória?,Conceito,neuroplasticidade,"Capacidade do cérebro de modificar a organização das suas redes de neurónios em função da experiência, nomeadamente através do reforço ou do enfraquecimento das conexões sinápticas."
Como funciona a memória?,Lugar,neocórtex,"Parte externa do hemisfério cerebral envolvida nas funções cognitivas superiores (linguagem, consciência, armazenamento a longo prazo)."
Por que temos arrepios?,Conceito,Os calafrios,Série de contrações musculares rápidas e involuntárias destinadas a produzir calor ou que testemunham uma forte excitação nervosa.
Por que temos arrepios?,Conceito,O sistema nervoso autónomo,"Parte do sistema nervoso responsável pelas funções automáticas do organismo (digestão, ritmo cardíaco, temperatura) sem intervenção da vontade."
Por que temos arrepios?,Lugar,Hipotálamo,"Estrutura situada na base do cérebro que regula funções vitais como a fome, a sede ou a temperatura corporal (o termostato biológico)."
Por que temos arrepios?,Conceito,Dopamina,"Neurotransmissor químico do cérebro que desempenha um papel central no circuito da recompensa, no prazer e na motivação."
Como o sabão mata os vírus?,Conceito,capsídeo,"Invólucro proteico rígido que protege o material genético dos vírus, particularmente resistente nos vírus chamados 'nus'."
Como o sabão mata os vírus?,Conceito,tensioativos,"Substâncias capazes de modificar a tensão superficial entre duas superfícies, permitindo ao sabão misturar a água e as substâncias gordurosas."
Como o sabão mata os vírus?,Outro,sebo,"Substância oleosa secretada pelas glândulas sebáceas da pele, na qual os vírus e as bactérias podem ficar presos."
Como o sabão mata os vírus?,Conceito,micelas,Aglomerados esféricos de moléculas de sabão que aprisionam no seu centro as substâncias gordurosas (ou detritos virais) para os isolar da água.
"A descoberta da penicilina (Fleming, 1928)",Personagem,Howard Florey,"Farmacologista australiano que, com Ernst Chain, transformou a observação de Fleming num medicamento estável e injetável à escala industrial."
"A descoberta da penicilina (Fleming, 1928)",Outro,Sífilis,"Infeção sexualmente transmissível grave, antigamente um flagelo incurável, que foi o primeiro grande alvo vitorioso da penicilina."
"A descoberta da penicilina (Fleming, 1928)",Outro,Estafilococo,"Género de bactéria responsável por diversas infeções no homem, cujas certas estirpes são hoje célebres pela sua resistência aos tratamentos."
A descoberta da eletricidade e suas aplicações,Outro,elektron,"Termo grego antigo que designa o âmbar amarelo, cuja propriedade de atração após a fricção deu o seu nome à eletricidade."
A descoberta da eletricidade e suas aplicações,Outro,salmoura,Solução aquosa de sal (cloreto de sódio) utilizada por Volta na sua pilha para permitir a passagem das cargas elétricas entre os discos de metal.
"A descoberta dos raios X (Röntgen, 1895)",Conceito,cátodo,Elétrodo negativo de onde são emitidos os eletrões num tubo de vácuo.
"A descoberta dos raios X (Röntgen, 1895)",Conceito,ânodo,Elétrodo positivo que recebe os eletrões e emite os raios X após o choque térmico.
"A descoberta dos raios X (Röntgen, 1895)",Outro,gangrena,Necrose dos tecidos vivos provocada por uma infeção ou por uma paragem da irrigação sanguínea.
"A descoberta dos raios X (Röntgen, 1895)",Outro,radiodermite,Lesão cutânea causada por uma exposição excessiva às radiações ionizantes.
"A descoberta dos raios X (Röntgen, 1895)",Outro,leucemias,"Cancros do sangue e da medula óssea, frequentemente ligados na época às irradiações crónicas."
"A descoberta dos raios X (Röntgen, 1895)",Conceito,radioatividade,Fenómeno físico natural pelo qual núcleos atómicos instáveis se transformam espontaneamente emitindo radiações.
"A descoberta dos raios X (Röntgen, 1895)",Conceito,buracos negros,"Objetos celestes tão densos que a sua força de gravidade impede qualquer matéria ou luz de escapar, emitindo violentos raios X durante a absorção de matéria."
"A descoberta dos raios X (Röntgen, 1895)",Evento,supernovas,"Explosões estelares massivas que assinalam a morte de uma estrela muito massiva, libertando uma energia colossal sob a forma de radiação X."
A descoberta do micro-ondas (por acidente),Conceito,micro-ondas,"Ondas eletromagnéticas cujo comprimento de onda é intermediário entre o infravermelho e as ondas de rádio, utilizadas tanto para as telecomunicações como para o aquecimento de alimentos."
A descoberta do micro-ondas (por acidente),Outro,frequência padrão,"A frequência de 2,45 GHz, adotada mundialmente para os fornos domésticos a fim de assegurar uma penetração suficiente da energia nos tecidos biológicos sem interferência maior."
A descoberta do micro-ondas (por acidente),Conceito,moléculas de água,Moléculas polares (H2O) que reagem ao campo eletromagnético alternado do micro-ondas rodando sobre si mesmas.
"A teoria da gravitação (Newton, 1687)",Obra,Philosophiae Naturalis Principia Mathematica,Obra de Newton (1687) que estabelece as bases da física clássica e introduz a lei da gravitação universal.
"A teoria da gravitação (Newton, 1687)",Conceito,Geocentrismo,"Modelo astronómico herdado da Antiguidade que coloca a Terra, imóvel, no centro do universo."
"A teoria da gravitação (Newton, 1687)",Personagem,Tycho Brahe,Astrónomo dinamarquês (1546-1601) cujas observações precisas dos planetas permitiram a Kepler estabelecer as suas leis.
"A teoria da gravitação (Newton, 1687)",Outro,Hypotheses non fingo,"Locução latina de Newton significando 'não invento hipóteses', expressando a sua recusa em especular sobre a natureza oculta da gravidade sem prova matemática."
"A teoria da gravitação (Newton, 1687)",Personagem,Albert Einstein,Físico teórico (1879-1955) cujas teorias da relatividade restrita e geral completaram e ultrapassaram a mecânica de Newton.
A descoberta da radioatividade (Marie Curie),Instituição,Universidade volante,"Organização educativa clandestina na Polónia no final do século XIX, destinada a desafiar a Censura russa e a permitir a educação das mulheres."
A descoberta da radioatividade (Marie Curie),Outro,Pechblenda,Minério de urânio negro e escuro a partir do qual os Curie isolaram o polónio e o rádio.
A descoberta da radioatividade (Marie Curie),Conceito,Curieterapia,Técnica médica que utiliza fontes radioativas colocadas no interior ou na proximidade imediata da zona a tratar (frequentemente cancros).
A descoberta da radioatividade (Marie Curie),Outro,Leucemia aplástica,"Doença rara e grave em que a medula óssea para de produzir células sanguíneas novas em quantidade suficiente, frequentemente causada por uma exposição prolongada às radiações."
A invenção da Internet,Instituição,CERN,"Conselho Europeu para a Pesquisa Nuclear, situado em Genebra, onde a Web foi inventada para facilitar a partilha de dados entre físicos."
A invenção da Internet,Conceito,Globalização,"Processo de integração dos mercados e de interdependência das economias e das culturas à escala planetária, grandemente facilitado pela Internet."
A invenção da Internet,Evento,Sputnik,"Primeiro satélite artificial enviado para o espaço pela URSS em 1957, provocando a reação americana que levará à criação da ARPA."
A descoberta da anestesia,Conceito,ciências,"Conjunto de conhecimentos e de estudos de valor universal, caracterizados por um objeto e um método determinados, e fundamentados em relações objetivas verificáveis."
A descoberta da anestesia,Conceito,choque traumático,"Estado de falha circulatória aguda provocado, neste contexto, por uma dor de uma intensidade insuportável para o sistema nervoso."
A descoberta da anestesia,Conceito,mesmerismo,"Técnica de magnetismo animal desenvolvida por Franz-Friedrich-Anton Mesmer, antepassado da hipnose, por vezes utilizada no século XIX para tentar reduzir a dor."
A descoberta da anestesia,Outro,éter sulfúrico,Líquido incolor e inflamável cujos vapores inalados foram o primeiro agente de anestesia geral funcional utilizado em cirurgia.
A descoberta da anestesia,Outro,clofórmio,"Composto químico líquido descoberto em 1831, utilizado como anestésico geral após o éter, nomeadamente pela sua potência e rapidez de ação."
A descoberta da anestesia,Personagem,James Young Simpson,Médico escocês que popularizou o uso do clorofórmio em obstetrícia e em cirurgia a partir de 1847.
A descoberta da anestesia,Personagem,Rainha Vitória,Soberana do Reino Unido cujo recurso ao clorofórmio durante os seus partos em 1853 e 1857 contribuiu para levantar os tabus religiosos sobre a anestesia.
"A estrutura do ADN (Watson & Crick, 1953)",Personagem,Friedrich Miescher,"Biólogo suíço que isolou pela primeira vez uma substância que chamou de ""nucleína"" (o ADN) nos núcleos de glóbulos brancos em 1869."
"A estrutura do ADN (Watson & Crick, 1953)",Conceito,cristalografia de difração de raios X,Técnica de análise que permite determinar a estrutura atómica de um cristal observando a forma como este desvia um feixe de raios X.
"A estrutura do ADN (Watson & Crick, 1953)",Conceito,sequenciamento do genoma,"Método que permite determinar a ordem precisa das bases azotadas (A, T, C, G) ao longo de uma molécula de ADN."
"A estrutura do ADN (Watson & Crick, 1953)",Personagem,Linus Pauling,"Químico americano de génio, rival de Watson e Crick, que propôs por erro uma estrutura em hélice tripla para o ADN pouco antes de 1953."
A teoria da evolução de Darwin (1859),Outro,HMS Beagle,Navio da Royal Navy que serviu de base a Charles Darwin para a sua volta ao Mundo científica entre 1831 e 1836.
A teoria da evolução de Darwin (1859),Outro,tentilhões,"Apelidados de 'tentilhões de Darwin', estas treze espécies de aves das Galápagos serviram de prova crucial para demonstrar a adaptação das espécies ao seu meio."
A teoria da evolução de Darwin (1859),Personagem,Samuel Wilberforce,"Bispo anglicano de Oxford, célebre pela sua oposição virulenta à teoria de Darwin durante um debate histórico em 1860."
A teoria da evolução de Darwin (1859),Personagem,Thomas Huxley,Biólogo britânico apelidado de 'bulldog de Darwin' pelo seu zelo em defender e difundir a teoria da evolução.
A teoria da evolução de Darwin (1859),Conceito,ADN,"Molécula suporte da informação genética, cuja compreensão permitiu validar e explicar os mecanismos de transmissão hereditária teorizados por Darwin."
O Big Bang,Conceito,singularidade,"Ponto do espaço-tempo onde a densidade e a curvatura se tornam infinitas, tornando as leis da física atuais inaplicáveis."
O Big Bang,Outro,nucleossíntese primordial,"Processo que decorreu durante os primeiros minutos do universo, resultando na formação dos núcleos atómicos leves (hidrogénio, hélio, lítio)."
O Big Bang,Outro,supernovas,"Explosões titânicas que marcam a morte de certas estrelas, utilizadas como 'velas padrão' para medir as distâncias cósmicas e a expansão."
Porque é que os vulcões entram em erupção?,Lugar,dorsais,"Cadeias de montanhas submarinas situadas no limite de duas placas tectónicas que se afastam, permitindo ao magma subir e criar nova crosta oceânica."
Porque é que os vulcões entram em erupção?,Conceito,nuvens ardentes,"Mistura de gases ardentes, cinzas e blocos rochosos que desce pelas encostas de um vulcão a velocidades superiores a 100 km/h durante erupções explosivas."
Porque é que os vulcões entram em erupção?,Conceito,supervulcão,"Estrutura vulcânica capaz de produzir erupções com um volume superior a 1 000 km3, frequentemente caracterizada por uma imensa caldeira em vez de um cone clássico."
Porque é que os vulcões entram em erupção?,Lugar,fontes hidrotermais,Chaminés hidrotermais situadas nos fundos marinhos que libertam fluidos ricos em minerais e metais a temperaturas muito elevadas.
Como se formam os sismos?,Conceito,A subdução,Processo geodinâmico em que uma placa tectónica oceânica se afunda sob outra placa (oceânica ou continental) antes de mergulhar no manto terrestre.
Como se formam os sismos?,Lugar,A astenosfera,"Parte dúctil do manto superior terrestre situada sob a litosfera rígida, permitindo o deslocamento das placas tectónicas."
Como se formam os sismos?,Conceito,A engenharia sismo-resistente,Domínio da engenharia civil que estuda a conceção e a construção de edifícios capazes de resistir a abalos sísmicos sem colapsar.
A catástrofe de Chernobil (1986),Conceito,INES,"Escala internacional de eventos nucleares, variando de 1 (anomalia) a 7 (acidente grave). Chernobil e Fukushima são os dois únicos eventos de nível 7."
A catástrofe de Chernobil (1986),Outro,liquidadores,Nome dado ao pessoal civil e militar enviado para o local após a explosão para descontaminar a zona e construir o primeiro sarcófago.
A catástrofe de Chernobil (1986),Personagem,Mikhail Gorbachev,"Último dirigente da URSS (1985-1991), admitiu que Chernobil foi um dos fatores que desencadeou o colapso da União Soviética."
A catástrofe de Chernobil (1986),Instituição,WANO,"World Association of Nuclear Operators, organização criada em 1989 para promover a segurança nuclear mundial através da troca de informações entre operadores."
Porque é que a Lua não cai na Terra?,Conceito,Velocidade de orbitagem,Velocidade mínima que um corpo deve atingir para permanecer em órbita em redor de um astro sem se despenhar nem escapar.
Porque é que a Lua não cai na Terra?,Conceito,Inércia,"Propriedade de um corpo de conservar a sua velocidade e a sua direção na ausência de força exterior, levando-o a avançar em linha reta no espaço."
Porque é que a Lua não cai na Terra?,Conceito,Velocidade de equilíbrio,Velocidade precisa para a qual a força centrífuga compensa exatamente a força de atração gravítica.
Haverá vida noutros locais do Universo?,Conceito,Exobiologia,"Disciplina científica que estuda as condições e os processos que permitem o aparecimento da vida no Universo, bem como a sua deteção."
Haverá vida noutros locais do Universo?,Conceito,Forças de maré,"Efeitos gravitacionais exercidos por um corpo celeste massivo sobre um Outro, provocando deformações e um aquecimento interno por fricção."
Haverá vida noutros locais do Universo?,Conceito,Bioassinaturas,"Substâncias, estruturas ou fenómenos que fornecem uma prova científica de uma vida passada ou presente (ex: oxigénio e metano simultâneos numa atmosfera)."
Haverá vida noutros locais do Universo?,Conceito,Grande Filtro,"Hipótese segundo a qual existe uma barreira evolutiva extremamente difícil de ultrapassar, explicando a raridade de civilizações avançadas."
Haverá vida noutros locais do Universo?,Conceito,Hipótese do zoológico,"Teoria que sugere que civilizações avançadas nos observam à distância sem interferir, para nos deixar evoluir naturalmente."
Haverá vida noutros locais do Universo?,Conceito,Espectroscopia,Estudo do espetro luminoso para determinar a composição química e física da matéria emissora ou atravessada.
O que é um buraco negro ?,Conceito,Disco de acreção,"Estrutura de gás e de poeira em rotação em torno de um Objeto massivo (como um buraco negro), aquecida pela fricção e brilhando intensamente."
O que é um buraco negro ?,Outro,Interferometria,Técnica que consiste em combinar os sinais de vários telescópios distantes para obter uma resolução equivalente à de um telescópio gigante.
O que é um buraco negro ?,Conceito,Radiação Hawking,"Radiação térmica teórica emitida pelos buracos negros devido a efeitos quânticos, levando à sua evaporação muito lenta."
A teoria da relatividade para todos,Personagem,Newton,"Físico inglês (1643-1727) que formulou a lei da gravitação universal, vendo a gravidade como uma força de atração entre as massas."
A teoria da relatividade para todos,Conceito,física nuclear,"Ramo da física que estuda o núcleo dos átomos e as reações que dele decorrem, baseando-se na equivalência massa-energia (E=mc²)."
A teoria da relatividade para todos,Conceito,buracos negros,Objetos celestes tão densos que o seu campo gravitacional impede qualquer forma de matéria ou de radiação de sair.
A teoria da relatividade para todos,Outro,radioastronomia,Ramo da astronomia que estuda os astros através da observação das ondas de rádio que eles emitem.
A teoria da relatividade para todos,Teoria,Big Bang,Modelo cosmológico que descreve a origem e a evolução do Universo a partir de uma fase de densidade e de temperatura extremas.
Como se formam os raios ?,Conceito,cumulonimbus,"Nuvem de grande desenvolvimento vertical, em forma de bigorna, responsável por fenómenos de tempestade, granizo e relâmpagos."
Como se formam os raios ?,Conceito,granizo,"Partícula de gelo menor e mais densa que o granizo, formada pelo congelamento de gotas de chuva, desempenhando um papel fundamental na eletrização das nuvens."
Como se formam os raios ?,Conceito,efeito triboelétrico,Fenómeno de tensão eletrostática criada pela fricção ou colisão entre dois materiais de naturezas diferentes.
Como se formam os raios ?,Conceito,Sprites,"Raios de cor vermelha que ocorrem acima das trovoadas na mesosfera, muito breves e difíceis de observar a olho nu."
Como se formam os raios ?,Conceito,Elves,"Discos luminosos em expansão rápida que aparecem na alta atmosfera durante raios potentes, devido a impulsos eletromagnéticos."
Como funciona uma vacina ?,Conceito,Os linfócitos B,"Glóbulos brancos que produzem anticorpos - proteínas capazes de reconhecer e neutralizar um patógeno específico. Após uma vacinação, uma parte torna-se «células de memória» que persistem, por vezes, a vida inteira."
Como funciona uma vacina ?,Conceito,Os linfócitos T,Tipo de glóbulos brancos capazes de destruir diretamente as células do corpo infetadas por vírus ou que se tornaram cancerosas.
Como funciona uma vacina ?,Conceito,Adjuvantes,"Substâncias adicionadas a certas vacinas para estimular e prolongar a resposta imunitária do corpo, tornando a vacina mais eficaz."
Como funciona uma vacina ?,Personagem,Edward Jenner,Médico britânico (1749-1823) considerado o pai da imunologia por ter criado a primeira vacina contra a varíola.
O que é o efeito estufa (de verdade) ?,Instituição,IPCC,"Painel Intergovernamental sobre Mudanças Climáticas, criado em 1988 para avaliar as informações científicas relacionadas às mudanças climáticas."
O que é o efeito estufa (de verdade) ?,Conceito,pergelissolo,"Parte de um solo congelada permanentemente por pelo menos dois anos consecutivos, armazenando enormes quantidades de carbono orgânico."
O que é o efeito estufa (de verdade) ?,Data,Plioceno,"Época geológica que se estende de aproximadamente 5,3 a 2,5 milhões de anos antes do presente, frequentemente usada como ponto de comparação para os níveis atuais de CO2."
O que é o efeito estufa (de verdade) ?,Conceito,efeito de estufa,"Processo natural de aquecimento de um planeta pela sua atmosfera, onde certos gases adsorvem e reemitem a radiação térmica da superfície."
Por que dormimos ?,Conceito,Microssonhos,"Episódios de sono involuntários com duração de algumas frações de segundo a 30 segundos, ocorrendo durante uma privação severa de sono."
Por que dormimos ?,Lugar,Neocórtex,"Zona externa do cérebro envolvida nas funções superiores (perceção, raciocínio, linguagem) onde são armazenadas as memórias de longo prazo."
Por que dormimos ?,Conceito,Citocinas,Substâncias de sinalização celular produzidas nomeadamente durante o sono para regular a resposta imunitária face às infeções.
Por que dormimos ?,Conceito,Sono REM,"Fase do sono caracterizada por uma atividade cerebral intensa, movimentos oculares rápidos e uma paralisia muscular, associada aos sonhos."
Por que dormimos ?,Conceito,Sinaptogênese,"Processo de formação das sinapses (conexões) entre os neurónios, particularmente intenso durante o sono nos recém-nascidos."
Como o cérebro armazena as memórias ?,Lugar,lobo temporal,"Região do cérebro situada atrás das têmporas, abrigando o hippocampe e envolvida no processamento das memórias e das informações auditivas."
Por que algumas espécies são imortais ?,Conceito,mTOR,"Acrónimo de 'mammalian Target of Rapamycin', uma proteína que regula o crescimento celular em resposta aos nutrientes. A sua sobreatividade está ligada ao envelhecimento precoce."
Por que algumas espécies são imortais ?,Conceito,células-tronco,Células indiferenciadas capazes de se dividir indefinidamente e de se especializar em diferentes tipos de células para reparar os tecidos.
Por que algumas espécies são imortais ?,Conceito,epigenética,"Estudo das modificações que influenciam a expressão dos genes sem alterar a sequência de ADN, frequentemente comparada a uma 'camada de software' que se altera com a idade."
Por que as folhas mudam de cor?,Conceito,fitocromos,"Fotorrecetores proteicos das plantas que permitem detetar as variações de luz e ajustar o seu ciclo biológico (floração, queda das folhas)."
Por que as folhas mudam de cor?,Conceito,taninos,Substâncias fenólicas castanhas e amargas que permanecem nas folhas mortas uma vez que todos os outros pigmentos se degradaram.
Por que as folhas mudam de cor?,Outro,pulgões,"Insetos parasitas das plantas; segundo a Teoria do sinal honesto, as cores de outono dissuadem-nos de se instalarem na árvore."
Por que as folhas mudam de cor?,Outro,nitrogênio,Nutriente essencial que a árvore procura recuperar das suas folhas antes do inverno para assegurar o seu crescimento na primavera seguinte.
O que é a matéria escura?,Conceito,Modelo padrão,"Teoria física que descreve as partículas elementares (quarks, eletrões, etc.) e três das quatro forças fundamentais, mas que não consegue explicar a matéria escura."
O que é a matéria escura?,Conceito,Halo,"Estrutura esférica invisível que rodeia uma galáxia, composta maioritariamente por matéria escura e que explica a sua estabilidade rotacional."
O que é a matéria escura?,Conceito,Lentes gravitacionais,Efeito de deformação da luz proveniente de um Objeto distante quando esta passa na proximidade de um Objeto maciço (como um aglomerado de matéria escura) que curva o espaço-tempo.
O que é a matéria escura?,Conceito,Bariônica,"Diz-se da matéria comum composta por protões e neutrões, em oposição à matéria escura cuja natureza é não-bariónica."
A fotossíntese explicada de forma simples,Outro,estômatos,"Pequenas aberturas ajustáveis na epiderme das folhas que permitem as trocas gasosas (CO2, O2) e a transpiração da planta."
A fotossíntese explicada de forma simples,Conceito,ATP,Trifosfato de adenosina. Molécula universal que serve como principal vetor de energia no interior das células vivas.
A fotossíntese explicada de forma simples,Conceito,NADPH,Molécula transportadora de eletrões de alta energia utilizada nas reações químicas de síntese da glicose.
Como funciona a eletricidade no nosso corpo?,Conceito,bombas de sódio-potássio,Proteínas membranares que utilizam a energia celular (ATP) para manter os gradientes de concentração iónica necessários ao potencial de repouso.
Como funciona a eletricidade no nosso corpo?,Conceito,glutamato,"Principal neurotransmissor excitatório do sistema nervoso central, desempenhando um papel crucial na plasticidade neuronal e na memória."
Como funciona a eletricidade no nosso corpo?,Conceito,potencial de repouso,Estado estável da tensão elétrica da membrana de um neurónio quando este não está a transmitir um sinal (cerca de -70 milivolts).
Por que certos sons nos dão arrepios?,Personagem,Matthew Sachs,"Investigador em neurociências, autor de estudos pioneiros (2016-2017) sobre as diferenças estruturais do cérebro em pessoas que sentem arrepios musicais."
Por que certos sons nos dão arrepios?,Conceito,Subcortical,"Designa as regiões profundas do cérebro (como o estriado ou a amígdala) situadas sob o córtex, responsáveis pelas funções instintivas e emocionais."
Por que certos sons nos dão arrepios?,Conceito,Resolução harmônica,A passagem de um acorde instável (tensão) para um acorde estável (repouso) na Teoria musical clássica.
Por que as estações existem em outros planetas?,Conceito,Obliquidade,Ângulo entre o eixo de rotação de um planeta e a perpendicular ao seu plano orbital; é a causa maior das estações.
Por que as estações existem em outros planetas?,Conceito,<periélio>,Ponto da órbita de um corpo celeste onde a distância deste corpo ao Sol é mínima.
Por que as estações existem em outros planetas?,Lugar,<anéis de Saturno>,"Sistema de anéis planetários composto de gelo e poeira que circunda Saturno, cujo aspeto varia segundo as estações do planeta."
Por que as estações existem em outros planetas?,Lugar,<exoplanetas>,"Planetas situados fora do sistema solar, orbitando em torno de uma outra estrela que não o Sol."
Por que as estações existem em outros planetas?,Conceito,Rotação retrógrada,"Sentido de rotação de um planeta que gira de Este para Oeste, ao contrário da maioria dos planetas do sistema solar."
"A Odisseia, Homero",Outro,aedos,Poetas cantores da Grécia antiga que improvisavam ou recitavam epopeias acompanhando-se tradicionalmente de uma lira (a phorminx).
"A Odisseia, Homero",Movimento,homéridas,Fraternidade ou corporação de cantores e poetas que se pretendiam descendentes de Homero e asseguravam a transmissão das suas obras.
"A Odisseia, Homero",Personagem,Milman Parry,"Filólogo americano que provou, através do estudo dos bardos balcânicos, que as obras de Homero repousavam sobre uma técnica de composição oral improvisada."
"A Odisseia, Homero",Conceito,tradição oral,"Modo de transmissão da cultura pela palavra, sem suporte escrito, apoiando-se em técnicas de memorização específicas."
"A Odisseia, Homero",Outro,grego homérico,"Língua literária arcaica e artificial utilizada por Homero, misturando diferentes dialetos gregos por razões de métrica e de ritmo."
"A Odisseia, Homero",Conceito,dáctilo,"Unidade de medida do verso grego (o hexâmetro dactílico) composto por uma sílaba longa seguida de duas breves, imitando o ritmo do galope."
"A Odisseia, Homero",Conceito,in media res,"Locução latina significando 'no meio das coisas', designando um processo narrativo onde o relato começa no cerne da intriga."
"A Odisseia, Homero",Conceito,analepse,Termo técnico designando um recuo no tempo dentro de um relato (flashback).
"A Odisseia, Homero",Conceito,nékya,Episódio ritual durante o qual o herói invoca os mortos para interrogar a sua sombra sobre o futuro.
"A Odisseia, Homero",Personagem,James Joyce,"Escritor irlandês de grande importância do século XX, autor do romance experimental 'Ulisses' (1922)."
"A Ilíada, Homero",Conceito,timé,"Na Grécia Antiga, a honra ou o reconhecimento público concedido a um herói em função dos seus feitos. É a falta de timè infligida por Agamenon que provoca a retirada de Aquiles."
"A Ilíada, Homero",Evento,cavalo de Troia,"Estratagema célebre de Ulisses que consistiu em introduzir soldados gregos em Troia através de um imenso cavalo de madeira. Este episódio não é narrado na Ilíada, mas sim na Odisseia e na Eneida."
"Édipo Rei, Sófocles",Obra,Poética,"Tratado de Aristóteles que analisa as regras da tragédia e da epopeia, fazendo de Édipo Rei o modelo do género."
"Édipo Rei, Sófocles",Obra,Antígona,"Tragédia de Sófocles que narra o destino da filha de Édipo, confrontada com o conflito entre as leis divinas e as leis humanas."
"Édipo Rei, Sófocles",Obra,Édipo em Colono,"Última peça de Sófocles que descreve a morte de Édipo no exílio, tornando-se uma figura sagrada após os seus sofrimentos."
"Édipo Rei, Sófocles",Conceito,tritagonista,"Terceiro ator introduzido por Sófocles, permitindo enriquecer o jogo dramático para além do simples frente a frente."
"Édipo Rei, Sófocles",Outro,loimos,Termo grego que designa a peste ou uma impureza religiosa que atinge uma cidade em punição por uma falta.
"Édipo Rei, Sófocles",Personagem,Tirésias,Adivinho cego de Tebas que possui o duplo conhecimento (passado e futuro) e revela a sua falta a Édipo.
"Édipo Rei, Sófocles",Conceito,anagnorisis,Momento da tragédia em que uma personagem passa da ignorância ao conhecimento (o reconhecimento).
"Édipo Rei, Sófocles",Conceito,peripeteia,"A inversão brutal da situação de uma personagem, passando da felicidade à infelicidade extrema."
"Édipo Rei, Sófocles",Conceito,pharmakos,"Bode expiatório na Grécia antiga, purgando a cidade do seu mal através da sua expulsão ou do seu sacrifício."
"Édipo Rei, Sófocles",Outro,ainigma,"Palavra grega que significa enigma, designando o jogo do espírito mas também a palavra obscura dos oráculos."
"Antígona, Sófocles",Evento,Sete contra Tebas,Expedição militar liderada por Polinice e seis outros chefes contra a sua própria cidade de Tebas para retomar o trono a Etéocles.
"Antígona, Sófocles",Lugar,Hades,"A morada dos mortos na mitologia grega, onde as almas residem após terem recebido os ritos funerários."
"Antígona, Sófocles",Conceito,peripécia,Mudança súbita de situação numa peça de teatro que leva a ação para o seu desfecho.
"O Banquete, Platão",Conceito,andróginos,"Seres míticos que possuem ao mesmo tempo os caracteres masculinos e femininos. No relato de Aristófanes, representam uma das três formas originais da humanidade antes de serem cindidos pelos deuses."
"O Banquete, Platão",Conceito,daimôn,"Na mitologia grega e em Platão, ser intermediário entre os deuses e os mortais, servindo de mensageiro ou de mediador. Eros é descrito como um daimôn porque liga o desejo humano à perfeição divina."
"O Banquete, Platão",Conceito,Eros,"Divindade grega do Amor e do desejo. Em Platão, simboliza a força de atração que empurra a alma em direção ao belo e ao saber."
"O Banquete, Platão",Personagem,Alcibíades,"Homem política e general ateniense célebre pelo seu carisma, pela sua beleza e pela sua instabilidade. A sua entrada estrondosa no fim de O Banquete oferece um retrato vivo de Sócrates."
"A República, Platão",Conceito,Epithumia,"Na psicologia de Platão, a parte desejante da alma ligada às necessidades biológicas e aos apetites materiais."
"A República, Platão",Conceito,Thumos,"A parte 'irascível' ou 'espirituosa' da alma, sede da coragem, da cólera nobre e da força de caráter."
"A República, Platão",Conceito,Logos,"A parte racional da alma, capaz de aceder à verdade e de dirigir as outras partes para a harmonia."
"A República, Platão",Lugar,Kallipolis,"Nome que significa 'bela cidade', designando a cidade ideal construída por Sócrates e os seus interlocutores em A República, Platão."
"A República, Platão",Personagem,Karl Popper,"Filósofo do século XX autor de 'A Sociedade Aberta e os Seus Inimigos', crítico radical do modelo platónico que considera precursor dos totalitarismos."
"A República, Platão",Personagem,Alfred North Whitehead,Filósofo e matemático britânico célebre pela sua fórmula que sublinha a influência hegemónica de Platão sobre a história do pensamento.
"A Apologia de Sócrates, Platão",Conceito,apologia,"Termo grego que significa « defesa ». No contexto antigo, trata-se de um discurso destinado a justificar os seus atos num processo, e não de expressar arrependimento."
"A Apologia de Sócrates, Platão",Movimento,sofistas,"Mestres de retórica e de eloquência na Grécia Antiga que ensinavam a arte de persuadir mediante remuneração, frequentemente criticados por Sócrates pela sua falta de preocupação com a verdade absoluta."
"A Apologia de Sócrates, Platão",Lugar,Pritaneu,"Edifício público de Atenas onde residiam os magistrados e onde eram alimentados, a expensas da cidade, os cidadãos merecedores e os atletas vitoriosos."
"Os Trabalhos e os Dias, Hesíodo",Lugar,Beócia,"Região da Grécia central, ao norte da Ática, cuja capital era Tebas. Percebida pelos atenienses como uma terra de camponeses rudes, é a pátria de Hesíodo."
"Os Trabalhos e os Dias, Hesíodo",Conceito,Hybris,"Noção grega que designa a desmesura, o orgulho insensato que leva o homem a acreditar ser igual aos deuses. É o crime supremo que acarreta o castigo divino (Nêmesis)."
"Os Trabalhos e os Dias, Hesíodo",Personagem,Erasmo,"Humanista do Renascimento que, ao traduzir Hesíodo para o latim, substituiu o termo grego 'pithos' (jarro) por 'pyxis' (caixa), criando assim a expressão errônea mas célebre de 'caixa de Pandora'."
"Os Trabalhos e os Dias, Hesíodo",Obra,Geórgicas,"Poema didático latim de Virgílio que trata da agricultura, diretamente inspirado pela obra de Hesíodo."
"Medreia, Eurípides",Personagem,Ésquilo,"O mais antigo dos três grandes autores de tragédias gregas, conhecido pela dimensão religiosa e coletiva de suas peças."
"Medreia, Eurípides",Personagem,Sófocles,"Tragediógrafo grego, autor de Édipo Rei, que introduziu o terceiro ator e se concentrou na solidão heroica."
"Medreia, Eurípides",Conceito,Bárbaro,"Para os gregos, designa qualquer pessoa que não fale grego e seja estrangeira à sua cultura. O termo não é inicialmente insultuoso, mas marca uma alteridade radical."
"Medreia, Eurípides",Instituição,Argonautas,"Grupo de heróis que, segundo a Mitologia, acompanharam Jasão no navio Argo para buscar o Velo de Ouro."
"Medreia, Eurípides",Conceito,Thumos,"Conceito grego que designa a alma irascível, sede da cólera, da coragem e do sentimento de honra."
"Medreia, Eurípides",Conceito,Deus ex machina,Procedimento teatral que consiste na intervenção de um deus ou de uma força divina no final de uma peça para resolver uma situação inextricável.
"Os Miseráveis, Victor Hugo",Conceito,Digressões,"Interrupção da narrativa principal pelo autor para tratar de um tema histórico, filosófico ou sociológico (ex: Waterloo em Os Miseráveis)."
"Os Miseráveis, Victor Hugo",Lugar,Esgotos de Paris,Subsolo da capital utilizado por Hugo como metáfora do inconsciente social e lugar da fuga heroica de Jean Valjean.
"Os Miseráveis, Victor Hugo",Movimento,ABC,"Nome da sociedade secreta fictícia de estudantes republicanos liderada por Enjolras, cujo nome é um jogo de palavras com 'les abaissés' (os humilhados/o povo)."
"Os Miseráveis, Victor Hugo",Conceito,Literatura engajada,"Tipo de obra onde o autor coloca a sua arte ao serviço de uma causa política, social ou ética para transformar a sociedade."
"Madame Bovary, Flaubert",Movimento,realismo,"Movimento literário do século XIX que visa representar a realidade social e humana da maneira mais fiel possível, sem a idealizar."
"Madame Bovary, Flaubert",Personagem,Homais,"Farmacêutico de Yonville, figura da burguesia triunfante, pedante e medíocre, que se opõe ao desespero de Emma através do seu sucesso social."
"O Vermelho e o Negro, Stendhal",Referência histórica,Vulgata,"Tradução latina da Bíblia, utilizada pela Igreja Católica. Dominar este texto de cor era um sinal de erudição bíblica imensa, utilizado por Julien Sorel para impressionar o clero e os nobres."
"O Vermelho e o Negro, Stendhal",Outro,Crônica de 1830,Título alternativo e subtítulo do romance que sublinha a vontade de Stendhal de ancorar o seu relato na atualidade política e social fervorosa do seu tempo.
"O Vermelho e o Negro, Stendhal",Conceito,Beylismo,"Filosofia de vida e de escrita de Stendhal que alia a análise lúcida do mundo, a busca pela felicidade individual e a rejeição da ênfase romântica."
"Cândido, Voltaire",Evento,Guerra dos Sete Anos,Conflito maior (1756-1763) opondo principalmente a França à Grã-Bretanha. Voltaire utiliza-o para denunciar a «carnificina heroica» das batalhas.
"Cândido, Voltaire",Instituição,Inquisição,"Tribunal eclesiástico encarregado de perseguir a heresia. Em Cândido, ilustra o fanatismo religioso que Voltaire combate."
"Cândido, Voltaire",Conceito,Autodafé,Cerimónia de penitência pública onde por vezes se queimam heréticos. Voltaire faz dela uma demonstração de absurdo supersticioso.
"Cândido, Voltaire",Personagem,Leibniz,"Gottfried Wilhelm Leibniz (1646-1716), filósofo alemão cuja Teodiceia defende a ideia de que Deus criou o 'melhor dos mundos possíveis'."
"As Confissões, Rousseau",Conceito,pacto autobiográfico,"Conceito teorizado por Philippe Lejeune que designa o compromisso do autor em dizer a verdade sobre si mesmo, criando uma identidade entre o autor, o narrador e o personagem."
"As Confissões, Rousseau",Movimento,romantismo,"Movimento cultural europeu que privilegia a expressão dos sentimentos, a imaginação e a exaltação da natureza, do qual Rousseau é considerado um dos pais espirituais."
"O Estrangeiro, Camus",Instituição,Gallimard,"Prestigiada editora francesa que publicou O Estrangeiro em 1942 e da qual Camus se tornaria, mais tarde, um dos leitores influentes."
"O Estrangeiro, Camus",Movimento,Nouveau Roman,"Movimento literário dos anos 1950 que rejeitou as convenções do romance tradicional (enredo, psicologia das personagens), encontrando no estilo neutro de Camus um precursor."
"O Estrangeiro, Camus",Personagem,Kamel Daoud,"Escritor argelino contemporâneo, autor de 'Meursault, contra-enquête', que dá uma identidade e uma voz ao irmão do Árabe morto por Meursault."
"O Estrangeiro, Camus",Conceito,pós-coloniais,"Estudos críticos que analisam as consequências culturais, políticas e sociais da colonização, interessando-se particularmente pela representação do Outro na arte."
"O Mito de Sísifo, Camus",Movimento,Teatro do absurdo,"Corrente teatral dos anos 1950 (Beckett, Ionesco) que rompe com o naturalismo para encenar o sem-sentido da condição humana e o fracasso da linguagem."
"Em Busca do Tempo Perdido, Proust",Outro,Salões mundanos,"Lugares de sociabilidade da alta sociedade onde as pessoas se reúnem para discutir política, arte e literatura, decisivos na aprendizagem social do narrador."
"Em Busca do Tempo Perdido, Proust",Personagem,André Gide,Escritor francês e figura central da NRF que inicialmente recusou o manuscrito de Proust antes de se tornar um de seus maiores admiradores.
"Em Busca do Tempo Perdido, Proust",Personagem,Monsieur de Charlus,"Personagem central e complexo da Recherche, aristocrata culto cujo destino Proust utiliza para explorar a homossexualidade e o declínio social."
"1984, George Orwell",Instituição,POUM,Partido Operário de Unificação Marxista. Organização revolucionária antiestalinista na Espanha na qual Orwell combateu.
"1984, George Orwell",Conceito,Censura,"Ação de limitar ou proibir a difusão de ideias, informações ou obras por uma autoridade pública ou religiosa."
"1984, George Orwell",Conceito,Duplipensamento,"Capacidade de aceitar duas crenças contraditórias como verdadeiras ao mesmo tempo, permitindo ignorar a realidade física em favor da doutrina do Partido."
"A Revolução dos Bichos, George Orwell",Data,Segunda Guerra Mundial,Conflito mundial (1939-1945) durante o qual a URSS foi a aliada da Grã-Bretanha e dos Estados Unidos contra a Alemanha nazista.
"A Revolução dos Bichos, George Orwell",Conceito,proletariado,Classe social composta pelos trabalhadores que não possuem meios de produção e vendem sua força de trabalho para subsistir.
"A Revolução dos Bichos, George Orwell",Personagem,Czar Nicolau II,"Último imperador da Rússia, derrubado durante a Revolução de 1917, representado pelo fazendeiro Jones no romance."
"A Revolução dos Bichos, George Orwell",Conceito,novilíngua,Conceito de Orwell que designa uma linguagem simplificada e manipulada a fim de impedir qualquer pensamento crítico ou oposicionista.
"A Revolução dos Bichos, George Orwell",Evento,Revolução Russa,Eventos de 1917 que levaram à derrubada do regime tsarista e à tomada de poder pelos bolcheviques liderados por Lênin.
"Romeu e Julieta, Shakespeare",Obra,Romeu e Julieta,"Tragédia de William Shakespeare escrita por volta de 1595, relatando a paixão de dois amantes cujas famílias inimigas impedem a união."
"Romeu e Julieta, Shakespeare",Personagem,Matteo Bandello,Escritor italiano do século XVI cuja novela serviu de fonte principal a Shakespeare para a sua intriga.
"Romeu e Julieta, Shakespeare",Conceito,Vendetta,"Ódio ou vingança hereditária entre duas famílias ou clãs, motor da tragédia na peça."
"Romeu e Julieta, Shakespeare",Conceito,Cínico,"Aqui, atitude que consiste em zombar dos valores ideais e dos sentimentos por espírito crítico ou desilusão, como faz Mercutio."
"Romeu e Julieta, Shakespeare",Conceito,Peripatetismo,"No sentido lato no teatro, a arte de desenvolver um pensamento através da ação e do movimento das personagens."
"Romeu e Julieta, Shakespeare",Obra,West Side Story,Célebre comédia musical de 1957 que adapta o enredo de Shakespeare ao conflito entre dois bandos de Nova York.
"Admirável Mundo Novo, Aldous Huxley",Obra,1984,"Romance de George Orwell publicado em 1949 descrevendo uma distopia totalitária baseada na vigilância constante, na repressão e na manipulação da linguagem (a Novilíngua)."
"Admirável Mundo Novo, Aldous Huxley",Conceito,processo Bokanovsky,"No romance, técnica que consiste em provocar, por choques térmicos ou químicos, múltiplas brotações a partir de um único ovo, permitindo criar até 96 gémeos idênticos."
"Admirável Mundo Novo, Aldous Huxley",Obra,Regresso ao Admirável Mundo Novo,"Ensaio publicado por Aldous Huxley em 1958 onde ele analisa, 27 anos mais tarde, a evolução da sociedade em relação às suas próprias previsões romanescas."
"Frankenstein, Mary Shelley",Conceito,Galvanismo,"Teoria física de Luigi Galvani no século XVIII sugerindo que os músculos dos animais são ativados por um fluido elétrico, abrindo o imaginário sobre a reanimação dos mortos."
"Frankenstein, Mary Shelley",Movimento,Romantismo,"Movimento literário e artístico do século XIX privilegiando a expressão dos sentimentos, o imaginário, a natureza selvagem e os tormentos da alma."
"Frankenstein, Mary Shelley",Conceito,Hubris,"Termo grego que designa o orgulho desmedido de um humano que procura igualar os deuses, levando inevitavelmente à sua queda."
"Frankenstein, Mary Shelley",Conceito,Tabula rasa,"Conceito filosófico segundo o qual a mente humana nasce virgem de qualquer conhecimento ou inclinação moral, e se constrói apenas através da experiência e da educação."
"Frankenstein, Mary Shelley",Conceito,Pós-humanismo,Corrente de pensamento que explora a ideia de uma humanidade transformada ou superada pelos avanços tecnológicos e biológicos.
"Frankenstein, Mary Shelley",Conceito,Determinismo social,Princípio segundo o qual as condições sociais e o ambiente de um indivíduo determinam o seu comportamento e o seu destino.
"Frankenstein, Mary Shelley",Obra,O Paraíso Perdido,"Poema épico de John Milton que trata da queda do homem e da revolta de Satanás contra Deus, livro fundamental que a criatura lê para compreender a sua própria condição."
"Crime e Castigo, Dostoiévski",Obra,Crime e Castigo,"Romance de Fiódor Dostoiévski publicado em 1866, pilar da literatura russa que explora os temas da culpa, da moral e da redenção."
"Crime e Castigo, Dostoiévski",Movimento,Círculo de Petrashevski,"Grupo de discussão intelectual russa de inspiração socialista ao qual Dostoiévski pertencia, o que lhe valeu uma condenação à morte."
"Crime e Castigo, Dostoiévski",Lugar,Prisão de Omsk,"Local de detenção na Sibéria onde Dostoiévski passou quatro anos de trabalhos forçados, experiência que forjou a sua visão do sofrimento humano."
"Crime e Castigo, Dostoiévski",Conceito,Psicologia judiciária,"Método de investigação utilizado pela personagem de Porfiri Petrovitch, consistindo em analisar as reações nervosas e mentais do suspeito em vez das provas materiais."
"Crime e Castigo, Dostoiévski",Outro,Ressurreição de Lázaro,"Episódio do Evangelho segundo João onde Jesus traz Lázaro de volta à vida, símbolo central da renovação espiritual de Raskolnikov no romance."
"O Processo, Kafka",Lugar,Império Austro-Húngaro,Entidade política multicultural da Europa Central dirigida pelos Habsburgos de 1867 até à sua dissolução em 1918 após a Primeira Guerra Mundial.
"O Processo, Kafka",Obra,Parábola diante da Lei,"Episódio-chave situado no fim de O Processo, contado por um padre a Josef K., ilustrando a impenetrabilidade da Lei e a impotência humana."
"Dom Quixote, Cervantes",Personagem,James Joyce,"Escritor irlandês de destaque do século XX, autor de Ulisses, cuja estrutura narrativa complexa e a exploração da psicologia humana são herdeiras diretas das inovações estruturais instauradas por Cervantes."
"As Vinhas da Ira, Steinbeck",Lugar,Hoovervilles,"Nome dado às favelas construídas pelos sem-abrigo nos Estados Unidos durante a Grande Depressão, em referência irónica ao presidente Herbert Hoover, julgado responsável pela crise."
"O Sol é para Todos, Harper Lee",Conceito,salvador branco,"Trope narrativo onde uma personagem branca vem em socorro de indivíduos não brancos numa situação desesperada, frequentemente utilizado para criticar o ponto de vista centrado nos brancos nas narrativas de luta racial."
"O Sol é para Todos, Harper Lee",Obra,"Vá, coloca uma sentinela","Segundo romance de Harper Lee publicado em 2015. Escrito antes de 'To Kill a Mockingbird', apresenta uma versão mais velha e mais ambígua de Atticus Finch."
"O Sol é para Todos, Harper Lee",Personagem,Gregory Peck,Ator americano que venceu o Oscar de melhor ator em 1963 pela sua interpretação emblemática de Atticus Finch no cinema.
"O Grande Gatsby, Fitzgerald",Conceito,Deus ausente,"Tema recorrente no romance ligado ao painel publicitário de T.J. Eckleburg, sugerindo um mundo moderno onde a espiritualidade foi substituída pelo comércio e onde a moral subsiste apenas sob a forma de simulacros."
"O Senhor dos Anéis, Tolkien",Movimento,Alta Fantasia,"Subgénero da fantasia que se desenrola num mundo totalmente imaginário, envolvendo questões épicas de luta entre o bem e o mal e uma forte coerência mitológica."
"O Senhor dos Anéis, Tolkien",Outro,inglês antigo,"Também chamado de anglo-saxão, trata-se da forma antiga da língua inglesa falada entre o século V e o XI, da qual Tolkien era um especialista mundial."
"O Senhor dos Anéis, Tolkien",Conceito,Maia,"Na mitologia de Tolkien, espíritos divinos de categoria inferior aos Valar (os deuses). Sauron e Gandalf são Maiar."
"O Senhor dos Anéis, Tolkien",Lugar,Gondor,"O principal reino dos Homens ao sul da Terra Média, bastião da resistência contra Sauron."
"O Senhor dos Anéis, Tolkien",Instituição,Inklings,"Círculo literário informal reunido em Oxford em volta de Tolkien e C.S. Lewis, onde os membros liam as suas obras em curso de redação."
"Fahrenheit 451, Bradbury",Obra,1984,Romance de George Orwell (1949) descrevendo uma ditadura totalitária baseada na vigilância e na repressão direta do pensamento pelo Estado.
"Fahrenheit 451, Bradbury",Conceito,consumo de massa,Modelo económico e social que surgiu no século XX caracterizado por uma padronização de produtos e um estímulo permanente ao desejo de compra nos cidadãos.
"Cem Anos de Solidão, García Márquez",Obra,Cem Anos de Solidão,"Romance de Gabriel García Márquez publicado em 1967, considerado um dos cumes da literatura mundial do século XX."
"Cem Anos de Solidão, García Márquez",Outro,Sânscrito,Língua clássica da Índia antiga utilizada por Melquíades no romance para codificar as profecias sobre a família Buendía.
"Cem Anos de Solidão, García Márquez",Personagem,Mario Vargas Llosa,"Escritor peruano, figura central do Boom da literatura latino-americana e amigo (depois rival) de García Márquez."
"A Metamorfose, Kafka",Obra,A Metamorfose,Novela maior da literatura mundial (1915) relatando a transformação repentina de Gregor Samsa num inseto.
"A Metamorfose, Kafka",Personagem,Max Brod,"Amigo próximo e executor testamentário de Kafka que, contrariamente aos seus desejos, publicou os seus manuscritos a título póstumo."
"A Metamorfose, Kafka",Conceito,kafkiana,"Adjetivo que designa uma situação absurda, opressiva e ilógica, típica do universo burocrático e angustiante descrito pelo autor."
"A Metamorfose, Kafka",Outro,pensionistas,Indivíduos que alugam um quarto e fazem as suas refeições numa casa particular; a sua presença na casa dos Samsa acelera a exclusão de Gregor.
"Moby Dick, Melville",Movimento,Literatura americana,"Conjunto das obras literárias produzidas nos Estados Unidos, marcada no século XIX pela emergência de uma voz nacional distinta da Europa."
"Moby Dick, Melville",Lugar,Marquesas,"Arquipélago da Polinésia Francesa onde Melville permaneceu em 1842 após ter desertado o seu baleeiro, experiência que inspirou os seus primeiros romances."
"Moby Dick, Melville",Obra,Typee,"Primeiro romance de Melville (1846), relato semibiográfico das suas aventuras entre uma tribo canibal, que foi o seu maior sucesso em vida."
"Moby Dick, Melville",Conceito,Cânone literário,"Conjunto das obras consideradas como fundamentais, exemplares e dignas de serem ensinadas numa determinada cultura."
"Moby Dick, Melville",Lugar,New Bedford,Cidade costeira de Massachusetts que foi a capital mundial da indústria baleeira em meados do século XIX.
"Moby Dick, Melville",Personagem,Queequeg,"Arpoador polinésio tatuado do Pequod, amigo fiel de Ismael, representando a nobreza selvagem e a sabedoria pré-cristã."
"Moby Dick, Melville",Personagem,Starbuck,"Primeiro imediato do Pequod, quaker pragmático e corajoso que se opõe à loucura vingativa de Ahab em nome do bom senso."
"Moby Dick, Melville",Personagem,Stubb,"Segundo oficial do Pequod, caracterizado pelo seu flegma jovial e pelo seu cachimbo, enfrentando os perigos do mar com indiferença."
"Moby Dick, Melville",Personagem,Flask,"Terceiro oficial do Pequod, apelidado de 'King-Post', que vê na baleia uma simples presa a ser abatida sem qualquer sentimento."
"Moby Dick, Melville",Outro,Cetologia,"Ramo da zoologia que estuda os cetáceos (baleias, cachalotes, golfinhos)."
"Moby Dick, Melville",Outro,Cachalote,"Grande mamífero marinho com dentes, caçado no século XIX pelo seu óleo e pelo espermacete alojado na sua cabeça."
"Moby Dick, Melville",Outro,Espermacete,"Substância cerosa alojada na cabeça do cachalote, utilizada para fabricar velas de alta qualidade."
"Moby Dick, Melville",Conceito,Leviatã,"Monstro marinho da mitologia bíblica, frequentemente utilizado para designar uma criatura ou uma estrutura de uma potência colossal e terrível."
"Moby Dick, Melville",Conceito,Malignidade,"Propensão para fazer o mal, maldade deliberada. No romance, Ahab projeta esta intenção no animal."
"O Pequeno Príncipe, Saint-Exupéry",Lugar,Nova York,"Cidade de exílio de Saint-Exupéry entre 1940 e 1943, onde ele escreveu O Pequeno Príncipe."
"O Pequeno Príncipe, Saint-Exupéry",Lugar,Long Island,Ilha próxima a Nova York onde Saint-Exupéry residia durante a redação do conto.
"O Pequeno Príncipe, Saint-Exupéry",Instituição,Reynal & Hitchcock,Editora americana que publicou a primeiríssima edição do Pequeno Príncipe em 1943.
"O Pequeno Príncipe, Saint-Exupéry",Outro,Lockheed P-38 Lightning,Modelo de avião de reconhecimento bimotor pilotado por Saint-Exupéry durante sua última missão.
"O Pequeno Príncipe, Saint-Exupéry",Outro,baobás,"Árvores gigantes que, no conto, simbolizam os perigos ou os maus pensamentos que devem ser extirpados assim que aparecem."
"O Pequeno Príncipe, Saint-Exupéry",Lugar,B-612,Nome dado a um asteroide real em homenagem ao asteroide B-612 do Pequeno Príncipe.
"O Pequeno Príncipe, Saint-Exupéry",Instituição,Aéropostale,Companhia aérea francesa de transporte de correio onde trabalhou Saint-Exupéry.
"O Alquimista, Paulo Coelho",Obra,O Alquimista,"Romance de Paulo Coelho publicado em 1988, narrando a busca iniciática de um pastor chamado Santiago."
"O Alquimista, Paulo Coelho",Personagem,Raul Seixas,Famoso roqueiro brasileiro dos anos 1970 com quem Paulo Coelho colaborou como letrista.
"O Alquimista, Paulo Coelho",Lugar,Santiago de Compostela,"Famosa peregrinação católica que Coelho percorreu, inspirando seu renascimento espiritual e sua escrita."
"O Alquimista, Paulo Coelho",Instituição,Rocco,Importante editora brasileira que assumiu a publicação de O Alquimista e o tornou um sucesso.
"O Alquimista, Paulo Coelho",Conceito,cultura mainstream,Corrente cultural dominante que se dirige ao grande público e beneficia de uma difusão em massa.
"O Alquimista, Paulo Coelho",Lugar,Tânger,Cidade portuária de Marrocos onde Santiago desembarca no início da sua jornada africana.
"O Alquimista, Paulo Coelho",Lugar,Saara,"O maior deserto quente do mundo, que Santiago deve atravessar para chegar ao Egito."
"O Alquimista, Paulo Coelho",Conceito,Maktub,"Expressão árabe que significa 'estava escrito', sublinhando a convicção de que certos eventos são predestinados."
"O Alquimista, Paulo Coelho",Movimento,desenvolvimento pessoal,Corrente de pensamento e de literatura que visa a melhoria da qualidade de vida e a realização do seu potencial.
"A Poética, Aristóteles",Personagem,Abū Bis̲hr Mattā,Filósofo cristão tradutor do século X que permitiu a transmissão da Poética no mundo árabe.
"A Poética, Aristóteles",Personagem,Averróis,Filósofo e teólogo andaluz do século XII cujos comentários sobre Aristóteles influenciaram fortemente a Europa medieval.
"A Poética, Aristóteles",Lugar,teatro de Epidauro,"Um dos teatros mais bem conservados da Grécia Antiga, reputado pela sua acústica excecional."
"O Pai Goriot, Balzac",Conceito,Mundo,"Termo balzaquiano que designa a alta sociedade, a elite parisiense (aristocracia e grande burguesia) com os seus códigos impiedosos, os seus salões e a sua preocupação permanente com as aparências."
"O Mestre e Margarida, Bulgákov",Instituição,NKVD,"Polícia política da URSS sob Estaline, antepassada do KGB, responsável pela repressão e pela vigilância dos cidadãos."
"O Mestre e Margarida, Bulgákov",Movimento,Samizdat,"Sistema de difusão clandestina de escritos proibidos pelo poder soviético, reproduzidos à mão ou à máquina de escrever."
"O Mestre e Margarida, Bulgákov",Movimento,Realismo socialista,Doutrina artística oficial da URSS que exigia que a arte estivesse ao serviço do partido e representasse a realidade sob uma perspectiva heróica e pró-comunista.
"Hamlet, Shakespeare",Obra,"Hamlet, Príncipe da Dinamarca","Tragédia de William Shakespeare publicada por volta de 1603, considerada um dos auges da literatura mundial pela sua profundidade psicológica."
"Hamlet, Shakespeare",Lugar,Wittenberg,"Cidade alemã célebre pela sua universidade onde se supõe que Hamlet tenha estudado, lugar altamente simbólico por ser o berço da Reforma Protestante."
"Hamlet, Shakespeare",Conceito,lei de talião,"Princípio de justiça punitiva que consiste em infligir ao culpado o mesmo dano que ele causou (olho por olho, dente por dente)."
"Hamlet, Shakespeare",Conceito,complexo de Édipo,"Conceito psicanalítico teorizado por Freud, frequentemente aplicado a Hamlet para explicar a sua relação conturbada com Gertrudes e a sua hesitação em matar Cláudio."
"As Flores do Mal, Baudelaire",Movimento,Romantismo,"Movimento literário e artístico do início do século XIX que privilegia a expressão dos sentimentos, o lirismo e a relação com a natureza, do qual Baudelaire se distanciou pela sua recusa da idealização."
"As Flores do Mal, Baudelaire",Obra,Madame Bovary,"Romance de Gustave Flaubert publicado em 1857, célebre pelo seu realismo e que sofreu, tal como As Flores do Mal, um processo por imoralidade no mesmo ano."
"As Flores do Mal, Baudelaire",Conceito,Modernidade,"Conceito baudelairiano que consiste em encontrar o belo e o eterno no seio do efêmero e da vida urbana contemporânea, em vez de nos modelos antigos."
"As Flores do Mal, Baudelaire",Personagem,Barão Haussmann,"Prefeito do Sena sob Napoleão III, responsável pelos grandes trabalhos de transformação de Paris que inspiraram os 'Tableaux parisiens' de Baudelaire."
"As Flores do Mal, Baudelaire",Conceito,Poema em prosa,"Forma poética sem rimas nem versos medidos, da qual Baudelaire foi o pioneiro com 'Le Spleen de Paris', buscando uma prosa musical adaptada aos choques da vida urbana."
"As Flores do Mal, Baudelaire",Obra,O Spleen de Paris,Coletânea póstuma de pequenos poemas em prosa onde Baudelaire prossegue a sua exploração da modernidade e da errância urbana.
O Renascimento italiano,Conceito,Mecenato,"Apoio financeiro e política concedido por um personagem poderoso (o mecenas) a artistas ou escritores, muitas vezes em troca da produção de obras para a sua glória."
O Renascimento italiano,Personagem,Pico della Mirandola,"Filósofo humanista italiano, autor do 'Discurso sobre a dignidade do homem', texto fundador que coloca a liberdade humana no cerne da criação."
O Renascimento italiano,Outro,Têmpera,"Técnica de pintura medieval que utiliza a gema de ovo para aglutinar os pigmentos, substituída durante o Renascimento pela pintura a óleo, mais flexível e luminosa."
O nascimento do impressionismo,Conceito,vanguarda,Movimento artístico ou intelectual que rompe com as convenções do passado para explorar novas vias estéticas.
O nascimento do impressionismo,Personagem,Michel-Eugène Chevreul,Químico francês cuja '<Lei> do contraste simultâneo das cores' (1839) fundamentou teoricamente o uso das <cores complementares> pelos impressionistas.
O nascimento do impressionismo,Lugar,Café Guerbois,"Célebre estabelecimento parisiense onde a <vanguarda> (Manet, Monet, Renoir, Zola) se reunia para debater a pintura moderna."
O nascimento do impressionismo,Personagem,Paul Durand-Ruel,"Marchand de <Arte> audacioso que apoiou financeiramente os impressionistas e permitiu o seu sucesso internacional, nomeadamente nos Estados Unidos."
O nascimento do impressionismo,Movimento,estampas japonesas,"Gravuras em madeira (Ukiyo-e) que chegaram à Europa no século XIX, cujos enquadramentos assimétricos e cores planas fascinaram Degas e Monet."
O nascimento do impressionismo,Movimento,neoimpressionismo,"Movimento sucessor do <impressionismo>, liderado por Georges Seurat, aplicando cientificamente a decomposição da cor sob a forma de pontos."
Caravaggio e o chiaroscuro,Personagem,Michelangelo Merisi,"Nome de nascimento de <Caravaggio>, que ele abandona em favor do nome da sua aldeia de origem para evitar a confusão com Miguel Ângelo (Buonarroti)."
Caravaggio e o chiaroscuro,Lugar,Porto Ercole,"Cidade costeira da Toscana onde <Caravaggio> morre de doença e exaustão em 1610, enquanto tentava regressar a Roma para obter o seu perdão."
Caravaggio e o chiaroscuro,Movimento,Contrarreforma,"Movimento da Igreja Católica que visava reforçar a fé e responder à Reforma Protestante, utilizando nomeadamente a <Arte> como ferramenta de persuasão e de emoção."
Caravaggio e o chiaroscuro,Movimento,Maneirismo,"Estilo artístico do final do Renascimento caracterizado por formas alongadas, composições complexas e uma rejeição voluntária do naturalismo em favor do artifício."
Rembrandt e a escola flamenga,Conceito,chiaroscuro,Técnica pictórica que joga com contrastes violentos entre zonas luminosas e zonas de sombra para criar volume e profundidade dramática.
Rembrandt e a escola flamenga,Evento,falência pessoal,"Em 1656, na sequência de dívidas massivas ligadas ao seu estilo de vida e às suas coleções, Rembrandt é declarado insolvente, perdendo todos os seus bens materiais."
Rembrandt e a escola flamenga,Lugar,Kloveniersdoelen,"Sede dos arcabuzeiros de Amesterdão, onde eram originalmente expostos os grandes retratos de grupo das milícias burguesas."
Rembrandt e a escola flamenga,Personagem,Vermeer,"Pintor holandês contemporâneo de Rembrandt, célebre pelas suas cenas de interior calmas e pelo seu uso magistral da luz natural."
"O romantismo na pintura (Delacroix, Géricault)",Movimento,neoclassicismo,"Estilo dominante em França desde a Revolução até aos anos 1820: clareza, temas nobres da Antiguidade, primazia do desenho sobre a cor. A Revolução e Napoleão fizeram dele o seu estilo oficial."
"O romantismo na pintura (Delacroix, Géricault)",Personagem,Shakespeare,Dramaturgo inglês (1564-1616) cujas obras trágicas e apaixonadas foram uma das principais fontes de inspiração para os pintores românticos.
"O romantismo na pintura (Delacroix, Géricault)",Personagem,Byron,"Lord Byron (1788-1824), poeta britânico que encarna o herói romântico atormentado e engajado, morto durante a guerra de independência grega."
"O romantismo na pintura (Delacroix, Géricault)",Conceito,abolicionista,"Corrente de pensamento que visa a abolição da escravidão, uma causa apoiada por Géricault em seus retratos de homens negros."
"O romantismo na pintura (Delacroix, Géricault)",Evento,Três Dias Gloriosos,"Revolução parisiense de 27, 28 e 29 de julho de 1830 que derrubou o rei Carlos X em favor de Luís Filipe I."
"O romantismo na pintura (Delacroix, Géricault)",Movimento,orientalismo,"Corrente artística do século XIX fascinada pelas culturas do Magrebe e do Próximo Oriente, frequentemente fantasiadas ou descobertas durante expedições."
O cubismo: Picasso e Braque,Data,Quattrocento,"Designa o século XV italiano, período marcado pela invenção da perspectiva linear e pela renovação das artes."
O cubismo: Picasso e Braque,Conceito,passagens,Técnica pictórica iniciada por Cézanne que consiste em fazer deslizar os planos uns nos outros para quebrar a continuidade dos volumes.
O cubismo: Picasso e Braque,Conceito,artes africanas e oceânicas,"Conjunto de obras rituais (máscaras, esculturas) cuja estrutura geométrica e simbólica inspirou Picasso a sair do realismo europeu."
O cubismo: Picasso e Braque,Lugar,Trocadéro,Antigo museu de etnografia parisiense onde os artistas vanguardistas descobriram as artes não-ocidentais no início do século XX.
O cubismo: Picasso e Braque,Personagem,Apollinaire,"Poeta e crítico de arte francês (1880-1918), defensor incansável do cubismo e autor de 'Les Peintres cubistes'."
O cubismo: Picasso e Braque,Movimento,Grupo de Puteaux,"Coletivo de artistas cubistas (Duchamp, Léger, Delaunay) que privilegiavam uma abordagem mais teórica e colorida do que a de Picasso."
O cubismo: Picasso e Braque,Conceito,design gráfico,Disciplina que utiliza a imagem e a tipografia para comunicar; ela herdou do cubismo a desconstrução da paginação.
O surrealismo: Dalí e Magritte,Conceito,Cadavre exquis,"Jogo coletivo inventado pelos surrealistas que consiste em compor uma frase ou um desenho por várias pessoas, sem que nenhuma delas possa levar em conta a colaboração ou as colaborações anteriores."
O surrealismo: Dalí e Magritte,Movimento,Realismo mágico,"Estilo pictórico ou literário que integra elementos maravilhosos ou irracionais em um cenário realista, criando um sentimento de estranheza sem cair no fantástico puro."
O expressionismo: Munch e O Grito,Conceito,desencantamento,Processo de rutura com as crenças tradicionais e o sentimento de perda de sentido face à racionalização e à modernização da sociedade.
O expressionismo: Munch e O Grito,Conceito,subjetividade,"Caráter do que pertence ao sujeito por oposição ao objeto. Na arte, privilegiar a perceção pessoal e emocional sobre a observação factual."
O expressionismo: Munch e O Grito,Conceito,nada,"Ausência de sentido ou de fundamento da existência, tema central da filosofia existencialista que encontra um eco visual na **Obra** de Munch."
O expressionismo: Munch e O Grito,Lugar,Ekeberg,Colina com vista para Oslo onde Munch passeava quando teve a epifania visual que inspirou « O Grito ».
O expressionismo: Munch e O Grito,Instituição,Galeria Nacional de Oslo,Museu norueguês que conserva a versão mais famosa (1893) do quadro « O Grito ».
O expressionismo: Munch e O Grito,Movimento,surrealismo,"**Movimento** artístico que explora os mecanismos do inconsciente e do sonho, em parte influenciado pela liberdade de expressão do expressionismo."
A arte abstrata: Kandinsky e Mondrian,Conceito,mimese,Termo grego que designa a imitação da natureza ou do **Mundo** real na **Arte**. A abstração é a primeira rutura total com este princípio milenar.
A arte abstrata: Kandinsky e Mondrian,Outro,decantação,Processo metafórico pelo qual um artista como Mondrian depura progressivamente a sua visão do real para manter apenas as linhas de força essenciais.
A arte abstrata: Kandinsky e Mondrian,Movimento,abstração lírica,"Tendência da arte abstrata, iniciada por Kandinsky, que privilegia a expressão direta das emoções e da interioridade através de formas orgânicas e jogos de cores livres."
A arte abstrata: Kandinsky e Mondrian,Personagem,Walter Gropius,"Arquiteto alemão (1883-1969), fundador da Bauhaus. Defendia uma arquitetura racionalista e a união entre o artesanato e os métodos industriais."
A Pop Art: Warhol e Lichtenstein,Movimento,Independent Group,"Coletivo de artistas, arquitetos e críticos britânicos formado em 1952 em Londres, considerado o precursor da Pop Art pelo seu interesse pela cultura popular americana."
A Pop Art: Warhol e Lichtenstein,Conceito,Serigrafia,"Técnica de impressão que utiliza uma tela de seda como estêncil. Andy Warhol utilizou-a para produzir obras de arte em série, questionando o aspecto único da pintura."
A Pop Art: Warhol e Lichtenstein,Conceito,Ben-Day,"Processo de impressão industrial criado por Benjamin Day em 1879, consistindo em pequenos pontos coloridos. Lichtenstein reproduziu-os à mão para imitar a estética das histórias em quadrinhos."
O nascimento da música eletrônica,Outro,paradas de sucesso,Classificações semanais dos discos mais vendidos ou ouvidos.
O nascimento da música eletrônica,Conceito,sampling,Processo de extração de um trecho sonoro (amostra) para reintegrá-lo em uma nova composição.
O nascimento da música eletrônica,Conceito,softwares de DAW,"Música Assistida por Computador. Conjunto de ferramentas digitais que permitem compor, gravar e mixar música em um computador."
Bob Dylan e a folk protest,Movimento,Beat Generation,"Movimento literário e artístico nascido nos anos 1950 (Kerouac, Ginsberg) defendendo a libertação sexual, a busca espiritual e uma escrita espontânea. Influenciou fortemente a escrita de Dylan."
Bob Dylan e a folk protest,Instituição,Columbia Records,"Uma das gravadoras americanas mais antigas e poderosas, que contratou Bob Dylan em 1961."
Bob Dylan e a folk protest,Outro,Fender Stratocaster,Modelo de guitarra elétrica emblemático. Aquela utilizada por Dylan em Newport em 1965 tornou-se um dos instrumentos mais célebres da história do rock.
O hip-hop: nascimento de uma cultura,Lugar,Cross-Bronx Expressway,"Rodovia de grande importância que atravessa o Bronx, cuja construção entre 1948 e 1972 desestruturou física e socialmente o bairro."
O hip-hop: nascimento de uma cultura,Personagem,Robert Moses,"Urbanista de Nova York cujos projetos de infraestruturas massivas favoreceram o automóvel, levando à decadência econômica de bairros populares como o Bronx."
O hip-hop: nascimento de uma cultura,Conceito,Especulação imobiliária,"Prática financeira que visa lucrar com as variações de preços dos bens; no Bronx dos anos 70, levou a incêndios criminosos para receber o dinheiro dos seguros."
O hip-hop: nascimento de uma cultura,Conceito,Scratching,Técnica de DJ que consiste em manipular um disco de vinil com a mão para produzir sons intermitentes e rítmicos.
O hip-hop: nascimento de uma cultura,Personagem,The Notorious B.I.G.,"Rapper emblemático da costa Leste (Nova York) nos anos 1990, reconhecido pela sua virtuosidade técnica e pelas suas narrativas autobiográficas."
O hip-hop: nascimento de uma cultura,Personagem,Tupac Shakur,"Figura central do rap da costa Oeste, poeta e ator, que se tornou um ícone mundial após a sua morte trágica em 1996."
A ópera de Verdi,Movimento,Bel canto,"Estilo de canto italiano que privilegia a beleza do timbre, a fluidez das linhas melódicas e a virtuosidade técnica, por vezes em detrimento da veracidade dramática."
A ópera de Verdi,Conceito,Recitativo,"Forma de canto declamado, próxima da fala, utilizada na ópera para fazer avançar a ação entre duas árias mais melódicas."
A ópera de Verdi,Movimento,Verismo,"Corrente da ópera italiana do final do século XIX (Puccini, Mascagni) que procura representar a realidade social de forma bruta e violenta."
A ópera de Verdi,Personagem,Cavour,"Camillo Benso, conde de Cavour (1810-1861), estadista piemontês e arquiteto política da unificação italiana."
Mozart: prodígio infantil e vida trágica,Movimento,romantismo,"Movimento artístico do século XIX que privilegia a expressão dos sentimentos e a individualidade, do qual Mozart é considerado um precursor pela sua sensibilidade."
Mozart: prodígio infantil e vida trágica,Personagem,Gregorio Allegri,"Compositor italiano do século XVII, autor do célebre 'Miserere' que Mozart transcreveu de memória aos 14 anos."
Mozart: prodígio infantil e vida trágica,Instituição,a maçonaria,Organização fraternal com rituais de iniciação cujos ideais de liberdade e igualdade marcaram fortemente a filosofia e as últimas obras de Mozart.
Mozart: prodígio infantil e vida trágica,Movimento,classicismo,"Período da história da música (1750-1820) caracterizada pela clareza, o equilíbrio das formas e a medida, do qual Mozart é o representante mais perfeito."
Beethoven: génio e surdez,Personagem,Mozart,Compositor austríaco prodígio (1756-1791) cujo pai de Beethoven queria fazer do filho o sucessor imediato.
Beethoven: génio e surdez,Personagem,Brahms,"Compositor alemão (1833-1897) que levou mais de vinte anos a concluir a sua primeira sinfonia, esmagado pela sombra monumental de Beethoven."
Beethoven: génio e surdez,Personagem,Mahler,Compositor e maestro (1860-1911) que levou o género da sinfonia aos seus limites expressivos e estruturais depois de Beethoven.
Beethoven: génio e surdez,Conceito,música absoluta,"Conceito estético que designa uma música que não depende de nenhum suporte narrativo ou visual exterior, existindo pelas suas próprias estruturas sonoras."
O nascimento do rock'n'roll,Movimento,Gospel,"Música vocal cristã de tradição afro-americana, caracterizada por harmonias ricas e uma forte intensidade emocional."
O nascimento do rock'n'roll,Personagem,Sam Phillips,"Fundador do estúdio Sun Records em Memphis, é o produtor que descobriu Elvis Presley e procurava um branco capaz de cantar o blues."
O nascimento do rock'n'roll,Conceito,Segregação,Processo político e social de separação física e institucional das populações segundo a sua origem racial em vigor nos Estados Unidos até aos anos 1960.
O nascimento do rock'n'roll,Instituição,Leis Jim Crow,Conjunto de leis estaduais e locais que impunham a segregação racial no sul dos Estados Unidos entre 1877 e 1964.
O nascimento do rock'n'roll,Conceito,Covers,"Prática que consiste em regravar uma canção original por um outro artista, frequentemente utilizada nos anos 50 para fazer com que sucessos negros fossem interpretados por brancos."
O nascimento do rock'n'roll,Evento,Movimento dos direitos civis,Luta política e social nos Estados Unidos (1954-1968) para pôr fim à segregação racial e garantir o direito de voto aos afro-americanos.
Bach e a música barroca,Instituição,cantor,"Título dado ao diretor de música e de coros de uma igreja ou de uma escola religiosa na Alemanha, responsável pela música litúrgica."
Bach e a música barroca,Instituição,Collegium Musicum,"Conjunto musical fundado em Leipzig por Telemann e dirigido por Bach, composto por estudantes e profissionais que realizavam concertos profanos em cafés."
Bach e a música barroca,Movimento,estilo galante,"Estética musical de meados do século XVIII que privilegiava a simplicidade, a clareza melódica e a elegância, opondo-se à complexidade barroca de Bach."
Bach e a música barroca,Conceito,numerologia,Prática que consiste em atribuir números a letras ou notas para inserir significados ocultos ou nomes numa partitura.
Bach e a música barroca,Outro,Golden Record,"Disco embarcado nas sondas Voyager contendo sons e imagens da Terra, incluindo o Prelúdio e Fuga n.º 1 de Bach."
O nascimento do jazz americano,Lugar,Nova Orleães,"Cidade do Louisiana, cruzamento cultural de relevo onde a mistura das influências francesas, espanholas, africanas e caribenhas permitiu o nascimento do jazz."
O nascimento do jazz americano,Conceito,blue notes,"Notas características do blues e do jazz cuja frequência é baixada em meio tom, criando uma tensão expressiva e melancólica."
O nascimento do jazz americano,Instituição,leis Jim Crow,Série de leis estaduais e locais nos Estados Unidos que impunham a segregação racial entre 1877 e 1964.
O nascimento do jazz americano,Movimento,jazz modal,"Estilo de jazz fundado na utilização de modos (escalas) em vez de mudanças de acordes rápidas, favorecendo uma improvisação mais livre e melódica."
O nascimento do jazz americano,Movimento,free jazz,"Corrente de vanguarda nascida nos anos 1960 que procura quebrar as estruturas convencionais do jazz (tempo, acordes fixos)."
O nascimento do jazz americano,Movimento,jazz fusion,Estilo que combina a improvisação jazz com os instrumentos elétricos do rock e os ritmos do funk.
O nascimento do jazz americano,Conceito,swing,"Efeito rítmico balançado produzido pela acentuação deslocada dos tempos, criando uma sensação de propulsão característica do jazz."
O blues: raízes de toda a música moderna,Lugar,Deep South,"Região sociocultural e geográfica do sudeste dos Estados Unidos (Mississippi, Alabama, Geórgia...), foco histórico da escravatura e berço das músicas afro-americanas."
O blues: raízes de toda a música moderna,Conceito,Field hollers,"Gritos ou cantos a cappella improvisados pelos trabalhadores negros nas plantações, precursores vocais do blues que permitiam expressar uma emoção ou comunicar."
O blues: raízes de toda a música moderna,Conceito,Work songs,"Cantos de trabalho coletivos estruturados por um ritmo regular, ajudando a coordenar os Movimento repetitivos (colheita do algodão, assentamento de carris) e a suportar a penosidade."
O blues: raízes de toda a música moderna,Outro,Bottleneck,"Literalmente «gargalo de garrafa». Objeto deslizado num dedo para tocar guitarra, produzindo um som deslizado e lamurioso típico do Delta blues."
O blues: raízes de toda a música moderna,Conceito,Spirituals,"Cantos religiosos cristãos criados pelos escravos afro-americanos, misturando fervor espiritual e esperança de libertação terrestre."
O blues: raízes de toda a música moderna,Outro,Fingerpicking,"Técnica de guitarra que consiste em dedilhar as cordas diretamente com os dedos em vez de uma palheta, permitindo tocar simultaneamente o baixo e a melodia."
O blues: raízes de toda a música moderna,Lugar,Crossroads,"A 'encruzilhada', Lugar simbólico do folclore afro-americano onde se cruzam os mundos físico e espiritual, central no mito do pacto de Robert Johnson."
O blues: raízes de toda a música moderna,Conceito,Sampling,"Processo que consiste em isolar um extrato sonoro de uma gravação preexistente para o reutilizar numa nova composição, base técnica do hip-hop."
O nascimento da fotografia,Conceito,Câmara escura,Dispositivo ótico (camera obscura) que consiste numa caixa fechada com um pequeno orifício que deixa passar a luz para projetar uma imagem invertida do mundo exterior sobre uma parede.
O nascimento da fotografia,Outro,Betume da Judeia,Substância fotossensível natural utilizada por Niépce para a primeira fotografia ; tem a propriedade de endurecer sob a ação da luz.
O nascimento da fotografia,Conceito,Cartão de visita,"Formato de retrato fotográfico patenteado por Disdéri em 1854, permitindo multiplicar as impressões numa mesma placa e reduzir drasticamente os preços."
O nascimento da fotografia,Movimento,Impressionismo,"Movimento pictórico nascido em reação à foto, privilegiando a renderização das sensações luminosas e do instante em vez da precisão do traço."
O nascimento da fotografia,Movimento,Cubismo,"Movimento artístico do início do século XX que desconstrói os objetos em formas geométricas, rompendo definitivamente com a perspetiva realista."
O nascimento da fotografia,Conceito,Cultura visual,"Conjunto das formas como uma sociedade percebe, interpreta e consome as imagens, tornadas preponderantes com o advento da fotografia."
Charlie Chaplin e o cinema mudo,Outro,Cinematógrafo,Aparelho inventado pelos irmãos Lumière que serve simultaneamente de câmara de filmagem e de projetor de cinema.
Charlie Chaplin e o cinema mudo,Personagem,Georges Méliès,"Cineasta francês e ilusionista, pioneiro dos efeitos especiais e criador do célebre filme 'Le Voyage dans la Lune' (1902)."
Charlie Chaplin e o cinema mudo,Movimento,music-hall,"Espetáculo de variedades (cantos, gags, acrobacias) muito popular no Reino Unido onde Chaplin deu os seus primeiros passos no palco."
Charlie Chaplin e o cinema mudo,Instituição,FBI,"Departamento federal de investigação americano que, sob a direção de J. Edgar Hoover, perseguiu Chaplin pelas suas opiniões políticas consideradas demasiado de esquerda."
Charlie Chaplin e o cinema mudo,Evento,Guerra Fria,"Período de tensões geopolíticas entre os Estados Unidos e a URSS (1947-1991), marcada por uma paranoia anticomunista na América."
Charlie Chaplin e o cinema mudo,Instituição,United Artists,Estúdio de cinema fundado em 1919 por Chaplin e outros artistas para manter o controlo total sobre as suas obras e os seus rendimentos.
Orson Welles e Citizen Kane,Conceito,Final Cut,Direito soberano concedido a um realizador para validar a montagem e a versão definitiva do seu filme sem intervenção do estúdio de produção.
Orson Welles e Citizen Kane,Instituição,RKO Pictures,Um dos grandes estúdios da era de ouro de Hollywood que correu o risco de produzir Citizen Kane oferecendo uma liberdade total a Orson Welles.
Orson Welles e Citizen Kane,Movimento,Nouvelle Vague,Movimento cinematográfico francês dos anos 1950-60 que reabilitou Citizen Kane e teorizou o papel do realizador como único autor da sua Obra.
Orson Welles e Citizen Kane,Lugar,Xanadu,"Domínio fictício gigantesco e melancólico construído por Kane, inspirado pelo Hearst Castle, simbolizando ao mesmo tempo o sucesso material e o isolamento afetivo."
A Nouvelle Vague francesa,Personagem,André Bazin,"Crítico de cinema francês influente e teórico, cofundador dos Cahiers du Cinéma, foi o mentor espiritual da Nouvelle Vague."
A Nouvelle Vague francesa,Conceito,quarta parede,Fronteira imaginária que separa os atores do público. O facto de olhar ou de se dirigir diretamente à câmara 'quebra-a'.
A Nouvelle Vague francesa,Outro,Éclair Caméflex,"Modelo de câmara portátil e leve que surgiu após a guerra, essencial para a filmagem em exteriores da Nouvelle Vague."
A Nouvelle Vague francesa,Movimento,Cinema Novo,"Movimento cinematográfico brasileiro dos anos 1960 influenciado pela Nouvelle Vague, focado na crítica social e no realismo."
A Nouvelle Vague francesa,Movimento,Dogma 95,"Movimento lançado em 1995 por Lars von Trier que defende um regresso à pureza do cinema (sem efeitos especiais, câmaras ao ombro)."
A Nouvelle Vague francesa,Personagem,Jean-Paul Belmondo,"Ator francês revelado por 'À bout de souffle', tornou-se o rosto da liberdade e da insolência da Nouvelle Vague."
A Nouvelle Vague francesa,Personagem,Jean-Pierre Léaud,"Ator fétiche de François Truffaut, ele encarna Antoine Doinel em vários filmes, tornando-se o alter ego do realizador."
Hitchcock e o suspense,Técnica,plano-sequência,"Sequência de filme composta por um único plano real, sem qualquer corte de montagem visível."
Hitchcock e o suspense,Técnica,Dolly Zoom,Efeito de distorção espacial obtido combinando um zoom para a frente e um travelling para trás (ou vice-versa).
A arquitetura gótica: as catedrais,Conceito,arcobotante,"Elemento de arquitetura exterior ao edifício que sustenta a parede da nave, transferindo o empuxo das abóbadas para um pilar de contraforte."
A arquitetura gótica: as catedrais,Personagem,abade Suger,"Abade de Saint-Denis e conselheiro dos reis de França, considerado o pai da arte gótica pela sua Reconstrução da basílica de Saint-Denis."
O Bauhaus,Personagem,Vassily Kandinsky,"Pintor russo e um dos pioneiros da Arte abstrata. Mestre no Bauhaus, ensinou lá a Teoria da forma e da cor, ligando a espiritualidade artística ao rigor geométrico."
O Bauhaus,Movimento,De Stijl,Movimento artístico neerlandês (do qual Mondrian fazia parte) que preconiza o uso de linhas retas e cores primárias. A sua estética influenciou profundamente a viragem modernista de O Bauhaus.
O Bauhaus,Lugar,Cidade Branca de Tel Aviv,"Conjunto arquitetónico em Israel construído entre 1930 e 1948 de acordo com os princípios de O Bauhaus, adaptado ao clima mediterrânico. É o maior conjunto deste estilo no Mundo."
O Bauhaus,Conceito,sans-serif,Categoria de fontes tipográficas sem serifas (as pequenas extensões na ponta das letras). O Bauhaus popularizou esta tipografia depurada pela sua legibilidade moderna.
A Mona Lisa,Personagem,Lisa Gherardini,"Identidade mais provável do modelo de Monalisa, era a esposa do mercador de seda Francesco del Giocondo."
A Mona Lisa,Conceito,Perspetiva atmosférica,"Técnica pictórica que consiste em criar uma ilusão de profundidade ao tornar os objetos distantes mais baços, mais claros e mais azulados, simulando a espessura do ar."
A Mona Lisa,Conceito,Visão periférica,"Parte da visão situada fora do ponto de fixação central, capaz de perceber as formas e os movimentos mas menos precisa nas cores e nos detalhes nítidos."
A Mona Lisa,Personagem,Guillaume Apollinaire,"Poeta francês célebre, detido e preso durante uma semana em 1911 no âmbito da investigação sobre o roubo de Monalisa."
A Mona Lisa,Personagem,Pablo Picasso,"Pintor de destaque do século XX, interrogado pela polícia em 1911 porque tinha comprado estatuetas roubadas no Louvre por um próximo de Apollinaire."
A Mona Lisa,Objeto,Vidro à prova de bala,Dispositivo de segurança de alta resistência que protege a obra de agressões físicas e variações climáticas desde os anos 1950.
"A Noite Estrelada, Van Gogh",Lugar,Países Baixos,"País natal de Van Gogh, cuja arquitetura (especialmente as torres das igrejas) influencia inconscientemente as suas paisagens provençais."
"A Noite Estrelada, Van Gogh",Obra,A Grande Onda de Kanagawa,Famosa estampa japonesa de Hokusai cujo dinamismo curvilíneo marcou profundamente a estrutura dos redemoinhos de Van Gogh.
"A Noite Estrelada, Van Gogh",Movimento,Fauves,"Movimento artístico do início do século XX (Matisse, Derain) que utiliza cores puras e violentas, herdeiro direto das pesquisas de Van Gogh."
"Guernica, Picasso",Instituição,Segunda República Espanhola,"Regime democrático estabelecido em Espanha de 1931 a 1939, derrubado pelo golpe de Estado militar e pela guerra civil liderada por Franco."
"Guernica, Picasso",Período,Guerra Fria,Período de tensões geopolíticas mundiais (1947-1991) durante o qual Guernica se tornou um símbolo de luta contra a opressão para além do conflito espanhol.
"Guernica, Picasso",Instituição,ONU,"Organização das Nações Unidas, onde uma reprodução do quadro recorda aos líderes do Mundo o horror dos conflitos armados."
"A Liberdade Guiando o Povo, Delacroix",Movimento,Romantismo,"Movimento artístico do século XIX que privilegia a expressão dos sentimentos, a imaginação e o dinamismo em detrimento do rigor clássico. Delacroix é o seu principal representante na pintura."
"A Liberdade Guiando o Povo, Delacroix",Outro,Restauração,Período da História da França (1814-1830) marcado pelo retorno da dinastia dos Bourbons (Luís XVIII e depois Carlos X) após a queda de Napoleão.
"A Liberdade Guiando o Povo, Delacroix",Personagem,Gavroche,"Personagem infantil e heroico de 'Os Miseráveis' de Victor Hugo, inspirado pelo jovem rapaz com pistolas de Delacroix."
"A Criação de Adão, Michelangelo",Data,Cinquecento,"Termo italiano que designa o século XVI, apogeu do Renascimento italiano marcado por artistas como Michelangelo, Rafael e Leonardo da Vinci."
"A Criação de Adão, Michelangelo",Movimento,sculpteur_florentin,"Identidade artística de Michelangelo, formado em Florença segundo uma tradição que privilegia o volume, a linha e a força física em relação apenas à cor."
"A Criação de Adão, Michelangelo",Personagem,Bramante,"Arquiteto rival de Michelangelo, terá sugerido ao Papa que confiasse a abóbada a este último para o colocar em dificuldade técnica."
"A Criação de Adão, Michelangelo",Conceito,mollezza,"Conceito estético italiano que designa a moleza ou a fluidez de um corpo, utilizada aqui para sublinhar a ausência de energia vital de Adão antes da intervenção divina."
"A Criação de Adão, Michelangelo",Conceito,dissection_anatomique,"Prática científica que consiste em abrir cadáveres para estudar os músculos e os órgãos, essencial para o realismo dos corpos em Michelangelo."
"A Criação de Adão, Michelangelo",Movimento,manière_moderne,"Etapa da pintura do Renascimento caracterizada por um domínio perfeito da anatomia e da perspectiva, aliada a uma força dramática inédita."
"Impressão, nascer do sol, Monet",Personagem,Nadar,Fotógrafo célebre que emprestou o seu atelier para a primeira exposição independente dos impressionistas em 1874.
"Impressão, nascer do sol, Monet",Conceito,plein air,"Prática pictórica que consiste em pintar fora do atelier, diretamente perante o tema, facilitada pela invenção dos tubos de tinta flexíveis."
"Nighthawks, Hopper",Personagem,Robert Henri,"Pintor americano, líder da Ashcan School, que foi professor de Hopper e o incentivou a pintar a vida urbana real e bruta."
"Nighthawks, Hopper",Evento,Pearl Harbor,"Ataque surpresa em 7 de dezembro de 1941 pelas forças japonesas, levando à entrada dos Estados Unidos na Segunda Guerra Mundial e criando um clima de angústia nacional no momento em que Hopper pinta a sua tela."
"Nighthawks, Hopper",Personagem,Ridley Scott,Realizador britânico que citou explicitamente 'Nighthawks' como uma grande influência visual para recriar a atmosfera noturna e chuvosa do filme Blade Runner.
"Nighthawks, Hopper",Personagem,Wim Wenders,"Cineasta alemão fascinado por Hopper, encenou um quadro vivo de 'Nighthawks' no seu filme 'The End of Violence'."
"Les Demoiselles d'Avignon, Picasso",Conceito,mimesis,Conceito estético vindo da filosofia grega (Aristóteles) designando a imitação da natureza pelo artista.
"Les Demoiselles d'Avignon, Picasso",Movimento,cubismo analítico,Primeira fase do cubismo (1908-1912) visando decompor os objetos em formas geométricas simples e a representá-los sob vários pontos de vista simultâneos.
"Les Demoiselles d'Avignon, Picasso",Conceito,arts premiers,"Termo historicamente utilizado para designar as produções artísticas das sociedades tradicionais da África, da Oceania e da América, nas quais Picasso buscou força expressiva."
"Les Demoiselles d'Avignon, Picasso",Movimento,cubismo,"Movimento artístico revolucionário fundado por Picasso e Braque, caracterizado pela desconstrução das formas e o rejeito da perspectiva clássica."
"A Persistência da Memória, Dalí",Movimento,Surrealismo,Movimento artístico e literário do século XX que busca libertar o inconsciente e o sonho do controle da razão.
"A Persistência da Memória, Dalí",Conceito,méthode paranoïaque-critique,Técnica inventada por Dalí consistindo em utilizar as suas próprias obsessões e delírios para criar imagens com significados múltiplos.
"A Persistência da Memória, Dalí",Conceito,Teoria da relatividade,Teoria física de Albert Einstein postulando que o tempo e o espaço estão ligados e podem deformar-se segundo a velocidade e a gravidade.
"A Persistência da Memória, Dalí",Conceito,Cultura popular,Conjunto de práticas e objetos culturais amplamente difundidos e compartilhados pela maioria de uma sociedade.
"A Persistência da Memória, Dalí",Movimento,Renascimento,Período da história da arte marcada pelo retorno aos modelos antigos e a invenção da perspectiva geométrica.
A tragédia grega e o teatro antigo,Conceito,catarse,"Conceito teorizado por Aristóteles que designa a purgação das paixões (medo, piedade) no espectador durante uma representação trágica."
A tragédia grega e o teatro antigo,Movimento,sátiros,"Criaturas mitológicas metade homens metade bodes, companheiros de Dionísio, cujos atores se fantasiavam para os primeiros ritos teatrais."
A tragédia grega e o teatro antigo,Outro,hipócrita,"Do grego 'hypokritès', termo que designa o ator que 'responde' ao coro."
A tragédia grega e o teatro antigo,Instituição,coregia,Imposto privado pelo qual um rico cidadão ateniense financiava o equipamento e o treinamento de um coro dramático.
A tragédia grega e o teatro antigo,Lugar,orchestra,Espaço circular central do teatro grego onde o coro ficava para dançar e cantar.
A tragédia grega e o teatro antigo,Conceito,hubris,"O orgulho desmedido ou a desmesura de um herói que desafia a ordem divina, provocando a sua queda."
A tragédia grega e o teatro antigo,Conceito,deus ex machina,Técnica teatral que consiste em fazer intervir uma divindade (através de um guindaste) para resolver milagrosamente uma trama bloqueada.
O teatro de Shakespeare,Outro,Groundlings,"Espectadores menos afortunados do teatro elisabetano que, por um centavo, assistiam à representação de pé na fossa (o parterre) a céu aberto."
O teatro de Shakespeare,Obra,First Folio,"Primeira coletânea impressa das peças de Shakespeare, publicada em 1623 pelos seus colegas John Heminges e Henry Condell. Sem ela, metade da sua obra estaria perdida."
A liberdade de imprensa e o fotojornalismo,Lugar,Tiananmen,"Grande praça no centro de Pequim, teatro em 1989 de um movimento de protesto estudantil brutalmente reprimido pelo exército chinês."
A liberdade de imprensa e o fotojornalismo,Conceito,memória coletiva,"Conjunto de memórias partilhadas por um grupo social ou uma nação, frequentemente cristalizadas em torno de imagens icónicas ou de eventos traumáticos."
"Kubrick: 2001, uma Odisseia no Espaço",Instituição,Zeiss,Célebre fabricante alemão de óticas de alta precisão. As suas objetivas foram utilizadas por Kubrick para filmar à luz de velas em 'Barry Lyndon'.
"Kubrick: 2001, uma Odisseia no Espaço",Conceito,Slitting-scan,Técnica de efeito especial fotográfico utilizada por Douglas Trumbull para criar os rastros luminosos psicadélicos no final de 2001.
"Kubrick: 2001, uma Odisseia no Espaço",Instituição,NASA,Agência espacial americana. As suas pesquisas e engenheiros serviram de consultores para assegurar o realismo técnico do filme 2001.
"Kubrick: 2001, uma Odisseia no Espaço",Personagem,Richard Strauss,Compositor alemão (1864-1949) cujo poema sinfônico 'Assim falou Zaratustra' abre o filme nos momentos-chave da evolução.
"Kubrick: 2001, uma Odisseia no Espaço",Personagem,Johann Strauss,"Compositor austríaco do século XIX, autor de 'O Belo Danúbio Azul', utilizado por Kubrick para ritmar os balés espaciais."
"O nascimento dos deuses gregos (Cronos, Zeus, o Olimpo)",Conceito,adamante,"Metal lendário de uma dureza invencível (por vezes associado ao diamante ou ao aço), utilizado pelos deuses para forjar armas capazes de ferir seres imortais."
"O nascimento dos deuses gregos (Cronos, Zeus, o Olimpo)",Lugar,Dicté,"Maciço montanhoso de Creta que abriga a gruta onde, segundo a tradição, Zeus foi escondido e criado para escapar da voracidade de seu pai Cronos."
"O nascimento dos deuses gregos (Cronos, Zeus, o Olimpo)",Personagem,Curetes,Divindades menores que protegiam Zeus bebê fazendo barulho com seus escudos e suas lanças para ocultar seus gritos dos ouvidos de Cronos.
Prometeu: o ladrão de fogo,Outro,Férula,"Planta mediterrânea de caule alto cuja medula, uma vez seca, queima lentamente sem consumir a casca, explicando como Prometeu pôde transportar o fogo."
Prometeu: o ladrão de fogo,Personagem,Gaston Bachelard,Filósofo francês que analisou o 'complexo de Prometeu' como a vontade de saber e de superar seus mestres através da curiosidade científica.
Prometeu: o ladrão de fogo,Personagem,Ésquilo,"Um dos três grandes tragediógrafos gregos, autor de uma trilogia dedicada ao Titã da qual 'Prometeu Agrilhoado' é a única parte conservada."
Prometeu: o ladrão de fogo,Lugar,Mecone,"Lugar mítico onde ocorreu a partilha de um boi entre os deuses e os homens, ponto de partida da discórdia entre Zeus e Prometeu."
Pandora e a caixa,Personagem,Prometeu,"Titã que criou os homens a partir da argila e que roubou o fogo aos deuses para lhes oferecer, provocando a cólera de Zeus."
Pandora e a caixa,Personagem,Erasmo de Roterdão,Humanista do Renascimento cujo erro de tradução do grego para o latim está na origem da designação 'caixa de Pandora'.
Pandora e a caixa,Conceito,Misoginia,"Desprezo ou hostilidade em relação às mulheres, frequentemente ilustrado neste mito pela criação de Pandora como uma punição."
Deméter e Perséfone (as estações),Lugar,Telesterion,O grande salão de reuniões de Elêusis onde ocorria a iniciação suprema durante os Mistérios.
Deméter e Perséfone (as estações),Conceito,biocenose,Conjunto dos seres vivos que coexistem num espaço definido; aqui utilizado para ilustrar a interdependência do mundo divino e biológico.
Orfeu e Eurídice,Personagem,Virgílio,"Poeta latino do século I a.C., autor das 'Geórgicas' onde apresenta uma das versões mais célebres e melancólicas do mito de Orfeu."
Orfeu e Eurídice,Personagem,Ovídio,"Poeta latino autor das 'Metamorfoses', obra monumental que compila os mitos gregos e romanos, incluindo o de Orfeu."
Orfeu e Eurídice,Personagem,Jasão,"Herói grego, chefe da expedição dos Argonautas que partiram em busca do Velo de Ouro com a ajuda de Orfeu."
Orfeu e Eurídice,Personagem,Aristeu,Filho de Apolo e caçador cuja atração por Eurídice causou indiretamente a morte da jovem enquanto ela fugia dele.
Orfeu e Eurídice,Lugar,Estige,"Um dos rios do Inferno que separa o mundo dos vivos do mundo dos mortos, atravessado por Caronte, o barqueiro."
Orfeu e Eurídice,Outro,Cérbero,Cão monstruoso de três cabeças que guarda a entrada do Inferno para impedir os mortos de sair e os vivos de entrar.
Orfeu e Eurídice,Personagem,Caronte,O nautoneiro do Inferno encarregado de transportar as almas dos falecidos em seu barco mediante um óbolo.
Orfeu e Eurídice,Outro,Erimies,"Divindades perseguidoras que punem os crimes, nomeadamente os parricídios, conhecidas pela sua inflexibilidade."
Orfeu e Eurídice,Outro,Mênades,"Mulheres pertencentes ao cortejo de Dionísio, devotadas a rituais de transe e de fúria selvagem."
Orfeu e Eurídice,Lugar,Hebros,Rio da Trácia (atual Bulgária/Grécia) no qual a cabeça de Orfeu foi lançada após o seu despedaçamento pelas Mênades.
Orfeu e Eurídice,Personagem,Maurice Blanchot,Escritor e filósofo francês do século XX cujo ensaio 'O Olhar de Orfeu' analisa a ligação entre o mito e a criação literária.
Orfeu e Eurídice,Personagem,Jean Cocteau,Artista polivalente francês que reinterpretou o mito de Orfeu no cinema através de uma trilogia célebre.
Narciso e Eco,Personagem,Ovídio,"Poeta latino do século I a.C., autor das 'Metamorfoses', a Obra principal que transmitiu o mito de Narciso e Eco à posteridade."
Narciso e Eco,Obra,Metamorfoses,Poema épico de Ovídio que narra a História do Mundo através das transformações dos deuses e dos mortais da Mitologia.
Narciso e Eco,Conceito,Oréade,"Tipo de ninfa ligada às montanhas e às grutas, da qual Eco fazia parte."
Narciso e Eco,Personagem,Nêmesis,"Deusa da justa ira e da vingança divina, encarregada de punir o orgulho desmedido (a hubris) dos mortais."
Narciso e Eco,Conceito,Naiades,"Ninfas aquáticas que vivem em nascentes, fontes e rios."
Narciso e Eco,Conceito,Dríades,Ninfas das árvores e das florestas na mitologia grega.
Sísifo: punição eterna,Personagem,Homero,"Poeta lendário da Grécia Antiga, presumível autor da Ilíada e da Odisseia, que cita Sísifo como um modelo de astúcia."
Sísifo: punição eterna,Personagem,Asopo,"Deus-rio da mitologia grega cuja filha, Egina, foi raptada por Zeus."
Sísifo: punição eterna,Personagem,Hades,Deus grego que preside ao reino dos mortos (os Infernos) e esposo de Perséfone.
Sísifo: punição eterna,Conceito,herói absurdo,Conceito camusiano que designa o indivíduo que age e vive em plena consciência da ausência de sentido da existência.
Sísifo: punição eterna,Personagem,Prometeu,Titã punido por Zeus por ter roubado o fogo sagrado para o dar aos homens.
Tântalo e seu suplício,Personagem,Perséfone,"Filha de Deméter e rainha dos Infernos, cujo rapto por Hades causou tamanha dor à sua mãe que esta perdeu a sua vigilância durante o banquete de Tântalo."
Tântalo e seu suplício,Lugar,Tártaro,"A região mais profunda dos Infernos gregos, servindo de prisão para as almas que cometeram crimes excecionais ou desafiaram os deuses."
Tântalo e seu suplício,Outro,marfim,"Substância dura e branca proveniente das presas de elefante; no mito, serviu para fabricar o ombro de substituição de Pélops depois de Deméter ter comido uma parte dele."
Medusa e Perseu,Conceito,Gorgone,"Criatura fantástica malfeitora da mitologia grega, cujo nome significa 'assustadora'. São em número de três: Esteno, Euríale e Medusa."
Medusa e Perseu,Conceito,Apotropaico,"Diz-se de um objeto, de um rito ou de uma representação (como o Gorgoneion) destinado a conjurar o azar ou a afastar as influências maléficas."
Medusa e Perseu,Obra,Metamorfoses,Poema épico latino de Ovídio (século I d.C.) que relata a história do mundo através das transformações dos deuses e dos mortais.
Medusa e Perseu,Outro,Harpe,Tipo de sabre ou de foice de lâmina curva utilizado por Perseu para cortar o pescoço escamoso de Medusa.
Medusa e Perseu,Outro,Cunéia,"Capacete de invisibilidade pertencente a Hades, forjado pelos Ciclopes durante a Titanomaquia."
Medusa e Perseu,Outro,Kibisis,Besace magique destinée à contenir la tête de Méduse sans que son pouvoir ne traverse le tissu.
Medusa e Perseu,Personagem,Crisaor,"Irmão de Pégaso e filho de Posídon e Medusa, muitas vezes representado como um guerreiro gigante segurando uma espada de ouro."
Hércules e seus 12 trabalhos,Personagem,Hera,"Rainha dos deuses e esposa de Zeus. Ciumenta das infidelidades do seu marido, ela persegue Héracles com o seu ódio, provocando nomeadamente a sua loucura."
Hércules e seus 12 trabalhos,Personagem,Zeus,Rei dos deuses e pai de Héracles. Ele deseja que o seu filho se torne um grande protetor dos homens.
Hércules e seus 12 trabalhos,Conceito,Miasma,"Na religião grega antiga, mácula ritual contraída após um crime de sangue (como o assassinato). Requer uma purificação ou uma expiação."
Hércules e seus 12 trabalhos,Conceito,Leontê,Pele do leão de Nemeia usada por Héracles como uma armadura. É o seu atributo principal na iconografia.
Hércules e seus 12 trabalhos,Lugar,Alfeu,Rio do Peloponeso que Héracles desvia para limpar as cavalariças de Áugias.
Hércules e seus 12 trabalhos,Personagem,Atlas,Titã condenado por Zeus a carregar a abóbada celeste sobre os seus ombros. Héracles encontra-o durante o trabalho das maçãs de ouro.
Hércules e seus 12 trabalhos,Conceito,Centauro,"Criatura mitológica metade homem, metade cavalo. O sangue do centauro Nesso causará a morte física de Héracles."
Teseu e o Minotauro,Personagem,Dédalo,"Arquiteto e inventor lendário, criador do Labirinto de Creta. O seu nome tornou-se um nome comum sinónimo de labirinto."
Teseu e o Minotauro,Conceito,Talassocracia,Potência política fundada principalmente sobre o domínio dos mares. A Creta de Minos é frequentemente citada como o primeiro exemplo histórico (ou mítico).
Teseu e o Minotauro,Conceito,Sinocismo,"Ato fundador que unifica várias aldeias numa única cidade-estado (Polis), atribuído a Teseu para o nascimento de Atenas."
Teseu e o Minotauro,Instituição,Panateneias,"Festas religiosas e sociais anuais celebradas em Atenas em honra da deusa Atena, reorganizadas segundo o mito por Teseu."
Teseu e o Minotauro,Movimento,Amazonas,"Povo de mulheres guerreiras da mitologia grega que Teseu teria combatido e de quem teria desposado a rainha, Antíope."
Teseu e o Minotauro,Lugar,Labirinto,"Edifício complexo construído por Dédalo para aí encerrar o Minotauro, concebido para que uma pessoa que nele entrasse nunca mais pudesse sair sem ajuda."
Ulisses e o Ciclope,Conceito,xenia,"Conceito grego de hospitalidade sagrada. Ela obriga o anfitrião a acolher o estrangeiro e o convidado a respeitar a morada, sob pena de atrair a fúria de Zeus Xenios."
Ulisses e o Ciclope,Conceito,hubris,"Orgulho ou desmedida que leva o homem a acreditar ser igual aos deuses, resultando inevitavelmente em um castigo divino (a Nêmesis)."
Ulisses e o Ciclope,Conceito,kleos,A glória e a fama que asseguram a imortalidade de um herói na memória dos homens através do relato de seus feitos.
Ulisses e as Sereias,Conceito,Sereias,"Criaturas híbridas (pássaros-mulheres entre os gregos, peixes-mulheres a partir da Idade Média) cujo canto divino e onisciente causava a perdição dos marinheiros."
Ulisses e as Sereias,Conceito,Métis,"Forma de inteligência astuciosa e prática, característica de Ulisses, permitindo triunfar sobre situações complexas pela engenhosidade."
Ulisses e as Sereias,Evento,Guerra de Troia,"Conflito mítico que opôs os gregos aos troianos, ponto de partida da Odisseia de Ulisses."
Ulisses e as Sereias,Conceito,Nudge,Conceito de economia comportamental que designa uma proposta indireta permitindo influenciar o comportamento dos indivíduos sem coação.
Jasão e o Velo de Ouro,Personagem,Pélias,Tio de Jasão e rei usurpador de Iolcos cuja morte trágica é orquestrada por Medeia.
Jasão e o Velo de Ouro,Movimento,Argonautas,Tripulação de heróis gregos (incluindo Héracles e Orfeu) que navegaram a bordo do Argo para conquistar o Tosão de Ouro.
Jasão e o Velo de Ouro,Personagem,Quíron,"Centauro sábio e educador de muitos heróis gregos, incluindo Jasão e Aquiles."
Jasão e o Velo de Ouro,Personagem,Hera,"Rainha dos deuses, ela protege Jasão porque Pélias negligenciou o seu culto."
Jasão e o Velo de Ouro,Outro,Argo,"Navio lendário capaz de falar, concebido para a expedição à Cólquida."
Jasão e o Velo de Ouro,Lugar,Dodona,"Mais antigo oráculo da Grécia, consagrado a Zeus, célebre pelos seus carvalhos sagrados, dos quais um pedaço foi utilizado para o Argo."
Jasão e o Velo de Ouro,Personagem,Ares,"Deus da guerra, proprietário do campo que Eetes obriga Jasão a lavrar."
Jasão e o Velo de Ouro,Personagem,Afrodite,Deusa do amor que envia Eros ferir Medeia para que ela ajude Jasão.
Jasão e o Velo de Ouro,Personagem,Hécate,"Deusa da lua e da feitiçaria, protetora de Medeia."
Aquiles: o calcanhar e a invulnerabilidade,Personagem,Estácio,"Poeta latino do século I d.C., autor da Aquileida, que popularizou a versão do banho no Estige e da invulnerabilidade física de Aquiles."
Aquiles: o calcanhar e a invulnerabilidade,Personagem,Briseida,Cativa troiana cuja confiscação por Agamemnon provoca a ira e a retirada de Aquiles dos combates na Ilíada.
Aquiles: o calcanhar e a invulnerabilidade,Conceito,Aristeia,Momento forte de uma narrativa épica onde um herói brilha pelos seus feitos guerreiros e pela sua superioridade absoluta no campo de batalha.
Aquiles: o calcanhar e a invulnerabilidade,Conceito,Hubris,Noção grega que designa o excesso de orgulho ou a desmesura de um humano que se acredita igual aos deuses e acaba por ser punido.
Aquiles: o calcanhar e a invulnerabilidade,Personagem,Hefesto,Deus grego do fogo e da forja que fabrica as armas e a armadura divina de Aquiles a pedido de Tétis.
Aquiles: o calcanhar e a invulnerabilidade,Outro,Tendão de Aquiles,"Termo anatómico moderno que designa o tendão que liga o músculo da panturrilha ao osso do calcanhar, em referência direta ao mito."
Édipo e a Esfinge,Personagem,Creonte,Irmão de Jocasta e regente de Tebas. Ele promete o trono e a mão de sua irmã a quem resolver o enigma da Esfinge.
Édipo e a Esfinge,Conceito,dialética,"Método de raciocínio que procede pelo diálogo, argumentação ou confrontação de teses opostas."
Édipo e a Esfinge,Conceito,reviravolta,"Em dramaturgia, momento em que a ação muda bruscamente para uma direção oposta (peripécia)."
Édipo e a Esfinge,Conceito,complexo de Édipo,Conceito psicanalítico teorizado por Freud que designa o desejo inconsciente de uma criança pelo progenitor do sexo oposto e a rivalidade com o progenitor do mesmo sexo.
Antígona: dever familiar vs lei do Estado,Lugar,Tebas,"Poderosa cidade-estado grega, cenário de muitos mitos trágicos, incluindo os de Édipo e Antígona."
Antígona: dever familiar vs lei do Estado,Lugar,Estige,Rio dos Infernos gregos que as almas dos falecidos devem atravessar para encontrar o repouso.
Antígona: dever familiar vs lei do Estado,Conceito,Direito natural,Conjunto de princípios morais considerados como inatos e superiores às leis escritas dos governos.
A guerra de Troia e o cavalo de madeira,Lugar,Ílion,"Outro nome da cidade de Troia na Antiguidade, que deu o seu título à Ilíada de Homero."
A guerra de Troia e o cavalo de madeira,Lugar,Trôade,"Região natural que rodeia a antiga cidade de Troia, situada no noroeste da Ásia Menor (atual Turquia)."
A guerra de Troia e o cavalo de madeira,Lugar,Escamandro,"Rio costeiro da Trôade que corre perto da cidade de Troia, testemunha de inúmeras batalhas entre os gregos e os troianos."
A guerra de Troia e o cavalo de madeira,Personagem,Príamo,"Último rei mítico de Troia, pai de Heitor e de Páris, símbolo do soberano sábio mas cuja linhagem é destruída pela guerra."
A guerra de Troia e o cavalo de madeira,Conceito,Métis,"Forma de inteligência prática entre os gregos, misturando astúcia, habilidade e prudência, da qual Ulisses é o representante por excelência."
A guerra de Troia e o cavalo de madeira,Lugar,Ténedos,Ilha situada perto da costa de Troia onde a frota grega se escondeu para fazer os troianos acreditarem na sua partida definitiva.
A guerra de Troia e o cavalo de madeira,Conceito,Lares,Divindades romanas de origem etrusca encarregadas de proteger o lar e a família; Eneias leva-os consigo na sua fuga de Troia.
Thor e Loki (mitologia nórdica),Obra,Edda em Verso,"Manuscrito medieval contendo uma coleção de poemas mitológicos e heróicos em nórdico antigo, considerado uma fonte complementar e frequentemente mais antiga do que a Edda em prosa."
Thor e Loki (mitologia nórdica),Conceito,Yggdrasil,A árvore-mundo (frequentemente representada como um freixo) cujos ramos e raízes unem os nove mundos da cosmogonia nórdica.
Thor e Loki (mitologia nórdica),Conceito,Sleipnir,"O cavalo de oito patas de Odin, reputado pela sua velocidade excepcional, nascido de Loki quando este tinha assumido a forma de uma égua."
Ragnarök: o fim do mundo nórdico,Obra,Götterdämmerung,"Tradução alemã de 'Ragnarök', popularizada por Richard Wagner para designar o fim do reinado dos deuses na sua Obra lírica."
Ragnarök: o fim do mundo nórdico,Conceito,Mjölnir,"O martelo de Thor, a arma mais poderosa de Asgard, capaz de quebrar montanhas e de regressar sistematicamente à mão de quem o lança."
Ragnarök: o fim do mundo nórdico,Lugar,Musphelheim,"Mundo do fogo, situado ao sul do abismo original, guardado pelo gigante Surtr e fonte das forças de destruição pelo calor."
Ragnarök: o fim do mundo nórdico,Conceito,Naglfar,"Navio mítico construído com as unhas dos mortos, destinado a transportar os exércitos do caos para o campo de batalha final."
Ragnarök: o fim do mundo nórdico,Personagem,Heimdall,"Deus guardião da ponte Bifröst, dotado de uma audição e de uma visão prodigiosas, que toca a trompa Gjallarhorn para anunciar o início do Ragnarök."
Osíris e Set (mitologia egípcia),Personagem,Anúbis,"Deus com cabeça de chacal, protetor dos embalsamadores e guardião das necrópoles, ajuda Ísis a criar a primeira múmia."
Osíris e Set (mitologia egípcia),Outro,Oxirrinco,"Espécie de peixe do Nilo que, segundo o mito, teria engolido o falo de Osíris após seu desmembramento por Set."
Osíris e Set (mitologia egípcia),Lugar,Quêmis,Pântano do delta do Nilo onde Ísis escondeu e criou secretamente Hórus para o proteger das buscas de Set.
Osíris e Set (mitologia egípcia),Personagem,Tot,"Deus da sabedoria e da escrita que curou o olho de Hórus quebrado por Set, devolvendo-lhe a sua integridade."
Osíris e Set (mitologia egípcia),Personagem,Rá,"Deus solar, soberano dos deuses, que preside o tribunal decidindo sobre a Legitimidade de Hórus perante Set."
Osíris e Set (mitologia egípcia),Personagem,Apófis,"Serpente gigantesca encarnando o caos absoluto, procurando todas as noites engolir o sol (Rá)."
Osíris e Set (mitologia egípcia),Personagem,Ammit,"Criatura híbrida (leão, hipopótamo, jacaré) que devora o coração dos defuntos julgados indignos durante a pesagem."
Gilgamesh: o primeiro herói da história,Personagem,Sîn-leqi-unninni,Escriba sumério considerado como o autor ou o compilador da versão padrão (a mais completa) da Epopeia de Gilgamesh no século XII a.C.
Gilgamesh: o primeiro herói da história,Personagem,Assurbanípal,Último grande rei da Assíria que mandou construir em Nínive uma imensa biblioteca onde foram encontradas as tabuletas da epopeia no século XIX.
Gilgamesh: o primeiro herói da história,Personagem,Aruru,Deusa-mãe na mitologia mesopotâmica que criou Enkidu a partir de um pedaço de argila.
Gilgamesh: o primeiro herói da história,Conceito,direito de pernada,Costume (aqui lendário) que permitia ao soberano ter relações sexuais com a noiva na primeira noite de núpcias; símbolo aqui da tirania de Gilgamesh.
Gilgamesh: o primeiro herói da história,Lugar,Mashu,"Montanhas míticas guardadas por homens-escorpião, situadas nos confins do Mundo, que Gilgamesh deve atravessar em sua busca."
Gilgamesh: o primeiro herói da história,Personagem,Joseph Campbell,"Mitólogo americano célebre por sua análise da 'jornada do herói', da qual Gilgamesh é um dos primeiros exemplos históricos."
Rômulo e Remo: a fundação de Roma,Instituição,vestal,"Sacerdotisa da deusa Vesta dedicada à castidade, encarregada de zelar pelo fogo sagrado de Roma. Quebrar seu voto era punido com a morte."
Rômulo e Remo: a fundação de Roma,Lugar,Ficus Ruminalis,"Figueira brava situada diante da entrada de uma gruta (o Lupercal) onde, segundo a lenda, o cesto de Rômulo e Remo teria encalhado."
Rômulo e Remo: a fundação de Roma,Conceito,Áugures,"Prática divinatória romana que consiste em interpretar os sinais enviados pelos deuses, nomeadamente o voo e o canto das aves."
Rômulo e Remo: a fundação de Roma,Conceito,pomoerium,"Fronteira sagrada da cidade de Roma, traçada ritualmente com o arado, separando o território civil do território militar."
Rômulo e Remo: a fundação de Roma,Outro,Quirites,"Nome usado pelos cidadãos romanos em suas funções civis, destacando a união entre romanos e sabinos."
Vishnu e Shiva (mitologia hindu),Conceito,Brahman,"Princípio supremo, absoluto e infinito do universo no hinduísmo, do qual todas as divindades são manifestações."
Vishnu e Shiva (mitologia hindu),Conceito,Trimurti,"Trindade hindu que agrupa as três forças fundamentais: criação (Brahma), preservação (Vishnu) e destruição (Shiva)."
Vishnu e Shiva (mitologia hindu),Conceito,Dharma,"Ordem cósmica, lei natural e dever moral que cada ser deve seguir para manter a harmonia do mundo."
Vishnu e Shiva (mitologia hindu),Conceito,Dashavatar,As dez encarnações (avatars) principais de Vishnu que aparecem na Terra durante as diferentes eras cósmicas.
Vishnu e Shiva (mitologia hindu),Data,Kali Yuga,"A quarta e última era do ciclo cósmico atual, caracterizada pelo declínio moral e espiritual."
Vishnu e Shiva (mitologia hindu),Lugar,Kailash,Montanha sagrada do Himalaia considerada como a morada de Shiva e um Lugar de peregrinação principal.
Vishnu e Shiva (mitologia hindu),Outro,Damaru,"Pequeno tambor em forma de ampulheta segurado por Shiva, cujo som simboliza o ritmo da criação original."
As Valquírias e o Valhalla,Lugar,Asgard,"O domínio celestial dos deuses Ases, ligado ao Mundo dos homens (Midgard) pela ponte arco-íris Bifröst."
As Valquírias e o Valhalla,Evento,Ragnarök,"A « consumação das potências », profecia do fim do Mundo onde deuses, Gigantes e monstros se matam entre si, marcando a destruição do universo atual."
As Valquírias e o Valhalla,Obra,Edda em verso,"Coletânea de poemas em nórdico antigo que constitui a fonte principal da Mitologia escandinava, redigida principalmente no século XIII."
As Valquírias e o Valhalla,Personagem,Sigrun,"Célebre Valquíria da Poética heroica, amante do herói Helgi, ilustrando o tema recorrente do amor entre deusas guerreiras e mortais."
As Valquírias e o Valhalla,Outro,Gullinkambi,"Um galo de crista dourada que vive no Valhalla e cujo canto anuncia todos os dias o despertar dos guerreiros, e um dia o do Ragnarök."
As Valquírias e o Valhalla,Lugar,Idavoll,A planície situada no centro de Asgard onde os deuses se reúnem e onde os Einherjar se exercitam no combate.
As Valquírias e o Valhalla,Personagem,Andhrímnir,"O cozinheiro dos deuses e dos Einherjar, encarregado de preparar o guisado eterno do javali Sæhrímnir."
As Valquírias e o Valhalla,Outro,Heidrun,"Uma cabra mágica que vive no telhado do Valhalla, alimentando-se das folhas da árvore Yggdrasil para produzir o hidromel dos guerreiros."
A Fênix através das culturas,Lugar,Heliópolis,"Cidade antiga egípcia, centro maior do culto do sol, onde o Benu era venerado e onde se acreditava que a Fênix grega depositava as suas cinzas."
A Fênix através das culturas,Lugar,Quioto,"Antiga capital imperial do Japão, abrigando numerosos templos como o Kinkaku-ji onde o pássaro Hōō é um motivo arquitetónico central."
A Fênix através das culturas,Conceito,transmutação,"Em alquimia, processo de mudança de uma substância para outra, frequentemente comparado ao Renascimento da Fênix."
A Fênix através das culturas,Conceito,nigredo,Fase de 'enegrecimento' em alquimia simbolizando a morte e a decomposição necessárias antes do Renascimento espiritual.
Os Titãs vs os Deuses (Titanomaquia),Personagem,Têmis,"Titanide da justiça e da Lei divina. Ela permaneceu neutra durante a Titanomaquia e tornou-se posteriormente uma das esposas de Zeus, simbolizando a ordem moral."
Os Titãs vs os Deuses (Titanomaquia),Personagem,Tifão,Criatura monstruosa gerada por Gaia para vingar os Titãs. É considerado o último e o mais temível adversário de Zeus antes do estabelecimento definitivo da ordem olímpia.
Os Titãs vs os Deuses (Titanomaquia),Personagem,Martin Heinrich Klaproth,"Químico alemão (1743-1817) que deu nome ao titânio em 1795, inspirando-se na força dos Titãs da mitologia grega."
Os Titãs vs os Deuses (Titanomaquia),Personagem,Mercator,"Gérard Mercator (1512-1594), cartógrafo flamengo cujo uso de uma imagem do Titã Atlas nos seus mapas generalizou o termo 'atlas' para designar uma coleção de geografia."
Dionísio: o deus do vinho e do excesso,Conceito,Teatro,"Espaço de representação nascido no século VI a.C. em Atenas como um ato religioso dedicado a Dionísio, visando a purificação das emoções (catarse)."
Dionísio: o deus do vinho e do excesso,Personagem,Apolo,"Deus da luz, das artes, da profecia e da medida. É o homólogo racional e ordenado de Dionísio no pensamento grego e nietzschiano."
Dionísio: o deus do vinho e do excesso,Conceito,Mistérios,Ritos religiosos secretos e iniciáticos que garantiam aos fiéis uma experiência direta do divino ou um destino favorável no além-morte.
Dionísio: o deus do vinho e do excesso,Conceito,Catarse,Termo de Aristóteles que designa a purgação ou a purificação das paixões (piedade e temor) no espectador de uma tragédia.
Dionísio: o deus do vinho e do excesso,Movimento,Ditirambo,"Canto coral lírico e apaixonado em honra de Dionísio, considerado como o ancestral direto do género teatral."
Dionísio: o deus do vinho e do excesso,Personagem,Sémêle,"Filha de Cadmo e mãe mortal de Dionísio, consumida pelo brilho de Zeus enquanto estava grávida."
B,Conceito,Moira,Conceito grego do destino ao qual nem mesmo os deuses podem escapar.
B,Outro,tholos,"Edifício de planta circular, aqui utilizado para designar a câmara subterrânea onde Dânae foi trancada."
B,Personagem,Grias,"Três irmãs divinas que nasceram velhas, possuindo apenas um olho e um dente para as três, guardiãs do caminho das Gorgonas."
B,Outro,alforge,Saco mágico (kibisis) capaz de conter a cabeça de Medusa sem que o seu sangue ou o seu poder afetem o portador.
B,Outro,Cunéia,"Capacete de invisibilidade forjado para Hades pelos Ciclopes, utilizado por Perseu para escapar às Gorgonas."
B,Personagem,Nereidas,"Ninfas marinhas, filhas de Nereu, ofendidas pela vaidade da rainha Cassiopeia."
B,Outro,Cetus,Monstro marinho enviado por Posêidon para devastar o reino de Cefeu.
B,Conceito,Providência,"Força superior que guia os eventos humanos em direção a um fim determinado, frequentemente identificada aqui com a vontade divina."
B,Personagem,Parcas,"Divindades senhoras do destino humano, representadas como fiandeiras (equivalente romano das Moiras)."
Os deuses astecas e os sacrifícios humanos,Conceito,Nahui Ollin,"O nome do quinto sol no qual vivemos segundo os astecas, significando '4-Movimento'."
Os deuses astecas e os sacrifícios humanos,Conceito,Cinco Sóis,O mito asteca que explica que o Mundo conheceu quatro criações e destruições anteriores antes da era atual.
Os deuses astecas e os sacrifícios humanos,Conceito,Tlaloc,"Deus da Chuva e da fertilidade, temido pela sua capacidade de enviar raios ou a fome."
Os deuses astecas e os sacrifícios humanos,Conceito,Quetzalcóatl,"A 'Serpente Emplumada', deus da sabedoria, do vento e das artes, oposto a Tezcatlipoca."
Os deuses astecas e os sacrifícios humanos,Conceito,Tezcatlipoca,"O 'Espelho Fumegante', deus onipotente do destino, da noite e dos guerreiros, muitas vezes associado à magia negra."
Os deuses astecas e os sacrifícios humanos,Conceito,Coatlicue,"Deusa da Terra e do nascimento, mãe de Huitzilopochtli, representada por uma saia de serpentes."
Os deuses astecas e os sacrifícios humanos,Conceito,Xochiyaoyotl,"Nome das 'guerras floridas', conflitos rituais cujo objetivo era a captura de prisioneiros para o sacrifício."
Os deuses astecas e os sacrifícios humanos,Conceito,chalchihuatl,"Termo Nahuatl que significa 'água preciosa', utilizado para designar o sangue humano oferecido aos deuses."
Quetzalcóatl,Lugar,Teotihuacán,"« A cidade dos deuses », metrópole principal do centro do México (século I-VII) onde foram construídos os primeiros grandes templos dedicados à Serpente Emplumada."
Quetzalcóatl,Conceito,Kukulkán,"Nome maia de Quetzalcóatl. Em Chichén Itzá, durante os equinócios, a sombra projetada pela pirâmide imita a descida de uma serpente ao longo dos degraus."
Quetzalcóatl,Outro,nahuatl,"Língua dos astecas (e de outros povos do México central), ainda falada hoje por mais de um milhão de pessoas."
Quetzalcóatl,Conceito,quetzal,"Pássaro tropical de longas penas irisadas verdes e vermelhas, mais valiosas que o ouro para os mesoamericanos. O nome Quetzalcóatl («serpente quetzal») combina a serpente (terra) e o pássaro (céu) em um ser cósmico que reúne as duas dimensões."
Quetzalcóatl,Conceito,Cosmogonia dos cinco sóis,"Mito asteca que explica que o universo atravessou quatro eras (sóis) antes da nossa, tendo Quetzalcóatl presidido um desses ciclos."
Quetzalcóatl,Lugar,Mictlán,"O submundo ou o reino dos mortos na mitologia asteca, guardado por Mictlantecuhtli."
Quetzalcóatl,Personagem,Tlaloc,"Deus da chuva e do relâmpago, frequentemente associado a Quetzalcóatl (Ehecatl) para fertilizar as terras."
Quetzalcóatl,Outro,Conquistadores,Soldados e exploradores espanhóis do século XVI que conquistaram vastos territórios na América.
Quetzalcóatl,Lugar,Tenochtitlán,"Capital d'O império asteca, construída sobre uma ilha do lago Texcoco, na localização atual da Cidade do México."
O Mahabharata,Lugar,Hastinapura,"Capital lendária do reino dos Kuru, no centro das disputas de poder entre os Pandava e os Kaurava."
O Mahabharata,Conceito,Somme,Obra que reúne de maneira exaustiva todos os conhecimentos sobre uma matéria ou um domínio específico.
O Mahabharata,Instituição,Bramanismo,"Sistema religioso e social da Índia antiga, fundado nos textos dos Veda e no papel predominante da casta dos brâmanes."
O Mahabharata,Conceito,Dharma,"Lei universal, ordem das coisas e dever moral ou religioso que cada indivíduo deve seguir segundo a sua condição."
"Lancelot, Genebra e a Távola Redonda",Evento,a prova da espada,"Episódio fundador onde Arthur prova o seu sangue real ao retirar a espada Excalibur (ou uma espada anónima segundo as fontes) de uma rocha ou de uma bigorna, provando a sua Legitimidade divina."
"Lancelot, Genebra e a Távola Redonda",Conceito,Assento Perigoso,Lugar vazio na Távola Redonda reservado ao cavaleiro que deve encontrar o Graal. Quem quer que se sente sem ser o eleito é engolido pela terra.
"Lancelot, Genebra e a Távola Redonda",Conceito,Rex Quondam Rexque Futurus,"Expressão latina que significa 'Rei outrora e Rei futuro', designando o mito do soberano que não morre, mas espera a sua hora para voltar a reinar."
"Merlin, o Encantador",Conceito,Demônio íncubo,"Na demonologia medieval, demônio íncubo destinado a tomar forma humana para seduzir as mulheres durante o sono."
"Merlin, o Encantador",Conceito,Batismo,"Sacramento cristão que marca a entrada na comunidade dos crentes e o apagamento do pecado original; para Merlin, este anula a sua natureza demoníaca."
"Merlin, o Encantador",Lugar,Celyddon,"Antigo nome galês que designa a floresta caledoniana, Lugar de errância do bardo louco Myrddin Wyllt."
"Merlin, o Encantador",Obra,Excalibur,"Espada mítica do rei Artur, símbolo da sua Legitimidade e da sua proteção divina, frequentemente associada à Dama do Lago."
"Merlin, o Encantador",Personagem,Uther Pendragon,"Pai de Artur e rei da Bretanha, cujo nome significa 'Cabeça de Dragão'."
"Merlin, o Encantador",Conceito,Assento Perigoso,Lugar da Távola Redonda reservado ao cavaleiro que deve realizar a busca do Graal; qualquer Outro que nele se sinta é engolido.
"Merlin, o Encantador",Conceito,Druídico,"Relativo aos druidas, membros da classe sacerdotal dos povos celtas, detentores do saber religioso e da Lei."
As Mil e Uma Noites (Sherazade),Obra,Hazār Afsāna,"Título persa que significa 'Mil contos', considerado como o núcleo original que serviu de base às Mil e Uma Noites antes da sua arabização."
As Mil e Uma Noites (Sherazade),Instituição,Abássidas,"Dinastia de Califas que reinou de 750 a 1258. Sob o seu reinado, Bagdade tornou-se o centro mundial da cultura e o Lugar da arabização dos contos."
As Mil e Uma Noites (Sherazade),Instituição,Mamelucos,"Dinastia que reinou sobre o Egito e a Síria (1250-1517), Período durante o qual a coletânea das Mil e Uma Noites foi estabilizada e enriquecida com numerosos contos urbanos."
As Mil e Uma Noites (Sherazade),Personagem,Hanna Diyab,"Contador de histórias sírio maronita que narrou oralmente a Antoine Galland contos como Aladin e Ali Babá, permitindo a sua integração na coletânea."
As Mil e Uma Noites (Sherazade),Conceito,cliffhanger,Processo narrativo que consiste em interromper um relato num momento de forte tensão para incitar o público a querer conhecer a continuação.
"Sindbad, o Marujo",Conceito,Cosmologia islâmica,"Visão de mundo medieval que integra os conhecimentos geográficos gregos, os relatos de marinheiros e as estruturas simbólicas do Alcorão (como os sete céus)."
"Sindbad, o Marujo",Lugar,Serendib,"Antigo nome árabe da ilha de Ceilão (atual Sri Lanka), reputada nos relatos de Sindbad pelas suas pedras preciosas e as suas maravilhas naturais."
"Sindbad, o Marujo",Movimento,Romance de aventuras,"Género literário fundado na ação e no exotismo, do qual Sindbad é considerado um dos antepassados principais pela sua estrutura centrada na viagem e no imprevisto."
"Sindbad, o Marujo",Lugar,Baçorá,"Porto histórico iraquiano situado no Shatt-el-Arab, ponto de partida das grandes expedições marítimas árabes em direção ao Oceano Índico na época abássida."
Os Titãs vs os Deuses: a Titanomaquia completa,Personagem,Gaia,"Deusa mãe que personifica a Terra, ela ajuda primeiro Zeus a derrubar Cronos antes de se voltar contra ele durante a Gigantomaquia."
Os Titãs vs os Deuses: a Titanomaquia completa,Outro,Cunéia,Capacete de invisibilidade forjado pelos Ciclopes para Hades durante a Titanomaquia.
Os Titãs vs os Deuses: a Titanomaquia completa,Personagem,Jápeto,"Titan de segunda geração, pai de Atlas, Prometeu e Epimeteu, representando frequentemente o ancestral dos homens."
Os Titãs vs os Deuses: a Titanomaquia completa,Outro,Gigantes,"Criaturas monstruosas nascidas de Gaia, cuja derrota durante a Gigantomaquia requer a intervenção conjunta dos deuses e de um mortal."
Os Titãs vs os Deuses: a Titanomaquia completa,Personagem,Héracles,"Herói mortal, filho de Zeus, cuja participação foi indispensável para a vitória dos deuses durante a Gigantomaquia."
Rá e a criação do mundo (Egito),Lugar,Duat,"O mundo subterrâneo na mitologia egípcia, atravessado todas as noites por Rá e lugar de julgamento das almas dos defuntos."
Rá e a criação do mundo (Egito),Personagem,Sekhmet,"Deusa com cabeça de leoa representando a fúria destruidora do olho de Rá, capaz de devastar a humanidade."
Rá e a criação do mundo (Egito),Lugar,Templo de Karnak,"Imenso complexo religioso em Tebas (Luxor) dedicado principalmente a Amon-Rá, testemunhando o poder do culto solar."
Ícaro e Dédalo,Conceito,Métis,"Forma de inteligência grega caracterizada pela astúcia, a habilidade técnica e a capacidade de se adaptar a situações complexas. Ela é o atributo de Dédalo e de Ulisses."
Ícaro e Dédalo,Personagem,Pasífae,"Esposa do rei Minos que, amaldiçoada por Posêidon, apaixonou-se por um touro branco e deu à luz o Minotauro com a ajuda de uma máquina inventada por Dédalo."
Ícaro e Dédalo,Conceito,Sophia,"Sabedoria ou perícia que inclui o conhecimento da medida e dos limites humanos, opondo-se ao cegueirismo da hybris."
Ícaro e Dédalo,Lugar,Icária,"Ilha grega do mar Egeu onde, segundo a lenda, o corpo de Ícaro teria sido levado pelas ondas e enterrado por Héracles."
Eneias e a fundação de Roma (Virgílio),Outro,Hexâmetros dactílicos,"O verso clássico da epopeia grega e latina, composto por seis unidades de ritmo (pés)."
Eneias e a fundação de Roma (Virgílio),Conceito,Ticinines,"Termo que significa 'escoras', designando os versos que Virgílio deixava inacabados no seu manuscrito à espera de encontrar uma formulação perfeita."
Eneias e a fundação de Roma (Virgílio),Conceito,Penates,Divindades romanas encarregadas de vigiar o lar e as provisões; Eneias leva-os de Troia para garantir a proteção da sua futura nação.
Eneias e a fundação de Roma (Virgílio),Personagem,Júpiter,"O rei dos deuses na mitologia romana (Zeus entre os gregos), garante da ordem e do destino de Eneias."
Eneias e a fundação de Roma (Virgílio),Evento,Guerras Púnicas,Série de três conflitos principais que opuseram Roma a Cartago pelo domínio do Mediterrâneo ocidental (séculos III-II a.C.).
Eneias e a fundação de Roma (Virgílio),Instituição,Julii,"Uma das mais antigas famílias patrícias de Roma, da qual Júlio César se reivindicava e à qual Augusto pertencia por adoção."
Eneias e a fundação de Roma (Virgílio),Obra,A Divina Comédia,Poema principal de Dante Alighieri (século XIV) onde Virgílio aparece como o guia do narrador através do Inferno e do Purgatório.
Eneias e a fundação de Roma (Virgílio),Personagem,Juno,"Rainha dos deuses e esposa de Júpiter, ela é a antagonista divina da Eneida, procurando por todos os meios impedir a fundação de Roma."
Eneias e a fundação de Roma (Virgílio),Evento,Guerra de Troia,"Conflito lendário que opôs os Estados gregos aos Troianos, servindo de ponto de partida cronológico para a Eneida."
Eneias e a fundação de Roma (Virgílio),Lugar,Alba Longa,"Cidade fundada por Ascânio (Iulo), filho de Eneias, que se tornou a sede da realeza latina antes da fundação de Roma."
O nascimento do conflito israelense-palestino,Instituição,Sociedade das Nações,"Organização internacional criada após a Primeira Guerre Mundial para manter a paz, substituída pela ONU em 1945."
O nascimento do conflito israelense-palestino,Instituição,Agência Judaica,Organismo criado para facilitar a imigração dos Judeus na Palestina e a administração das comunidades judaicas sob o mandato britânico.
O nascimento do conflito israelense-palestino,Conceito,Aliyah,Termo hebraico que designa a imigração judaica para a Terra de Israel.
O nascimento do conflito israelense-palestino,Instituição,UNRWA,"Agência das Nações Unidas de Assistência aos Refugiados da Palestina no Próximo Oriente, criada em 1949."
A rivalidade China–Estados Unidos,Conceito,bipolaridade,Estrutura do sistema internacional onde o poder é principalmente partilhado entre dois polos dominantes (aqui a China e os Estados Unidos).
A rivalidade China–Estados Unidos,Conceito,armadilha de Tucídides,"Teoria de Graham Allison segundo a qual, quando uma potência emergente ameaça destronar uma potência estabelecida, o risco de guerra torna-se quase inevitável."
A rivalidade China–Estados Unidos,Conceito,segurança nacional,"Política visando proteger a integridade do território e os interesses económicos ou tecnológicos de um Estado contra ameaças externas, frequentemente utilizada para justificar sanções."
A rivalidade China–Estados Unidos,Conceito,competição sistêmica,"Rivalidade que não se limita a um domínio preciso, mas que engloba os modelos políticos, os valores ideológicos e as normas internacionais."
A rivalidade China–Estados Unidos,Movimento,Guerra Fria,Período de tensões (1947-1991) entre os EUA e a URSS sem confronto direto. O termo é retomado hoje para descrever a tensão tecnológica sino-americana.
As tensões em torno de Taiwan,Movimento,Kuomintang,Partido nacionalista chinês que governou a China antes de 1949 e instaurou um regime autoritário em Taiwan até às reformas democráticas dos anos 1980.
As tensões em torno de Taiwan,Conceito,Sufrágio universal direto,"Sistema de voto onde todos os cidadãos votam diretamente para escolher os seus representantes, adotado por Taiwan pela primeira vez em 1996."
As tensões em torno de Taiwan,Lugar,ZIDA,Zona de identificação de defesa aérea: espaço aéreo além do território nacional onde um Estado solicita a identificação de aeronaves por razões de segurança.
O conceito de mundo «multipolar»,Personagem,Krauthammer,"Charles Krauthammer (1950-2018), intelectual e jornalista americano, célebre por ter teorizado o fim da Guerra Fria como um Período de dominação total dos Estados Unidos."
O conceito de mundo «multipolar»,Instituição,OTAN,"Organização do Tratado do Atlântico Norte, aliança militar intergovernamental criada em 1949, pilar da potência ocidental durante e após a Guerra Fria."
O conceito de mundo «multipolar»,Conceito,Novas rotas da seda,"Vasto projeto de infraestruturas e de investimentos lançado pela China em 2013 para ligar a Ásia, a Europa e a África, reforçando o seu peso geopolítico Mundo."
O conceito de mundo «multipolar»,Conceito,Sul Global,"Termo que designa os países em desenvolvimento ou emergentes (frequentemente de África, da América Latina e da Ásia) que procuram emancipar-se da influência ocidental."
O conceito de mundo «multipolar»,Personagem,John Mearsheimer,"Politólogo americano, líder da escola neorrealista, conhecido pela sua tese sobre a inevitabilidade do conflito entre potências emergentes e potências estabelecidas."
O conceito de mundo «multipolar»,Conceito,friend-shoring,Prática comercial que consiste em privilegiar as cadeias de suprimentos e o comércio com países aliados ou que partilham os mesmos valores políticos para reduzir os riscos estratégicos.
O petróleo como fonte de conflitos,Personagem,Edwin Drake,"Pioneiro da indústria petrolífera americana, conhecido por ter perfurado o primeiro poço de petróleo mecanizado em 1859 em Titusville."
O petróleo como fonte de conflitos,Personagem,Mohammad Mossadegh,Primeiro-ministro iraniano que nacionalizou a indústria petrolífera do seu país em 1951 antes de ser derrubado por um golpe de Estado apoiado pela CIA e pelo MI6.
O petróleo como fonte de conflitos,Evento,guerra do Yom Kippur,"Conflito que opôs em 1973 Israel a uma coligação liderada pelo Egito e pela Síria, servindo de gatilho para o primeiro choque petrolífero."
O petróleo como fonte de conflitos,Conceito,petróleo de xisto,"Petróleo aprisionado em rochas sedimentares pouco permeáveis, cuja extração industrial por fraturamento hidráulico transformou o mercado mundial a partir de 2010."
O Canal de Suez: por que é estratégico,Lugar,Cabo da Boa Esperança,"Ponto situado na extremidade sul da África. Antes do canal de Suez, os navios deviam contorná-lo para circular entre a Europa e a Ásia."
O Canal de Suez: por que é estratégico,Outro,Quediva,"Título usado pelos soberanos do Egito entre 1867 e 1914, quando o país estava oficialmente sob suserania otomana mas cada vez mais influenciado pelas potências europeias."
O Canal de Suez: por que é estratégico,Movimento,Pan-arabismo,"Movimento política visando a unificação dos povos árabes, do qual Nasser foi o principal líder nos anos 1950 e 1960."
O Canal de Suez: por que é estratégico,Movimento,Houthis,"Grupo rebelde xiita no Iémen que, a partir de 2023, perturbou o tráfego marítimo no Mar Vermelho para protestar contra os conflitos regionais."
O Canal de Suez: por que é estratégico,Lugar,Bab-el-Mandeb,"Estreito situado ao sul do Mar Vermelho, entre o Iémen e Djibuti, constituindo o ponto de passagem obrigatório para aceder ao canal de Suez a partir do Oceano Índico."
A OTAN: para que serve ainda?,Instituição,Tratado do Atlântico Norte,"Também chamado Tratado de Washington, é o ato fundador assinado a 4 de abril de 1949 que define os objetivos da OTAN e o princípio de solidariedade entre os seus membros."
A OTAN: para que serve ainda?,Instituição,Pacto de Varsóvia,"Aliança militar criada em 1955 pela URSS em reação à OTAN, agrupando os países comunistas da Europa de Leste. Desapareceu em 1991."
A OTAN: para que serve ainda?,Lugar,Estados bálticos,"Conjunto geográfico composto pela Estónia, Letónia e Lituânia. Antigas repúblicas soviéticas, são hoje membros da OTAN e da UE."
A OTAN: para que serve ainda?,Personagem,Vladimir Putin,"Presidente da Federação da Rússia desde 1999 (com uma interrupção como Primeiro-ministro), ele considera a extensão da OTAN como uma agressão contra a influência russa."
A OTAN: para que serve ainda?,Conceito,Escalada nuclear,Processo pelo qual uma tensão militar se intensifica até à utilização de armas atómicas. É o principal receio que trava uma intervenção direta da OTAN na Ucrânia.
A OTAN: para que serve ainda?,Conceito,Ciberespaço,"Domínio imaterial das redes digitais e informáticas, doravante considerado pela OTAN como um campo de batalha por si só, tal como a terra, o ar e o mar."
A ONU: poderosa ou impotente?,Data,Carta de São Francisco,"Tratado fundador da ONU assinado em 26 de junho de 1945 por 50 Estados, definindo os objetivos e princípios da organização."
A ONU: poderosa ou impotente?,Instituição,Conselho de Segurança,"Órgão principal da ONU encarregado da manutenção da paz. Inclui 15 membros, dos quais 5 permanentes dispondo do direito de veto."
A ONU: poderosa ou impotente?,Instituição,Assembleia Geral,Principal órgão deliberativo da ONU onde cada Estado-membro dispõe de um voto igual. As suas resoluções não têm força vinculativa.
A ONU: poderosa ou impotente?,Instituição,Carta da ONU,Texto constitucional da organização que define os direitos e obrigações dos Estados-membros e as estruturas da instituição.
A Rússia de Putin,Instituição,Gazprom,"Gigante estatal russa do gás, utilizada pelo Kremlin como um instrumento de potência económica e diplomática (a arma energética), bem como uma ferramenta de controlo mediático."
A Rússia de Putin,Conceito,oligarca,Homem de negócios que adquiriu uma fortuna imensa e uma influência política considerável durante as privatizações dos anos 1990 na Rússia.
A Rússia de Putin,Conceito,siloviki,"Termo que designa os responsáveis políticos oriundos dos serviços de segurança (KGB/FSB), do exército ou da polícia, que formam o círculo restrito do poder sob Putin."
A Rússia de Putin,Conceito,sociedade civil,"Conjunto de organizações não governamentais (ONG) e cidadãos que atuam independentemente do Estado. Sob Putin, ela é cada vez mais reprimida."
A guerra na Ucrânia explicada,Instituição,SWIFT,Sociedade cooperativa de direito belga que gere a rede de mensagens financeiras internacional permitindo os pagamentos transfronteiriços seguros.
A guerra na Ucrânia explicada,Instituição,OTAN,"Organização do Tratado do Atlântico Norte, aliança militar intergovernamental criada em 1949 para assegurar a defesa coletiva dos seus membros."
A guerra na Ucrânia explicada,Instituição,URSS,"União das Repúblicas Socialistas Soviéticas, antigo Estado federal da Eurásia de regime comunista nascido em 1922 e dissolvido em 1991."
Como funciona o preço do petróleo?,Instituição,OPEP,"Organização dos Países Exportadores de Petróleo, cartel fundado em 1960 visando coordenar as políticas petrolíferas dos seus membros para estabilizar os preços."
Como funciona o preço do petróleo?,Outro,Brent,"Petróleo leve oriundo de campos no Mar do Norte, servindo de referência de preço crucial para os mercados internacionais, nomeadamente na Europa e em África."
Como funciona o preço do petróleo?,Outro,WTI,"West Texas Intermediate, petróleo de alta qualidade extraído nos Estados Unidos servindo de referência principal para o mercado americano."
Como funciona o preço do petróleo?,Conceito,Inelasticidade,"Em economia, situação em que a procura de um bem varia pouco apesar de uma forte variação do seu preço, uma vez que os consumidores não conseguem passar facilmente sem ele."
Os paraísos fiscais explicados,Conceito,Offshore,"Termo que designa as atividades financeiras ou investimentos de capitais realizados fora do país de residência, geralmente em jurisdições com uma fiscalidade vantajosa."
Os paraísos fiscais explicados,Conceito,Beneficiário efetivo,"A pessoa física que possui ou detém o controlo em última instância de uma entidade jurídica ou para a qual uma transação é efetuada, por oposição aos testas de ferro."
Os paraísos fiscais explicados,Conceito,Tax rulings,"Prática pela qual uma administração fiscal confirma antecipadamente a uma empresa como esta será tributada, permitindo frequentemente negociar taxas muito baixas."
Os paraísos fiscais explicados,Evento,Panama Papers,"Fuga maciça de 11,5 milhões de documentos em 2016 revelando os ativos offshore de personalidades mundiais geridos pelo escritório de advogados Mossack Fonseca."
Os paraísos fiscais explicados,Conceito,Trust,"Estrutura jurídica anglo-saxónica que permite transferir a propriedade de bens a uma terceira pessoa que os gere em proveito de um beneficiário, garantindo frequentemente o anonimato."
Os paraísos fiscais explicados,Conceito,Big data,"Conjunto de tecnologias que permitem analisar volumes imensos de dados, utilizado pelo fisco para detetar esquemas de evasão sofisticados."
A evasão fiscal das multinacionais,Conceito,preços de transferência,"Preços aos quais uma empresa transfere bens materiais, ativos incorpóreos ou presta serviços a empresas associadas (filiais). Manipular estes preços permite deslocar os lucros para zonas menos tributadas."
A evasão fiscal das multinacionais,Conceito,tax rulings,"Acordos antecipados entre uma administração fiscal nacional e uma multinacional, fixando antecipadamente como o imposto será calculado. São frequentemente criticados por serem benefícios fiscais disfarçados."
A evasão fiscal das multinacionais,Movimento,justiça fiscal,"Corrente de pensamento e de ativismo (liderada por ONG como a Oxfam) que defende uma repartição equitativa da carga fiscal, onde as multinacionais e os mais ricos contribuem proporcionalmente à sua capacidade real."
A evasão fiscal das multinacionais,Conceito,estabelecimento estável,"Noção jurídica que define a presença física mínima (escritório, sucursal) necessária para que um Estado tenha o direito de tributar os lucros de uma empresa estrangeira."
As desigualdades Norte-Sul,Conceito,«curva do elefante»,"Gráfico do economista Milanovic: entre 1988 e 2008, a classe média asiática e os muito ricos mundiais foram os que mais progrediram, enquanto a classe operária dos países ricos estagnava. Esta curva explica em parte a ascensão do populismo ocidental."
As desigualdades Norte-Sul,Conceito,termos de troca,"Relação entre os preços das exportações de um país e os preços das suas importações. Quando esta se degrada (matérias-primas vendidas mais barato contra produtos manufaturados comprados mais caro), o país empobrece estruturalmente."
As desigualdades Norte-Sul,Conceito,deterioração dos termos de troca,"Fenómeno económico onde os preços dos produtos primários baixam em relação aos preços dos produtos manufaturados a longo prazo, penalizando os países exportadores de matérias-primas."
As desigualdades Norte-Sul,Instituição,ajuda pública ao desenvolvimento,Conjunto dos fluxos financeiros transferidos pelos Estados desenvolvidos para os países em desenvolvimento para favorecer a melhoria das condições de vida e o crescimento económico.
A dívida mundial,Instituição,FMI,"O Fundo Monetário Internacional é uma organização internacional que zela pela estabilidade financeira mundial e empresta a países em dificuldade, frequentemente em troca de reformas estruturais."
A dívida mundial,Data,Tratado de Maastricht,"Assinado em 1992, fixa os critérios de convergência para a União Europeia, incluindo uma dívida pública limitada a 60 % do PIB e um défice de 3 %."
"A economia de plataforma [Uber, Airbnb...]",Conceito,Matching,Processo de ligação eficaz entre um ofertante e um requerente num mercado digital.
"A economia de plataforma [Uber, Airbnb...]",Conceito,Subordinação algorítmica,"Situação em que um trabalhador, embora juridicamente independente, sofre o controlo, a vigilância e as diretrizes de um algoritmo (classificação, tarifação, desconexão)."
"A economia de plataforma [Uber, Airbnb...]",Outro,Requalificação,Decisão judicial que transforma um contrato de prestação de serviços (independente) num contrato de trabalho (assalariado) após a constatação de um vínculo de subordinação.
"A economia de plataforma [Uber, Airbnb...]",Instituição,Tributação digital,"Dispositivo fiscal (como a taxa GAFA) que visa tributar os rendimentos das plataformas digitais no lugar onde criam valor, e não apenas onde estão sediadas."
O papel dos dados (o «petróleo do século XXI»),Conceito,machine learning,"Campo de estudo da inteligência artificial que utiliza métodos estatísticos para permitir que os computadores aprendam a partir de dados, sem serem explicitamente programados para cada tarefa."
O papel dos dados (o «petróleo do século XXI»),Instituição,GAFAM,"Acrónimo que designa os cinco Gigantes americanos da tecnologia: Google, Apple, Facebook (Meta), Amazon e Microsoft."
O papel dos dados (o «petróleo do século XXI»),Instituição,BATX,"Equivalente chinês dos GAFAM, que reúne Baidu, Alibaba, Tencent e Xiaomi."
O papel dos dados (o «petróleo do século XXI»),Conceito,soberania digital,"Capacidade de um Estado ou de uma organização para controlar as suas infraestruturas digitais, os seus dados e as suas tecnologias, a fim de não depender de potências estrangeiras."
A exclusão digital mundial,Conceito,smartphone,Telemóvel inteligente dotado de um sistema operativo que permite o acesso à Internet e a instalação de aplicações.
A exclusão digital mundial,Conceito,teletrabalho,Atividade profissional exercida à distância graças às ferramentas digitais.
A exclusão digital mundial,Outro,MOOC,(Massive Open Online Course) Curso de ensino difundido na Internet e acessível a todos gratuitamente ou a baixo custo.
A exclusão digital mundial,Conceito,Big Data,Conjuntos de dados tão volumosos que necessitam de ferramentas informáticas específicas para serem analisados e explorados.
A desinformação e as fake news,Instituição,MIT,"O Massachusetts Institute of Technology, uma universidade de investigação prestigiada que realiza inúmeros estudos sobre o impacto das tecnologias digitais na sociedade."
A desinformação e as fake news,Instituição,AFP,"Agence France-Presse, agência de notícias mundial de referência que desenvolveu uma das maiores redes de fact-checking do mundo."
A desinformação e as fake news,Conceito,Deepfakes,"Gravações de áudio ou vídeo ultrarrealistas geradas por inteligência artificial, permitindo substituir o rosto ou a voz de uma pessoa por uma Outro para lhe atribuir declarações imaginárias."
O buraco na camada de ozônio (e a sua recuperação),Lugar,Antártica,"Continente situado no Polo Sul, onde as condições meteorológicas extremas da Estratosfera na primavera favorecem a destruição maciça do ozono pelos CFC."
O buraco na camada de ozônio (e a sua recuperação),Conceito,Estratosfera,"Segunda camada da atmosfera terrestre, situada entre cerca de 10 e 50 km de altitude, que abriga a maior parte da camada de ozono."
O buraco na camada de ozônio (e a sua recuperação),Conceito,Dióxido de carbono (CO₂),"Gás presente naturalmente na atmosfera, mas cujo excesso ligado às atividades humanas é o principal responsável pelo aquecimento global atual."
A crise da biodiversidade,Instituição,WWF,"Fundo Mundial para a Natureza (World Wide Fund for Nature), uma das maiores organizações não governamentais internacionais de proteção do ambiente."
A crise da biodiversidade,Instituição,IPBES,"Plataforma intergovernamental científica e política sobre a biodiversidade e os serviços ecossistémicos, frequentemente descrita como o 'IPCC da biodiversidade'."
A crise da biodiversidade,Obra,Dasgupta Review,"Relatório económico fundamental (2021) encomendado pelo Tesouro britânico, que teoriza a integração da natureza nos indicadores económicos globais."
A crise da biodiversidade,Conceito,limites planetários,Limiares quantificados que a humanidade não deve ultrapassar para não comprometer as condições habitáveis da Terra.
A crise da biodiversidade,Evento,COP15,"Conferência das Nações Unidas sobre a biodiversidade realizada em 2022, que resultou no acordo histórico '30 por 30' para a proteção da natureza."
A crise da biodiversidade,Conceito,resiliência,Capacidade de um ecossistema de recuperar o seu funcionamento normal após sofrer uma perturbação profunda.
A economia circular,Outro,Bauxita,O principal minério que permite a produção de alumínio.
A economia circular,Conceito,Ecossistema industrial,"Modelo de organização onde as empresas de um mesmo território trocam os seus fluxos (energia, água, materiais) para que os resíduos de uns se tornem recursos de outros."
A economia circular,Outro,Lítio,Metal alcalino essencial para o fabrico de baterias recarregáveis para veículos elétricos e aparelhos móveis.
A economia circular,Conceito,Responsabilidade Estendida do Produtor,"Princípio jurídico segundo o qual os fabricantes e importadores devem assumir a responsabilidade, financeira ou técnica, pela gestão do fim de vida dos produtos que colocam no mercado."
A economia circular,Conceito,Economia da funcionalidade,Modelo económico que privilegia o uso de um bem (aluguer de um serviço) em vez da sua posse (compra do **Objeto**).
A economia circular,Conceito,Passaporte digital de produtos,Ferramenta de informação que armazena as características técnicas e a composição de um produto para facilitar a sua reparação e a sua reciclagem futura.
Por que as abelhas são vitais?,Conceito,sonicação,Técnica de polinização utilizada por certos insetos (como os abelhões) que fazem vibrar os seus músculos alares para sacudir o pólen das anteras de flores específicas.
Por que as abelhas são vitais?,Conceito,polinização,"Processo de transporte dos grãos de pólen desde os órgãos masculinos (estames) para os órgãos femininos (pistilo) de uma flor, permitindo a fecundação e a produção de sementes e de frutos."
Por que as abelhas são vitais?,Conceito,entomofauna,Conjunto das espécies de insetos que vivem num determinado meio.
Por que as abelhas são vitais?,Conceito,cadeia trófica,Sequência de relações alimentares entre seres vivos que se comem uns aos outros (cadeia alimentar).
Por que as abelhas são vitais?,Conceito,infraestruturas agroecológicas,"Elementos não produtivos de uma exploração (sebes, charcos, pequenos muros, faixas de flores) que fornecem refúgios e recursos à biodiversidade."
A subida do nível das águas,Lugar,Indlandsis,"Imenso glaciar de grande extensão, podendo atingir vários quilómetros de espessura, cobrindo uma base continental (como na Gronelândia ou na Antártida)."
A subida do nível das águas,Instituição,IPCC,"Painel Intergovernamental sobre Mudanças Climáticas, organismo da ONU encarregado de avaliar os conhecimentos científicos sobre as alterações climáticas."
A subida do nível das águas,Conceito,Dilatação térmica,Fenómeno físico pelo qual um corpo (neste caso a água) aumenta de volume sob o efeito de um aumento da sua temperatura.
A subida do nível das águas,Conceito,Manguezal,Ecossistema de pântanos marítimos incluindo árvores específicas (mangues) que estabilizam as costas e protegem contra a erosão e as ondas de tempestade.
A IA e o emprego,Conceito,IA generativa,"Tipo de inteligência artificial capaz de criar novos conteúdos (texto, imagens, código, som) a partir de exemplos aprendidos, em vez de simplesmente analisar dados existentes."
A IA e o emprego,Conceito,colarinhos brancos,"Expressão que designa os trabalhadores de escritório, os quadros e as profissões intelectuais, por oposição aos 'colarinhos azuis' que trabalham na indústria ou em trabalhos manuais."
A IA e o emprego,Conceito,Engenheiro de prompts,Profissão que consiste em conceber e refinar as instruções textuais dadas a uma IA generativa para obter o resultado mais pertinente e eficaz possível.
O populismo: por que está a crescer em todo o lado?,Personagem,Jan-Werner Müller,"Politólogo e professor em Princeton, autor de 'O que é o populismo?', que define o fenómeno pelo seu antipluralismo e pela sua pretensão à exclusividade da representação."
O populismo: por que está a crescer em todo o lado?,Personagem,Branko Milanović,"Economista sérvio-americano especializado em desigualdades, célebre pela sua 'curva do elefante' que mostra a repartição dos ganhos de rendimentos mundiais."
O populismo: por que está a crescer em todo o lado?,Conceito,globalização,"Processo de abertura das fronteiras económicas e de aceleração das trocas mundiais, cujos efeitos desiguais são um motor do voto populista."
O populismo: por que está a crescer em todo o lado?,Movimento,trumpismo,"Movimento político associado a Donald Trump, misturando populismo, nacionalismo económico e uma comunicação direta que abala as normas institucionais."
O populismo: por que está a crescer em todo o lado?,Conceito,monismo,"Conceção política que recusa a diversidade de opiniões no seio do povo, afirmando que a vontade popular é uma, indivisível e encarnada por um único líder."
O populismo: por que está a crescer em todo o lado?,Conceito,backlash,Reação violenta ou resistência de um grupo social face a mudanças culturais ou políticas rápidas percebidas como uma ameaça aos seus valores.
O populismo: por que está a crescer em todo o lado?,Instituição,meios de comunicação de massa,"Grandes órgãos de imprensa tradicionais (TV, jornais), frequentemente qualificados como 'elites mediáticas' pelos populistas para os desacreditar."
O populismo: por que está a crescer em todo o lado?,Conceito,desdemonização,"Estratégia política que visa tornar um partido radical mais aceitável para o eleitorado moderado, suavizando a sua imagem e o seu discurso."
A saúde mental como questão de sociedade,Conceito,Comparação social ascendente,"Processo psicológico em que um indivíduo se compara a pessoas que percebe como superiores (beleza, riqueza, sucesso), resultando frequentemente numa redução da autoestima."
A saúde mental como questão de sociedade,Conceito,Cibervitimização,"Forma de assédio que ocorre através de ferramentas digitais, incluindo insultos, propagação de rumores ou exclusão social online."
A saúde mental como questão de sociedade,Conceito,Reforço dopaminérgico,"Mecanismo biológico ligado ao circuito da recompensa no cérebro, estimulado por notificações e 'likes' nas redes sociais, podendo levar à dependência."
A saúde mental como questão de sociedade,Conceito,Lacuna de processamento,Diferença significativa entre o número de pessoas que necessitam de cuidados de saúde mental e o número de pessoas que efetivamente os recebem.
A saúde mental como questão de sociedade,Personagem,Simone Biles,"Ginasta americana multimedalhada que, ao retirar-se de várias provas nos JO de Tóquio 2021 para preservar a sua saúde mental, provocou um debate mundial sobre o tema."
A saúde mental como questão de sociedade,Conceito,Ecoansiedade,Forma de angústia psíquica ligada ao sentimento de impotência perante as alterações climáticas e as ameaças ambientais futuras.
A saúde mental como questão de sociedade,Conceito,Inteligência artificial,Aqui utilizada para designar os algoritmos e agentes conversacionais (chatbots) capazes de realizar um primeiro nível de acompanhamento ou triagem psiquiátrica.
A UE: como funciona realmente?,Instituição,Conselho da UE,"Reunião dos ministros nacionais por área (ex: agricultura, finanças). Vota as leis com o Parlamento e representa os interesses dos governos membros."
A UE: como funciona realmente?,Instituição,Comissão Europeia,"Órgão executivo da UE. Ela propõe as leis, gere o orçamento e vela pela aplicação dos tratados sob a direção de 27 comissários."
A UE: como funciona realmente?,Conceito,grupos de interesse,"Organizações (ONG, empresas, sindicatos) que procuram influenciar as decisões políticas em Bruxelas, fornecendo a sua perícia técnica."
A UE: como funciona realmente?,Instituição,comité de conciliação,Instância que reúne eurodeputados e representantes do Conselho para encontrar um acordo final sobre uma lei em caso de desacordo persistente.
A liberdade de imprensa no mundo,Conceito,concentração mediática,"Processo pelo qual um número restrito de proprietários ou de grandes grupos industriais adquire a maioria dos suportes de imprensa, de televisão e de rádio."
A liberdade de imprensa no mundo,Personagem,Viktor Orbán,Primeiro-ministro húngaro cuja governação é marcada por uma estratégia de controlo indireto dos meios de comunicação através de aliados económicos.
A liberdade de imprensa no mundo,Conceito,SLAPP,Ação judicial estratégica contra a mobilização pública; procedimentos judiciais abusivos lançados por empresas ou políticos para esgotar financeiramente um jornalista.
A liberdade de imprensa no mundo,Conceito,desinformação,Difusão intencional de informações falsas com o objetivo de enganar a opinião pública ou de desestabilizar um adversário.
As migrações climáticas,Conceito,sedentarização forçada,Processo pelo qual populações nómadas (como no Sahel) são forçadas a instalar-se de forma permanente porque as suas rotas de transumância são destruídas pela seca.
As migrações climáticas,Lugar,Estados insulares de baixa altitude,"Nações arquipelágicas (Kiribati, Tuvalu, Maldivas) cuja altitude média é tão baixa que correm o risco de submersão total devido à subida do nível do mar."
As migrações climáticas,Conceito,dívida climática,"Princípio política afirmando que os países industrializados, responsáveis históricos pelo aquecimento, devem compensação e assistência aos países pobres que sofrem os seus primeiros efeitos."
As migrações climáticas,Conceito,não-repulsão,Princípio fundamental do direito dos refugiados que proíbe a expulsão de uma pessoa para um país onde corre risco de morte ou de tratamentos desumanos.
A blockchain e as criptomoedas,Conceito,pares,"Utilizadores ou computadores ligados numa rede sem hierarquia central, onde cada um tem os mesmos direitos e responsabilidades."
A blockchain e as criptomoedas,Conceito,hashing,"Algoritmo matemático que transforma um dado de qualquer tamanho numa impressão digital de tamanho fixo, única e irreversível."
A blockchain e as criptomoedas,Conceito,moeda fiduciária,Moeda emitida por um banco central (como o Euro ou o Dólar) cujo valor assenta na confiança do público perante a instituição emissora.
A blockchain e as criptomoedas,Instituição,MNBC,"Moeda Digital de Banco Central, forma digital da moeda fiduciária emitida por um Estado para concorrer com as criptomoedas privadas."
O direito de asilo explicado,Data,Convenção de Genebra,Tratado internacional adotado em 1951 que define o estatuto de refugiado e as obrigações dos Estados em relação a eles.
O direito de asilo explicado,Instituição,ACNUR,"Alto Comissariado das Nações Unidas para os Refugiados, agência da ONU encarregada de proteger os direitos dos refugiados e dos deslocados."
O direito de asilo explicado,Instituição,Regulamento de Dublim,"Texto da União Europeia que determina o Estado-membro responsável pelo exame de um pedido de asilo, geralmente o primeiro país de entrada."
A segurança alimentar mundial,Conceito,carências de micronutrientes,"Falta de vitaminas (A, B12...) e de minerais (ferro, iodo, zinco) essenciais ao funcionamento do organismo, mesmo que a ingestão calórica total seja suficiente."
A segurança alimentar mundial,Instituição,mercado a prazo,"Mercado financeiro onde se negociam os preços das matérias-primas (como o trigo) para entregas futuras, influenciando as cotações mundiais."
A segurança alimentar mundial,Conceito,food power,Estratégia geopolítica que consiste em utilizar a exportação ou o embargo de produtos alimentares como meio de pressão política.
A segurança alimentar mundial,Lugar,zonas aráveis,Terras cujo clima e qualidade do solo permitem uma exploração de culturas anuais ou de pastagens artificiais.
A segurança alimentar mundial,Lugar,lençóis freáticos,"Reservas de água subterrâneas situadas a pouca profundidade, que alimentam poços e nascentes, e são amplamente utilizadas para a irrigação agrícola."
A segurança alimentar mundial,Conceito,agroecologia,"Práticas agrícolas que respeitam o ambiente e visam manter o equilíbrio dos ecossistemas, garantindo ao mesmo tempo uma produção alimentar."
A água: próxima fonte de conflitos?,Conceito,salmoura,"Solução aquosa com elevada concentração de sal, rejeitada pelas centrais de dessalinização. A sua rejeição maciça pode asfixiar a fauna e a flora marinha local."
A água: próxima fonte de conflitos?,Lugar,Singapura,"Cidade-Estado insular do Sudeste Asiático, que se tornou uma referência mundial na gestão da água (NEWater) para compensar a sua ausência de fontes de água doce naturais."
A água: próxima fonte de conflitos?,Conceito,água virtual,Volume de água necessário para o fabrico de um produto (agrícola ou industrial) ao longo de toda a sua cadeia de produção. Este Conceito ajuda a compreender as trocas indiretas de água entre países.
O soft power americano,Acrônimo,GAFAM,"Acrónimo que designa os Gigantes da Web americana: Google, Apple, Facebook (Meta), Amazon e Microsoft."
O soft power americano,Instituição,ONU,"Organização das Nações Unidas, criada em 1945 para manter a paz e a segurança internacionais."
O soft power americano,Movimento,Hallyu,"Termo que designa a 'onda coreana', ou seja, a exportação maciça da Cultura popular sul-coreana (K-pop, dramas, cinema) a nível internacional."
O soft power americano,Outro,Ivy League,"Agrupamento de oito universidades privadas entre as mais antigas e prestigiadas do Nordeste dos Estados Unidos [Harvard, Yale, Princeton...]."
Os GAFAM: poder e derivas,Conceito,fake news,Falsas informações criadas e difundidas com o objetivo de enganar o público ou de manipular a opinião política.
Os GAFAM: poder e derivas,Lugar,Silicon Valley,"Região da Califórnia ao sul de San Francisco, que se tornou o polo mundial da alta tecnologia e a sede da maioria dos GAFAM."
Os GAFAM: poder e derivas,Conceito,tempo de atenção,Recurso limitado dos utilizadores que as plataformas procuram capturar e monetizar através da publicidade graças a algoritmos de retenção.
A transição energética,Conceito,terras raras,"Grupo de 17 metais com propriedades eletromagnéticas únicas, indispensáveis para o fabrico de ímanes permanentes para turbinas eólicas e motores de carros elétricos."
A transição energética,Conceito,neutralidade de carbono,Estado de equilíbrio entre as emissões de gases de efeito estufa e as absorções pelos sumidouros naturais ou artificiais.
A transição energética,Conceito,intermitência,"Caráter irregular da produção de energia [solaire, éolien] que varia de acordo com as condições meteorológicas e o ciclo dia/noite."
O futuro do trabalho,Personagem,Henry Ford,"Industrial norte-americano do início do século XX, pioneiro do trabalho em cadeia e da padronização (fordismo), que normalizou a semana de 5 dias para criar uma classe média de consumidores."
O futuro do trabalho,Personagem,Joseph Schumpeter,"Economista austríaco do século XX, célebre pela sua teoria da 'destruição criativa' que explica como as inovações tecnológicas substituem as antigas estruturas económicas."
A China e o seu modelo económico,Personagem,Deng Xiaoping,"Líder da República Popular da China de 1978 a 1992, é o arquiteto das reformas económicas que abriram o país ao mercado mundial."
A China e o seu modelo económico,Personagem,Xi Jinping,"Secretário-geral do Partido Comunista Chinês desde 2012, reforçou o controlo do Partido sobre a sociedade e lançou a Belt and Road Initiative."
A China e o seu modelo económico,Lugar,Silicon Valley,"Polo tecnológico de relevo situado na Califórnia, servindo de referência mundial para a inovação digital que a China procura concorrer."
A China e o seu modelo económico,Instituição,Evergrande,Antigo gigante do imobiliário chinês cuja crise da dívida em 2021 revelou as fragilidades sistémicas do modelo financeiro chinês.
A China e o seu modelo económico,Lugar,Taiwan,"Ilha insular reivindicada por Pequim, ponto de fricção importante entre a China e os Estados Unidos nos planos política e tecnológico."
A China e o seu modelo económico,Conceito,semicondutores,"Componentes eletrónicos essenciais para a indústria moderna, no centro da guerra tecnológica entre a China e o Ocidente."
A crise do Estado de Bem-Estar Social,Instituição,Conselho Nacional da Resistência,Organismo que dirigiu os diferentes movimentos da Resistência francesa durante a Segunda Guerra Mundial e elaborou o programa de reformas sociais de 1944.
A crise do Estado de Bem-Estar Social,Conceito,gig economy,"Economia de pequenos trabalhos ou de plataformas digitais (tipo Uber), caracterizada por contratos curtos e um estatuto de trabalhador independente em vez de assalariado."
A crise do Estado de Bem-Estar Social,Conceito,flexisegurança,"Modelo social que combina a facilidade de despedimento para as empresas (flexibilidade) e proteções fortes para os trabalhadores em transição (segurança), típico do modelo dinamarquês."
A crise do Estado de Bem-Estar Social,Conceito,CSG,Contribuição Social Generalizada. Imposto francês destinado a diversificar o financiamento da proteção social para além das meras contribuições salariais.
A crise do Estado de Bem-Estar Social,Conceito,uberização,"Fenómeno de contestação do modelo económico tradicional por plataformas digitais que colocam em relação direta prestadores e clientes, frequentemente em detrimento do salariado clássico."
Como se formam os sismos?,Conceito,Andrômeda (Sismologia),Nome de um vasto projeto europeu e de uma rede de sensores que visa utilizar a fibra ótica submarina existente para detetar vibrações sísmicas no fundo dos oceanos.
O Renascimento italiano,Conceito,Chiaroscuro,Técnica de pintura que consiste em produzir contrastes violentos entre as zonas de luz e as zonas de sombra para criar volume e drama.
O Renascimento italiano,Movimento,Maneirismo,Movimento artístico do fim do Renascimento (v. 1520-1580) caracterizado pela rejeição da harmonia clássica em favor de formas alongadas e composições complexas.
O nascimento do impressionismo,Instituição,Académie des beaux-arts,"Instituição de Estado que geria o ensino artístico e o Salon em Paris no século XIX, impondo padrões clássicos rigorosos."
O nascimento do impressionismo,Personagem,Napoleão III,"Imperador dos Francesas que, face à crise artística de 1863, autorizou a criação do Salon des Refusés."
O nascimento do impressionismo,Evento,Salon des Refusés,"Exposição organizada em 1863 para apresentar as obras rejeitadas pelo júri do Salon oficial, marcando o início da fratura entre arte moderna e académica."
O nascimento do impressionismo,Personagem,Édouard Manet,"Pintor precursor da modernidade, cuja obra 'Le Déjeuner sur l'herbe' provocou um escândalo de grandes proporções em 1863."
O nascimento do impressionismo,Personagem,Claude Monet,"Líder do movimento impressionista, célebre pelas suas séries que exploram a luz como 'As Ninfas' ou a 'Catedral de Ruão'."
O nascimento do impressionismo,Conceito,visão binocular,"Capacidade do sistema visual de fundir duas imagens para perceber o relevo e, no caso do impressionismo, de fundir pinceladas de cores justapostas."
O nascimento do impressionismo,Conceito,cores complementares,Cores opostas no círculo cromático (ex: vermelho/verde). A sua justaposição reforça a vivacidade de cada uma.
O nascimento do impressionismo,Personagem,Berthe Morisot,"Uma das figuras centrais do impressionismo, conhecida pelas suas cenas da vida burguesa e pelo seu toque límpido."
O nascimento do impressionismo,Lugar,musée d'Orsay,Museu nacional em Paris que abriga a maior coleção de obras impressionistas e pós-impressionistas do mundo.
Rembrandt e a escola flamenga,Personagem,Hals,"Frans Hals, grande retratista holandês do Século de Ouro, célebre pelo seu toque rápido e por capturar a psicologia risonha dos seus modelos."
Rembrandt e a escola flamenga,Personagem,Caravaggio,"Pintor italiano do final do século XVI, inventor do estilo tenebrista que utiliza contrastes de luz violentos para dramatizar a cena."
Rembrandt e a escola flamenga,Personagem,Francis Bacon,"Pintor britânico do século XX, cujo trabalho sobre a deformação da carne e a expressão da dor se inspira diretamente na liberdade técnica de Rembrandt."
"O romantismo na pintura (Delacroix, Géricault)",Personagem,Géricault,"Théodore Géricault (1791-1824), pintor francês cuja carreira breve lançou as bases do romantismo com obras dramáticas e ancoradas no real."
"O romantismo na pintura (Delacroix, Géricault)",Personagem,Delacroix,"Eugène Delacroix (1798-1863), líder da escola romântica francesa, célebre pelo seu uso audacioso da cor e pelos seus temas políticos e exóticos."
"O romantismo na pintura (Delacroix, Géricault)",Personagem,Jean-Auguste-Dominique Ingres,"Pintor francês (1780-1867), campeão do **néoclassicismo** e grande rival de **Delacroix**, privilegiando a perfeição da linha sobre a emoção colorida."
O cubismo: Picasso e Braque,Conceito,colagem,"Inovação que consiste em integrar fragmentos do real (jornais, tecidos) na **Obra**, esbatendo a fronteira entre representação e realidade."
O surrealismo: Dalí e Magritte,Movimento,dadaísmo,"**Movimento** artístico e literário (1916-1923) nascido em reação ao horror da Grande Guerra, caracterizado por um questionamento radical das convenções, do sentido e das **Instituição**s."
O surrealismo: Dalí e Magritte,Lugar,Port Lligat,"Pequena vila de pescadores na Catalunha onde **Salvador Dalí** estabeleceu a sua residência principal e o seu atelier, cujas paisagens rochosas aparecem em muitas das suas telas."
O expressionismo: Munch e O Grito,Conceito,positivismo,"Doutrina filosófica do século XIX que considera que apenas o conhecimento dos factos e das **Lei**s científicas é real, rejeitando a metafísica."
O expressionismo: Munch e O Grito,Conceito,mimesis,**Conceito** estético oriundo da Antiguidade que designa a imitação ou a representação fiel da realidade na **Arte**.
A arte abstrata: Kandinsky e Mondrian,Movimento,Expressionismo abstrato,"**Movimento** artístico do pós-guerra, principalmente americano, privilegiando o gesto instintivo do artista (action painting) e a expressão bruta das emoções."
A arte abstrata: Kandinsky e Mondrian,Movimento,Minimalismo,"Corrente artística dos anos 1960 que defende um despojamento extremo, utilizando frequentemente formas geométricas simples e materiais industriais."
A arte abstrata: Kandinsky e Mondrian,Movimento,Arte conceptual,Movimento onde a definição ou a ideia da obra prima sobre a sua estética ou a sua realização material.
A Pop Art: Warhol e Lichtenstein,Movimento,Expressionismo abstrato,"Movimento artístico dominante após a Segunda Guerra Mundial (Pollock, Rothko), privilegiando a expressão subjetiva, o gesto espontâneo e a recusa da figuração, ao qual a Pop Art se oporá pelo seu regresso ao real banal."
O nascimento da música eletrônica,Movimento,Chicago house,"Género musical nascido em meados dos anos 1980 nos clubes de Chicago (como o Warehouse), caracterizado por um ritmo repetitivo em 4/4 e influências soul e disco."
Mozart: prodígio infantil e vida trágica,Obra,A Flauta Mágica,"Última ópera de Mozart (1791), misturando conto popular e simbolismo maçónico, escrita em alemão para um teatro popular."
Beethoven: génio e surdez,Personagem,Napoleão Bonaparte,"General e depois Imperador dos Franceses cujos ideais republicanos iniciais fascinavam Beethoven, antes que a sua coroação imperial provocasse a cólera do compositor."
Beethoven: génio e surdez,Conceito,período heroico,"Época criativa de Beethoven marcada por obras grandiosas que evocam a luta, a vitória e a resiliência perante o destino."
Beethoven: génio e surdez,Lugar,Bona,"Cidade da Alemanha do Norte, capital do eleitorado de Colónia, onde Beethoven nasceu e passou a sua juventude."
Beethoven: génio e surdez,Lugar,Viena,Capital do Império Austríaco e centro mundial da música clássica onde Beethoven viveu a maior parte da sua carreira.
Beethoven: génio e surdez,Movimento,romantismo,"Movimento artístico do século XIX que privilegia a expressão dos sentimentos, do imaginário e da subjetividade face ao rigor clássico."
O nascimento do rock'n'roll,Instituição,Sun Records,"Selo discográfico independente fundado em Memphis por Sam Phillips, especializado em blues e country, impulsionador do nascimento do rockabilly."
O nascimento do rock'n'roll,Personagem,Alan Freed,"Disc-jockey americano influente, creditado por ter popularizado o termo « rock'n'roll » na rádio para designar este novo estilo híbrido."
Bach e a música barroca,Instituição,Thomasschule,"Escola ligada à igreja de São Tomás em Leipzig, onde Bach ensinava música e latim aos rapazes do coro."
Bach e a música barroca,Conceito,cantata,"Género musical vocal composto por vários movimentos (árias, recitativos, coros) com acompanhamento instrumental, central na liturgia luterana."
O nascimento do jazz americano,Movimento,bebop,"Estilo de jazz que surgiu nos anos 1940, caracterizado por tempos rápidos, harmonias complexas e uma orientação para a escuta intelectual em vez da dança."
O nascimento do jazz americano,Movimento,Renascimento de Harlem,"Movimento de renovação da cultura afro-americana nos anos 1920 em Nova York, abrangendo a literatura, as artes e a música jazz."
O nascimento do jazz americano,Evento,Grande Migração,"Movimento massivo de seis milhões de afro-americanos do sul rural dos Estados Unidos para o norte e o oeste industrial entre 1916 e 1970, favorecendo a difusão do jazz."
Charlie Chaplin e o cinema mudo,Lugar,Vevey,Comuna suíça à beira do lago Léman onde Charlie Chaplin viveu o seu exílio de 1953 até à sua morte em 1977.
Charlie Chaplin e o cinema mudo,Evento,macarthismo,Período da história americana (início dos anos 1950) caracterizado por uma perseguição intensa aos supostos simpatizantes comunistas na administração e no mundo das artes.
"Kubrick: 2001, uma Odisseia no Espaço",Obra,«A Sentinela»,"Novela de ficção científica publicada por Arthur C. Clarke em 1948, cuja ideia de um artefacto cúbico deixado por extraterrestres serviu de base ao argumento de 2001."
Hitchcock e o suspense,Personagem,Bernard Herrmann,"Compositor emblemático cuja música definiu a atmosfera dos filmes de Hitchcock, nomeadamente pelo uso tenso das cordas em Psycho."
Hitchcock e o suspense,Personagem,François Truffaut,Cineasta francês cujas entrevistas com Hitchcock permitiram teorizar o trabalho do mestre e fazê-lo ser reconhecido como um autor.
Hitchcock e o suspense,Técnica,montagem,Assemblagem dos planos de um filme. Hitchcock utilizava-a para manipular o tempo e sugerir ações sem as mostrar explicitamente.
Hitchcock e o suspense,Conceito,psicanálise,"Disciplina que explora o inconsciente, integrada por Hitchcock em seus thrillers para aprofundar a motivação psicológica de seus **personagens**."
A arquitetura gótica: as catedrais,Lugar,basílica de Saint-Denis,Necrópole dos reis de França onde o abade Suger mandou construir o primeiro coro gótico por volta de 1140.
A Mona Lisa,Personagem,Vincenzo Peruggia,"Funcionário italiano do Louvre que roubou a Monalisa em 1911, alegando querer devolver a Obra à sua pátria de origem."
"Guernica, Picasso",Conceito,bombardeio de saturação,"Tática militar que visa destruir o conjunto de uma zona por meio de um tapete de bombas ininterrupto, sem distinção entre objetivos civis e militares."
"Guernica, Picasso",Lugar,MoMA,"Museum of Modern Art em Nova York, que abrigou Guernica por mais de quarenta anos para protegê-la da ditadura franquista."
"A Liberdade Guiando o Povo, Delacroix",Personagem,Luís Filipe I de França,"Último rei dos franceses (1830-1848), que chegou ao poder após os Três Dias Gloriosos, ele comprou o quadro de Delacroix antes de escondê-lo por considerá-lo subversivo demais."
"A Liberdade Guiando o Povo, Delacroix",Instituição,Salões,"Exposições oficiais organizadas pela Academia de Belas Artes em Paris, onde os artistas apresentavam suas obras ao público e aos críticos."
"Impressão, nascer do sol, Monet",Personagem,Paul Durand-Ruel,"Principal marchand de Arte dos impressionistas que apoiou financeiramente o Movimento e organizou exposições no exterior, salvando os artistas da miséria."
"A Persistência da Memória, Dalí",Lugar / instituição,MoMA,"O Museum of Modern Art de Nova York, um dos museus de arte moderna mais influentes do Mundo, que conserva o quadro desde 1934."
"A Persistência da Memória, Dalí",Personagem,Salvador Dalí,"Pintor espanhol (1904-1989), um dos principais representantes do surrealismo, célebre por suas imagens oníricas e sua personalidade provocadora."
"A Persistência da Memória, Dalí",Personagem,Gala,"Nascida Elena Ivanovna Diakonova, foi a esposa, musa e agente de Salvador Dalí, desempenhando um papel crucial em sua carreira e sua produção artística."
O teatro de Shakespeare,Instituição,Lord Chamberlain's Men,"Companhia de teatro da qual Shakespeare era o acionista, o ator e o dramaturgo principal, protegida pela corte da Inglaterra."
A liberdade de imprensa e o fotojornalismo,Personagem,Gerda Taro,"Fotógrafa alemã e companheira de Robert Capa, é a primeira mulher fotojornalista a morrer no front, durante a Guerra da Espanha em 1937."
A liberdade de imprensa e o fotojornalismo,Personagem,Nick Ut,"Fotógrafo americano-vietnamita, autor da célebre foto 'A menina do napalm' (1972) que lhe rendeu o Prêmio Pulitzer."
O nascimento do Islã (622),Referência histórica,Império Bizantino e Sassânida,"As duas potências que cercavam a península arábica no século VII. Bizâncio (Império Romano do Oriente) e os Sassânidas (império persa zoroastrista) esgotavam-se em uma guerra interminável, abrindo caminho para as conquistas árabes."
O apelo de Urbano II e a 1ª Cruzada (1095),Conceito,Indulgência plenária,"Remissão total das penas devidas aos pecados, concedida pelo papa. Urbano II prometeu uma a todos os participantes da cruzada - poderoso motor de mobilização em uma sociedade profundamente religiosa."
A coroação de Carlos Magno (800),Instituição,Conde,"Alto dignitário local nomeado pelo soberano para administrar uma província (o condado) em seu nome, dispondo de poderes militares e judiciais."
A Magna Carta (1215),Conceito,Habeas corpus,"Princípio jurídico que protege contra prisões arbitrárias: qualquer pessoa detida deve ser apresentada a um juiz. Herança direta da cláusula 39 da Magna Carta, tornou-se um pilar do direito anglo-saxão."
A descoberta da América (1492),Conceito,Antissepsia (Semmelweis e Lister),"Antes mesmo da anestesia, as infecções pós-operatórias matavam pacientes. Semmelweis (1847) e depois Lister (1867) impuseram a higiene: lavagem das mãos, instrumentos esterilizados. Estas duas revoluções - anestesia e antissepsia - transformaram a cirurgia."
A queda da Bastilha (1789),Conceito,Antigo Regime e as três ordens,"Sociedade francesa dividida em três estados: Clero (1º), Nobreza (2º) e Terceiro Estado (97% da população, 3º). Nos Estados Gerais, cada ordem dispunha de apenas um voto em três, apesar da representatividade demográfica esmagadora do Terceiro."
A Comuna de Paris (1871),Lugar / instituição,Internacional Operária (1ª Internacional),"Organização fundada em Londres em 1864, agrupando sindicatos e partidos operários de vários países. Embora a Comuna não tenha sido sua obra direta, Marx celebrou-a como a primeira experiência de poder operário."
A Belle Époque (1871-1914),Evento relacionado,Caso Dreyfus (1894-1906),"Um oficial judeu, Alfred Dreyfus, foi injustamente condenado por espionagem por um estado-maior antissemita. O caso dividiu a França entre dreyfusards e antidreyfusards, revelando as tensões profundas da sociedade francesa."
A batalha de Verdun (1916),Conceito,Artilharia pesada da Grande Guerra,"A artilharia representava 60-70% das baixas da Primeira Guerra Mundial. Os progressos técnicos desde 1870 tornaram as armas ofensivas muito mais poderosas do que as defesas, criando o impasse das trincheiras."
A Grande Depressão (1929),Conceito,Padrão-ouro (Gold Standard),"Sistema monetário onde as moedas eram conversíveis em ouro a uma taxa fixa, limitando a capacidade dos Estados de criar moeda. Propagou mecanicamente a crise americana ao Mundo inteiro: quando os Estados Unidos reduziram a sua massa monetária, todos os países ligados ao ouro sofreram com isso."
A Grande Depressão (1929),Conceito,Compra de ações com margem,"Prática que consiste em pedir emprestado ao banco para comprar ações apostando na sua valorização. Muito difundida nos anos 1920, ampliou a bolha e, durante o crash, forçou milhões de americanos a vender em urgência para reembolsar os seus empréstimos."
A batalha de Estalinegrado (1942-1943),Evento relacionado,Operação Barbarossa (22 de junho de 1941),A invasão da URSS pela Alemanha: 3 milhões de soldados numa frente de 3 000 km - a maior operação militar da História. O fracasso em tomar Moscovo em 1941 forçou Hitler a concentrar o seu esforço para o sul e para o petróleo do Cáucaso em 1942.
A batalha de Estalinegrado (1942-1943),Conceito,Operação Urano,"Contra-ofensiva soviética (19 de novembro de 1942) que cercou os 300 000 soldados do 6º exército em uma pinça gigante. Planejada por Zhukov e Vasilevski, transformou a defesa feroz de Stalingrado em uma vitória estratégica decisiva."
Hiroshima e Nagasaki (1945),Evento relacionado,Entrada em guerra da URSS contra o Japão (9 de agosto de 1945),"Staline declarou guerra ao Japão exatamente no dia da bomba de Nagasaki, invadindo a Manchúria. Alguns historiadores estimam que esta ameaça soviética foi tão determinante quanto as bombas na decisão de capitulação japonesa."
A guerra da Argélia (1954-1962),Conceito,Departamento francês,"Ao contrário dos protetorados (Marrocos, Tunísia), a Argélia estava desde 1848 dividida em três departamentos vinculados ao Ministério do Interior. Qualquer independência era, portanto, considerada juridicamente como uma secessão do território nacional."
O genocídio no Ruanda (1994),Lugar / instituição,UNAMIR e general Dallaire,
A queda do muro de Berlim (1989),Conceito,Glasnost e Perestroika,"Reformas de Gorbachev a partir de 1986: a glasnost (transparência) autorizava a crítica ao regime soviético, a perestroika (reestruturação) tentava reformar a economia. Elas desestabilizaram involuntariamente todo o bloco soviético."
A Blitzkrieg (1940),Evento relacionado,Operação Dínamo (Dunquerque),"Evacuação marítima de 338 000 soldados franco-britânicos cercados em Dunquerque por uma flotilha improvisada de navios militares e civis. Este «milagre» permitiu à Grã-Bretanha continuar a guerra, mas deixou a França sem exército."
A Guerra do Vietname (1955-1975),Evento relacionado,Ofensiva do Tet (janeiro de 1968),"Ataque simultâneo do Viet Cong em mais de 100 cidades americanas durante o Ano Novo vietnamita. Militarmente um fracasso para Hanói, destruiu a credibilidade da administração Johnson nos Estados Unidos."
A democracia ateniense,Conceito,Ostracismo,"Procedimento ateniense pelo qual os cidadãos podiam votar para exilar durante 10 anos um homem julgado perigoso para a democracia. Os nomes eram escritos em fragmentos de cerâmica (ostrakon). O seu objetivo era preventivo, não punitivo."
Porque é que o gelo flutua?,Conceito,Anomalia da dilatação da água,"Ao contrário de quase todas as substâncias, a água é mais densa a 4°C do que a 0°C. Ao arrefecer de 4°C a 0°C, ela expande-se. Esta anomalia de dilatação da água é essencial para a vida aquática: o gelo flutua e isola a água líquida sob ele."
Por que a água do mar é salgada?,Conceito,Ciclo hidrológico e acumulação de sais,"A água evapora dos oceanos, deixando os sais para trás. Ela cai como chuva, dissolve minerais das rochas e transporta-os para os oceanos através dos rios. Este processo de acumulação dura há 4 mil milhões de anos."
Por que existem estações?,Conceito,"Inclinação axial da Terra (23,5°)","O eixo terrestre inclinado 23,5° em relação ao seu plano orbital - e não a distância ao Sol - causa as estações. A mesma inclinação aponta sempre para a estrela Polar, criando alternadamente solstícios e equinócios."
Por que existem estações?,Conceito,Periélio e afélio,"Pontos da órbita mais próximos (periélio, em janeiro) e mais distantes (afélio, em julho) do Sol. A diferença de distância é de 5%, demasiado baixa para explicar as estações. Paradoxalmente, o inverno no hemisfério norte coincide com o periélio."
Por que bocejamos?,Conceito,Neurônios-espelho e contagiosidade,"O bocejo contagioso está ligado aos neurônios-espelho que imitam os comportamentos observados. Os seres humanos são mais sensíveis aos bocejos das pessoas que conhecem, e as crianças autistas são menos sensíveis a eles - prova de uma ligação com a empatia."
Como funciona a memória?,Conceito,hipocampo,"Estrutura cerebral em forma de cavalo-marinho no lobo temporal, essencial para a formação de novas memórias conscientes. A sua remoção cirúrgica (caso H.M.) resulta numa incapacidade total de formar novas memórias, sem apagar as antigas."
Como o sabão mata os vírus?,Conceito,Molécula anfifílica,Molécula cuja uma extremidade é hidrofílica (gosta de água) e a outra hidrofóbica (gosta de gorduras). Esta dupla natureza permite-lhe inserir-se nas membranas lipídicas dos vírus e desintegrá-los fisicamente.
Como o sabão mata os vírus?,Conceito,Envelope lipídico,"Alguns vírus (coronavírus, gripe, VIH) são envolvidos por uma membrana gordurosa. Este é o seu ponto fraco: o sabão dissolve-a, destruindo o vírus. Os vírus sem envelope (norovírus, poliovírus) resistem melhor ao sabão."
"A descoberta da penicilina (Fleming, 1928)",Conceito,Desintegração radioativa,"Fenómeno espontâneo pelo qual um núcleo atómico instável se transforma emitindo partículas (alfa, beta) ou radiações (gama). Marie Curie compreendeu que a radioatividade era uma propriedade do próprio átomo, não uma reação química."
"A descoberta dos raios X (Röntgen, 1895)",Conceito,Radioatividade e riscos precoces,Röntgen e os seus primeiros utilizadores ignoravam os perigos dos raios X. Médicos desenvolveram cancros após anos de exposição. Marie Curie morreu ela própria de uma aplasia medular causada pelos seus anos de contacto com matérias radioativas.
A descoberta da radioatividade (Marie Curie),Conceito,Resistência aos antibióticos,"Fenómeno evolutivo pelo qual as bactérias desenvolvem mecanismos para resistir aos antibióticos. Prevista por Fleming logo em 1945, mata hoje 1,27 milhões de pessoas por ano - uma das principais ameaças sanitárias do século XXI."
A descoberta da anestesia,Evento,Reconquista espanhola (1492),O triunfo da tomada de Granada libertou recursos e criou um impulso de ambição nacional que explica o apoio de Isabel de Castela a Colombo.
A descoberta da anestesia,Evento,tratado de Tordesilhas (1494),Acordo arbitrado pelo papa partilhando o mundo em duas esferas de influência entre a Espanha (oeste) e o Portugal (este).
A descoberta da anestesia,Conceito,Antissepsia (Semmelweis e Lister),"Antes mesmo da anestesia, as infeções pós-operatórias matavam pacientes. Semmelweis (1847) e depois Lister (1867) impuseram a higiene: lavagem das mãos, instrumentos esterilizados. Estas duas revoluções - anestesia e antissepsia - transformaram a cirurgia."
A descoberta da anestesia,Personagem,Vitória (Rainha),Soberana do Reino Unido cujo recurso ao clofórmio durante os seus partos em 1853 e 1857 contribuiu para levantar os tabus religiosos sobre a anestesia.
A teoria da evolução de Darwin (1859),Outro,Beagle (HMS),Navio da Royal Navy que serviu de base a Charles Darwin para a sua volta ao mundo científica entre 1831 e 1836.
O Big Bang,Conceito,expansão acelerada do universo,"Descoberta em 1998, a expansão do universo está a acelerar em vez de abrandar. Esta aceleração é atribuída à «Energia escura» (68% do conteúdo total do universo), que permanece totalmente incompreendida pela física atual."
Como se formam os sismos?,Lugar,Astenosfera,"Parte dúctil do manto superior terrestre situada sob a litosfera rígida, permitindo o deslocamento das placas tectónicas."
Como se formam os sismos?,Conceito,Engenharia antissísmica,Domínio da engenharia civil que estuda a conceção e a construção de edifícios capazes de resistir aos abalos sísmicos sem colapsar.
Haverá vida noutros locais do Universo?,Conceito,Zona habitável,"Região em torno de uma estrela onde a temperatura permite que a água exista no estado líquido à superfície de um planeta. Nem muito perto, nem muito longe - «como a Caracolinhos de Ouro». O nosso sistema solar conta com três planetas potenciais : Vénus, Terra, Marte."
Haverá vida noutros locais do Universo?,Conceito,Equação de Drake,"Fórmula probabilística de Frank Drake (1961) para estimar o número de civilizações comunicantes na nossa galáxia. Multiplica fatores (estrelas, planetas habitáveis, duração das civilizações...) - todos valores muito incertos, tornando a equação mais filosófica do que científica."
O que é um buraco negro ?,Conceito,Horizonte de eventos,"«Fronteira» de um buraco negro além da qual nada pode voltar, nem mesmo a luz. Não é uma superfície física, mas sim um limite matemático: a velocidade necessária para escapar ultrapassa a da luz."
Como se formam os raios ?,Conceito,ionização do ar,"Para que um relâmpago se forme, o campo elétrico deve ser intenso o suficiente para arrancar eletrões das moléculas de ar, tornando-o condutor. Este canal forma-se em alguns microssegundos, aquecido a 30 000°C - cinco vezes a superfície do Sol."
Como funciona uma vacina ?,Conceito,Linfócitos B e anticorpos,"Glóbulos brancos que produzem anticorpos - proteínas capazes de reconhecer e neutralizar um patógeno específico. Após uma vacinação, uma parte torna-se «células de memória» que persistem por vezes durante toda a vida."
Como funciona uma vacina ?,Conceito,Imunidade de grupo,"Quando uma proporção suficiente da população está imunizada, o patógeno já não se consegue propagar e protege indiretamente as pessoas não imunizadas. O limiar varia de 80% a 95% dependendo da doença."
O que é o efeito estufa (de verdade) ?,Conceito,Albedo terrestre,"Capacidade de uma superfície de refletir a radiação solar. O gelo e a neve têm um albedo elevado (refletem muito), os oceanos um albedo baixo (absorvem mais). O degelo reduz o albedo global, acelerando o aquecimento."
Por que dormimos ?,Conceito,Ritmos circadianos e melatonina,"Relógio interno ajustado para 24 horas, regulado pelo núcleo supraquiasmático do cérebro. A melatonina, produzida à noite, sinaliza que é preciso dormir. A luz artificial noturna perturba este ritmo e degrada a qualidade do sono."
Por que algumas espécies são imortais ?,Personagem,Turritopsis dohrnii,Minúscula medusa capaz de regressar ao seu estado de pólipo juvenil após o estado adulto - e de recomeçar indefinidamente. Este processo de transdiferenciação celular é único e inspira a investigação sobre a reprogramação celular.
O que é a matéria escura?,Conceito,Energia escura,"Força misteriosa responsável pela aceleração da expansão do universo, representando 68% do seu conteúdo total. Distinta da matéria escura (27%), atua como uma energia repulsiva do vácuo, ainda totalmente incompreendida."
O que é a matéria escura?,Conceito,Modelo padrão da física,"Teoria física que descreve as partículas elementares (quarks, eletrões, etc.) e três das quatro forças fundamentais, mas que não consegue explicar a matéria escura."
Como funciona a eletricidade no nosso corpo?,Conceito,Hipocampo,"Estrutura cerebral em forma de cavalo-marinho no <lobo temporal>, essencial para a formação de novas memórias conscientes. Sua remoção cirúrgica (caso H.M.) leva a uma incapacidade total de formar novas memórias, sem apagar as antigas."
Como funciona a eletricidade no nosso corpo?,Conceito,Memória de trabalho,"Sistema cognitivo que mantém temporariamente um pequeno número de informações (7±2 elementos) disponíveis para o processamento em curso. Gerido pelo <córtex pré-frontal>, é limitado em capacidade e duração (alguns segundos sem repetição)."
Como funciona a eletricidade no nosso corpo?,Conceito,Mercado de futuros de petróleo,"Contratos pelos quais compradores e vendedores se comprometem a uma transação futura a um preço fixado hoje. Os especuladores sem intenção de entrega física representam a grande maioria das transações, ampliando as flutuações de preço."
Como funciona a eletricidade no nosso corpo?,Evento,Revolução do petróleo de xisto americano,"Crescimento maciço da produção americana no século XXI graças à fraturação hidráulica, modificando o equilíbrio geopolítico mundial da energia."
Por que certos sons nos dão arrepios?,Conceito,Abertura à experiência (personalidade),Traço de personalidade associado à curiosidade e à apreciação da beleza. As pessoas muito «abertas» têm um córtex auditivo mais conectado às zonas emocionais e são significativamente mais suscetíveis de sentir arrepios musicais.
Por que as estações existem em outros planetas?,Conceito,"Inclinação axial de Urano (97,8°)","O eixo de Urano está quase deitado sobre o seu plano orbital. Cada polo recebe cerca de 42 anos de sol contínuo e depois 42 anos de escuridão total - estações extremas e de longuíssima duração, sem equivalente no nosso sistema solar."
Por que as estações existem em outros planetas?,Conceito,Excentricidade orbital de Marte,"A órbita de Marte é nitidamente mais elíptica do que a da Terra: a distância Sol-Marte varia de 207 a 249 milhões de km. O hemisfério sul marciano tem verões curtos e quentes, invernos longos e frios - muito mais marcados do que aqui."
"A Odisseia, Homero",Conceito,Fórmula homérica,"As epopeias homéricas foram compostas oralmente antes de serem escritas. As fórmulas repetidas («Aurora de dedos rosados», «Ulisses de mil estratagemas») facilitavam a memorização e a composição improvisada - uma **Técnica** estudada por **Milman Parry** no século XX."
"A Ilíada, Homero",Conceito,Aristia homérica,Género literário da epopeia: uma longa sequência onde um herói realiza feitos sobre-humanos. Cada grande guerreiro da Ilíada tem a sua **aristia**. Estas **passagens** permitiam desenvolver o carácter do herói e ligar a sua linhagem aos deuses.
"Édipo Rei, Sófocles",Conceito,Destino e livre-arbítrio na tragédia grega,A tragédia explora a tensão entre o destino inevitável (previsto pelos oráculos) e as escolhas humanas. Édipo cumpre o seu destino trágico precisamente ao tentar fugir dele - um paradoxo no cerne da condição humana segundo os gregos.
"Antígona, Sófocles",Conceito,Direito natural vs direito positivo,"Tensão no cerne de **Antígona**: a **Lei** divina e moral (enterrar os mortos) contra a **Lei** humana de **Creonte**. Este conflito atravessa toda a filosofia **política**, de Platão a Rousseau e aos teóricos dos direitos naturais modernos."
"Antígona, Sófocles",Conceito,Húbris na tragédia grega,"A **hybris** (desmesura, orgulho excessivo) é o pecado trágico grego por excelência. **Creonte** comete a **hybris** ao acreditar que a sua **Lei** prevalece sobre a dos deuses - perderá tudo o que amava como punição por essa presunção."
"O Banquete, Platão",Conceito,Eros platónico,"Platão distingue o amor físico e o amor espiritual que aspira à Beleza absoluta. O discurso de Diotima descreve uma «escada do amor»: partir de um corpo belo, depois amar a beleza das almas, e finalmente a Beleza-em-si ideal."
"A República, Platão",Personagem,Grias,"Três irmãs divinas que nasceram velhas, possuindo apenas um olho e um dente para as três, guardiãs do caminho das **Gorgone**."
"A República, Platão",Personagem,Nereidas,"Ninfas marinhas, filhas de Nereu, ofendidas pela vaidade da rainha Cassiopeia."
"A República, Platão",Personagem,Parcas,"Divindades senhoras do destino humano, representadas como fiandeiras (equivalente romano das Moiras)."
"A Apologia de Sócrates, Platão",Lugar,Pritaneu,"Edifício público de Atenas onde residiam os magistrados e onde eram alimentados, às custas da cidade, os cidadãos merecedores e os atletas vitoriosos."
"Medreia, Eurípides",Conceito,Vingança e honra no mundo grego,"A honra (timé) era um valor fundamental na Grécia. Uma traição exigia reparação. Medreia não pode aceitar a desonra de ser repudiada: a sua vingança segue uma lógica de reciprocidade que, levada ao extremo, torna-se monstruosa."
"Os Miseráveis, Victor Hugo",Conceito,Degredo e sistema penal no século XIX,"Os presídios de Toulon, Brest e Rochefort eram infernos de trabalhos forçados. Jean Valjean passa lá 19 anos por um pão roubado, ilustrando a brutalidade de um sistema que não distinguia entre o crime e a miséria."
"Os Miseráveis, Victor Hugo",Personagem,Inspetor Javert,"Policial incorruptível que persegue Jean Valjean. Ele encarna a Lei estrita e cega, incapaz de conceber o perdão ou a evolução moral de um criminoso."
"Cândido, Voltaire",Conceito,Otimismo de Leibniz,"Filosofia segundo a qual Deus criou o melhor dos mundos possíveis e que o mal aparente serve a um bem superior. Voltaire escreve Cândido em resposta, nomeadamente ao sismo de Lisboa (1755) que matou 60.000 pessoas em poucos minutos."
"O Estrangeiro, Camus",Conceito,O absurdo em Camus,"Sentimento nascido do choque entre o desejo humano de sentido e o silêncio do universo. Camus não vê o absurdo como uma verdade cósmica, mas como uma experiência vivida - a resposta não é o suicídio, mas a revolta lúcida e consciente."
"O Estrangeiro, Camus",Referência histórica,Argélia colonial como contexto,O Estrangeiro se passa na Argélia francesa dos anos 1940. O árabe que Meursault mata permanece sem nome no romance - crítica pós-colonial importante: o romance reproduziria a invisibilidade dos árabes na literatura colonial francesa.
"O Pai Goriot, Balzac",Conceito,Comédia humana,Projeto de 90 romances e contos interconectados descrevendo a totalidade da sociedade francesa. Os personagens retornam de um romance para outro - inovação então inédita. Rastignac aparece em cerca de vinte obras do ciclo.
"As Flores do Mal, Baudelaire",Conceito,Simbolismo e legado de Baudelaire,"Baudelaire é o pai do simbolismo: ele buscava não descrever o real, mas sugerir correspondências secretas entre sensações, emoções e ideias. Verlaine, Rimbaud e Mallarmé, depois todo o século XX Poética, reivindicam sua influência."
"A Revolução dos Bichos, George Orwell",Conceito,Alegoria da Revolução russa,"Velho Major = Marx/Lênin, Napoleão = Stalin, Bola de Neve = Trotski, Garganta = a propaganda. Os mandamentos progressivamente modificados ilustram a traição dos ideais revolucionários pela burocracia no poder."
"Hamlet, Shakespeare",Conceito,Vingança e honra elisabetana,A revanche é um tema central do Teatro elisabetano. Um homem de honra devia vingar a ofensa à sua família - mas este dever entrava em conflito com a Lei e a moral cristã. Este paradoxo alimenta a hesitação fundamental de Hamlet.
"Romeu e Julieta, Shakespeare",Conceito,Amor cortês medieval,Tradição literária glorificando o amor secreto e sofrido de um cavaleiro por uma dama (geralmente casada). Romeu começa a peça neste papel estereotipado (apaixonado por Rosalina) antes que seu amor por Julieta se torne real e trágico.
"Romeu e Julieta, Shakespeare",Conceito,Cinismo,"Aqui, atitude que consiste em debochar dos valores ideais e dos sentimentos por espírito crítico ou desilusão, como faz Mercúcio."
"Admirável Mundo Novo, Aldous Huxley",Conceito,Fordismo e taylorismo,Métodos de organização industrial que racionalizaram a produção pela divisão extrema das tarefas e pela linha de montagem. Huxley as aplica à reprodução e ao condicionamento humanos - Ford é a divindade do romance.
"Frankenstein, Mary Shelley",Evento relacionado,Ano sem Verão (1816),"A erupção do Tambora em 1815 projetou cinzas que escureceram a atmosfera mundial, causando um verão glacial na Europa em 1816. É neste contexto apocalíptico que Mary Shelley (18 anos) escreveu Frankenstein durante uma estadia à beira do lago Léman."
"Dom Quixote, Cervantes",Conceito,Metaficção e reflexividade narrativa,"Dom Quixote é um dos primeiros romances a comentar-se a si próprio: na segunda parte (1615), as personagens leram a primeira parte (1605) e discutem-na. Este jogo com a realidade do romance antecipa o pós-modernismo literário em vários séculos."
"Dom Quixote, Cervantes",Evento relacionado,Batalha de Lepanto (1571) e o cativeiro de Cervantes,"Cervantes combateu em Lepanto e foi ferido (perdendo o uso da mão esquerda). Capturado por piratas em 1575, foi escravo em Argel durante cinco anos. Estas experiências forjaram o escritor e nutrem o humor e a profundidade do romance."
"As Vinhas da Ira, Steinbeck",Conceito,Providência,"Força superior que guia os eventos humanos para um fim determinado, frequentemente identificada aqui com a vontade divina."
"As Vinhas da Ira, Steinbeck",Personagem,Grias,"Três irmãs divinas que nasceram velhas, possuindo apenas um olho e um dente para as três, guardiãs do caminho das Gorgone."
"As Vinhas da Ira, Steinbeck",Personagem,Nereidas,"Ninfas marinhas, filhas de Nereu, ofendidas pela vaidade da rainha Cassiopeia."
"As Vinhas da Ira, Steinbeck",Personagem,Parcas,"Divindades senhoras do destino humano, representadas como fiandeiras (equivalente romano das Moiras)."
"Fahrenheit 451, Bradbury",Conceito,sociedade do entretenimento e atenção fragmentada,Bradbury antecipava a auto-censura pelo entretenimento: pessoas tão saturadas de mídias rápidas que não têm mais vontade de ler. As «salas de estar» (paredes-tela) do romance antecipam a televisão e depois os smartphones.
"Fahrenheit 451, Bradbury",Conceito,providência,"Força superior que guia os eventos humanos para um fim determinado, frequentemente identificada aqui com a vontade divina."
"A Metamorfose, Kafka",Obra,Metamorfose (A),Conto maior da literatura mundial (1915) que relata a transformação súbita de Gregor Samsa em inseto.
"O Mestre e Margarida, Bulgákov",Personagem,Grias,"Três irmãs divinas que nasceram velhas, possuindo apenas um olho e um dente para as três, guardiãs do caminho das Gorgone."
"O Mestre e Margarida, Bulgákov",Personagem,Nereidas,"Ninfas marinhas, filhas de Nereu, ofendidas pela vaidade da rainha Cassiopeia."
"O Mestre e Margarida, Bulgákov",Conceito,Providência,"Força superior que guia os eventos humanos para um fim determinado, frequentemente identificada aqui com a vontade divina."
"O Mestre e Margarida, Bulgákov",Personagem,Parcas,"Divindades senhoras do destino humano, representadas como fiandeiras (equivalente romano das Moiras)."
"Moby Dick, Melville",Conceito,Providência,"Força superior que guia os eventos humanos para um fim determinado, frequentemente identificada aqui com a vontade divina."
"O Alquimista, Paulo Coelho",Obra,Alquimista (O),"Romance de Paulo Coelho publicado em 1988, contando a busca iniciática de um pastor chamado Santiago."
O Renascimento italiano,Conceito,Humanismo do Renascimento,"Movimento intelectual que centra a reflexão no ser humano, inspirando-se nos textos gregos e romanos redescobertos. Os humanistas (Petrarca, Erasmo) valorizavam a educação liberal, a dignidade humana e o desenvolvimento das faculdades individuais."
O nascimento do impressionismo,Conceito,tubos de tinta e plein air,A invenção dos tubos de tinta metálicos (1841) permitiu aos pintores trabalhar no exterior. Esta inovação foi uma condição material da revolução impressionista.
O cubismo: Picasso e Braque,Conceito,arte africana e oceânica como influência,"A descoberta por Picasso das máscaras africanas por volta de 1906-1907 foi uma revelação: uma arte que não procurava imitar a realidade, mas sim dar uma representação simbólica e estrutural. Decisivo para as Demoiselles d'Avignon."
O surrealismo: Dalí e Magritte,Conceito,Escrita automática,"Técnica surrealista: escrever ou pintar sem controlo consciente, deixando o fluxo do inconsciente expressar-se diretamente. Breton utilizou-a como ferramenta poética. Dalí desenvolveu a sua própria variante pictórica com a méthode paranoïaque-critique."
O expressionismo: Munch e O Grito,Conceito,"Expressionismo alemão (Die Brücke, Der Blaue Reiter)","Correntes artísticas alemãs (1905-1920) levando o expressionismo ao extremo: deformação radical das formas, cores berrantes, temas angustiantes. Kirchner, Kandinsky, Nolde reagiam à modernização e anunciavam o trauma de 1914."
O expressionismo: Munch e O Grito,Evento relacionado,Erupção do Krakatoa (1883) e o céu vermelho,A erupção catastrófica do Krakatoa projetou cinzas que coloriram o pôr do sol em vermelho sangue no mundo inteiro durante meses. Munch anotou no seu diário ter visto um céu vermelho «de sangue e de fogo» - provavelmente este fenómeno.
A arte abstrata: Kandinsky e Mondrian,Conceito,Bauhaus,Escola de arte e design fundada em **Weimar** em **1919** que tentou reconciliar as artes maiores e as artes aplicadas. Kandinsky e Klee lecionaram lá. Sua estética minimalista e funcional é onipresente no design contemporâneo.
A Pop Art: Warhol e Lichtenstein,Conceito,Aura e a reprodução mecanizada (Walter Benjamin),"Benjamin (1935) analisava como a reprodução **Técnica** destrói a «aura» da **Obra** única. Warhol radicalizou essa ideia: ao reproduzir mecanicamente imagens populares, ele questionava a própria noção de original e de autor."
O nascimento da música eletrônica,Conceito,Chicago house e Detroit techno,A **House de Chicago** (**1984**) utilizava caixas de ritmos e baixos profundos. A **techno de Detroit** (1986-1988) era mais fria e mecânica. Ambas emergiram das comunidades negras e latinas marginalizadas e tornaram-se fenômenos mundiais.
A ópera de Verdi,Conceito,Ópera seria vs ópera buffa,"Dois gêneros italianos: a **Ópera seria** (temas nobres, trágicos) e a **ópera buffa** (temas cômicos, **Personagem** ordinário). Verdi sobressaiu na **Ópera seria**, mas renovou os gêneros ao integrar o drama psicológico realista e a tensão social."
Beethoven: génio e surdez,Conceito,"Música ""absoluta"" vs música de programa","A **música absoluta** (Beethoven) exprime emoções puras sem referência externa. A música de programa (Berlioz, Liszt) conta uma **História**. Esta distinção estrutura o grande debate estético do século XIX romântico."
Beethoven: génio e surdez,Conceito,Ode à Alegria,"O último **Movimento** da 9ª Sinfonia, sobre o poema de Schiller, tornou-se em 1985 o hino oficial da União Europeia. O universalismo de sua mensagem (fraternidade da humanidade) faz dele o símbolo do ideal europeu de unidade."
Bach e a música barroca,Conceito,Contraponto e fuga,"O **Contraponto** é a **Arte** de combinar várias melodias independentes segundo regras harmônicas. A fuga é a sua forma mais elaborada: um tema é exposto por diferentes vozes sucessivamente, depois desenvolvido em combinações cada vez mais complexas."
O nascimento do jazz americano,Conceito,Improvisação no jazz,"Ao contrário da **Música** clássica, o jazz faz da **Improvisação no jazz** o seu coração: o músico inventa a sua linha melódica em tempo real, sobre uma grade harmônica combinada, em resposta ao **Outro**. É, ao mesmo tempo, uma liberdade total e uma disciplina exigente."
O blues: raízes de toda a música moderna,Personagem,Grias,"Três irmãs divinas nascidas velhas, possuindo apenas um olho e um dente para as três, guardiãs do caminho das Gorgone."
O nascimento da fotografia,Conceito,Impacto da fotografia na pintura figurativa,"A fotografia libertou a pintura da sua função documentária. Os pintores não precisavam mais imortalizar os rostos ou as batalhas - a foto fazia isso melhor e mais barato. Esta libertação é uma das condições do impressionismo e, posteriormente, da abstração."
A Nouvelle Vague francesa,Conceito,Filmagem em cenários naturais e câmera leve,"A Nouvelle Vague reinventou tecnicamente o cinema: câmeras portáteis leves, películas rápidas permitindo filmar sem iluminação artificial. Estas restrições orçamentárias tornaram-se uma estética revolucionária - o cinema «que saiu às ruas»."
"Kubrick: 2001, uma Odisseia no Espaço",Conceito,Inteligência artificial e HAL 9000,"HAL 9000 é uma das primeiras representações de uma Inteligência artificial consciente e conflituosa com os seus criadores. O seu antropomorfismo (voz calma, lógica implacável, autopreservação) prefigura os debates atuais sobre a segurança da Inteligência artificial."
A arquitetura gótica: as catedrais,Conceito,arcobotante e abóbada de ogivas,"Inovações estruturais do gótico. A abóbada de ogivas distribui o peso sobre nervuras em vez de paredes inteiras. O arcobotante transfere o empuxo para o exterior, permitindo abrir as paredes em janelas sem que o edifício desabe."
A arquitetura gótica: as catedrais,Personagem,abade Suger,"Abade de Saint-Denis e conselheiro dos reis de França, considerado o pai da arte gótica pela sua Reconstrução da basílica de Saint-Denis."
"A Noite Estrelada, Van Gogh",Conceito,Arte como expressão interior,"Conceito central em Van Gogh onde a Obra não procura reproduzir a realidade física, mas as emoções e visões do pintor."
"Impressão, nascer do sol, Monet",Personagem,Louis Leroy,"Crítico de arte do «Charivari», Louis Leroy escreveu em 1874 um artigo sarcástico: «Impressão, eu tinha certeza!». Ele queria gozar - o termo «impressionistas» foi adotado pelos próprios artistas com orgulho, invertendo o insulto."
"Impressão, nascer do sol, Monet",Referência histórica,Porto de Le Havre (industrialização),"Le Havre era o primeiro porto comercial francês, transformado pela industrialização. Monet mostra precisamente essa modernidade industrial (vapor, guindastes, barcas) na bruma matinal - uma visão fugaz da modernidade em marcha."
"Nighthawks, Hopper",Conceito,Alienação urbana americana,"Nighthawks é pintado em 1942, algumas semanas após Pearl Harbor. O isolamento das personagens na noite americana traduz um mal-estar profundo: o individualismo da sociedade americana, a ausência de comunidade, o vazio por trás da abundância material."
"A Persistência da Memória, Dalí",Conceito,Filosofia bergsoniana,"Bergson distinguia o tempo físico (mensurável) e o tempo vivido (subjetivo, elástico). Os relógios moles de Dalí ilustram visualmente esse «tempo bergsoniano»: no sonho, o tempo dilata-se, contrai-se, perde toda a rigidez."
A liberdade de imprensa e o fotojornalismo,Conceito,Ética do fotojornalismo,Tensão fundamental: até onde deve um fotógrafo envolver-se? Kevin Carter fotografou um abutre à espera da morte de uma criança sudanesa (1993) e foi acusado de não a ter ajudado. Recebeu o Pulitzer e suicidou-se três meses depois.
A liberdade de imprensa e o fotojornalismo,Conceito,Concentração mediática e independência editorial,"Em muitas democracias, multimilionários (Murdoch, Bolloré) compraram meios de comunicação, levantando questões sobre a sua independência. Em França, em 2024, a grande maioria da imprensa é detida por uma dezena de multimilionários."
A liberdade de imprensa e o fotojornalismo,Personagem,Grias,"Três irmãs divinas que nasceram velhas, possuindo apenas um olho e um dente para as três, guardiãs do caminho das Gorgone."
A liberdade de imprensa e o fotojornalismo,Conceito,Providência,"Força superior que guia os eventos humanos para um fim determinado, frequentemente identificada aqui com a vontade divina."
A liberdade de imprensa e o fotojornalismo,Personagem,Parcas,"Divindades senhoras do destino humano, representadas como fiandeiras (equivalente romano das Moiras)."
"O nascimento dos deuses gregos (Cronos, Zeus, o Olimpo)",Conceito,Antropomorfismo divino grego,"Os deuses gregos são inteiramente humanos em suas emoções (ciúme, amor, raiva), mas imortais e sobrenaturais. Xenófanes já criticava esta visão: ""se os cavalos tivessem deuses, eles os representariam como cavalos""."
Prometeu: o ladrão de fogo,Personagem,Epimeteu,"Irmão de Prometeu cujo nome significa ""aquele que pensa depois"". Ele aceitou sem refletir o presente de Pandora enviado por Zeus. Sua imprudência introduziu os males no Mundo. O par Prometeu-Epimeteu ilustra a oposição previdência/impulsividade."
Pandora e a caixa,Conceito,Élpis (a Esperança),"Na versão de Hesíodo, a Esperança permanece no jarro quando Pandora o fecha. Ambiguidade fundamental: será ela o último dom benevolente dos deuses, ou um mal suplementar (falsa esperança, ilusão) que tortura os homens fazendo-os acreditar que as coisas vão melhorar?"
Orfeu e Eurídice,Conceito,Catábase,"A descida aos Infernos. Motivo mitológico recorrente: o herói desce aos Infernos vivo (Héracles, Ulisses, Eneias, Orfeu). Esta viagem simboliza a iniciação na morte e o confronto com o inconsciente."
Orfeu e Eurídice,Conceito,Orfismo,"Religião mística grega. Corrente religiosa inspirada no mito de Orfeu, pregando a purificação da alma e a metempsicose (transmigração das almas). Influenciou Pitágoras e Platão na sua Conceito de imortalidade da alma."
Narciso e Eco,Conceito,Narcisismo (psicologia),"Termo cunhado por Freud (1914): amor excessivo de si mesmo, incapacidade de amar o Outro. No mito, Narciso não pode amar Eco porque ama apenas a sua própria imagem. Freud distinguiu o narcisismo primário (saudável) do narcisismo patológico."
Narciso e Eco,Conceito,Eco (física acústica),"Repercussão de um som sobre uma superfície e retorno à sua fonte. A palavra «eco» vem diretamente da ninfa do mito, condenada a repetir apenas as últimas palavras ouvidas. Este mito explicava aos gregos o fenómeno acústico natural."
Ícaro e Dédalo,Conceito,Húbris (e a desmedida),Ícaro encarna a hybris clássica: não respeitar os limites humanos e procurar elevar-se até aos deuses. Esta transgressão é sempre punida na mitologia grega - os gregos viam na desmedida a falta trágica por excelência.
Sísifo: punição eterna,Conceito,Absurdo de Camus e Sísifo,"Em O Mito de Sísifo (1942), Camus escolhe este mito porque Sísifo conhece o seu destino e continua mesmo assim. Camus conclui que «é preciso imaginar Sísifo feliz» - apenas a recusa da resignação torna o absurdo suportável."
Sísifo: punição eterna,Conceito,Húbris de Sísifo,"Sísifo foi punido por ter enganado a morte duas vezes e revelado segredos dos deuses. Na mitologia grega, os mortais que desafiavam a ordem divina ou pretendiam a imortalidade recebiam punições eternas e exemplares."
Tântalo e seu suplício,Conceito,"elemento químico tântalo (Ta, 73)",Nomeado assim em 1802 por Ekeberg porque é insolúvel nos ácidos - tal como Tântalo que não pode engolir nada. É utilizado nos condensadores dos smartphones e nas próteses médicas biocompatíveis.
Medusa e Perseu,Conceito,Pégaso (nascimento de),"Quando Perseu decapita Medusa, o cavalo alado Pégaso nasce do seu sangue. Será capturado por Belerofonte com a ajuda de Atena e permitir-lhe-á vencer a Quimera. Pégaso tornou-se o símbolo universal da inspiração Poética."
Hércules e seus 12 trabalhos,Conceito,Heroísmo grego vs heroísmo cristão,"O heroísmo grego (Hércules, Aquiles) valoriza a força, a glória guerreira e o feito - mesmo que Hércules aja por penitência. O heroísmo cristão valoriza a humildade, o sacrifício e o sofrimento aceite. Esta tensão estrutura a cultura ocidental."
Ulisses e o Ciclope,Conceito,métis,"Inteligência prática, astúcia, capacidade de reverter uma situação desfavorável. Ulisses encarna a métis por excelência - o seu epíteto homérico é «de mil astúcias». Opõe-se à bié (força bruta) encarnada por Ájax."
Ulisses e o Ciclope,Conceito,Ciclopes,"Seres de um só olho, filhos de Urano e Gaia: ferreiros divinos que fabricaram o raio de Zeus. Em Homero, Polifemo e os seus semelhantes são pastores selvagens que ignoram os deuses e as leis - uma personificação da barbárie."
Ulisses e as Sereias,Conceito,Comprometimento prévio (precommitment),Estratégia de tomada de decisão que consiste em restringir voluntariamente as suas opções futuras para contrariar uma tentação antecipada.
Jasão e o Velo de Ouro,Conceito,Cólquida,"Região a leste do Mar Negro, descrita nos mitos gregos como o fim do Mundo oriental. Os pastores utilizavam velos de ovelha para filtrar o ouro dos rios auríferos do Cáucaso - o «velo de ouro» era talvez real."
Aquiles: o calcanhar e a invulnerabilidade,Conceito,Kléos,Valor supremo da cultura heroica: a glória imortal adquirida por feitos de guerra e transmitida pelos poetas. Aquiles escolhe deliberadamente uma vida curta mas gloriosa em vez de uma vida longa sem glória - escolha fundamental da ética heroica grega.
Édipo e a Esfinge,Conceito,Incesto como transgressão fundamental,"O incesto de Édipo (involuntário) representa a transgressão última da ordem social: a confusão das gerações. Para os gregos, provocava uma mácula (miasma) que afetava toda a comunidade, visível na pestilência que atingia Tebas."
Antígona: dever familiar vs lei do Estado,Evento relacionado,Antígona de Jean Anouilh (1944),"Peça encenada em Paris sob a Ocupação nazi. Anouilh deixou deliberadamente ambígua a sua leitura política: Creonte poderia representar os alemães ou Vichy, Antígona a Resistência. Ambas as partes encontraram o seu interesse na Obra - génio ou oportunismo?"
A guerra de Troia e o cavalo de madeira,Conceito,Troia (Hisarlik) e arqueologia,"Schliemann localizou Troia em 1870 em Hisarlik, Turquia. As escavações revelaram nove cidades sucessivas. Troia VIIa (cerca de 1184 a.C.) apresenta vestígios de incêndio compatíveis com o relato de Homero - a Guerra de Troia talvez tenha ocorrido."
A guerra de Troia e o cavalo de madeira,Outro,Tholos,"Edifício de planta circular, aqui usado para designar a câmara subterrânea onde Danaé foi aprisionada."
Thor e Loki (mitologia nórdica),Obra,Edda em prosa (Snorri Sturluson),"Tratado de Poética e de Mitologia islandês do século XIII. Embora redigido num contexto cristão, constitui a fonte mais estruturada sobre as crenças nórdicas, destinada a preservar a Arte da poesia antiga."
Thor e Loki (mitologia nórdica),Obra,Edda em verso,"Manuscrito medieval contendo uma coleção de poemas mitológicos e heróicos em nórdico antigo, considerado uma fonte complementar e frequentemente mais antiga do que a Edda em prosa."
Ragnarök: o fim do mundo nórdico,Conceito,Yggdrasil,"Freixo cósmico nórdico que liga os nove mundos. As suas raízes mergulham nos reinos dos deuses, dos Gigantes e dos mortos. As Nornas (tecelãs do destino) vivem na sua base. A árvore cósmica é um arquétipo mitológico quase universal."
Ragnarök: o fim do mundo nórdico,Conceito,Apocaliptismo comparado,"A visão do Ragnarök partilha traços com outras escatologias: o Juízo Final cristão, o Kali Yuga hindu. Estas visões apocalípticas refletem uma preocupação universal pelo fim dos tempos e, frequentemente, pelo Renascimento que se segue."
Osíris e Set (mitologia egípcia),Conceito,Ma'at,"Princípio fundamental do pensamento egípcio: a ordem cósmica, a verdade e a justiça. O faraó era responsável por manter a Ma'at contra o caos. Osíris preside ao julgamento dos mortos, pesando o seu coração contra a pena de Ma'at."
Rômulo e Remo: a fundação de Roma,Conceito,Ab Urbe Condita,"Data tradicional da fundação de Roma (753 a.C.), calculada por Varrão no século I a.C. Os romanos contavam os anos «desde a fundação da cidade» (AUC). Esta Data Lendária correspondia à monarquia dos sete reis de Roma."
Vishnu e Shiva (mitologia hindu),Conceito,Samsara e karma,Samsara: ciclo das reencarnações da alma. Karma: Lei de causalidade moral - cada ação tem consequências nas vidas futuras. Vishnu desce à Terra em avatares precisamente para restabelecer o Karma cósmico perturbado.
As Valquírias e o Valhalla,Conceito,Escatologia guerreira nórdica,Os guerreiros nórdicos procuravam morrer com as armas na mão para serem escolhidos pelas Valquírias. Morrer de doença («morte de palha») não abria as portas de Valhalla - esta visão de um paraíso guerreiro estruturava a cultura viking.
Os Titãs vs os Deuses (Titanomaquia),Conceito,Ordem e caos na mitologia grega,"A Titanomaquia representa a vitória da ordem olimpiana (Zeus, a razão, a Lei) sobre o caos primordial dos Titãs. Esta estrutura narrativa - combate cósmico entre ordem e caos - encontra-se em todas as grandes mitologias do Mundo."
Os Titãs vs os Deuses (Titanomaquia),Conceito,Gigantomaquia (continuação da Titanomaquia),"Após a Titanomaquia, os Olimpianos tiveram de enfrentar os Gigantes (nascidos do sangue de Ouranos), quase invencíveis. Esta segunda guerra dos deuses prefigura as tensões permanentes entre a ordem olimpiana e as forças primordiais do caos."
Dionísio: o deus do vinho e do excesso,Conceito,Apolíneo e Dionisíaco (Nietzsche),Oposição filosófica entre a ordem/razão (Apolo) e o caos/embriaguez (Dionísio) como motores da criação de Arte.
Eneias e a fundação de Roma (Virgílio),Evento,Troia (Guerra de de),"Conflito lendário opondo os Estados gregos aos troianos, servindo de ponto de partida cronológico para a Eneida."
Os deuses astecas e os sacrifícios humanos,Conceito,Cosmologia dos Cinco Sóis e dívida cósmica,Os deuses sacrificaram o seu sangue para criar o quinto sol. Os humanos estavam em dívida perpétua e deviam retribuir com sangue. Esta lógica de troca cósmica tornava os sacrifícios moralmente necessários na visão asteca do Mundo.
O Mahabharata,Conceito,Bhagavad-Gita (Conceito),"Os 18 capítulos de diálogo entre Krishna e Arjuna constituem um texto filosófico maior, independente do resto da epopeia. Krishna ensina a ação desinteressada (Karma yoga), a devoção (bhakti) e o conhecimento (jnana) como vias de libertação."
O Mahabharata,Conceito,Oralidade e transmissão das epopeias indianas (Conceito),"Como Homero, o O Mahabharata foi inicialmente uma epopeia oral memorizada e recitada por griots. Sua transcrição estendeu-se por vários séculos. Estes textos ainda são recitados e cantados em toda a Índia, vivos como nunca."
"Lancelot, Genebra e a Távola Redonda",Conceito,Amor cortês medieval (fin'amor),"Código social que glorifica o amor secreto e inacessível de um cavaleiro por uma dama (geralmente casada). Lancelot e Genebra são o exemplo perfeito. Esta paixão adúltera, destruidora mas sublime, está no cerne da Literatura medieval."
"Lancelot, Genebra e a Távola Redonda",Conceito,Busca do Graal e cristianismo medieval,"O Graal foi cristianizado: cálice da Ceia ou taça que recolheu o sangue de Cristo. A busca torna-se uma busca espiritual de pureza. Apenas Galaad - puro e sem pecado - pode alcançá-lo. Lancelot, maculado pelo seu amor por Genebra, fracassa."
"Lancelot, Genebra e a Távola Redonda",Evento,Prova da espada,"Episódio fundador onde Arthur prova o seu sangue real ao retirar a espada Excalibur (ou uma espada anónima segundo as fontes) de uma rocha ou de uma bigorna, provando a sua Legitimidade divina."
"Merlin, o Encantador",Conceito,"Arquimago na literatura, figura do","Merlin é o protótipo do arquimago: Gandalf (Tolkien), Dumbledore (Rowling) são descendentes diretos. O velho sábio com poderes misteriosos que guia o herói é um arquétipo narrativo quase universal."
As Mil e Uma Noites (Sherazade),Conceito,Orientalismo europeu,"Fascinação e idealização do Oriente pelos europeus, frequentemente estereotipada. As Mil e Uma Noites, nomeadamente na tradução de Antoine Galland (1704), alimentaram este orientalismo: haréns, Califa, génios tornaram-se a imagem padrão do Mundo árabe na Europa."
"Sindbad, o Marujo",Personagem,Marco Polo (paralelo ocidental),Marco Polo (1254-1324) fez a viagem inversa de Sindbad: de Veneza para a China de Kublai Khan. Os seus relatos pareciam tão fabulosos como os de Sindbad. O Livro das Maravilhas influenciou diretamente Colombo nos seus planos de viagem para a Ásia.
Os Titãs vs os Deuses: a Titanomaquia completa,Conceito,Ordem e caos na mitologia grega,"A Titanomaquia representa a vitória da ordem olimpiana (Zeus, a razão, a Lei) sobre o caos primordial dos Titãs. Esta estrutura narrativa - combate cósmico entre ordem e caos - encontra-se em todas as grandes mitologias mundiais."
A rivalidade China–Estados Unidos,Conceito,Guerra comercial e tarifas alfandegárias,"A partir de 2018, os Estados Unidos (Trump) impuseram tarifas alfandegárias massivas sobre os produtos chineses, ao que a China respondeu na mesma moeda. Esta guerra comercial reflete uma rivalidade tecnológica e geopolítica mais profunda do que apenas as trocas comerciais."
As tensões em torno de Taiwan,Conceito,Ambiguidade estratégica americana,"Política americana que reconhece «uma só China» sem reconhecer a soberania de Pequim sobre Taiwan, e vende armas sem prometer explicitamente uma defesa militar. Esta ambiguidade deliberada visa dissuadir a invasão e, ao mesmo tempo, evitar provocar Pequim."
O conceito de mundo «multipolar»,Conceito,«Momento unipolar» (Krauthammer),"Krauthammer descreveu (1990) o pós-Guerra Fria como um «momento unipolar» com os Estados Unidos como única superpotência. Ele previu que isso duraria 30 a 40 anos - uma previsão certeira, visto que o momento unipolar terminou por volta de 2008-2010."
O conceito de mundo «multipolar»,Conceito,Rotas da seda (novas),"Vasto projeto de infraestruturas e investimentos lançado pela China em 2013 para ligar a Ásia, a Europa e a África, reforçando o seu peso geopolítico mundial."
O petróleo como fonte de conflitos,Conceito,Maldição dos recursos (A),"Paradoxo económico: os países ricos em recursos naturais (petróleo, diamantes) conhecem frequentemente um crescimento mais baixo e conflitos mais frequentes. A «renda» petrolífera cria Estados predadores e desencoraja a diversificação económica."
O Canal de Suez: por que é estratégico,Evento relacionado,Ever Given (março de 2021),"Porta-contentores de 400 m que encalhou na transversal do canal durante 6 dias, bloqueando 400 navios. Custou 400 milhões de dólares por hora à economia mundial, ilustrando perfeitamente a importância estratégica do canal nas cadeias mundiais."
A OTAN: para que serve ainda?,Conceito,Artigo 5 do Tratado do Atlântico Norte,"Cláusula de defesa coletiva: um ataque contra um membro é um ataque contra todos. Invocado uma única vez na história da OTAN - a 12 de setembro de 2001, após o 11 de setembro. O seu alcance exato permanece deliberadamente ambíguo."
A OTAN: para que serve ainda?,Conceito,Alargamento da OTAN para Leste,"Desde 1991, a OTAN acolheu 14 novos membros, incluindo antigas repúblicas soviéticas. A Rússia considera este alargamento como uma ameaça existencial - argumento utilizado para justificar a invasão da Ucrânia em 2022."
A Rússia de Putin,Conceito,KGB e FSB,"O KGB soviético foi dissolvido em 1991 e substituído pelo FSB (interno) e pelo SVR (estrangeiro). Putin, ex-oficial do KGB em Dresden, promoveu amplamente ex-membros do KGB (os «siloviki») a postos-chave do poder russo."
A guerra na Ucrânia explicada,Conceito,Donbass e repúblicas separatistas,Região industrial do leste da Ucrânia onde separatistas pró-russos proclamaram «repúblicas» com o apoio militar russo em 2014. Este conflito de «baixa intensidade» (14 000 mortos) precedeu a invasão total de 24 de fevereiro de 2022.
Como funciona o preço do petróleo?,Conceito,Hipocampo,"Estrutura cerebral em forma de cavalo-marinho no lobo temporal, essencial para a formação de novas memórias conscientes. A sua remoção cirúrgica (caso H.M.) provoca uma incapacidade total de formar novas memórias, sem apagar as antigas."
Como funciona o preço do petróleo?,Conceito,Memória de trabalho,"Sistema cognitivo que mantém temporariamente um pequeno número de informações (7±2 elementos) disponíveis para o processamento em curso. Gerido pelo córtex pré-frontal, é limitado em capacidade e duração (alguns segundos sem repetição)."
Como funciona o preço do petróleo?,Conceito,Potencial de ação neuronal,"Sinal elétrico do tipo tudo-ou-nada acionado quando a despolarização de um neurónio ultrapassa um limiar. Propaga-se ao longo do axónio a uma velocidade de 1 a 100 m/s, consoante a mielinização. É o «clique» de informação que o neurónio envia."
Como funciona o preço do petróleo?,Conceito,Neurotransmissores,"Moléculas químicas libertadas na sinapse que transmitem o sinal entre neurónios. Os principais: glutamato (excitador), GABA (inibidor), dopamina, serotonina. Os medicamentos psicoativos atuam sobre estes sistemas."
A evasão fiscal das multinacionais,Conceito,"Imposto mínimo global de 15% (OCDE, 2021)","Acordo assinado por 136 países para impor uma taxa mínima de 15% sobre os lucros das multinacionais, independentemente do seu país de declaração. Primeiro grande acordo fiscal internacional da história, visa pôr fim à «corrida para o fundo» fiscal."
A dívida mundial,Conceito,Teoria keynesiana,"Para Keynes (1936), o Estado deve contrair empréstimos para gastar durante as recessões. A dívida pública é uma ferramenta de gestão económica, não um problema moral. Esta teoria justifica os planos de retomada como o New Deal ou os estímulos pós-COVID."
"A economia de plataforma [Uber, Airbnb...]",Conceito,Efeito de rede,"Uma plataforma torna-se mais valiosa à medida que o número de utilizadores aumenta. Facebook, Uber, Amazon: quanto mais utilizadores houver, melhor será o serviço, o que atrai ainda mais utilizadores - criando monopólios naturais quase intransponíveis."
"A economia de plataforma [Uber, Airbnb...]",Conceito,Gig economy e uberização,"Economia do «trabalho à tarefa» onde os indivíduos propõem os seus serviços através de plataformas sem contrato permanente. Fragiliza as proteções sociais tradicionais (reforma, desemprego), ao mesmo tempo que oferece flexibilidade para os trabalhadores."
"A economia de plataforma [Uber, Airbnb...]",Outro,Tholos,"Edifício de planta circular, aqui utilizado para designar a câmara subterrânea onde Dânae foi encerrada."
"A economia de plataforma [Uber, Airbnb...]",Outro,Besace,Saco mágico (kibisis) capaz de conter a cabeça da Medusa sem que o seu sangue ou o seu poder afetem o portador.
A desinformação e as fake news,Conceito,Internet Research Agency (IRA) russa,"Fábrica de trolls de São Petersburgo financiada por Prigojine, empregando centenas de pessoas para criar contas falsas e manipular a opinião pública americana e europeia. Colocada em destaque durante a investigação Mueller sobre a eleição de 2016."
A economia circular,Conceito,Obsolescência programada,"Estratégia industrial que consiste em conceber produtos destinados a serem substituídos rapidamente. Apple, Samsung e muitos fabricantes de eletrónicos são acusados desta prática - peças não substituíveis, baterias amovíveis, atualizações que forçam a compra de novos aparelhos."
Por que as abelhas são vitais?,Outro,Tholos,"Edifício de plano circular, aqui utilizado para designar a câmara subterrânea onde Dânae foi encerrada."
Por que as abelhas são vitais?,Outro,Besace,Sacola mágica (**Kibisis**) capaz de conter a cabeça da Medusa sem que o seu sangue ou o seu poder afetem o portador.
A subida do nível das águas,Conceito,Calota polar ártica e efeito de albedo,"Ao contrário da banquise (cuja fusão não faz subir o nível das águas), o degelo da Gronelândia e da **Antártica** faz subir os oceanos diretamente. Além disso, a água escura que substitui o gelo branco absorve mais calor, acelerando o aquecimento."
A subida do nível das águas,Conceito,Surtos de tempestade e inundações centenárias,As tempestades combinadas com a subida do nível das águas criam «surtos de tempestade» temporários bem superiores ao nível médio. Uma subida do nível das águas de 50 cm pode multiplicar por 10 a frequência de inundações que eram qualificadas como «centenárias» - **Evento**s **Rara**s tornam-se comuns.
A IA e o emprego,Conceito,Inteligência artificial (IA) generativa,"Tipo de **Inteligência artificial** capaz de criar novos conteúdos (texto, imagens, código, som) a partir de exemplos aprendidos, em vez de simplesmente analisar dados existentes."
A saúde mental como questão de sociedade,Conceito,Burn-out,"Síndroma de esgotamento crónico causado pelo sobretrabalho, reconhecido pela OMS desde 2019 como um fenómeno profissional. Caracteriza-se pelo esgotamento emocional, a despersonalização e a redução do sentimento de realização."
A saúde mental como questão de sociedade,Conceito,Hipótese smartphones e saúde mental (Haidt),O psicólogo Jonathan Haidt argumenta que a adoção maciça de **smartphone**s pelos adolescentes a partir de 2012 é a causa principal da epidemia de depressão e ansiedade entre os jovens. O debate científico continua intenso.
A UE: como funciona realmente?,Conceito,Unanimidade no Conselho da UE,"Em muitos domínios (fiscalidade, **política** externa), as decisões exigem a unanimidade dos 27 Estados-membros. Um único Estado pode bloquear - o que torna a UE difícil de governar em situações de crise e explica a sua lentidão decisória frequentemente criticada."
A liberdade de imprensa no mundo,Conceito,Ética do fotojornalismo,Tensão fundamental: até onde deve um fotógrafo envolver-se? Kevin Carter fotografou um abutre à espera da morte de uma criança sudanesa (1993) e foi acusado de não a ter ajudado. Recebeu o Pulitzer e suicidou-se três meses depois.
A liberdade de imprensa no mundo,Conceito,Concentração mediática e independência editorial,"Em muitas democracias, multimilionários (Murdoch, Bolloré) compraram meios de comunicação, levantando questões sobre a sua independência. Em França, em 2024, a grande maioria da imprensa pertence a uma dúzia de multimilionários."
A blockchain e as criptomoedas,Personagem,Grias,"Três irmãs divinas que nasceram velhas, possuindo apenas um olho e um dente para as três, guardiãs do caminho das Gorgones."
O soft power americano,Conceito,Hegemonia cultural,Conceito do teórico Antonio Gramsci: uma classe dominante mantém o seu poder fazendo aceitar os seus valores como naturais e universais. Joseph Nye adaptou esta ideia às relações internacionais com o conceito de soft power.
O soft power americano,Conceito,«Efeito Bruxelas»,"As normas regulamentares europeias (RGPD, normas alimentares, ambientais) são adotadas mundialmente pelas multinacionais que desejam aceder ao mercado de 450 milhões de consumidores. A UE exerce assim um soft power regulamentar considerável."
Os GAFAM: poder e derivas,Conceito,Efeitos de rede e monopólios naturais,"As plataformas digitais tendem para monopólios naturais: cada novo utilizador reforça o valor para todos os outros. Concorrer com o Facebook ou a Amazon torna-se quase impossível, pois a sua vantagem de rede é intransponível para um concorrente iniciante."
A transição energética,Conceito,Acordo de Paris (2015) e os objetivos climáticos,"Tratado assinado por 196 países para limitar o aquecimento a 1,5°C acima dos níveis pré-industriais. Cada país define os seus próprios objetivos (NDC) - as ambições atuais levam a cerca de 2,5°C de aquecimento segundo as projeções atuais."
A transição energética,Conceito,Hidrogênio verde,"Hidrogénio produzido por eletrólise da água alimentada por energias renováveis. Permite armazenar energia e descarbonizar setores difíceis de eletrificar (aço, cimento, aviação). Atualmente dispendioso, é visto como fundamental para a neutralidade de carbono 2050."