Nom du cours,Classification,Terme,Explication
La nascita dell'Islam (622),Riferimento storico,L'Impero bizantino e sassanide,"Le due potenze che circondavano la penisola arabica nel VII secolo. Bisanzio (Impero romano d'Oriente) e i Sasanidi (impero persiano zoroastriano) si stavano esaurendo in una guerra interminabile, aprendo la strada alle conquiste arabe."
La nascita dell'Islam (622),Concetto,La Umma,"Comunità dei credenti musulmani, che trascende i confini tribali. Tutti i musulmani formano un unico corpo indipendentemente dalla loro origine."
La nascita dell'Islam (622),Concetto,La jihad,Termine arabo che significa letteralmente «sforzo». Indica lo sforzo interiore per migliorarsi e la difesa armata della comunità.
L'appello di Urbano II e la 1ª Crociata (1095),Evento correlato,Lo Scisma del 1054,"Rottura definitiva tra la Chiesa cattolica romana e la Chiesa ortodossa, sull'autorità papale e sulla questione del Filioque. Questo scisma rendeva le relazioni tra Bisanzio e Roma complesse nel momento in cui Alessio I chiedeva aiuto militare."
L'appello di Urbano II e la 1ª Crociata (1095),Personaggio,Alessio I Comneno,Imperatore bizantino che inviò un'ambasciata a papa Urbano II per chiedere mercenari contro i turchi selgiuchidi. La sua modesta richiesta scatenò involontariamente la mobilitazione massiccia della prima crociata.
L'appello di Urbano II e la 1ª Crociata (1095),Concetto,L'indulgenza plenaria,"Remissione totale delle pene dovute ai peccati, concessa dal papa. Urbano II ne promise una a tutti i partecipanti alla crociata - un potente motore di mobilitazione in una società profondamente religiosa."
Il sacco di Roma da parte dei Visigoti (410),Riferimento storico,Gli Unni,"Popolo nomade dell'Asia centrale che si abbatté sull'Europa verso il 370, spingendo i Goti e altri popoli germanici ad attraversare le frontiere romane per fuggire. Il loro capo Attila devasterà l'Europa negli anni 450."
Il sacco di Roma da parte dei Visigoti (410),Concetto,Il foedus romano,"Trattato con il quale Roma autorizzava un popolo Barbaro a stabilirsi sul suo territorio in cambio di un servizio militare. I Visigoti ottennero un foedus nel 382, ma Roma non lo rispettò, il che spiega la rivolta di Alarico."
Il sacco di Roma da parte dei Visigoti (410),Evento correlato,La divisione dell'Impero nel 395,"Alla morte di Teodosio I, l'Impero fu diviso tra i suoi due figli: Onorio all'Ovest (capitale Ravenna) e Arcadio all'Est (Costantinopoli). Questa divisione permanente indebolì la risposta alle invasioni."
L'incoronazione di Carlo Magno (800),Concetto,Il Sacro Romano Impero,"Entità Politica nata dall'incoronazione di Carlo Magno, che pretendeva di incarnare la continuità dell'Impero Romano in Occidente sotto l'autorità cristiana. Essa perdurerà fino al 1806 e strutturerà lo spazio germanico per mille anni."
L'incoronazione di Carlo Magno (800),Concetto,I missi dominici,"«Inviati del signore» carolingi: ispettori reali inviati a coppie (un vescovo, un laico) per controllare l'amministrazione locale e amministrare la giustizia in nome dell'imperatore. Strumento chiave del governo carolingio su un territorio immenso."
L'incoronazione di Carlo Magno (800),Personaggio,Alcuino di York,"Sapiente inglese che Carlo Magno fece venire per dirigere la scuola palatina di Aquisgrana. Supervisionò la riforma della scrittura e dell'insegnamento, formando una generazione di amministratori colti che mantennero l'impero."
La Magna Carta (1215),Concetto,Il sistema feudale,Organizzazione medievale fondata su legami personali: il suzerain concede terre (feudo) in cambio di servizio militare e fedeltà. La Magna Carta fu strappata in questo quadro contrattuale: i baroni ricordarono al re i suoi obblighi.
La Magna Carta (1215),Evento correlato,La perdita della Normandia (1204),"Evento maggiore in cui Giovanni Senza Terra perse i suoi possedimenti di fronte a Filippo II Augusto, provocando la crisi fiscale all'origine della Magna Carta."
La Magna Carta (1215),Concetto,L'habeas corpus,"Principio giuridico che protegge dalle carcerazioni arbitrarie: ogni persona arrestata deve essere presentata a un giudice. Eredità diretta della clausola 39 della Magna Carta, è diventato un pilastro del diritto anglosassone."
La Peste nera in Europa (1347-1353),Concetto,La teoria dei miasmi,Credenza medica medievale secondo la quale le malattie erano causate da vapori impuri provenienti da acque stagnanti e cadaveri. Essa spiega l'impotenza totale della medicina di fronte alla Peste — non si poteva curare ciò che non si comprendeva.
La Peste nera in Europa (1347-1353),Luogo / istituzione,Le repubbliche marinare italiane,"Genova e Venezia, le cui navi commerciali collegavano il Mar Nero all'Europa, furono i vettori dell'epidemia. Navi genovesi introdussero la peste in Sicilia nel 1347, propagando il batterio attraverso le loro reti commerciali mediterranee."
La Peste nera in Europa (1347-1353),Evento correlato,I pogrom contro gli ebrei (1348-1349),"Accusati di avvelenare i pozzi, decine di migliaia di ebrei furono massacrati in Germania e in Francia durante la Peste. Il papa Clemente VI li difese ma fu poco ascoltato nelle città devastate che cercavano capri espiatori."
Giovanna d'Arco e la Guerra dei cent'anni (1429),Evento,Il trattato di Troyes (1420),"Accordo con il quale Carlo VI di Francia disereda suo figlio, il delfino Carlo, a favore del re d'Inghilterra Enrico V, creando un'unione dinastica franco-inglese."
Giovanna d'Arco e la Guerra dei cent'anni (1429),Concetto,La consacrazione di Reims,"Cerimonia con la quale il re di Francia veniva unto con l'olio santo, conferendogli un carattere quasi sacro. Solo un re consacrato a Reims era pienamente legittimo agli occhi della Chiesa e del popolo — da qui l'urgenza per Giovanna di condurvi Carlo VII."
Giovanna d'Arco e la Guerra dei cent'anni (1429),Riferimento storico,I Borgognoni,"Fazione francese alleata degli inglesi, guidata dal duca di Borgogna (Filippo il Buono nel 1429). La loro alleanza con l'Inghilterra fu interrotta dal trattato di Arras nel 1435."
La caduta di Costantinopoli (1453),Evento correlato,Il sacco di Costantinopoli durante la IV crociata (1204),"I crociati, dirottati da Venezia, saccheggiarono la Costantinopoli cristiana per tre giorni nel 1204. Questo trauma indebolì durevolmente Bisanzio e spiega la diffidenza bizantina verso l'Occidente durante l'assedio del 1453."
La caduta di Costantinopoli (1453),Riferimento storico,La diaspora greca e il Rinascimento,"Gli studiosi greci in fuga da Costantinopoli portarono i loro manoscritti in Italia, contribuendo in modo decisivo al Rinascimento. La caduta di Bisanzio accelerò paradossalmente il rinnovamento intellettuale dell'Occidente."
La caduta di Costantinopoli (1453),Concetto,Il diritto bizantino e l'eredità romana,"Costantinopoli aveva conservato e trasmesso il diritto romano, la filosofia greca e la teologia cristiana per mille anni. La sua caduta pose fine a questa continuità vivente tra Antichità e mondo moderno."
L'impero azteco,Concetto,La cosmogonia dei Cinque Soli,"Mito azteco: l'universo è già stato creato e distrutto quattro volte. Il quinto sole attuale è mantenuto in vita solo dai sacrifici umani. Questa cosmologia rendeva i sacrifici cosmicamente necessari - senza di essi, il sole si fermerebbe."
L'impero azteco,Concetto,Le chinampas,«Giardini galleggianti» creati nel lago Texcoco: isole artificiali di fango e vegetali che permettevano un'agricoltura molto produttiva. Tenochtitlán era circondata da una rete di canali e di terre coltivate che nutrivano 200.000 abitanti.
L'impero azteco,Luogo / istituzione,Tenochtitlán e Città del Messico,"Capitale azteca fondata nel 1325 su un isolotto del lago Texcoco, dove si trova oggi Città del Messico. Era una delle più grandi città del mondo nel 1519, con una rete sofisticata di acquedotti e canali."
La scoperta dell'America (1492),Evento,La Reconquista spagnola (1492),Il trionfo della presa di Granada liberò risorse e creò uno slancio di ambizione nazionale che spiega il sostegno di Isabella di Castiglia a Colombo.
La scoperta dell'America (1492),Personaggio,Amerigo Vespucci,Navigatore fiorentino che comprese che le terre scoperte erano un continente sconosciuto. Il continente fu battezzato in suo onore nel 1507.
La scoperta dell'America (1492),Evento,Il trattato di Tordesillas (1494),Accordo arbitrato dal papa che divideva il mondo in due sfere d'influenza tra la Spagna (ovest) e il Portogallo (est).
La presa della Bastiglia (1789),Concetto,L'Antico Regime e i tre ordini,"Società francese divisa in tre stati: Clero (1°), Nobiltà (2°) e Terzo Stato (97% della popolazione, 3°). Agli Stati Generali, ogni ordine disponeva di un solo voto su tre, nonostante la schiacciante rappresentatività demografica del Terzo."
La presa della Bastiglia (1789),Concetto,La lettre de cachet,"Ordine reale di carcerazione senza processo né spiegazione, firmato dal re. La Bastiglia simboleggiava questo arbitrio reale, anche se nel luglio 1789 conteneva solo 7 prigionieri - il suo valore era puramente simbolico."
La strategia di Napoleone a Ulm (1805),Concetto,Il corpo d'armata napoleonico,"Unità militare autonoma da 15.000 a 30.000 uomini comprendente tutte le armi, capace di combattere da sola per diversi giorni. Questa innovazione organizzativa permetteva la rapidità di manovra che fece la forza di Napoleone."
La strategia di Napoleone a Ulm (1805),Evento correlato,La battaglia di Trafalgar (21 ottobre 1805),"Vittoria navale decisiva di Nelson sulla flotta franco-spagnola, la settimana stessa di Ulma. Mise fine ai progetti di invasione dell'Inghilterra e spiega perché Napoleone non poté mai sconfiggere la potenza marittima britannica."
La strategia di Napoleone a Ulm (1805),Concetto,Il blocco continentale,"Politica economica napoleonica (1806) che vietava ogni commercio europeo con l'Inghilterra, per rovinarla economicamente. La sua applicazione imperfetta costrinse Napoleone a invadere la penisola iberica e poi la Russia."
La battaglia di Waterloo (1815),Evento correlato,Il Congresso di Vienna (1814-1815),"Riunione delle potenze europee per ricostruire l'ordine post-napoleonico. Ridegnò la carta dell'Europa, restaurò le monarchie e creò il «Concerto europeo» che mantenne una pace relativa per quasi un secolo."
La battaglia di Waterloo (1815),Concetto,La Santa Alleanza,"Patto firmato nel 1815 tra Russia, Austria e Prussia per difendere i principi monarchici contro le idee rivoluzionarie. Fu lo strumento di repressione delle rivolte liberali degli anni 1820-1830."
La battaglia di Waterloo (1815),Personaggio,Il maresciallo Ney,"Soprannominato «il prode dei prodi», guidò la cavalleria francese a Waterloo. La sua carica disastrosa contro i [carrés] britannici, lanciata troppo presto senza supporto d'artiglieria, fu uno degli errori tattici fatali della giornata."
La Comune di Parigi (1871),Evento correlato,La guerra franco-prussiana (1870-1871),"Conflitto scatenato da Napoleone III, terminato con la sconfitta schiacciante di Sedan e la cattura dell'Imperatore. La capitolazione umiliante e l'assedio di Parigi crearono il terreno fertile per la Comune."
La Comune di Parigi (1871),Personaggio,Adolphe Thiers,"Capo del governo provvisorio di Versailles che ordinò lo schiacciamento della Comune durante la «Settimana di sangue» (21-28 maggio 1871). Ex giornalista e storico, primo presidente della Terza Repubblica."
La Comune di Parigi (1871),Luogo / istituzione,L'Internazionale operaia (1ª Internazionale),"Organizzazione fondata a Londra nel 1864, che riuniva sindacati e partiti operai di diversi paesi. Sebbene la Comune non fosse la sua **Opera** diretta, Marx la celebrò come prima esperienza di potere operaio."
La Belle Époque (1871-1914),Evento correlato,L'affare Dreyfus (1894-1906),"Un ufficiale ebreo, Alfred Dreyfus, fu condannato ingiustamente per spionaggio da uno stato maggiore antisemita. L'**affare Dreyfus** lacerò la Francia tra dreyfusardi e antidreyfusardi, rivelando le tensioni profonde della società francese."
La Belle Époque (1871-1914),Evento correlato,La Conferenza di Berlino (1884-1885),"Riunione delle potenze europee per regolare la spartizione dell'Africa senza guerre tra loro. In pochi decenni, l'Europa colonizzò il 90% del continente africano, tracciando confini arbitrari che causano ancora oggi conflitti."
La Belle Époque (1871-1914),Concetto,Il positivismo di Auguste Comte,"Filosofia secondo la quale la scienza risolverà tutti i problemi umani. Dottrina dominante della Belle Époque, spiega l'ottimismo di questo **Periodo** e il suo brutale scompaginamento a causa della guerra del 1914."
La battaglia di Verdun (1916),Evento correlato,La battaglia della Somme (1916),Offensiva franco-britannica lanciata il 1° luglio 1916 per alleviare la pressione su Verdun. Causò 60.000 perdite britanniche solo il primo giorno - il giorno più micidiale della **Storia** militare britannica.
La battaglia di Verdun (1916),Concetto,La guerra di trincea,"Dal 1914, il fronte occidentale si era stabilizzato in una rete di trincee dal Mare del Nord alla Svizzera. Questa guerra di posizione spiega perché battaglie come Verdun si combattevano in pochi chilometri **Quadrato** per mesi."
La battaglia di Verdun (1916),Concetto,L'artiglieria pesante della Grande Guerra,"L'artiglieria rappresentava il 60-70% delle perdite della **Prima guerra mondiale**. I progressi tecnici dal 1870 avevano reso le armi offensive molto più potenti delle difese, creando l'impasse delle trincee."
La Rivoluzione russa (1917),Personaggio,Rasputin,Monaco guaritore siberiano che ottenne l'influenza della zarina Alessandra alleviando le crisi emofiliache dello zarevic Alessio. Le sue presunte interferenze **politica** e la sua immagine scandalosa screditarono profondamente la corte imperiale.
La Rivoluzione russa (1917),Concetto,Il marxismo-leninismo,"Ideologia che combina le **Teoria** economiche di Marx (lotta di classe, sfruttamento del **proletariato**) e le innovazioni tattiche di Lenin (partito d'**avanguardia** disciplinato, rivoluzione organizzata). È l'ideologia dei bolscevichi che presero il potere nell'ottobre 1917."
La Rivoluzione russa (1917),Concetto,Il Soviet di Pietrogrado,"Consiglio di delegati di operai e soldati, eletto nelle fabbriche e nelle caserme. Nel 1917, controllava realmente le strade e l'esercito, creando un ""doppio potere"" instabile di fronte al governo provvisorio legale."
La Grande Depressione (1929),Concetto,Il sistema aureo (Gold Standard),"Sistema monetario in cui le valute erano convertibili in oro a tasso fisso, limitando la capacità degli Stati di creare moneta. Propagò meccanicamente la crisi americana al **Mondo** intero: quando gli Stati Uniti ridussero la loro massa monetaria, tutti i paesi legati all'oro ne soffrirono."
La Grande Depressione (1929),Evento correlato,Il New Deal di Roosevelt (1933),"Insieme di programmi americani che univano **rilancio** economico (grandi opere), riforma finanziaria (FDIC, SEC) e protezione sociale. Non pose fine alla crisi ma creò le basi dello Stato-**Provvidenza** americano."
La Grande Depressione (1929),Concetto,L'acquisto di azioni a margine,"Pratica consistente nel prendere in prestito dalla propria banca per acquistare azioni scommettendo sul loro rialzo. Molto diffusa negli anni '20, amplificò la bolla e, durante il crash, costrinse milioni di americani a vendere d'urgenza per rimborsare i propri prestiti."
La battaglia di Stalingrado (1942-1943),Evento correlato,L'operazione Barbarossa (22 giugno 1941),L'invasione dell'URSS da parte della Germania: 3 milioni di soldati su un fronte di 3.000 km - la più grande operazione militare della storia. Il fallimento nel prendere Mosca nel 1941 costrinse Hitler a ricentrare il suo sforzo verso il sud e il petrolio del Caucaso nel 1942.
La battaglia di Stalingrado (1942-1943),Personaggio,Friedrich Paulus,"Comandante della 6ª armata tedesca accerchiata. Hitler lo nominò feldmaresciallo il 30 gennaio 1943 per incitarlo a morire piuttosto che arrendersi. Paulus capitolò il giorno successivo, diventando il primo feldmaresciallo tedesco a essere catturato vivo."
La battaglia di Stalingrado (1942-1943),Concetto,L'operazione Urano,"Controffensiva sovietica (19 novembre 1942) che accerchiò i 300.000 soldati della 6ª armata in una morsa gigante. Pianificata da Žukov e Vasilevskij, trasformò l'accanita difesa di Stalingrado in una vittoria strategica decisiva."
Hiroshima e Nagasaki (1945),Concetto,La fissione nucleare,"Reazione mediante la quale il nucleo di un atomo pesante (uranio 235, plutonio 239) si divide liberando un'energia colossale e nuovi neutroni che innescano una reazione a catena. È il principio della bomba atomica."
Hiroshima e Nagasaki (1945),Evento correlato,L'entrata in guerra dell'URSS contro il Giappone (9 agosto 1945),"Stalin dichiarò guerra al Giappone esattamente il giorno della bomba di Nagasaki, invadendo la Manciuria. Alcuni storici ritengono che questa minaccia sovietica sia stata determinante quanto le bombe nella decisione della capitolazione giapponese."
Hiroshima e Nagasaki (1945),Concetto,La malattia da raggio (sindrome acuta da irradiazione),"Sindrome causata dall'esposizione alle radiazioni: nausea, perdita di capelli, emorragie interne, insufficienza immunitaria. Decine di migliaia di sopravvissuti morirono nelle settimane successive a causa di questa malattia ancora ignota ai medici."
Rosa Parks e Montgomery (1955),Luogo / istituzione,La NAACP,"National Association for the Advancement of Colored People, fondata nel 1909 per difendere i diritti civili con mezzi legali. Rosa Parks ne era una militante attiva e aveva seguito corsi di formazione alla disobbedienza civile molto prima del suo celebre gesto."
Rosa Parks e Montgomery (1955),Concetto,Le leggi Jim Crow,"Insieme di leggi statali che istituivano la segregazione razziale nel Sud americano dopo il 1877. Il loro nome deriva da un personaggio stereotipato di un minstrel show. Organizzavano una separazione totale nelle scuole, nei trasporti, negli ospedali e in tutti gli spazi pubblici."
Rosa Parks e Montgomery (1955),Evento correlato,Brown v. Board of Education (1954),Sentenza della Corte Suprema americana che dichiarava incostituzionale la segregazione nelle scuole pubbliche. Questa decisione diede un impulso giuridico al Movimento per i diritti civili e spiega perché Montgomery fu in seguito contestata anche davanti ai tribunali.
La crisi dei missili di Cuba (1962),Concetto,La distruzione mutua assicurata (MAD),Dottrina nucleare secondo la quale né gli Stati Uniti né l'URSS potrebbero sopravvivere a una guerra nucleare. Questa logica di terrore equilibrato dissuadeva ciascuno dall'attaccare e struttura tutta la dinamica della crisi di Cuba.
La crisi dei missili di Cuba (1962),Evento correlato,La Baia dei Porci (aprile 1961),"Tentativo fallito di invasione di Cuba da parte di esuli cubani addestrati dalla CIA. Il fallimento umiliante indebolì Kennedy, incoraggiò Krusciov a correre dei rischi e rafforzò Castro, creando le condizioni per la crisi del 1962."
La crisi dei missili di Cuba (1962),Riferimento storico,I missili Jupiter in Turchia,"Missili nucleari americani installati in Turchia nel 1961, a portata dell'URSS. L'accordo segreto finale includeva il loro ritiro discreto - concessione che Kennedy tenne segreta per decenni per non sembrare di cedere al ricatto sovietico."
La guerra d'Algeria (1954-1962),Concetto,Lo status di dipartimento francese,"A differenza dei protettorati (Marocco, Tunisia), l'Algeria era dal 1848 composta da tre dipartimenti francesi. Ogni indipendenza equivaleva quindi giuridicamente a un'amputazione del territorio nazionale - da qui l'intensità del conflitto politica in metropoli."
La guerra d'Algeria (1954-1962),Evento correlato,Il putsch dei generali (aprile 1961),"Tentativo di colpo di Stato da parte di quattro generali opposti all'indipendenza. De Gaulle lo schiacciò in quattro giorni grazie a un discorso radiofonico. Fu seguito dalla creazione dell'OAS, organizzazione terroristica pro-Algeria francese."
La guerra d'Algeria (1954-1962),Riferimento storico,I pieds-noirs,"Soprannome dei coloni di origine europea stabilitisi in Algeria. Quasi un milione di loro ha dovuto lasciare il paese nel 1962 in condizioni traumatiche, abbandonando le proprie case sotto la minaccia 'la valigia o la bara'."
La battaglia di Dien Bien Phu (1954),Concetto,La guerriglia,"Strategia delle forze deboli contro un esercito tecnicamente superiore: evitare battaglie campali, tormentare il nemico, utilizzare il terreno e il sostegno popolare, stremare l'avversario a lungo termine. Il Viet-Minh vi eccelse durante tutta la guerra d'Indocina."
La battaglia di Dien Bien Phu (1954),Evento correlato,Gli accordi di Ginevra (luglio 1954),"Accordi che posero fine alla guerra d'Indocina: il Vietnam fu diviso al 17° parallelo. Le elezioni di riunificazione previste per il 1956 non furono mai organizzate, gettando i semi della guerra americana che sarebbe seguita."
La battaglia di Dien Bien Phu (1954),Personaggio,Il generale Võ Nguyên Giáp,"Comandante in capo del Viet-Minh, ex professore di storia autodidatta in strategia. Il suo genio fu quello di far trasportare a spalla e in bicicletta decine di cannoni pesanti sulle colline che sovrastano Dien Bien Phu - un'impresa logistica considerata impossibile."
Il genocidio armeno (1915-1916),Riferimento storico,I Giovani Turchi (Comitato Unione e Progresso),"Movimento nazionalista turco che rovesciò il sultano Abdul Hamid II nel 1908. Il triumvirato Enver-Talaat-Cemal, nazionalisti estremisti, organizzò il genocidio nel contesto della guerra, in un progetto di «Turchia etnicamente pura»."
Il genocidio armeno (1915-1916),Evento correlato,I massacri hamidiani (1894-1896),"Prima ondata di massacri di armeni sotto il sultano Abdul Hamid II, che causò tra i 100.000 e i 300.000 morti. Questo precedente non sanzionato mostrò alle future autorità ottomane che tali crimini potevano restare impuniti."
Il genocidio armeno (1915-1916),Concetto,La definizione giuridica di genocidio,"Il termine «genocidio» fu coniato dal giurista Raphael Lemkin nel 1944 proprio pensando agli armeni. La Convenzione dell'ONU (1948) lo definisce come l'intenzione di distruggere «in tutto o in parte» un gruppo nazionale, etnico, razziale o religioso."
La creazione dell'ONU (1945),Evento correlato,La conferenza di Jalta (febbraio 1945),"Incontro tra Roosevelt, Churchill e Stalin che pose le basi dell'ordine mondiale del dopoguerra: spartizione dell'Europa in zone d'influenza, condizioni per l'ingresso sovietico contro il Giappone, struttura dell'ONU da creare."
La creazione dell'ONU (1945),Concetto,Il diritto di veto al Consiglio di sicurezza,Ognuno dei 5 membri permanenti può bloccare qualsiasi risoluzione del Consiglio con un semplice voto «no». Questo meccanismo ha paralizzato il Consiglio durante la Guerra fredda e continua con la Russia e la Cina su numerose crisi contemporanee.
La creazione dell'ONU (1945),Luogo / istituzione,La Corte internazionale di giustizia (CIG),"Organo giudiziario dell'ONU basato a L'Aia, che risolve le controversie tra Stati. Contrariamente alla CPI (che giudica individui), essa giudica gli Stati. Le sue decisioni sono vincolanti ma non dispone di un meccanismo di esecuzione."
La nascita dell'UE: dalla CECA a Maastricht,Concetto,La riconciliazione franco-tedesca,"Dopo tre guerre in 70 anni, Francia e Germania avevano fatto della loro rivalità il principale motore dei conflitti europei. La CECA e poi il trattato dell'Eliseo (1963) suggellarono un'amicizia che divenne il motore di tutta l'integrazione europea."
La nascita dell'UE: dalla CECA a Maastricht,Evento correlato,Il trattato di Maastricht (1992),"Trattato fondante dell'Unione europea che crea la cittadinanza europea, lanciando il processo di moneta unica (l'euro nel 2002), istituendo una politica estera comune e criteri rigorosi di convergenza economica."
La nascita dell'UE: dalla CECA a Maastricht,Concetto,Le quattro libertà del mercato comune,"Libera circolazione delle merci, delle persone, dei servizi e dei capitali - fondamenta del mercato comune del trattato di Roma. Rappresentano l'integrazione economica più avanzata mai realizzata tra Stati sovrani."
Il genocidio ruandese (1994),Evento correlato,Gli accordi di Arusha (agosto 1993),"Accordo di pace tra il governo hutu e il FPR (Fronte Patriotico Ruandese). Gli estremisti hutu, rifiutando ogni spartizione del potere, organizzarono il genocidio per impedirne l'attuazione."
Il genocidio ruandese (1994),Luogo / istituzione,La UNAMIR e il generale Dallaire,"La Missione dell'ONU comandata dal generale canadese Roméo Dallaire aveva 2 500 soldati sul posto. Dallaire avvertì l'ONU già nel gennaio 1994 di un genocidio imminente, ma gli fu vietato di agire. La sua inazione è oggi considerata un errore storico."
Il genocidio ruandese (1994),Riferimento storico,La Radio delle Mille Colline (RTLM),"Radio estremista hutu che, durante il genocidio, diffondeva in diretta l'elenco delle persone da uccidere e incitava allo sterminio dei Tutsi, definiti «scarafaggi». Costituì uno strumento principale di coordinamento dei massacri."
La caduta del muro di Berlino (1989),Concetto,La Glasnost e la Perestrojka,"Riforme di Gorbačëv a partire dal 1986: la glasnost (trasparenza) autorizzava la critica del regime sovietico, la perestroïka (ristrutturazione) tentava di riformare l'economia. Esse destabilizzarono involontariamente l'intero blocco sovietico."
La caduta del muro di Berlino (1989),Evento correlato,La Primavera di Praga (agosto 1968),"Riforma liberale del comunismo in Cecoslovacchia, schiacciata dall'invasione dei carri armati sovietici. La decisione di Gorbačëv di non ripetere questo intervento nel 1989 fu quindi storicamente rivoluzionaria."
La caduta del muro di Berlino (1989),Personaggio,Erich Honecker,"Segretario generale della RDT dal 1971, aveva dichiarato che il Muro sarebbe durato «ancora 50 o 100 anni». Sostituito il 18 ottobre 1989, poco prima della caduta del Muro, morì in esilio in Cile nel 1994."
La Blitzkrieg (1940),Riferimento storico,La linea Maginot,"Linea di fortificazioni costruita dalla Francia negli anni '30 lungo la frontiera franco-tedesca. La Blitzkrieg la aggirò attraverso le Ardenne belghe, ritenute impraticabili per i carri armati - rendendo la linea Maginot totalmente inutile."
La Blitzkrieg (1940),Concetto,Il piano Sichelschnitt (colpo di falce),"Piano del generale von Manstein: concentrare i blindati nelle Ardenne per sfondare al centro e raggiungere la Manica, circondando le armate franco-britanniche impegnate in Belgio. Audace e rischioso, questo piano fu un successo totale."
La Blitzkrieg (1940),Evento correlato,L'operazione Dynamo (Dunkerque),"Evacuazione marittima di 338.000 soldati franco-britannici circondati a Dunkerque da una flottiglia improvvisata di navi militari e civili. Questo «miracolo» permise alla Gran Bretagna di proseguire la guerra, ma lasciò la Francia senza esercito."
Il piano Marshall (1947-1952),Concetto,La dottrina Truman,Discorso di Truman (marzo 1947) in cui affermava che gli Stati Uniti avrebbero sostenuto ogni popolo resistente alla «sottomissione tramite pressioni esterne». Segnò l'inizio ufficiale della Guerra fredda e la politica di contenimento del comunismo.
Il piano Marshall (1947-1952),Evento correlato,Il Kominform (1947),"Organizzazione internazionale comunista creata da Stalin in risposta al piano Marshall, per coordinare i partiti comunisti europei. Costrinse la Cecoslovacchia e la Polonia, che avevano accettato l'aiuto Marshall, a rifiutarlo."
Il piano Marshall (1947-1952),Concetto,Il Wirtschaftswunder tedesco,"«Miracolo economico» della Germania dell'Ovest: tra il 1950 e il 1960, il suo PIL triplicò, passando da un'economia in rovine alla prima potenza economica europea. In parte finanziato dal piano Marshall e favorito dalla riforma monetaria del 1948."
La guerra del Vietnam (1955-1975),Concetto,La teoria del domino,"Teoria della politica estera americana secondo la quale se un paese fosse diventato comunista, i suoi vicini sarebbero caduti l'uno dopo l'altro. Giustificava l'impegno in Vietnam per «fermare la progressione comunista nel Sud-est asiatico»."
La guerra del Vietnam (1955-1975),Evento correlato,L'offensiva del Têt (gennaio 1968),"Attacco simultaneo dei Viet Cong su più di 100 città americane durante il Capodanno vietnamita. Militarmente un fallimento per Hanoi, distrusse la credibilità dell'amministrazione Johnson negli Stati Uniti."
La guerra del Vietnam (1955-1975),Personaggio,Ho Chi Minh,"Leader nazionalista e comunista, fondatore del Viet-Minh (1941), primo presidente del Vietnam del Nord. La sua legittimità popolare come liberatore contro i giapponesi e poi contro i francesi gli diede un vantaggio politico che gli Stati Uniti non poterono mai eguagliare."
Il processo di Norimberga (1945-1946),Concetto,I crimini contro l'umanità,"Categoria giuridica inventata a Norimberga per designare le persecuzioni e gli stermini di civili. Contrariamente ai crimini di guerra, si applicano anche in tempo di pace e sono imprescrittibili. Norimberga li distinse per la prima volta."
Il processo di Norimberga (1945-1946),Concetto,La responsabilità individuale nel diritto internazionale,Principio stabilito a Norimberga: gli individui possono essere giudicati per crimini internazionali anche se agivano per conto di uno Stato. «Obbedire agli ordini» non è una difesa ammissibile - principio fondante del diritto penale internazionale.
Il processo di Norimberga (1945-1946),Luogo / istituzione,La Corte penale internazionale (CPI),"Erede dei Principi di Norimberga, creata nel 2002 dallo Statuto di Roma per giudicare genocidio, crimini contro l'umanità e crimini di guerra. 124 paesi l'hanno ratificata, ma non gli Stati Uniti, la Russia né la Cina."
La decolonizzazione: panorama (1945-1975),Concetto,La Carta Atlantica (1941),"Dichiarazione congiunta Roosevelt-Churchill che afferma il diritto dei popoli all'autodeterminazione. Utilizzata dai movimenti indipendentisti come argomento contro i loro colonizzatori, creò una contraddizione ideologica che gli imperi non riuscirono a risolvere."
La decolonizzazione: panorama (1945-1975),Evento correlato,La conferenza di Bandung (1955),"Prima riunione dei paesi indipendenti dell'Asia e dell'Africa (29 nazioni), che afferma i principi di non allineamento e anticolonialismo. Segnò la nascita del «Terzo Mondo» come forza politica internazionale."
La decolonizzazione: panorama (1945-1975),Concetto,Il neocolonialismo,"Termine che descrive le forme di dominazione economica e politica esercitate dalle ex potenze coloniali sulle loro ex colonie formalmente indipendenti, attraverso le multinazionali, il debito e le basi militari."
L'apartheid e Mandela (1948-1994),Concetto,I bantustan,«Homelands» a cui i neri erano assegnati in base al loro gruppo etnico sotto l'apartheid. Questi territori non vitali rappresentavano il 13% del territorio sudafricano per l'80% della popolazione - una segregazione geografica totale.
L'apartheid e Mandela (1948-1994),Evento correlato,Il massacro di Sharpeville (marzo 1960),"La polizia aprì il fuoco su una manifestazione pacifica contro le leggi sul lasciapassare, uccidendo 69 persone. Lo shock mondiale portò al bando dell'ANC e spinse Mandela a creare il braccio armato della resistenza."
L'apartheid e Mandela (1948-1994),Concetto,La Commissione per la Verità e la Riconciliazione (CVR),"Istituita dopo il 1994, permetteva agli autori di crimini di apartheid di ottenere l'amnistia in cambio di una confessione pubblica completa. Presieduta da Desmond Tutu, scelse la riconciliazione nazionale piuttosto che i processi."
La Rivoluzione culturale in Cina (1966-1976),Concetto,Il Grande Balzo in Avanti (1958-1962),Programma di collettivizzazione forzata lanciato da Mao che causò la più grande carestia della storia umana: tra i 15 e i 55 milioni di morti. Il suo fallimento spiega l'emarginazione politica di Mao e il suo bisogno di riprendere il controllo tramite la Rivoluzione culturale.
La Rivoluzione culturale in Cina (1966-1976),Concetto,Le Guardie Rosse,"Giovantù rivoluzionarie mobilitate da Mao per attaccare le «quattro vecchiezze». Umiliarono milioni di professori, medici, intellettuali e quadri del Partito durante sessioni pubbliche di critica e di auto-confessione forzata."
La Rivoluzione culturale in Cina (1966-1976),Personaggio,Deng Xiaoping,"Epurato due volte durante la Rivoluzione culturale, divenne il vero leader della Cina dopo la morte di Mao (1976) e il padre delle riforme economiche. Il suo pragmatismo ha trasformato la Cina in una potenza mondiale."
La Shoah: meccanismi di un genocidio,Evento correlato,La conferenza di Wannsee (gennaio 1942),Riunione di 15 alti funzionari nazisti in cui fu pianificata e coordinata la «Soluzione finale»: lo sterminio sistematico degli ebrei d'Europa attraverso i campi della morte. Dimostrò che il genocidio era una decisione di Stato organizzata burocraticamente.
La Shoah: meccanismi di un genocidio,Concetto,Gli Einsatzgruppen,"Unità mobili di sterminio delle SS che seguirono l'esercito durante l'invasione dell'URSS. Fucilarono circa 1,5 milioni di ebrei sovietici. Il massacro di Babi Yar (33.771 morti in due giorni) ne è l'esempio più noto."
La Shoah: meccanismi di un genocidio,Concetto,La «banalità del male» (Hannah Arendt),Concetto della filosofa sviluppato durante il processo Eichmann: i peggiori crimini possono essere commessi da individui ordinari e burocratici che «fanno il proprio lavoro» senza riflettere sulle conseguenze morali dei loro atti.
L'11 settembre 2001,Riferimento storico,La guerra sovietico-afghana (1979-1989),"Gli Stati Uniti armarono i mujaheddin afghani per combattere i sovietici. Queste reti islamiste, in particolare quella di Bin Laden, formate e finanziate durante la Guerra fredda, divennero in seguito Al-Qaida."
L'11 settembre 2001,Luogo / istituzione,Al-Qaida,Organizzazione terroristica fondata da Osama Bin Laden nel 1988 per combattere i sovietici in Afghanistan. La sua visione: una guerra globale contro l'Occidente e i regimi arabi corrotti da esso sostenuti. L'11 settembre fu la sua più grande operazione.
L'11 settembre 2001,Evento correlato,La guerra d'Iraq (2003),"Invasione americana basata su false informazioni riguardanti armi di distruzione di massa. Ha destabilizzato il Medio Oriente, smantellato le strutture statali irachene e creato il vuoto in cui è emerso lo Stato Islamico (ISIS)."
La democrazia ateniese,Personaggio,Solone,"Uomo di Stato ateniese eletto arconte nel 594 a.C. per risolvere una crisi sociale. Annullò i debiti, abolì la schiavitù per debito e riorganizzò la città in base alla ricchezza piuttosto che alla nascita - primo passo verso la democrazia."
La democrazia ateniese,Personaggio,Clistene,"Riformatore ateniese (508-507 a.C.) considerato il vero fondatore della democrazia. Riorganizzò la città in 10 tribù geografiche miste, rompendo le solidarietà familiari tradizionali a favore della cittadinanza politica."
La democrazia ateniese,Concetto,L'ostracismo,"Procedura ateniese mediante la quale i cittadini potevano votare per esiliare per 10 anni un uomo giudicato pericoloso per la democrazia. I nomi venivano incisi su cocci di ceramica (ostrakon). Il suo obiettivo era preventivo, non punitivo."
La guerra di secessione americana (1861-1865),Evento correlato,Il Proclama di emancipazione (1° gennaio 1863),"Decreto di Lincoln che liberava gli schiavi negli Stati confederati. Trasformò la guerra in una crociata morale contro la schiavitù, impedì alla Gran Bretagna di riconoscere la Confederazione e aprì l'esercito ai soldati neri."
La guerra di secessione americana (1861-1865),Concetto,I diritti degli Stati vs il governo federale,Tensione fondamentale della politica americana: gli Stati del Sud rivendicavano il loro diritto di decidere autonomamente sulla schiavitù contro l'autorità federale. Questa questione ha strutturato la Costituzione americana e continua a definire il dibattito politico americano.
La guerra di secessione americana (1861-1865),Evento correlato,La Ricostruzione (1865-1877),Periodo del dopoguerra in cui gli Stati del Sud furono posti sotto controllo federale militare e furono instaurati i diritti civili degli ex schiavi. Il suo abbandono nel 1877 portò alle leggi Jim Crow che durarono fino agli anni '60.
Perché il cielo è blu?,Concetto,Lo scattering di Rayleigh,"Fenomeno per cui le piccole molecole dell'atmosfera diffondono le lunghezze d'onda corte (blu, viola) molto più di quelle lunghe (rosso). Descritto da Lord Rayleigh nel 1871, spiega anche perché i tramonti sono rossi e arancioni."
Perché il cielo è blu?,Concetto,Lo spettro visibile della luce,La luce bianca del sole è composta da tutti i colori dell'arcobaleno (da 380 nm per il violetto a 700 nm per il rosso). Ogni colore corrisponde a una lunghezza d'onda diversa che interagisce in modo differente con la materia.
Perché sogniamo?,Concetto,Il sonno REM,"Fase di sonno caratterizzata da movimenti rapidi degli occhi, una paralisi muscolare e un'attività cerebrale intensa vicina alla veglia. È la fase in cui si verifica la maggior parte dei sogni e dove il consolidamento della memoria è più attivo."
Perché sogniamo?,Concetto,La teoria freudiana dei sogni,"Per Freud (L'interpretazione dei sogni, 1900), i sogni esprimono desideri repressi in forma simbolica. Questa teoria è oggi ampiamente criticata dalle scienze, che attribuiscono loro piuttosto un ruolo di consolidamento mnemonico ed emotivo."
Perché il ghiaccio galleggia?,Concetto,I legami a idrogeno,"Forze di attrazione deboli tra molecole d'acqua, dovute alla polarità della molecola H₂O. Esse si stabiliscono in modo ordinato nel ghiaccio, creando una struttura cristallina aerata - più voluminosa dell'acqua liquida, e quindi meno densa."
Perché il ghiaccio galleggia?,Concetto,L'anomalia di dilatazione dell'acqua,"Contrariamente a quasi tutte le sostanze, l'acqua è più densa a 4°C che a 0°C. Raffreddandosi da 4°C a 0°C, si dilata. Questa anomalia è essenziale per la vita acquatica: il ghiaccio galleggia e isola l'acqua liquida sottostante."
Perché l'acqua di mare è salata?,Concetto,Il ciclo idrologico e l'accumulo di sali,"L'acqua evapora dagli oceani, lasciando indietro i sali. Essa ricade sotto forma di pioggia, dissolve i minerali dalle rocce e li trasporta verso gli oceani attraverso i fiumi. Questo processo di accumulo dura da 4 miliardi di anni."
Perché l'acqua di mare è salata?,Concetto,La circolazione termoalina,"Sistema globale di correnti oceaniche profonde guidato dalle differenze di temperatura e salinità. La salinità densa fa affondare l'acqua fredda, creando un «nastro trasportatore» che trasporta il calore intorno al globo e regola il clima."
Perché esistono le stagioni?,Concetto,"L'inclinazione assiale della Terra (23,5°)","L'asse terrestre inclinato di 23,5° rispetto al suo piano orbitale - e non la distanza dal Sole - causa le stagioni. La stessa inclinazione punta sempre verso la stella Polare, creando alternativamente solstizi ed equinozi."
Perché esistono le stagioni?,Concetto,Il perielio e l'afelio,"Punti dell'orbita più vicini (perielio, a gennaio) e più lontani (afelio, a luglio) dal Sole. La differenza di distanza è del 5%, troppo bassa per spiegare le stagioni. Paradossalmente, l'inverno boreale coincide con il perielio."
Come volano gli aerei?,Concetto,Il profilo aerodinamico,"Forma trasversale dell'ala, con faccia superiore curva e faccia inferiore più piatta. Questa asimmetria forza l'aria ad andare più veloce sopra che sotto, creando una differenza di pressione che genera la portanza."
Come volano gli aerei?,Concetto,La legge di Bernoulli,"In un fluido in movimento, là dove la velocità aumenta, la pressione diminuisce. L'aria che va più veloce sull'estradosso dell'ala esercita meno pressione che sull'intradosso, creando una «aspirazione» verso l'alto che solleva l'aereo."
Perché sbadigliamo?,Concetto,La termoregolazione cerebrale,Teoria attuale più seria: lo sbadiglio raffredderebbe il cervello inalando aria fresca e stirando i vasi cranici. Ciò spiegherebbe perché sbadigliamo di più quando la temperatura ambiente è elevata.
Perché sbadigliamo?,Concetto,I neuroni specchio e la contagiosità,"Lo sbadiglio contagioso è legato ai neuroni specchio che imitano i comportamenti osservati. Gli umani sono più sensibili agli sbadigli delle persone che conoscono, e i bambini autistici ne sono meno sensibili - prova di un legame con l'empatia."
Come funziona la memoria?,Concetto,L'ippocampo,"Struttura cerebrale a forma di cavalluccio marino nel lobo temporale, essenziale alla formazione di nuovi ricordi consci. La sua rimozione chirurgica (caso H.M.) comporta un'incapacità totale a formare nuovi ricordi, senza cancellare i vecchi."
Come funziona la memoria?,Concetto,La memoria di lavoro,"Sistema cognitivo che mantiene temporaneamente un piccolo numero di informazioni (7±2 elementi) disponibili per l'elaborazione in corso. Gestito dalla corteccia prefrontale, è limitato in capacità e durata (alcuni secondi senza ripetizione)."
Perché abbiamo i brividi?,Concetto,Il sistema nervoso simpatico,"Branca del sistema nervoso autonomo che prepara l'organismo all'azione («lotta o fuga»). Di fronte a una minaccia, scatena l'adrenalina, accelera il cuore, dilata le pupille e contrae i muscoli erettori dei peli - i brividi di paura."
Come fa il sapone a uccidere i virus?,Concetto,La molecola anfipartica del sapone,Molecola in cui un'estremità è idrofila (ama l'acqua) e l'altra idrofoba (ama i grassi). Questa doppia natura le permette di inserirsi nelle membrane lipidiche dei virus e di disintegrarli fisicamente.
Come fa il sapone a uccidere i virus?,Concetto,L'involucro lipidico dei virus,"Alcuni virus (coronavirus, influenza, HIV) sono circondati da una membrana grassosa. È il loro punto debole: il sapone la dissolve, distruggendo il virus. I virus senza involucro (norovirus, poliovirus) resistono meglio al sapone."
"La scoperta della penicillina (Fleming, 1928)",Personaggio,Howard Florey ed Ernst Boris Chain,"Ricercatori di Oxford che purificarono la penicillina a partire dal 1939 e la testarono sugli esseri umani nel 1941. Senza il loro lavoro, la scoperta di Fleming sarebbe rimasta una curiosità di laboratorio. Condivisero il Nobel 1945 con Fleming."
"La scoperta della penicillina (Fleming, 1928)",Concetto,La resistenza agli antibiotici,"Fenomeno evolutivo attraverso il quale i batteri sviluppano meccanismi per resistere agli antibiotici. Prevista da Fleming già nel 1945, uccide oggi 1,27 milioni di persone all'anno - una delle principali minacce sanitarie del XXI secolo."
La scoperta dell'elettricità e le sue applicazioni,Personaggio,Michael Faraday,Fisico britannico autodidatta che scoprì l'induzione elettromagnetica (1831): un campo magnetico variabile genera una corrente elettrica. Questo principio è alla base di tutti i generatori e trasformatori elettrici moderni.
La scoperta dell'elettricità e le sue applicazioni,Evento correlato,La guerra delle correnti (Edison vs Tesla),"Edison difendeva la corrente continua (CC), Tesla e Westinghouse la corrente alternata (CA). La CA vinse perché può essere trasportata su lunghe distanze. Edison organizzò elettrocuzioni pubbliche di animali per dimostrare la «pericolosità» della CA."
"La scoperta dei raggi X (Röntgen, 1895)",Concetto,La radioattività e i rischi precoci,Röntgen e i suoi primi utilizzatori ignoravano i pericoli dei raggi X. Alcuni medici svilupparono tumori dopo anni di esposizione. Marie Curie stessa morì di un'aplasia midollare causata dai suoi anni di contatto con materiali radioattivi.
"La scoperta dei raggi X (Röntgen, 1895)",Evento correlato,Le «piccole Curie» durante la prima guerra mondiale,"Marie Curie equipaggiò 20 camion di radiografia mobile che percorsero il fronte francese, salvando innumerevoli vite permettendo di localizzare i proiettili senza chirurgia esplorativa. Questi veicoli furono soprannominati «petites Curies»."
La scoperta del microonde (per caso),Personaggio,Percy Spencer,"Ingegnere autodidatta presso Raytheon, orfano a 18 mesi, senza diploma. La sua curiosità lo portò a testare i magnetron sui cibi dopo aver sentito il suo cioccolato fondersi. Depositò diverse centinaia di brevetti nel corso della sua carriera."
"La teoria della gravitazione (Newton, 1687)",Personaggio,Johannes Kepler,"Astronomo (1571-1630) che stabilì empiricamente le tre leggi del movimento planetario: orbite ellittiche, aree uguali, Periodo al Quadrato proporzionale al semiasse maggiore. Newton costruì la sua Legge di gravitazione fornendone la spiegazione teorica unificatrice."
"La teoria della gravitazione (Newton, 1687)",Concetto,La gravitazione relativistica (Einstein),"La Relatività generale (1915) superò Newton: la gravità non è una forza ma una curvatura dello spazio-tempo causata dalla massa. Essa predice fenomeni che Newton non può spiegare: precessione di Mercurio, deviazione della luce, onde gravitazionali."
La scoperta della radioattività (Marie Curie),Personaggio,Henri Becquerel,Fisico francese che scoprì la radioattività nel 1896 quasi per caso: dei sali d'uranio avevano impresso una lastra fotografica attraverso della carta nera. Condivise il Nobel 1903 con i Curie.
La scoperta della radioattività (Marie Curie),Concetto,Il decadimento radioattivo,"Fenomeno spontaneo attraverso il quale un nucleo atomico instabile si trasforma emettendo particelle (alfa, beta) o radiazioni (gamma). Marie Curie capì che la radioattività era una proprietà dell'atomo stesso, non una reazione chimica."
L'invenzione di Internet,Concetto,Il protocollo TCP/IP,"Insieme di regole che definiscono come i dati vengono suddivisi in pacchetti, indirizzati, trasmessi e riassemblati. Inventato da Cerf e Kahn (1974), è il «linguaggio universale» che permette a reti eterogenee di comunicare tra loro."
L'invenzione di Internet,Evento correlato,Il lancio dello Sputnik (1957),"Primo satellite artificiale sovietico, il suo lancio creò un'onda d'urto negli Stati Uniti. Questo timore portò alla creazione dell'ARPA e, indirettamente, di ARPANET - antenato di Internet -, per mantenere comunicazioni decentralizzate in caso di attacco nucleare."
"La struttura del DNA (Watson & Crick, 1953)",Personaggio,Rosalind Franklin,"Cristallografa la cui foto 51 (cliché di diffrazione a raggi X del DNA) fu trasmessa a Watson e Crick senza il suo consenso. Aveva compreso la struttura elicoidale ma i dati le furono «presi in prestito». Morta nel 1958, non poté ricevere il Nobel del 1962."
"La struttura del DNA (Watson & Crick, 1953)",Concetto,La replicazione del DNA,Processo mediante il quale la doppia elica si srotola e ogni filamento funge da stampo per la sintesi di un filamento complementare. Questo meccanismo garantisce la trasmissione fedele dell'informazione genetica durante ogni divisione cellulare.
La scoperta dell'anestesia,Personaggio,William Morton,Dentista americano che realizzò la prima dimostrazione pubblica dell'anestesia con etere nel 1846. Tentò di brevettarla sotto un nome in codice ma il procedimento era troppo semplice - si diffuse liberamente in tutto il mondo in pochi mesi.
La scoperta dell'anestesia,Concetto,L'antisepsi (Semmelweis e Lister),"Ancor prima dell'anestesia, le infezioni post-operatorie uccidevano i pazienti. Semmelweis (1847) e poi Lister (1867) imposero l'igiene: lavaggio delle mani, strumenti sterilizzati. Queste due rivoluzioni - anestesia e antisepsi - trasformarono la chirurgia."
La teoria dell'evoluzione di Darwin (1859),Personaggio,Alfred Russel Wallace,Naturalista che sviluppò indipendentemente una teoria identica a Darwin nel 1858. La sua lettera precipitò la pubblicazione de L'origine delle specie. La loro presentazione congiunta alla Linnean Society stabilì la loro priorità condivisa - Wallace è spesso dimenticato.
La teoria dell'evoluzione di Darwin (1859),Concetto,La selezione naturale,"Meccanismo darwiniano: gli individui portatori di variazioni vantaggiose sopravvivono e si riproducono meglio, trasmettendo questi caratteri alla loro discendenza. Nel corso di millenni, questo processo crea adattamenti e nuove specie."
Il Big Bang,Concetto,La radiazione cosmica di fondo (CMB),"Radiazione fossile emessa 380.000 anni dopo il **Big Bang**, quando l'universo si raffreddò a sufficienza. Rilevata da Penzias e Wilson nel 1965 (Nobel 1978), è una delle prove più dirette del **Big Bang** - una sorta di «eco» della nascita dell'universo."
Il Big Bang,Concetto,L'espansione accelerata dell'universo,"Scoperta nel 1998, l'espansione dell'universo accelera invece di rallentare. Questa accelerazione è attribuita all'«**energia oscura**» (68% del contenuto totale dell'universo), che rimane totalmente incompresa dalla fisica attuale."
Perché i vulcani eruttano?,Concetto,La tettonica delle placche,"**Teoria** stabilita negli anni '60: la superficie terrestre è divisa in placche rigide che si muovono. I vulcani si formano ai confini delle placche (zone di **subduzione**, **dorsali**) o sopra punti caldi come le Hawaii."
Perché i vulcani eruttano?,Concetto,La subduzione,"Processo attraverso il quale una placca oceanica sprofonda sotto una placca continentale più leggera. Scendendo, essa fonde e genera del **magma** che risale in superficie. La «cintura di fuoco» del Pacifico risulta dalla **subduzione** tutto intorno all'oceano."
Come si formano i terremoti?,Concetto,La faglia di Sant'Andrea,Faglia di 1.300 km che attraversa la California: la placca Pacifico scivola verso nord-ovest rispetto alla placca nordamericana a 6 cm/anno. Los Angeles si avvicina a San Francisco - saranno vicine tra 15 milioni di anni.
Come si formano i terremoti?,Concetto,La scala di magnitudo (Richter/Momento),"Misura logaritmica dell'energia liberata da un sisma. Ogni grado rappresenta un'energia 31,6 volte superiore: un sisma di **scala di magnitudo** 8 libera 1.000 volte più energia di un 6."
Il disastro di Černobyl' (1986),Concetto,Il reattore RBMK sovietico,"Reattore nucleare raffreddato ad acqua e moderato a grafite. La sua progettazione comportava un difetto fatale: a bassa potenza, diventava instabile e poteva sfuggire al controllo. Questo difetto, noto agli ingegneri sovietici, fu nascosto per ragioni ideologiche."
Il disastro di Černobyl' (1986),Concetto,La zona di esclusione di 30 km,"Zona evacuata d'urgenza dopo l'incidente. Paradossalmente, 40 anni dopo, è diventata una delle più importanti riserve naturali d'Europa: l'assenza totale di attività umana giova alla fauna nonostante la contaminazione residua."
Perché la Luna non cade sulla Terra?,Concetto,La gravitazione universale di Newton,"Ogni massa attrae ogni altra massa, con una forza inversamente proporzionale al **Quadrato** della distanza. La stessa forza spiega la caduta della mela e l'orbita della Luna - **Newton** unificò per la prima volta la fisica terrestre e quella celeste."
Perché la Luna non cade sulla Terra?,Concetto,Le forze marea,"La gravità lunare essendo più forte sul lato della Terra che le sta di fronte, crea maree oceaniche. Conversamente, la Terra ha frenato la rotazione lunare fino alla sincronizzazione - ecco perché vediamo sempre la stessa faccia della Luna."
C'è vita altrove nell'Universo?,Concetto,La zona abitabile (zona Riccioli d'oro),"Regione intorno a una stella dove la temperatura permette all'acqua di esistere allo stato liquido sulla superficie di un pianeta. Né troppo vicina né troppo lontana - «come Riccioli d'oro». Il nostro sistema solare ne conta tre pianeti potenziali: Venere, Terra, Marte."
C'è vita altrove nell'Universo?,Concetto,L'equazione di Drake,"Formula probabilistica di Frank Drake (1961) per stimare il numero di civiltà comunicanti nella nostra galassia. Moltiplica vari fattori (stelle, pianeti abitabili, durata delle civiltà...) - tutti valori molto incerti, rendendo l'equazione più filosofica che scientifica."
Cos'è un buco nero?,Concetto,L'orizzonte degli eventi,"«Confine» di un buco nero oltre il quale nulla può tornare indietro, nemmeno la luce. Non è una superficie fisica ma un limite matematico: la velocità necessaria per sfuggire supera quella della luce."
Cos'è un buco nero?,Concetto,La singolarità gravitazionale,Punto al centro di un buco nero dove la densità diventa teoricamente infinita. Le equazioni della fisica conosciuta smettono di funzionarvi - una teoria quantica della gravità (non ancora sviluppata) sarebbe necessaria per descrivere ciò che vi accade.
La teoria della relatività per tutti,Concetto,E=mc²,"Equivalenza tra massa ed energia: una piccola massa corrisponde a un'energia enorme, amplificata dal **Quadrato** della velocità della luce (300.000 km/s). È il principio della bomba atomica e dell'energia nucleare."
La teoria della relatività per tutti,Concetto,La dilatazione del tempo,"Il tempo scorre più lentamente per un **Oggetto** in **Movimento** rapido o in un campo gravitazionale intenso. I GPS correggono questa **dilatazione del tempo** (45 microsecondi al giorno) - senza questa correzione, la loro precisione degraderebbe di 11 km al giorno."
Come si formano i fulmini?,Concetto,La separazione delle cariche nei cumulonembi,"Nelle nubi temporalesche, le correnti ascensionali fanno salire cristalli di ghiaccio e scendere gocce pesanti. Il loro sfregamento crea una **separazione delle cariche** con una differenza di potenziale da 100 a 300 milioni di volt tra la base della nube e il suolo."
Come si formano i fulmini?,Concetto,L'ionizzazione dell'aria,"Affinché si formi un fulmine, il campo elettrico deve essere abbastanza intenso da strappare elettroni alle molecole d'aria, rendendola conduttrice. Questa **ionizzazione dell'aria** crea un canale in pochi microsecondi, riscaldato a 30.000°C - cinque volte la superficie del Sole."
Come funziona un vaccino?,Concetto,I linfociti B e gli anticorpi,"Globuli bianchi che producono anticorpi - proteine capaci di riconoscere e neutralizzare un patogeno specifico. Dopo una vaccinazione, una parte dei **linfociti B** diventa «cellule di memoria» che persistono talvolta per tutta la vita."
Come funziona un vaccino?,Concetto,L'immunità di gregge,"Quando una proporzione sufficiente della popolazione è immunizzata, il patogeno non può più diffondersi e protegge indirettamente le persone non immunizzate. La soglia varia dall'80% al 95% a seconda della malattia."
Cos'è l'effetto serra (davvero)?,Concetto,I gas a effetto serra (GES),"Gaz che assorbono la radiazione infrarossa emessa dalla Terra e la riemettono, riscaldando l'atmosfera. I principali **gas a effetto serra**: vapore acqueo (naturale), CO₂, metano (CH₄, 80 volte più potente della CO₂ in 20 anni) e N₂O."
Cos'è l'effetto serra (davvero)?,Concetto,L'albedo terrestre,"Capacità di una superficie di riflettere la radiazione solare. Il ghiaccio e la neve hanno un **albedo** elevato (riflettono molto), gli oceani un **albedo** basso (assorbono di più). La fusione dei ghiacci riduce l'**albedo terrestre** globale, accelerando il riscaldamento."
Perché dormiamo?,Concetto,Il sistema glinfatico,"Rete di canali cerebrali che si apre durante il sonno profondo per drenare i rifiuti metabolici del cervello, in particolare le proteine beta-amiloidi legate alla malattia di Alzheimer. La mancanza di sonno cronica è correlata a un rischio maggiore di demenza."
Perché dormiamo?,Concetto,I ritmi circadiani e la melatonina,"Orologio interno impostato su 24 ore, regolato dal nucleo soprachiasmatico del cervello. La melatonina, prodotta di notte, segnala che è ora di dormire. La luce artificiale notturna disturba questo ritmo e peggiora la qualità del sonno."
In che modo il cervello immagazzina i ricordi?,Concetto,Il potenziamento a lungo termine (LTP),"Rafforzamento duraturo delle sinapsi tra neuroni che si attivano insieme: «neurons that fire together, wire together». È il meccanismo molecolare dell'apprendimento, che coinvolge in particolare il recettore NMDA."
In che modo il cervello immagazzina i ricordi?,Concetto,La memoria procedurale,Forma di memoria automatica che permette di imparare gesti e competenze motorie senza uno sforzo consapevole di richiamo.
Perché alcune specie sono immortali?,Concetto,I telomeri,"Sequenze ripetute di DNA alle estremità dei cromosomi, che si accorciano a ogni divisione cellulare. Quando sono troppo corti, la cellula smette di dividersi e muore. La telomerasi può allungarli - le cellule cancerose la usano per diventare «immortali»."
Perché alcune specie sono immortali?,Personaggio,Turritopsis dohrnii (medusa immortale),Minuscola medusa capace di tornare al suo stadio di polipo giovanile dopo lo stadio adulto - e di ricominciare all'infinito. Questo processo di transdifferenziazione cellulare è unico e ispira la ricerca sulla riprogrammazione cellulare.
La fotosintesi spiegata in modo semplice,Concetto,La clorofilla,"Pigmento verde contenuto nei cloroplasti. Assorbe la luce rossa e blu (riflettendo il verde, da cui il colore delle piante) per alimentare la fase luminosa della fotosintesi."
La fotosintesi spiegata in modo semplice,Concetto,Il ciclo di Calvin,"Fase ""oscura"" della fotosintesi, che si svolge nello stroma dei cloroplasti. Utilizza l'ATP prodotto nella fase luminosa per ridurre il CO₂ atmosferico in glucosio - la reazione centrale della nutrizione delle piante."
Perché le foglie cambiano colore?,Concetto,Le antocianine,"Pigmenti rossi e viola sintetizzati in autunno nelle foglie. Contrariamente ai carotenoidi già presenti, gli antociani sono di nuova produzione. Il loro ruolo probabile: proteggere la foglia durante il recupero dei nutrienti prima della caduta."
Perché le foglie cambiano colore?,Concetto,La zona di separazione (abscissione),"Strato di cellule che si forma alla base del picciolo in autunno, bloccando la circolazione dei nutrienti. In risposta all'accorciarsi delle giornate, si sviluppa progressivamente fino a far cadere la foglia."
Cos'è la materia oscura?,Concetto,La curva di rotazione delle galassie,"Misura della velocità delle stelle a diverse distanze dal centro. Secondo Newton, le stelle periferiche dovrebbero ruotare più lentamente. Invece, ruotano alla stessa velocità - prova di una massa invisibile che ""incolla"" le stelle."
Cos'è la materia oscura?,Concetto,L'energia oscura,"Forza misteriosa responsabile dell'accelerazione dell'espansione dell'universo, che rappresenta il 68% del suo contenuto totale. Distinta dalla materia oscura (27%), agisce come un'energia repulsiva del vuoto, ancora totalmente incompresa."
Come funziona l'elettricità nel nostro corpo?,Concetto,Il potenziale d'azione neuronale,"Segnale elettrico tutto-o-niente innescato quando la depolarizzazione di un neurone supera una soglia. Si propaga lungo l'assone da 1 a 100 m/s a seconda della mielinizzazione. È il ""clic"" di informazione che il neurone invia."
Come funziona l'elettricità nel nostro corpo?,Concetto,I neurotrasmettitori,"Molecole chimiche rilasciate nella sinapsi che trasmettono il segnale tra i neuroni. I principali: glutammato (eccitatorio), GABA (inibitorio), dopamina, serotonina. I farmaci psicoattivi agiscono su questi sistemi."
Perché alcuni suoni ci fanno venire i brividi?,Concetto,La violazione delle aspettative musicali,"Meccanismo chiave dei brividi: il cervello anticipa costantemente il seguito di una melodia. Quando questa aspettativa viene violata in modo soddisfacente (accordo inaspettato, ascesa improvvisa), si verifica una scarica emotiva."
Perché alcuni suoni ci fanno venire i brividi?,Concetto,L'apertura all'esperienza (personalità),Tratto di personalità associato alla curiosità e all'apprezzamento della bellezza. Le persone molto «aperte» hanno una corteccia uditiva più connessa alle zone emotive e sono significativamente più inclini a provare brividi musicali.
Perché le stagioni esistono su altri pianeti?,Concetto,"L'inclinazione assiale di Urano (97,8°)","L'asse di Urano è quasi disteso sul suo piano orbitale. Ogni polo riceve circa 42 anni di sole continuo poi 42 anni di oscurità totale - stagioni estreme e di lunghissima durata, senza equivalenti nel nostro sistema solare."
Perché le stagioni esistono su altri pianeti?,Concetto,L'eccentricità orbitale di Marte,"L'orbita di Marte è nettamente più ellittica di quella della Terra: la distanza Sole-Marte varia da 207 a 249 milioni di km. L'emisfero sud marziano ha estati brevi e calde, inverni lunghi e freddi - molto più marcati che qui."
"Odissea, Omero",Concetto,La questione omerica,L'Iliade e l'Odissea furono composte da un unico poeta di nome Omero o sono il risultato di una lunga tradizione orale collettiva? La maggior parte dei ricercatori pensa oggi a uno o due autori che hanno fissato una tradizione più antica.
"Odissea, Omero",Concetto,La formula omerica e l'epica orale,"Le epopee omeriche furono composte oralmente prima di essere scritte. Le formule ripetute («Aurora dalle dita di rosa», «Ulisse dalle mille astuzie») facilitavano la memorizzazione e la composizione improvvisata - una tecnica studiata da Milman Parry nel XX secolo."
"Iliade, Omero",Concetto,La mênis (ira) nella cultura greca,"L'ira di Achille non è una semplice emozione: è una potenza quasi cosmica. La prima parola dell'Iliade, «Mênis», annuncia questo tema centrale. Questa collera divina, che esige riparazione, destabilizza l'ordine del mondo."
"Iliade, Omero",Concetto,L'aristia omerica,Genere letterario dell'epopea: una lunga sequenza in cui un eroe compie imprese sovrumane. Ogni grande guerriero dell'Iliade ha la sua aristia. Questi passages permettevano di sviluppare il carattere dell'eroe e di legare la sua stirpe agli dei.
"Edipo Re, Sofocle",Concetto,Il destino e il libero arbitrio nella tragedia greca,La tragedia esplora la tensione tra il destino inevitabile (predetto dagli oracoli) e le scelte umane. Edipo compie la sua destinazione tragica precisamente tentando di sfuggirle: un paradosso al cuore della condizione umana secondo i Greci.
"Edipo Re, Sofocle",Concetto,Il complesso di Edipo (Freud),"Freud prese in prestito il mito di Edipo per nominare il desiderio inconscio del bambino per il genitore di sesso opposto. Questo concetto psicoanalitico centrale ha molto poco a che vedere con la riflessione di Sofocle, che trattava del destino e del libero arbitrio."
"Antigone, Sofocle",Concetto,Il diritto naturale vs il diritto positivo,"Tensione al cuore di Antigone: la legge divina e morale (seppellire i morti) contro la legge umana di Creonte. Questo conflitto attraversa tutta la filosofia politica, da Platone a Rousseau e ai teorici dei diritti naturali moderni."
"Antigone, Sofocle",Concetto,L'hybris nella tragedia greca,"L'hybris (dismisura, orgoglio eccessivo) è il peccato tragico greco per eccellenza. Creonte commette l'hybris credendo che la sua legge prevalga su quella degli dei; perderà tutto ciò che amava come punizione per questa presunzione."
"Il Simposio, Platone",Concetto,L'eros platonico,"Platone distingue l'amore fisico e l'amore spirituale che aspira alla Bellezza assoluta. Il discorso di Diotima descrive una «scala dell'amore»: partire da un bel corpo, poi amare la bellezza delle anime, fino alla Bellezza-in-sé ideale."
"Il Simposio, Platone",Concetto,Il symposion ateniese,"Banchetto greco maschile che seguiva la cena, combinando il consumo di vino diluito e discussioni intellettuali. Le donne rispettabili ne erano escluse. È in questa cornice che si sviluppava gran parte della filosofia ateniese."
"La Repubblica, Platone",Concetto,La teoria delle Idee di Platone,Le realtà sensibili sono copie imperfette di Idee perfette ed eterne. La filosofia è lo sforzo per contemplare queste Idee. L'allegoria della caverna illustra questa distinzione fondamentale tra apparenze e realtà vera.
"La Repubblica, Platone",Concetto,I filosofi-re,"Solo il filosofo — colui che ha contemplato l'Idea del Bene — è atto a governare, secondo Platone. La sua città ideale è una meritocrazia intellettuale radicale, molto lontana dalla democrazia ateniese che egli disprezzava profondamente."
"L'Apologia di Socrate, Platone",Concetto,La maieutica socratica,Metodo d'insegnamento di Socrate attraverso l'interrogazione: porre domande per portare l'interlocutore a scoprire da solo la verità. Socrate si paragonava a un'ostetrica che aiuta a «partorire» idee già latenti nella mente.
"L'Apologia di Socrate, Platone",Concetto,«So di non sapere»,"L'oracolo di Delfi dice che Socrate è il più saggio degli Ateniesi. Socrate ne conclude che è perché lui solo sa di non sapere nulla, mentre gli altri credono di sapere senza averlo verificato. Questa umiltà fonda ogni approccio filosofico."
"La Poetica, Aristotele",Concetto,La catarsi,"Termine chiave di Aristotele: la tragedia provoca pietà e terrore che compiono una «purificazione» di queste emozioni nello spettatore. Dibattito di 2.500 anni: purga emozionale, chiarificazione intellettuale o piacere estetico?"
"La Poetica, Aristotele",Concetto,La mimesi aristotelica,"Per Aristotele, l'arte è imitazione (mimesi) migliorata della natura - un'imitazione selettiva che mostra le cose non come sono ma come potrebbero essere. Contrariamente a Platone, egli vi vede un valore positivo."
"Le opere e i giorni, Esiodo",Concetto,Le cinque età dell'essere umano (Esiodo),"Esiodo descrive cinque ere successive dell'umanità, ciascuna peggiore della precedente: età dell'oro, d'argento, di bronzo, degli eroi e di ferro (la nostra). È una delle prime visioni pessimistiche del corso della storia umana."
"Le opere e i giorni, Esiodo",Riferimento storico,La Teogonia di Esiodo,"L'altro grande poema di Esiodo, che racconta la genealogia degli dei greci dal Caos originario. Queste due opere, con Omero, costituiscono i testi fondatori della religione e della mitologia greca."
"Medea, Euripide",Concetto,La figura dello straniero nella tragedia greca,"Medea è una barbara (di Colchide), una maga, una donna - tripla alterità nella città greca. Euripide utilizza questo personaggio esterno per criticare i valori ateniesi sulla donna, il matrimonio e la legge."
"Medea, Euripide",Concetto,La vendetta e l'onore nel mondo greco,"L'onore (timè) era un valore fondamentale in Grecia. Un tradimento esigeva riparazione. Medea non può accettare il disonore di essere ripudiata: la sua vendetta segue una logica di reciprocità che, spinta all'estremo, diventa mostruosa."
"I miserabili, Victor Hugo",Concetto,Il bagno penale e il sistema penale nel XIX secolo,"I bagni penali di Tolone, Brest e Rochefort erano luoghi di lavori forzati dove i condannati subivano condizioni di vita disumanizzanti, illustrando la severità di una giustizia che criminalizzava la povertà."
"I miserabili, Victor Hugo",Personaggio,L'ispettore Javert,"Poliziotto incorruttibile e legalista che dà la caccia a Valjean per tutta la vita. Nato in prigione da madre prostituta, ha fatto della Legge la sua unica religione. Rappresenta il rigore cieco di una giustizia senza misericordia né possibilità di redenzione."
"Madame Bovary, Flaubert",Concetto,Il bovarismo,"Stato di insoddisfazione cronica nato dalla sproporzione tra i sogni alimentati dall'immaginario (letture, fantasie) e la realtà vissuta."
"Madame Bovary, Flaubert",Concetto,Il discorso indiretto libero,"Tecnica narrativa che permette di riportare le parole o i pensieri di un personaggio allo stile indiretto ma senza verbo introduttivo, creando una confusione tra il narratore e il personaggio."
"Il rosso e il nero, Stendhal",Concetto,Il simbolismo di Il rosso e il nero,Dibattuto fin dal 1830: il rosso simboleggerebbe l'esercito napoleonico (via del successo) e il nero l'abito sacerdotale (l'altra via sotto la Restaurazione). Julien Sorel naviga tra questi due cammini - nessuno dei due gli si addice veramente.
"Il rosso e il nero, Stendhal",Riferimento storico,La Restaurazione francese (1815-1830),"Periodo in cui i Borbone furono restaurati sul trono dopo Waterloo. La società era dominata dalla nobiltà e dalla Chiesa, ostile ai valori rivoluzionari. Stendhal vi vedeva una società di ipocrisia e di mediocrità provinciale."
"Candido, Voltaire",Concetto,L'ottimismo di Leibniz,"Filosofia secondo la quale Dio ha creato il migliore dei mondi possibili e che il male apparente serve un bene superiore. Voltaire scrive Candido in risposta, in particolare al terremoto di Lisbona (1755) che uccise 60.000 persone in pochi minuti."
"Candido, Voltaire",Concetto,L'Illuminismo,"Movimento intellettuale del XVIII secolo fondato sulla ragione, sulla critica dei pregiudizi e sul progresso. Voltaire, Rousseau, Diderot, Hume, Kant misero in discussione l'autorità religiosa e politica - preparando intellettualmente le rivoluzioni a venire."
"Le confessioni, Rousseau",Concetto,Il rousseauismo e il «buon selvaggio»,"Rousseau postulava che l'uomo è naturalmente buono e che è la società a corromperlo. Questa idea, opposta a Hobbes, influenzò profondamente la Rivoluzione francese e il romanticismo."
"Le confessioni, Rousseau",Personaggio,Mme de Warens,"Donna della nobiltà savoiarda che accolse il giovane Rousseau a 16 anni, lo convertì al cattolicesimo e divenne la sua protettrice, poi la sua amante. Rousseau la chiama «Maman» nelle Confessioni, mescolando affetto filiale e relazione amorosa."
"L'étranger (Lo straniero), Camus",Concetto,L'assurdo in Camus,"Sentimento nato dallo scontro tra il desiderio umano di senso e il silenzio dell'universo. Camus non vede l'assurdo come una verità cosmica ma come un'esperienza vissuta - la risposta non è il suicidio, ma la rivolta lucida e consapevole."
"L'étranger (Lo straniero), Camus",Riferimento storico,L'Algeria coloniale come contesto,Lo straniero è ambientato nell'Algeria francese degli anni '40. L'arabo che Meursault uccide rimane senza nome nel romanzo - critica postcoloniale rilevante: il romanzo riprodurrebbe l'invisibilità degli arabi nella letteratura coloniale francese.
"Il mito di Sisifo, Camus",Concetto,La rivolta assurda,"Atteggiamento che consiste nel vivere al massimo della propria consapevolezza rifiutando ogni speranza di senso trascendente, trasformando così la finitudine in libertà."
"Il mito di Sisifo, Camus",Concetto,Il «salto» filosofico (Kierkegaard),Camus critica il «salto» che compiono alcuni filosofi di fronte all'assurdo: saltare nella fede (Kierkegaard) o nella speranza rivoluzionaria (Marx). Questi «suicidi filosofici» evitano l'assurdo invece di affrontarlo onestamente.
"Alla ricerca del tempo perduto, Proust",Concetto,La memoria involontaria,"Un ricordo scatenato improvvisamente da una sensazione (gusto, odore) resuscita un passato vissuto nella sua interezza affettiva, a differenza della memoria volontaria, fredda e intellettuale. La madeleine ne è l'esempio canonico."
"Alla ricerca del tempo perduto, Proust",Concetto,Il tempo ritrovato attraverso l'arte,"Nell'ultimo volume, il narratore comprende che solo l'arte può strappare i momenti vissuti alla distruzione del tempo. La letteratura può restituire il passato - è la giustificazione di tutta la Ricerca e la sua rivelazione finale."
"Papà Goriot, Balzac",Concetto,La Commedia umana di Balzac,Progetto di 90 romanzi e novelle interconnessi che descrivono la totalità della società francese. I personaggi ritornano da un romanzo all'altro - innovazione allora inedita. Rastignac appare in una ventina di opere del ciclo.
"Papà Goriot, Balzac",Personaggio,Vautrin (Jacques Collin),"Galeotto evaso e genio del crimine, è il mentore cinico di Rastignac. Personaggio ricorrente della Commedia umana, rappresenta la società fuori legge - potente, lucida e senza illusioni sul mondo rispettabile."
"I Fiori del Male, Baudelaire",Concetto,Il simbolismo e l'eredità di Baudelaire,"Baudelaire è il padre del simbolismo: cercava non di descrivere il reale ma di suggerire corrispondenze segrete tra sensazioni, emozioni e idee. Verlaine, Rimbaud e Mallarmé, poi tutto il XX secolo poetico, si richiamano a lui."
"I Fiori del Male, Baudelaire",Concetto,Lo «spleen» baudelairiano,"Noia cosmica, sentimento dell'inanità del mondo, incapacità di trovare senso o gioia - di fronte a un ideale inaccessibile. Lo spleen e l'ideale sono i due poli opposti tra i quali oscilla tutta la poetica de I Fiori del Male."
"1984, George Orwell",Concetto,La neolingua (Newspeak),"Lingua ufficiale di Oceania il cui obiettivo è rendere il pensiero dissidente impossibile eliminando le parole che permetterebbero di formularlo. Più il vocabolario si riduce, più le idee complesse diventano impensabili."
"1984, George Orwell",Riferimento storico,Il totalitarismo sovietico come modello,Orwell aveva osservato lo stalinisme in Spagna durante la guerra civile e vissuto il blitz a Londra. 1984 s'ispira a Staline ma incarna un totalitarismo universale: la pretesa di controllare non solo i corpi ma la realtà stessa («2+2=5»).
"La fattoria degli animali, George Orwell",Concetto,L'allegoria della Rivoluzione russa,"Vecchio Maggiore = Marx/Lenin, Napoleone = Stalin, Palla di Neve = Trockij, Clarinetto = la propaganda. I comandamenti progressivamente modificati illustrano il tradimento degli ideali rivoluzionari da parte della burocrazia al potere."
"La fattoria degli animali, George Orwell",Concetto,Lo stalinismo,"Regime sovietico sotto Stalin (1924-1953): culto della personalità, terrore politico (Gulag, grandi purghe), economia pianificata, collettivizzazione forzata. La Fattoria fu scritta nel 1943-1944, mentre l'URSS era alleata della Gran Bretagna."
"Amleto, Shakespeare",Concetto,La vendetta e l'onore elisabettiano,La vendetta è un tema centrale del teatro elisabettiano. Un uomo d'onore doveva vendicare l'offesa alla sua famiglia - ma questo dovere entrava in conflitto con la legge e la morale cristiana. Questo paradosso alimenta l'esitazione fondamentale di Amleto.
"Amleto, Shakespeare",Concetto,La malinconia nel XVI secolo,"Al tempo di Shakespeare, la malinconia era un «umore» medico (bile nera) associato alle persone di spirito, alla creatività e all'inazione. L'esitazione di Amleto corrisponde a questa diagnosi medica dell'epoca, che spiega la sua incapacità di agire."
"Romeo e Giulietta, Shakespeare",Concetto,L'amor cortese medievale,Tradizione letteraria che glorifica l'amore segreto e sofferente di un cavaliere per una dama (spesso sposata). Romeo inizia l'opera in questo ruolo stereotipato (innamorato di Rosalinda) prima che il suo amore per Giulietta diventi reale e tragico.
"Romeo e Giulietta, Shakespeare",Riferimento storico,La fonte italiana del racconto,"Romeo e Giulietta si basa su una novella di Matteo Bandello (1554), a sua volta ispirata a racconti precedenti. Shakespeare l'adattò restringendo il tempo (da mesi a pochi giorni) per intensificare la fatalità della tragedia."
"Il mondo nuovo, Aldous Huxley",Concetto,Il fordismo e il taylorismo,Metodi di organizzazione industriale che razionalizzarono la produzione attraverso l'estrema divisione dei compiti e la catena di montaggio. Huxley li applica alla riproduzione e al condizionamento umani - Ford è la divinità del romanzo.
"Il mondo nuovo, Aldous Huxley",Concetto,Il soma,Droga fittizia del romanzo che apporta felicità e oblio senza effetti collaterali. Simboleggia tutte le forme di dipendenza chimica o tecnologica che permettono agli individui di sopportare un'esistenza priva di senso - anticipazione dei social network.
"Frankenstein, Mary Shelley",Concetto,La responsabilità del creatore (Prometeo moderno),"Sottotitolo del romanzo: «Il Prometeo moderno». Victor Frankenstein crea qualcosa di straordinario senza accettarne le conseguenze. Il vero mostro potrebbe non essere la creatura, ma il suo creatore che la abbandona fin dalla nascita."
"Frankenstein, Mary Shelley",Evento correlato,L'«anno senza estate» (1816),"L'eruzione del Tambora nel 1815 proiettò ceneri che oscurarono l'atmosfera mondiale, causando un'estate glaciale in Europa nel 1816. È in questo contesto apocalittico che Mary Shelley (18 anni) scrisse Frankenstein durante un soggiorno sulle rive del lago Lemano."
"Delitto e castigo, Dostoevskij",Concetto,Il nichilismo russo degli anni 1860,Movimento intellettuale che rifiuta ogni autorità morale e religiosa in nome della ragione e della scienza. Nichilisti reali assassinarono lo zar Alessandro II nel 1881. Raskol'nikov incarna una versione tragica e individualizzata di questa ideologia.
"Delitto e castigo, Dostoevskij",Concetto,La redenzione attraverso la sofferenza,"Tema centrale di Dostoevskij: sono la sofferenza accettata e l'umiliazione volontaria a purificare l'anima. Raskol'nikov guarirà non attraverso la ragione, ma attraverso la confessione umiliante e l'amore di Sonja, figura del sacrificio cristico."
"Il processo, Kafka",Concetto,Il kafkiano,"Aggettivo entrato in tutte le lingue per descrivere una situazione burocratica assurda in cui un individuo è schiacciato da un sistema impersonale e incomprensibile, senza alcuna possibilità di ricorso. Spesso precede la conoscenza del romanzo stesso."
"Il processo, Kafka",Concetto,La colpa esistenziale,"Josef K. è forse colpevole semplicemente di esistere, in un mondo le cui regole sono incomprensibili. Questa lettura esistenziale di Kafka ha influenzato Sartre e Camus nelle loro esplorazioni della condizione umana."
"Don Chisciotte, Cervantes",Concetto,La metafiction e la riflessività narrativa,"Don Chisciotte è uno dei primi romanzi a commentare se stesso: nella seconda parte (1615), i personaggi hanno letto la prima parte (1605) e ne discutono. Questo gioco con la realtà del romanzo anticipa il postmodernismo letterario di diversi secoli."
"Don Chisciotte, Cervantes",Evento correlato,La battaglia di Lepanto (1571) e la prigionia di Cervantes,"Cervantes combatté a Lepanto e rimase ferito (perdendo l'uso della mano sinistra). Catturato dai pirati nel 1575, fu schiavo ad Algeri per cinque anni. Queste esperienze forgiarono lo scrittore e alimentarono l'umorismo e la profondità del romanzo."
"Furore, Steinbeck",Evento correlato,Il Dust Bowl (1930-1936),"Catastrofe agricola nelle Grandi Pianure causata dalla siccità e da pratiche agricole distruttive. Tempeste di polvere oscurarono il cielo fino a New York, costringendo centinaia di migliaia di famiglie (gli «Okies») all'esodo verso la California."
"Furore, Steinbeck",Concetto,Il movimento operaio americano degli anni 1930,"La Grande Depressione radicalizzò i lavoratori americani: ascesa del CIO, scioperi di massa, socialismo. Il romanzo di Steinbeck si inserisce in questo contesto di lotta sociale che influenzò il New Deal di Roosevelt."
"Il buio oltre la siepe, Harper Lee",Concetto,Le leggi Jim Crow e il Sud segregazionista,Le leggi Jim Crow (1877-1965) organizzavano la segregazione nel Sud. Un uomo nero accusato da una donna bianca era praticamente condannato in anticipo da giurie esclusivamente bianche - realtà centrale della giustizia del romanzo.
"Il buio oltre la siepe, Harper Lee",Personaggio,Atticus Finch,"Avvocato fittizio diventato l'archetipo dell'integrità morale americana. La sua difesa di Tom Robinson, che sa essere innocente ma non può salvare, illustra la tragedia di una società in cui la legge e la giustizia non coincidono."
"Il grande Gatsby, Fitzgerald",Concetto,Il Sogno americano e la sua corruzione,Il romanzo è la critica più celebre del Sogno americano: l'idea che ci si possa elevare solo grazie al merito. Gatsby ha successo ma scopre che la classe sociale e il passato sono insuperabili - le vecchie fortune disprezzano le nuove.
"Il grande Gatsby, Fitzgerald",Riferimento storico,Il Proibizionismo (1920-1933),Divieto costituzionale della produzione e vendita di alcol. Generò la criminalità organizzata e permise a uomini come Gatsby di fare fortuna rapidamente tramite il contrabbando - la facciata brillante di un'epoca moralmente corrotta.
"Il Signore degli Anelli, Tolkien",Concetto,La sub-creazione tolkieniana,Tolkien sviluppò il **Concetto** di «sottocreazione»: lo scrittore crea un **Mondo** secondario con le proprie **Legge** e coerenza interna. Il lettore vi entra attraverso la «fede secondaria» - sospensione volontaria dell'incredulità. Tolkien vi vedeva un atto quasi divino.
"Il Signore degli Anelli, Tolkien",Riferimento storico,Le mitologie nordiche e anglosassoni,"Tolkien, professore di **antico inglese** a Oxford, si ispirò profondamente al Beowulf, all'Edda norrena e al Kalevala finlandese. Il suo scopo dichiarato: creare una **Mitologia** per l'Inghilterra, che non ne possedeva una come la Grecia o la Scandinavia."
"Fahrenheit 451, Bradbury",Concetto,Il maccartismo (1950-1954),"**Periodo** di caccia alle streghe anticomunista. Artisti e scrittori furono messi sulla lista nera. Bradbury si preoccupava della **Censura** tramite la paura, della pressione sociale e **politica** sul pensiero - molto più che della **Censura** attraverso i libri stessi."
"Fahrenheit 451, Bradbury",Concetto,La società dell'intrattenimento e l'attenzione frammentata,Bradbury anticipava l'autocensura attraverso l'intrattenimento: persone talmente saturate da media veloci da non avere più voglia di leggere. I «salotti» (pareti-schermo) del romanzo anticipano la televisione e poi gli **smartphone**.
"Cent'anni di solitudine, García Márquez",Concetto,Il realismo magico,"Stile letterario che presenta degli **Evento** magici con lo stesso **realismo** degli **Evento** reali, senza sorpresa né spiegazione. Derivato da una tradizione dell'America Latina dove il meraviglioso fa parte della vita quotidiana."
"Cent'anni di solitudine, García Márquez",Riferimento storico,La United Fruit Company e le «repubbliche delle banane»,La compagnia bananiera del romanzo fa riferimento alla **United Fruit Company** americana che dominò economicamente diversi paesi dell'America centrale. Un massacro di lavoratori in sciopero da essa causato ispira una scena chiave del romanzo.
Il Rinascimento italiano,Concetto,L'umanesimo rinascimentale,"**Movimento** intellettuale che centra la riflessione sull'essere umano, ispirandosi ai testi greci e romani riscoperti. Gli umanisti (Petrarca, **Erasmo**) valorizzavano l'educazione liberale, la dignità umana e lo sviluppo delle facoltà individuali."
Il Rinascimento italiano,Concetto,La prospettiva lineare in pittura,"**Tecnica** sviluppata da Brunelleschi intorno al 1415: le linee parallele convergono verso un punto di fuga, creando un'illusione di profondità su una superficie piana. Questa rivoluzione dello sguardo distingue radicalmente la pittura del **Rinascimento** dall'**Arte** medievale."
La nascita dell'impressionismo,Concetto,Il Salon ufficiale di Parigi,"Esposizione annuale dell'Académie des beaux-arts, unica vetrina dell'arte in Francia nel XIX secolo. Essere rifiutati significava l'invisibilità commerciale."
La nascita dell'impressionismo,Concetto,I tubetti di vernice e il plein air,"L'invenzione dei tubetti di vernice metallici (1841) permise ai pittori di lavorare all'esterno. Senza i tubetti, la pittura si ossidava rapidamente. Questa innovazione tecnica banale fu una condizione materiale della rivoluzione impressionista."
Caravaggio e il chiaroscuro,Concetto,Il barocco in pittura,"Stile artistico del XVII secolo caratterizzato dal movimento, dal contrasto drammatico, dalla teatralità e da una forte carica emotiva volta a impressionare lo spettatore."
Caravaggio e il chiaroscuro,Personaggio,Artemisia Gentileschi,"Pittrice italiana maggiore (1593-1656), discepola del caravagismo, celebre per le sue scene di forza e di vendetta femminile di un realismo esaltante."
Rembrandt e la scuola fiamminga,Concetto,Il Secolo d'oro olandese,"Nel XVII secolo, le Province Unite divennero la prima potenza commerciale mondiale. Questa prosperità creò una classe media protestante agiata che desiderava ritratti, scene di genere e paesaggi - un mercato che permise a Rembrandt e Vermeer di esistere."
Rembrandt e la scuola fiamminga,Concetto,Il fallimento di Rembrandt (1656),"Rembrandt fallì all'apogeo della sua reputazione, dopo aver speso senza sosta in collezioni d'arte. I suoi beni furono venduti all'asta. Questa rovina lo obbligò a dipingere sotto il nome della moglie Hendrickje e del figlio Titus."
Il cubismo: Picasso e Braque,Concetto,L'arte africana e oceanica come influenza,La scoperta da parte di Picasso delle maschere africane verso il 1906-1907 fu una rivelazione: un'arte che non cercava di imitare la realtà ma di darne una rappresentazione simbolica e strutturale. Decisivo per le Demoiselles d'Avignon.
Il cubismo: Picasso e Braque,Concetto,Il collage (papiers collés),"Innovazione del cubismo sintetico (1912): Braque e Picasso incollarono pezzi di giornali e carte da parati nei loro quadri. Integrando frammenti del reale nell'opera d'arte, confondevano il confine tra rappresentazione e realtà."
Il surrealismo: Dalí e Magritte,Concetto,La psicoanalisi freudiana come fonte,"Il surrealismo si ispirò direttamente a Freud: l'inconscio come serbatoio di immagini rimosse, il sogno come via regia verso l'inconscio, l'associazione libera. André Breton aveva incontrato Freud nel 1921 e voleva liberare l'inconscio nell'arte."
Il surrealismo: Dalí e Magritte,Concetto,La scrittura automatica,"Tecnica surrealista: scrivere o dipingere senza controllo conscio, lasciando che il flusso dell'inconscio si esprima direttamente. Breton la utilizzò come strumento poietico. Dalí sviluppò la propria variante pittorica con il metodo paranoico-critico."
L'espressionismo: Munch e L'urlo,Concetto,"L'espressionismo tedesco (Die Brücke, Der Blaue Reiter)","Correnti artistiche tedesche (1905-1920) che spinsero l'espressionismo all'estremo: deformazione radicale delle forme, colori sgargianti, temi angoscianti. Kirchner, Kandinsky, Nolde reagivano alla modernizzazione e annunciavano il trauma del 1914."
L'espressionismo: Munch e L'urlo,Evento correlato,L'eruzione del Krakatoa (1883) e il cielo rosso,L'eruzione catastrofica del Krakatoa proiettò ceneri che colorarono i tramonti di rosso sangue in tutto il mondo per mesi. Munch annotò nel suo diario di aver visto un cielo rosso «di sangue e di fuoco» - probabilmente questo fenomeno.
L'arte astratta: Kandinsky e Mondrian,Concetto,La Bauhaus e la sintesi tra arte e industria,Scuola di arte e design fondata a Weimar nel 1919 che cercò di riconciliare le arti maggiori e le arti applicate. Kandinsky e Klee vi insegnarono. La sua estetica minimalista e funzionale è onnipresente nel design contemporaneo.
L'arte astratta: Kandinsky e Mondrian,Concetto,Il neoplasticismo di Mondrian (De Stijl),"Movimento olandese fondato nel 1917: ridurre l'arte agli elementi più puri - linee orizzontali e verticali, colori primari, bianco e nero. Mondrian cercava un linguaggio visivo universale al di là di ogni cultura particolare."
La Pop Art: Warhol e Lichtenstein,Concetto,La società dei consumi americana degli anni 1950-60,"Dopo la guerra, l'economia americana produsse un'abbondanza inedita. La pubblicità e i mass media crearono una cultura di immagini standardizzate che la Pop Art utilizzò come materiale artistico, mettendo in discussione il confine tra arte e prodotto."
La Pop Art: Warhol e Lichtenstein,Concetto,L'aura e la riproducibilità tecnica (Walter Benjamin),"Benjamin (1935) analizzava come la riproduzione tecnica distrugga l'«aura» dell'opera unica. Warhol radicalizzò questa idea: riproducendo meccanicamente immagini popolari, metteva in discussione la nozione stessa di originale e di autore."
La nascita della musica elettronica,Concetto,Il Theremin,"Primo strumento elettronico (1920), suonato senza contatto fisico: due antenne rilevano la posizione delle mani e controllano altezza e volume. Il suo suono etereo fu utilizzato nei film horror degli anni 1950 e dai Beach Boys."
La nascita della musica elettronica,Concetto,La house di Chicago e la techno di Detroit,"La house (Chicago, 1984) utilizzava drum machine e bassi profondi. La techno (Detroit, 1986-1988) era più fredda e meccanica. Entrambe emersero dalle comunità nere e latine emarginate e divennero fenomeni mondiali."
Bob Dylan e il folk di protesta,Concetto,Il folk revival americano (Woody Guthrie),Riscoperta delle musiche tradizionali americane da parte di artisti urbani negli anni 1950-60. Pete Seeger e Woody Guthrie fecero del folk la colonna sonora del movimento operaio e dei diritti civili. Dylan ne fu l'erede prodigio.
Bob Dylan e il folk di protesta,Concetto,La musica come strumento politico,"Nella tradizione di Guthrie, il folk di protesta utilizzava melodie accessibili per diffondere messaggi politici. «Blowin' in the Wind» e «The Times They Are A-Changin'» di Dylan diventarono inni del Movimento per i diritti civili."
L'hip-hop: nascita di una cultura,Concetto,La politica stradale di Robert Moses,"Urbanista newyorkese che costruì autostrade urbane devastando i quartieri popolari del Bronx negli anni 1950-60. La Cross-Bronx Expressway distrusse 60 000 alloggi, creando le condizioni di abbandono in cui nacque l'hip-hop."
L'hip-hop: nascita di una cultura,Concetto,Il sampling musicale,"Tecnica consistente nell'utilizzare estratti di dischi esistenti come base di una nuova Opera. Giuridicamente problematico, il sampling è stato riconosciuto come una forma di creazione artistica legittima dopo lunghe battaglie giudiziarie."
L'opera di Verdi,Concetto,Il Risorgimento italiano,"Movimento di riunificazione nazionale dell'Italia (circa 1815-1871). Le opere di Verdi - in particolare «Va, pensiero» del Nabucco - divennero inni nazionalisti. Lo stesso Verdi era un simbolo: il suo nome fu usato come acronimo per Vittorio Emanuele, Re d'Italia."
L'opera di Verdi,Concetto,L'opera seria vs l'opera buffa,"Due generi italiani: l'opera seria (soggetti nobili, tragico) e l'opera buffa (soggetti comici, personaggi ordinari). Verdi eccelleva nell'opera seria ma rinnovò i generi integrando il dramma psicologico realista e la tensione sociale."
Mozart: bambino prodigio e vita tragica,Concetto,La condizione del musicista nel XVIII secolo,"Status sociale in cui il musicista è considerato un domestico al servizio di un nobile o di un prelato, dovendo comporre e suonare secondo i desideri del suo padrone."
Mozart: bambino prodigio e vita tragica,Riferimento storico,La massoneria e Il flauto magico,"Il flauto magico (1791) è un'allegoria massonica: le prove iniziatiche di Tamino, la lotta luce/oscurità riflettono i rituali e gli ideali massonici dell'Illuminismo ai quali Mozart aderiva dal 1784."
Beethoven: genio e sordità,Concetto,La musica «assoluta» vs la musica a programma,"La musica assoluta (Beethoven) esprime emozioni pure senza alcun riferimento esterno. La musica a programma (Berlioz, Liszt) racconta una Storia. Questa distinzione struttura il grande dibattito estetico del XIX secolo romantico."
Beethoven: genio e sordità,Concetto,L'Inno alla gioia e l'inno europeo,"L'ultimo Movimento della Nona Sinfonia, sul poema di Schiller, è diventato nel 1985 l'inno ufficiale dell'Unione Europea. L'universalismo del suo messaggio (fratellanza dell'umanità) ne fa il simbolo dell'ideale europeo di unità."
La nascita del rock'n'roll,Concetto,La segregazione nell'industria musicale americana,"Le radio americane degli anni '40 e '50 rifiutavano di trasmettere la «race music» (blues, R&B) sulle stazioni «bianche». La nascita del rock'n'roll avvenne in gran parte quando artisti bianchi ripresero stili neri, sollevando questioni di appropriazione culturale."
La nascita del rock'n'roll,Concetto,Il rhythm and blues (R&B),"Genere degli anni '40 che combina blues elettrificato, jazz e gospel, creato da artisti neri. Il rhythm and blues fu la base diretta del rock'n'roll: Elvis e Chuck Berry se ne ispirarono direttamente."
Bach e la musica barocca,Concetto,Il contrappunto e la fuga,"Il contrappunto è l'arte di combinare diverse melodie indipendenti secondo regole armoniche. La fugue è la sua forma più elaborata: un tema viene esposto da diverse voci a turno, poi sviluppato in combinazioni sempre più complesse."
Bach e la musica barocca,Concetto,Il temperamento equabile,Il «Clavicembalo ben temperato» di Bach (48 preludi e fughe in tutte le tonalità) dimostrò che un'accordatura uniforme permetteva di suonare in tutte le tonalità senza stonature. Questo sistema è quello di tutti gli strumenti moderni.
La nascita del jazz americano,Concetto,Congo Square a New Orleans,"Piazza dove la legge della Louisiana autorizzava gli schiavi a riunirsi la domenica per suonare e danzare. Questo luogo unico nel Nord America permise la conservazione delle tradizioni musicali africane che, combinate all'armonia europea, diedero origine al jazz."
La nascita del jazz americano,Concetto,L'improvvisazione nel jazz,"Contrariamente alla musica classica, il jazz fa dell'improvvisazione il suo cuore: il musicista inventa la sua linea melodica in tempo reale, su una griglia armonica concordata, in risposta agli altri. È al tempo stesso una libertà totale e una disciplina esigente."
Il blues: radici di tutta la musica moderna,Concetto,La struttura in 12 misure,"Architettura armonica fondante del blues: una sequenza di 12 misure in tre parti (tonica, sottodominante, dominante) che si ripete. Questa struttura infinitamente variabile è la griglia su cui si improvvisa il blues e che si ritrova nel rock, nel jazz e nel pop."
Il blues: radici di tutta la musica moderna,Concetto,Le blue notes,"Note «flesse» tra due note della scala standard, suonate leggermente al di sotto della loro altezza abituale. Queste inflessioni microtonali derivano dalla tradizione vocale africana e conferiscono al blues il suo carattere espressivo e toccante particolare."
La nascita della fotografia,Concetto,Il calotipo di William Fox Talbot,Procedimento fotografico su carta (verso il 1840) che permetteva di realizzare più stampe a partire da un negativo - a differenza del dagherrotipo unico. È l'antenato diretto della fotografia analogica utilizzata fino al digitale.
La nascita della fotografia,Concetto,L'impatto della fotografia sulla pittura figurativa,La fotografia liberò la pittura dalla sua funzione documentaristica. I pittori non dovevano più immortalare volti o battaglie - la foto lo faceva meglio e a minor prezzo. Questa liberazione è una delle condizioni dell'impressionismo e poi dell'astrazione.
Charlie Chaplin e il cinema muto,Riferimento storico,I fratelli Lumière e il cinema delle origini,"Il cinema è nato in Francia (Lumières, 1895) ma si è industrializzato negli Stati Uniti. Hollywood si impose negli anni 1910-1920 grazie al sole californiano, alla diversità dei paesaggi e all'immigrazione massiccia di talenti europei."
Charlie Chaplin e il cinema muto,Concetto,Lo slapstick,"Genere comico del cinema muto fondato sulle gag fisiche, le cadute, gli inseguimenti e la violenza grottesca. Il termine deriva da un accessorio di teatro. Charlot portò questo genere alla sua perfezione aggiungendovi profondità emotiva e critica sociale."
Orson Welles e Quarto potere,Concetto,La profondità di campo (deep focus),"Tecnica cinematografica dove tutti i piani dell'immagine (primo piano, mezzo piano, sfondo) sono nitidi simultaneamente, permettendo un'azione complessa in un'unica inquadratura."
Orson Welles e Quarto potere,Personaggio,William Randolph Hearst,Magnate della stampa americana dell'inizio del XX secolo la cui vita servì da modello per il personaggio di Charles Foster Kane.
La Nouvelle Vague francese,Concetto,La politica degli autori,"Teoria di Truffaut nei Cahiers du Cinéma (1954): il vero autore di un film è il regista, che esprime la sua visione personale. Valorizzò registi hollywoodiani come Hitchcock o Hawks che la critica accademica francese disprezzava."
La Nouvelle Vague francese,Concetto,Le riprese in ambienti naturali e la macchina da presa leggera,"La Nouvelle Vague réinventò tecnicamente il cinema: macchine da presa portatili leggere, pellicole rapide che permettevano di filmare senza illuminazione artificiale. Questi vincoli di budget divennero un'estetica rivoluzionaria - il cinema «sceso in strada»."
Kubrick: 2001: Odissea nello spazio,Personaggio,Arthur C. Clarke,Autore di fantascienza britannico che co-scrisse la sceneggiatura di 2001 a partire dalla novella «La Sentinelle» (1948). Inventò il concetto di satellite geostazionario di comunicazione nel 1945 - molto prima della sua realizzazione tecnica.
Kubrick: 2001: Odissea nello spazio,Concetto,L'intelligenza artificiale e HAL 9000,"HAL 9000 è una delle prime rappresentazioni di una intelligenza artificiale cosciente e in conflitto con i suoi creatori. Il suo antropomorfismo (voce calma, logica implacabile, autoconservazione) prefigura i dibatti attuali sulla sicurezza dell'intelligenza artificiale."
Hitchcock e la suspense,Concetto,Il MacGuffin,"Termine di Hitchcock che designa l'oggetto che tutti i personaggi inseguono (la valigia, i piani segreti) ma il cui contenuto non ha alcuna importanza per lo spettatore. Ciò che conta è il desiderio che suscita e la dinamica narrativa che genera."
Hitchcock e la suspense,Concetto,La soggettiva (point of view shot),"Tecnica in cui la fotocamera adotta il punto di vista di un personaggio, facendo vivere allo spettatore esattamente ciò che egli vede. In Vertigo, le vertigini di Scottie sono trasmesse da una inquadratura soggettiva realizzata con una tecnica di zoom-contromovimento inventata per il film."
L'architettura gotica: le cattedrali,Concetto,L'arco rampante e la volta a ogiva,"Innovazioni strutturali del gotico. La volta a ogiva distribuisce il peso sulle nervature piuttosto che sulle pareti intere. L'arco rampante riporta la spinta verso l'esterno, permettendo di aprire le pareti in finestre senza che l'edificio crolli."
L'architettura gotica: le cattedrali,Concetto,La teologia della luce (abate Suger),"Suger teorizzava che la luce divina, canalizzata dalle vetrate colorate, elevasse l'anima verso Dio. Questa «metafisica della luce» ispirò l'architettura gotica nella sua ricerca di finestre sempre più grandi e di archi sempre più alti."
Il Bauhaus,Concetto,Il funzionalismo nel design,Principio de Il Bauhaus: la forma deve seguire la funzione (form follows function). Un oggetto ben progettato è bello perché assolve perfettamente al suo scopo - senza ornamenti superflui. Questo principio struttura il design industriale moderno.
Il Bauhaus,Evento,La chiusura da parte dei nazisti (1933),"Hitler chiuse Il Bauhaus nel 1933, considerando la sua estetica come «degenerata». I suoi professori emigrarono negli Stati Uniti (Gropius ad Harvard, Mies van der Rohe a Chicago), dove influenzarono profondamente l'architettura e il design americani."
La Gioconda,Concetto,Lo sfumato leonardesco,Tecnica di Leonardo da Vinci: strati di velature traslucide molto sottili (a volte 40 strati) creano transizioni impercettibili tra ombra e luce. È questo sfumato che rende il sorriso della Gioconda così ambiguo e inafferrabile.
La Gioconda,Evento correlato,Il furto della Gioconda (1911),"Vincenzo Peruggia, dipendente del Louvre, rubò La Gioconda e la tenne in casa sua a Firenze per due anni. Questo furto fece il giro del mondo e trasformò La Gioconda, allora poco conosciuta dal grande pubblico, nel dipinto più celebre del Mondo."
"Notte stellata, Van Gogh",Concetto,L'arte come espressione interiore,Concetto centrale in Van Gogh dove l'Opera non cerca di riprodurre la realtà fisica ma le emozioni e le visioni del pittore.
"Notte stellata, Van Gogh",Evento correlato,Il dramma di Arles con Gauguin,"Van Gogh invitò Gauguin a condividere la sua casa gialla ad Arles. Dopo due mesi di coabitazione difficile, una violenta lite precipitò la crisi di Van Gogh, che si tagliò l'orecchio e fu internato volontariamente a Saint-Rémy."
"Guernica, Picasso",Evento correlato,La guerra civile spagnola (1936-1939),Conflitto tra la Repubblica spagnola e l'insurrezione franchista sostenuta dalla Germania nazista e dall'Italia fascista. L'Spagna fu il terreno di sperimentazione per le nuove tattiche di bombardamento della Seconda guerra mondiale a venire.
"Guernica, Picasso",Concetto,La Legione Condor,Unità militare aerea della Luftwaffe inviata in Spagna per sostenere Franco e testare le nuove tattiche di bombardamento a saturazione. Il bombardamento di Guernica fu il suo primo utilizzo massiccio contro una città civile.
"La Libertà che guida il popolo, Delacroix",Evento correlato,Le Tre Giornate Gloriose (27-29 luglio 1830),Tre giornate rivoluzionarie che rovesciarono il re Carlo X che voleva sopprimere la libertà di stampa e ridurre il diritto di voto. Luigi Filippo d'Orléans salì al trono costituzionale al suo posto.
"La Libertà che guida il popolo, Delacroix",Concetto,"La Marianna, simbolo della Repubblica","Figura allegorica femminile che incarna la Repubblica francese dalla Rivoluzione. Il suo berretto frigio (simbolo di libertà antica) è il suo attributo distintivo. La Libertà di Delacroix ne è l'immagine fondatrice, riprodotta in tutti i comuni di Francia."
"La Creazione di Adamo, Michelangelo",Concetto,L'affresco come tecnica murale,"Pittura realizzata su intonaco fresco (fresco = frais en italien). I pigmenti si integrano all'intonaco asciugandosi, rendendo il colore permanente e resistente ai secoli. Michelangelo dovette lavorare per sezioni quotidiane (giornata) sulla schiena da un ponteggio."
"La Creazione di Adamo, Michelangelo",Concetto,La teoria del «mantello a forma di cervello»,"Teoria di Frank Meshberger (1990): la forma del mantello rosso che circonda Dio riprodurrebbe esattamente la sezione anatomica di un cervello umano. Se intenzionale, Michelangelo avrebbe simboleggiato che Dio è una creazione della mente umana."
"Impressione, levar del sole, Monet",Personaggio,Louis Leroy e la nascita del termine «impressionismo»,"Critico d'arte di «Charivari», Louis Leroy scrisse nel 1874 un articolo sarcastico: «Impressione, ne ero sicuro!». Voleva deriderli - il termine «impressionisti» fu adottato dagli artisti stessi con orgoglio, ribaltando l'insulto."
"Impressione, levar del sole, Monet",Riferimento storico,Il porto di Le Havre industrializzato nel XIX secolo,"Le Havre era il primo porto commerciale francese, trasformato dall'industrializzazione. Monet mostra precisamente questa modernità industriale (vapore, gru, barche) nella nebbia mattutina - una visione fugace della modernità in marcia."
"I nighthawks, Hopper",Concetto,L'alienazione urbana americana,"Nighthawks è dipinto nel 1942, poche settimane dopo Pearl Harbor. L'isolamento dei personaggi nella notte americana traduce un disagio profondo: l'individualismo della società americana, l'assenza di comunità, il vuoto dietro l'abbondanza materiale."
"I nighthawks, Hopper",Concetto,Il diner americano,"Istituzione culturale: ristorante aperto 24 ore su 24, servizio rapido al bancone, clientela anonima di passaggio. Luogo di solitudine collettiva per eccellenza, nutre l'iconografia della pittura, del cinema (film noir) e della letteratura americana."
"Les Demoiselles d'Avignon, Picasso",Concetto,Il primitivismo nell'arte moderna,Tendenza dell'inizio del XX secolo a cercare nelle arti africane e oceaniche una vitalità perduta. Picasso vi trovò una libertà di rappresentazione radicale che ruppe le convenzioni della prospettiva dal Rinascimento.
"Les Demoiselles d'Avignon, Picasso",Luogo / istituzione,Le Bateau-Lavoir (Montmartre),"Edificio fatiscente di Montmartre dove Picasso visse e lavorò dal 1904 al 1909, circondato da artisti e poeti (Max Jacob, Apollinaire, Braque). È lì, in un atelier senza acqua né riscaldamento, che dipinse Les Demoiselles d'Avignon."
"La persistenza della memoria, Dalí",Concetto,Il tempo molle e la filosofia bergsoniana,"Bergson distingueva il tempo fisico (misurabile) e il tempo vissuto (soggettivo, elastico). Gli orologi molli di Dalí illustrano visivamente questo «tempo bergsoniano»: nel sogno, il tempo si dilata, si contrae, perde ogni rigidità."
"La persistenza della memoria, Dalí",Luogo / istituzione,Cap de Creus (Catalogna),Paesaggio costiero roccioso della Costa Brava visibile in numerosi quadri di Dalí. Le formazioni geologiche di granito eroso caratteristiche di questo capo alimentarono il suo immaginario di forme ambigue e fondenti.
La tragedia greca e il teatro antico,Concetto,Il coro nella tragedia greca,"Gruppo di 12-15 cittadini che cantano, danzano e commentano l'azione tra gli episodi. Il coro rappresenta la voce della comunità e offre una prospettiva morale sulle azioni degli eroi. Il suo ruolo diminuì progressivamente in Sofocle ed Euripide."
La tragedia greca e il teatro antico,Luogo / istituzione,Il teatro di Epidauro,"Teatro antico del IV secolo a.C., in grado di ospitare 14.000 spettatori. La sua acustica straordinaria (si sente cadere una moneta da ogni posto) resta misteriosa e supera le capacità dell'ingegneria acustica moderna."
Il teatro di Shakespeare,Concetto,Il Globe Theatre (1599),"Sala teatrale costruita sulla riva sud del Tamigi, al di fuori dei limiti della City di Londra (che vietava gli spettacoli). Ottagonale, aperta al cielo, accoglieva 3.000 spettatori in piedi («groundlings») o seduti nelle gallerie coperte."
Il teatro di Shakespeare,Concetto,Il verso sciolto (blank verse) shakespeariano,Verso di 10 sillabe non rimato (pentametro giambico) che Shakespeare utilizzava per i personaggi nobili. I personaggi ordinari parlavano in prosa. Questa distinzione sociale attraverso il linguaggio è una convenzione del teatro elisabettiano.
La libertà di stampa e il fotogiornalismo,Concetto,L'etica del fotogiornalismo,Tensione fondamentale: quanto deve lasciarsi coinvolgere un fotografo? Kevin Carter fotografò un avvoltoio che attendeva la morte di un bambino sudanese (1993) e fu accusato di non averlo aiutato. Ricevette il Pulitzer e poi si suicidò tre mesi dopo.
La libertà di stampa e il fotogiornalismo,Personaggio,Henri Cartier-Bresson,"Fotografo francese fondatore dell'agenzia Magnum (1947) e teorico del ""momento decisivo"": l'istante unico in cui la forma e il contenuto coincidono perfettamente. La sua opera con la Leica è considerata il vertice del fotogiornalismo umanista."
"La nascita degli dei greci (Crono, Zeus, l'Olimpo)",Concetto,La Teogonia di Esiodo,"Poema (circa 700 a.C.) che racconta l'origine e la genealogia degli dei greci a partire dal Caos. Nostra fonte principale sulla cosmogonia greca, presenta dei passionali e violenti, sottomessi come gli uomini alle forze del destino."
"La nascita degli dei greci (Crono, Zeus, l'Olimpo)",Concetto,L'antropomorfismo divino greco,"Gli dei greci sono interamente umani nelle loro emozioni (gelosia, amore, rabbia) ma immortali e soprannaturali. Senofane criticava già questa visione: ""se i cavalli avessero degli dei, li rappresenterebbero come dei cavalli""."
Prometeo: il ladro di fuoco,Concetto,Il mito prometeico nella cultura moderna,"Prometeo è diventato il simbolo dell'emancipazione umana attraverso la conoscenza, a dispetto dei limiti fissati dagli dei. Goethe, Shelley (Frankenstein), Marx se ne sono resi paladini - egli incarna la modernità ribelle contro l'ordine costituito."
Prometeo: il ladro di fuoco,Personaggio,Epimeteo (fratello di Prometeo),"Il suo nome significa ""colui che pensa dopo"". Accettò senza riflettere il dono di Pandora inviato da Zeus. La sua imprudenza introdusse i mali nel mondo. La coppia Prometeo-Epimeteo illustra l'opposizione lungimiranza/impulsività."
Pandora e il vaso,Concetto,La misoginia nella mitologia greca,"Il mito di Pandora è spesso letto come una giustificazione mitologica della diffidenza dei Greci verso le donne: è una donna che introduce il male nel **Mondo**, per curiosità o disobbedienza. Un mito parallelo a Eva nella Bibbia."
Pandora e il vaso,Concetto,L'Elpis (la Speranza),"Nella versione di Esiodo, la speranza rimane nel vaso quando Pandora lo richiude. Ambiguità fondamentale: è l'ultimo dono benevolo degli dei, o un male supplementare (falsa speranza, illusione) che tortura gli uomini facendo credere loro che le cose miglioreranno?"
Demetra e Persefone (le stagioni),Concetto,I Misteri Eleusini,"Cerimonie d'iniziazione segrete celebrate a Eleusi per oltre un millennio (600 a.C. - 400 d.C.). Basate sul mito di **Persefone**, promettevano agli iniziati una vita beata dopo la morte. Platone e Marco Aurelio vi furono iniziati."
Demetra e Persefone (le stagioni),Concetto,Il ciclo agricolo nella religione greca,"Il mito di **Persefone** è una spiegazione mitologica del ciclo vegetativo: quando scende agli Inferi (autunno-inverno), la terra è sterile; quando risale (primavera), la vegetazione rinasce. La religione greca era legata ai ritmi agricoli."
Orfeo ed Euridice,Concetto,La catábasis: la discesa agli Inferi,"Motivo mitologico ricorrente: l'eroe scende agli Inferi vivo (**Eracle**, Ulisse, Enea, Orfeo). Questa «catabasi» simboleggia il viaggio iniziatico nella morte e il confronto con l'inconscio."
Orfeo ed Euridice,Concetto,L'orfismo: religione mistica greca,"Corrente religiosa ispirata al mito di Orfeo, che propugna la purificazione dell'anima e la metempsicosi (trasmigrazione delle anime). Influenzò Pitagora e Platone nella loro concezione dell'immortalità dell'anima."
Narciso ed Eco,Concetto,Il narcisismo in psicologia,"Termine coniato da Freud (1914): amore eccessivo di se stessi, incapacità di amare l'**Altro**. Nel mito, Narciso non può amare Eco perché ama solo la propria immagine. Freud distinse il narcisismo primario (sano) dal narcisismo patologico."
Narciso ed Eco,Concetto,L'eco nella fisica acustica,"Ripercussione di un suono su una superficie e ritorno verso la sua fonte. La parola «eco» deriva direttamente dalla ninfa del mito, condannata a non ripetere che le ultime parole udite. Questo mito spiegava ai Greci il fenomeno acustico naturale."
Icaro e Dedalo,Concetto,L'hybris e la dismisura,Icaro incarna l'hybris classica: non rispettare i limiti umani e cercare di elevarsi fino agli dei. Questa trasgressione è sempre punita nella mitologia greca - i greci vedevano nella dismisura la colpa tragica per eccellenza.
Icaro e Dedalo,Concetto,Il labirinto come simbolo,"Costruzione di Dedalo che rinchiude il Minotauro. Al di là del mito, il Labirinto è diventato un simbolo universale dell'erranza, della ricerca e del ritorno impossibile - dell'inconscio o del destino inestricabile."
Sisifo: punizione eterna,Concetto,L'assurdo di Camus e Sisifo,"In Il mito di Sisifo (1942), Camus sceglie questo mito perché Sisifo conosce la sua sorte e continua comunque. Camus conclude che «bisogna immaginare Sisifo felice» - solo il rifiuto della rassegnazione rende l'assurdo sopportabile."
Sisifo: punizione eterna,Concetto,L'ubris di Sisifo,"Sisifo fu punito per aver ingannato la morte due volte e rivelato i segreti degli dei. Nella mitologia greca, i mortali che sfidavano l'ordine divino o aspiravano all'immortalità ricevevano punizioni eterne ed esemplari."
Tantalo e il suo supplizio,Concetto,Il «supplizio di Tantalo» come archetipo,Espressione che descrive ogni situazione in cui ciò che si desidera è quasi a portata di mano ma sempre inaccessibile. Questo simbolo universale della frustrazione e della tentazione ha attraversato tutte le culture e si ritrova nelle teorie psicologiche sul desiderio.
Tantalo e il suo supplizio,Concetto,"L'elemento chimico tantalio (Ta, 73)",Chiamato così nel 1802 da Ekeberg perché è insolubile negli acidi - come Tantalo che non può deglutire nulla. È utilizzato nei condensatori degli smartphone e nelle protesi mediche biocompatibili.
Medusa e Perseo,Concetto,Il Gorgoneion,"Rappresentazione della testa di Medusa utilizzata come amuleto Apotropaico (per respingere il male) in tutta la Grecia antica. Si trovava su templi, scudi, anelli, mosaici. Passò nell'arte romana e poi negli stemmi medievali."
Medusa e Perseo,Concetto,"Pegaso, nato dal sangue di Medusa","Quando Perseo decapita Medusa, il cavallo alato Pegaso nasce dal suo sangue. Sarà catturato da Bellerofonte con l'aiuto di Atena e gli permetterà di sconfiggere la Chimera. Pegaso è diventato il simbolo universale dell'ispirazione poetica."
Ercole e le sue 12 fatiche,Concetto,L'eroismo greco vs l'eroismo cristiano,"L'eroismo greco (Ercole, Achille) valorizza la forza, la gloria guerriera e l'impresa - anche se Ercole agisce per penitenza. L'eroismo cristiano valorizza l'umiltà, il sacrificio e la sofferenza accettata. Questa tensione struttura la cultura occidentale."
Ercole e le sue 12 fatiche,Concetto,Le Colonne d'Ercole,"Promontori di Gibilterra che la tradizione antica considerava come i confini del mondo conosciuto. L'espressione «nec plus ultra» vi era associata. Colombo le superò nel 1492, spostando i limiti del mondo conosciuto verso l'Occidente."
Teseo e il Minotauro,Concetto,Il labirinto di Cnosso a Creta,"Gli scavi hanno portato alla luce a Cnosso il palazzo minoico, con la sua pianta complessa che evoca un labirinto. La civiltà minoica (2700-1450 a.C.) e il suo culto del toro sono probabilmente all'origine del mito del Minotauro."
Teseo e il Minotauro,Concetto,Il filo di Arianna,"Espressione entrata in tutte le lingue per designare un punto di riferimento che permette di orientarsi in una situazione complessa. Arianna dà a Teseo un filo per uscire dal labirinto - simbolo della memoria, del metodo e dell'aiuto dell'altro."
Ulisse e il Ciclope,Concetto,La métis (astuzia) nella cultura greca,"Intelligenza pratica, astuzia, capacità di ribaltare una situazione sfavorevole. Ulisse incarna la metis per eccellenza - il suo epiteto omerico è «dalle mille astuzie». Si oppone alla bié (forza bruta) incarnata da Aiace."
Ulisse e il Ciclope,Concetto,I Ciclopi nella mitologia greca,"Esseri con un solo occhio, figli di Urano e Gaia: fabbri divini che fabbricarono i fulmini di Zeus. In Omero, Polifemo e i suoi simili sono pastori selvaggi che ignorano gli dei e le leggi - un'incarnazione della barbarie."
Giasone e il Vello d'Oro,Concetto,La Colchide (attuale Georgia),"Regione a est del Mar Nero, descritta nei miti greci come la fine del Mondo orientale. I pastori vi usavano velli di pecora per filtrare l'oro dei fiumi auriferi del Caucaso - il «vello d'oro» era forse reale."
Giasone e il Vello d'Oro,Personaggio,Medea e il tradimento di Giasone,"Figlia del re della Colchide, tradì suo padre e sacrificò suo fratello per Giasone. Quando Giasone l'abbandonò per un'alleanza politica a Corinto, la sua vendetta - uccidere i propri figli - è l'atto più terribile di tutta la Mitologia greca."
Achille: il tallone e l'invulnerabilità,Concetto,Il kléos (gloria postuma) greco,Valore supremo della cultura eroica: la gloria immortale acquisita attraverso le imprese belliche e tramandata dai poeti. Achille sceglie deliberatamente una vita breve ma gloriosa piuttosto che una lunga vita senza gloria - scelta fondamentale dell'etica eroica greca.
Achille: il tallone e l'invulnerabilità,Concetto,I Mirmidoni,"Guerrieri d'élite di Achille, leggendariamente creati da Zeus a partire da formiche (myrmex = formica in greco). Nell'Iliade, sono i soldati più temuti. La loro lealtà assoluta ad Achille illustra il legame incrollabile tra l'eroe e i suoi uomini."
Edipo e la Sfinge,Concetto,La Sfinge nell'iconografia mondiale,"Creatura ibrida presente in numerose culture: Sfinge egizia (leone, testa umana, simbolo reale) e Sfinge greca (femminile, alata, proponente di enigmi mortali). La stessa immagine assume significati opposti a seconda delle culture."
Edipo e la Sfinge,Concetto,L'incesto come trasgressione fondamentale,"L'incesto di Edipo (involontario) rappresenta la trasgressione ultima dell'ordine sociale: la confusione delle generazioni. Per i Greci, provocava una contaminazione (miasma) che colpiva l'intera comunità, visibile nella pestilenza che colpì Tebe."
Antigone: dovere familiare vs legge dello Stato,Concetto,La dialettica hegeliana di Antigone,"Hegel fu il primo (1807) a teorizzare che in Antigone, i due protagonisti hanno entrambi ragione secondo il proprio principio - famiglia vs Stato, legge divina vs legge umana. Non sono il bene e il male, ma due beni incompatibili: la definizione del tragico."
Antigone: dovere familiare vs legge dello Stato,Evento correlato,L'Antigone di Jean Anouilh (1944),"Pièce messa in scena a Parigi sotto l'occupazione nazista. Anouilh lasciò deliberatamente ambigua la sua lettura politica: Creonte poteva rappresentare i tedeschi o Vichy, Antigone la Resistenza. Entrambe le parti trovarono il proprio tornaconto nell'Opera - genio o opportunismo?"
La guerra di Troia e il cavallo di legno,Concetto,Troia (Hisarlik) e l'archeologia,"Schliemann localizzò Troia nel 1870 a Hisarlik, Turchia. Gli scavi hanno portato alla luce nove città successive. Troia VIIa (circa 1184 a.C.) presenta tracce di incendio compatibili con il racconto omerico - la Guerra di Troia ebbe forse luogo."
La guerra di Troia e il cavallo di legno,Concetto,Il ritorno degli eroi (Nostoi),"Dopo la Guerra di Troia, gli eroi greci vivono ritorni tragici: Agamennone assassinato, Aiace morto. Solo Menelao ritrova Elena. Questi «Nostoi» formavano un ciclo epico (oggi perduto) tanto importante quanto l'Iliade per gli antichi Greci."
Thor e Loki (mitologia nordica),Opera,L'Edda in prosa (Snorri Sturluson),"Trattato di Poetica e di Mitologia islandese del XIII secolo. Sebbene redatto in un contesto cristiano, costituisce la fonte più strutturata sulle credenze nordiche, destinata a preservare l'Arte della poesia antica."
Thor e Loki (mitologia nordica),Concetto,Il Mjolnir e la croce svastica,"Il martello di Thor era il simbolo di protezione più diffuso nella Scandinavia medievale. Legato a un simbolo solare (svastica nordica), fu manipolato dai nazisti nel XX secolo - dando a questo sfortunato simbolo una connotazione duratura."
Ragnarök: la fine del mondo nordico,Concetto,"Yggdrasil, l'albero del mondo","Frassino cosmico nordico che collega i nove mondi. Le sue radici affondano nei regni degli dei, dei Giganti e dei morti. Le Norne (tessitrici del destino) vivono alla sua base. L'albero cosmico è un archetipo mitologico quasi universale."
Ragnarök: la fine del mondo nordico,Concetto,L'apocalitticismo comparato,"La visione del Ragnarök condivide tratti con altre escatologie: il Giudizio Universale cristiano, il Kali Yuga indù. Queste visioni apocalittiche riflettono una preoccupazione universale per la fine dei tempi e, spesso, la Rinascenza che segue."
Osiride e Set (mitologia egizia),Concetto,Il concetto di Ma'at,"Principio fondamentale del pensiero egizio: l'ordine cosmico, la verità e la giustizia. Il faraone era incaricato di mantenere la Ma'at contro il caos. Osiride presiede il giudizio dei morti pesando il loro cuore contro la piuma di Ma'at."
Osiride e Set (mitologia egizia),Concetto,Il Libro dei Morti,"Raccolta di formule magiche che accompagnavano i defunti egizi nell'aldilà. Guidava l'anima attraverso le prove del sottomondo, in particolare il giudizio davanti a Osiride. Alcuni papiri illustrati sono tra le più belle opere dell'arte egizia."
Gilgamesh: il primo eroe della storia,Concetto,"La civiltà mesopotamica (Sumer, Babilonia)","Insieme delle civiltà della Mezzaluna Fertile tra i fiumi Tigri ed Eufrate (attuale Iraq). Esse inventarono la scrittura cuneiforme, il diritto codificato (Codice di Hammurabi), la matematica sessagesimale e l'astronomia."
Gilgamesh: il primo eroe della storia,Concetto,Il racconto del Diluvio nell'Epopea,La tavoletta XI dell'Epopea contiene un racconto del diluvio universale anteriore al Diluvio biblico: Utnapishtim costruisce una barca e vi imbarca tutti gli animali. Questo parallelo stupì gli studiosi biblici quando fu scoperto nel 1872.
Romolo e Remo: la fondazione di Roma,Concetto,Ab Urbe Condita (753 a.C.),"Data tradizionale della fondazione di Roma, calcolata da Varrone nel I secolo a.C. I Romani contavano gli anni «dalla fondazione della città» (AUC). Questa data leggendaria corrispondeva alla monarchia dei sette re di Roma."
Romolo e Remo: la fondazione di Roma,Concetto,La lupa capitolina,"Statua in bronzo di una lupa che allatta Romolo e Remo, simbolo di Roma. A lungo creduta etrusca (V secolo a.C.), studi recenti la datano al Medioevo. I gemelli umani furono aggiunti dal Pollaiolo nel XV secolo."
Vishnu e Shiva (mitologia indù),Concetto,Il samsara e il karma,Samsara: ciclo delle reincarnazioni dell'anima. Karma: legge di causalità morale - ogni azione ha conseguenze sulle vite future. Vishnu scende sulla Terra in avatar proprio per ristabilire il karma cosmico turbato.
Vishnu e Shiva (mitologia indù),Concetto,La Bhagavad-Gita,"Testo filosofico centrale dell'induismo estratto dal Mahabharata: Krishna (avatar di Vishnu) spiega ad Arjuna il senso del dovere (dharma) e dell'azione disinteressata prima della battaglia. Ammirato da Thoreau, Emerson, Gandhi e Oppenheimer."
Le Valchirie e il Valhalla,Concetto,L'escatologia guerriera norrena,I guerrieri norreni cercavano di morire con le armi in pugno per essere scelti dalle Valchirie. Morire di malattia («morte di paglia») non apriva le porte del Valhalla - questa visione di un paradiso guerriero strutturava la cultura vichinga.
Le Valchirie e il Valhalla,Riferimento storico,La Cavalcata delle Valchirie (Wagner),"Richard Wagner mise in musica la mitologia nordica in Der Ring des Nibelungen (1848-1874). «La Cavalcata delle Valchirie» è tra le opere di musica classica più conosciute al mondo, spesso associata al cinema americano."
La Fenice attraverso le culture,Concetto,La Fenice nell'alchimia medievale,"L'uccello Fenice fu adottato dagli alchimisti come simbolo della trasmutazione: come rinasce dalle proprie ceneri, così i metalli vili possono essere trasformati in oro. La sua presenza è ricorrente nella letteratura ermetica ed esoterica."
La Fenice attraverso le culture,Concetto,Il Fenghuang cinese,"Uccello mitologico cinese simbolo di virtù e di grazia, associato all'Imperatrice (come il dragone lo è all'Imperatore). La sua riapparizione annunciava un regno virtuoso e giusto. Incarna le cinque virtù confuciane."
I Titani contro gli Dei (Titanomachia),Concetto,L'ordine e il caos nella mitologia greca,"La Titanomachia rappresenta la vittoria dell'ordine olimpio (Zeus, la ragione, la legge) sul caos primordiale dei Titani. Questa struttura narrativa - combattimento cosmico tra ordine e caos - si ritrova in tutte le grandi mitologie mondiali."
I Titani contro gli Dei (Titanomachia),Concetto,Atlante che regge il cielo,"Titano condannato a reggere il cielo (e non la Terra, contrariamente alla credenza popolare) sulle sue spalle per l'eternità. Il suo nome diede origine all'«Atlante» per le raccolte di carte a partire dal XVI secolo (Mercatore lo illustrava sulla copertina)."
Dioniso: il dio del vino e dell'eccesso,Concetto,La nascita del teatro da Dioniso,Le tragedie e commedie greche nacquero dai rituali dionisiaci. Tespi (VI secolo) fu il primo a introdurre un attore distinto dal coro - atto fondante del teatro occidentale. Il teatro di Atene era esso stesso un luogo di culto per Dioniso.
Dioniso: il dio del vino e dell'eccesso,Concetto,L'Apollineo e il Dionisiaco (Nietzsche),Opposizione filosofica tra l'ordine/ragione (Apollo) e il caos/ebbrezza (Dioniso) come motori della creazione artistica.
B,Personaggio,Andromeda,Principessa etiope salvata da Perseo da un mostro marino e divenuta sua sposa.
Enea e la fondazione di Roma (Virgilio),Concetto,La pietas romana,"Virtù fondamentale secondo Virgilio: devozione agli dei, alla patria e alla famiglia. Enea è il «pio Enea» - fugge da Troia portando il vecchio padre sulle spalle. Questo valore incarna l'ideale romano in opposizione alla hybris greca."
Enea e la fondazione di Roma (Virgilio),Concetto,La propaganda augustea,"L'Eneide fu scritta su commissione di Augusto per legittimare il regime imperiale iscrivendo Roma in un destino divino. La stirpe di Enea, figlio di Venere, diventa la stirpe di Cesare e di Augusto stesso - un racconto di fondazione politica quanto letteraria."
Gli dei aztechi e i sacrifici umani,Concetto,La cosmologia dei Cinque Soli e il debito cosmico,Gli dei avevano sacrificato il loro sangue per creare il quinto sole. Gli umani erano in debito perpetuo e dovevano ripagare con il sangue. Questa logica di scambio cosmico rendeva i sacrifici moralmente necessari nella visione azteca del mondo.
Gli dei aztechi e i sacrifici umani,Concetto,"Huitzilopochtli, il dio solare","Dio del Sole e della guerra, protettore dei Mexica. Poiché il sole deve «combattere» l'oscurità ogni mattina, ha bisogno del sangue dei guerrieri catturati per compiere il suo viaggio quotidiano e sorgere di nuovo."
Il Mahabharata,Concetto,La Bhagavad-Gita come testo filosofico,"I 18 capitoli di dialogo tra Krishna e Arjuna costituiscono un testo filosofico maggiore, indipendente dal resto dell'epopea. Krishna insegna l'azione disinteressata (karma yoga), la devozione (bhakti) e la conoscenza (jnana) come vie di liberazione."
Il Mahabharata,Concetto,L'oralità e la trasmissione delle epopee indiane,"Come Omero, il Mahabharata fu inizialmente un'epopea orale memorizzata e recitata dai griot. La sua trascrizione si estese su diversi secoli. Questi testi sono ancora recitati e cantati in tutta l'India, vivi come non mai."
"Lancillotto, Ginevra e la Tavola Rotonda",Concetto,L'amor cortese medievale (fin'amor),"Codice sociale che glorifica l'amore segreto e inacessibile di un cavaliere per una dama (spesso sposata). Lancillotto e Ginevra ne sono l'esempio perfetto. Questa passione adultera, distruttrice ma sublime, è al cuore della letteratura medievale."
"Lancillotto, Ginevra e la Tavola Rotonda",Concetto,La ricerca del Graal e il cristianesimo medievale,"Il Graal fu cristianizzato: calice dell'Ultima Cena o coppa che raccolse il sangue di Cristo. La ricerca diventa una ricerca spirituale di purezza. Solo Galaad - puro e senza peccato - può raggiungerlo. Lancillotto, macchiato dal suo amore per Ginevra, fallisce."
Merlino l'Incantatore,Concetto,La figura dell'arcimago nella letteratura,Merlino è il prototipo dell'arcimago: Gandalf (Tolkien) e Silente (Rowling) ne sono discendenti diretti. Il vecchio saggio dai poteri misteriosi che guida l'eroe è un archetipo narrativo quasi universale.
Merlino l'Incantatore,Concetto,La profezia nella cultura medievale,"Le profezie di Merlino compilate da Goffredo di Monmouth (1136) divennero un genere letterario autonomo, molto popolare nel Medioevo. Erano reinterpretate a ogni evento politica maggiore - come l'Apocalisse di Giovanni nel mondo cristiano."
Le mille e una notte (Sherazade),Concetto,L'orientalismo europeo,"Fascino e idealizzazione dell'Oriente da parte degli europei, spesso stereotipata. Le mille e una notte, in particolare nella traduzione di Antoine Galland (1704), alimentarono questo orientalismo: harem, califfi, geni divennero l'immagine standard del mondo arabo in Europa."
Le mille e una notte (Sherazade),Concetto,Le storie a incastro (cornice narrativa),"Tecnica narrativa: delle storie sono incastrate l'una nell'altra. Ereditata dalla tradizione indiana, fu portata al suo apogeo da Sherazade e influenzerà Boccaccio, Chaucer, Cervantes, poi Borges e il racconto postmoderno."
Sindbad il marinaio,Concetto,Le rotte commerciali arabe medievali,"Dal VII al XIV secolo, i mercanti arabi dominarono il commercio marittimo dell'Oceano Indiano. Le avventure di Sindbad riflettono queste reti reali, le merci esotiche (spezie, seta, porcellana) e i pericoli delle navigazioni lontane."
Sindbad il marinaio,Personaggio,Marco Polo come parallelo occidentale,Marco Polo (1254-1324) fece il viaggio inverso di Sindbad: da Venezia verso la Cina di Kubilai Khan. I suoi racconti sembravano favolosi quanto quelli di Sindbad. Il Milione influenzò direttamente Colombo nei suoi piani di viaggio verso l'Asia.
I Titani contro gli Dei: la Titanomachia completa,Concetto,La Gigantomachia (seguito della Titanomachia),"Dopo la Titanomachia, gli Olimpi dovettero affrontare i Giganti (nati dal sangue di Urano), quasi invincibili. Questa seconda guerra degli dei prefigura le tensioni permanenti tra l'ordine olimpico e le forze primordiali del caos."
I Titani contro gli Dei: la Titanomachia completa,Personaggio,Prometeo non combattente,"Prometeo non partecipò alla Titanomachia, avendo previsto per profezia che Zeus avrebbe vinto. Questa neutralità gli conservò la libertà - il che gli permise in seguito di rubare il fuoco per gli umani. La sua posizione particolare spiega il suo ruolo unico."
Ra e la creazione del mondo (Egitto),Concetto,La cosmogonia eliopolitana,"Sistema teologico centrato su Eliopoli («città del sole»), che affermava che Atum/Ra era il dio creatore primigenio. Fu in concorrenza con altri centri (Memfi: Ptah, Tebe: Amon) le cui teologie coesistettero e si fusero."
Ra e la creazione del mondo (Egitto),Concetto,Il sincretismo divino egizio,"Gli dei egizi potevano fondersi: Ra-Atum, Amon-Ra, Osiride-Ra. Questo sincretismo permetteva di integrare divinità locali senza eliminarle. La religione egizia era così inclusiva e in perpetua evoluzione nell'arco di 3.000 anni."
La nascita del conflitto israelo-palestinese,Concetto,Il sionismo,"Movimento politica fondato da Theodor Herzl (Lo Stato ebraico, 1896) che propugna la creazione di un focolare nazionale ebraico in risposta all'antisemitismo europeo. Propose inizialmente l'Argentina o l'Uganda prima di stabilirsi sulla Palestina storica."
La nascita del conflitto israelo-palestinese,Evento correlato,La Dichiarazione Balfour (1917),"Lettera del ministro britannico Balfour che prometteva il sostegno britannico allo «stabilimento di un focolare nazionale per il popolo ebraico» in Palestina, pur preservando i diritti delle «comunità non ebraiche». Questa tensione fondatrice non è mai stata risolta."
La rivalità Cina-Stati Uniti,Concetto,La guerra commerciale e i dazi doganali,"A partire dal 2018, gli Stati Uniti (Trump) imposero dazi doganali massicci sui prodotti cinesi, a cui la Cina rispose in egual misura. Questa guerra commerciale riflette una rivalità tecnologica e geopolitica più profonda dei soli scambi."
La rivalità Cina-Stati Uniti,Concetto,Il «decoupling» tecnologico,Strategia americana volta a separare le catene di approvvigionamento tecnologiche tra i due paesi. Le sanzioni su Huawei e il divieto di vendita di semiconduttori avanzati alla Cina riflettono il timore di un utilizzo militare delle tecnologie americane.
Le tensioni intorno a Taiwan,Concetto,TSMC (Taiwan Semiconductor Manufacturing Company),Produttore taiwanese che produce circa il 92% dei chip più avanzati del Mondo. Questa dipendenza globale spiega perché un'invasione cinese provocherebbe una catastrofe economica mondiale - il «silicon shield» di Taiwan.
Le tensioni intorno a Taiwan,Concetto,L'ambiguità strategica americana,"Politica americana che riconosce «una sola Cina» senza riconoscere la sovranità di Pechino su Taiwan, e vende armi senza promettere esplicitamente una difesa militare. Questa ambiguità deliberata è intesa a dissuadere l'invasione evitando al contempo di provocare Pechino."
Il concetto di mondo «multipolare»,Concetto,Il «momento unipolare» di Krauthammer,"Krauthammer descrisse (1990) il dopo-Guerra fredda come un «momento unipolare» con gli Stati Uniti come unica superpotenza. Prevedeva che sarebbe durato dai 30 ai 40 anni - previsione corretta, essendosi il momento unipolare concluso verso il 2008-2010."
Il concetto di mondo «multipolare»,Concetto,I BRICS,"Acronimo che designa Brasile, Russia, India, Cina, Sudafrica, allargato a diversi paesi dal 2024. Questo raggruppamento incarna la multipolarità: potenze che rifiutano l'ordine liberale occidentale senza tuttavia formare un blocco coerente alternativo."
Il petrolio come fonte di conflitti,Concetto,La «maledizione delle risorse»,"Paradosso economico: i paesi ricchi di risorse naturali (petrolio, diamanti) conoscono spesso una crescita più debole e dei conflitti più frequenti. La «rendita» petrolifera crea degli Stati predatori e scoraggia la diversificazione economica."
Il petrolio come fonte di conflitti,Concetto,Il picco del petrolio (peak oil),"Teoria di Hubbert (1956) che predice che la produzione mondiale di petrolio raggiungerebbe un picco per poi declinare. La rivoluzione del petrolio di scisto americano ha spostato questo limite, ma il dibattito sull'esaurimento delle risorse resta centrale."
Il Canale di Suez: perché è strategico,Concetto,La crisi di Suez (1956),"Quando Nasser nazionalizzò il canale, la Francia, la Gran Bretagna e Israele invasero l'Egitto. Sotto la pressione americana (Eisenhower minacciò di far crollare la sterlina), dovettero ritirarsi - segnando la fine della potenza coloniale franco-britannica."
Il Canale di Suez: perché è strategico,Evento correlato,L'Ever Given (marzo 2021),"Portacontainer di 400 m che si incagliò di traverso nel canale per 6 giorni, bloccando 400 navi. Costò 400 milioni di dollari l'ora all'economia mondiale, illustrando perfettamente l'importanza strategica del canale nelle catene mondiali."
La NATO: a cosa serve ancora?,Concetto,L'articolo 5 del Trattato del Nord Atlantico,"Clausola di difesa collettiva: un attacco contro un membro è un attacco contro tutti. Invocata una sola volta nella storia della NATO - il 12 settembre 2001, dopo l'11 settembre. La sua portata esatta resta deliberatamente ambigua."
La NATO: a cosa serve ancora?,Concetto,L'allargamento della NATO verso Est,"Dal 1991, la NATO ha accolto 14 nuovi membri tra cui ex repubbliche sovietiche. La Russia considera questo allargamento come una minaccia esistenziale - argomento utilizzato per giustificare l'invasione dell'Ucraina nel 2022."
L'ONU: potente o impotente?,Concetto,La Responsabilità di proteggere (R2P),"Principio adottato dall'ONU nel 2005: la comunità internazionale può intervenire in uno Stato sovrano per proteggere dei civili in pericolo. Sviluppato negli anni '90 dopo l'inazione in Ruanda e in Bosnia, la sua applicazione resta molto selettiva."
L'ONU: potente o impotente?,Luogo / istituzione,Le agenzie specializzate dell'ONU,"L'ONU comprende agenzie con mandati precisi: OMS (salute mondiale), UNICEF (infanzia), FAO (alimentazione), UNESCO (cultura), UNHCR (rifugiati). Queste agenzie ottengono spesso risultati concreti laddove il Consiglio di sicurezza è bloccato dal veto."
La Russia di Putin,Concetto,Il KGB e il FSB,"Il KGB sovietico fu sciolto nel 1991 e sostituito dal FSB (interno) e dal SVR (estero). Putin, ex ufficiale del KGB a Dresda, ha ampiamente promosso ex membri del KGB (i «siloviki») a posizioni chiave del potere russo."
La Russia di Putin,Concetto,La «democrazia sovrana»,"Concetto sviluppato dall'ideologo Vladislav Surkov: la Russia ha la propria forma di democrazia adatta alla sua storia, non soggetta agli standard liberali occidentali. Critica: questo concetto giustifica di fatto l'autoritarismo ribattezzandolo «sovranità culturale»."
La guerra in Ucraina spiegata,Concetto,Il memorandum di Budapest (1994),"Accordo con cui l'Ucraina rinunciò alle 1.900 testate nucleari sovietiche ereditate, in cambio di garanzie di sicurezza da parte della Russia, degli Stati Uniti e del Regno Unito. La Russia lo ha violato già nel 2014, il che tormenta le discussioni ucraine sulla sicurezza."
La guerra in Ucraina spiegata,Concetto,Il Donbass e le repubbliche separatiste,Regione industriale dell'est dell'Ucraina dove i separatisti filo-russi proclamarono delle «repubbliche» con il sostegno militare russo nel 2014. Questo conflitto di «bassa intensità» (14.000 morti) precedette l'invasione totale del 24 febbraio 2022.
Come funziona il prezzo del petrolio?,Concetto,Il mercato a termine (futures) del petrolio,"Contratti con i quali acquirenti e venditori si impegnano a una transazione futura a un prezzo fissato oggi. Gli speculatori senza intenzione di consegna fisica rappresentano la grande maggioranza delle transazioni, amplificando le fluttuazioni dei prezzi."
Come funziona il prezzo del petrolio?,Evento,La rivoluzione del petrolio di scisto americano,"Sviluppo massiccio della produzione americana nel XXI secolo grazie alla fratturazione idraulica, modificando l'equilibrio geopolitico mondiale dell'energia."
I paradisi fiscali spiegati,Concetto,Il segreto bancario svizzero,"La Svizzera ha mantenuto per decenni un segreto bancario assoluto, proteggendo penalmente i banchieri che rifiutavano di divulgare l'identità dei loro clienti. Questo segreto, eroso dal 2010 sotto la pressione internazionale, aveva reso la Svizzera il primo paradiso fiscale mondiale."
I paradisi fiscali spiegati,Concetto,I prezzi di trasferimento,"Meccanismo di ottimizzazione fiscale: una filiale in un paese normale «acquista» servizi da una filiale in un paradiso fiscale, a prezzi sopravvalutato. Gli utili vengono così trasferiti verso la giurisdizione a bassa tassazione, riducendo il carico fiscale globale."
L'evasione fiscale delle multinazionali,Concetto,Il «doppio irlandese» (Dutch Sandwich),"Struttura fiscale che utilizza filiali irlandesi e olandesi per trasferire i diritti di proprietà intellettuale verso le Bermuda. Apple, Google e Facebook l'hanno utilizzata fino alla sua progressiva eliminazione (2020), pagando aliquote effettive inferiori al 2%."
L'evasione fiscale delle multinazionali,Concetto,"L'imposta minima globale del 15% (OCSE, 2021)","Accordo firmato da 136 paesi per imporre un'aliquota minima del 15% sui profitti delle multinazionali, indipendentemente dal paese di dichiarazione. Primo grande accordo fiscale internazionale della Storia, mira a porre fine alla «corsa al ribasso» fiscale."
La crisi dello Stato sociale,Concetto,Il rapporto Beveridge (1942),"Documento dell'economista britannico Beveridge che pone le fondamenta dello Stato sociale: protezione universale contro i «cinque Giganti» (povertà, malattia, ignoranza, insalubrità, ozio). Ha ispirato la creazione del NHS e i sistemi sociali del dopoguerra."
La crisi dello Stato sociale,Concetto,La pensione a ripartizione vs capitalizzazione,"A ripartizione: i lavoratori finanziano gli attuali pensionati. Con l'invecchiamento, meno lavoratori finanziano più pensionati. A capitalizzazione: risparmio individuale soggetto alle incertezze dei mercati. Il dibattito sulla «giusta» riforma è universale nei paesi sviluppati."
Le disuguaglianze Nord-Sud,Concetto,La «curva dell'elefante» (Milanovic),"Grafico dell'economista Milanovic: tra il 1988 e il 2008, la classe media asiatica e i ricchissimi mondiali sono progrediti di più, mentre la classe operaia dei paesi ricchi ristagnava. Questa curva spiega in parte l'ascesa del populismo occidentale."
Le disuguaglianze Nord-Sud,Concetto,Le ragioni di scambio ineguali,"I paesi poveri esportano materie prime a basso prezzo e importano prodotti manufatti costosi. Questa struttura ereditata dal colonialismo perpetua una dipendenza economica: quando le ragioni di scambio delle materie prime scendono, questi paesi si impoveriscono ulteriormente."
Il debito globale,Concetto,La teoria keynesiana del debito,"Per Keynes (1936), lo Stato deve indebitarsi per spendere durante le recessioni. Il debito pubblico è uno strumento di gestione economica, non un problema morale. Questa Teoria giustifica i piani di rilancio come il New Deal o gli stimoli post-COVID."
Il debito globale,Concetto,La Teoria Monetaria Moderna (MMT),"Approccio che afferma che uno Stato che prende in prestito nella propria valuta (Stati Uniti, Giappone) non può tecnicamente fallire - può sempre creare moneta. L'unico rischio è l'inflazione. Giustifica deficit significativi finché l'inflazione rimane sotto controllo."
"L'economia di piattaforma (Uber, Airbnb...)",Concetto,L'effetto di rete,"Una piattaforma diventa più preziosa man mano che il numero di utenti aumenta. Facebook, Uber, Amazon: più utenti ci sono, migliore è il servizio, il che attira ancora più utenti - creando monopoli naturali quasi insormontabili."
"L'economia di piattaforma (Uber, Airbnb...)",Concetto,La gig economy e l'uberizzazione,"Economia del «lavoro a cottimo» in cui gli individui offrono i propri servizi tramite piattaforme senza un contratto permanente. Essa indebolisce le tutele sociali tradizionali (pensione, disoccupazione) offrendo al contempo flessibilità ai lavoratori."
Il ruolo dei dati (il «petrolio del XXI secolo»),Concetto,Il GDPR europeo (2018),"Regolamento Generale sulla Protezione dei Dati - la Legge più ambiziosa di protezione dei dati personali. Conferisce ai cittadini europei il diritto di accedere ai propri dati, di correggerli e di eliminarli. Le aziende globali sono soggette alle sue regole."
Il ruolo dei dati (il «petrolio del XXI secolo»),Concetto,Il capitalismo della sorveglianza (Zuboff),Concetto di Shoshana Zuboff: i GAFAM hanno creato un modello basato sulla cattura dei comportamenti umani per venderli come previsioni agli inserzionisti. L'essere umano diventa la «materia prima» di un mercato economico invisibile.
Il divario digitale globale,Concetto,Il M-Pesa keniota,"Servizio di pagamento mobile (2007) che permette di inviare denaro tramite SMS senza conto bancario. Divenuto il sistema di pagamento dominante in Kenya e in diversi paesi africani, dimostra che i paesi in via di sviluppo possono «saltare» alcune tappe tecnologiche."
Il divario digitale globale,Concetto,Starlink (SpaceX),Costellazione di satelliti che offre Internet a banda larga in aree prive di infrastrutture terrestri. Può trasformare l'accesso a Internet nelle zone rurali dei paesi in via di sviluppo ma rimane costoso. Utilizzato anche dall'Ucraina nella sua guerra contro la Russia.
La disinformazione e le fake news,Concetto,Le bolle di filtraggio (filter bubbles),"Gli algoritmi dei social network personalizzano i contenuti in base ai gusti passati, creando delle «bolle» in cui ogni utente vede solo ciò che conferma le proprie convinzioni. Ciò polarizza i dibattiti e favorisce la disinformazione su vasta scala."
La disinformazione e le fake news,Concetto,L'Internet Research Agency (IRA) russa,"Fabbrica di troll di San Pietroburgo finanziata da Prigožin, che impiega centinaia di persone per creare falsi profili e manipolare l'opinione pubblica americana ed europea. Messa in luce durante l'inchiesta Mueller sulle elezioni del 2016."
Il buco nell'ozono (e la sua guarigione),Concetto,I clorofluorocarburi (CFC),"Composti chimici sintetici inventati negli anni '20, utilizzati come refrigeranti e propellenti per aerosol. Chimicamente stabili, salgono nella Stratosfera dove distruggono l'ozono - un effetto ignorato per decenni dopo la loro invenzione."
Il buco nell'ozono (e la sua guarigione),Evento correlato,Il Protocollo di Montréal (1987),"Trattato internazionale che proibisce progressivamente i CFC, ratificato da 197 paesi - l'unico trattato della storia ratificato da tutti gli Stati membri dell'ONU. Considerato come il più grande successo della diplomazia ambientale."
La crisi della biodiversità,Concetto,I servizi ecosistemici,"Benefici che gli ecosistemi forniscono gratuitamente: impollinazione, purificazione dell'acqua, regolazione del clima, prevenzione delle inondazioni. La Dasgupta Review (2021) li stima a 125.000 miliardi di dollari all'anno - molto più del PIL mondiale."
La crisi della biodiversità,Concetto,I punti di non ritorno ecologici,"Soglie nei sistemi naturali oltre le quali si verificano cambiamenti rapidi e irreversibili: scioglimento dei ghiacci artici, morte delle barriere coralline, deperimento delle foreste. Superati questi punti, il ritorno allo stato precedente diventa impossibile."
L'economia circolare,Concetto,"La regola delle 3R (Ridurre, Riutilizzare, Riciclare)","Gerarchia di gestione dei rifiuti in ordine di priorità. Ridurre innanzitutto il consumo, poi riutilizzare i prodotti esistenti, quindi riciclare come ultima risorsa. L'ordine è cruciale: il riciclo consuma molta energia e non risolve il sovraconsumo."
L'economia circolare,Concetto,L'obsolescenza programmata,"Strategia industriale consistente nel progettare prodotti destinati a essere sostituiti rapidamente. Apple, Samsung e molti produttori di elettronica sono accusati di questa pratica - componenti non sostituibili, batterie non rimovibili, aggiornamenti che costringono l'acquisto di nuovi dispositivi."
Perché le api sono vitali?,Concetto,Il colony collapse disorder,"Fenomeno documentato dal 2006: interi alveari scompaiono senza spiegazione, le api lasciano l'alveare e non ritornano. Le cause sono multifattoriali: pesticidi neonicotinoidi, Varroa destructor, perdita di habitat, patogeni combinati."
Perché le api sono vitali?,Concetto,I neonicotinoidi,"Pesticidi assorbiti da tutta la pianta, compresi il nettare e il polline, paralizzando il sistema nervoso degli insetti. Vietati per alcune colture in Europa dal 2018, nonostante la resistenza dell'agroindustria, rimangono autorizzati in molti paesi."
L'innalzamento del livello del mare,Concetto,La banchisa artica e l'effetto albedo,"Contrariamente alla banchisa (la cui fusione non fa innalzare il livello delle acque), la fusione dei ghiacci della Groenlandia e dell'Antartide fa innalzare gli oceani direttamente. Inoltre, l'acqua scura che sostituisce il ghiaccio bianco assorbe più calore, accelerando il riscaldamento."
L'innalzamento del livello del mare,Concetto,Le mareggiate e le inondazioni centenarie,Le tempeste combinate all'innalzamento del livello delle acque creano dei «sovralzi» temporanei ben superiori al livello medio. Un innalzamento del livello del mare di 50 cm può moltiplicare per 10 la frequenza di inondazioni che venivano definite «centenarie» - eventi rari diventano comuni.
L'IA e l'occupazione,Concetto,I Luddisti (1811-1816),"Operai tessitori inglesi che distruggevano le macchine per tessere meccaniche. Spesso caricaturati come anti-progresso, protestavano in realtà contro il degrado delle loro condizioni di lavoro e dei salari causato dalla meccanizzazione senza protezioni sociali."
L'IA e l'occupazione,Concetto,Il reddito di base universale (RUB),"Versamento regolare di una somma fissa a tutti i cittadini, senza condizioni. Visto come risposta all'automatizzazione. Esperimenti in Finlandia, Kenya e California danno risultati incoraggianti ma la loro generalizzazione rimane molto dibattuta economicamente."
Il populismo: perché sta crescendo ovunque?,Concetto,Il divario culturale (valori) vs economico (classi),Inglehart e Norris dimostrano che il populismo è tanto culturale quanto economico: i «perdenti» della globalizzazione e della rivoluzione culturale si ritrovano in partiti che difendono i loro valori tradizionali contro un'élite cosmopolita percepita come sprezzante.
Il populismo: perché sta crescendo ovunque?,Concetto,Le democrazie illiberali (Orbán),"Concetto rivendicato dal Primo ministro ungherese Viktor Orbán (2014): un regime democraticamente eletto ma che limita i contropoteri (stampa, giustizia, ONG). Questo modello, praticato anche da Erdogan e Modi, mette in discussione la nozione di democrazia liberale."
La salute mentale come sfida sociale,Concetto,Il burn-out (esaurimento professionale),"Sindrome di esaurimento cronico causata dal sovraccarico di lavoro, riconosciuta dall'OMS dal 2019 come fenomeno professionale. Si caratterizza per l'esaurimento emotivo, la depersonalizzazione e la riduzione del senso di realizzazione."
La salute mentale come sfida sociale,Concetto,L'ipotesi smartphone e salute mentale (Haidt),Lo psicologo Jonathan Haidt sostiene che l'adozione di massa degli smartphone da parte degli adolescenti a partire dal 2012 sia la causa principale dell'epidemia di depressione e ansia tra i giovani. Il dibattito scientifico resta acceso.
L'UE: come funziona davvero?,Concetto,La Commissione europea e il monopolio dell'iniziativa legislativa,"Solo la Commissione europea (non eletta, nominata dai governi) può proporre leggi europee. Il Parlamento eletto può emendare o respingere, ma non può proporre autonomamente una legislazione. Questo deficit democratico è una delle principali critiche strutturali all'UE."
L'UE: come funziona davvero?,Concetto,L'unanimità nel Consiglio dell'UE,"In molti settori (fiscalità, politica estera), le decisioni richiedono l'unanimità dei 27 Stati membri. Un singolo Stato può bloccare tutto - il che rende l'UE difficile da governare durante le crisi e spiega la lentezza decisionale spesso criticata."
La libertà di stampa nel mondo,Luogo / istituzione,Reporters Sans Frontières (RSF),ONG fondata nel 1985 che pubblica ogni anno la Classifica mondiale della libertà di stampa valutando 180 paesi. Il suo indice 2024 pone la Norvegia in testa e la Corea del Nord e l'Eritrea in coda.
La libertà di stampa nel mondo,Concetto,La concentrazione dei media e l'indipendenza editoriale,"In molte democrazie, dei miliardari (Murdoch, Bolloré) hanno acquisito dei media, sollevando questioni sulla loro indipendenza. In Francia nel 2024, la grande maggioranza della stampa è detenuta da una dozzina di miliardari."
Le migrazioni climatiche,Concetto,Il vuoto giuridico del «rifugiato climatico»,La Convenzione di Ginevra non riconosce gli spostamenti climatici come motivo d'asilo. Le persone che fuggono da L'innalzamento del livello del mare non hanno alcuna protezione giuridica internazionale - uno dei cantieri più urgenti del diritto internazionale attuale.
Le migrazioni climatiche,Evento correlato,Le Maldive e le nazioni a rischio estinzione,"Le isole Maldive, a 1,5 m di altitudine massima, minacciate di sparizione in questo secolo. Il governo maldiviano ha acquistato terre in Australia come piano B di rilocalizzazione nazionale - caso unico e tragico nella Storia degli Stati."
La blockchain e le criptovalute,Concetto,La prova di lavoro (Proof of Work),Meccanismo attraverso il quale i minatori di Bitcoin risolvono calcoli complessi per convalidare le transazioni. Questo processo consuma quanta elettricità alcuni paesi ed è criticato per la sua impronta ambientale colossale.
La blockchain e le criptovalute,Personaggio,Satoshi Nakamoto,"Pseudonimo dell'inventore (o gruppo di inventori) del Bitcoin, che ha pubblicato il libro bianco fondatore nel 2008 ed è scomparso nel 2010. La sua identità resta sconosciuta."
Il diritto d'asilo spiegato,Concetto,La Convenzione di Ginevra (1951),"Trattato fondatore del diritto dei profughi, firmato dopo gli spostamenti della Seconda guerra mondiale. Definisce il profugo e stabilisce il principio di non-respingimento - divieto di espellere qualcuno verso un paese in cui la sua vita è minacciata."
Il diritto d'asilo spiegato,Concetto,Il principio di non-respingimento,"Principio cardine del diritto dei profughi: nessuno Stato può rinviare una persona verso un territorio dove la sua vita o la sua libertà sarebbero minacciate. Riconosciuto come norma imperativa del diritto internazionale, si impone anche agli Stati che non hanno ratificato la Convenzione di Ginevra."
La sicurezza alimentare globale,Luogo / istituzione,La FAO (Organizzazione per l'alimentazione e l'agricoltura),"Agenzia dell'ONU fondata nel 1945 il cui mandato è di sradicare la fame e di assicurare la sicurezza alimentare mondiale. Raccoglie le statistiche agricole, coordina l'aiuto alimentare d'urgenza e promuove pratiche agricole sostenibili."
La sicurezza alimentare globale,Concetto,La rivoluzione verde,"Innovazioni agricole degli anni 1960-70 (nuove varietà ad alto rendimento, fertilizzanti chimici, irrigazione) che moltiplicarono la produzione alimentare mondiale. Norman Borlaug ricevette il Nobel per la pace 1970 - la rivoluzione verde salvò centinaia di milioni di vite."
L'acqua: prossima fonte di conflitti?,Concetto,Lo stress idrico,Situazione in cui la domanda d'acqua supera le risorse disponibili o quando la qualità dell'acqua ne limita l'uso. Si parla di carenza grave sotto la soglia di 1.000 m³ per abitante/anno.
L'acqua: prossima fonte di conflitti?,Evento correlato,La Grande Diga della Rinascita etiope (GERD),"Diga costruita dall'Etiopia sul Nilo Azzurro dal 2011, che ridurrà la portata verso l'Egitto e il Sudan. L'Egitto ha minacciato di entrare in guerra se la costruzione fosse proseguita - illustrazione delle crescenti tensioni sulle risorse idriche transfrontaliere."
Il soft power americano,Concetto,L'egemonia culturale (Gramsci),Concetto del teorico Antonio Gramsci: una classe dominante mantiene il proprio potere facendo accettare i suoi valori come naturali e universali. Joseph Nye adattò questa idea alle relazioni internazionali con il concetto di soft power.
Il soft power americano,Concetto,L'«effetto Bruxelles»,"Le norme regolamentari europee (GDPR, norme alimentari, ambientali) sono adottate a livello mondiale dalle multinazionali desiderose di accedere al mercato di 450 milioni di consumatori. L'UE esercita così un soft power regolamentare considerevole."
I GAFAM: potere e derive,Concetto,Gli effetti di rete e i monopoli naturali,Le piattaforme digitali tendono verso monopoli naturali: ogni nuovo utente rafforza il valore per tutti gli altri. Competere con Facebook o Amazon diventa quasi impossibile poiché il loro vantaggio di rete è insormontabile per un concorrente esordiente.
I GAFAM: potere e derive,Concetto,Il Digital Markets Act (DMA) europeo (2022),Legge europea volta a regolamentare i «gatekeeper» dei mercati digitali. Impone l'interoperabilità e vieta il favoritismo verso i propri servizi. È la regolamentazione dei GAFAM più ambiziosa al Mondo.
La transizione energetica,Concetto,L'Accordo di Parigi (2015) e gli obiettivi climatici,"Trattato firmato da 196 paesi per limitare il riscaldamento a 1,5°C al di sopra dei livelli preindustriali. Ogni paese fissa i propri obiettivi (NDC) - le ambizioni attuali portano a circa 2,5°C di riscaldamento secondo le proiezioni attuali."
La transizione energetica,Concetto,L'idrogeno verde,"Idrogeno prodotto dall'elettrolisi dell'acqua alimentata da energie rinnovabili. Permette di immagazzinare energia e di decarbonizzare settori difficili da elettrificare (acciaio, cemento, aviazione). Costoso oggi, è visto come chiave per la neutralità carbonica 2050."
Il futuro del lavoro,Concetto,La distruzione creatrice (Schumpeter),"Ogni innovazione distrugge posti di lavoro obsoleti e ne crea di nuovi. La storia sembra dare ragione a Schumpeter (dal contadino all'autista). La questione è sapere se l'IA, che colpisce anche i lavori qualificati, riprodurrà questo schema o lo spezzerà definitivamente."
Il futuro del lavoro,Concetto,La settimana di 4 giorni (32 ore),"Riduzione della settimana lavorativa con mantenimento dello stipendio. Esperimenti in Islanda, Giappone, Spagna e Gran Bretagna mostrano risultati positivi: produttività mantenuta o migliorata, benessere accresciuto, assenteismo ridotto."
La Cina e il suo modello economico,Concetto,Il Partito Comunista Cinese (PCC),"Partito unico al potere dal 1949, con 98 milioni di membri. Controlla lo Stato, l'esercito, i media e sempre di più l'economia. Il segretario generale (Xi Jinping dal 2012) è il vero dirigente del paese."
La Cina e il suo modello economico,Concetto,Il «capitalismo di Stato» cinese,"Modello unico: lo Stato orienta l'economia di mercato via imprese pubbliche, banche di Stato e piani quinquennali. Né socialismo puro né capitalismo liberale, combina i meccanismi di mercato con il controllo politico del Partito comunista."
La nascita dell'Islam (622),Altro,Beduini,"Nomadi arabi che vivono nel deserto, organizzati in tribù unite da legami di parentela."
La nascita dell'Islam (622),Altro,razzie,Attacchi rapidi condotti da tribù contro carovane o accampamenti nemici per impadronirsi di bestiame o merci.
La nascita dell'Islam (622),Concetto,Dhimma,Stato giuridico di 'protetto' concesso ai non musulmani monoteisti che vivono sotto l'autorità islamica.
La nascita dell'Islam (622),Altro,jizya,Imposta annuale pagata dalle popolazioni non musulmane (soggette alla Dhimma) in cambio della protezione dello Stato.
La nascita dell'Islam (622),Istituzione,Costituzione di Medina,"Editto emesso da Maometto poco dopo l'Egira, che regolava i rapporti tra i monoteisti (musulmani ed ebrei) e i clan dell'oasi di Medina."
L'appello di Urbano II e la 1ª Crociata (1095),Evento,Battaglia di Manzikert,"Sconfitta maggiore dell'Impero bizantino contro i turchi selgiuchidi nel 1071, che causò la perdita dell'Anatolia e il declino militare di Bisanzio."
L'appello di Urbano II e la 1ª Crociata (1095),Concetto,Pace di Dio,Movimento spirituale e sociale avviato dalla Chiesa nei secoli X e XI per limitare la violenza feudale e proteggere i non combattenti.
L'appello di Urbano II e la 1ª Crociata (1095),Evento,Concilio di Clermont,Assemblea ecclesiastica del 1095 durante la quale Urbano II lanciò il suo appello alla crociata.
L'appello di Urbano II e la 1ª Crociata (1095),Personaggio,Pietro l'Eremita,"Predicatore popolare che guidò la 'Crociata dei pezzenti', un'ondata disorganizzata che precedette quella dei baroni."
L'appello di Urbano II e la 1ª Crociata (1095),Personaggio,Boemondo di Taranto,"Principe normanno dell'Italia meridionale e uno dei principali capi militari della prima crociata, fondatore del principato d'Antiochia."
L'appello di Urbano II e la 1ª Crociata (1095),Altro,Difensore del Santo Sepolcro,"Titolo portato da Goffredo di Buglione, che rifiutò il titolo di re di Gerusalemme per umiltà religiosa."
L'appello di Urbano II e la 1ª Crociata (1095),Istituzione,Templari,"Ordine religioso e militare fondato nel 1119 per proteggere i pellegrini in Terra Santa, divenuto una delle maggiori potenze finanziarie."
L'appello di Urbano II e la 1ª Crociata (1095),Personaggio,Saladino,Sultano di origine curda che unificò il mondo musulmano e riconquistò Gerusalemme ai crociati nel 1187.
Il sacco di Roma da parte dei Visigoti (410),Concetto,ariana,"Corrente del cristianesimo primitivo, giudicata eretica dal concilio di Nicea, che considerava il Cristo non come l'eguale di Dio Padre."
Il sacco di Roma da parte dei Visigoti (410),Personaggio,San Girolamo,"Padre della Chiesa e traduttore della Bibbia in latino (la Vulgata), testimone dello shock psicologico suscitato dalla caduta di Roma."
Il sacco di Roma da parte dei Visigoti (410),Riferimento storico,Vandali,Popolo germanico che si impadronì dell'Africa del Nord romana e saccheggiò Roma a sua volta nel 455 in modo molto più devastante di Alarico.
Il sacco di Roma da parte dei Visigoti (410),Riferimento storico,Franchi,"Federazione di popoli germanici stanziati sul basso Reno, che finì per conquistare la Gallia sotto Clodoveo dopo il crollo dell'Impero."
Il sacco di Roma da parte dei Visigoti (410),Riferimento storico,Erulo,"Popolo germanico da cui proveniva Odoacre, il capo militare che depose l'ultimo imperatore d'Occidente."
L'incoronazione di Carlo Magno (800),Movimento,Longobardo,"Popolo germanico stabilitosi nel Nord Italia a partire dal VI secolo, il cui regno fu conquistato da Carlo Magno nel 774."
L'incoronazione di Carlo Magno (800),Movimento,Avari,"Popolo cavaliere nomade originario dell'Asia centrale, insediatosi nella pianura del Danubio, il cui impero fu distrutto dalle armate carolingie."
L'incoronazione di Carlo Magno (800),Luogo,Roncisvalle,"Passo dei Pirenei dove la retroguardia dell'esercito di Carlo Magno fu massacrata nel 778 dai Vasconi, Evento che ispirò la celebre 'Chanson de Roland'."
L'incoronazione di Carlo Magno (800),Istituzione,Conti,"Alti dignitari locali nominati dal sovrano per amministrare una provincia (la contea) a suo nome, dotati di poteri militari e giudiziari."
L'incoronazione di Carlo Magno (800),Altro,Denaro d'argento,"Moneta di riferimento imposta dalla riforma monetaria di Carlo Magno, che sostituì l'oro con l'argento come base del sistema economico europeo per diversi secoli."
La Magna Carta (1215),Personaggio,Filippo II Augusto,Re di Francia (1180-1223) che smantellò l'impero Plantageneto togliendo la Normandia e il Maine a Giovanni Senza Terra.
La Magna Carta (1215),Evento,Bouvines,"Battaglia decisiva del 1214 dove Filippo II Augusto sconfisse una coalizione comprendente l'Inghilterra, sigillando il destino di Giovanni Senza Terra."
La Magna Carta (1215),Opera,Bill of Rights,"Insieme dei primi dieci emendamenti della Costituzione degli Stati Uniti, che garantiscono le libertà individuali e limitano il potere federale."
La Magna Carta (1215),Personaggio,Eleanor Roosevelt,First lady degli Stati Uniti e figura chiave nella redazione della Dichiarazione universale dei diritti umani del 1948.
La Peste nera in Europa (1347-1353),Concetto,Pax Mongolica,"Periodo di relativa stabilità politica ed economica in Eurasia sotto l'Impero mongolo tra il XIII e il XIV secolo, che ha involontariamente facilitato la circolazione della peste."
La Peste nera in Europa (1347-1353),Luogo,Via della Seta,"Rete di rotte commerciali che collegavano l'Asia all'Europa, principale vettore di propagazione della peste dall'Oriente fino agli avamposti commerciali del Mar Nero."
La Peste nera in Europa (1347-1353),Luogo,Caffa,Avamposto commerciale genovese in Crimea (attuale Feodosia). L'assedio della città da parte dei Mongoli nel 1346 è considerato la porta d'ingresso della peste nel Mediterraneo.
La Peste nera in Europa (1347-1353),Personaggio,Galeno,"Medico greco dell'Antichità le cui teorie (in particolare quella degli umori) dominavano la medicina medievale, impedendo la comprensione dell'origine batterica della peste."
La Peste nera in Europa (1347-1353),Altro,Xenopsylla cheopis,"Nome scientifico della pulce del ratto, vero vettore di trasmissione del batterio Yersinia pestis dall'animale all'uomo."
La Peste nera in Europa (1347-1353),Movimento,Flagellanti,"Movimento religioso fanatico i cui membri si flagellavano pubblicamente in segno di penitenza per ottenere la fine dell'epidemia, considerata un castigo divino."
La Peste nera in Europa (1347-1353),Personaggio,Clemente VI,Papa con sede ad Avignone durante la Peste nera. Si distinse proteggendo gli ebrei dai pogrom e commissionando rapporti medici sul flagello.
La Peste nera in Europa (1347-1353),Personaggio,Boccaccio,"Scrittore italiano testimone della peste a Firenze. Il suo capolavoro, il Decameron, descrive con precisione l'impatto sociale e psicologico dell'epidemia sui suoi contemporanei."
Giovanna d'Arco e la Guerra dei cent'anni (1429),Concetto,Provvidenzialismo,Credenza secondo la quale Dio interviene direttamente nella storia umana e negli affari politici per compiere la sua volontà.
Giovanna d'Arco e la Guerra dei cent'anni (1429),Personaggio,Pierre Cauchon,"Vescovo di Beauvais e sostenitore degli inglesi, fu l'architetto del processo che condannò Giovanna d'Arco a Rouen."
Giovanna d'Arco e la Guerra dei cent'anni (1429),Evento,Castillon,Battaglia decisiva del 1453 che segna la fine effettiva della Guerra dei cent anni e l'espulsione quasi totale degli inglesi dal regno di Francia.
La caduta di Costantinopoli (1453),Personaggio,Costantino XI Paleologo,"Ultimo imperatore bizantino (1449-1453), morì in combattimento durante l'assalto finale a Costantinopoli."
La caduta di Costantinopoli (1453),Istituzione,Giannizzeri,"Corpo d'élite della fanteria ottomana, composto originariamente da prigionieri cristiani convertiti, famosi per la loro disciplina e la loro lealtà al sultano."
La caduta di Costantinopoli (1453),Luogo,Istanbul,"Nome assunto da Costantinopoli dopo la conquista ottomana, sebbene il nome ufficiale sia diventato Istanbul solo nel XX secolo."
L'impero azteco,Luogo,Aztlán,"Luogo d'origine mitico dei popoli aztechi, spesso situato a nord dell'attuale Messico o nel sud-ovest degli Stati Uniti."
L'impero azteco,Altro,Tlaxcaltechi,Popolo fiero nemico degli Aztechi che divenne il principale alleato militare di Hernán Cortés durante la conquista.
L'impero azteco,Altro,Vaiolo,Malattia infettiva di origine europea che fu il principale agente di mortalità durante la caduta dell'impero azteco.
L'impero azteco,Altro,Nahuatl,Lingua parlata dagli Aztechi e ancora praticata da numerose comunità in Messico oggi.
L'impero azteco,Istituzione,Nuova Spagna,Nome dato alla colonia spagnola stabilita sulle rovine dell'impero azteco dopo il 1521.
La scoperta dell'America (1492),Personaggio,Eratostene,Studioso greco del III secolo a.C. che fu il primo a calcolare la circonferenza della Terra con una precisione notevole grazie all'ombra proiettata dal sole.
La scoperta dell'America (1492),Istituzione,Capitolazioni di Santa Fe,"Contratto firmato nell'aprile 1492 tra Cristoforo Colombo e i Re Cattolici, che fissava le condizioni finanziarie e i titoli onorifici del navigatore in caso di successo."
La scoperta dell'America (1492),Personaggio,Pinzón,"Famiglia di ricchi armatori spagnoli, tra cui i fratelli Martín Alonso e Vicente Yáñez, che furono i veri sostenitori tecnici e finanziari della spedizione del 1492."
La scoperta dell'America (1492),Altro,Taíno,Popolo autoctono che abitava le Grandi Antille al momento dell'arrivo di Colombo; furono i primi a subire le conseguenze della colonizzazione spagnola.
La nascita dell'Islam (622),Altro,Quraysh,Potente tribù mercantile che controllava La Mecca e la Kaaba all'epoca di Muhammad.
La nascita dell'Islam (622),Concetto,Califfo,Successore di Muhammad a capo della comunità dei musulmani e dell'impero islamico (califfato).
L'appello di Urbano II e la 1ª Crociata (1095),Istituzione,Stati crociati,"Quattro Stati cristiani (contea di Edessa, principato di Antiochia, contea di Tripoli, regno di Gerusalemme) creati dai crociati in Medio Oriente alla fine dell'XI secolo."
Il sacco di Roma da parte dei Visigoti (410),Personaggio,Alarico I,"Re dei Visigoti ed ex ufficiale dell'esercito romano, guidò il suo popolo alla presa di Roma nel 410 dopo il fallimento dei negoziati con l'Impero."
Il sacco di Roma da parte dei Visigoti (410),Personaggio,Onorio,Imperatore romano d'Occidente (395-423) che spostò la capitale a Ravenna e fu incapace di impedire il sacco di Roma.
Il sacco di Roma da parte dei Visigoti (410),Luogo,Ravenna,Città d'Italia che divenne capitale dell'Impero d'Occidente nel 402 a causa della sua posizione strategica protetta dalle paludi.
Il sacco di Roma da parte dei Visigoti (410),Opera,La città di Dio,Trattato teologico e filosofico di Sant'Agostino scritto in seguito al sacco di Roma per giustificare il cristianesimo di fronte alle critiche pagane.
Il sacco di Roma da parte dei Visigoti (410),Personaggio,Romolo Augustolo,"Ultimo imperatore romano d'Occidente, deposto all'età di circa 15 anni dal capo Odoacre nel 476."
Il sacco di Roma da parte dei Visigoti (410),Personaggio,Odoacre,Capo militare Eruli che rovesciò l'Impero d'Occidente nel 476 e si stabilì come re d'Italia sotto la sovranità nominale di Costantinopoli.
La Magna Carta (1215),Personaggio,Innocenzo III,Papa (1198-1216) estremamente potente che scomunicò Giovanni Senzaterra prima di diventarne alleato e di annullare la Magna Carta su sua richiesta.
La Magna Carta (1215),Personaggio,Stephen Langton,Arcivescovo di Canterbury la cui nomina fu all'origine del conflitto tra Giovanni Senzaterra e il Papa. Giocò un ruolo di mediatore e di architetto intellettuale della Carta.
La Magna Carta (1215),Personaggio,Edward Coke,Giurista inglese del XVII secolo che riattivò l'uso della Magna Carta per opporsi all'assolutismo reale degli Stuart.
La Peste nera in Europa (1347-1353),Altro,Piccola era glaciale,"Periodo di raffreddamento climatico iniziato nel XIV secolo, responsabile di cattivi raccolti e carestie che indebolirono la resistenza immunitaria degli europei prima della peste."
La Peste nera in Europa (1347-1353),Istituzione,Orda d'Oro,"Impero mongolo stabilito sulle steppe russe e dell'Asia centrale, le cui armate assediarono Caffa e introdussero la peste presso gli avamposti commerciali europei."
Giovanna d'Arco e la Guerra dei cent'anni (1429),Riferimento storico,Armagnacchi,Fazione della nobiltà francese fedele alla casa d'Orléans e alla legittimità dei Valois (Carlo VII) durante la guerra civile contro i Borgognoni.
La caduta di Costantinopoli (1453),Luogo,Corno d'Oro,"Estuario che sfocia nel Bosforo, formando un porto naturale protetto che separava la città di Costantinopoli dal suo sobborgo di Galata."
La caduta di Costantinopoli (1453),Altro,Mura teodosiane,"Sistema di fortificazioni terrestri di Costantinopoli eretto nel V secolo, celebre per la sua complessità e la sua invincibilità storica fino al 1453."
L'impero azteco,Concetto,Huitzilopochtli,"Dio del sole e della guerra presso gli Aztechi, guida spirituale della migrazione mexica e principale beneficiario dei sacrifici umani."
L'impero azteco,Personaggio,Montezuma II,Ultimo grande sovrano azteco regnante al momento dell'arrivo di Cortés. La sua gestione esitante dell'invasione ha facilitato la cattura di Tenochtitlán.
L'impero azteco,Luogo,Templo Mayor,"Doppia piramide al centro di Tenochtitlán dedicata a Huitzilopochtli e Tlaloc (dio della pioggia), cuore religioso e politico dell'impero."
La presa della Bastiglia (1789),Evento correlato,Guerra d'indipendenza americana,Conflitto (1775-1783) durante il quale la Francia aiutò le colonie americane a liberarsi dalla tutela britannica. Il costo finanziario di questo sostegno fu una delle cause principali del fallimento della monarchia francese.
La presa della Bastiglia (1789),Evento,Grande Paura,"Movimento di panico e di rivolta contadina che si estese nelle campagne francesi tra luglio e agosto 1789, portando alla distruzione dei registri signorili."
La strategia di Napoleone a Ulm (1805),Luogo,Foresta Nera,Massiccio montuoso nel sud-ovest della Germania da dove Mack pensava di veder arrivare Napoleone.
La strategia di Napoleone a Ulm (1805),Istituzione,Grande Armée,Nome dato da Napoleone alle forze militari francesi che comandò personalmente tra il 1805 e il 1814.
La battaglia di Waterloo (1815),Concetto,Posizione centrale,"Manovra tattica di Napoleone consistente nel posizionarsi tra due eserciti nemici per affrontarli separatamente, evitando così di essere sommerso dalla loro forza combinata."
La battaglia di Waterloo (1815),Altro,Grande Batteria,Concentrazione massiccia di cannoni raccomandata da Napoleone per sfondare le linee nemiche attraverso un bombardamento intensivo su un punto preciso.
La battaglia di Waterloo (1815),Concetto,Legittimità,Principio diplomatico post-1815 volto a restaurare le dinastie reali sui loro troni a scapito dei regimi nati dalla Rivoluzione o dall'Impero.
La battaglia di Waterloo (1815),Concetto,Quadrato,"Formazione difensiva della fanteria composta da diversi ranghi di soldati che formano un rettangolo, con le baionette rivolte verso l'esterno per spezzare le cariche di cavalleria."
La Comune di Parigi (1871),Istituzione,Guardia nazionale,"Milizia cittadina composta principalmente da parigini, dotata di proprie armi e capi eletti. Nel 1871, divenne il braccio armato della Comune."
La Comune di Parigi (1871),Altro,Federati,"Nome dato ai sostenitori della Comune di Parigi, poiché si rifacevano a una federazione di comuni autonomi."
La Comune di Parigi (1871),Personaggio,Louise Michel,"Soprannominata la 'Vergine rossa', è una delle figure principali della Comune, militante anarchica e ambulanziera sulle barricate."
La Belle Époque (1871-1914),Evento,Guerra franco-prussiana,"Conflitto del 1870-1871 che portò alla caduta di Napoleone III e all'unificazione della Germania, creando un duraturo risentimento francese (la perdita dell'Alsazia-Lorena)."
La Belle Époque (1871-1914),Evento,Prima guerra mondiale,Conflitto globale dal 1914 al 1918 che pose fine all'egemonia europea e trasformò radicalmente i confini e le società nazionali.
La Belle Époque (1871-1914),Personaggio,Sigmund Freud,"Medico austriaco, fondatore della psicanalisi. La sua opera 'L'interpretazione dei sogni' (1900) segna una rottura importante nella comprensione della psiche umana."
La Belle Époque (1871-1914),Concetto,Relatività,"Teoria fisica pubblicata da Albert Einstein nel 1905, che stravolse i concetti di spazio e di tempo ereditati dalla fisica classica."
La Belle Époque (1871-1914),Movimento,Art Nouveau,"Stile artistico della fine del XIX secolo caratterizzato da linee curve e motivi ispirati alla natura, che interessa l'architettura e la decorazione."
La Belle Époque (1871-1914),Movimento,fauvismo,Corrente pittorica francese dell'inizio del XX secolo che privilegia colori vivaci e arbitrari per esprimere emozioni piuttosto che la realtà.
La Belle Époque (1871-1914),Movimento,cubismo,"Movimento artistico d'avanguardia iniziato da Picasso e Braque, che scompone gli oggetti in forme geometriche semplici."
La battaglia di Verdun (1916),Evento,Gericht,"Nome in codice dell'operazione tedesca su Verdun, che significa « tribunale » o « giudizio » in tedesco, a illustrazione della volontà di Falkenhayn di giudicare e annientare l'esercito francese."
La battaglia di Verdun (1916),Luogo,Bar-le-Duc,"Città situata nelle retrovie del fronte di Verdun, punto di partenza della Voie Sacrée attraverso la quale transitavano i camion di rifornimento."
La battaglia di Verdun (1916),Concetto,Noria,"Sistema di rotazione delle truppe istituito da Pétain a Verdun, consistente nel far passare le divisioni sul fronte per una breve durata al fine di mantenerne l'efficacia in combattimento."
La battaglia di Verdun (1916),Luogo,Zone rosse,Territori talmente devastati dai combattimenti e inquinati da munizioni inesplose che lo Stato francese vi ha vietato ogni attività agricola o ricostruzione dopo la guerra.
La Rivoluzione russa (1917),Evento,Prima guerra mondiale,"Conflitto mondiale (1914-1918) che ha causato il crollo di diversi imperi, tra cui l'Impero russo, incapace di seguire il ritmo industriale del conflitto."
La Rivoluzione russa (1917),Istituzione,Douma,"Il parlamento russo creato dopo la rivoluzione del 1905. Nel 1917, era ampiamente ignorato dallo Zar Nicola II."
La Rivoluzione russa (1917),Altro,calendario giuliano,"Calendario utilizzato in Russia fino al 1918, che accusava 13 giorni di ritardo rispetto al calendario gregoriano occidentale (da cui lo scarto tra febbraio/marzo e ottobre/novembre)."
La Rivoluzione russa (1917),Concetto,Tesi di aprile,"Programma politico presentato da Lenin al suo ritorno dall'esilio, che sosteneva il passaggio immediato dalla rivoluzione borghese alla rivoluzione socialista."
La Rivoluzione russa (1917),Personaggio,Lev Trockij,Rivoluzionario marxista e organizzatore dell'Armata Rossa. Fu il cervello tecnico dell'insurrezione d'ottobre 1917.
La Rivoluzione russa (1917),Evento,Brest-Litovsk,"Trattato di pace firmato nel marzo 1918 tra la Russia bolscevica e la Germania, che formalizzò il ritiro russo dalla guerra al prezzo di pesanti perdite territoriali."
La Grande Depressione (1929),Concetto,sovrapproduzione,"Situazione in cui l'offerta di beni supera la domanda dei consumatori, comportando una caduta dei prezzi e un accumulo di scorte inutili."
La Grande Depressione (1929),Concetto,sopravvalutato,Si dice di un bene finanziario (azione o immobile) il cui prezzo di mercato è molto superiore al suo valore economico reale.
La Grande Depressione (1929),Concetto,corsa agli sportelli,"Fenomeno in cui un gran numero di clienti di una banca ritira simultaneamente i propri depositi per timore di un fallimento, provocando effettivamente la caduta dell'istituzione."
La Grande Depressione (1929),Personaggio,Herbert Hoover,"31º presidente degli Stati Uniti (1929-1933), spesso criticato per la sua incapacità di agire efficacemente di fronte all'inizio della crisi."
La Grande Depressione (1929),Concetto,deflazione,"Calo generalizzato e duraturo dei prezzi e dei salari, che spesso aggrava la crisi aumentando il peso reale dei debiti."
La Grande Depressione (1929),Luogo,Weimar,"Regime repubblicano in vigore in Germania tra il 1919 e il 1933, destabilizzato dall'instabilità economica e dall'ascesa degli estremismi."
La Grande Depressione (1929),Concetto,laissez-faire,Principio economico liberale che sostiene l'assenza di intervento dello Stato nei meccanismi di mercato.
La Grande Depressione (1929),Concetto,rilancio,Politica economica volta a stimolare la domanda e la produzione attraverso l'aumento della spesa pubblica.
La battaglia di Stalingrado (1942-1943),Evento,Operazione Blu,Il nome in codice dell'offensiva estiva della Wehrmacht nel 1942 mirata ai campi petroliferi del Caucaso.
La battaglia di Stalingrado (1942-1943),Istituzione,Luftwaffe,"L'aeronautica militare tedesca, che giocò un ruolo cruciale nei bombardamenti iniziali di Stalingrado."
La battaglia di Stalingrado (1942-1943),Personaggio,Hermann Göring,"Capo della Luftwaffe, aveva promesso a Hitler, a torto, che i suoi aerei avrebbero potuto rifornire la 6ª armata cerchiata attraverso l'aria."
Hiroshima e Nagasaki (1945),Personaggio,Leó Szilárd,Fisico di origine ungherese che concepì l'idea di reazione nucleare a catena e convinse Einstein a scrivere a Roosevelt per lanciare il programma atomico americano.
Hiroshima e Nagasaki (1945),Luogo,Jornada del Muerto,"Deserto del Nuovo Messico dove fu realizzato il test Trinity, scelto per il suo isolamento geografico."
Hiroshima e Nagasaki (1945),Movimento,Kamikaze,Unità di attacchi suicidi dell'esercito imperiale giapponese che lanciavano i loro aerei contro le navi alleate per causare il maggior danno possibile.
Hiroshima e Nagasaki (1945),Evento,Potsdam,"Conferenza tenutasi nel luglio 1945 dove gli Alleati (Truman, Stalin, Churchill/Attlee) discussero del destino del Giappone e dell'Europa del dopoguerra."
Hiroshima e Nagasaki (1945),Altro,Bockscar,Nome del bombardiere B-29 che sganciò la bomba atomica 'Fat Man' su Nagasaki il 9 agosto 1945.
Hiroshima e Nagasaki (1945),Luogo,Kokura,"Obiettivo primario designato per il secondo bombardamento atomico, salvata dalle condizioni meteorologiche che costrinsero il pilota a dirigersi verso Nagasaki."
Hiroshima e Nagasaki (1945),Evento,Gyokuon-hōsō,"Discorso radiofonico registrato dall'imperatore Hirohito e trasmesso il 15 agosto 1945, che annunciava la resa incondizionata del Giappone."
Hiroshima e Nagasaki (1945),Concetto,Hibakusha,"Termine giapponese che designa i sopravvissuti ai bombardamenti atomici di Hiroshima e Nagasaki, vittime di postumi fisici e discriminazioni."
Hiroshima e Nagasaki (1945),Concetto,Dissuasione nucleare,Dottrina strategica basata sulla minaccia dell'uso dell'arma nucleare per impedire a un avversario di sferrare un attacco.
Rosa Parks e Montgomery (1955),Evento correlato,Plessy v. Ferguson,Sentenza della Corte Suprema del 1896 che aveva convalidato le leggi segregazioniste secondo il principio 'separate but equal' (separati ma uguali).
Rosa Parks e Montgomery (1955),Luogo / istituzione,Highlander Folk School,Centro di formazione socialista e di educazione ai diritti civili nel Tennessee dove Rosa Parks ha appreso i metodi di resistenza non violenta.
Rosa Parks e Montgomery (1955),Legge,Civil Rights Act del 1964,Legge federale storica che ha posto fine a ogni forma di segregazione razziale nei luoghi pubblici e ha proibito la discriminazione nell'assunzione.
La crisi dei missili di Cuba (1962),Altro,Anadyr,"Nome in codice dell'operazione segreta sovietica volta a schierare truppe, aerei e missili nucleari a Cuba nel 1962."
La crisi dei missili di Cuba (1962),Concetto,Distensione,"Periodo della Guerra fredda (1962-1979) caratterizzato da una volontà di dialogo, di coesistenza pacifica e da trattati di limitazione degli armamenti nucleari."
La crisi dei missili di Cuba (1962),Luogo,Turchia,"Paese membro della NATO dove gli Stati Uniti avevano installato dei missili Giove, costituendo una delle ragioni della risposta sovietica a Cuba."
La crisi dei missili di Cuba (1962),Altro,SS-4,"Missili balistici sovietici a raggio intermedio schierati a Cuba, capaci di colpire la maggior parte del territorio americano."
La guerra d'Algeria (1954-1962),Concetto,dipartimenti francesi,"A differenza dei protettorati (Marocco, Tunisia), l'Algeria era dal 1848 divisa in tre dipartimenti francesi facenti capo al Ministero dell'Interno. Qualsiasi indipendenza era dunque considerata giuridicamente come una secessione dal territorio nazionale."
La guerra d'Algeria (1954-1962),Istituzione,poteri speciali,Legge votata nel 1956 dal Parlamento francese che affidava all'esercito i pieni poteri di polizia in Algeria per lottare contro l'insurrezione nazionalista.
La guerra d'Algeria (1954-1962),Concetto,guerriglia,"Tecnica di combattimento asimmetrica praticata dal FLN, basata su imboscate, attentati e l'uso della popolazione come rifugio, di fronte a un esercito convenzionale più potente."
La guerra d'Algeria (1954-1962),Evento,putsch dei generali,"Tentativo di colpo di Stato fallito ad Algeri nell'aprile 1961 da parte di quattro generali (Challe, Jouhaud, Zeller, Salan) opposti alla politica di autodeterminazione di Charles de Gaulle."
La guerra d'Algeria (1954-1962),Movimento,OAS,Organisation de l'Armée Secrète. Organizzazione terroristica clandestina partigiana dell'Algeria francese che ha moltiplicato gli attentati per impedire l'indipendenza tra il 1961 e il 1962.
La guerra d'Algeria (1954-1962),Altro,cessate il fuoco,Arresto ufficiale delle ostilità militari tra due forze belligeranti.
La guerra d'Algeria (1954-1962),Riferimento storico,harki,"Combattenti di fede musulmana arruolati come ausiliari nell'esercito francese. Abbandonati dalla Francia nel 1962, furono massacrati a migliaia in Algeria o confinati in campi nella metropoli."
La battaglia di Dien Bien Phu (1954),Personaggio,Hồ Chí Minh,"Fondatore del Partito comunista vietnamita e della lega Viet-Minh. Figura di spicco dell'indipendenza del Vietnam, divenne il presidente della Repubblica democratica del Vietnam."
La battaglia di Dien Bien Phu (1954),Luogo,Tonchino,"Parte settentrionale dell'attuale Vietnam, di cui Hanoi è il centro. È il cuore storico della resistenza del Viet-Minh durante la guerra d'Indocina."
La battaglia di Dien Bien Phu (1954),Altro,monsone,"Sistema di venti stagionali nell'Asia sud-orientale che provoca precipitazioni torrenziali da maggio a ottobre, trasformando il terreno di Dien Bien Phu in una palude impraticabile."
La battaglia di Dien Bien Phu (1954),Evento,guerra del Vietnam,"Conflitto (1955-1975) che oppose il Vietnam del Nord (comunista) al Vietnam del Sud (sostenuto dagli Stati Uniti), prolungando le tensioni nate dalla divisione del 1954."
Il genocidio armeno (1915-1916),Altro,millet,"Sistema amministrativo ottomano che organizzava le popolazioni per confessioni religiose, offrendo una certa autonomia alle minoranze protette dal sultano."
Il genocidio armeno (1915-1916),Movimento,Giovani Turchi,Partito politico nazionalista (Comitato Unione e Progresso) che prese il potere nel 1908 e radicalizzò la sua politica verso un panturchismo che escludeva le minoranze cristiane.
Il genocidio armeno (1915-1916),Concetto,diaspora,Dispersione di un popolo attraverso il Mondo dopo l'esilio dalla sua terra d'origine. La diaspora armena è nata dalla fuga dei sopravvissuti al genocidio.
Il genocidio armeno (1915-1916),Concetto,genocidio,"Sterminio fisico, intenzionale, sistematico e programmato di un gruppo umano a causa delle sue origini etniche, religiose o sociali."
La creazione dell'ONU (1945),Concetto,Governance mondiale,Tentativo di regolamentazione delle relazioni internazionali attraverso regole comuni e istituzioni condivise per risolvere i problemi che superano i confini di un singolo Stato.
La creazione dell'ONU (1945),Altro,Caschi blu,Militari messi a disposizione dell'ONU dagli Stati membri per condurre operazioni di mantenimento della pace nelle zone di conflitto.
La creazione dell'ONU (1945),Concetto,Isolazionismo,"Dottrina di politica estera che consiste, per uno Stato, nel non intervenire negli affari del Mondo al fine di preservare la propria indipendenza e i propri interessi immediati."
La nascita dell'UE: dalla CECA a Maastricht,Evento,Dichiarazione Schuman,"Discorso pronunciato il 9 maggio 1950 da Robert Schuman, considerato l'atto di nascita della costruzione europea."
La nascita dell'UE: dalla CECA a Maastricht,Concetto,PAC,"Politica Agricola Comune, istituita nel 1962 per garantire l'autosufficienza alimentare dell'Europa e modernizzare la sua agricoltura."
La nascita dell'UE: dalla CECA a Maastricht,Istituzione,Alta Autorità,"Organo esecutivo sovranazionale della CECA, antenato dell'attuale Commissione europea, indipendente dai governi nazionali."
La nascita dell'UE: dalla CECA a Maastricht,Concetto,mercato comune,"Spazio economico senza frontiere doganali in cui si applicano le quattro libertà di circolazione (merci, persone, servizi, capitali)."
Il genocidio ruandese (1994),Movimento,Fronte Patriottico Ruandese (FPR),"Movimento politico e militare formato da esiliati tutsi in Uganda. Guidato da Paul Kagame, ha lanciato l'offensiva che ha posto fine al genocidio nel luglio 1994."
Il genocidio ruandese (1994),Movimento,Hutu Power,"Ideologia estremista che propugna la supremazia degli Hutu e l'eliminazione fisica dei Tutsi, considerati come invasori stranieri."
Il genocidio ruandese (1994),Luogo,Somalia,"Riferimento alla battaglia di Mogadiscio (1993) dove dei soldati americani furono uccisi, il che ha raffreddato ogni volontà di intervento militare americano in Africa."
Il genocidio ruandese (1994),Evento,Turchese,"Operazione militare francese lanciata nel giugno 1994 sotto mandato dell'ONU, ufficialmente umanitaria, ma il cui ruolo nei confronti dei responsabili del genocidio in fuga rimane controverso."
Il genocidio ruandese (1994),Luogo,Zaire,"Antico nome della Repubblica Democratica del Congo (RDC), dove milioni di Hutu (profughi e responsabili del genocidio) sono fuggiti dopo la vittoria del FPR."
Il genocidio ruandese (1994),Istituzione,Gacaca,Tribunali comunitari ruandesi istituiti per giudicare gli esecutori del genocidio e favorire la riconciliazione nazionale.
Il genocidio ruandese (1994),Istituzione,Tribunale penale internazionale per il Ruanda (TPIR),Giurisdizione istituita dall'ONU con sede ad Arusha (Tanzania) per giudicare gli alti responsabili del genocidio.
La caduta del muro di Berlino (1989),Istituzione,RDT,"Repubblica Democratica Tedesca, Stato socialista creato nel 1949 nella zona di occupazione sovietica, di cui Berlino Est era la capitale."
La caduta del muro di Berlino (1989),Concetto,cortina di ferro,Espressione resa popolare da Winston Churchill per indicare il confine fisico e ideologico che separava l'Europa sotto l'influenza sovietica dall'Europa occidentale.
La caduta del muro di Berlino (1989),Evento,rivoluzione di velluto,Movimento pacifico di protesta in Cecoslovacchia (novembre-dicembre 1989) che ha portato alla fine del regime comunista senza violenze maggiori.
La Blitzkrieg (1940),Istituzione,Wehrmacht,"Nome dell'esercito tedesco tra il 1935 e il 1945, che comprendeva l'esercito di terra, la marina e l'aeronautica militare."
La Blitzkrieg (1940),Concetto,Schwerpunkt,"Punto di applicazione principale dello sforzo militare durante un'offensiva, volto a concentrare la forza su una zona stretta per sfondare il fronte."
Il piano Marshall (1947-1952),Istituzione,ERP,"European Recovery Program, nome ufficiale del programma di ricostruzione più noto come Piano Marshall."
Il piano Marshall (1947-1952),Istituzione,OECE,"Organizzazione europea per la cooperazione economica, creata nel 1948 per coordinare la ripartizione dell'aiuto del Piano Marshall tra i paesi beneficiari."
Il piano Marshall (1947-1952),Istituzione,CEE,"Comunità economica europea, antenata dell'Unione europea, le cui premesse di cooperazione economica risalgono alla gestione collettiva del piano Marshall."
La guerra del Vietnam (1955-1975),Evento,guerra d'Indocina,"Conflitto (1946-1954) tra la Francia e il Viet-Minh comunista, conclusosi con la sconfitta francese e l'indipendenza delle sue ex colonie."
La guerra del Vietnam (1955-1975),Evento,Rolling Thunder,Campagna di bombardamento aereo massiccio condotta dall'US Air Force contro il Vietnam del Nord tra il 1965 e il 1968.
La guerra del Vietnam (1955-1975),Concetto,search and destroy,Strategia militare volta a snidare gli insorti nella giungla per eliminarli attraverso la potenza di fuoco piuttosto che mantenere posizioni territoriali.
La guerra del Vietnam (1955-1975),Istituzione,Pentagono,"Sede del dipartimento della Difesa degli Stati Uniti, per estensione il comando militare americano."
La guerra del Vietnam (1955-1975),Evento,My Lai,"Massacro di centinaia di civili vietnamiti da parte di soldati americani nel 1968, la cui rivelazione ha scioccato l'opinione mondiale."
Il processo di Norimberga (1945-1946),Concetto,Diritto internazionale,"Insieme delle regole che disciplinano i rapporti tra Stati e, da Norimberga, definiscono le responsabilità individuali davanti alla comunità internazionale."
Il processo di Norimberga (1945-1946),Istituzione,Luftwaffe,"Nome dell'aeronautica militare tedesca sotto il Terzo Reich, guidata da Hermann Göring."
Il processo di Norimberga (1945-1946),Data,Statuto di Londra,Accordo firmato l'8 agosto 1945 che stabilisce le regole procedurali del Tribunale Militare Internazionale di Norimberga.
Il processo di Norimberga (1945-1946),Concetto,Irretroattività,Principio giuridico secondo cui non si può condannare qualcuno per un atto che non era illegale nel momento in cui è stato commesso.
Il processo di Norimberga (1945-1946),Evento,Katyn,"Massacro di ufficiali polacchi da parte dei sovietici nel 1940, che l'URSS tentò di attribuire ai tedeschi durante il processo di Norimberga."
Il processo di Norimberga (1945-1946),Concetto,Principi di Norimberga,"Insieme di linee guida codificate dall'ONU nel 1950, che affermano in particolare che nessuno è al di sopra del diritto internazionale, nemmeno un capo di Stato."
La decolonizzazione: panorama (1945-1975),Istituzione,Commonwealth,"Organizzazione intergovernativa composta principalmente da ex territori dell'Impero britannico, che facilita la cooperazione economica e politica."
La decolonizzazione: panorama (1945-1975),Personaggio,Kwame Nkrumah,"Leader indipendentista del Ghana e figura di spicco del panafricanismo, è il primo presidente del paese nel 1957."
La decolonizzazione: panorama (1945-1975),Istituzione,Quarta Repubblica,Regime politico della Francia (1946-1958) che è crollato sotto la pressione della guerra d'Algeria.
La decolonizzazione: panorama (1945-1975),Personaggio,Patrice Lumumba,"Eroe dell'indipendenza del Congo Belga, assassinato nel 1961 con la complicità presunta dei servizi segreti occidentali."
La decolonizzazione: panorama (1945-1975),Istituzione,Organizzazione dell'unità africana,"Creata nel 1963 per promuovere l'unità dei paesi africani, è stata sostituita dall'Unione africana nel 2002."
L'apartheid e Mandela (1948-1994),Concetto,apartheid,"Termine afrikaans che significa 'separazione'. Regime politico in vigore in Sudafrica dal 1948 al 1994, basato sulla segregazione sistematica e sul dominio della minoranza bianca."
L'apartheid e Mandela (1948-1994),Istituzione,ANC,"Congresso nazionale africano. Movimento politico sudafricano fondato nel 1912 per difendere i diritti dei neri, diventato partito politico dopo il 1994."
L'apartheid e Mandela (1948-1994),Concetto,giustizia di transizione,Insieme di misure giudiziarie o meno (come la TRC) messe in atto per porre rimedio alle violazioni di massa dei diritti umani durante un cambio di regime o dopo un conflitto.
La Rivoluzione culturale in Cina (1966-1976),Altro,Dazibao,"Manifesto murale scritto a mano a grandi caratteri, utilizzato in Cina per la propaganda, la critica politica o la denuncia pubblica."
La Rivoluzione culturale in Cina (1966-1976),Personaggio,Liu Shaoqi,"Presidente della Repubblica popolare cinese e n°2 del regime, fu il principale bersaglio di Mao durante la Rivoluzione culturale. Umiliato e torturato, morì in prigione nel 1969."
La Rivoluzione culturale in Cina (1966-1976),Istituzione,Esercito Popolare di Liberazione,Forze armate della Repubblica Popolare Cinese (APL). Intervenne a partire dal 1968 per porre fine al caos creato dalle Guardie rosse.
La Rivoluzione culturale in Cina (1966-1976),Personaggio,Jiang Qing,Ultima moglie di Mao Zedong e membro influente della Banda dei Quattro. Fu l'architetto della politica culturale radicale durante la Rivoluzione.
La Rivoluzione culturale in Cina (1966-1976),Istituzione,Banda dei Quattro,Gruppo di leader radicali che guidò le purghe della Rivoluzione culturale. Il loro arresto nel 1976 segna la fine dell'era maoista.
La Shoah: meccanismi di un genocidio,Concetto,pogrom,"Termine di origine russa che indica un attacco violento, spesso micidiale, condotto da una popolazione contro una comunità ebraica, con la complicità tacita o attiva delle autorità."
La Shoah: meccanismi di un genocidio,Concetto,ghettizzazione,"Processo forzato di isolamento e raggruppamento di una popolazione in un quartiere chiuso e sorvegliato. Sotto i nazisti, i ghetti servivano a isolare gli ebrei prima della loro deportazione."
La Shoah: meccanismi di un genocidio,Altro,Zingari,Termine generico (che raggruppa Rom e Sinti) indicante le popolazioni perseguitate dai nazisti su base razziale. Tra i 250.000 e i 500.000 di loro furono sterminati.
La Shoah: meccanismi di un genocidio,Luogo,Yad Vashem,"Istituto internazionale per la memoria della Shoah situato a Gerusalemme, dedicato allo studio del genocidio e all'omaggio alle vittime così come ai Giusti tra le Nazioni."
L'11 settembre 2001,Luogo,Arabia Saudita,"Regno che ospita i luoghi santi dell'Islam (La Mecca, Medina). Bin Laden considerò lo stazionamento di truppe americane su questo suolo nel 1990 come un sacrilegio, scatenando la sua totale ostilità verso gli Stati Uniti."
L'11 settembre 2001,Movimento,Talebani,Movimento fondamentalista islamista che ha governato l'Afghanistan dal 1996 al 2001. Fornirono rifugio e basi di addestramento ad Al-Qaida prima di essere rovesciati dalla coalizione guidata dagli Stati Uniti.
L'11 settembre 2001,Evento,Enduring Freedom,"Nome dell'operazione militare lanciata dagli Stati Uniti nell'ottobre 2001 in risposta agli attentati dell'11 settembre, volta a smantellare Al-Qaida in Afghanistan."
L'11 settembre 2001,Luogo,Guantanamo,"Prigione militare situata in una base americana a Cuba. Fu creata dopo l'11 settembre per detenere, al di fuori del quadro legale americano classico, individui sospettati di terrorismo."
L'11 settembre 2001,Personaggio,Saddam Hussein,"Dittatore dell'Iraq dal 1979 al 2003. Nonostante non avesse legami con Al-Qaida, fu rovesciato dagli Stati Uniti nel 2003 con il pretesto di possedere armi di distruzione di massa."
La democrazia ateniese,Concetto,Politica,Dal greco 'polis' (la città). Designa l'arte di gestire gli affari della città e lo spazio di deliberazione comune tra i cittadini.
La democrazia ateniese,Istituzione,Boulé,Consiglio composto da 500 cittadini sorteggiati (50 per tribù) incaricati di studiare i progetti di legge prima della loro presentazione all'Ecclesia.
La democrazia ateniese,Concetto,Misthos,"Indennità finanziaria versata ai cittadini ateniesi per compensare la perdita di reddito legata all'esercizio di funzioni pubbliche (tribunali, assemblea)."
La democrazia ateniese,Concetto,Isegoria,Diritto eguale per ogni cittadino di prendere la parola davanti all'assemblea del popolo (Ecclesia).
La democrazia ateniese,Istituzione,Eliea,"Grande tribunale popolare di Atene, i cui membri vengono estratti a sorte tra i cittadini volontari."
La democrazia ateniese,Concetto,Demagogo,Oratore che cerca di ottenere il favore del popolo lusingando le sue passioni invece di fare appello alla sua ragione.
La guerra di secessione americana (1861-1865),Personaggio,Jefferson Davis,"Statista americano, fu l'unico presidente degli Stati Confederati d'America (1861-1865) durante la guerra di secessione."
La guerra di secessione americana (1861-1865),Personaggio,Ulysses Grant,"Generale in capo delle armate dell'Unione alla fine della guerra, accettò la resa di Lee prima di diventare il 18° presidente degli Stati Uniti."
La guerra di secessione americana (1861-1865),Personaggio,Robert E. Lee,"Il più famoso generale confederato. Nonostante il suo genio tattico, dovette capitolare ad Appomattox di fronte alla superiorità numerica e industriale del Nord."
La guerra di secessione americana (1861-1865),Data,Il 13° emendamento,Emendamento della Costituzione degli Stati Uniti ratificato nel dicembre 1865 che abolisce ufficialmente la schiavitù e la servitù involontaria.
La guerra di secessione americana (1861-1865),Movimento,Ku Klux Klan,Organizzazione terroristica suprematista bianca fondata nel 1865 nel Tennessee per opporsi con la violenza ai diritti degli afroamericani.
Perché il cielo è blu?,Concetto,diffusione di Mie,"Fenomeno di diffusione della luce da parte di particelle più grandi della lunghezza d'onda (polvere, goccioline d'acqua), che spiega l'aspetto bianco delle nuvole o dei cieli nebbiosi."
Perché sogniamo?,Concetto,Atonia muscolare,"Inibizione temporanea dell'attività muscolare volontaria durante il sonno REM, volta a impedire al corpo di mimare i movimenti del sogno."
Perché sogniamo?,Luogo,Sistema limbico,"Gruppo di strutture cerebrali che svolgono un ruolo fondamentale nella gestione delle emozioni e nella formazione della memoria, molto attivo durante il sogno."
Perché sogniamo?,Luogo,Corteccia prefrontale,"Parte anteriore del cervello responsabile delle funzioni esecutive (logica, pianificazione) che è solitamente disattivata durante il sogno, tranne durante i sogni lucidi."
Perché sogniamo?,Concetto,Noradrenalina,"Neurotrasmettitore legato allo stress e alla veglia, la cui assenza durante il sonno REM spiegherebbe sia l'oblio dei sogni che la loro dimensione terapeutica emotiva."
Perché sogniamo?,Concetto,Codifica,Processo di trasformazione di un'informazione esterna o interna in una traccia mnemonica stabile nel sistema nervoso.
Perché il ghiaccio galleggia?,Concetto,Benzene,"Composto organico liquido il cui solido è più denso del liquido, illustrando il comportamento 'normale' delle sostanze contrariamente all'acqua."
Perché il ghiaccio galleggia?,Concetto,Microrganismi,"Esseri viventi microscopici (batteri, plancton) la cui sopravvivenza invernale dipende direttamente dallo strato isolante formato dal ghiaccio in superficie."
Perché il ghiaccio galleggia?,Concetto,Albedo,"Potere riflettente di una superficie. Il ghiaccio ha un albedo elevato, che rimanda l'energia solare verso lo spazio, raffreddando il pianeta."
Perché l'acqua di mare è salata?,Concetto,magma,"Roccia in fusione situata sotto la superficie terrestre, il cui calore alimenta le sorgenti idrotermali sottomarine."
Perché l'acqua di mare è salata?,Concetto,salgemma,"Deposito sedimentario solido formato dall'evaporazione di antichi mari o lagune, chiamato anche alite."
Perché l'acqua di mare è salata?,Luogo,Corrente del Golfo,Corrente oceanica calda di superficie che ha origine nel Golfo del Messico e riscalda il clima dell'Europa occidentale.
Perché l'acqua di mare è salata?,Luogo,faglia del Giordano,"Depressione tettonica che ospita il fiume Giordano e il Mar Morto, situata tra Israele, la Giordania e la Palestina."
Perché esistono le stagioni?,Concetto,Ellisse,"Forma geometrica dell'orbita terrestre, simile a un cerchio leggermente appiattito."
Perché esistono le stagioni?,Concetto,Eclittica,Il piano immaginario contenente l’orbita della Terra attorno al Sole.
Perché esistono le stagioni?,Data,Solstizio,"Momento dell'anno in cui il Sole raggiunge la sua posizione più settentrionale o meridionale rispetto all'equatore, segnando l'inizio dell'estate o dell'inverno."
Perché esistono le stagioni?,Concetto,Fotoperiodo,Rapporto tra la durata del giorno e la durata della notte su 24 ore.
Come volano gli aerei?,Personaggio,Bernoulli,"Daniel Bernoulli (1700-1782), matematico svizzero il cui principio spiega come la velocità di un fluido influenzi la sua pressione."
Come volano gli aerei?,Concetto,deviazione dell'aria,"Azione dell'ala che costringe il flusso d'aria a scendere, generando una spinta verso l'alto per reazione (3ª legge di Newton)."
Come volano gli aerei?,Concetto,stallo,"Perdita brutale di portanza che si verifica quando l'angolo di attacco è troppo elevato, provocando il distacco dei flussi d'aria sull'estradosso."
Come volano gli aerei?,Altro,joystick,Leva di comando laterale utilizzata dal pilota per trasmettere le sue istruzioni ai sistemi di volo elettrici.
Perché sbadigliamo?,Personaggio,Andrew Gallup,Ricercatore in psicologia evoluzionistica che ha formalizzato la teoria della termoregolazione cerebrale come funzione principale dello sbadiglio.
Perché sbadigliamo?,Altro,Seni frontali,Cavità aeree situate nelle ossa della fronte. L'aria che vi circola durante lo sbadiglio aiuterebbe a raffreddare i vasi sanguigni vicini al cervello.
Perché sbadigliamo?,Concetto,Sinaptogenesi,Processo di formazione delle sinapsi tra i neuroni nel sistema nervoso. Lo sbadiglio fetale aiuterebbe a stimolare questo sviluppo.
Perché sbadigliamo?,Concetto,Biomarcatore,Indicatore biologico misurabile (come la frequenza di un movimento) che permette di valutare lo stato di salute o lo stadio di sviluppo di un organismo.
Perché sbadigliamo?,Concetto,Sistema nervoso autonomo,"Parte del sistema nervoso responsabile delle funzioni automatiche dell'organismo (ritmo cardiaco, digestione, respirazione)."
Come funziona la memoria?,Concetto,neuroplasticità,"Capacità del cervello di modificare l'organizzazione delle sue reti neuronali in base all'esperienza, in particolare attraverso il rafforzamento o l'indebolimento delle connessioni sinaptiche."
Come funziona la memoria?,Luogo,neocorteccia,"Parte esterna dell'emisfero cerebrale coinvolta nelle funzioni cognitive superiori (linguaggio, coscienza, archiviazione a lungo termine)."
Perché abbiamo i brividi?,Concetto,I brividi,Serie di contrazioni muscolari rapide e involontarie destinate a produrre calore o a testimoniare una forte eccitazione nervosa.
Perché abbiamo i brividi?,Concetto,Il sistema nervoso autonomo,"Parte del sistema nervoso responsabile delle funzioni automatiche dell'organismo (digestione, ritmo cardiaco, temperatura) senza l'intervento della volontà."
Perché abbiamo i brividi?,Luogo,Ipotalamo,"Struttura situata alla base del cervello che regola funzioni vitali come la fame, la sete o la temperatura corporea (il termostato biologico)."
Perché abbiamo i brividi?,Concetto,Dopamina,"Neurotrasmettitore chimico del cervello che svolge un ruolo centrale nel circuito della ricompensa, del piacere e della motivazione."
Come fa il sapone a uccidere i virus?,Concetto,capside,"Guscio proteico rigido che protegge il materiale genetico dei virus, particolarmente resistente nei virus cosiddetti 'nudi'."
Come fa il sapone a uccidere i virus?,Concetto,tensioattivi,"Sostanze capaci di modificare la tensione superficiale tra due superfici, permettendo al sapone di mescolare l'acqua e le sostanze grasse."
Come fa il sapone a uccidere i virus?,Altro,sebo,"Sostanza oleosa secreta dalle ghiandole sebacee della pelle, nella quale i virus e i batteri possono rimanere intrappolati."
Come fa il sapone a uccidere i virus?,Concetto,micelle,Aggregati sferici di molecole di sapone che intrappolano al loro centro le sostanze grasse (o detriti virali) per isolarli dall'acqua.
"La scoperta della penicillina (Fleming, 1928)",Personaggio,Howard Florey,"Farmacologo australiano che, con Ernst Chain, ha trasformato l'osservazione di Fleming in un farmaco stabile e iniettabile su scala industriale."
"La scoperta della penicillina (Fleming, 1928)",Altro,Sifilide,"Infezione sessualmente trasmissibile grave, un tempo piaga incurabile, che fu il primo grande bersaglio vittorioso della penicillina."
"La scoperta della penicillina (Fleming, 1928)",Altro,Stafilococco,"Genere di batterio responsabile di varie infezioni nell'uomo, di cui alcuni ceppi sono oggi celebri per la loro resistenza ai trattamenti."
La scoperta dell'elettricità e le sue applicazioni,Altro,elektron,"Termine greco antico che designa l'ambra gialla, la cui proprietà di attrazione dopo lo strofinio ha dato il nome all'elettricità."
La scoperta dell'elettricità e le sue applicazioni,Altro,salamoia,Soluzione acquosa di sale (cloruro di sodio) utilizzata da Volta nella sua pila per permettere il passaggio delle cariche elettriche tra i dischi di metallo.
"La scoperta dei raggi X (Röntgen, 1895)",Concetto,catodo,Elettrodo negativo da cui vengono emessi gli elettroni in un tubo a vuoto.
"La scoperta dei raggi X (Röntgen, 1895)",Concetto,anodo,Elettrodo positivo che riceve gli elettroni ed emette i raggi X dopo lo shock termico.
"La scoperta dei raggi X (Röntgen, 1895)",Altro,cancrena,Necrosi dei tessuti vivi provocata da un'infezione o da un arresto dell'irrorazione sanguigna.
"La scoperta dei raggi X (Röntgen, 1895)",Altro,radiodermite,Lesione cutanea causata da un'esposizione eccessiva alle radiazioni ionizzanti.
"La scoperta dei raggi X (Röntgen, 1895)",Altro,leucemie,"Tumori del sangue e del midollo osseo, spesso legati all'epoca alle irradiazioni croniche."
"La scoperta dei raggi X (Röntgen, 1895)",Concetto,radioattività,Fenomeno fisico naturale attraverso il quale i nuclei atomici instabili si trasformano spontaneamente emettendo radiazioni.
"La scoperta dei raggi X (Röntgen, 1895)",Concetto,buchi neri,"Oggetti celesti così densi che la loro forza di gravità impedisce a qualsiasi materia o luce di sfuggire, emettendo violenti raggi X durante l'assorbimento di materia."
"La scoperta dei raggi X (Röntgen, 1895)",Evento,supernovae,"Esplosioni stellari massicce che segnano la morte di una stella molto massiccia, sprigionando un'energia colossale sotto forma di radiazione X."
La scoperta del microonde (per caso),Concetto,microonde,"Onde elettromagnetiche la cui lunghezza d'onda è intermedia tra l'infrarosso e le onde radio, utilizzate sia per le telecomunicazioni che per il riscaldamento degli alimenti."
La scoperta del microonde (per caso),Altro,frequenza standard,"La frequenza di 2,45 GHz, adottata a livello mondiale per i forni domestici al fine di garantire una penetrazione sufficiente dell'energia nei tessuti biologici senza interferenze maggiori."
La scoperta del microonde (per caso),Concetto,molecole d'acqua,Molecole polari (H2O) che reagiscono al campo elettromagnetico alternato del microonde ruotando su se stesse.
"La teoria della gravitazione (Newton, 1687)",Opera,Philosophiae Naturalis Principia Mathematica,Opera di Newton (1687) che pone le basi della fisica classica e introduce la legge della gravitazione universale.
"La teoria della gravitazione (Newton, 1687)",Concetto,Geocentrismo,"Modello astronomico ereditato dall'Antichità che pone la Terra, immobile, al centro dell'universo."
"La teoria della gravitazione (Newton, 1687)",Personaggio,Tycho Brahe,Astronomo danese (1546-1601) le cui osservazioni precise dei pianeti hanno permesso a Keplero di stabilire le sue leggi.
"La teoria della gravitazione (Newton, 1687)",Altro,Hypotheses non fingo,"Locuzione latina di Newton che significa 'non invento ipotesi', esprimendo il suo rifiuto di speculare sulla natura nascosta della gravità senza prove matematiche."
"La teoria della gravitazione (Newton, 1687)",Personaggio,Albert Einstein,Fisico teorico (1879-1955) le cui teorie della relatività ristretta e generale hanno completato e superato la meccanica di Newton.
La scoperta della radioattività (Marie Curie),Istituzione,Università volante,"Organizzazione educativa clandestina in Polonia alla fine del XIX secolo, destinata a sfidare la censura russa e a permettere l'istruzione delle donne."
La scoperta della radioattività (Marie Curie),Altro,Peceblenda,Minerale di uranio nero e scuro dal quale i Curie hanno isolato il polonio e il radio.
La scoperta della radioattività (Marie Curie),Concetto,Curieterapia,Tecnica medica che utilizza sorgenti radioattive poste all'interno o nelle immediate vicinanze dell'area da trattare (spesso tumori).
La scoperta della radioattività (Marie Curie),Altro,Anemia aplastica,"Malattia rara e grave in cui il midollo osseo smette di produrre sufficienti nuove cellule ematiche, spesso causata da un'esposizione prolungata alle radiazioni."
L'invenzione di Internet,Istituzione,CERN,"Consiglio europeo per la ricerca nucleare, situato a Ginevra, dove fu inventato il Web per facilitare la condivisione di dati tra fisici."
L'invenzione di Internet,Concetto,Globalizzazione,"Processo di integrazione dei mercati e di interdipendenza delle economie e delle culture su scala planetaria, ampiamente facilitato da Internet."
L'invenzione di Internet,Evento,Sputnik,"Primo satellite artificiale inviato nello spazio dall'URSS nel 1957, provocando la reazione americana che porterà alla creazione dell'ARPA."
La scoperta dell'anestesia,Concetto,scienze,"Insieme di conoscenze e di studi di valore universale, caratterizzati da un oggetto e un metodo determinati, e fondati su relazioni oggettive verificabili."
La scoperta dell'anestesia,Concetto,shock traumatico,"Stato di insufficienza circolatoria acuta provocato, in questo contesto, da un dolore di un'intensità insopportabile per il sistema nervoso."
La scoperta dell'anestesia,Concetto,mesmerizzazione,"Tecnica di magnetismo animale sviluppata da Franz-Friedrich-Anton Mesmer, antenata dell'ipnosi, talvolta utilizzata nel XIX secolo per tentare di ridurre il dolore."
La scoperta dell'anestesia,Altro,etere solforico,Liquido incolore e infiammabile i cui vapori inalati sono stati il primo agente di anestesia generale efficace utilizzato in chirurgia.
La scoperta dell'anestesia,Altro,cloroformio,"Composto chimico liquido scoperto nel 1831, utilizzato come anestetico generale dopo l'etere, in particolare per la sua potenza e rapidità d'azione."
La scoperta dell'anestesia,Personaggio,James Young Simpson,Medico scozzese che ha popolarizzato l'uso del cloroformio in ostetricia e in chirurgia a partire dal 1847.
La scoperta dell'anestesia,Personaggio,Regina Vittoria,Sovrana del Regno Unito il cui ricorso al cloroformio durante i suoi parti nel 1853 e 1857 ha contribuito a rimuovere i tabù religiosi sull'anestesia.
"La struttura del DNA (Watson & Crick, 1953)",Personaggio,Friedrich Miescher,"Biologo svizzero che isolò per la prima volta una sostanza che chiamò ""nucleina"" (il DNA) nei nuclei dei globuli bianchi nel 1869."
"La struttura del DNA (Watson & Crick, 1953)",Concetto,cristallografia a raggi X,Tecnica d'analisi che permette di determinare la struttura atomica di un cristallo osservando il modo in cui devia un fascio di raggi X.
"La struttura del DNA (Watson & Crick, 1953)",Concetto,sequenziamento del genoma,"Metodo che permette di determinare l'ordine preciso delle basi azotate (A, T, C, G) lungo tutta una molecola di DNA."
"La struttura del DNA (Watson & Crick, 1953)",Personaggio,Linus Pauling,"Chimico americano di genio, rivale di Watson e Crick, che propose per errore una struttura a tripla elica per il DNA poco prima del 1953."
La teoria dell'evoluzione di Darwin (1859),Altro,HMS Beagle,Nave della Royal Navy che servì da base a Charles Darwin per il suo giro del mondo scientifico tra il 1831 e il 1836.
La teoria dell'evoluzione di Darwin (1859),Altro,fringuelli,"Soprannominati 'fringuelli di Darwin', queste tredici specie di uccelli delle Galápagos sono servite come prova cruciale per dimostrare l'adattamento delle specie al loro ambiente."
La teoria dell'evoluzione di Darwin (1859),Personaggio,Samuel Wilberforce,"Vescovo anglicano di Oxford, celebre per la sua opposizione virulenta alla teoria di Darwin durante uno storico dibattito nel 1860."
La teoria dell'evoluzione di Darwin (1859),Personaggio,Thomas Huxley,Biologo britannico soprannominato il 'bulldog di Darwin' per il suo zelo nel difendere e diffondere la teoria dell'evoluzione.
La teoria dell'evoluzione di Darwin (1859),Concetto,DNA,"Molecola supporto dell'informazione genetica, la cui comprensione ha permesso di convalidare e spiegare i meccanismi di trasmissione ereditaria teorizzati da Darwin."
Il Big Bang,Concetto,singolarità,"Punto dello spazio-tempo in cui la densità e la curvatura diventano infinite, rendendo le leggi della fisica attuali inapplicabili."
Il Big Bang,Altro,nucleosintesi primordiale,"Processo avvenuto durante i primi minuti dell'universo, che ha portato alla formazione dei nuclei atomici leggeri (idrogeno, elio, litio)."
Il Big Bang,Altro,supernove,"Esplosioni titaniche che segnano la morte di alcune stelle, utilizzate come 'candele standard' per misurare le distanze cosmiche e l'espansione."
Perché i vulcani eruttano?,Luogo,dorsali,"Catene di montagne sottomarine situate al limite di due placche tettoniche che si allontanano, permettendo al magma di risalire e di creare nuova crosta oceanica."
Perché i vulcani eruttano?,Concetto,nubi ardenti,"Miscela di gas roventi, ceneri e blocchi rocciosi che scende lungo i fianchi di un vulcano a velocità superiori ai 100 km/h durante le eruzioni esplosive."
Perché i vulcani eruttano?,Concetto,supervulcano,"Struttura vulcanica capace di produrre eruzioni di un volume superiore a 1 000 km3, spesso caratterizzata da un'immensa caldera piuttosto che da un cono classico."
Perché i vulcani eruttano?,Luogo,fumarole nere,Sorgenti idrotermali situate sui fondali marini che emettono fluidi ricchi di minerali e metalli ad altissima temperatura.
Come si formano i terremoti?,Concetto,La subduzione,Processo geodinamico in cui una placca tettonica oceanica scivola sotto un'altra placca (oceanica o continentale) prima di immergersi nel mantello terrestre.
Come si formano i terremoti?,Luogo,L'astenosfera,"Parte duttile del mantello superiore terrestre situata sotto la litosfera rigida, che permette lo spostamento delle placche tettoniche."
Come si formano i terremoti?,Concetto,L'ingegneria sismica,Settore dell'ingegneria civile che studia la progettazione e la costruzione di edifici capaci di resistere alle scosse sismiche senza crollare.
Il disastro di Černobyl' (1986),Concetto,INES,"Scala internazionale degli eventi nucleari, che va da 1 (anomalia) a 7 (incidente grave). Černobyl' e Fukushima sono i soli due eventi di livello 7."
Il disastro di Černobyl' (1986),Altro,liquidatori,Nome dato al personale civile e militare inviato sul sito dopo l'esplosione per decontaminare la zona e costruire il primo sarcofago.
Il disastro di Černobyl' (1986),Personaggio,Michail Gorbačëv,"Ultimo leader dell'URSS (1985-1991), ha ammesso che Černobyl' è stato uno dei fattori scatenanti del crollo dell'Unione Sovietica."
Il disastro di Černobyl' (1986),Istituzione,WANO,"World Association of Nuclear Operators, organizzazione creata nel 1989 per promuovere la sicurezza nucleare mondiale attraverso lo scambio di informazioni tra operatori."
Perché la Luna non cade sulla Terra?,Concetto,Velocità di orbitazione,Velocità minima che un corpo deve raggiungere per rimanere in orbita attorno a un astro senza schiantarsi né sfuggirvi.
Perché la Luna non cade sulla Terra?,Concetto,Inerzia,"Proprietà di un corpo di conservare la propria velocità e direzione in assenza di forze esterne, spingendolo a procedere in linea retta nello spazio."
Perché la Luna non cade sulla Terra?,Concetto,Velocità di equilibrio,Velocità precisa per la quale la forza centrifuga compensa esattamente la forza di attrazione gravitazionale.
C'è vita altrove nell'Universo?,Concetto,Esobiologia,"Disciplina scientifica che studia le condizioni e i processi che permettono l'apparizione della vita nell'Universo, così come la sua rilevazione."
C'è vita altrove nell'Universo?,Concetto,Forze di marea,"Effetti gravitazionali esercitati da un corpo celeste massiccio su un altro, provocando deformazioni e un riscaldamento interno per frizione."
C'è vita altrove nell'Universo?,Concetto,Biosignature,"Sostanze, strutture o fenomeni che forniscono una prova scientifica di una vita passata o presente (ex: ossigeno e metano simultanei in un'atmosfera)."
C'è vita altrove nell'Universo?,Concetto,Grande Filtro,"Ipotesi secondo la quale esiste una barriera evolutiva estremamente difficile da superare, spiegando la rarità delle civiltà avanzate."
C'è vita altrove nell'Universo?,Concetto,Ipotesi dello zoo,"Teoria che suggerisce che delle civiltà avanzate ci osservino a distanza senza interferire, per lasciarci evolvere naturalmente."
C'è vita altrove nell'Universo?,Concetto,Spettroscopia,Studio dello spettro luminoso per determinare la composizione chimica e fisica della materia emittente o attraversata.
Cos'è un buco nero?,Concetto,Disco di accrezione,"Struttura di gas e di polvere in rotazione attorno a un oggetto massiccio (come un buco nero), riscaldata dalla frizione e che brilla intensamente."
Cos'è un buco nero?,Altro,Interferometria,Tecnica che consiste nel combinare i segnali di più telescopi distanti per ottenere una risoluzione equivalente a quella di un telescopio gigante.
Cos'è un buco nero?,Concetto,Radiazione di Hawking,"Radiazione termica teorica emessa dai buchi neri a causa di effetti quantistici, che ne provoca l'evaporazione molto lenta."
La teoria della relatività per tutti,Personaggio,Newton,"Fisico inglese (1643-1727) che ha formulato la legge della gravitazione universale, vedendo la gravità come una forza di attrazione tra le masse."
La teoria della relatività per tutti,Concetto,fisica nucleare,"Branca della fisica che studia il nucleo degli atomi e le reazioni che ne derivano, basandosi sull'equivalenza massa-energia (E=mc²)."
La teoria della relatività per tutti,Concetto,buchi neri,Oggetti celesti così densi che il loro campo gravitazionale impedisce a qualsiasi forma di materia o radiazione di uscirne.
La teoria della relatività per tutti,Altro,radioastronomia,Branca dell'astronomia che studia gli astri attraverso l'osservazione delle onde radio che emettono.
La teoria della relatività per tutti,Teoria,Big Bang,Modello cosmologico che descrive l'origine e l'evoluzione dell'Universo a partire da una fase di densità e temperature estreme.
Come si formano i fulmini?,Concetto,cumulonimbus,"Nuvola a grande sviluppo verticale, a forma di incudine, responsabile di fenomeni temporaleschi, grandine e fulmini."
Come si formano i fulmini?,Concetto,nevischio,"Particella di ghiaccio più piccola e più densa della grandine, formata dal congelamento di gocce di pioggia, che gioca un ruolo chiave nell'elettrizzazione delle nubi."
Come si formano i fulmini?,Concetto,effetto triboelettrico,Fenomeno di messa sotto tensione elettrostatica creata dallo sfregamento o dalla collisione tra due materiali di natura diversa.
Come si formano i fulmini?,Concetto,Spettri rossi,"Fulmini di colore rosso che si verificano al di sopra dei temporali nella mesosfera, molto brevi e difficili da osservare a occhio nudo."
Come si formano i fulmini?,Concetto,Elfi,"Dischi luminosi in espansione rapida che appaiono nell'alta atmosfera durante fulmini potenti, dovuti a impulsi elettromagnetici."
Come funziona un vaccino?,Concetto,Linfociti B,"Globuli bianchi che producono anticorpi - proteine capaci di riconoscere e neutralizzare un patogeno specifico. Dopo una vaccinazione, una parte diventa «cellule memoria» che persistono a volte per tutta la vita."
Come funziona un vaccino?,Concetto,Linfociti T,Tipo di globuli bianchi capaci di distruggere direttamente le cellule del corpo infettate da virus o diventate cancerose.
Come funziona un vaccino?,Concetto,Coadiuvanti,"Sostanze aggiunte a certi vaccini per stimolare e prolungare la risposta immunitaria del corpo, rendendo il vaccino più efficace."
Come funziona un vaccino?,Personaggio,Edward Jenner,Medico britannico (1749-1823) considerato il padre dell'immunologia per aver creato il primo vaccino contro il vaiolo.
Cos'è l'effetto serra (davvero)?,Istituzione,IPCC,"Gruppo intergovernativo sul cambiamento climatico, creato nel 1988 per valutare le informazioni scientifiche relative al cambiamento climatico."
Cos'è l'effetto serra (davvero)?,Concetto,permafrost,"Parte di un suolo gelata permanentemente per almeno due anni consecutivi, che immagazzina enormi quantità di carbonio organico."
Cos'è l'effetto serra (davvero)?,Data,Pliocene,"Epoca geologica che va da circa 5,3 a 2,5 milioni di anni fa, spesso utilizzata come punto di confronto per gli attuali livelli di CO2."
Cos'è l'effetto serra (davvero)?,Concetto,effetto serra,"Processo naturale di riscaldamento di un pianeta dovuto alla sua atmosfera, in cui alcuni gas assorbono e riemettono la radiazione termica della superficie."
Perché dormiamo?,Concetto,Microsonni,"Episodi di sonno involontari della durata da poche frazioni di secondo a 30 secondi, che si verificano in caso di grave privazione del sonno."
Perché dormiamo?,Luogo,Neocorteccia,"Zona esterna del cervello coinvolta nelle funzioni superiori (percezione, ragionamento, linguaggio) dove sono immagazzinati i ricordi a lungo termine."
Perché dormiamo?,Concetto,Citochine,Sostanze di segnalazione cellulare prodotte in particolare durante il sonno per regolare la risposta immunitaria alle infezioni.
Perché dormiamo?,Concetto,Sonno REM,"Fase del sonno caratterizzata da un'attività cerebrale intensa, movimenti oculari rapidi e paralisi muscolare, associata ai sogni."
Perché dormiamo?,Concetto,Sinaptogenesi,"Processo di formazione delle sinapsi (connessioni) tra i neuroni, particolarmente intenso durante il sonno nei neonati."
In che modo il cervello immagazzina i ricordi?,Luogo,lobo temporale,"Regione del cervello situata dietro le tempie, che ospita l'ippocampo e coinvolta nell'elaborazione dei ricordi e delle informazioni uditive."
Perché alcune specie sono immortali?,Concetto,mTOR,"Acronimo di 'mammalian Target of Rapamycin', una proteina che regola la crescita cellulare in risposta ai nutrienti. La sua sovraattività è legata all'invecchiamento precoce."
Perché alcune specie sono immortali?,Concetto,cellule staminali,Cellule indifferenziate capaci di dividersi indefinitamente e di specializzarsi in diversi tipi di cellule per riparare i tessuti.
Perché alcune specie sono immortali?,Concetto,epigenetica,"Studio delle modifiche che influenzano l'espressione dei geni senza cambiare la sequenza del DNA, spesso paragonato a uno 'strato software' che si altera con l'età."
Perché le foglie cambiano colore?,Concetto,fitocromi,"Fotorecettori proteici delle piante che permettono di rilevare le variazioni di luce e di regolare il loro ciclo biologico (fioritura, caduta delle foglie)."
Perché le foglie cambiano colore?,Concetto,tannini,Sostanze fenoliche brune e amare che rimangono nelle foglie morte una volta che tutti gli altri pigmenti si sono degradati.
Perché le foglie cambiano colore?,Altro,afidi,"Insetti parassiti delle piante; secondo la teoria del segnale onesto, i colori autunnali li dissuadono dallo stabilirsi sull'albero."
Perché le foglie cambiano colore?,Altro,azoto,Nutriente essenziale che l'albero cerca di recuperare dalle sue foglie prima dell'inverno per garantire la sua crescita nella primavera successiva.
Cos'è la materia oscura?,Concetto,Modello standard,"Teoria fisica che descrive le particelle elementari (quark, elettroni, ecc.) e tre delle quattro forze fondamentali, ma che non riesce a spiegare la materia oscura."
Cos'è la materia oscura?,Concetto,Alone,"Struttura sferica invisibile che circonda una galassia, composta prevalentemente di materia oscura e che ne spiega la stabilità rotazionale."
Cos'è la materia oscura?,Concetto,Lenti gravitazionali,Effetto di deformazione della luce proveniente da un oggetto lontano quando passa vicino a un oggetto massiccio (come un ammasso di materia oscura) che curva lo spazio-tempo.
Cos'è la materia oscura?,Concetto,Barionica,"Si dice della materia ordinaria composta da protoni e neutroni, in opposizione alla materia oscura la cui natura è non barionica."
La fotosintesi spiegata in modo semplice,Altro,stomi,"Piccole aperture regolabili sull'epidermide delle foglie che permettono gli scambi gassosi (CO2, O2) e la traspirazione della pianta."
La fotosintesi spiegata in modo semplice,Concetto,ATP,Adenosina trifosfato. Molecola universale che funge da principale vettore energetico all'interno delle cellule viventi.
La fotosintesi spiegata in modo semplice,Concetto,NADPH,Molecola trasportatrice di elettroni ad alta energia utilizzata nelle reazioni chimiche di sintesi del glucosio.
Come funziona l'elettricità nel nostro corpo?,Concetto,pompe sodio-potassio,Proteine di membrana che utilizzano l'energia cellulare (ATP) per mantenere i gradienti di concentrazione ionica necessari al potenziale di riposo.
Come funziona l'elettricità nel nostro corpo?,Concetto,glutammato,"Principale neurotrasmettitore eccitatorio del sistema nervoso centrale, che svolge un ruolo cruciale nella plasticità neuronale e nella memoria."
Come funziona l'elettricità nel nostro corpo?,Concetto,potenziale di riposo,Stato stabile della tensione elettrica della membrana di un neurone quando non trasmette alcun segnale (circa -70 millivolt).
Perché alcuni suoni ci fanno venire i brividi?,Personaggio,Matthew Sachs,"Ricercatore in neuroscienze, autore di studi pionieristici (2016-2017) sulle differenze strutturali del cervello nelle persone che provano brividi musicali."
Perché alcuni suoni ci fanno venire i brividi?,Concetto,Sottocorticale,"Indica le regioni profonde del cervello (come lo striato o l'amigdala) situate sotto la corteccia, responsabili delle funzioni istintive ed emotive."
Perché alcuni suoni ci fanno venire i brividi?,Concetto,Risoluzione armonica,Il passaggio da un accordo instabile (tensione) verso un accordo istabile (riposo) nella Teoria musicale classica.
Perché le stagioni esistono su altri pianeti?,Concetto,Obliquità,Angolo tra l'asse di rotazione di un pianeta e la perpendicolare al suo piano orbitale; è la causa principale delle stagioni.
Perché le stagioni esistono su altri pianeti?,Concetto,<perielio>,Punto dell'orbita di un corpo celeste in cui la distanza di tale corpo dal Sole è minima.
Perché le stagioni esistono su altri pianeti?,Luogo,<anelli di Saturno>,"Sistema di anelli planetari composto da ghiaccio e polvere che circonda Saturno, il cui aspetto varia a seconda delle stagioni del pianeta."
Perché le stagioni esistono su altri pianeti?,Luogo,<esopianeti>,"Pianeti situati al di fuori del sistema solare, che orbitano attorno a una stella diversa dal Sole."
Perché le stagioni esistono su altri pianeti?,Concetto,Rotazione retrograda,"Senso di rotazione di un pianeta che ruota da Est a Ovest, al contrario della maggior parte dei pianeti del sistema solare."
"Odissea, Omero",Altro,aedi,Poeti cantori dell'antica Grecia che improvvisavano o recitavano epopee accompagnandosi tradizionalmente con una lira (la phorminx).
"Odissea, Omero",Movimento,omeridi,Confraternita o corporazione di cantori e poeti che sostenevano di essere discendenti di Omero e assicuravano la trasmissione delle sue opere.
"Odissea, Omero",Personaggio,Milman Parry,"Filologo americano che ha dimostrato, attraverso lo studio dei bardi balcanici, che le opere di Omero si basavano su una tecnica di composizione orale improvvisata."
"Odissea, Omero",Concetto,tradizione orale,"Modalità di trasmissione della cultura attraverso la parola, senza supporto scritto, basata su specifiche tecniche di memorizzazione."
"Odissea, Omero",Altro,greco omerico,"Lingua letteraria arcaica e artificiale utilizzata da Omero, che mescola diversi dialetti greci per ragioni di metrica e di ritmo."
"Odissea, Omero",Concetto,dattilo,"Unità di misura del verso greco (l'esametro dattilico) composta da una sillaba lunga seguita da due brevi, che imita il ritmo del galoppo."
"Odissea, Omero",Concetto,in media res,"Locuzione latina che significa 'nel mezzo delle cose', indicante un procedimento narrativo in cui il racconto inizia nel cuore dell'intreccio."
"Odissea, Omero",Concetto,analessi,Termine tecnico che indica un ritorno al passato in un racconto (flashback).
"Odissea, Omero",Concetto,nekyia,Episodio rituale durante il quale l'eroe invoca i morti per interrogare la loro ombra sul futuro.
"Odissea, Omero",Personaggio,James Joyce,"Importante scrittore irlandese del XX secolo, autore del romanzo sperimentale 'Ulisse' (1922)."
"Iliade, Omero",Concetto,timè,"Nell'antica Grecia, l'onore o il riconoscimento pubblico concesso a un eroe in base alle sue imprese. È la mancanza di timè inflitta da Agamennone a provocare il ritiro di Achille."
"Iliade, Omero",Evento,cavallo di Troia,Celebre stratagemma di Ulisse consistente nell'introdurre soldati greci a Troia tramite un immenso cavallo di legno. Questo episodio non è raccontato nell'Iliade ma nell'Odissea e nell'Eneide.
"Edipo Re, Sofocle",Opera,Poetica,"Trattato di Aristotele che analizza le regole della tragedia e dell'epopea, rendendo Edipo Re il modello del genere."
"Edipo Re, Sofocle",Opera,Antigone,"Tragedia di Sofocle che racconta il destino della figlia di Edipo, messa di fronte al conflitto tra leggi divine e leggi umane."
"Edipo Re, Sofocle",Opera,Edipo a Colono,"Ultima opera di Sofocle che descrive la morte di Edipo in esilio, divenuto una figura sacra dopo le sue sofferenze."
"Edipo Re, Sofocle",Concetto,tritagonista,"Terzo attore introdotto da Sofocle, che permette di arricchire il gioco drammatico al di là del semplice faccia a faccia."
"Edipo Re, Sofocle",Altro,loimos,Termine greco che indica la peste o una macchia religiosa che colpisce una città come punizione per una colpa.
"Edipo Re, Sofocle",Personaggio,Tiresia,Indovino cieco di Tebe che possiede la doppia conoscenza (passato e futuro) e rivela a Edipo la sua colpa.
"Edipo Re, Sofocle",Concetto,anagnorisis,Momento della tragedia in cui un personaggio passa dall'ignoranza alla conoscenza (il riconoscimento).
"Edipo Re, Sofocle",Concetto,peripeteia,"Il brusco rovesciamento della situazione di un personaggio, che passa dalla felicità all'estrema sventura."
"Edipo Re, Sofocle",Concetto,pharmakos,"Capro espiatorio nell'antica Grecia, che purifica la città dal suo male attraverso la sua espulsione o il suo sacrificio."
"Edipo Re, Sofocle",Altro,ainigma,"Parola greca che significa enigma, che indica il gioco dell'ingegno ma anche la parola oscura degli oracoli."
"Antigone, Sofocle",Evento,Sette contro Tebe,Spedizione militare condotta da Polinice e altri sei capi contro la propria città di Tebe per riprenderne il trono a Eteocle.
"Antigone, Sofocle",Luogo,Ade,"Il soggiorno dei morti nella mitologia greca, dove le anime risiedono dopo aver ricevuto i riti funebri."
"Antigone, Sofocle",Concetto,peripezia,Cambiamento improvviso di situazione in un'opera di teatro che porta l'azione verso il suo scioglimento.
"Il Simposio, Platone",Concetto,androgini,"Esseri mitici che possiedono allo stesso tempo i caratteri maschili e femminili. Nel racconto di Aristofane, rappresentano una delle tre forme originarie dell'umanità prima di essere scissi dagli dei."
"Il Simposio, Platone",Concetto,daimôn,"Nella mitologia greca e in Platone, essere intermedio tra gli dei e i mortali, che serve da messaggero o mediatore. Eros è descritto come un daimôn poiché collega il desiderio umano alla perfezione divina."
"Il Simposio, Platone",Concetto,Eros,"Divinità greca dell'Amore e del desiderio. In Platone, simboleggia la forza d'attrazione che spinge l'anima verso il bello e il sapere."
"Il Simposio, Platone",Personaggio,Alcibiade,"Uomo politica e generale ateniese celebre per il suo carisma, la sua bellezza e la sua instabilità. Il suo ingresso dirompente alla fine del Simposio offre un ritratto vivo di Socrate."
"La Repubblica, Platone",Concetto,Epithumia,"Nella psicologia di Platone, la parte desiderante dell'anima legata ai bisogni biologici e agli appetiti materiali."
"La Repubblica, Platone",Concetto,Thumos,"La parte 'irascibile' o 'spiritosa' dell'anima, sede del coraggio, dell'ira nobile e della forza di carattere."
"La Repubblica, Platone",Concetto,Logos,"La parte razionale dell'anima, capace di accedere alla verità e di dirigere le altre parti verso l'armonia."
"La Repubblica, Platone",Luogo,Kallipolis,"Nome che significa 'bella città', che designa la città ideale costruita da Socrate e dai suoi interlocutori ne La Repubblica."
"La Repubblica, Platone",Personaggio,Karl Popper,"Filosofo del XX secolo autore de 'La società aperta e i suoi nemici', critico radicale del modello platonico che giudica precursore dei totalitarismi."
"La Repubblica, Platone",Personaggio,Alfred North Whitehead,Filosofo e matematico britannico celebre per la sua formula che sottolinea l'influenza egemone di Platone sulla storia del pensiero.
"L'Apologia di Socrate, Platone",Concetto,apologia,"Termine greco che significa « difesa ». Nel contesto antico, si tratta di un discorso destinato a giustificare i propri atti durante un processo, e non di esprimere rimpianti."
"L'Apologia di Socrate, Platone",Movimento,sophistes,"Maestri di retorica e di eloquenza nella Grecia antica che insegnavano l'arte di persuadere a pagamento, spesso criticati da Socrate per la loro mancanza di preoccupazione per la verità assoluta."
"L'Apologia di Socrate, Platone",Luogo,Pritaneo,"Edificio pubblico di Atene dove sedevano i magistrati e dove erano nutriti, a spese della città, i cittadini meritevoli e gli atleti vittoriosi."
"Le opere e i giorni, Esiodo",Luogo,Beozia,"Regione della Grecia centrale, a nord dell'Attica, la cui capitale era Tebe. Percepita dagli Ateniesi come una terra di contadini rozzi, è la patria di Esiodo."
"Le opere e i giorni, Esiodo",Concetto,Hybris,"Nozione greca che designa la dismisura, l'orgoglio insensato che spinge l'uomo a credersi uguale agli dei. È il crimine supremo che comporta il castigo divino (Nemesi)."
"Le opere e i giorni, Esiodo",Personaggio,Erasmo,"Umanista del Rinascimento che, traducendo Esiodo in latino, sostituì il termine greco 'pithos' (giara) con 'pyxis' (scatola), creando così l'espressione errata ma celebre di 'vaso di Pandora'."
"Le opere e i giorni, Esiodo",Opera,Georgiche,"Poema didascalico latino di Virgilio che tratta dell'agricoltura, direttamente ispirato dall'opera di Esiodo."
"Medea, Euripide",Personaggio,Eschilo,"Il più antico dei tre grandi autori di tragedie greche, noto per la dimensione religiosa e collettiva delle sue opere."
"Medea, Euripide",Personaggio,Sofocle,"Tragediografo greco, autore dell'Edipo Re, che introdusse il terzo attore e si concentrò sulla solitudine eroica."
"Medea, Euripide",Concetto,Barbaro,"Per i Greci, designa chiunque non parli greco e sia estraneo alla loro cultura. Il termine non è inizialmente insultante ma segna un'alterità radicale."
"Medea, Euripide",Istituzione,Argonauti,"Gruppo di eroi che, secondo la Mitologia, accompagnarono Giasone sulla nave Argo per cercare il Toson d'oro."
"Medea, Euripide",Concetto,Thumos,"Concetto greco che designa l'anima irascibile, sede della rabbia, del coraggio e del sentimento dell'onore."
"Medea, Euripide",Concetto,Deus ex machina,Espediente teatrale che consiste nel far intervenire un dio o una forza divina alla fine di un'opera per risolvere una situazione inestricabile.
"I miserabili, Victor Hugo",Concetto,Digressioni,"Interruzione del racconto principale da parte dell'autore per trattare un argomento storico, filosofico o sociologico (es: Waterloo in I Miserabili)."
"I miserabili, Victor Hugo",Luogo,Fogne di Parigi,Sottosuolo della capitale utilizzato da Hugo come metafora dell'inconscio sociale e luogo della fuga eroica di Jean Valjean.
"I miserabili, Victor Hugo",Movimento,ABC,"Nome della società segreta fittizia di studenti repubblicani guidata da Enjolras, il cui nome è un gioco di parole su 'les abaissés' (gli umiliati)."
"I miserabili, Victor Hugo",Concetto,Letteratura impegnata,"Tipo di opera in cui l'autore mette la sua arte al servizio di una causa politica, sociale o etica per trasformare la società."
"Madame Bovary, Flaubert",Movimento,realismo,"Movimento letterario del XIX secolo che mira a rappresentare la realtà sociale e umana nel modo più fedele possibile, senza idealizzarla."
"Madame Bovary, Flaubert",Personaggio,Homais,"Farmacista di Yonville, figura della borghesia trionfante, pedante e mediocre, che si oppone allo sconforto di Emma con il suo successo sociale."
"Il rosso e il nero, Stendhal",Riferimento storico,Vulgata,"Traduzione latina della Bibbia, utilizzata dalla Chiesa cattolica. Padroneggiare questo testo a memoria era un segno di immensa erudizione biblica, utilizzato da Julien Sorel per impressionare il clero e i nobili."
"Il rosso e il nero, Stendhal",Altro,Cronaca del 1830,Titolo alternativo e sottotitolo del romanzo che sottolinea la volontà di Stendhal di ancorare il suo racconto all'attualità politica e sociale bruciante del suo tempo.
"Il rosso e il nero, Stendhal",Concetto,Beylismo,"Filosofia di vita e di scrittura di Stendhal che unisce l'analisi lucida del Mondo, la ricerca della felicità individuale e il rifiuto dell'enfasi romantica."
"Candido, Voltaire",Evento,Guerra dei sette anni,Conflitto maggiore (1756-1763) che oppose principalmente la Francia alla Gran Bretagna. Voltaire se ne serve per denunciare la «macelleria eroica» delle battaglie.
"Candido, Voltaire",Istituzione,Inquisizione,"Tribunale ecclesiastico incaricato di perseguitare l'eresia. In Candido, illustra il fanatismo religioso che Voltaire combatte."
"Candido, Voltaire",Concetto,Autodafé,Cerimonia di penitenza pubblica in cui talvolta vengono bruciati gli eretici. Voltaire ne fa una dimostrazione di assurdità superstiziosa.
"Candido, Voltaire",Personaggio,Leibniz,"Gottfried Wilhelm Leibniz (1646-1716), filosofo tedesco la cui Teodicea difende l'idea che Dio abbia creato il 'migliore dei mondi possibili'."
"Le confessioni, Rousseau",Concetto,patto autobiografico,"Concetto teorizzato da Philippe Lejeune che indica l'impegno dell'autore a dire la verità su se stesso, creando un'identità tra l'autore, il narratore e il personaggio."
"Le confessioni, Rousseau",Movimento,romanticismo,"Movimento culturale europeo che privilegia l'espressione dei sentimenti, l'immaginazione e l'esaltazione della natura, di cui Rousseau è considerato uno dei padri spirituali."
"L'étranger (Lo straniero), Camus",Istituzione,Gallimard,Prestigiosa casa editrice francese che pubblicò Lo straniero nel 1942 e della quale Camus diventerà in seguito uno dei lettori influenti.
"L'étranger (Lo straniero), Camus",Movimento,Nouveau Roman,"Movimento letterario degli anni '50 che ha rifiutato le convenzioni del romanzo tradizionale (trama, psicologia dei personaggi), trovando nello stile neutro di Camus un precursore."
"L'étranger (Lo straniero), Camus",Personaggio,Kamel Daoud,"Scrittore algerino contemporaneo, autore di 'Meursault, caso chiuso', che dà un'identità e una voce al fratello dell'Arabo ucciso da Meursault."
"L'étranger (Lo straniero), Camus",Concetto,postcoloniali,"Studi critici che analizzano le conseguenze culturali, politiche e sociali della colonizzazione, interessandosi in particolare alla rappresentazione dell'Altro nell'arte."
"Il mito di Sisifo, Camus",Movimento,Teatro dell'assurdo,"Corrente teatrale degli anni '50 (Beckett, Ionesco) che rompe con il naturalismo per mettere in scena il non-senso della condizione umana e il fallimento del linguaggio."
"Alla ricerca del tempo perduto, Proust",Altro,Salotti mondani,"Luoghi di socialità dell'alta società dove ci si riunisce per discutere di politica, d'arte e di letteratura, decisivi nell'apprendimento sociale del narratore."
"Alla ricerca del tempo perduto, Proust",Personaggio,André Gide,Scrittore francese e figura centrale della NRF che inizialmente rifiutò il manoscritto di Proust prima di diventare uno dei suoi più grandi ammiratori.
"Alla ricerca del tempo perduto, Proust",Personaggio,Monsieur de Charlus,"Personaggio centrale e complesso della Ricerca, aristocratico colto di cui Proust usa il destino per esplorare l'omosessualità e il declino sociale."
"1984, George Orwell",Istituzione,POUM,Partito Operaio di Unificazione Marxista. Organizzazione rivoluzionaria antistalinista in Spagna nella quale Orwell ha combattuto.
"1984, George Orwell",Concetto,Censura,"Azione di limitare o proibire la diffusione di idee, informazioni o opere da parte di un'autorità pubblica o religiosa."
"1984, George Orwell",Concetto,Bispensiero,"Capacità di accettare due credenze contraddittorie come vere allo stesso tempo, permettendo di ignorare la realtà fisica a favore della dottrina del Partito."
"La fattoria degli animali, George Orwell",Data,Seconda guerra mondiale,Conflitto mondiale (1939-1945) durante il quale l'URSS fu alleata della Gran Bretagna e degli Stati Uniti contro la Germania nazista.
"La fattoria degli animali, George Orwell",Concetto,proletariato,Classe sociale composta dai lavoratori che non possiedono mezzi di produzione e vendono la propria forza lavoro per sussistere.
"La fattoria degli animali, George Orwell",Personaggio,Zar Nicola II,"Ultimo imperatore di Russia, rovesciato durante la Rivoluzione del 1917, rappresentato dal fattore Jones nel romanzo."
"La fattoria degli animali, George Orwell",Concetto,neolingua,Concetto di Orwell che designa un linguaggio semplificato e manipolato al fine di impedire qualsiasi pensiero critico o d'opposizione.
"La fattoria degli animali, George Orwell",Evento,Rivoluzione russa,Eventi del 1917 che hanno portato al rovesciamento del regime zarista e alla presa di potere dei bolscevichi guidati da Lenin.
"Romeo e Giulietta, Shakespeare",Opera,Romeo e Giulietta,"Tragedia di William Shakespeare scritta verso il 1595, che narra la passione di due amanti la cui unione è ostacolata dalle famiglie nemiche."
"Romeo e Giulietta, Shakespeare",Personaggio,Matteo Bandello,Scrittore italiano del XVI secolo la cui novella è servita come fonte principale a Shakespeare per la sua trama.
"Romeo e Giulietta, Shakespeare",Concetto,Vendetta,"Odio o vendetta ereditaria tra due famiglie o clan, motore della tragedia nell'opera professionale."
"Romeo e Giulietta, Shakespeare",Concetto,Cinico,"Qui, atteggiamento che consiste nel farsi beffe dei valori ideali e dei sentimenti per spirito critico o disincanto, come fa Mercuzio."
"Romeo e Giulietta, Shakespeare",Concetto,Peripatetismo,"In senso lato nel teatro, l'arte di sviluppare un pensiero attraverso l'azione e il movimento dei personaggi."
"Romeo e Giulietta, Shakespeare",Opera,West Side Story,Celebre musical del 1957 che adatta l'intreccio di Shakespeare al conflitto tra due gang di New York.
"Il mondo nuovo, Aldous Huxley",Opera,1984,"Romanzo di George Orwell pubblicato nel 1949 che descrive una distopia totalitaria basata sulla sorveglianza costante, la repressione e la manipolazione del linguaggio (la Neolingua)."
"Il mondo nuovo, Aldous Huxley",Concetto,processo Bokanovsky,"Nel romanzo, tecnica che consiste nel provocare tramite shock termici o chimici molteplici germogliamenti a partire da un unico uovo, permettendo di creare fino a 96 gemelli identici."
"Il mondo nuovo, Aldous Huxley",Opera,Ritorno al mondo nuovo,"Saggio pubblicato da Aldous Huxley nel 1958 in cui analizza, 27 anni dopo, l'evoluzione della società rispetto alle proprie predizioni romanzesche."
"Frankenstein, Mary Shelley",Concetto,Galvanismo,"Teoria fisica di Luigi Galvani nel XVIII secolo che suggerisce che i muscoli degli animali siano attivati da un fluido elettrico, aprendo l'immaginario sulla rianimazione dei morti."
"Frankenstein, Mary Shelley",Movimento,Romantismo,"Movimento letterario e artistico del XIX secolo che privilegia l'espressione dei sentimenti, l'immaginario, la natura selvaggia e i tormenti dell'anima."
"Frankenstein, Mary Shelley",Concetto,Hubris,"Termine greco che indica l'orgoglio smisurato di un umano che cerca di eguagliare gli dei, portando inevitabilmente alla sua caduta."
"Frankenstein, Mary Shelley",Concetto,Tabula rasa,"Concetto filosofico secondo il quale la mente umana nasce vergine da ogni conoscenza o inclinazione morale, e si costruisce solo attraverso l'esperienza e l'educazione."
"Frankenstein, Mary Shelley",Concetto,Postumanesimo,Corrente di pensiero che esplora l'idea di un'umanità trasformata o superata dai progressi tecnologici e biologici.
"Frankenstein, Mary Shelley",Concetto,Determinismo sociale,Principio secondo il quale le condizioni sociali e l'ambiente di un individuo determinano il suo comportamento e il suo destino.
"Frankenstein, Mary Shelley",Opera,Il paradiso perduto,"Poema epico di John Milton che tratta della caduta dell'uomo e della rivolta di Satana contro Dio, libro chiave che la creatura legge per comprendere la propria condizione."
"Delitto e castigo, Dostoevskij",Opera,Delitto e castigo,"Romanzo di Fëdor Dostoevskij pubblicato nel 1866, pilastro della letteratura russa che esplora i temi della colpa, della morale e della redenzione."
"Delitto e castigo, Dostoevskij",Movimento,Circolo di Petraševskij,"Gruppo di discussione intellettuale russa d'ispirazione socialista a cui apparteneva Dostoevskij, cosa che gli valse una condanna a morte."
"Delitto e castigo, Dostoevskij",Luogo,Bagno penale di Omsk,"Luogo di detenzione in Siberia dove Dostoevskij trascorse quattro anni di lavori forzati, esperienza che plasmò la sua visione della sofferenza umana."
"Delitto e castigo, Dostoevskij",Concetto,Psicologia giudiziaria,"Metodo d'indagine utilizzato dal personaggio di Porfirij Petrovič, che consiste nell'analizzare le reazioni nervose e mentali del sospettato piuttosto che le prove materiali."
"Delitto e castigo, Dostoevskij",Altro,Resurrezione di Lazzaro,"Episodio del Vangelo secondo Giovanni in cui Gesù riporta Lazzaro in vita, simbolo centrale del rinnovamento spirituale di Raskol'nikov nel romanzo."
"Il processo, Kafka",Luogo,Impero austro-ungarico,Entità politica multiculturale dell'Europa centrale guidata dagli Asburgo dal 1867 fino alla sua dissoluzione nel 1918 dopo la Prima guerra mondiale.
"Il processo, Kafka",Opera,Dinanzi alla legge,"Episodio chiave situato alla fine del Processo, raccontato da un prete a Josef K., che illustra l'impenetrabilità della Legge e l'impotenza umana."
"Don Chisciotte, Cervantes",Personaggio,James Joyce,"Scrittore irlandese di spicco del XX secolo, autore dell'Ulisse, la cui complessa struttura narrativa e l'esplorazione della psicologia umana sono eredi dirette delle innovazioni strutturali introdotte da Cervantes."
"Furore, Steinbeck",Luogo,Hoovervilles,"Nome dato alle baraccopoli costruite dai senzatetto negli Stati Uniti durante la Grande Depressione, in riferimento ironico al presidente Herbert Hoover, ritenuto responsabile della crisi."
"Il buio oltre la siepe, Harper Lee",Concetto,salvatore bianco,"Trope narrativo in cui un personaggio bianco accorre in aiuto di individui non bianchi in una situazione disperata, spesso usato per criticare il punto di vista incentrato sui bianchi nei racconti di lotta razziale."
"Il buio oltre la siepe, Harper Lee",Opera,"Va', metti una sentinella","Secondo romanzo di Harper Lee pubblicato nel 2015. Scritto prima di 'To Kill a Mockingbird', presenta una versione più anziana e ambigua di Atticus Finch."
"Il buio oltre la siepe, Harper Lee",Personaggio,Gregory Peck,Attore americano che ha vinto l'Oscar come miglior attore nel 1963 per la sua interpretazione iconica di Atticus Finch al cinema.
"Il grande Gatsby, Fitzgerald",Concetto,Dio assente,"Tema ricorrente nel romanzo legato al cartellone pubblicitario di T.J. Eckleburg, che suggerisce un mondo moderno in cui la spiritualità è stata sostituita dal commercio e dove la morale sussiste solo sotto forma di simulacri."
"Il Signore degli Anelli, Tolkien",Movimento,High Fantasy,"Sottogenere della fantasy ambientato in un mondo totalmente immaginario, che implica sfide epiche di lotta tra il bene e il male e una forte coerenza mitologica."
"Il Signore degli Anelli, Tolkien",Altro,antico inglese,"Chiamato anche anglosassone, si tratta della forma antica della lingua inglese parlata tra il V e l'XI secolo, di cui Tolkien era un esperto mondiale."
"Il Signore degli Anelli, Tolkien",Concetto,Maia,"Nella mitologia di Tolkien, spiriti divini di rango inferiore ai Valar (gli dei). Sauron e Gandalf sono dei Maiar."
"Il Signore degli Anelli, Tolkien",Luogo,Gondor,"Il principale regno degli Uomini a sud della Terra di Mezzo, bastione della resistenza contro Sauron."
"Il Signore degli Anelli, Tolkien",Istituzione,Inklings,"Circolo letterario informale riunito a Oxford attorno a Tolkien e C.S. Lewis, dove i membri leggevano le loro opere in corso di stesura."
"Fahrenheit 451, Bradbury",Opera,1984,Romanzo di George Orwell (1949) che descrive una dittatura totalitaria basata sulla sorveglianza e sulla repressione diretta del pensiero da parte dello Stato.
"Fahrenheit 451, Bradbury",Concetto,consumo di massa,Modello economico e sociale apparso nel XX secolo caratterizzato da una standardizzazione dei prodotti e da una stimolazione permanente del desiderio d'acquisto nei cittadini.
"Cent'anni di solitudine, García Márquez",Opera,Cent'anni di solitudine,"Romanzo di Gabriel García Márquez pubblicato nel 1967, considerato una delle vette della Letteratura mondiale del XX secolo."
"Cent'anni di solitudine, García Márquez",Altro,Sanscrito,Lingua classica dell'antica India utilizzata da Melquíades nel romanzo per codificare le profezie sulla famiglia Buendía.
"Cent'anni di solitudine, García Márquez",Personaggio,Mario Vargas Llosa,"Scrittore peruviano, figura di spicco del Boom della Letteratura latino-americana e amico (poi rivale) di García Márquez."
"La metamorfosi, Kafka",Opera,La metamorfosi,Racconto fondamentale della Letteratura mondiale (1915) che narra la trasformazione improvvisa di Gregor Samsa in insetto.
"La metamorfosi, Kafka",Personaggio,Max Brod,"Amico stretto ed esecutore testamentario di Kafka che, contrariamente alle sue volontà, pubblicò i suoi manoscritti postumi."
"La metamorfosi, Kafka",Concetto,kafkiana,"Aggettivo che indica una situazione assurda, opprimente e illogica, tipica dell'universo burocratico e angosciante descritto dall'autore."
"La metamorfosi, Kafka",Altro,pensionanti,Individui che affittano una camera e consumano i pasti in una casa privata; la loro presenza in casa Samsa accelera l'esclusione di Gregor.
"Moby Dick, Melville",Movimento,Letteratura americana,"Insieme delle opere letterarie prodotte negli Stati Uniti, caratterizzata nel XIX secolo dall'emergere di una voce nazionale distinta dall'Europa."
"Moby Dick, Melville",Luogo,Marchesi,"Arcipelago della Polinesia francese dove Melville soggiornò nel 1842 dopo aver disertato la sua baleniera, un'esperienza che ispirò i suoi primi romanzi."
"Moby Dick, Melville",Opera,Typee,"Primo romanzo di Melville (1846), racconto semi-autobiografico delle sue avventure tra una tribù cannibale, che fu il suo più grande successo durante la sua vita."
"Moby Dick, Melville",Concetto,Canone letterario,"Insieme delle opere considerate fondamentali, esemplari e degne di essere insegnate in una data cultura."
"Moby Dick, Melville",Luogo,New Bedford,Città costiera del Massachusetts che fu la capitale mondiale dell'industria baleniera a metà del XIX secolo.
"Moby Dick, Melville",Personaggio,Queequeg,"Arpioniere polinesiano tatuato del Pequod, amico fedele di Ismaele, rappresentante la nobiltà selvaggia e la saggezza pre-cristiana."
"Moby Dick, Melville",Personaggio,Starbuck,"Primo ufficiale del Pequod, quacchero pragmatico e coraggioso che si oppone alla folle vendetta di Achab in nome del buon senso."
"Moby Dick, Melville",Personaggio,Stubb,"Secondo ufficiale del Pequod, caratterizzato dal suo flemma gioviale e dalla sua pipa, affronta i pericoli del mare con indifferenza."
"Moby Dick, Melville",Personaggio,Flask,"Terzo ufficiale del Pequod, soprannominato 'King-Post', vede nella balena una semplice preda da abbattere senza alcun sentimento."
"Moby Dick, Melville",Altro,Cetologia,"Branca della zoologia che studia i cetacei (balene, capodogli, delfini)."
"Moby Dick, Melville",Altro,Capodoglio,"Grande mammifero marino dentato, cacciato nel XIX secolo per il suo olio e lo spermaceti contenuto nella sua testa."
"Moby Dick, Melville",Altro,Spermaceti,"O bianco di balena, sostanza cerosa situata nella testa del capodoglio, utilizzata per fabbricare candele di alta qualità."
"Moby Dick, Melville",Concetto,Leviatano,"Mostro marino della mitologia biblica, spesso usato per designare una creatura o una struttura di una potenza colossale e terrificante."
"Moby Dick, Melville",Concetto,Malignità,"Propensione a fare il male, cattiveria deliberata. Nel romanzo, Achab proietta questa intenzione sull'animale."
"Il Piccolo Principe, Saint-Exupéry",Luogo,New York,"Città d'esilio di Saint-Exupéry tra il 1940 e il 1943, dove scrisse Il Piccolo Principe."
"Il Piccolo Principe, Saint-Exupéry",Luogo,Long Island,Isola vicino a New York dove Saint-Exupéry risiedeva durante la stesura del racconto.
"Il Piccolo Principe, Saint-Exupéry",Istituzione,Reynal & Hitchcock,Casa editrice americana che pubblicò la primissima edizione de Il Piccolo Principe nel 1943.
"Il Piccolo Principe, Saint-Exupéry",Altro,Lockheed P-38 Lightning,Modello di aereo da ricognizione bimotore pilotato da Saint-Exupéry durante la sua ultima missione.
"Il Piccolo Principe, Saint-Exupéry",Altro,baobab,"Alberi giganti che, nel racconto, simboleggiano i pericoli o i cattivi pensieri che devono essere estirpati non appena compaiono."
"Il Piccolo Principe, Saint-Exupéry",Luogo,Asteroid B-612,Nome dato a un asteroide reale in omaggio all'asteroide B-612 de Il Piccolo Principe.
"Il Piccolo Principe, Saint-Exupéry",Istituzione,Aéropostale,Compagnia aerea francese per il trasporto di posta in cui lavorò Saint-Exupéry.
"L'Alchimista, Paulo Coelho",Opera,L'Alchimista,"Romanzo di Paulo Coelho pubblicato nel 1988, che racconta la ricerca iniziatica di un pastore di nome Santiago."
"L'Alchimista, Paulo Coelho",Personaggio,Raul Seixas,Celebre rocker brasiliano degli anni '70 con cui Paulo Coelho ha collaborato come paroliere.
"L'Alchimista, Paulo Coelho",Luogo,Santiago di Compostela,"Celebre pellegrinaggio cattolico che Coelho ha percorso, ispirando il suo rinnovamento spirituale e la sua scrittura."
"L'Alchimista, Paulo Coelho",Istituzione,Rocco,Importante casa editrice brasiliana che ha ripreso la pubblicazione de L'Alchimista e ne ha fatto un successo.
"L'Alchimista, Paulo Coelho",Concetto,cultura mainstream,Corrente culturale dominante che si rivolge al grande pubblico e beneficia di una diffusione di massa.
"L'Alchimista, Paulo Coelho",Luogo,Tangeri,Città portuale del Marocco dove Santiago sbarca all'inizio del suo viaggio africano.
"L'Alchimista, Paulo Coelho",Luogo,Sahara,"Il più vasto deserto caldo del mondo, che Santiago deve attraversare per raggiungere l'Egitto."
"L'Alchimista, Paulo Coelho",Concetto,Maktub,"Espressione araba che significa 'era scritto', sottolineando la convinzione che certi eventi siano predestinati."
"L'Alchimista, Paulo Coelho",Movimento,crescita personale,Corrente di pensiero e di letteratura volta al miglioramento della qualità della vita e alla realizzazione del proprio potenziale.
"La Poetica, Aristotele",Personaggio,Abu Bishr Matta,Filosofo cristiano e traduttore del X secolo che ha permesso la trasmissione della Poetica nel mondo arabo.
"La Poetica, Aristotele",Personaggio,Averroè,Filosofo e teologo andaluso del XII secolo i cui commenti su Aristotele hanno influenzato fortemente l'Europa medievale.
"La Poetica, Aristotele",Luogo,Teatro di Epidauro,"Uno dei teatri meglio conservati della Grecia antica, rinomato per la sua acustica eccezionale."
"Papà Goriot, Balzac",Concetto,Mondo,"Termine balzachiano che designa l'alta società, l'élite parigina (aristocrazia e grande borghesia) con i suoi codici spietati, i suoi Salons e la sua costante preoccupazione per le apparenze."
"Il Maestro e Margherita, Bulgakov",Istituzione,NKVD,"Polizia politica dell'URSS sotto Stalin, antenata del KGB, responsabile della repressione e della sorveglianza dei cittadini."
"Il Maestro e Margherita, Bulgakov",Movimento,Samizdat,"Sistema di diffusione clandestina di scritti proibiti dal potere sovietico, riprodotti a mano o con la macchina da scrivere."
"Il Maestro e Margherita, Bulgakov",Movimento,Realismo socialista,Dottrina artistica ufficiale dell'URSS che esige che l'arte sia al servizio del partito e rappresenti la realtà sotto una luce eroica e pro-comunista.
"Amleto, Shakespeare",Opera,"Amleto, principe di Danimarca","Tragedia di William Shakespeare pubblicata verso il 1603, considerata come uno dei vertici della letteratura mondiale per la sua profondità psicologica."
"Amleto, Shakespeare",Luogo,Wittenberg,"Città tedesca celebre per la sua università dove si suppone che Amleto abbia studiato, luogo altamente simbolico poiché culla della Riforma protestante."
"Amleto, Shakespeare",Concetto,Legge del taglione,"Principio di giustizia punitiva consistente nell'infliggere al colpevole lo stesso danno che ha causato (occhio per occhio, dente per dente)."
"Amleto, Shakespeare",Concetto,Complesso di Edipo,"Concetto psicoanalitico teorizzato da Freud, spesso applicato a Amleto per spiegare il suo rapporto torbido con Gertrude e la sua esitazione nell'uccidere Claudio."
"I Fiori del Male, Baudelaire",Movimento,Romantismo,"Movimento letterario e artistico dell'inizio del XIX secolo che privilegia l'espressione dei sentimenti, il lirismo e il rapporto con la natura, dal quale Baudelaire si è distaccato per il suo rifiuto dell'idealizzazione."
"I Fiori del Male, Baudelaire",Opera,Madame Bovary,"Romanzo di Gustave Flaubert pubblicato nel 1857, celebre per il suo realismo e che ha subito, come I Fiori del Male, un processo per immoralità nello stesso anno."
"I Fiori del Male, Baudelaire",Concetto,Modernità,"Concetto baudelairiano consistente nel trovare il bello e l'eterno all'interno dell'effimero e della vita urbana contemporanea, piuttosto che nei modelli antichi."
"I Fiori del Male, Baudelaire",Personaggio,Barone Haussmann,"Prefetto della Senna sotto Napoleone III, responsabile dei grandi lavori di trasformazione di Parigi che hanno ispirato i 'Tableaux parisiens' di Baudelaire."
"I Fiori del Male, Baudelaire",Concetto,Poema in prosa,"Forma poetica senza rime né versi misurati, di cui Baudelaire fu il pioniere con 'Lo spleen di Parigi', cercando una prosa musicale adatta agli urti della vita urbana."
"I Fiori del Male, Baudelaire",Opera,Lo spleen di Parigi,Raccolta postuma di piccoli poemi in prosa in cui Baudelaire prosegue la sua esplorazione della modernità e dell'erranza urbana.
Il Rinascimento italiano,Concetto,Mecenatismo,"Sostegno finanziario e politica apportato da un personaggio potente (il mecene) ad artisti o scrittori, spesso in cambio della produzione di opere a sua gloria."
Il Rinascimento italiano,Personaggio,Pico della Mirandola,"Filosofo umanista italiano, autore del 'Discorso sulla dignità dell'uomo', testo fondatore che pone la libertà umana al centro della creazione."
Il Rinascimento italiano,Altro,Tempera,"Tecnica di pittura medievale che utilizza il tuorlo d'uovo per legare i pigmenti, sostituita durante il Rinascimento dalla pittura a olio, più flessibile e luminosa."
La nascita dell'impressionismo,Concetto,Avanguardia,Movimento artistico o intellettuale che rompe con le convenzioni del passato per esplorare nuove vie estetiche.
La nascita dell'impressionismo,Personaggio,Michel-Eugène Chevreul,Chimista francese la cui '**Legge** del contrasto simultaneo dei colori' (1839) ha teoricamente fondato l'uso dei **colori complementari** da parte degli impressionisti.
La nascita dell'impressionismo,Luogo,Café Guerbois,"Celebre stabilimento parigino dove l'**avanguardia** (Manet, Monet, Renoir, Zola) si riuniva per discutere della pittura moderna."
La nascita dell'impressionismo,Personaggio,Paul Durand-Ruel,"Audace mercante d'**Arte** che ha sostenuto finanziariamente gli impressionisti e ha permesso il loro successo internazionale, in particolare negli Stati Uniti."
La nascita dell'impressionismo,Movimento,Stampe giapponesi,"Incisioni su legno (Ukiyo-e) arrivate in Europa nel XIX secolo, le cui inquadrature asimmetriche e le tinte piatte hanno affascinato Degas e Monet."
La nascita dell'impressionismo,Movimento,Neoimpressionismo,"**Movimento** succeduto all'**impressionismo**, guidato da Georges Seurat, che applicava scientificamente la decomposizione del colore sotto forma di punti."
Caravaggio e il chiaroscuro,Personaggio,Michelangelo Merisi,"Nome di nascita di **Caravaggio**, che abbandona a favore del nome del suo villaggio d'origine per evitare la confusione con Michelangelo [Buonarroti]."
Caravaggio e il chiaroscuro,Luogo,Porto Ercole,"Città costiera della Toscana dove **Caravaggio** muore di malattia e sfinimento nel 1610, mentre cercava di tornare a Roma per ottenere la grazia."
Caravaggio e il chiaroscuro,Movimento,Controriforma,"**Movimento** della Chiesa cattolica volto a rafforzare la fede e a rispondere alla Riforma protestante, utilizzando in particolare l'**Arte** come strumento di persuasione ed emozione."
Caravaggio e il chiaroscuro,Movimento,Manierismo,"Stile artistico della fine del Rinascimento caratterizzato da forme allungate, composizioni complesse e un rifiuto volontario del naturalismo a favore dell'artificio."
Rembrandt e la scuola fiamminga,Concetto,Chiaroscuro,Tecnica pittorica che gioca su contrasti violenti tra zone luminose e zone d'ombra per creare volume e profondità drammatica.
Rembrandt e la scuola fiamminga,Evento,Fallimento personale,"Nel 1656, a seguito di massicci debiti legati al suo stile di vita e alle sue collezioni, Rembrandt viene dichiarato insolvente, perdendo tutti i suoi beni materiali."
Rembrandt e la scuola fiamminga,Luogo,Kloveniersdoelen,"Sede degli archibugieri di Amsterdam, dove erano originariamente esposti i grandi ritratti di gruppo delle milizie borghesi."
Rembrandt e la scuola fiamminga,Personaggio,Vermeer,"Pittore olandese contemporaneo di Rembrandt, celebre per le sue scene d'interno calme e il suo uso magistrale della luce naturale."
"Il romanticismo in pittura (Delacroix, Géricault)",Movimento,neoclassicismo,"Stile dominante in Francia dalla Rivoluzione fino agli anni 1820: chiarezza, soggetti nobili dell'Antichità, primato del disegno sul colore. La Rivoluzione e Napoleone ne fecero il proprio stile ufficiale."
"Il romanticismo in pittura (Delacroix, Géricault)",Personaggio,Shakespeare,Drammaturgo inglese (1564-1616) le cui opere tragiche e appassionate furono una fonte d'ispirazione maggiore per i pittori romantici.
"Il romanticismo in pittura (Delacroix, Géricault)",Personaggio,Byron,"Lord Byron (1788-1824), poeta britannico che incarna l'eroe romantico tormentato e impegnato, morto durante la guerra d'indipendenza greca."
"Il romanticismo in pittura (Delacroix, Géricault)",Concetto,abolizionista,"Corrente di pensiero volta all'abolizione della schiavitù, una causa sostenuta da Géricault nei suoi ritratti di uomini neri."
"Il romanticismo in pittura (Delacroix, Géricault)",Evento,Le tre giornate di luglio,"Rivoluzione parigina del 27, 28 e 29 luglio 1830 che rovesciò il re Carlo X a favore di Luigi Filippo I."
"Il romanticismo in pittura (Delacroix, Géricault)",Movimento,orientalismo,"Corrente artistica del XIX secolo affascinata dalle culture del Maghreb e del Vicino Oriente, spesso fantasticate o scoperte durante spedizioni."
Il cubismo: Picasso e Braque,Data,Quattrocento,"Indica il XV secolo italiano, periodo segnato dall'invenzione della prospettiva lineare e dal rinnovamento delle arti."
Il cubismo: Picasso e Braque,Concetto,passaggi,Tecnica pittorica iniziata da Cézanne che consiste nel far scivolare i piani l'uno nell'altro per rompere la continuità dei volumi.
Il cubismo: Picasso e Braque,Concetto,arti africane e oceaniche,"Insieme di opere rituali (maschere, sculture) la cui struttura geometrica e simbolica ha ispirato Picasso per uscire dal realismo europeo."
Il cubismo: Picasso e Braque,Luogo,Trocadéro,Antico museo di etnografia parigino dove gli artisti d'avanguardia scoprirono le arti non occidentali all'inizio del XX secolo.
Il cubismo: Picasso e Braque,Personaggio,Apollinaire,"Poeta e critico d'arte francese (1880-1918), difensore instancabile del cubismo e autore de 'Les Peintres cubistes'."
Il cubismo: Picasso e Braque,Movimento,Gruppo di Puteaux,"Collettivo di artisti cubisti (Duchamp, Léger, Delaunay) che privilegiavano un approccio più teorico e colorato rispetto a quello di Picasso."
Il cubismo: Picasso e Braque,Concetto,design grafico,Disciplina che utilizza l'immagine e la tipografia per comunicare; ha ereditato dal cubismo la decostruzione dell'impaginazione.
Il surrealismo: Dalí e Magritte,Concetto,Cadavere eccellente,"Gioco collettivo inventato dai surrealisti che consiste nel comporre una frase o un disegno da parte di più persone, senza che nessuna di esse possa tenere conto della collaborazione o delle collaborazioni precedenti."
Il surrealismo: Dalí e Magritte,Movimento,Realismo magico,"Stile pittorico o letterario che integra elementi meravigliosi o irrazionali in un contesto realistico, creando un senso di stranezza senza sfociare nel fantastico puro."
L'espressionismo: Munch e L'urlo,Concetto,disincanto,Processo di rottura con le credenze tradizionali e senso di perdita di significato di fronte alla razionalizzazione e alla modernizzazione della società.
L'espressionismo: Munch e L'urlo,Concetto,soggettività,"Carattere di ciò che appartiene al soggetto in opposizione all'oggetto. Nell'arte, privilegiare la percezione personale ed emotiva rispetto all'osservazione fattuale."
L'espressionismo: Munch e L'urlo,Concetto,nulla,"Assenza di significato o di fondamento dell'esistenza, tema centrale della filosofia esistenzialista che trova un'eco visiva nell'opera di Munch."
L'espressionismo: Munch e L'urlo,Luogo,Ekeberg,Collina che domina Oslo dove Munch stava passeggiando quando ha avuto l'epifania visiva che ha ispirato « L'urlo ».
L'espressionismo: Munch e L'urlo,Istituzione,Galleria nazionale di Oslo,Museo norvegese che conserva la versione più famosa (1893) del quadro « L'urlo ».
L'espressionismo: Munch e L'urlo,Movimento,surrealismo,"Movimento artistico che esplora i meccanismi dell'inconscio e del sogno, in parte influenzato dalla libertà d'espressione dell'espressionismo."
L'arte astratta: Kandinsky e Mondrian,Concetto,mimesi,Termine greco che indica l'imitazione della natura o del mondo reale nell'arte. L'astrazione è la prima rottura totale con questo principio vecchio di diversi millenni.
L'arte astratta: Kandinsky e Mondrian,Altro,decantazione,Processo metaforico attraverso il quale un artista come Mondrian epura progressivamente la sua visione del reale per conservarne solo le linee di forza essenziali.
L'arte astratta: Kandinsky e Mondrian,Movimento,astrazione lirica,"Tendenza dell'arte astratta, iniziata da Kandinsky, che privilegia l'espressione diretta delle emozioni e dell'interiorità attraverso forme organiche e giochi di colori liberi."
L'arte astratta: Kandinsky e Mondrian,Personaggio,Walter Gropius,"Architetto tedesco (1883-1969), fondatore del Bauhaus. Sosteneva un'architettura razionalista e il matrimonio tra l'artigianato e i metodi industriali."
La Pop Art: Warhol e Lichtenstein,Movimento,Independent Group,"Collettivo di artisti, architetti e critici britannici formato nel 1952 a Londra, considerato il precursore della Pop Art per il suo interesse verso la cultura popolare americana."
La Pop Art: Warhol e Lichtenstein,Concetto,Serigrafia,"Tecnica di stampa che utilizza uno schermo di seta come stencil. Andy Warhol l'ha utilizzata per produrre opere d'arte in serie, mettendo in discussione l'aspetto unico della pittura."
La Pop Art: Warhol e Lichtenstein,Concetto,Ben-Day,"Procedimento di stampa industriale creato da Benjamin Day nel 1879, consistente in piccoli punti colorati. Lichtenstein li riprodusse a mano per imitare l'estetica del fumetto."
La nascita della musica elettronica,Altro,classifiche,Classifiche settimanali dei dischi più venduti o ascoltati.
La nascita della musica elettronica,Concetto,campionamento,Processo di prelievo di un estratto sonoro (campione) per reintegrarlo in una nuova composizione.
La nascita della musica elettronica,Concetto,software DAW,"Musica Assistita dal Computer. Insieme di strumenti digitali che permettono di comporre, registrare e mixare musica su un computer."
Bob Dylan e il folk di protesta,Movimento,Beat Generation,"Movimento letterario e artistico nato negli anni '50 (Kerouac, Ginsberg) che sostiene la liberazione sessuale, la ricerca spirituale e una scrittura spontanea. Ha influenzato fortemente la scrittura di Dylan."
Bob Dylan e il folk di protesta,Istituzione,Columbia Records,"Una delle più antiche e potenti etichette discografiche americane, che mise sotto contratto Bob Dylan nel 1961."
Bob Dylan e il folk di protesta,Altro,Fender Stratocaster,Modello di chitarra elettrica emblematico. Quella utilizzata da Dylan a Newport nel 1965 è diventata uno degli strumenti più celebri della storia del rock.
L'hip-hop: nascita di una cultura,Luogo,Cross-Bronx Expressway,"Autostrada principale che attraversa il Bronx, la cui costruzione tra il 1948 e il 1972 ha destrutturato fisicamente e socialmente il quartiere."
L'hip-hop: nascita di una cultura,Personaggio,Robert Moses,"Urbanista newyorkese i cui progetti di infrastrutture massicce hanno favorito l'automobile, portando al declino economico di quartieri popolari come il Bronx."
L'hip-hop: nascita di una cultura,Concetto,Speculazione edilizia,"Pratica finanziaria volta a trarre profitto dalle variazioni di prezzo dei beni; nel Bronx degli anni '70, portò a incendi dolosi per incassare le assicurazioni."
L'hip-hop: nascita di una cultura,Concetto,Scratching,Tecnica da DJ che consiste nel manipolare un disco in vinile con la mano per produrre suoni sincopati e ritmici.
L'hip-hop: nascita di una cultura,Personaggio,The Notorious B.I.G.,"Rapper emblematico della East Coast (New York) negli anni '90, riconosciuto per la sua virtuosità tecnica e i suoi racconti autobiografici."
L'hip-hop: nascita di una cultura,Personaggio,Tupac Shakur,"Figura centrale del rap della West Coast, poeta e attore, diventato un'icona mondiale dopo la sua tragica morte nel 1996."
L'opera di Verdi,Movimento,Bel canto,"Stile di canto italiano che privilegia la bellezza del timbro, la fluidità delle linee melodiche e la virtuosità tecnica a scapito, talvolta, della veridicità drammatica."
L'opera di Verdi,Concetto,Recitativo,"Forma di canto declamato, vicino alla parola, utilizzato nell'opera per far avanzare l'azione tra due arie più melodiche."
L'opera di Verdi,Movimento,Verismo,"Corrente dell'opera italiana della fine del XIX secolo (Puccini, Mascagni) che cerca di rappresentare la realtà sociale in modo crudo e violento."
L'opera di Verdi,Personaggio,Cavour,"Camillo Benso, conte di Cavour (1810-1861), statista piemontese e architetto politico dell'unificazione italiana."
Mozart: bambino prodigio e vita tragica,Movimento,romanticismo,"Movimento artistico del XIX secolo che privilegia l'espressione dei sentimenti e l'individualità, di cui Mozart è considerato un precursore per la sua sensibilità."
Mozart: bambino prodigio e vita tragica,Personaggio,Gregorio Allegri,"Compositore italiano del XVII secolo, autore del celebre 'Miserere' che Mozart trascrisse a memoria all'età di 14 anni."
Mozart: bambino prodigio e vita tragica,Istituzione,la massoneria,Organizzazione fraterna dai rituali iniziatici i cui ideali di libertà e uguaglianza hanno segnato fortemente la filosofia e le ultime opere di Mozart.
Mozart: bambino prodigio e vita tragica,Movimento,classicismo,"Periodo della storia della musica (1750-1820) caratterizzato dalla chiarezza, dall'equilibrio delle forme e dalla misura, di cui Mozart è il rappresentante più compiuto."
Beethoven: genio e sordità,Personaggio,Mozart,Compositore austriaco prodigio (1756-1791) di cui il padre di Beethoven voleva fare di suo figlio il successore immediato.
Beethoven: genio e sordità,Personaggio,Brahms,"Compositore tedesco (1833-1897) che impiegò più di vent'anni per completare la sua prima sinfonia, schiacciato dall'ombra monumentale di Beethoven."
Beethoven: genio e sordità,Personaggio,Mahler,Compositore e direttore d'orchestra (1860-1911) che ha spinto il genere della sinfonia ai suoi limiti espressivi e strutturali dopo Beethoven.
Beethoven: genio e sordità,Concetto,musica assoluta,"Concetto estetico che indica una musica che non dipende da alcun supporto narrativo o visivo esterno, esistendo per le proprie strutture sonore."
La nascita del rock'n'roll,Movimento,Gospel,"Musica vocale cristiana di tradizione afroamericana, caratterizzata da armonie ricche e una forte intensità emotiva."
La nascita del rock'n'roll,Personaggio,Sam Phillips,"Fondatore dello studio Sun Records a Memphis, è il produttore che ha scoperto Elvis Presley e cercava un bianco capace di cantare il blues."
La nascita del rock'n'roll,Concetto,Segregazione,Processo politica e sociale di separazione fisica e istituzionale delle popolazioni secondo la loro origine razziale in vigore negli Stati Uniti fino agli anni '60.
La nascita del rock'n'roll,Istituzione,Leggi Jim Crow,Insieme di leggi statali e locali che imponevano la segregazione razziale nel Sud degli Stati Uniti tra il 1877 e il 1964.
La nascita del rock'n'roll,Concetto,Cover,"Pratica che consiste nel registrare nuovamente una canzone originale da parte di un altro artista, spesso utilizzata negli anni '50 per far interpretare successi neri da bianchi."
La nascita del rock'n'roll,Evento,Movimento per i diritti civili,Lotta politica e sociale negli Stati Uniti (1954-1968) per porre fine alla segregazione razziale e garantire il diritto di voto agli afroamericani.
Bach e la musica barocca,Istituzione,cantore,"Titolo dato al direttore della musica e dei cori di una chiesa o di una scuola religiosa in Germania, responsabile della musica liturgica."
Bach e la musica barocca,Istituzione,Collegium Musicum,"Ensemble musicale fondato a Lipsia da Telemann e diretto da Bach, composto da studenti e professionisti che tenevano concerti profani nei caffè."
Bach e la musica barocca,Movimento,stile galante,"Estetica musicale della metà del XVIII secolo che privilegia la semplicità, la chiarezza melodica e l'eleganza, opponendosi alla complessità barocca di Bach."
Bach e la musica barocca,Concetto,numerologia,Pratica che consiste nell'attribuire numeri alle lettere o alle note per inserire significati nascosti o nomi in una partitura.
Bach e la musica barocca,Altro,Golden Record,"Disco a bordo delle sonde Voyager contenente suoni e immagini della Terra, tra cui il Preludio e Fuga n. 1 di Bach."
La nascita del jazz americano,Luogo,Nuova Orleans,"Città della Louisiana, crocevia culturale fondamentale in cui la fusione di influenze francesi, spagnole, africane e caraibiche ha permesso la nascita del jazz."
La nascita del jazz americano,Concetto,blue notes,"Note caratteristiche del blues e del jazz la cui frequenza è abbassata di un semitono, creando una tensione espressiva e malinconica."
La nascita del jazz americano,Istituzione,leggi Jim Crow,Serie di leggi statali e locali negli Stati Uniti che imposero la segregazione razziale tra il 1877 e il 1964.
La nascita del jazz americano,Movimento,jazz modale,"Stile di jazz basato sull'uso di modi (scale) piuttosto che su rapidi cambi di accordi, favorendo un'improvvisazione più libera e melodica."
La nascita del jazz americano,Movimento,free jazz,"Corrente d'avanguardia nata negli anni '60 che cerca di rompere le strutture convenzionali del jazz (tempo, accordi fissi)."
La nascita del jazz americano,Movimento,jazz fusion,Stile che combina l'improvvisazione jazz con gli strumenti elettrici del rock e i ritmi del funk.
La nascita del jazz americano,Concetto,swing,"Effetto ritmico oscillante prodotto dall'accentuazione spostata dei tempi, creando una sensazione di propulsione caratteristica del jazz."
Il blues: radici di tutta la musica moderna,Luogo,Deep South,"Regione socioculturale e geografica del sud-est degli Stati Uniti (Mississippi, Alabama, Georgia...), focolaio storico della schiavitù e culla delle musiche afroamericane."
Il blues: radici di tutta la musica moderna,Concetto,Field hollers,"Grida o canti a cappella improvvisati dai lavoratori neri nelle piantagioni, precursori vocali del blues che permettevano di esprimere un'emozione o di comunicare."
Il blues: radici di tutta la musica moderna,Concetto,Work songs,"Canti di lavoro collettivi strutturati da un ritmo regolare, che aiutavano a coordinare i movimenti ripetitivi (raccolta del cotone, posa dei binari) e a sopportare la fatica."
Il blues: radici di tutta la musica moderna,Altro,Bottleneck,"Letteralmente « collo di bottiglia ». Oggetto fatto scivolare su un dito per suonare la chitarra, producendo un suono scivolato e lamentoso tipico del Delta blues."
Il blues: radici di tutta la musica moderna,Concetto,Spirituals,"Canti religiosi cristiani creati dagli schiavi afroamericani, che fondono fervore spirituale e speranza di liberazione terrena."
Il blues: radici di tutta la musica moderna,Altro,Fingerpicking,"Tecnica chitarristica che consiste nel pizzicare le corde direttamente con le dita invece che con un plettro, permettendo di suonare simultaneamente il basso e la melodia."
Il blues: radici di tutta la musica moderna,Luogo,Crossroads,"Il 'crocevia', luogo simbolico del folklore afroamericano dove si incrociano i mondi fisico e spirituale, centrale nel mito del patto di Robert Johnson."
Il blues: radici di tutta la musica moderna,Concetto,Sampling,"Processo che consiste nell'isolare un estratto sonoro da una registrazione preesistente per riutilizzarlo in una nuova composizione, base tecnica dell'hip-hop."
La nascita della fotografia,Concetto,Camera oscura,Dispositivo ottico (camera obscura) consistente in una scatola chiusa con un piccolo foro che lascia passare la luce per proiettare un'immagine invertita del Mondo esterno su una parete.
La nascita della fotografia,Altro,Bitume di Giudea,Sostanza fotosensibile naturale utilizzata da Niépce per la prima fotografia; ha la proprietà di indurirsi sotto l'azione della luce.
La nascita della fotografia,Concetto,Carte-de-visite,"Formato di ritratto fotografico brevettato da Disdéri nel 1854, che permetteva di moltiplicare le stampe su una stessa lastra e di ridurre drasticamente i prezzi."
La nascita della fotografia,Movimento,Impressionismo,"Movimento pittorico nato in reazione alla foto, che privilegia la resa delle sensazioni luminose e dell'istante piuttosto che la precisione del tratto."
La nascita della fotografia,Movimento,Cubismo,"Movimento artistico dell'inizio del XX secolo che decostruisce gli oggetti in forme geometriche, rompendo definitivamente con la prospettiva realista."
La nascita della fotografia,Concetto,Cultura visuale,"Insieme dei modi in cui una società percepisce, interpreta e consuma le immagini, diventate preponderanti con l'avvento della fotografia."
Charlie Chaplin e il cinema muto,Altro,Cinematografo,Apparecchio inventato dai fratelli Lumière che funge sia da telecamera per le riprese che da proiettore cinematografico.
Charlie Chaplin e il cinema muto,Personaggio,Georges Méliès,"Regista francese e illusionista, pioniere degli effetti speciali e creatore del celebre film 'Le Voyage dans la Lune' (1902)."
Charlie Chaplin e il cinema muto,Movimento,music-hall,"Spettacolo di varietà (canti, gag, acrobazie) molto popolare nel Regno Unito dove Chaplin ha mosso i suoi primi passi sulla scena."
Charlie Chaplin e il cinema muto,Istituzione,FBI,"Ufficio federale di indagine americano che, sotto la direzione di J. Edgar Hoover, ha perseguitato Chaplin per le sue opinioni politiche giudicate troppo a sinistra."
Charlie Chaplin e il cinema muto,Evento,Guerra fredda,"Periodo di tensioni geopolitiche tra gli Stati Uniti e l'URSS (1947-1991), segnata da una paranoia anticomunista in America."
Charlie Chaplin e il cinema muto,Istituzione,United Artists,Studio cinematografico fondato nel 1919 da Chaplin e altri artisti per mantenere il controllo totale sulle proprie opere e sui propri guadagni.
Orson Welles e Quarto potere,Concetto,Final Cut,Diritto sovrano concesso a un regista di convalidare il montaggio e la versione definitiva del suo film senza l'intervento dello studio di produzione.
Orson Welles e Quarto potere,Istituzione,RKO Pictures,Uno dei grandi studi dell'età dell'oro hollywoodiana che si è assunto il rischio di produrre Quarto potere offrendo una libertà totale a Orson Welles.
Orson Welles e Quarto potere,Movimento,Nouvelle Vague,Movimento cinematografico francese degli anni 1950-60 che ha riabilitato Quarto potere e teorizzato il ruolo del regista come unico autore della sua Opera.
Orson Welles e Quarto potere,Luogo,Xanadu,"Tenuta fittizia gigantesca e malinconica costruita da Kane, ispirata a Hearst Castle, che simboleggia sia il successo materiale che l'isolamento affettivo."
La Nouvelle Vague francese,Personaggio,André Bazin,"Critico cinematografico francese influente e teorico, cofondatore dei Cahiers du Cinéma, fu il mentore spirituale della Nouvelle Vague."
La Nouvelle Vague francese,Concetto,quarta parete,Frontiera immaginaria che separa gli attori dal pubblico. Il fatto di guardare o rivolgersi direttamente alla telecamera la 'rompe'.
La Nouvelle Vague francese,Altro,Éclair Caméflex,"Modello di cinepresa portatile e leggera apparsa nel dopoguerra, essenziale per le riprese in esterni della Nouvelle Vague."
La Nouvelle Vague francese,Movimento,Cinema Novo,"Movimento cinematografico brasiliano degli anni '60 influenzato dalla Nouvelle Vague, incentrato sulla critica sociale e sul realismo."
La Nouvelle Vague francese,Movimento,Dogma 95,"Movimento lanciato nel 1995 da Lars von Trier che sostiene un ritorno alla purezza del cinema (niente effetti speciali, cinepresa a spalla)."
La Nouvelle Vague francese,Personaggio,Jean-Paul Belmondo,"Attore francese rivelato da 'Fino all'ultimo respiro', diventato il volto della libertà e dell'insolenza della Nouvelle Vague."
La Nouvelle Vague francese,Personaggio,Jean-Pierre Léaud,"Attore feticcio di François Truffaut, incarna Antoine Doinel in diversi film, diventando l'alter ego del regista."
Hitchcock e la suspense,Tecnica,piano sequenza,"Sequenza cinematografica composta da un'unica inquadratura, senza alcun taglio di montaggio visibile."
Hitchcock e la suspense,Tecnica,Dolly Zoom,Effetto di distorsione spaziale ottenuto combinando uno zoom in avanti e una carrellata all'indietro (o viceversa).
L'architettura gotica: le cattedrali,Concetto,arco rampante,Elemento architettonico esterno all'edificio che sostiene il muro della navata distribuendo la spinta delle volte verso un pilastro di spalla.
L'architettura gotica: le cattedrali,Personaggio,l'abate Suger,"Abate di Saint-Denis e consigliere dei re di Francia, considerato il padre dell'arte gotica grazie alla sua ricostruzione della basilica di Saint-Denis."
Il Bauhaus,Personaggio,Vassily Kandinsky,"Pittore russo e uno dei pionieri dell'arte astratta. Maestro al Bauhaus, vi insegnò la teoria della forma e del colore, legando spiritualità artistica e rigore geometrico."
Il Bauhaus,Movimento,De Stijl,Movimento artistico olandese (di cui faceva parte Mondrian) che sostiene l'uso di linee rette e colori primari. La sua estetica ha influenzato profondamente la svolta modernista de Il Bauhaus.
Il Bauhaus,Luogo,Città Bianca di Tel Aviv,"Complesso architettonico in Israele costruito tra il 1930 e il 1948 secondo i principi de Il Bauhaus, adattato al clima mediterraneo. È il più grande insieme di questo stile al Mondo."
Il Bauhaus,Concetto,sans-serif,Categoria di caratteri tipografici senza grazie (le piccole estensioni alla fine delle lettere). Il Bauhaus ha popolarizzato questa tipografia essenziale per la sua leggibilità moderna.
La Gioconda,Personaggio,Lisa Gherardini,"L'identità più probabile del modello de La Gioconda, era la moglie del mercante di seta Francesco del Giocondo."
La Gioconda,Concetto,Prospettiva aerea,"Tecnica pittorica che consiste nel creare un'illusione di profondità rendendo gli oggetti lontani più sfocati, più chiari e più bluastri, simulando lo spessore dell'aria."
La Gioconda,Concetto,Visione periferica,"Parte della visione situata al di fuori del punto di fissazione centrale, capace di percepire le forme e i movimenti ma meno precisa sui colori e i dettagli nitidi."
La Gioconda,Personaggio,Guillaume Apollinaire,"Celebre poeta francese, arrestato e imprigionato per una settimana nel 1911 nell'ambito dell'inchiesta sul furto de La Gioconda."
La Gioconda,Personaggio,Pablo Picasso,"Pittore principale del XX secolo, interrogato dalla polizia nel 1911 perché aveva acquistato delle statuette rubate al Louvre da un conoscente di Apollinaire."
La Gioconda,Oggetto,Vetro antiproiettile,Dispositivo di sicurezza ad alta resistenza che protegge l'opera dalle aggressioni fisiche e dalle variazioni climatiche dagli anni '50.
"Notte stellata, Van Gogh",Luogo,Paesi Bassi,"Paese natale di Van Gogh, la cui architettura (in particolare i campanili) influenza inconsciamente i suoi paesaggi provenzali."
"Notte stellata, Van Gogh",Opera,La grande onda di Kanagawa,Celebre stampa giapponese di Hokusai il cui dinamismo curvilineo ha segnato profondamente la struttura dei vortici di Van Gogh.
"Notte stellata, Van Gogh",Movimento,Fauves,"Movimento artistico dell'inizio del XX secolo (Matisse, Derain) che utilizza colori puri e violenti, erede diretto delle ricerche di Van Gogh."
"Guernica, Picasso",Istituzione,Seconda Repubblica spagnola,"Regime democratico in vigore in Spagna dal 1931 al 1939, rovesciato dal colpo di Stato militare e dalla guerra civile guidata da Franco."
"Guernica, Picasso",Periodo,Guerra Fredda,Periodo di tensioni geopolitiche mondiali (1947-1991) durante il quale Guernica è diventato un simbolo di lotta contro l'oppressione al di là del conflitto spagnolo.
"Guernica, Picasso",Istituzione,ONU,"Organizzazione delle Nazioni Unite, dove una riproduzione del dipinto ricorda ai leader del Mondo l'orrore dei conflitti armati."
"La Libertà che guida il popolo, Delacroix",Movimento,Romantismo,"Movimento artistico del XIX secolo che privilegia l'espressione dei sentimenti, l'immaginazione e il dinamismo a scapito del rigore classico. Delacroix ne è il principale rappresentante in pittura."
"La Libertà che guida il popolo, Delacroix",Altro,Restaurazione,Periodo della storia di Francia (1814-1830) segnato dal ritorno della dinastia dei Borbone (Luigi XVIII poi Carlo X) dopo la caduta di Napoleone.
"La Libertà che guida il popolo, Delacroix",Personaggio,Gavroche,"Personaggio infantile ed eroico de 'I Miserabili' di Victor Hugo, ispirato dal giovane ragazzo con le pistole di Delacroix."
"La Creazione di Adamo, Michelangelo",Data,Cinquecento,"Termine italiano che designa il XVI secolo, apogeo del Rinascimento italiano segnato da artisti come Michelangelo, Raffaello e Leonardo da Vinci."
"La Creazione di Adamo, Michelangelo",Movimento,scultore_fiorentino,"Identità artistica di Michelangelo, formatosi a Firenze secondo una tradizione che privilegia il volume, la linea e la forza fisica rispetto al solo colore."
"La Creazione di Adamo, Michelangelo",Personaggio,Bramante,"Architetto rivale di Michelangelo, avrebbe suggerito al Papa di affidare la volta a quest'ultimo per metterlo in difficoltà tecnica."
"La Creazione di Adamo, Michelangelo",Concetto,mollezza,"Concetto estetico italiano che designa la mollezza o la fluidità di un corpo, utilizzata qui per sottolineare l'assenza di energia vitale di Adamo prima dell'intervento divino."
"La Creazione di Adamo, Michelangelo",Concetto,dissezione_anatomica,"Pratica scientifica che consiste nell'aprire cadaveri per studiare i muscoli e gli organi, essenziale al realismo dei corpi in Michelangelo."
"La Creazione di Adamo, Michelangelo",Movimento,maniera_moderna,"Fase della pittura del Rinascimento caratterizzata da una perfetta padronanza dell'anatomia e della prospettiva, unita a una forza drammatica inedita."
"Impressione, levar del sole, Monet",Personaggio,Nadar,Celebre fotografo che prestò il suo atelier per la prima mostra indipendente degli impressionisti nel 1874.
"Impressione, levar del sole, Monet",Concetto,en plein air,"Pratica pittorica che consiste nel dipingere fuori dall'atelier, direttamente davanti al soggetto, facilitata dall'invenzione dei tubetti di vernice flessibili."
"I nighthawks, Hopper",Personaggio,Robert Henri,"Pittore americano, capofila della Ashcan School, che fu il professore di Hopper e lo incoraggiò a dipingere la vita urbana reale e cruda."
"I nighthawks, Hopper",Evento,Pearl Harbor,"Attacco a sorpresa il 7 dicembre 1941 da parte delle forze giapponesi, che portò all'ingresso degli Stati Uniti nella Seconda guerra mondiale e creò un clima di angoscia nazionale nel momento in cui Hopper dipingeva la sua tela."
"I nighthawks, Hopper",Personaggio,Ridley Scott,Regista britannico che ha esplicitamente citato 'Nighthawks' come influenza visiva maggiore per ricreare l'atmosfera notturna e piovosa del film Blade Runner.
"I nighthawks, Hopper",Personaggio,Wim Wenders,"Cineasta tedesco affascinato da Hopper, ha messo in scena un tableau vivant di 'Nighthawks' nel suo film 'The End of Violence'."
"Les Demoiselles d'Avignon, Picasso",Concetto,mimesis,Concetto estetico derivante dalla filosofia greca (Aristotele) che designa l'imitazione della natura da parte dell'artista.
"Les Demoiselles d'Avignon, Picasso",Movimento,cubismo analitico,Prima fase del cubismo (1908-1912) volta a decomporre gli oggetti in forme geometriche semplici e a rappresentarli sotto più punti di vista simultanei.
"Les Demoiselles d'Avignon, Picasso",Concetto,arti primarie,"Termine storicamente utilizzato per designare le produzioni artistiche delle società tradizionali dell'Africa, dell'Oceania e dell'America, da cui Picasso ha attinto la forza espressiva."
"Les Demoiselles d'Avignon, Picasso",Movimento,cubismo,"Movimento artistico rivoluzionario fondato da Picasso e Braque, caratterizzato dalla decostruzione delle forme e dal rifiuto della prospettiva classica."
"La persistenza della memoria, Dalí",Movimento,Surrealismo,Movimento artistico e letterario del XX secolo che cerca di liberare l'inconscio e il sogno dal controllo della ragione.
"La persistenza della memoria, Dalí",Concetto,metodo paranoico-critico,Tecnica inventata da Dalí consistente nell'utilizzare le proprie ossessioni e deliri per creare immagini dai molteplici significati.
"La persistenza della memoria, Dalí",Concetto,Teoria della relatività,Teoria fisica di Albert Einstein che postula che il tempo e lo spazio siano legati e possano deformarsi a seconda della velocità e della gravità.
"La persistenza della memoria, Dalí",Concetto,Cultura popolare,Insieme di pratiche e oggetti culturali ampiamente diffusi e condivisi dalla maggior parte di una società.
"La persistenza della memoria, Dalí",Movimento,Rinascimento,Periodo della storia dell'arte caratterizzato dal ritorno ai modelli antichi e dall'invenzione della prospettiva geometrica.
La tragedia greca e il teatro antico,Concetto,catarsi,"Concetto teorizzato da Aristotele che indica l'espiazione delle passioni (paura, pietà) nello spettatore durante una rappresentazione tragica."
La tragedia greca e il teatro antico,Movimento,satiri,"Creature mitologiche metà uomini e metà capre, compagni di Dioniso, i cui costumi venivano indossati dagli attori per i primi riti teatrali."
La tragedia greca e il teatro antico,Altro,ipocrita,"Dal greco 'hypokritès', termine che indica l'attore che 'risponde' al coro."
La tragedia greca e il teatro antico,Istituzione,coregia,Imposta privata con la quale un ricco cittadino ateniese finanziava l'equipaggiamento e l'allenamento di un coro drammatico.
La tragedia greca e il teatro antico,Luogo,orchestra,Spazio circolare centrale del teatro greco dove si teneva il coro per danzare e cantare.
La tragedia greca e il teatro antico,Concetto,hubris,"L'orgoglio smisurato o la dismisura di un eroe che sfida l'ordine divino, provocando la sua caduta."
La tragedia greca e il teatro antico,Concetto,deus ex machina,Tecnica teatrale che consiste nel far intervenire una divinità (tramite una gru) per risolvere miracolosamente un intreccio bloccato.
Il teatro di Shakespeare,Altro,Groundlings,"Spettatori meno abbienti del teatro elisabettiano che, per un penny, assistevano alla rappresentazione in piedi nella platea (il parterre) a cielo aperto."
Il teatro di Shakespeare,Opera,First Folio,"Prima raccolta stampata delle opere di Shakespeare, pubblicata nel 1623 dai suoi colleghi John Heminges e Henry Condell. Senza di essa, la metà della sua Opera andrebbe perduta."
La libertà di stampa e il fotogiornalismo,Luogo,Piazza Tienanmen,"Grande piazza al centro di Pechino, teatro nel 1989 di un Movimento di protesta studentesco brutalmente represso dall'esercito cinese."
La libertà di stampa e il fotogiornalismo,Concetto,memoria collettiva,"Insieme dei ricordi condivisi da un gruppo sociale o da una nazione, spesso cristallizzati attorno a immagini iconiche o a eventi traumatici."
Kubrick: 2001: Odissea nello spazio,Istituzione,Zeiss,Celebre produttore tedesco di ottiche di alta precisione. I suoi obiettivi sono stati utilizzati da Kubrick per filmare a lume di candela in 'Barry Lyndon'.
Kubrick: 2001: Odissea nello spazio,Concetto,Slit-scan,Tecnica di effetti speciali fotografici utilizzata da Douglas Trumbull per creare le scie luminose psichedeliche alla fine di 2001.
Kubrick: 2001: Odissea nello spazio,Istituzione,NASA,Agenzia spaziale americana. Le sue ricerche e i suoi ingegneri hanno lavorato come consulenti per garantire il realismo tecnico del film 2001.
Kubrick: 2001: Odissea nello spazio,Personaggio,Richard Strauss,Compositore tedesco (1864-1949) il cui poema sinfonico 'Così parlò Zarathustra' apre il film nei momenti chiave dell'evoluzione.
Kubrick: 2001: Odissea nello spazio,Personaggio,Johann Strauss,"Compositore austriaco del XIX secolo, autore del 'Sul bel Danubio blu', utilizzato da Kubrick per ritmare i balletti spaziali."
"La nascita degli dei greci (Crono, Zeus, l'Olimpo)",Concetto,adamante,"Metallo leggendario dalla durezza invincibile (talvolta associato al diamante o all'acciaio), utilizzato dagli dei per forgiare armi capaci di ferire esseri immortali."
"La nascita degli dei greci (Crono, Zeus, l'Olimpo)",Luogo,Dettato,"Massiccio montuoso di Creta che ospita la grotta dove, secondo la tradizione, Zeus fu nascosto e allevato per sfuggire alla voracità di suo padre Crono."
"La nascita degli dei greci (Crono, Zeus, l'Olimpo)",Personaggio,Cureti,Divinità minori che proteggevano Zeus neonato facendo rumore con i loro scudi e le loro lance per nascondere le sue grida all'orecchio di Crono.
Prometeo: il ladro di fuoco,Altro,Ferula,"Pianta mediterranea dal fusto alto il cui midollo, una volta secco, brucia lentamente senza consumare la corteccia, spiegando come Prometeo abbia potuto trasportare il fuoco."
Prometeo: il ladro di fuoco,Personaggio,Gaston Bachelard,Filosofo francese che ha analizzato il 'complesso di Prometeo' come la volontà di sapere e di superare i propri maestri attraverso la curiosità scientifica.
Prometeo: il ladro di fuoco,Personaggio,Eschilo,"Uno dei tre grandi tragediografi greci, autore di una trilogia consacrata al Titano di cui 'Prometeo incatenato' è l'unica parte conservata."
Prometeo: il ladro di fuoco,Luogo,Mecone,"Luogo mitico dove avvenne la spartizione di un bue tra gli dei e gli uomini, punto di partenza della discordia tra Zeus e Prometeo."
Pandora e il vaso,Personaggio,Prometeo,"Titano che creò gli uomini dal fango e che rubò il fuoco agli dei per offrirlo loro, provocando l'ira di Zeus."
Pandora e il vaso,Personaggio,Erasmo da Rotterdam,Umanista del Rinascimento il cui errore di traduzione dal greco al latino è all'origine dell'espressione 'vaso di Pandora'.
Pandora e il vaso,Concetto,Misoginia,"Disprezzo o ostilità nei confronti delle donne, spesso illustrato in questo mito dalla creazione di Pandora come punizione."
Demetra e Persefone (le stagioni),Luogo,Telesterion,La grande sala di riunione di Eleusi dove avveniva l'iniziazione suprema durante i Misteri.
Demetra e Persefone (le stagioni),Concetto,biocenosi,Insieme degli esseri viventi che coesistono in uno spazio definito; qui utilizzato per illustrare l'interdipendenza del Mondo divino e biologico.
Orfeo ed Euridice,Personaggio,Virgilio,"Poeta latino del I secolo a.C., autore delle 'Georgiche' dove consegna una delle versioni più celebri e malinconiche del mito di Orfeo."
Orfeo ed Euridice,Personaggio,Ovidio,"Poeta latino autore delle 'Metamorfosi', Opera monumentale che compila i miti greci e romani, tra cui quello di Orfeo."
Orfeo ed Euridice,Personaggio,Giasone,"Eroe greco, capo della spedizione degli Argonauti partiti alla ricerca del Vello d'Oro con l'aiuto di Orfeo."
Orfeo ed Euridice,Personaggio,Aristeo,Figlio di Apollo e cacciatore la cui attrazione per Euridice causò indirettamente la morte della giovane donna mentre lei lo fuggiva.
Orfeo ed Euridice,Luogo,Stige,"Uno dei fiumi degli Inferi che separa il Mondo dei vivi da quello dei morti, attraversato da Caronte il traghettatore."
Orfeo ed Euridice,Altro,Cerbero,Cane mostruoso a tre teste che custodisce l'ingresso degli Inferi per impedire ai morti di uscire e ai vivi di entrare.
Orfeo ed Euridice,Personaggio,Caronte,Il nocchiere degli Inferi incaricato di trasportare le anime dei defunti sulla sua barca in cambio di un obolo.
Orfeo ed Euridice,Altro,Erinni,"Divinità persecutrici che puniscono i crimini, in particolare i parricidi, note per la loro inflessibilità."
Orfeo ed Euridice,Altro,Menadi,"Donne appartenenti al corteo di Dioniso, dedite a rituali di trance e di furia selvaggia."
Orfeo ed Euridice,Luogo,Ebro,Fiume della Tracia (attuale Bulgaria/Grecia) nel quale la testa di Orfeo fu gettata dopo il suo smembramento da parte delle Menadi.
Orfeo ed Euridice,Personaggio,Maurice Blanchot,Scrittore e filosofo francese del XX secolo il cui saggio 'Lo sguardo di Orfeo' analizza il legame tra il mito e la creazione letteraria.
Orfeo ed Euridice,Personaggio,Jean Cocteau,Artista poliedrico francese che ha reinterpretato il mito di Orfeo al cinema attraverso una celebre trilogia.
Narciso ed Eco,Personaggio,Ovidio,"Poeta latino del I secolo a.C., autore delle 'Metamorfosi', l'Opera principale che ha trasmesso il mito di Narciso ed Eco alla posterità."
Narciso ed Eco,Opera,Metamorfosi,Poema epico di Ovidio che racconta la storia del Mondo attraverso le trasformazioni degli dei e dei mortali della Mitologia.
Narciso ed Eco,Concetto,Oreadi,"Tipo di ninfa legata alle montagne e alle grotte, di cui faceva parte Eco."
Narciso ed Eco,Personaggio,Nemesi,"Dea della giusta collera e della vendetta divina, incaricata di punire l'orgoglio smisurato (l'hubris) dei mortali."
Narciso ed Eco,Concetto,Naiadi,"Ninfe acquatiche che vivono nelle sorgenti, nelle fontane e nei fiumi."
Narciso ed Eco,Concetto,Driadi,Ninfe degli alberi e delle foreste nella mitologia greca.
Sisifo: punizione eterna,Personaggio,Omero,"Poeta leggendario dell'Antica Grecia, presunto autore dell'Iliade e dell'Odissea, che cita Sisifo come modello di astuzia."
Sisifo: punizione eterna,Personaggio,Asopo,"Dio-fiume della mitologia greca la cui figlia, Egina, fu rapita da Zeus."
Sisifo: punizione eterna,Personaggio,Ade,Dio greco che presiede al regno dei morti (gli Inferi) e sposo di Persefone.
Sisifo: punizione eterna,Concetto,eroe assurdo,Concetto camusiano che designa l'individuo che agisce e vive in piena consapevolezza dell'assenza di senso dell'esistenza.
Sisifo: punizione eterna,Personaggio,Prometeo,Titano punito da Zeus per aver rubato il fuoco sacro al fine di donarlo agli uomini.
Tantalo e il suo supplizio,Personaggio,Persefone,"Figlia di Demetra e regina degli Inferi, il cui rapimento da parte di Ade causò un tale dolore a sua madre che quest'ultima perse la sua vigilanza durante il banchetto di Tantalo."
Tantalo e il suo supplizio,Luogo,Tartaro,"La regione più profonda degli Inferi greci, che funge da prigione per le anime che hanno commesso crimini eccezionali o sfidato gli dei."
Tantalo e il suo supplizio,Altro,avorio,"Sostanza dura e bianca proveniente dalle zanne d'elefante; nel mito, servì a fabbricare la spalla di ricambio di Pelope dopo che Demetra ne ebbe mangiato una parte."
Medusa e Perseo,Concetto,Gorgone,"Creatura fantastica malefica della mitologia greca, il cui nome significa 'spaventosa'. Sono in numero di tre: Stenone, Euriale e Medusa."
Medusa e Perseo,Concetto,Apotropaico,"Si dice di un oggetto, di un rito o di una rappresentazione (come il Gorgoneion) destinato a scongiurare la sorte o a allontanare le influenze malefiche."
Medusa e Perseo,Opera,Metamorfosi,Poema epico latino di Ovidio (I secolo d.C.) che ripercorre la storia del Mondo attraverso le trasformazioni degli dei e dei mortali.
Medusa e Perseo,Altro,Arpa,Tipo di sciabola o di falce a lama curva utilizzata da Perseo per tagliare il collo squamoso di Medusa.
Medusa e Perseo,Altro,Cunee,"Elmo dell'invisibilità appartenente a Ade, forgiato dai Ciclopi durante la Titanomachia."
Medusa e Perseo,Altro,Kibisis,Bisaccia magica destinata a contenere la testa di Méduse senza che il suo potere attraversi il tessuto.
Medusa e Perseo,Personaggio,Crisaore,"Fratello di Pégase e figlio di Poséidon e Méduse, spesso rappresentato come un guerriero gigante che impugna una spada d'oro."
Ercole e le sue 12 fatiche,Personaggio,Era,"Regina degli dei e sposa di Zeus. Gelosa delle infedeltà di suo marito, perseguita Eracle con il suo odio, provocando in particolare la sua follia."
Ercole e le sue 12 fatiche,Personaggio,Zeus,Re degli dei e padre di Eracle. Desidera che suo figlio diventi un grande protettore degli uomini.
Ercole e le sue 12 fatiche,Concetto,Miasma,"Nella religione greca antica, impurità rituale contratta dopo un crimine di sangue (come l'omicidio). Richiede una purificazione o un'espiazione."
Ercole e le sue 12 fatiche,Concetto,Leonté,Pelle del leone di Némée indossata da Eracle come un'armatura. È il suo attributo principale nell'iconografia.
Ercole e le sue 12 fatiche,Luogo,Alfeo,Fiume del Peloponneso che Eracle devia per pulire le stalle di Augias.
Ercole e le sue 12 fatiche,Personaggio,Atlante,Titano condannato da Zeus a sostenere la volta celeste sulle sue spalle. Eracle lo incontra durante la fatica delle mele d'oro.
Ercole e le sue 12 fatiche,Concetto,Centauro,Creatura mitologica metà uomo e metà cavallo. Il sangue del centauro Nesso causerà la morte fisica di Eracle.
Teseo e il Minotauro,Personaggio,Dedalo,"Architetto e inventore leggendario, creatore del Labirinto di Creta. Il suo nome è diventato un nome comune sinonimo di labirinto."
Teseo e il Minotauro,Concetto,Talassocrazia,Potenza politica fondata principalmente sul dominio dei mari. La Creta di Minosse è spesso citata come il primo esempio storico (o mitico).
Teseo e il Minotauro,Concetto,Sinoicismo,"Atto fondatore che unifica diversi villaggi in una sola città-stato (Polis), attribuito a Teseo per la nascita di Atene."
Teseo e il Minotauro,Istituzione,Panatenee,"Feste religiose e sociali annuali celebrate ad Atene in onore della dea Atena, riorganizzate secondo il mito da Teseo."
Teseo e il Minotauro,Movimento,Amazzoni,"Popolo di donne guerriere della mitologia greca che Teseo avrebbe combattuto e di cui avrebbe sposato la regina, Antiope."
Teseo e il Minotauro,Luogo,Labirinto,"Edificio complesso costruito da Dedalo per rinchiudervi il Minotauro, progettato affinché una persona che vi entrasse non potesse mai uscirne senza aiuto."
Ulisse e il Ciclope,Concetto,xenia,"Concetto greco dell'ospitalità sacra. Obbliga l'ospitante ad accogliere lo straniero e l'ospite a rispettare la dimora, pena l'ira della folgore di Zeus Xenios."
Ulisse e il Ciclope,Concetto,hubris,"Orgoglio o smisuratezza che spinge l'uomo a credersi uguale agli dei, comportando inevitabilmente una punizione divina (la Nemesi)."
Ulisse e il Ciclope,Concetto,kleos,La gloria e la fama che assicurano l'immortalità di un eroe nella memoria degli uomini attraverso il racconto delle sue imprese.
Ulisse e le Sirene,Concetto,Sirene,"Creature ibride (donne-uccello per i Greci, donne-pesce a partire dal Medioevo) il cui canto divino e onnisciente causava la rovina dei marinai."
Ulisse e le Sirene,Concetto,Metis,"Forma di intelligenza astuta e pratica, caratteristica di Ulisse, che permette di trionfare in situazioni complesse grazie all'ingegnosità."
Ulisse e le Sirene,Evento,Guerra di Troia,"Conflitto mitico che oppose i Greci ai Troiani, punto di partenza dell'Odissea di Ulisse."
Ulisse e le Sirene,Concetto,Nudge,Concetto di economia comportamentale che indica una proposta indiretta che permette di influenzare il comportamento degli individui senza costrizioni.
Giasone e il Vello d'Oro,Personaggio,Pelia,Zio di Giasone e re usurpatore di Iolco la cui morte tragica è orchestrata da Medea.
Giasone e il Vello d'Oro,Movimento,Argonauti,Equipaggio di eroi greci (tra cui Eracle e Orfeo) che navigarono a bordo dell'Argo per conquistare il Vello d'Oro.
Giasone e il Vello d'Oro,Personaggio,Chirone,"Centauro saggio ed educatore di numerosi eroi greci, tra cui Giasone e Achille."
Giasone e il Vello d'Oro,Personaggio,Era,"Regina degli dei, protegge Giasone poiché Pelia ha trascurato il suo culto."
Giasone e il Vello d'Oro,Altro,Argo,"Nave leggendaria capace di parlare, progettata per la spedizione in Colchide."
Giasone e il Vello d'Oro,Luogo,Dodona,"Più antico oracolo della Grecia, consacrato a Zeus, celebre per le sue querce sacre di cui un frammento fu utilizzato per l'Argo."
Giasone e il Vello d'Oro,Personaggio,Ares,"Dio della guerra, proprietario del campo che Eete obbliga Giasone ad arare."
Giasone e il Vello d'Oro,Personaggio,Afrodite,Dea dell'amore che invia Eros a colpire Medea affinché aiuti Giasone.
Giasone e il Vello d'Oro,Personaggio,Ecate,"Dea della luna e della stregoneria, protettrice di Medea."
Achille: il tallone e l'invulnerabilità,Personaggio,Stazio,"Poeta latino del I secolo d.C., autore dell'Achilleide, che ha popolarizzato la versione dell'immersione nello Stige e dell'invulnerabilità fisica di Achille."
Achille: il tallone e l'invulnerabilità,Personaggio,Briseide,Prigioniera troiana la cui confisca da parte di Agamennone provoca l'ira e il ritiro di Achille dai combattimenti nell'Iliade.
Achille: il tallone e l'invulnerabilità,Concetto,Aristea,Momento culminante di un racconto epico in cui un eroe brilla per le sue imprese guerriere e la sua superiorità assoluta sul campo di battaglia.
Achille: il tallone e l'invulnerabilità,Concetto,Hubris,Nozione greca che designa l'eccesso di orgoglio o la dismisura di un essere umano che si crede pari agli dei e finisce per essere punito.
Achille: il tallone e l'invulnerabilità,Personaggio,Efesto,Dio greco del fuoco e della fucina che fabbrica le armi e l'armatura divina di Achille su richiesta di Teti.
Achille: il tallone e l'invulnerabilità,Altro,Tendine d'Achille,"Termine anatomico moderno che designa il tendine che collega il muscolo del polpaccio all'osso del tallone, in riferimento diretto al mito."
Edipo e la Sfinge,Personaggio,Creonte,Fratello di Giocasta e reggente di Tebe. Promette il trono e la mano di sua sorella a chiunque risolverà l'enigma della Sfinge.
Edipo e la Sfinge,Concetto,dialettica,"Metodo di ragionamento che procede attraverso il dialogo, l'argomentazione o il confronto di tesi opposte."
Edipo e la Sfinge,Concetto,colpo di scena,"In drammaturgia, momento in cui l'azione vira bruscamente in una direzione opposta (peripezia)."
Edipo e la Sfinge,Concetto,complesso di Edipo,Concetto psicoanalitico teorizzato da Freud che designa il desiderio inconscio di un bambino per il genitore di sesso opposto e la rivalità con il genitore dello stesso sesso.
Antigone: dovere familiare vs legge dello Stato,Luogo,Tebe,"Potente città-stato greca, cornice di numerosi miti tragici tra cui quelli di Edipo e di Antigone."
Antigone: dovere familiare vs legge dello Stato,Luogo,Stige,Fiume degli Inferi greci che le anime dei defunti devono attraversare per trovare riposo.
Antigone: dovere familiare vs legge dello Stato,Concetto,Diritto naturale,Insieme di principi morali considerati come innati e superiori alle leggi scritte dei governi.
La guerra di Troia e il cavallo di legno,Luogo,Ilio,"Altro nome della città di Troia nell'Antichità, che ha dato il titolo all'Iliade di Omero."
La guerra di Troia e il cavallo di legno,Luogo,Troade,"Regione naturale che circonda l'antica città di Troia, situata nel nord-ovest dell'Asia Minore (attuale Turchia)."
La guerra di Troia e il cavallo di legno,Luogo,Scamandro,"Fiume costiero della Troade che scorre vicino alla città di Troia, testimone di numerose battaglie tra Greci e Troiani."
La guerra di Troia e il cavallo di legno,Personaggio,Priamo,"Ultimo re mitico di Troia, padre di Ettore e Paride, simbolo del sovrano saggio ma la cui stirpe viene distrutta dalla guerra."
La guerra di Troia e il cavallo di legno,Concetto,Metis,"Forma di intelligenza pratica presso i Greci, che unisce astuzia, abilità e prudenza, di cui Ulisse è il rappresentante per eccellenza."
La guerra di Troia e il cavallo di legno,Luogo,Tenedo,Isola situata vicino alle coste di Troia dove la flotta greca si nascose per far credere ai Troiani la loro partenza definitiva.
La guerra di Troia e il cavallo di legno,Concetto,Lari,Divinità romane di origine etrusca incaricate di proteggere il focolare e la famiglia; Enea le porta con sé nella sua fuga da Troia.
Thor e Loki (mitologia nordica),Opera,L'Edda poetica,"Manoscritto medievale contenente una raccolta di poemi mitologici ed eroici in antico norreno, considerato una fonte complementare e spesso più antica dell'Edda in prosa."
Thor e Loki (mitologia nordica),Concetto,Yggdrasil,L'albero-Mondo (spesso rappresentato come un frassino) i cui rami e le cui radici collegano i nove mondi della cosmologia norrena.
Thor e Loki (mitologia nordica),Concetto,Sleipnir,"Il cavallo a otto zampe di Odino, rinomato per la sua velocità eccezionale, nato da Loki mentre quest'ultimo aveva assunto la forma di una giumenta."
Ragnarök: la fine del mondo nordico,Opera,Götterdämmerung,"Traduzione tedesca di 'Ragnarök', resa popolare da Richard Wagner per indicare la fine del regno degli dei nella sua Opera lirica."
Ragnarök: la fine del mondo nordico,Concetto,Mjölnir,"Il martello di Thor, l'arma più potente di Asgard, capace di frantumare le montagne e di tornare sistematicamente nella mano di chi lo lancia."
Ragnarök: la fine del mondo nordico,Luogo,Muspellheim,"Mondo del fuoco, situato a sud dell'abisso primordiale, sorvegliato dal gigante Surtr e fonte delle forze di distruzione attraverso il calore."
Ragnarök: la fine del mondo nordico,Concetto,Naglfar,"Nave mitica costruita con le unghie dei morti, destinata a trasportare le armate del caos verso il campo di battaglia finale."
Ragnarök: la fine del mondo nordico,Personaggio,Heimdall,"Dio guardiano del ponte Bifröst, dotato di un udito e di una vista prodigiosi, che suona il corno Gjallarhorn per annunciare l'inizio del Ragnarök."
Osiride e Set (mitologia egizia),Personaggio,Anubi,"Dio dalla testa di sciacallo, protettore degli imbalsamatori e guardiano delle necropoli, aiuta Iside a creare la prima mummia."
Osiride e Set (mitologia egizia),Altro,Ossirinco,"Specie di pesce del Nilo che, secondo il mito, avrebbe inghiottito il fallo di Osiride dopo il suo smembramento da parte di Set."
Osiride e Set (mitologia egizia),Luogo,Chemmis,Palude del delta del Nilo dove Iside nascose e crebbe segretamente Horus per proteggerlo dalle ricerche di Set.
Osiride e Set (mitologia egizia),Personaggio,Thot,"Dio della saggezza e della scrittura che guarì l'occhio di Horus spezzato da Set, restituendogli la sua integrità."
Osiride e Set (mitologia egizia),Personaggio,Ra,"Dio solare, sovrano degli dei, che presiede il tribunale decidendo della Legittimità di Horus di fronte a Set."
Osiride e Set (mitologia egizia),Personaggio,Apofi,"Serpente gigantesco che incarna il caos assoluto, cercando ogni notte di inghiottire il sole (Ra)."
Osiride e Set (mitologia egizia),Personaggio,Ammit,"Creatura ibrida (leone, ippopotamo, coccodrillo) che divora il cuore dei defunti giudicati indegni durante la pesatura."
Gilgamesh: il primo eroe della storia,Personaggio,Sîn-lēqi-unninni,Scriba sumero considerato come l'autore o il compilatore della versione standard (la più completa) dell'Epopea di Gilgamesh nel XII secolo a.C.
Gilgamesh: il primo eroe della storia,Personaggio,Assurbanipal,Ultimo grande re d'Assiria che fece costruire a Ninive un'immensa biblioteca dove furono ritrovate le tavolette dell'epopea nel XIX secolo.
Gilgamesh: il primo eroe della storia,Personaggio,Aruru,Dea madre nella mitologia mesopotamica che creò Enkidu da un pezzo d'argilla.
Gilgamesh: il primo eroe della storia,Concetto,ius primae noctis,Consuetudine (qui leggendaria) che permetteva al sovrano di avere rapporti sessuali con la sposa durante la prima notte di nozze; simbolo qui della tirannia di Gilgamesh.
Gilgamesh: il primo eroe della storia,Luogo,Mashu,"Montagne mitiche custodite da uomini-scorpione, situate ai confini del Mondo, che Gilgamesh deve attraversare nella sua ricerca."
Gilgamesh: il primo eroe della storia,Personaggio,Joseph Campbell,"Mitologo americano celebre per la sua analisi del 'viaggio dell'eroe', di cui Gilgamesh è uno dei primi esempi storici."
Romolo e Remo: la fondazione di Roma,Istituzione,vestale,"Sacerdotessa della dea Vesta votata alla castità, incaricata di vegliare sul fuoco sacro di Roma. Rompere il suo voto era punito con la morte."
Romolo e Remo: la fondazione di Roma,Luogo,Ficus Ruminalis,"Fico selvatico situato davanti all'ingresso di una grotta (il Lupercal) dove, secondo la leggenda, la cesta di Romolo e Remo si sarebbe arenata."
Romolo e Remo: la fondazione di Roma,Concetto,auguri,"Pratica divinatoria romana consistente nell'interpretare i segni inviati dagli dei, in particolare il volo e il canto degli uccelli."
Romolo e Remo: la fondazione di Roma,Concetto,pomoerium,"Confine sacro della città di Roma, tracciato ritualmente con l'aratro, che separa il territorio civile dal territorio militare."
Romolo e Remo: la fondazione di Roma,Altro,Quiriti,"Nome portato dai cittadini romani nelle loro funzioni civili, che sottolinea l'unione tra Romani e Sabini."
Vishnu e Shiva (mitologia indù),Concetto,Brahman,"Principio supremo, assoluto e infinito dell'universo nell'induismo, di cui tutte le divinità sono manifestazioni."
Vishnu e Shiva (mitologia indù),Concetto,Trimurti,"Trinità indù che raggruppa le tre forze fondamentali: creazione (Brahma), preservazione (Vishnu) e distruzione (Shiva)."
Vishnu e Shiva (mitologia indù),Concetto,Dharma,"Ordine cosmico, legge naturale e dovere morale che ogni essere deve seguire per mantenere l'armonia del mondo."
Vishnu e Shiva (mitologia indù),Concetto,Dashavatar,Le dieci incarnazioni (avatar) principali di Vishnu che appaiono sulla Terra durante le diverse ere cosmiche.
Vishnu e Shiva (mitologia indù),Data,Kali Yuga,"La quarta e ultima era del ciclo cosmico attuale, caratterizzata dal declino morale e spirituale."
Vishnu e Shiva (mitologia indù),Luogo,Kailash,Montagna sacra dell'Himalaya considerata la dimora di Shiva e un importante luogo di pellegrinaggio.
Vishnu e Shiva (mitologia indù),Altro,Damaru,"Piccolo tamburo a forma di clessidra tenuto da Shiva, il cui suono simboleggia il ritmo della creazione originaria."
Le Valchirie e il Valhalla,Luogo,Asgard,"Il dominio celeste degli dei Asi, collegato al mondo degli uomini (Midgard) dal ponte arcobaleno Bifröst."
Le Valchirie e il Valhalla,Evento,Ragnarök,"La « consumazione delle potenze », profezia della fine del Mondo dove dei, Giganti e mostri si uccidono a vicenda, segnando la distruzione dell'universo attuale."
Le Valchirie e il Valhalla,Opera,Edda poetica,"Raccolta di poemi in antico norreno che costituisce la fonte principale della Mitologia scandinava, redatta principalmente nel XIII secolo."
Le Valchirie e il Valhalla,Personaggio,Sigrun,"Celebre Valchiria della poesia eroica, amante dell'eroe Helgi, che illustra il tema ricorrente dell'amore tra dee guerriere e mortali."
Le Valchirie e il Valhalla,Altro,Gullinkambi,"Un gallo dalla cresta d'oro che vive nel Valhalla e il cui canto annuncia ogni giorno il risveglio dei guerrieri, e un giorno quello del Ragnarök."
Le Valchirie e il Valhalla,Luogo,Idavoll,La piana situata al centro di Asgard dove gli dei si riuniscono e dove gli Einherjar si esercitano nel combattimento.
Le Valchirie e il Valhalla,Personaggio,Andhrímnir,"Il cuoco degli dei e degli Einherjar, incaricato di preparare lo stufato eterno del cinghiale Sæhrímnir."
Le Valchirie e il Valhalla,Altro,Heidrun,"Una capra magica che vive sul tetto del Valhalla, nutrendosi delle foglie dell'albero Yggdrasil per produrre l'idromele dei guerrieri."
La Fenice attraverso le culture,Luogo,Eliopoli,"Antica città egiziana, centro principale del culto del sole, dove il Bennu era venerato e dove si credeva che la Fenice greca deponesse le sue ceneri."
La Fenice attraverso le culture,Luogo,Kyoto,"Antica capitale imperiale del Giappone, che ospita numerosi templi come il Kinkaku-ji dove l'uccello Hōō è un motivo architettonico centrale."
La Fenice attraverso le culture,Concetto,trasmutazione,"In alchimia, processo di cambiamento di una sostanza in un'altra, spesso paragonato alla Rinascimento della Fenice."
La Fenice attraverso le culture,Concetto,nigredo,Fase di 'annerimento' in alchimia che simboleggia la morte e la decomposizione necessarie prima della Rinascimento spirituale.
I Titani contro gli Dei (Titanomachia),Personaggio,Temi,"Titanide della giustizia e della Legge divina. Rimase neutrale durante la Titanomachia e divenne in seguito una delle spose di Zeus, simboleggiando l'ordine morale."
I Titani contro gli Dei (Titanomachia),Personaggio,Tifone,Creatura mostruosa generata da Gaia per vendicare i Titani. È considerato l'ultimo e il più temibile avversario di Zeus prima dello stabilimento definitivo dell'ordine olimpico.
I Titani contro gli Dei (Titanomachia),Personaggio,Martin Heinrich Klaproth,"Chimico tedesco (1743-1817) che nominò il titanio nel 1795, ispirandosi alla forza dei Titani della mitologia greca."
I Titani contro gli Dei (Titanomachia),Personaggio,Mercatore,"Gérard Mercatore (1512-1594), cartografo fiammingo il cui uso di un'immagine del Titano Atlante sulle sue mappe ha generalizzato il termine 'atlante' per designare una raccolta di geografia."
Dioniso: il dio del vino e dell'eccesso,Concetto,Teatro,"Spazio di rappresentazione nato nel VI secolo a.C. ad Atene come atto religioso dedicato a Dioniso, volto alla purificazione delle emozioni (catarsi)."
Dioniso: il dio del vino e dell'eccesso,Personaggio,Apollo,"Dio della luce, delle arti, della profezia e della misura. È la controparte razionale e ordinata di Dioniso nel pensiero greco e nietzschiano."
Dioniso: il dio del vino e dell'eccesso,Concetto,Misteri,Riti religiosi segreti e iniziatici che garantivano ai fedeli un'esperienza diretta del divino o un destino favorevole nell'aldilà.
Dioniso: il dio del vino e dell'eccesso,Concetto,Catarsi,Termine di Aristotele che designa la purgazione o la purificazione delle passioni (pietà e terrore) nello spettatore di una tragedia.
Dioniso: il dio del vino e dell'eccesso,Movimento,Ditirambo,"Canto corale lirico e appassionato in onore di Dioniso, considerato l'antenato diretto del genere teatrale."
Dioniso: il dio del vino e dell'eccesso,Personaggio,Semele,"Figlia di Cadmo e madre mortale di Dionysos, consumata dallo splendore di Zeus mentre era incinta."
B,Concetto,Moira,Concetto greco del destino al quale persino gli dei non possono sottrarsi.
B,Altro,tholos,"Edificio a pianta circolare, qui utilizzato per designare la camera sotterranea dove Danae fu rinchiusa."
B,Personaggio,Gree,"Tre sorelle divine nate vecchie, che possiedono un solo occhio e un solo dente in tre, guardiane del cammino delle Gorgone."
B,Altro,bisaccia,Sacco magico (kibisis) capace di contenere la testa di Medusa senza che il suo sangue o il suo potere influenzino il portatore.
B,Altro,Cunee,"Elmo dell'invisibilità forgiato per Ade dai Ciclopi, utilizzato da Perseo per sfuggire alle Gorgone."
B,Personaggio,Nereidi,"Ninfe marine, figlie di Nereo, offese dalla vanità della regina Cassiopea."
B,Altro,Ceto,Mostro marino inviato da Poseidone per devastare il regno di Cefeo.
B,Concetto,Provvidenza,"Forza superiore che guida gli eventi umani verso un fine determinato, spesso identificata qui con la volontà divina."
B,Personaggio,Parche,"Divinità sovrane del destino umano, rappresentate come filatrici (equivalente romano delle Moire)."
Gli dei aztechi e i sacrifici umani,Concetto,Nahui Ollin,"Il nome del quinto sole in cui viviamo secondo gli Aztechi, che significa '4-Movimento'."
Gli dei aztechi e i sacrifici umani,Concetto,Cinque Soli,Il mito azteco che spiega che il Mondo ha conosciuto quattro creazioni e distruzioni precedenti prima dell'era attuale.
Gli dei aztechi e i sacrifici umani,Concetto,Tlaloc,"Dio della Pioggia e della fertilità, temuto per la sua capacità di inviare fulmini o carestia."
Gli dei aztechi e i sacrifici umani,Concetto,Quetzalcoatl,"Il 'Serpente piumato', dio della saggezza, del vento e delle arti, opposto a Tezcatlipoca."
Gli dei aztechi e i sacrifici umani,Concetto,Tezcatlipoca,"Lo 'Specchio fumante', dio onnipotente del destino, della notte e dei guerrieri, spesso associato alla magia nera."
Gli dei aztechi e i sacrifici umani,Concetto,Coatlicue,"Dea della Terra e della nascita, madre di Huitzilopochtli, rappresentata da una gonna di serpenti."
Gli dei aztechi e i sacrifici umani,Concetto,Xochiyaoyotl,"Nome delle 'guerre fiorite', conflitti rituali il cui obiettivo era la cattura di prigionieri per il sacrificio."
Gli dei aztechi e i sacrifici umani,Concetto,chalchihuatl,"Termine nahuatl che significa 'acqua preziosa', usato per designare il sangue umano offerto agli dei."
Quetzalcoatl,Luogo,Teotihuacán,"« La città degli dei », metropoli maggiore del Messico centrale (I-VII secolo) dove furono costruiti i primi grandi templi dedicati al Serpente Piumato."
Quetzalcoatl,Concetto,Kukulkán,"Nome maya di Quetzalcoatl. A Chichén Itzá, durante gli equinozi, l'ombra proiettata dalla piramide imita la discesa di un serpente lungo i gradini."
Quetzalcoatl,Altro,nahuatl,"Lingua degli Aztechi (e di altri popoli del Messico centrale), ancora parlata oggi da più di un milione di persone."
Quetzalcoatl,Concetto,quetzal,"Uccello tropicale dalle lunghe piume iridescenti verdi e rosse, più preziose dell'oro per i mesoamericani. Il nome Quetzalcoatl («serpente quetzal») combina il serpente (terra) e l'uccello (cielo) in un essere cosmico che unisce le due dimensioni."
Quetzalcoatl,Concetto,Cosmogonia dei cinque soli,"Mito azteco che spiega che l'universo ha attraversato quattro ere (soli) prima della nostra, con Quetzalcoatl che ha presieduto uno di questi cicli."
Quetzalcoatl,Luogo,Mictlán,"L'oltretomba o il regno dei morti nella mitologia azteca, custodito da Mictlantecuhtli."
Quetzalcoatl,Personaggio,Tlaloc,"Dio della pioggia e del fulmine, spesso associato a Quetzalcoatl (Ehecatl) per fertilizzare le terre."
Quetzalcoatl,Altro,Conquistadores,Soldati ed esploratori spagnoli del XVI secolo che hanno conquistato vasti territori in America.
Quetzalcoatl,Luogo,Tenochtitlán,"Capitale de L'impero azteco, costruita su un'isola del lago Texcoco, nell'attuale posizione di Città del Messico."
Il Mahabharata,Luogo,Hastinapura,"Capitale leggendaria del regno dei Kuru, al centro delle lotte di potere tra i Pandava e i Kaurava."
Il Mahabharata,Concetto,Somma,Opera che raccoglie in modo esaustivo tutte le conoscenze su una materia o un ambito preciso.
Il Mahabharata,Istituzione,Brahmanesimo,"Sistema religioso e sociale dell'India antica, fondato sui testi dei Veda e sul ruolo predominante della casta dei brahmani."
Il Mahabharata,Concetto,Dharma,"Legge universale, ordine delle cose e dovere morale o religioso che ogni individuo deve seguire a seconda della propria condizione."
"Lancillotto, Ginevra e la Tavola Rotonda",Evento,la prova della spada,"Episodio fondante in cui Artù dimostra il suo sangue reale estraendo la spada Excalibur (o una spada anonima secondo le fonti) da una roccia o da un'incudine, provando la sua Legittimità divina."
"Lancillotto, Ginevra e la Tavola Rotonda",Concetto,Seggio Pericoloso,Seggio vuoto alla Tavola Rotonda riservato al cavaliere che deve trovare il Graal. Chiunque vi si sieda senza essere l'eletto viene inghiottito dalla terra.
"Lancillotto, Ginevra e la Tavola Rotonda",Concetto,Rex Quondam Rexque Futurus,"Espressione latina che significa 'Re una volta e Re futuro', che designa il mito del sovrano che non muore ma aspetta il suo momento per tornare a regnare."
Merlino l'Incantatore,Concetto,Demone incubo,"Nella demonologia medievale, demone maschio destinato a prendere forma umana per sedurre le donne durante il loro sonno."
Merlino l'Incantatore,Concetto,Battesimo,"Sacramento cristiano che segna l'ingresso nella comunità dei credenti e la cancellazione del peccato originale; per Merlino, esso annulla la sua natura demoniaca."
Merlino l'Incantatore,Luogo,Celyddon,"Antico nome gallese che indica la foresta caledoniana, Luogo di erranza del folle bardo Myrddin Wyllt."
Merlino l'Incantatore,Opera,Excalibur,"Spada mitica di Re Artù, simbolo della sua Legittimità e della sua protezione divina, spesso associata alla Dama del Lago."
Merlino l'Incantatore,Personaggio,Utherpendragón,"Padre di Artù e re di Bretagna, il cui nome significa 'Testa di Drago'."
Merlino l'Incantatore,Concetto,Seggio Pericoloso,Seggio della Tavola Rotonda riservato al cavaliere che deve compiere la cerca del Graal; qualunque Altro vi si sieda viene inghiottito.
Merlino l'Incantatore,Concetto,Druidico,"Relativo ai druidi, membri della classe sacerdotale dei popoli celti, detentori del sapere religioso e della Legge."
Le mille e una notte (Sherazade),Opera,Hazār Afsāna,"Titolo persiano che significa 'Mille racconti', considerato il nucleo originale che è servito come base per Le mille e una notte prima della loro arabizzazione."
Le mille e una notte (Sherazade),Istituzione,Abbasidi,"Dinastia di Califfi che regnò dal 750 al 1258. Sotto il loro regno, Baghdad divenne il centro mondiale della cultura e il Luogo dell'arabizzazione dei racconti."
Le mille e una notte (Sherazade),Istituzione,Mamelucchi,"Dinastia che regnò sull'Egitto e sulla Siria (1250-1517), Periodo durante il quale la raccolta delle Le mille e una notte è stata stabilizzata e arricchita di numerosi racconti urbani."
Le mille e una notte (Sherazade),Personaggio,Hanna Diyab,"Cantastorie siriano maronita che raccontò oralmente ad Antoine Galland fiabe come Aladino e Alì Babà, permettendo la loro integrazione nella raccolta."
Le mille e una notte (Sherazade),Concetto,cliffhanger,Espediente narrativo che consiste nell'interrompere un racconto in un momento di forte tensione per spingere il pubblico a voler conoscere il seguito.
Sindbad il marinaio,Concetto,Cosmologia islamica,"Visione del mondo medievale che integra le conoscenze geografiche greche, i racconti dei marinai e le strutture simboliche del Corano (come i sette cieli)."
Sindbad il marinaio,Luogo,Serendib,"Antico nome arabo dell'isola di Ceylon (attuale Sri Lanka), rinomata nei racconti di Sindbad per le sue pietre preziose e le sue meraviglie naturali."
Sindbad il marinaio,Movimento,Romanzo d'avventura,"Genere letterario basato sull'azione e sull'esotismo, di cui Sindbad è considerato uno dei maggiori antenati per la sua struttura incentrata sul viaggio e l'imprevisto."
Sindbad il marinaio,Luogo,Bassora,"Storico porto iracheno situato sullo Shatt-el-Arab, punto di partenza delle grandi spedizioni marittime arabe verso l'Oceano Indiano all'epoca abbaside."
I Titani contro gli Dei: la Titanomachia completa,Personaggio,Gaia,"Dea madre che personifica la Terra, aiuta inizialmente Zeus a rovesciare Crono prima di rivoltarsi contro di lui durante la Gigantomachia."
I Titani contro gli Dei: la Titanomachia completa,Altro,Cunee,Elmo dell'invisibilità forgiato dai Ciclopi per Ade durante la Titanomachia.
I Titani contro gli Dei: la Titanomachia completa,Personaggio,Giapeto,"Titan di seconda generazione, padre di Atlante, Prometeo ed Epimeteo, che rappresenta spesso l'antenato degli uomini."
I Titani contro gli Dei: la Titanomachia completa,Altro,Giganti,"Creature mostruose nate da Gaia, la cui sconfitta durante la Gigantomachia richiede l'intervento congiunto degli dei e di un mortale."
I Titani contro gli Dei: la Titanomachia completa,Personaggio,Eracle,"Eroe mortale, figlio di Zeus, la cui partecipazione fu indispensabile alla vittoria degli dei durante la Gigantomachia."
Ra e la creazione del mondo (Egitto),Luogo,Duat,"Il mondo sotterraneo nella mitologia egizia, attraversato ogni notte da Ra e luogo di giudizio delle anime dei defunti."
Ra e la creazione del mondo (Egitto),Personaggio,Sekhmet,"Dea dalla testa di leonessa che rappresenta la furia distruttrice dell'occhio di Ra, capace di devastare l'umanità."
Ra e la creazione del mondo (Egitto),Luogo,tempio di Karnak,"Immenso complesso religioso a Tebe (Luxor) dedicato principalmente ad Amon-Ra, che testimonia la potenza del culto solare."
Icaro e Dedalo,Concetto,Metis,"Forma di intelligenza greca caratterizzata dall'astuzia, dall'abilità tecnica e dalla capacità di adattarsi a situazioni complesse. È prerogativa di Dedalo e di Ulisse."
Icaro e Dedalo,Personaggio,Pasifae,"Sposa del re Minosse che, maledetta da Poseidone, si innamorò di un toro bianco e diede alla luce il Minotauro con l'aiuto di una macchina inventata da Dedalo."
Icaro e Dedalo,Concetto,Sophia,"Saggezza o competenza che include la conoscenza della misura e dei limiti umani, opponendosi all'accecamento della Hybris."
Icaro e Dedalo,Luogo,Ikaria,"Isola greca del Mar Egeo dove, secondo la leggenda, il corpo di Icaro sarebbe stato trascinato dalle onde e sepolto da Eracle."
Enea e la fondazione di Roma (Virgilio),Altro,Esametri dattilici,"Il verso classico dell'epopea greca e latina, composto da sei unità di ritmo (piedi)."
Enea e la fondazione di Roma (Virgilio),Concetto,Tibicines,"Termine che significa 'puntelli', che designa i versi che Virgilio lasciava incompiuti nel suo manoscritto in attesa di trovare una formulazione perfetta."
Enea e la fondazione di Roma (Virgilio),Concetto,Penati,Divinità romane incaricate di vegliare sul focolare e sulle provviste; Enea li porta con sé da Troia per assicurare la protezione della sua futura nazione.
Enea e la fondazione di Roma (Virgilio),Personaggio,Giove,"Il re degli dei nella Mitologia romana (Zeus tra i Greci), garante dell'ordine e del destino di Enea."
Enea e la fondazione di Roma (Virgilio),Evento,Guerre puniche,Serie di tre grandi conflitti che hanno opposto Roma a Cartagine per il dominio del Mediterraneo occidentale (III-II secolo a.C.).
Enea e la fondazione di Roma (Virgilio),Istituzione,Iulii,"Una delle più antiche famiglie patrizie di Roma, della quale si dichiarava discendente Giulio Cesare e alla quale apparteneva Augusto per adozione."
Enea e la fondazione di Roma (Virgilio),Opera,La Divina Commedia,Poema maggiore di Dante Alighieri (XIV secolo) in cui Virgilio appare come la guida del narratore attraverso l'Inferno e il Purgatorio.
Enea e la fondazione di Roma (Virgilio),Personaggio,Giunone,"Regina degli dei e sposa di Giove, è l'antagonista divina dell'Eneide, e cerca con ogni mezzo di impedire la fondazione di Roma."
Enea e la fondazione di Roma (Virgilio),Evento,Guerra di Troia,"Conflitto leggendario tra le città greche e i Troiani, che funge da punto di partenza cronologico dell'Eneide."
Enea e la fondazione di Roma (Virgilio),Luogo,Alba Longa,"Città fondata da Ascanio (Iulo), figlio di Enea, che divenne la sede della regalità latina prima della fondazione di Roma."
La nascita del conflitto israelo-palestinese,Istituzione,Società delle Nazioni,"Organizzazione internazionale creata dopo la Prima guerra mondiale per mantenere la pace, sostituita dall'ONU nel 1945."
La nascita del conflitto israelo-palestinese,Istituzione,Agenzia ebraica,Organismo creato per facilitare l'immigrazione degli ebrei in Palestina e l'amministrazione delle comunità ebraiche sotto il mandato britannico.
La nascita del conflitto israelo-palestinese,Concetto,Aliyah,Termine ebraico che designa l'immigrazione ebraica verso la Terra d'Israele.
La nascita del conflitto israelo-palestinese,Istituzione,UNRWA,"Agenzia delle Nazioni Unite per il soccorso e l'occupazione dei profughi palestinesi nel Vicino Oriente, creata nel 1949."
La rivalità Cina-Stati Uniti,Concetto,bipolarismo,Struttura del sistema internazionale in cui la potenza è principalmente divisa tra due poli dominanti (qui la Cina e gli Stati Uniti).
La rivalità Cina-Stati Uniti,Concetto,trappola di Tucidide,"Teoria di Graham Allison secondo la quale quando una potenza emergente minaccia di spodestare una potenza stabilita, il rischio di guerra diventa quasi inevitabile."
La rivalità Cina-Stati Uniti,Concetto,sicurezza nazionale,"Politica volta a proteggere l'integrità del territorio e gli interessi economici o tecnologici di uno Stato contro minacce esterne, spesso utilizzata per giustificare delle sanzioni."
La rivalità Cina-Stati Uniti,Concetto,competizione sistemica,"Rivalità che non è limitata a un ambito preciso ma che comprende i modelli politici, i valori ideologici e le norme internazionali."
La rivalità Cina-Stati Uniti,Movimento,Guerra fredda,Periodo di tensioni (1947-1991) tra gli USA e l'URSS senza scontro diretto. Il termine è ripreso oggi per descrivere la tensione tecnologica sino-americana.
Le tensioni intorno a Taiwan,Movimento,Kuomintang,Partito nazionalista cinese che ha governato la Cina prima del 1949 e ha instaurato un regime autoritario a Taiwan fino alle riforme democratiche degli anni '80.
Le tensioni intorno a Taiwan,Concetto,Suffragio universale diretto,"Sistema di voto in cui tutti i cittadini votano direttamente per scegliere i propri rappresentanti, adottato da Taiwan per la prima volta nel 1996."
Le tensioni intorno a Taiwan,Luogo,ZIDA,Zona d'identificazione di difesa aerea: spazio aereo al di là del territorio nazionale in cui uno Stato richiede l'identificazione dei velivoli per ragioni di sicurezza.
Il concetto di mondo «multipolare»,Personaggio,Krauthammer,"Charles Krauthammer (1950-2018), intellettuale e giornalista americano, celebre per aver teorizzato la fine della Guerra fredda come un Periodo di dominazione totale degli Stati Uniti."
Il concetto di mondo «multipolare»,Istituzione,NATO,"Organizzazione del Trattato dell'Atlantico del Nord, alleanza militare intergovernativa creata nel 1949, pilastro della potenza occidentale durante e dopo la Guerra fredda."
Il concetto di mondo «multipolare»,Concetto,Nuove vie della seta,"Vasto progetto di infrastrutture e investimenti lanciato dalla Cina nel 2013 per collegare l'Asia, l'Europa e l'Africa, rafforzando il suo peso geopolitico mondiale."
Il concetto di mondo «multipolare»,Concetto,Sud globale,"Termine che designa i paesi in via di sviluppo o emergenti (spesso in Africa, America Latina e Asia) che cercano di emanciparsi dall'influenza occidentale."
Il concetto di mondo «multipolare»,Personaggio,John Mearsheimer,"Politologo americano, capofila della scuola neorealista, noto per la sua tesi sull'inevitabilità del conflitto tra potenze emergenti e potenze consolidate."
Il concetto di mondo «multipolare»,Concetto,friend-shoring,Pratica commerciale che consiste nel privilegiare le catene di approvvigionamento e il commercio con paesi alleati o che condividono gli stessi valori politici per ridurre i rischi strategici.
Il petrolio come fonte di conflitti,Personaggio,Edwin Drake,"Pioniere dell'industria petrolifera americana, noto per aver perforato il primo pozzo petrolifero meccanizzato nel 1859 a Titusville."
Il petrolio come fonte di conflitti,Personaggio,Mohammad Mossadegh,Primo ministro iraniano che ha nazionalizzato l'industria petrolifera del suo paese nel 1951 prima di essere rovesciato da un colpo di Stato sostenuto dalla CIA e dal MI6.
Il petrolio come fonte di conflitti,Evento,guerra del Kippur,"Conflitto che ha opposto nel 1973 Israele a una coalizione guidata da Egitto e Siria, servendo da innesco per il primo shock petrolifero."
Il petrolio come fonte di conflitti,Concetto,petrolio di scisto,"Petrolio intrappolato in rocce sedimentarie poco permeabili, la cui estrazione industriale tramite fratturazione idraulica ha sconvolto il mercato mondiale a partire dal 2010."
Il Canale di Suez: perché è strategico,Luogo,Capo di Buona Speranza,"Punto situato sulla punta meridionale dell'Africa. Prima del canale di Suez, le navi dovevano circumnavigarlo per circolare tra l'Europa e l'Asia."
Il Canale di Suez: perché è strategico,Altro,Khedivè,"Titolo portato dai sovrani d'Egitto tra il 1867 e il 1914, quando il paese era ufficialmente sotto la sovranità ottomana ma sempre più influenzato dalle potenze europee."
Il Canale di Suez: perché è strategico,Movimento,Panarabismo,"Movimento politica mirante all'unificazione dei popoli arabi, di cui Nasser fu il principale leader negli anni '50 e '60."
Il Canale di Suez: perché è strategico,Movimento,Houthi,"Gruppo ribelle sciita nello Yemen che, a partire dal 2023, ha interrotto il traffico marittimo nel Mar Rosso per protestare contro i conflitti regionali."
Il Canale di Suez: perché è strategico,Luogo,Bab-el-Mandeb,"Stretto situato a sud del Mar Rosso, tra lo Yemen e il Gibuti, che costituisce il punto di passaggio obbligatorio per accedere al canale di Suez dall'Oceano Indiano."
La NATO: a cosa serve ancora?,Istituzione,Trattato dell'Atlantico del Nord,"Chiamato anche Trattato di Washington, è l'atto fondante firmato il 4 aprile 1949 che definisce gli scopi della NATO e il principio di solidarietà tra i suoi membri."
La NATO: a cosa serve ancora?,Istituzione,Patto di Varsavia,"Alleanza militare creata nel 1955 dall'URSS in reazione alla NATO, che raggruppava i paesi comunisti dell'Europa dell'Est. È scomparsa nel 1991."
La NATO: a cosa serve ancora?,Luogo,Stati baltici,"Insieme geografico composto da Estonia, Lettonia e Lituania. Ex repubbliche sovietiche, sono oggi membri della NATO e dell'UE."
La NATO: a cosa serve ancora?,Personaggio,Vladimir Putin,"Presidente della Federazione Russa dal 1999 (con un'interruzione come Primo Ministro), considera l'estensione della NATO come un'aggressione contro l'influenza russa."
La NATO: a cosa serve ancora?,Concetto,Escalation nucleare,Processo mediante il quale una tensione militare si intensifica fino all'utilizzo di armi atomiche. È il timore principale che frena un intervento diretto della NATO in Ucraina.
La NATO: a cosa serve ancora?,Concetto,Ciberspazio,"Dominio immateriale delle reti digitali e informatiche, ormai considerato dalla NATO come un campo di battaglia a pieno titolo al pari della terra, dell'aria e del mare."
L'ONU: potente o impotente?,Data,Carta di San Francisco,"Trattato fondatore dell'ONU firmato il 26 giugno 1945 da 50 Stati, che definisce gli scopi e i principi dell'organizzazione."
L'ONU: potente o impotente?,Istituzione,Consiglio di sicurezza,Organo principale dell'ONU incaricato del mantenimento della pace. Comprende 15 membri di cui 5 permanenti che dispongono del diritto di veto.
L'ONU: potente o impotente?,Istituzione,Assemblea generale,Principale organo deliberante dell'ONU dove ogni Stato membro dispone di un voto uguale. Le sue risoluzioni non hanno forza vincolante.
L'ONU: potente o impotente?,Istituzione,Statuto delle Nazioni Unite,Testo costituzionale dell'organizzazione che definisce i diritti e i doveri degli Stati membri e le strutture dell'istituzione.
La Russia di Putin,Istituzione,Gazprom,"Gigante statale russo del gas, utilizzato dal Cremlino come uno strumento di potenza economica e diplomatica (l'arma energetica) tanto quanto come uno strumento di controllo mediatico."
La Russia di Putin,Concetto,oligarca,Uomo d'affari che ha acquisito una fortuna immensa e un'influenza politica considerevole durante le privatizzazioni degli anni '90 in Russia.
La Russia di Putin,Concetto,siloviki,"Termine che designa i responsabili politici provenienti dai servizi di sicurezza (KGB/FSB), dall'esercito o dalla polizia, che formano la ristretta cerchia del potere sotto Putin."
La Russia di Putin,Concetto,società civile,"Insieme delle organizzazioni non governative (ONG) e dei cittadini che agiscono indipendentemente dallo Stato. Sotto Putin, è sempre più repressa."
La guerra in Ucraina spiegata,Istituzione,SWIFT,Società cooperativa di diritto belga che gestisce la rete di messaggistica finanziaria internazionale che permette pagamenti transfrontalieri sicuri.
La guerra in Ucraina spiegata,Istituzione,NATO,"Organizzazione del Trattato dell'Atlantico del Nord, alleanza militare intergovernativa creata nel 1949 per garantire la difesa collettiva dei suoi membri."
La guerra in Ucraina spiegata,Istituzione,URSS,"Unione delle Repubbliche Socialiste Sovietiche, ex Stato federale dell'Eurasia a regime comunista nato nel 1922 e dissolto nel 1991."
Come funziona il prezzo del petrolio?,Istituzione,OPEC,"Organizzazione dei Paesi Esportatori di Petrolio, cartello fondato nel 1960 volto a coordinare le politiche petrolifere dei suoi membri per stabilizzare i prezzi."
Come funziona il prezzo del petrolio?,Altro,Brent,"Petrolio leggero proveniente dai giacimenti del Mare del Nord, che funge da principale riferimento di prezzo per i mercati internazionali, in particolare in Europa e in Africa."
Come funziona il prezzo del petrolio?,Altro,WTI,"West Texas Intermediate, petrolio di alta qualità estratto negli Stati Uniti che funge da riferimento principale per il mercato americano."
Come funziona il prezzo del petrolio?,Concetto,Anelasticità,"In economia, situazione in cui la domanda di un bene varia poco nonostante una forte variazione del suo prezzo, poiché i consumatori non possono farne a meno facilmente."
I paradisi fiscali spiegati,Concetto,Offshore,"Termine che designa attività finanziarie o investimenti di capitali effettuati al di fuori del paese di residenza, generalmente in giurisdizioni con una fiscalità vantaggiosa."
I paradisi fiscali spiegati,Concetto,Titolare effettivo,"La persona fisica che possiede o controlla in ultima istanza un'entità giuridica o per la quale viene effettuata una transazione, contrariamente ai prestanome."
I paradisi fiscali spiegati,Concetto,Tax rulings,"Pratica attraverso la quale un'amministrazione fiscale conferma in anticipo a un'impresa come sarà tassata, permettendo spesso di negoziare aliquote molto basse."
I paradisi fiscali spiegati,Evento,Panama Papers,"Fuga massiccia di 11,5 milioni di documenti nel 2016 che rivela le attività offshore di personalità mondiali gestite dallo studio Mossack Fonseca."
I paradisi fiscali spiegati,Concetto,Trust,"Struttura giuridica anglosassone che permette di trasferire la proprietà di beni a una terza persona che li gestisce a beneficio di un beneficiario, garantendo spesso l'anonimato."
I paradisi fiscali spiegati,Concetto,Big data,"Insieme di tecnologie che permettono di analizzare immensi volumi di dati, utilizzato dal fisco per individuare schemi di evasione sofisticati."
L'evasione fiscale delle multinazionali,Concetto,prezzi di trasferimento,"Prezzi ai quali un'impresa trasferisce beni materiali, beni immateriali o fornisce servizi a imprese associate (filiali). Manipolare questi prezzi permette di spostare i profitti verso zone meno tassate."
L'evasione fiscale delle multinazionali,Concetto,tax rulings,"Accordi anticipati tra un'amministrazione fiscale nazionale e una multinazionale, che stabiliscono in anticipo come verrà calcolata l'imposta. Sono spesso criticati per essere vantaggi fiscali mascherati."
L'evasione fiscale delle multinazionali,Movimento,giustizia fiscale,"Corrente di pensiero e di attivismo (portata avanti da ONG come Oxfam) che sostiene una ripartizione equa del carico fiscale, dove le multinazionali e i più ricchi contribuiscono proporzionalmente alla loro capacità reale."
L'evasione fiscale delle multinazionali,Concetto,stabile organizzazione,"Nozione giuridica che definisce la presenza fisica minima (ufficio, filiale) necessaria affinché uno Stato abbia il diritto di tassare i profitti di un'impresa straniera."
Le disuguaglianze Nord-Sud,Concetto,«curva dell'elefante»,"Grafico dell'economista Milanovic: tra il 1988 e il 2008, la classe media asiatica e i ricchissimi mondiali sono progrediti maggiormente, mentre la classe operaia dei paesi ricchi ristagnava. Questa curva spiega in parte l'ascesa del populismo occidentale."
Le disuguaglianze Nord-Sud,Concetto,ragioni di scambio,"Rapporto tra i prezzi delle esportazioni di un paese e i prezzi delle sue importazioni. Quando si deteriora (materie prime vendute a meno a fronte di prodotti manifatturieri acquistati a prezzi più alti), il paese si impoverisce strutturalmente."
Le disuguaglianze Nord-Sud,Concetto,deterioramento delle ragioni di scambio,"Fenomeno economico in cui i prezzi dei prodotti primari diminuiscono rispetto ai prezzi dei prodotti manifatturieri nel lungo periodo, penalizzando i paesi esportatori di materie prime."
Le disuguaglianze Nord-Sud,Istituzione,aiuto pubblico allo sviluppo,Insieme dei flussi finanziari trasferiti dagli Stati sviluppati verso i paesi in via di sviluppo per favorire il miglioramento delle condizioni di vita e la crescita economica.
Il debito globale,Istituzione,FMI,"Il Fondo Monetario Internazionale è un'organizzazione internazionale che vigila sulla stabilità finanziaria mondiale e concede prestiti ai paesi in difficoltà, spesso in cambio di riforme strutturali."
Il debito globale,Data,Trattato di Maastricht,"Firmato nel 1992, stabilisce i criteri di convergenza per l'Unione Europea, tra cui un debito pubblico limitato al 60% del PIL e un deficit al 3%."
"L'economia di piattaforma (Uber, Airbnb...)",Concetto,Matching,Processo di messa in relazione efficace tra un offerente e un richiedente su un mercato digitale.
"L'economia di piattaforma (Uber, Airbnb...)",Concetto,Subordinazione algoritmica,"Situazione in cui un lavoratore, seppur giuridicamente indipendente, subisce il controllo, la sorveglianza e le direttive di un algoritmo (valutazione, tariffazione, disconnessione)."
"L'economia di piattaforma (Uber, Airbnb...)",Altro,Riqualificazione,Decisione giudiziaria che trasforma un contratto di prestazione di servizi (indipendente) in un contratto di lavoro (subordinato) dopo l'accertamento di un vincolo di subordinazione.
"L'economia di piattaforma (Uber, Airbnb...)",Istituzione,Tassazione del digitale,"Dispositivo fiscale (come la tassa GAFA) volto a tassare i ricavi delle piattaforme digitali nel luogo in cui creano valore, e non solo dove sono domiciliate."
Il ruolo dei dati (il «petrolio del XXI secolo»),Concetto,machine learning,"Campo di studio dell'intelligenza artificiale che utilizza metodi statistici per consentire ai computer di apprendere dai dati, senza essere esplicitamente programmati per ogni compito."
Il ruolo dei dati (il «petrolio del XXI secolo»),Istituzione,GAFAM,"Acronimo che indica i cinque giganti americani della tecnologia: Google, Apple, Facebook (Meta), Amazon e Microsoft."
Il ruolo dei dati (il «petrolio del XXI secolo»),Istituzione,BATX,"Equivalente cinese dei GAFAM, che raggruppa Baidu, Alibaba, Tencent e Xiaomi."
Il ruolo dei dati (il «petrolio del XXI secolo»),Concetto,sovranità digitale,"Capacità di uno Stato o di un'organizzazione di controllare le proprie infrastrutture digitali, i propri dati e le proprie tecnologie per non dipendere da potenze straniere."
Il divario digitale globale,Concetto,smartphone,Telefono intelligente dotato di un sistema operativo che consente l'accesso a Internet e l'installazione di applicazioni.
Il divario digitale globale,Concetto,telelavoro,Attività professionale svolta a distanza grazie agli strumenti digitali.
Il divario digitale globale,Altro,MOOC,(Massive Open Online Course) Corso di insegnamento diffuso su Internet e accessibile a tutti gratuitamente o a basso costo.
Il divario digitale globale,Concetto,Big Data,Insiemi di dati così voluminosi da richiedere strumenti informatici specifici per essere analizzati e sfruttati.
La disinformazione e le fake news,Istituzione,MIT,"Il Massachusetts Institute of Technology, una prestigiosa università di ricerca che conduce numerosi studi sull'impatto delle tecnologie digitali sulla società."
La disinformazione e le fake news,Istituzione,AFP,"Agence France-Presse, agenzia di stampa mondiale di riferimento che ha sviluppato una delle più grandi reti di fact-checking al mondo."
La disinformazione e le fake news,Concetto,Deepfake,"Registrazioni audio o video ultra-realistiche generate dall'intelligenza artificiale, che permettono di sostituire il volto o la voce di una persona con un'altra per attribuirle dichiarazioni immaginarie."
Il buco nell'ozono (e la sua guarigione),Luogo,Antartide,"Continente situato al Polo Sud, dove le condizioni meteorologiche estreme della stratosfera in primavera favoriscono la distruzione massiccia dell'ozono da parte dei CFC."
Il buco nell'ozono (e la sua guarigione),Concetto,Stratosfera,"Secondo strato dell'atmosfera terrestre, situato tra circa 10 e 50 km di altitudine, che ospita la maggior parte dello strato di ozono."
Il buco nell'ozono (e la sua guarigione),Concetto,Biossido di carbonio (CO₂),"Gas presente naturalmente nell'atmosfera, ma il cui eccesso legato alle attività umane è il principale responsabile dell'attuale riscaldamento globale."
La crisi della biodiversità,Istituzione,WWF,"Fondo mondiale per la natura (World Wide Fund for Nature), una delle più grandi organizzazioni non governative internazionali per la protezione dell'ambiente."
La crisi della biodiversità,Istituzione,IPBES,"Piattaforma intergovernativa scientifica e politica sulla biodiversità e i servizi ecosistemici, spesso descritta come l' 'IPCC della biodiversità'."
La crisi della biodiversità,Opera,Dasgupta Review,"Importante rapporto economico (2021) commissionato dal Tesoro britannico, che teorizza l'integrazione della natura negli indicatori economici mondiali."
La crisi della biodiversità,Concetto,confini planetari,Soglie quantificate che l'umanità non dovrebbe superare per non compromettere le condizioni abitabili della Terra.
La crisi della biodiversità,Evento,COP15,"Conferenza delle Nazioni Unite sulla biodiversità tenutasi nel 2022, che ha portato allo storico accordo '30 per 30' per la protezione della natura."
La crisi della biodiversità,Concetto,resilienza,Capacità di un ecosistema di recuperare il suo normale funzionamento dopo aver subito una perturbazione maggiore.
L'economia circolare,Altro,Bauxite,Il principale minerale che permette la produzione di alluminio.
L'economia circolare,Concetto,Ecosistema industriale,"Modello di organizzazione in cui le imprese di uno stesso territorio scambiano i propri flussi (energia, acqua, materiali) affinché i rifiuti degli uni diventino le risorse degli altri."
L'economia circolare,Altro,Litio,Metallo alcalino essenziale per la fabbricazione di batterie ricaricabili per veicoli elettrici e dispositivi mobili.
L'economia circolare,Concetto,Responsabilità Estesa del Produttore,"Principio giuridico secondo il quale i produttori e gli importatori devono farsi carico, finanziariamente o tecnicamente, della gestione del fine vita dei prodotti che immettono sul mercato."
L'economia circolare,Concetto,Economia della funzionalità,Modello economico che privilegia l'uso di un bene (noleggio di un servizio) piuttosto che il suo possesso (acquisto dell'Oggetto).
L'economia circolare,Concetto,Passaporto digitale dei prodotti,Strumento d'informazione che memorizza le caratteristiche tecniche e la composizione di un prodotto per facilitarne la riparazione e il futuro riciclaggio.
Perché le api sono vitali?,Concetto,sonicazione,Tecnica di impollinazione utilizzata da alcuni insetti (come i bombi) che fanno vibrare i loro muscoli alari per scuotere il polline dalle antere di fiori specifici.
Perché le api sono vitali?,Concetto,impollinazione,"Processo di trasporto dei granuli di polline dagli organi maschili (stami) verso gli organi femminili (pistillo) di un fiore, permettendo la fecondazione e la produzione di semi e frutti."
Perché le api sono vitali?,Concetto,entomofauna,Insieme delle specie di insetti che vivono in un dato ambiente.
Perché le api sono vitali?,Concetto,catena trofica,Successione di relazioni alimentari tra esseri viventi che si mangiano l'un l'altro (catena alimentare).
Perché le api sono vitali?,Concetto,infrastrutture agroecologiche,"Elementi non produttivi di un'azienda agricola (siepi, stagni, muretti, strisce fiorite) che forniscono rifugi e risorse alla biodiversità."
L'innalzamento del livello del mare,Luogo,Inlandsis,"Immenso ghiacciaio di vastissima estensione, che può raggiungere diversi chilometri di spessore, che ricopre una base continentale (come in Groenlandia o in Antartide)."
L'innalzamento del livello del mare,Istituzione,IPCC,"Gruppo intergovernativo sul cambiamento climatico, organismo dell'ONU incaricato di valutare le conoscenze scientifiche sul cambiamento climatico."
L'innalzamento del livello del mare,Concetto,Dilatazione termica,Fenomeno fisico per il quale un corpo (in questo caso l'acqua) aumenta di volume sotto l'effetto di un aumento della sua temperatura.
L'innalzamento del livello del mare,Concetto,Mangrovia,Ecosistema di paludi marittime che include alberi specifici (mangrovie) che stabilizzano le coste e proteggono dall'erosione e dalle mareggiate.
L'IA e l'occupazione,Concetto,IA generativa,"Tipo di intelligenza artificiale capace di creare nuovi contenuti (testo, immagini, codice, suono) a partire da esempi appresi, piuttosto che limitarsi ad analizzare dati esistenti."
L'IA e l'occupazione,Concetto,colletti bianchi,"Espressione che designa gli impiegati d'ufficio, i quadri e le professioni intellettuali, in opposizione ai 'colletti blu' che lavorano nell'industria o nei lavori manuali."
L'IA e l'occupazione,Concetto,Ingegnere dei prompt,Professione che consiste nel progettare e affinare le istruzioni testuali fornite a una IA generativa per ottenere il risultato più pertinente ed efficace possibile.
Il populismo: perché sta crescendo ovunque?,Personaggio,Jan-Werner Müller,"Politologo e professore a Princeton, autore di 'Cos'è il populismo?', che definisce il fenomeno attraverso il suo anti-pluralismo e la sua pretesa di esclusività della rappresentanza."
Il populismo: perché sta crescendo ovunque?,Personaggio,Branko Milanović,"Economista serbo-americano specializzato nelle disuguaglianze, celebre per la sua 'curva dell'elefante' che mostra la distribuzione dei guadagni di reddito mondiali."
Il populismo: perché sta crescendo ovunque?,Concetto,globalizzazione,"Processo di apertura delle frontiere economiche e di accelerazione degli scambi mondiali, i cui effetti diseguali sono un motore del voto populista."
Il populismo: perché sta crescendo ovunque?,Movimento,trumpismo,"Movimento politica associato a Donald Trump, che mescola populismo, nazionalismo economico e una comunicazione diretta che scardina le norme istituzionali."
Il populismo: perché sta crescendo ovunque?,Concetto,monismo,"Concezione politica che rifiuta la diversità delle opinioni all'interno del popolo, affermando che la volontà popolare è una, indivisibile e incarnata da un solo leader."
Il populismo: perché sta crescendo ovunque?,Concetto,backlash,Reazione violenta o resistenza di un gruppo sociale di fronte a cambiamenti culturali o politica rapidi percepiti come una minaccia per i propri valori.
Il populismo: perché sta crescendo ovunque?,Istituzione,mass media,"Grandi organi di stampa tradizionali (TV, giornali), spesso definiti 'élite mediatiche' dai populisti per screditarli."
Il populismo: perché sta crescendo ovunque?,Concetto,sdoganamento,Strategia politica volta a rendere un partito radicale più accettabile per l'elettorato moderato smussandone l'immagine e il discorso.
La salute mentale come sfida sociale,Concetto,Confronto sociale verso l'alto,"Processo psicologico in cui un individuo si confronta con persone che percepisce come superiori (bellezza, ricchezza, successo), causando spesso un calo dell'autostima."
La salute mentale come sfida sociale,Concetto,Cyber-vittimizzazione,"Forma di molestia che avviene tramite strumenti digitali, inclusi insulti, diffusione di rumors o esclusione sociale online."
La salute mentale come sfida sociale,Concetto,Rinforzo dopaminergico,"Meccanismo biologico legato al circuito della ricompensa nel cervello, stimolato dalle notifiche e dai 'mi piace' sui social network, che può portare a una dipendenza."
La salute mentale come sfida sociale,Concetto,Divario di trattamento,Divario significativo tra il numero di persone che necessitano di cure per la salute mentale e il numero di persone che effettivamente le ricevono.
La salute mentale come sfida sociale,Personaggio,Simone Biles,"Ginnasta americana plurimedagliata che, ritirandosi da diverse gare ai Giochi Olimpici di Tokyo 2021 per preservare la sua salute mentale, ha scatenato un dibattito mondiale sull'argomento."
La salute mentale come sfida sociale,Concetto,Eco-ansia,Forma di disagio psichico legato al senso di impotenza di fronte ai cambiamenti climatici e alle future minacce ambientali.
La salute mentale come sfida sociale,Concetto,Intelligenza artificiale,Qui utilizzata per designare gli algoritmi e gli agenti conversazionali (chatbot) capaci di effettuare un primo livello di monitoraggio o di triage psichiatrico.
L'UE: come funziona davvero?,Istituzione,Consiglio dell'UE,"Riunione dei ministri nazionali per settore (es: agricoltura, finanze). Vota le leggi insieme al Parlamento e rappresenta gli interessi dei governi membri."
L'UE: come funziona davvero?,Istituzione,Commissione europea,"Organo esecutivo dell'UE. Propone le leggi, gestisce il bilancio e vigila sull'applicazione dei trattati sotto la direzione di 27 commissari."
L'UE: come funziona davvero?,Concetto,gruppi di interesse,"Organizzazioni (ONG, imprese, sindacati) che cercano di influenzare le decisioni politiche a Bruxelles apportando la loro competenza tecnica."
L'UE: come funziona davvero?,Istituzione,comitato di conciliazione,Istanza che riunisce deputati europei e rappresentanti del Consiglio per trovare un accordo finale su una legge in caso di disaccordo persistente.
La libertà di stampa nel mondo,Concetto,concentrazione dei media,"Processo attraverso il quale un numero ristretto di proprietari o di grandi gruppi industriali acquisisce la maggioranza dei supporti di stampa, televisione e radio."
La libertà di stampa nel mondo,Personaggio,Viktor Orbán,Primo ministro ungherese la cui governance è segnata da una strategia di controllo indiretto dei media attraverso alleati economici.
La libertà di stampa nel mondo,Concetto,SLAPP,Azione legale strategica contro la partecipazione pubblica; procedure giudiziarie abusive avviate da imprese o politici per esaurire finanziariamente un giornalista.
La libertà di stampa nel mondo,Concetto,disinformazione,Diffusione intenzionale di false informazioni con lo scopo di ingannare l'opinione pubblica o di destabilizzare un avversario.
Le migrazioni climatiche,Concetto,sedentarizzazione forzata,Processo mediante il quale le popolazioni nomadi (come nel Sahel) sono costrette a stabilirsi permanentemente perché le loro rotte di transumanza sono distrutte dalla siccità.
Le migrazioni climatiche,Luogo,Stati insulari a basso livello,"Nazioni arcipelagiche (Kiribati, Tuvalu, Maldive) la cui altitudine media è così bassa da rischiare la sommersione totale a causa dell'innalzamento del livello del mare."
Le migrazioni climatiche,Concetto,debito climatico,"Principio politica che afferma che i paesi industrializzati, responsabili storici del riscaldamento, devono compensazione e assistenza ai paesi poveri che ne subiscono i primi effetti."
Le migrazioni climatiche,Concetto,non-refoulement,Principio cardinale del diritto dei rifugiati che vieta di espellere una persona verso un paese in cui rischia la morte o trattamenti inumani.
La blockchain e le criptovalute,Concetto,pari,"Utenti o computer connessi in una rete senza gerarchia centrale, dove ognuno ha gli stessi diritti e responsabilità."
La blockchain e le criptovalute,Concetto,hashing,"Algoritmo matematico che trasforma un dato di qualsiasi dimensione in un'impronta digitale di dimensione fissa, unica e irreversibile."
La blockchain e le criptovalute,Concetto,moneta fiduciaria,Moneta emessa da una banca centrale (come l'Euro o il Dollaro) il cui valore si basa sulla fiducia del pubblico verso l'Istituzione emittente.
La blockchain e le criptovalute,Istituzione,CBDC,"Moneta Digitale di Banca Centrale, forma digitale della moneta fiduciaria emessa da uno Stato per competere con le criptovalute private."
Il diritto d'asilo spiegato,Data,Convenzione di Ginevra,Trattato internazionale adottato nel 1951 che definisce lo status di rifugiato e gli obblighi degli Stati nei loro confronti.
Il diritto d'asilo spiegato,Istituzione,UNHCR,"Alto commissariato delle Nazioni Unite per i rifugiati, agenzia dell'ONU incaricata di proteggere i diritti dei rifugiati e degli sfollati."
Il diritto d'asilo spiegato,Istituzione,Regolamento di Dublino,"Testo dell'Unione europea che determina lo Stato membro responsabile dell'esame di una domanda d'asilo, generalmente il primo paese d'ingresso."
La sicurezza alimentare globale,Concetto,carenze di micronutrienti,"Mancanza di vitamine (A, B12...) e di minerali (ferro, iodio, zinco) essenziali per il funzionamento dell'organismo, anche se l'apporto calorico totale è sufficiente."
La sicurezza alimentare globale,Istituzione,mercato a termine,"Mercato finanziario in cui si negoziano i prezzi delle materie prime (come il grano) per consegne future, influenzando le quotazioni mondiali."
La sicurezza alimentare globale,Concetto,food power,Strategia geopolitica che consiste nell'utilizzare l'esportazione o l'embargo di generi alimentari come mezzo di pressione politica.
La sicurezza alimentare globale,Luogo,zone arabili,Terre il cui clima e la cui qualità del suolo permettono uno sfruttamento di colture annuali o di prati artificiali.
La sicurezza alimentare globale,Luogo,falde acquifere,"Riserve d'acqua sotterranee situate a scarsa profondità, che alimentano pozzi e sorgenti, e ampiamente utilizzate per l'irrigazione agricola."
La sicurezza alimentare globale,Concetto,agroecologia,Pratiche agricole che rispettano l'ambiente e mirano a mantenere l'equilibrio degli ecosistemi garantendo al contempo una produzione alimentare.
L'acqua: prossima fonte di conflitti?,Concetto,salamoia,"Soluzione acquosa ad altissima concentrazione di sale, scaricata dagli impianti di dissalazione. Il suo rilascio massiccio può asfissiare la fauna e la flora marina locale."
L'acqua: prossima fonte di conflitti?,Luogo,Singapore,"Città-Stato insulare del Sud-est asiatico, diventata un riferimento mondiale nella gestione dell'acqua (NEWater) per ovviare alla mancanza di sorgenti d'acqua dolce naturali."
L'acqua: prossima fonte di conflitti?,Concetto,acqua virtuale,Volume d'acqua necessario per la fabbricazione di un prodotto (agricolo o industriale) lungo tutta la sua catena di produzione. Questo concetto aiuta a comprendere gli scambi indiretti d'acqua tra paesi.
Il soft power americano,Acronimo,GAFAM,"Acronimo che designa i Giganti del Web americano: Google, Apple, Facebook (Meta), Amazon e Microsoft."
Il soft power americano,Istituzione,ONU,"Organizzazione delle Nazioni Unite, creata nel 1945 per mantenere la pace e la sicurezza internazionali."
Il soft power americano,Movimento,Hallyu,"Termine che designa la ""onda coreana"", ovvero l'esportazione massiccia della Cultura popolare sudcoreana (K-pop, drama, cinema) a livello internazionale."
Il soft power americano,Altro,Ivy League,"Raggruppamento di otto università private tra le più antiche e prestigiose del Nord-Est degli Stati Uniti (Harvard, Yale, Princeton...)."
I GAFAM: potere e derive,Concetto,fake news,False informazioni create e diffuse con lo scopo di ingannare il pubblico o di manipolare l'opinione politica.
I GAFAM: potere e derive,Luogo,Silicon Valley,"Regione della California a sud di San Francisco, diventata il polo mondiale dell'alta tecnologia e la sede della maggior parte delle GAFAM."
I GAFAM: potere e derive,Concetto,tempi di attenzione,Risorsa limitata degli utenti che le piattaforme cercano di catturare e monetizzare tramite la pubblicità grazie ad algoritmi di ritenzione.
La transizione energetica,Concetto,terre rare,"Gruppo di 17 metalli dalle proprietà elettromagnetiche uniche, indispensabili per la fabbricazione di magneti permanenti per turbine eoliche e motori di auto elettriche."
La transizione energetica,Concetto,neutralità carbonica,Stato di equilibrio tra le emissioni di gas a effetto serra e gli assorbimenti da parte di pozzi naturali o artificiali.
La transizione energetica,Concetto,intermittenza,"Carattere irregolare della produzione di energia (solare, eolico) che varia a seconda delle condizioni meteo e del ciclo giorno/notte."
Il futuro del lavoro,Personaggio,Henry Ford,"Industriale americano dell'inizio del XX secolo, pioniere della catena di montaggio e della standardizzazione (fordismo), che ha normalizzato la settimana di 5 giorni per creare una classe media di consumatori."
Il futuro del lavoro,Personaggio,Joseph Schumpeter,"Economista austriaco del XX secolo, celebre per la sua Teoria della 'distruzione creatrice' che spiega come le innovazioni tecnologiche sostituiscano le vecchie strutture economiche."
La Cina e il suo modello economico,Personaggio,Deng Xiaoping,"Leader della Repubblica Popolare Cinese dal 1978 al 1992, è l'architetto delle riforme economiche che hanno aperto il paese al mercato mondiale."
La Cina e il suo modello economico,Personaggio,Xi Jinping,"Segretario generale del Partito Comunista Cinese dal 2012, ha rafforzato il controllo del Partito sulla società e lanciato la Belt and Road Initiative."
La Cina e il suo modello economico,Luogo,Silicon Valley,"Polo tecnologico principale situato in California, che funge da riferimento mondiale per l'innovazione digitale con cui la Cina cerca di competere."
La Cina e il suo modello economico,Istituzione,Evergrande,Ex gigante dell'immobiliare cinese la cui crisi del debito nel 2021 ha rivelato le fragilità sistemiche del modello finanziario cinese.
La Cina e il suo modello economico,Luogo,Taiwan,"Isola rivendicata da Pechino, principale punto di attrito tra la Cina e gli Stati Uniti sul piano politica e tecnologico."
La Cina e il suo modello economico,Concetto,semiconduttori,"Componenti elettronici essenziali per l'industria moderna, al centro della guerra tecnologica tra la Cina e l'Occidente."
La crisi dello Stato sociale,Istituzione,Consiglio Nazionale della Resistenza,Organismo che diresse i diversi movimenti della Resistenza francese durante la Seconda guerra mondiale e che elaborò il programma di riforme sociali del 1944.
La crisi dello Stato sociale,Concetto,gig economy,"Economia dei piccoli lavori o delle piattaforme digitali (tipo Uber), caratterizzata da contratti brevi e da uno status di lavoratore indipendente piuttosto che dipendente."
La crisi dello Stato sociale,Concetto,flexicurity,"Modello sociale che combina la facilità di licenziamento per le imprese (flessibilità) e tutele forti per i lavoratori in transizione (sicurezza), tipico del modello danese."
La crisi dello Stato sociale,Concetto,CSG,Contribution Sociale Généralisée. Imposta francese destinata a diversificare il finanziamento della protezione sociale al di là dei soli contributi salariali.
La crisi dello Stato sociale,Concetto,uberizzazione,"Fenomeno di messa in discussione del modello economico tradizionale da parte di piattaforme digitali che mettono in relazione diretta prestatori e clienti, spesso a scapito del lavoro dipendente classico."
Come si formano i terremoti?,Concetto,Andromeda (Sismologia),Nome di un vasto progetto europeo e di una rete di sensori che mira a utilizzare la fibra ottica sottomarina esistente per rilevare le vibrazioni sismiche sul fondo degli oceani.
Il Rinascimento italiano,Concetto,Chiaroscuro,Tecnica di pittura che consiste nel produrre contrasti violenti tra le zone di luce e le zone d'ombra per creare volume e drammaticità.
Il Rinascimento italiano,Movimento,Manierismo,Movimento artistico della fine del Rinascimento (ca. 1520-1580) caratterizzato dal rifiuto dell'armonia classica a favore di forme allungate e composizioni complesse.
La nascita dell'impressionismo,Istituzione,Académie des beaux-arts,"Istituzione statale che gestiva l'insegnamento artistico e il Salon a Parigi nel XIX secolo, imponendo standard classici rigorosi."
La nascita dell'impressionismo,Personaggio,Napoleone III,"Imperatore dei Francesi che, di fronte alla crisi artistica del 1863, autorizzò la creazione del Salon des Refusés."
La nascita dell'impressionismo,Evento,Salon des Refusés,"Esposizione organizzata nel 1863 per presentare le opere rifiutate dalla giuria del Salon ufficiale, segnando l'inizio della frattura tra arte moderna e accademica."
La nascita dell'impressionismo,Personaggio,Édouard Manet,"Pittore precursore della modernità, il cui quadro 'Le Déjeuner sur l'herbe' scatenò un grande scandalo nel 1863."
La nascita dell'impressionismo,Personaggio,Claude Monet,"Capofila del movimento impressionismo, celebre per le sue serie che esplorano la luce come 'Le Ninfee' o 'La Cattedrale di Rouen'."
La nascita dell'impressionismo,Concetto,visione binoculare,"Capacità del sistema visivo di fondere due immagini per percepire il rilievo e, nel caso dell'impressionismo, di fondere pennellate di colori giustapposte."
La nascita dell'impressionismo,Concetto,colori complementari,Colori opposti sul cerchio cromatico (es: rosso/verde). La loro giustapposizione rafforza la vivacità di ciascuno.
La nascita dell'impressionismo,Personaggio,Berthe Morisot,"Una delle figure principali dell'impressionismo, nota per le sue scene di vita borghese e il suo tocco limpido."
La nascita dell'impressionismo,Luogo,museo d'Orsay,Museo nazionale a Parigi che ospita la più grande collezione di opere impressioniste e post-impressioniste al Mondo.
Rembrandt e la scuola fiamminga,Personaggio,Hals,"Frans Hals, grande ritrattista olandese del Secolo d'Oro, celebre per il suo tocco rapido e la capacità di catturare la psicologia ridente dei suoi modelli."
Rembrandt e la scuola fiamminga,Personaggio,Caravaggio,"Pittore italiano della fine del XVI secolo, inventore dello stile tenebrista che utilizza contrasti di luce violenti per drammatizzare la scena."
Rembrandt e la scuola fiamminga,Personaggio,Francis Bacon,"Pittore britannico del XX secolo, il cui lavoro sulla deformazione della carne e l'espressione del dolore si ispira direttamente alla libertà Tecnica di Rembrandt."
"Il romanticismo in pittura (Delacroix, Géricault)",Personaggio,Géricault,"Théodore Géricault (1791-1824), pittore francese la cui breve carriera ha gettato le basi del romanticismo con opere drammatiche e ancorate al reale."
"Il romanticismo in pittura (Delacroix, Géricault)",Personaggio,Delacroix,"Eugène Delacroix (1798-1863), caposcuola della scuola romantica francese, celebre per il suo uso audace del colore e i suoi soggetti di politica ed esotici."
"Il romanticismo in pittura (Delacroix, Géricault)",Personaggio,Jean-Auguste-Dominique Ingres,"Pittore francese (1780-1867), campione del neoclassicismo e grande rivale di Delacroix, che privilegiava la perfezione della linea rispetto all'emozione del colore."
Il cubismo: Picasso e Braque,Concetto,collage,"Innovazione che consiste nell'integrare frammenti della realtà (giornali, tessuti) nell'opera, sfumando il confine tra rappresentazione e realtà."
Il surrealismo: Dalí e Magritte,Movimento,dadaismo,"Movimento artistico e letterario (1916-1923) nato come reazione all'orrore della Grande Guerra, caratterizzato da una radicale messa in discussione delle convenzioni, del significato e delle istituzioni."
Il surrealismo: Dalí e Magritte,Luogo,Port Lligat,"Piccolo villaggio di pescatori in Catalogna dove Salvador Dalí stabilì la sua residenza principale e il suo studio, i cui paesaggi rocciosi appaiono in molti dei suoi dipinti."
L'espressionismo: Munch e L'urlo,Concetto,positivismo,"Dottrina filosofica del XIX secolo che considera reale solo la conoscenza dei fatti e delle leggi scientifiche, rifiutando la metafisica."
L'espressionismo: Munch e L'urlo,Concetto,mimesis,Concetto estetico derivante dall'Antichità che designa l'imitazione o la rappresentazione fedele della realtà nell'arte.
L'arte astratta: Kandinsky e Mondrian,Movimento,Espressionismo astratto,"Movimento artistico del dopoguerra, principalmente americano, che privilegia il gesto istintivo dell'artista (action painting) e l'espressione grezza delle emozioni."
L'arte astratta: Kandinsky e Mondrian,Movimento,Minimalismo,"Corrente artistica degli anni '60 che sostiene un'estrema essenzialità, utilizzando spesso forme geometriche semplici e materiali industriali."
L'arte astratta: Kandinsky e Mondrian,Movimento,Arte concettuale,Movimento in cui la definizione o l'idea dell'Opera prevale sulla sua estetica o sulla sua realizzazione materiale.
La Pop Art: Warhol e Lichtenstein,Movimento,Espressionismo astratto,"Movimento artistico dominante dopo la Seconda guerra mondiale (Pollock, Rothko), che privilegia l'espressione soggettiva, il gesto spontaneo e il rifiuto della figurazione, al quale la Pop Art si opporrà con il suo ritorno al reale banale."
La nascita della musica elettronica,Movimento,Chicago house,"Genere musicale nato a metà degli anni '80 nei club di Chicago (come il Warehouse), caratterizzato da un ritmo ripetitivo in 4/4 e da influenze soul e disco."
Mozart: bambino prodigio e vita tragica,Opera,Il flauto magico,"Ultima opera di Mozart (1791), che unisce racconto popolare e simbolismo massonico, scritta in tedesco per un teatro popolare."
Beethoven: genio e sordità,Personaggio,Napoleone Bonaparte,"Generale e poi Imperatore dei Francesi i cui ideali repubblicani iniziali affascinavano Beethoven, prima che la sua incoronazione imperiale scatenasse l'ira del compositore."
Beethoven: genio e sordità,Concetto,periodo eroico,"Epoca creativa di Beethoven segnata da opere grandiose che evocano la lotta, la vittoria e la resilienza di fronte al destino."
Beethoven: genio e sordità,Luogo,Bonn,"Città della Germania del Nord, capitale dell'elettorato di Colonia, dove Beethoven è nato e ha trascorso la sua giovinezza."
Beethoven: genio e sordità,Luogo,Vienna,Capitale dell'Impero d'Austria e centro mondiale della musica classica dove Beethoven ha vissuto la maggior parte della sua carriera.
Beethoven: genio e sordità,Movimento,romanticismo,"Movimento artistico del XIX secolo che privilegia l'espressione dei sentimenti, dell'immaginario e della soggettività di fronte al rigore classico."
La nascita del rock'n'roll,Istituzione,Sun Records,"Etichetta discografica indipendente fondata a Memphis da Sam Phillips, specializzata nel blues e nel country, motore della nascita del rockabilly."
La nascita del rock'n'roll,Personaggio,Alan Freed,Disc-jockey americano influente a cui si attribuisce il merito di aver popolarizzato il termine « rock'n'roll » alla radio per designare questo nuovo stile ibrido.
Bach e la musica barocca,Istituzione,Thomasschule,"Scuola annessa alla chiesa di San Tommaso a Lipsia, dove Bach insegnava musica e latino ai ragazzi del coro."
Bach e la musica barocca,Concetto,cantata,"Genere musicale vocale composto da diversi movimenti (arie, recitativi, cori) con accompagnamento strumentale, centrale nella liturgia luterana."
La nascita del jazz americano,Movimento,bebop,"Stile di jazz apparso negli anni '40, caratterizzato da tempi rapidi, armonie complesse e un orientamento verso l'ascolto intellettuale piuttosto che la danza."
La nascita del jazz americano,Movimento,Harlem Renaissance,"Movimento di rinnovamento della cultura afro-americana negli anni '20 a New York, che ha toccato la letteratura, le arti e la musica jazz."
La nascita del jazz americano,Evento,Grande migrazione,"Movimento massiccio di sei milioni di afroamericani dal sud rurale degli Stati Uniti verso il nord e l'ovest industriale tra il 1916 e il 1970, favorendo la diffusione del jazz."
Charlie Chaplin e il cinema muto,Luogo,Vevey,Comune svizzero sulle rive del lago Lemano dove Charlie Chaplin ha vissuto il suo esilio dal 1953 fino alla sua morte nel 1977.
Charlie Chaplin e il cinema muto,Evento,maccartismo,Periodo della storia americana (inizio degli anni '50) caratterizzato da un'intensa caccia ai presunti simpatizzanti comunisti nell'amministrazione e nel mondo delle arti.
Kubrick: 2001: Odissea nello spazio,Opera,«La sentinella»,"Racconto di fantascienza pubblicato da [Arthur C. Clarke] nel 1948, la cui idea di un artefatto cubico lasciato dagli alieni è servita come base per la sceneggiatura di 2001."
Hitchcock e la suspense,Personaggio,Bernard Herrmann,"Compositore emblematico la cui musica ha definito l'atmosfera dei film di Hitchcock, in particolare attraverso l'uso teso degli archi in Psycho."
Hitchcock e la suspense,Personaggio,François Truffaut,Regista francese le cui interviste con Hitchcock hanno permesso di teorizzare il lavoro del maestro e di farlo riconoscere come un autore.
Hitchcock e la suspense,Tecnica,montaggio,Assemblaggio delle inquadrature di un film. Hitchcock lo usava per manipolare il tempo e suggerire azioni senza mostrarle esplicitamente.
Hitchcock e la suspense,Concetto,psicoanalisi,"Disciplina che esplora l'inconscio, integrata da Hitchcock nei suoi thriller per approfondire la motivazione psicologica dei suoi **personaggi**."
L'architettura gotica: le cattedrali,Luogo,basilica di Saint-Denis,Necropoli dei re di Francia dove l'abate Suger fece costruire il primo coro gotico verso il 1140.
La Gioconda,Personaggio,Vincenzo Peruggia,"Dipendente italiano del Louvre che rubò la Gioconda nel 1911, sostenendo di voler restituire l'**opera** alla sua patria d'origine."
"Guernica, Picasso",Concetto,bombardamento a tappeto,"Tattica militare volta a distruggere l'insieme di una zona con un tappeto di bombe ininterrotto, senza distinzione tra obiettivi civili e militari."
"Guernica, Picasso",Luogo,MoMA,"Museum of Modern Art a New York, che ha ospitato Guernica per più di quarant'anni per proteggerlo dalla dittatura franchista."
"La Libertà che guida il popolo, Delacroix",Personaggio,Luigi Filippo d'Orléans,"Ultimo re dei Francesi (1830-1848), salito al potere dopo le Tre Giornate di Luglio, acquistò il quadro di Delacroix prima di nasconderlo perché lo giudicava troppo sovversivo."
"La Libertà che guida il popolo, Delacroix",Istituzione,Salons,"Esposizioni ufficiali organizzate dall'Accademia di belle arti a Parigi, dove gli artisti presentavano le loro **opere** al pubblico e alla critica."
"Impressione, levar del sole, Monet",Personaggio,Paul Durand-Ruel,"Principale mercante d'**arte** degli impressionisti che ha sostenuto finanziariamente il **movimento** e organizzato esposizioni all'estero, salvando gli artisti dalla miseria."
"La persistenza della memoria, Dalí",Luogo / istituzione,MoMA,"Il Museum of Modern Art di New York, uno dei musei d'arte moderna più influenti al mondo, che conserva il quadro dal 1934."
"La persistenza della memoria, Dalí",Personaggio,Salvador Dalí,"Pittore spagnolo (1904-1989), uno dei principali rappresentanti del surrealismo, celebre per le sue immagini oniriche e la sua personalità provocatoria."
"La persistenza della memoria, Dalí",Personaggio,Gala,"Nata Elena Ivanovna Diakonova, fu la moglie, la musa e l'agente di Salvador Dalí, giocando un ruolo cruciale nella sua carriera e nella sua produzione artistica."
Il teatro di Shakespeare,Istituzione,Lord Chamberlain's Men,"Compagnia di teatro di cui Shakespeare era l'azionista, l'attore e il drammaturgo principale, protetta dalla corte d'Inghilterra."
La libertà di stampa e il fotogiornalismo,Personaggio,Gerda Taro,"Fotografa tedesca e compagna di Robert Capa, è la prima donna fotogiornalista a morire al fronte, durante la guerra di Spagna nel 1937."
La libertà di stampa e il fotogiornalismo,Personaggio,Nick Ut,"Fotografo americano-vietnamita, autore della celebre foto 'La bambina nel napalm' (1972) che gli è valsa il premio Pulitzer."
La nascita dell'Islam (622),Riferimento storico,Impero bizantino e sassanide,"Le due potenze che circondavano la penisola arabica nel VII secolo. Bisanzio (Impero romano d'Oriente) e i Sassanidi (impero persiano zoroastriano) si stavano esaurendo in una guerra interminabile, aprendo la strada alle conquiste arabe."
L'appello di Urbano II e la 1ª Crociata (1095),Concetto,Indulgenza plenaria,"Remissione totale delle pene dovute ai peccati, concessa dal papa. Urbano II ne promise una a tutti i partecipanti alla crociata - potente motore di mobilitazione in una società profondamente religiosa."
L'incoronazione di Carlo Magno (800),Istituzione,Conte,"Alto dignitario locale nominato dal sovrano per amministrare una provincia (la contea) a suo nome, disponendo di poteri militari e giudiziari."
La Magna Carta (1215),Concetto,Habeas corpus,"Principio giuridico che protegge contro gli arresti arbitrari: ogni persona arrestata deve essere presentata a un giudice. Eredità diretta della clausola 39 della Magna Carta, è diventato un pilastro del diritto anglosassone."
La scoperta dell'America (1492),Concetto,Antisepsi (Semmelweis e Lister),"Ancor prima dell'anestesia, le infezioni post-operatorie uccidevano i pazienti. Semmelweis (1847) e poi Lister (1867) imposero l'igiene: lavaggio delle mani, strumenti sterilizzati. Queste due rivoluzioni - anestesia e antisepsi - trasformarono la chirurgia."
La presa della Bastiglia (1789),Concetto,Ancien Régime e i tre ordini,"Società francese divisa in tre stati: Clero (1°), Nobiltà (2°) e Terzo Stato (97% della popolazione, 3°). Agli Stati Generali, ogni ordine disponeva di un solo voto su tre, nonostante la rappresentatività demografica schiacciante del Terzo."
La Comune di Parigi (1871),Luogo / istituzione,Internazionale operaia (1ª Internazionale),"Organizzazione fondata a Londra nel 1864, che riuniva sindacati e partiti operai di diversi paesi. Sebbene la Comune non fosse sua opera diretta, Marx la celebrò come prima esperienza di potere operaio."
La Belle Époque (1871-1914),Evento correlato,Affare Dreyfus (1894-1906),"Un ufficiale ebreo, Alfred Dreyfus, fu condannato ingiustamente per spionaggio da uno stato maggiore antisemita. L'affare lacerò la Francia tra dreyfusardi e antidreyfusardi, rivelando le profonde tensioni della società francese."
La battaglia di Verdun (1916),Concetto,Artiglieria pesante della Grande Guerra,"L'artiglieria rappresentava il 60-70% delle perdite della Prima guerra mondiale. I progressi tecnici dal 1870 avevano reso le armi offensive molto più potenti delle difese, creando lo stallo delle trincee."
La Grande Depressione (1929),Concetto,Sistema aureo (Gold Standard),"Sistema monetario in cui le valute erano convertibili in oro a un tasso fisso, limitando la capacità degli Stati di creare moneta. Propagò meccanicamente la crisi americana al Mondo intero: quando gli Stati Uniti ridussero la loro massa monetaria, tutti i paesi legati all'oro ne soffrirono."
La Grande Depressione (1929),Concetto,Acquisto di azioni a margine,"Pratica consistente nel prendere in prestito dalla propria banca per acquistare azioni scommettendo sul loro rialzo. Molto diffusa negli anni '20, amplificò la bolla e, durante il crollo, costrinse milioni di americani a vendere d'urgenza per rimborsare i propri prestiti."
La battaglia di Stalingrado (1942-1943),Evento correlato,Operazione Barbarossa (22 giugno 1941),L'invasione dell'URSS da parte della Germania: 3 milioni di soldati su un fronte di 3.000 km - la più grande operazione militare della Storia. Il fallimento nel prendere Mosca nel 1941 costrinse Hitler a rifocalizzare il suo sforzo verso il sud e il petrolio del Caucaso nel 1942.
La battaglia di Stalingrado (1942-1943),Concetto,Operazione Urano,"Controffensiva sovietica (19 novembre 1942) che circondò i 300.000 soldati della 6ª armata in una morsa gigante. Pianificata da Žukov e Vasilevskij, trasformò l'accanita difesa di Stalingrado in una vittoria strategica decisiva."
Hiroshima e Nagasaki (1945),Evento correlato,Entrata in guerra dell'URSS contro il Giappone (9 agosto 1945),"Stalin dichiarò guerra al Giappone esattamente il giorno della bomba di Nagasaki, invadendo la Manciuria. Alcuni storici ritengono che questa minaccia sovietica sia stata determinante quanto le bombe nella decisione di capitolazione giapponese."
La guerra d'Algeria (1954-1962),Concetto,Dipartimento francese,"A differenza dei protettorati (Marocco, Tunisia), l'Algeria era dal 1848 divisa in tre dipartimenti facenti capo al Ministero dell'Interno. Qualsiasi indipendenza era quindi considerata giuridicamente come una secessione dal territorio nazionale."
Il genocidio ruandese (1994),Luogo / istituzione,MINUAR e generale Dallaire,
La caduta del muro di Berlino (1989),Concetto,Glasnost e Perestrojka,"Riforme di Gorbačëv a partire dal 1986: la glasnost (trasparenza) autorizzava la critica del regime sovietico, la perestroïka (ristrutturazione) tentava di riformare l'economia. Esse destabilizzarono involontariamente l'intero blocco sovietico."
La Blitzkrieg (1940),Evento correlato,Operazione Dynamo (Dunkerque),"Evacuazione marittima di 338.000 soldati franco-britannici circondati a Dunkerque da una flottiglia improvvisata di navi militari e civili. Questo «miracolo» permise alla Gran Bretagna di continuare la guerra, ma lasciò la Francia senza esercito."
La guerra del Vietnam (1955-1975),Evento correlato,Offensiva del Tet (gennaio 1968),"Attacco simultaneo dei Viet Cong su più di 100 città americane durante il Capodanno vietnamita. Militarmente un fallimento per Hanoi, distrusse la credibilità dell'amministrazione Johnson negli Stati Uniti."
La democrazia ateniese,Concetto,Ostracismo,"Procedura ateniese con cui i cittadini potevano votare per esiliare per 10 anni un uomo giudicato pericoloso per la democrazia. I nomi erano iscritti su frammenti di ceramica (ostrakon). Il suo obiettivo era preventivo, non punitivo."
Perché il ghiaccio galleggia?,Concetto,Anomalia di dilatazione dell'acqua,"Contrariamente a quasi tutte le sostanze, l'acqua è più densa a 4°C che a 0°C. Raffreddandosi da 4°C a 0°C, si espande. Questa anomalia è essenziale per la vita acquatica: il ghiaccio galleggia e isola l'acqua liquida sottostante."
Perché l'acqua di mare è salata?,Concetto,Ciclo idrologico e accumulo dei sali,"L'acqua evapora dagli oceani, lasciando indietro i sali. Ricade sotto forma di pioggia, scioglie i minerali dalle rocce e li trasporta verso gli oceani attraverso i fiumi. Questo processo di accumulo dura da 4 miliardi di anni."
Perché esistono le stagioni?,Concetto,"Inclinazione assiale della Terra (23,5°)","L'asse terrestre inclinato di 23,5° rispetto al suo piano orbitale - e non la distanza dal Sole - causa le stagioni. La stessa inclinazione punta sempre verso la stella Polare, creando alternativamente solstizi ed equinozi."
Perché esistono le stagioni?,Concetto,Perielio e afelio,"Punti dell'orbita più vicini (perielio, a gennaio) e più lontani (afelio, a luglio) dal Sole. La differenza di distanza è del 5%, troppo bassa per spiegare le stagioni. Paradossalmente, l'inverno boreale coincide con il perielio."
Perché sbadigliamo?,Concetto,Neuroni specchio e contagiosità,"Lo sbadiglio contagioso è legato ai neuroni specchio che imitano i comportamenti osservati. Gli esseri umani sono più sensibili agli sbadigli delle persone che conoscono, e i bambini autistici lo sono meno - prova di un legame con l'empatia."
Come funziona la memoria?,Concetto,ippocampo,"Struttura cerebrale a forma di cavalluccio marino nel lobo temporale, essenziale per la formazione di nuovi ricordi consci. La sua rimozione chirurgica (caso H.M.) comporta un'incapacità totale di formare nuovi ricordi, senza cancellare quelli vecchi."
Come fa il sapone a uccidere i virus?,Concetto,Molecola amfifilica,Molecola di cui un'estremità è idrofila (ama l'acqua) e l'altra idrofoba (ama i grassi). Questa doppia natura le permette di inserirsi nelle membrane lipidiche dei virus e di disintegrarli fisicamente.
Come fa il sapone a uccidere i virus?,Concetto,Involucro lipidico,"Alcuni virus (coronavirus, influenza, HIV) sono circondati da una membrana grassa. Questo è il loro punto debole: il sapone la dissolve, distruggendo il virus. I virus senza involucro (norovirus, poliovirus) resistono meglio al sapone."
"La scoperta della penicillina (Fleming, 1928)",Concetto,Decadimento radioattivo,"Fenomeno spontaneo per cui un nucleo atomico instabile si trasforma emettendo particelle (alfa, beta) o radiazioni (gamma). Marie Curie comprese che la radioattività era una proprietà dell'atomo stesso, non una reazione chimica."
"La scoperta dei raggi X (Röntgen, 1895)",Concetto,Radioattività e rischi precoci,Röntgen e i suoi primi utilizzatori ignoravano i pericoli dei raggi X. Alcuni medici svilupparono tumori dopo anni di esposizione. Marie Curie stessa morì di aplasia midollare causata dai suoi anni di contatto con materiali radioattivi.
La scoperta della radioattività (Marie Curie),Concetto,Resistenza agli antibiotici,"Fenomeno evolutivo attraverso il quale i batteri sviluppano meccanismi per resistere agli antibiotici. Prevista da Fleming già nel 1945, uccide oggi 1,27 milioni di persone all'anno - una delle principali minacce sanitarie del XXI secolo."
La scoperta dell'anestesia,Evento,Reconquista spagnola (1492),Il trionfo della presa di Granada liberò risorse e creò uno slancio di ambizione nazionale che spiega il sostegno di Isabella di Castiglia a Colombo.
La scoperta dell'anestesia,Evento,trattato di Tordesillas (1494),Accordo arbitrato dal Papa che divideva il Mondo in due sfere d'influenza tra la Spagna (ovest) e il Portogallo (est).
La scoperta dell'anestesia,Concetto,Antisepsi (Semmelweis e Lister),"Ancor prima dell'anestesia, le infezioni post-operatorie uccidevano i pazienti. Semmelweis (1847) e poi Lister (1867) imposero l'igiene: lavaggio delle mani, strumenti sterilizzati. Queste due rivoluzioni - anestesia e antisepsi - trasformarono la chirurgia."
La scoperta dell'anestesia,Personaggio,Vittoria (Regina),Sovrana del Regno Unito il cui ricorso al cloroformio durante i suoi parti nel 1853 e 1857 ha contribuito a rimuovere i tabù religiosi sull'anestesia.
La teoria dell'evoluzione di Darwin (1859),Altro,Beagle (HMS),Nave della Royal Navy che servì come base a Charles Darwin per il suo giro del Mondo scientifico tra il 1831 e il 1836.
Il Big Bang,Concetto,espansione accelerata dell'universo,"Scoperta nel 1998, l'espansione dell'universo accelera invece di rallentare. Questa accelerazione è attribuita all'«energia oscura» (68% del contenuto totale dell'universo), che rimane totalmente incompresa dalla fisica attuale."
Come si formano i terremoti?,Luogo,Astenosfera,"Parte duttile del mantello superiore terrestre situata sotto la litosfera rigida, che permette lo spostamento delle placche tettoniche."
Come si formano i terremoti?,Concetto,Ingegneria antisismica,Settore dell'ingegneria civile che studia la progettazione e la costruzione di edifici in grado di resistere alle scosse sismiche senza crollare.
C'è vita altrove nell'Universo?,Concetto,Zona abitabile,"Regione intorno a una stella dove la temperatura permette all'acqua di esistere allo stato liquido sulla superficie di un pianeta. Né troppo vicina né troppo lontana - «come Riccioli d'Oro». Il nostro sistema solare conta tre pianeti potenziali: Venere, Terra, Marte."
C'è vita altrove nell'Universo?,Concetto,Equazione di Drake,"Formula probabilistica di Frank Drake (1961) per stimare il numero di civiltà comunicanti nella nostra galassia. Moltiplica vari fattori (stelle, pianeti abitabili, durata delle civiltà...) - tutti valori molto incerti, rendendo l'equazione più filosofica che scientifica."
Cos'è un buco nero?,Concetto,Orizzonte degli eventi,"«Frontiera» di un buco nero oltre la quale nulla può tornare indietro, nemmeno la luce. Non è una superficie fisica ma un limite matematico: la velocità necessaria per fuggire supera quella della luce."
Come si formano i fulmini?,Concetto,ionizzazione dell'aria,"Perché si formi un fulmine, il campo elettrico deve essere abbastanza intenso da strappare elettroni alle molecole d'aria, rendendola conduttrice. Questo canale si forma in pochi microsecondi, riscaldato a 30.000°C - cinque volte la superficie del Sole."
Come funziona un vaccino?,Concetto,Linfociti B e anticorpi,"Globuli bianchi che producono anticorpi - proteine capaci di riconoscere e neutralizzare un patogeno specifico. Dopo una vaccinazione, una parte diventa «cellule memoria» che persistono a volte per tutta la vita."
Come funziona un vaccino?,Concetto,Immunità di gregge,"Quando una percentuale sufficiente della popolazione è immunizzata, il patogeno non può più diffondersi e protegge indirettamente le persone non immunizzate. La soglia varia dall'80% al 95% a seconda della malattia."
Cos'è l'effetto serra (davvero)?,Concetto,Albedo terrestre,"Capacità di una superficie di riflettere la radiazione solare. Il ghiaccio e la neve hanno un albedo elevato (riflettono molto), gli oceani un albedo basso (assorbono di più). Lo scioglimento dei ghiacci riduce l'albedo globale, accelerando il riscaldamento."
Perché dormiamo?,Concetto,Ritmi circadiani e melatonina,"Orologio interno tarato su 24 ore, regolato dal nucleo soprachiasmatico del cervello. La melatonina, prodotta di notte, segnala che è ora di dormire. La luce artificiale notturna disturba questo ritmo e peggiora la qualità del sonno."
Perché alcune specie sono immortali?,Personaggio,Turritopsis dohrnii,Minuscola medusa capace di tornare allo stadio di polipo giovanile dopo lo stadio adulto - e di ricominciare indefinitamente. Questo processo di transdifferenziazione cellulare è unico e ispira la ricerca sulla riprogrammazione cellulare.
Cos'è la materia oscura?,Concetto,Energia oscura,"Forza misteriosa responsabile dell'accelerazione dell'espansione dell'universo, che rappresenta il 68% del suo contenuto totale. Distinta dalla materia oscura (27%), agisce come un'energia repulsiva del vuoto, ancora totalmente incompresa."
Cos'è la materia oscura?,Concetto,Modello standard della fisica,"Teoria fisica che descrive le particelle elementari (quark, elettroni, ecc.) e tre delle quattro forze fondamentali, ma che non riesce a spiegare la materia oscura."
Come funziona l'elettricità nel nostro corpo?,Concetto,Ippocampo,"Struttura cerebrale a forma di cavalluccio marino nel lobo temporale, essenziale per la formazione di nuovi ricordi consci. La sua rimozione chirurgica (caso H.M.) comporta l'incapacità totale di formare nuovi ricordi, senza cancellare quelli vecchi."
Come funziona l'elettricità nel nostro corpo?,Concetto,Memoria di lavoro,"Sistema cognitivo che mantiene temporaneamente un piccolo numero di informazioni (7±2 elementi) disponibili per l'elaborazione in corso. Gestito dalla corteccia prefrontale, è limitato in capacità e durata (pochi secondi senza ripetizione)."
Come funziona l'elettricità nel nostro corpo?,Concetto,Mercato a termine (futures) del petrolio,"Contratti con i quali acquirenti e venditori si impegnano a una transazione futura a un prezzo fissato oggi. Gli speculatori senza intenzione di consegna fisica rappresentano la grande maggioranza delle transazioni, amplificando le fluttuazioni dei prezzi."
Come funziona l'elettricità nel nostro corpo?,Evento,Rivoluzione del petrolio di scisto americano,"Sviluppo massiccio della produzione americana nel XXI secolo grazie alla fratturazione idraulica, modificando l'equilibrio geopolitico mondiale dell'energia."
Perché alcuni suoni ci fanno venire i brividi?,Concetto,Apertura all'esperienza (personalità),Tratto di personalità associato alla curiosità e all'apprezzamento della bellezza. Le persone molto «aperte» hanno una corteccia uditiva più connessa alle zone emotive e hanno una probabilità significativamente maggiore di provare brividi musicali.
Perché le stagioni esistono su altri pianeti?,Concetto,"Inclinazione assiale di Urano (97,8°)","L'asse di Urano è quasi disteso sul suo piano orbitale. Ogni polo riceve circa 42 anni di sole continuo seguiti da 42 anni di oscurità totale - stagioni estreme e di lunghissima durata, senza equivalenti nel nostro sistema solare."
Perché le stagioni esistono su altri pianeti?,Concetto,Eccentricità orbitale di Marte,"L'orbita di Marte è nettamente più ellittica di quella della Terra: la distanza Sole-Marte varia da 207 a 249 milioni di km. L'emisfero sud marziano ha estati brevi e calde, inverni lunghi e freddi - molto più accentuati che qui."
"Odissea, Omero",Concetto,Formula omerica,"I poemi omerici furono composti oralmente prima di essere scritti. Le formule ripetute («Aurora dalle dita di rosa», «Ulisse dalle mille astuzie») facilitavano la memorizzazione e la composizione improvvisata - una Tecnica studiata da Milman Parry nel XX secolo."
"Iliade, Omero",Concetto,Aristia omerica,Genere letterario dell'epopea: una lunga sequenza in cui un eroe compie imprese sovrumane. Ogni grande guerriero dell'Iliade ha la sua aristia. Questi passaggi permettevano di sviluppare il carattere dell'eroe e di legare la sua stirpe agli dei.
"Edipo Re, Sofocle",Concetto,Destino e libero arbitrio nella tragedia greca,La tragedia esplora la tensione tra il destino inevitabile (predetto dagli oracoli) e le scelte umane. Edipo compie il suo destino tragico proprio tentando di sfuggirvi - paradosso al cuore della condizione umana secondo i Greci.
"Antigone, Sofocle",Concetto,Diritto naturale vs diritto positivo,"Tensione al cuore di Antigone: la Legge divina e morale (seppellire i morti) contro la legge umana di Creonte. Questo conflitto attraversa tutta la filosofia politica, da Platone a Rousseau e ai teorici dei diritti naturali moderni."
"Antigone, Sofocle",Concetto,Hybris nella tragedia greca,"L'hybris (dismisura, orgoglio eccessivo) è il peccato tragico greco per eccellenza. Creonte commette hybris credendo che la sua Legge prevalga su quella degli dei - perderà tutto ciò che amava come punizione per questa presunzione."
"Il Simposio, Platone",Concetto,Eros platonico,"Platone distingue l'amore fisico e l'amore spirituale che aspira alla Bellezza assoluta. Il discorso di Diotima descrive una «scala dell'amore»: partire da un bel corpo, poi amare la bellezza delle anime, quindi la Bellezza-in-sé ideale."
"La Repubblica, Platone",Personaggio,Gree,"Tre sorelle divine nate vecchie, che possiedono un solo occhio e un solo dente in tre, guardiane del cammino delle Gorgone."
"La Repubblica, Platone",Personaggio,Nereidi,"Ninfe marine, figlie di Nereo, offese dalla vanità della regina Cassiopea."
"La Repubblica, Platone",Personaggio,Parche,"Divinità padrone del destino umano, rappresentate come filatrici (equivalente romano delle Moire)."
"L'Apologia di Socrate, Platone",Luogo,Pritaneo,"Edificio pubblico di Atene dove risiedevano i magistrati e dove erano nutriti, a spese della città, i cittadini meritevoli e gli atleti vittoriosi."
"Medea, Euripide",Concetto,Vendetta e onore nel mondo greco,"L'onore (timè) era un valore fondamentale in Grecia. Un tradimento esigeva riparazione. Medea non può accettare il disonore di essere ripudiata: la sua vendetta segue una logica di reciprocità che, spinta all'estremo, diventa mostruosa."
"I miserabili, Victor Hugo",Concetto,Bagno penale e sistema penale nel XIX secolo,"I bagni penali di Tolone, Brest e Rochefort erano inferni di lavori forzati. Jean Valjean vi trascorre 19 anni per un pezzo di pane rubato, illustrando la brutalità di un sistema che non distingueva tra il crimine e la miseria."
"I miserabili, Victor Hugo",Personaggio,Ispettore Javert,"Incorruttibile poliziotto che perseguita Jean Valjean. Egli incarna la Legge stretta e cieca, incapace di concepire il perdono o l'evoluzione morale di un criminale."
"Candido, Voltaire",Concetto,Ottimismo di Leibniz,"Filosofia secondo la quale Dio ha creato il migliore dei mondi possibili e che il male apparente serva a un bene superiore. Voltaire scrive Candido in risposta, in particolare al terremoto di Lisbona (1755) che uccise 60.000 persone in pochi minuti."
"L'étranger (Lo straniero), Camus",Concetto,Assurdo in Camus,Sentimento nato dallo scontro tra il desiderio umano di senso e il silenzio dell'universo. Camus non vede l'assurdo come una verità cosmica ma come un'esperienza vissuta - la risposta non è il suicidio ma la rivolta lucida e consapevole.
"L'étranger (Lo straniero), Camus",Riferimento storico,Algeria coloniale come contesto,L'Étranger è ambientato nell'Algeria francese degli anni '40. L'Arabo ucciso da Meursault rimane senza nome nel romanzo - critica postcoloniale principale: il romanzo riprodurrebbe l'invisibilità degli arabi nella letteratura coloniale francese.
"Papà Goriot, Balzac",Concetto,Commedia umana,Progetto di 90 romanzi e novelle interconnessi che descrivono la totalità della società francese. I personaggi tornano da un romanzo all'altro - innovazione allora inedita. Rastignac appare in una ventina di opere del ciclo.
"I Fiori del Male, Baudelaire",Concetto,Simbolismo ed eredità di Baudelaire,"Baudelaire è il padre del simbolismo: cercava non di descrivere il reale ma di suggerire corrispondenze segrete tra sensazioni, emozioni e idee. Verlaine, Rimbaud e Mallarmé, poi tutto il XX secolo poetica, lo rivendicano."
"La fattoria degli animali, George Orwell",Concetto,Allegoria della Rivoluzione russa,"Vecchio Maggiore = Marx/Lenin, Napoleone = Stalin, Palla di Neve = Trockij, Clarinetto = la propaganda. I comandamenti progressivamente modificati illustrano il tradimento degli ideali rivoluzionari da parte della burocrazia al potere."
"Amleto, Shakespeare",Concetto,Vendetta e onore elisabettiano,La vendetta è un tema centrale del teatro elisabettiano. Un uomo d'onore doveva vendicare l'offesa alla sua famiglia - ma questo dovere entrava in conflitto con la Legge e la morale cristiana. Questo paradosso alimenta l'esitazione fondamentale di Amleto.
"Romeo e Giulietta, Shakespeare",Concetto,Amore cortese medievale,Tradizione letteraria che glorifica l'amore segreto e sofferente di un cavaliere per una dama (spesso sposata). Romeo inizia la pièce in questo ruolo stereotipato (innamorato di Rosalinda) prima che il suo amore per Giulietta diventi reale e tragico.
"Romeo e Giulietta, Shakespeare",Concetto,Cinismo,"Qui, atteggiamento che consiste nel farsi beffe dei valori ideali e dei sentimenti per spirito critico o disincanto, come fa Mercuzio."
"Il mondo nuovo, Aldous Huxley",Concetto,Fordismo e taylorismo,Metodi di organizzazione industriale che razionalizzarono la produzione attraverso l'estrema divisione dei compiti e la catena di montaggio. Huxley li applica alla riproduzione e al condizionamento umani - Ford è la divinità del romanzo.
"Frankenstein, Mary Shelley",Evento correlato,Anno senza estate (1816),"L'eruzione del Tambora nel 1815 proiettò ceneri che oscurarono l'atmosfera globale, causando un'estate gelida in Europa nel 1816. Fu in questo contesto apocalittico che Mary Shelley (18 anni) scrisse Frankenstein durante un soggiorno sulle rive del lago Lemano."
"Don Chisciotte, Cervantes",Concetto,Metafinzione e riflessività narrativa,"Don Chisciotte è uno dei primi romanzi a commentare se stesso: nella seconda parte (1615), i personaggi hanno letto la prima parte (1605) e ne discutono. Questo gioco con la realtà del romanzo anticipa il postmodernismo letterario di diversi secoli."
"Don Chisciotte, Cervantes",Evento correlato,Battaglia di Lepanto (1571) e prigionia di Cervantes,"Cervantes combatté a Lepanto e fu ferito (perdendo l'uso della mano sinistra). Catturato dai pirati nel 1575, fu schiavo ad Algeri per cinque anni. Queste esperienze forgiarono lo scrittore e alimentarono l'umorismo e la profondità del romanzo."
"Furore, Steinbeck",Concetto,Provvidenza,"Forza superiore che guida gli eventi umani verso un fine determinato, spesso identificata qui con la volontà divina."
"Furore, Steinbeck",Personaggio,Gree,"Tre sorelle divine nate vecchie, che possiedono un solo occhio e un solo dente in tre, custodi del cammino delle Gorgone."
"Furore, Steinbeck",Personaggio,Nereidi,"Ninfe marine, figlie di Nereo, offese dalla vanità della regina Cassiopea."
"Furore, Steinbeck",Personaggio,Parche,"Divinità padrone del destino umano, rappresentate come filatrici (equivalente romano delle Moire)."
"Fahrenheit 451, Bradbury",Concetto,società dell'intrattenimento e attenzione frammentata,Bradbury anticipava l'auto-censura attraverso l'intrattenimento: persone talmente sature di media rapidi da non avere più voglia di leggere. I «parlatori» (pareti-schermo) del romanzo anticipano la televisione e poi gli smartphone.
"Fahrenheit 451, Bradbury",Concetto,provvidenza,"Forza superiore che guida gli eventi umani verso un fine determinato, spesso identificata qui con la volontà divina."
"La metamorfosi, Kafka",Opera,Metamorfosi (La),Novella fondamentale della letteratura mondiale (1915) che racconta la trasformazione improvvisa di Gregor Samsa in insetto.
"Il Maestro e Margherita, Bulgakov",Personaggio,Gree,"Tre sorelle divine nate vecchie, che possiedono un solo occhio e un solo dente in tre, guardiane della strada delle Gorgone."
"Il Maestro e Margherita, Bulgakov",Personaggio,Nereidi,"Ninfe marine, figlie di Nereo, offese dalla vanità della regina Cassiopea."
"Il Maestro e Margherita, Bulgakov",Concetto,Provvidenza,"Forza superiore che guida gli eventi umani verso un fine determinato, spesso identificata qui con la volontà divina."
"Il Maestro e Margherita, Bulgakov",Personaggio,Parche,"Divinità padrone del destino umano, rappresentate come filatrici (equivalente romano delle Moire)."
"Moby Dick, Melville",Concetto,Provvidenza,"Forza superiore che guida gli eventi umani verso un fine determinato, spesso identificata qui con la volontà divina."
"L'Alchimista, Paulo Coelho",Opera,Alchimista (L'),"Romanzo di Paulo Coelho pubblicato nel 1988, che racconta la ricerca iniziatica di un pastore di nome Santiago."
Il Rinascimento italiano,Concetto,Umanesimo del Rinascimento,"Movimento intellettuale che pone la riflessione sull'essere umano al centro, ispirandosi ai testi greci e romani riscoperti. Gli umanisti (Petrarca, Erasmo) valorizzavano l'educazione liberale, la dignità umana e lo sviluppo delle facoltà individuali."
La nascita dell'impressionismo,Concetto,tubetti di vernice e plein air,L'invenzione dei tubetti di vernice metallici (1841) permise ai pittori di lavorare all'esterno. Questa innovazione fu una condizione materiale della rivoluzione impressionista.
Il cubismo: Picasso e Braque,Concetto,arte africana e oceanica come influenza,La scoperta da parte di Picasso delle maschere africane intorno al 1906-1907 fu una rivelazione: un'arte che non cercava di imitare la realtà ma di darne una rappresentazione simbolica e strutturale. Decisiva per le Demoiselles d'Avignon.
Il surrealismo: Dalí e Magritte,Concetto,Scrittura automatica,"Tecnica surrealista: scrivere o dipingere senza controllo conscio, lasciando che il flusso dell'inconscio si esprima direttamente. Breton la utilizzò come strumento poetico. Dalí sviluppò la propria variante pittorica con il metodo paranoico-critico."
L'espressionismo: Munch e L'urlo,Concetto,"Espressionismo tedesco (Die Brücke, Der Blaue Reiter)","Correnti artistiche tedesche (1905-1920) che spinsero l'espressionismo all'estremo: deformazione radicale delle forme, colori sgargianti, temi angoscianti. Kirchner, Kandinsky, Nolde reagivano alla modernizzazione e annunciavano il trauma del 1914."
L'espressionismo: Munch e L'urlo,Evento correlato,Eruzione del Krakatoa (1883) e il cielo rosso,L'eruzione catastrofica del Krakatoa proiettò ceneri che colorarono i tramonti di rosso sangue in tutto il mondo per mesi. Munch annotò nel suo diario di aver visto un cielo rosso «di sangue e di fuoco» - probabilmente questo fenomeno.
L'arte astratta: Kandinsky e Mondrian,Concetto,Bauhaus,Scuola d'arte e design fondata a Weimar nel 1919 che tentò di conciliare le arti maggiori e le arti applicate. Kandinsky e Klee vi insegnarono. La sua estetica minimalista e funzionale è onnipresente nel design contemporaneo.
La Pop Art: Warhol e Lichtenstein,Concetto,Aura e la riproduzione meccanizzata (Walter Benjamin),"Benjamin (1935) analizzava come la riproduzione tecnica distrugga l'«aura» dell'Opera unica. Warhol radicalizzò questa idea: riproducendo meccanicamente immagini popolari, metteva in discussione la nozione stessa di originale e di autore."
La nascita della musica elettronica,Concetto,House di Chicago e techno di Detroit,"La house (Chicago, 1984) utilizzava drum machine e bassi profondi. La techno (Detroit, 1986-1988) era più fredda e meccanica. Entrambe emersero dalle comunità nere e latine emarginate e divennero fenomeni mondiali."
L'opera di Verdi,Concetto,Opera seria vs opera buffa,"Due generi italiani: l'opera seria (soggetti nobili, tragico) e l'opera buffa (soggetti comici, Personaggi ordinari). Verdi eccelleva nell'opera seria ma rinnovò i generi integrando il dramma psicologico realista e la tensione sociale."
Beethoven: genio e sordità,Concetto,Musica «assoluta» vs musica a programma,"La musica assoluta (Beethoven) esprime emozioni pure senza riferimenti esterni. La musica a programma (Berlioz, Liszt) racconta una Storia. Questa distinzione struttura il grande dibattito estetico del XIX secolo romantico."
Beethoven: genio e sordità,Concetto,Inno alla gioia,"L'ultimo Movimento della Nona Sinfonia, sul poema di Schiller, è diventato nel 1985 l'inno ufficiale dell'Unione Europea. L'universalismo del suo messaggio (fratellanza dell'umanità) ne fa il simbolo dell'ideale europeo di unità."
Bach e la musica barocca,Concetto,Contrappunto e fuga,"Il Contrappunto è l'Arte di combinare diverse melodie indipendenti secondo regole armoniche. La fugue è la sua forma più elaborata: un tema viene esposto da diverse voci a turno, poi sviluppato in combinazioni sempre più complesse."
La nascita del jazz americano,Concetto,Improvvisazione nel jazz,"Contrariamente alla musica classica, il jazz fa dell'improvvisazione il suo cuore: il musicista inventa la sua linea melodica in tempo reale, su una griglia armonica concordata, in risposta agli altri. È al contempo una libertà totale e una disciplina esigente."
Il blues: radici di tutta la musica moderna,Personaggio,Gree,"Tre sorelle divine nate vecchie, che possiedono un solo occhio e un solo dente per tre, guardiane del cammino delle Gorgone."
La nascita della fotografia,Concetto,Impatto della foto sulla pittura figurativa,La fotografia liberò la pittura dalla sua funzione documentaria. I pittori non dovevano più immortalare i volti o le battaglie - la foto lo faceva meglio e a minor costo. Questa liberazione è una delle condizioni dell'impressionismo poi dell'astrazione.
La Nouvelle Vague francese,Concetto,Riprese in ambienti naturali e cinepresa leggera,"La Nouvelle Vague reinventò tecnicamente il cinema: cineprese portatili leggere, pellicole rapide che permettevano di filmare senza illuminazione artificiale. Questi vincoli di budget divennero un'estetica rivoluzionaria - il cinema «uscito in strada»."
Kubrick: 2001: Odissea nello spazio,Concetto,Intelligenza artificiale e HAL 9000,"HAL 9000 è una delle prime rappresentazioni di una IA cosciente e conflittuale con i suoi creatori. Il suo antropomorfismo (voce calma, logica implacabile, autoconservazione) prefigura i dibattiti attuali sulla sicurezza dell'IA."
L'architettura gotica: le cattedrali,Concetto,arco rampante e volta a crociera,"Innovazioni strutturali del gotico. La volta a crociera distribuisce il peso sulle nervature piuttosto che sulle pareti intere. L’arco rampante riporta la spinta verso l'esterno, permettendo di aprire le pareti in finestre senza che l'edificio crolli."
L'architettura gotica: le cattedrali,Personaggio,abate Suger,"Abate di Saint-Denis e consigliere dei re di Francia, considerato come il padre dell'arte gotica per la sua Ricostruzione della basilica di Saint-Denis."
"Notte stellata, Van Gogh",Concetto,Arte come espressione interiore,Concetto centrale in Van Gogh dove l'Opera non cerca di riprodurre la realtà fisica ma le emozioni e le visioni del pittore.
"Impressione, levar del sole, Monet",Personaggio,Louis Leroy,"Critico d'arte dello «Charivari», Louis Leroy scrisse nel 1874 un articolo sarcastico: «Impressione, ne ero sicuro!». Voleva deriderli: il termine «impressionnistes» fu adottato dagli artisti stessi con orgoglio, ribaltando l'insulto."
"Impressione, levar del sole, Monet",Riferimento storico,Porto di Le Havre (industrializzazione),"Le Havre era il primo porto commerciale francese, trasformato dall'industrializzazione. Monet mostra precisamente questa modernità industriale (vapore, gru, barche) nella nebbia mattutina - una visione fugace della modernità in marcia."
"I nighthawks, Hopper",Concetto,Alienazione urbana americana,"I nighthawks è dipinto nel 1942, poche settimane dopo Pearl Harbor. L'isolamento dei personaggi nella notte americana traduce un disagio profondo: l'individualismo della società americana, l'assenza di comunità, il vuoto dietro l'abbondanza materiale."
"La persistenza della memoria, Dalí",Concetto,Filosofia bergsoniana,"Bergson distingueva il tempo fisico (misurabile) e il tempo vissuto (soggettivo, elastico). Gli orologi molli di Dalí illustrano visivamente questo «tempo bergsoniano»: nel sogno, il tempo si dilata, si contrae, perde ogni rigidità."
La libertà di stampa e il fotogiornalismo,Concetto,Etica del fotogiornalismo,Tensione fondamentale: fino a che punto un fotografo deve farsi coinvolgere? Kevin Carter fotografò un avvoltoio che aspettava la morte di un bambino sudanese (1993) e fu accusato di non averlo aiutato. Ricevette il Pulitzer e poi si suicidò tre mesi dopo.
La libertà di stampa e il fotogiornalismo,Concetto,Concentrazione mediatica e indipendenza editoriale,"In molte democrazie, dei miliardari (Murdoch, Bolloré) hanno acquistato dei media, sollevando questioni sulla loro indipendenza. In Francia nel 2024, la grande maggioranza della stampa è detenuta da una dozzina di miliardari."
La libertà di stampa e il fotogiornalismo,Personaggio,Gree,"Tre sorelle divine nate vecchie, che possiedono un solo occhio e un solo dente in tre, guardiane della strada delle Gorgone."
La libertà di stampa e il fotogiornalismo,Concetto,Provvidenza,"Forza superiore che guida gli eventi umani verso un fine determinato, spesso identificata qui con la volontà divina."
La libertà di stampa e il fotogiornalismo,Personaggio,Parche,"Divinità padrone del destino umano, rappresentate come filatrici (equivalente romano delle Moire)."
"La nascita degli dei greci (Crono, Zeus, l'Olimpo)",Concetto,Antropomorfismo divino greco,"Gli dei greci sono interamente umani nelle loro emozioni (gelosia, amore, rabbia) ma immortali e soprannaturali. Senofane criticava già questa visione: «se i cavalli avessero degli dei, li rappresenterebbero come cavalli»."
Prometeo: il ladro di fuoco,Personaggio,Epimeteo,Fratello di Prometeo il cui nome significa «colui che pensa dopo». Accettò senza riflettere il dono di Pandora inviato da Zeus. La sua imprudenza introdusse i mali nel Mondo. La coppia Prometeo-Epimeteo illustra l'opposizione lungimiranza/impulsività.
Pandora e il vaso,Concetto,Elpis (la Speranza),"Nella versione di Esiodo, la Speranza resta nel vaso quando Pandora lo richiude. Ambiguità fondamentale: è l'ultimo dono benevolo degli dei, o un male supplementare (falsa speranza, illusione) che tortura gli uomini facendo loro credere che le cose miglioreranno?"
Orfeo ed Euridice,Concetto,Catabasi,"La discesa agli Inferi. Motivo mitologico ricorrente: l'eroe scende agli Inferi vivo (Eracle, Ulisse, Enea, Orfeo). Questo viaggio simboleggia l'iniziazione alla morte e il confronto con l'inconscio."
Orfeo ed Euridice,Concetto,Orfismo,"Religione mistica greca. Corrente religiosa che si ispira al mito di Orfeo, sostenendo la purificazione dell'anima e la metempsicosi (trasmigrazione delle anime). Influenzò Pitagora e Platone nella loro concezione dell'immortalità dell'anima."
Narciso ed Eco,Concetto,Narcisismo (psicologia),"Termine coniato da Freud (1914): amore eccessivo per se stessi, incapacità di amare l'Altro. Nel mito, Narciso non può amare Eco perché ama solo la propria immagine. Freud distinse il narcisismo primario (sano) dal narcisismo patologico."
Narciso ed Eco,Concetto,Eco (fisica acustica),"Ripercussione di un suono su una superficie e ritorno verso la sua sorgente. La parola «eco» deriva direttamente dalla ninfa del mito, condannata a ripetere solo le ultime parole udite. Questo mito spiegava ai Greci il fenomeno acustico naturale."
Icaro e Dedalo,Concetto,Hybris (e la dismisura),Icaro incarna l'hybris classica: non rispettare i limiti umani e cercare di elevarsi fino agli dei. Questa trasgressione è sempre punita nella mitologia greca - i Greci vedevano nella dismisura la colpa tragica per eccellenza.
Sisifo: punizione eterna,Concetto,Assurdo di Camus e Sisifo,"In Il Mito di Sisifo (1942), Camus sceglie questo mito perché Sisifo conosce la sua sorte e continua comunque. Camus conclude che «bisogna immaginare Sisifo felice» - solo il rifiuto della rassegnazione rende l'assurdo sopportabile."
Sisifo: punizione eterna,Concetto,Hubris di Sisifo,"Sisifo fu punito per aver ingannato la morte due volte e rivelato dei segreti degli dei. Nella mitologia greca, i mortali che sfidavano l'ordine divino o pretendevano l'immortalità ricevevano punizioni eterne ed esemplari."
Tantalo e il suo supplizio,Concetto,"elemento chimico tantalio (Ta, 73)",Chiamato così nel 1802 da Ekeberg perché è insolubile negli acidi - come Tantalo che non può ingerire nulla. Viene utilizzato nei condensatori degli smartphone e nelle protesi mediche biocompatibili.
Medusa e Perseo,Concetto,Pegaso (nascita di),"Quando Perseo decapita Medusa, il cavallo alato Pegaso nasce dal suo sangue. Sarà catturato da Bellerofonte con l'aiuto di Atena e gli permetterà di sconfiggere la Chimera. Pegaso è diventato il simbolo universale dell'ispirazione poetica."
Ercole e le sue 12 fatiche,Concetto,Eroismo greco vs eroismo cristiano,"L'eroismo greco (Ercole, Achille) valorizza la forza, la gloria guerriera e l'impresa - anche se Ercole agisce per penitenza. L'eroismo cristiano valorizza l'umiltà, il sacrificio e la sofferenza accettata. Questa tensione struttura la cultura occidentale."
Ulisse e il Ciclope,Concetto,métis,"Intelligenza pratica, astuzia, capacità di ribaltare una situazione sfavorevole. Ulisse incarna la métis per eccellenza - il suo epiteto omerico è «dalle mille astuzie». Essa si oppone alla bié (forza bruta) incarnata da Aiace."
Ulisse e il Ciclope,Concetto,Ciclopi,"Esseri con un solo occhio, figli di Urano e Gaia: fabbri divini che fabbricarono la folgore di Zeus. In Omero, Polifemo e i suoi simili sono pastori selvaggi che ignorano gli dei e le leggi - un'incarnazione della barbarie."
Ulisse e le Sirene,Concetto,Pre-impegno (precommitment),Strategia decisionale che consiste nel limitare volontariamente le proprie opzioni future per contrastare una tentazione anticipata.
Giasone e il Vello d'Oro,Concetto,Colchide,"Regione a est del Mar Nero, descritta nei miti greci come la fine del Mondo orientale. I pastori vi utilizzavano velli di pecora per filtrare l'oro dei fiumi auriferi del Caucaso - il ""vello d'oro"" era forse reale."
Achille: il tallone e l'invulnerabilità,Concetto,Kléos,Valore supremo della cultura eroica: la gloria immortale acquisita attraverso le imprese belliche e tramandata dai poeti. Achille sceglie deliberatamente una vita breve ma gloriosa piuttosto che una lunga vita senza gloria - scelta fondamentale dell'etica eroica greca.
Edipo e la Sfinge,Concetto,Incesto come trasgressione fondamentale,"L'incesto di Edipo (involontario) rappresenta la trasgressione ultima dell'ordine sociale: la confusione delle generazioni. Per i Greci, provocava una macchia (miasma) che colpiva l'intera comunità, visibile nella pestilenza che colpì Tebe."
Antigone: dovere familiare vs legge dello Stato,Evento correlato,Antigone di Jean Anouilh (1944),"Opera teatrale rappresentata a Parigi sotto l'occupazione nazista. Anouilh lasciò deliberatamente ambigua la sua lettura politica: Creonte poteva rappresentare i tedeschi o Vichy, Antigone la Resistenza. Entrambe le parti trovarono il proprio interesse nell'Opera - genio o opportunismo?"
La guerra di Troia e il cavallo di legno,Concetto,Troia (Hisarlik) e archeologia,"Schliemann localizzò Troia nel 1870 a Hisarlik, Turchia. Gli scavi hanno portato alla luce nove città successive. Troia VIIa (verso il 1184 a.C.) presenta tracce di incendio compatibili con il racconto di Omero - la Guerra di Troia ebbe forse luogo."
La guerra di Troia e il cavallo di legno,Altro,Tholos,"Edificio a pianta circolare, qui usato per indicare la camera sotterranea dove fu rinchiusa Danae."
Thor e Loki (mitologia nordica),Opera,Edda in prosa (Snorri Sturluson),"Trattato di Poetica e di Mitologia islandese del XIII secolo. Sebbene scritto in un contesto cristiano, costituisce la fonte più strutturata sulle credenze nordiche, destinata a preservare l'Arte della poesia antica."
Thor e Loki (mitologia nordica),Opera,Edda poetica,"Manoscritto medievale contenente una raccolta di poemi mitologici ed eroici in antico norreno, considerato una fonte complementare e spesso più antica dell'Edda in prosa."
Ragnarök: la fine del mondo nordico,Concetto,Yggdrasil,"Frassino cosmico nordico che collega i nove mondi. Le sue radici affondano nei regni degli dei, dei Giganti e dei morti. Le Norne (tessitrici del destino) vivono alla sua base. L'albero cosmico è un archetipo mitologico quasi universale."
Ragnarök: la fine del mondo nordico,Concetto,Apocalittismo comparato,"La visione del Ragnarök condivide tratti con altre escatologie: il Giudizio Universale cristiano, il Kali Yuga indù. Queste visioni apocalittiche riflettono una preoccupazione universale per la fine dei tempi e, spesso, la Rinascimento che segue."
Osiride e Set (mitologia egizia),Concetto,Ma'at,"Principio fondamentale del pensiero egiziano: l'ordine cosmico, la verità e la giustizia. Il faraone aveva il compito di mantenere la Ma'at contro il caos. Osiride presiede il giudizio dei morti pesando il loro cuore contro la piuma di Ma'at."
Romolo e Remo: la fondazione di Roma,Concetto,Ab Urbe Condita,"Data tradizionale della fondazione di Roma (753 a.C.), calcolata da Varrone nel I secolo a.C. I Romani contavano gli anni «dalla fondazione della città» (AUC). Questa Data Leggendaria corrispondeva alla monarchia dei sette re di Roma."
Vishnu e Shiva (mitologia indù),Concetto,Samsara e karma,Samsara: ciclo delle reincarnazioni dell'anima. Karma: Legge di causalità morale - ogni azione ha conseguenze sulle vite future. Vishnu scende sulla Terra sotto forma di avatar proprio per ristabilire il Karma cosmico perturbato.
Le Valchirie e il Valhalla,Concetto,Escatologia guerriera nordica,I guerrieri nordici cercavano di morire con le armi in pugno per essere scelti dalle Valchirie. Morire di malattia («morte di paglia») non apriva le porte del Valhalla - questa visione di un paradiso guerriero strutturava la cultura vichinga.
I Titani contro gli Dei (Titanomachia),Concetto,Ordine e caos nella mitologia greca,"La Titanomachia rappresenta la vittoria dell'ordine olimpico (Zeus, la ragione, la Legge) sul caos primordiale dei Titani. Questa struttura narrativa - combattimento cosmico tra ordine e caos - si ritrova in tutte le grandi mitologie del Mondo."
I Titani contro gli Dei (Titanomachia),Concetto,Gigantomachia (seguito della Titanomachia),"Dopo la Titanomachia, gli Olimpici dovettero affrontare i Giganti (nati dal sangue di Urano), quasi invincibili. Questa seconda guerra degli dei prefigura le tensioni permanenti tra l'ordine olimpico e le forze primordiali del caos."
Dioniso: il dio del vino e dell'eccesso,Concetto,Apollineo e Dionisiaco (Nietzsche),Opposizione filosofica tra l'ordine/ragione (Apollo) e il caos/ebbrezza (Dioniso) come motori della creazione artistica.
Enea e la fondazione di Roma (Virgilio),Evento,Troia (Guerra di),"Conflitto Leggendaria che oppose gli Stati greci ai Troiani, servendo da punto di partenza cronologico per l'Eneide."
Gli dei aztechi e i sacrifici umani,Concetto,Cosmologia dei Cinque Soli e debito cosmico,Gli dei avevano sacrificato il loro sangue per creare il quinto sole. Gli umani erano in un debito perpetuo e dovevano ripagare con il sangue. Questa logica di scambio cosmico rendeva i sacrifici moralmente necessari nella visione azteca del Mondo.
Il Mahabharata,Concetto,Bhagavad-Gita (Concetto),"I 18 capitoli di dialogo tra Krishna e Arjuna costituiscono un testo filosofico maggiore, indipendente dal resto dell'epopea. Krishna insegna l'azione disinteressata (Karma yoga), la devozione (bhakti) e la conoscenza (jnana) come vie di liberazione."
Il Mahabharata,Concetto,Oralità e trasmissione delle epopee indiane (Concetto),"Come Omero, Il Mahabharata fu inizialmente un'epopea orale memorizzata e recitata dai griot. La sua trascrizione si estese su diversi secoli. Questi testi sono ancora recitati e cantati in tutta l'India, vivi come non mai."
"Lancillotto, Ginevra e la Tavola Rotonda",Concetto,Amore cortese medievale (fin'amor),"Codice sociale che glorifica l'amore segreto e inaccessibile di un cavaliere per una dama (spesso sposata). Lancillotto e Ginevra ne sono l'esempio perfetto. Questa passione adultera, distruttrice ma sublime, è al cuore della letteratura medievale."
"Lancillotto, Ginevra e la Tavola Rotonda",Concetto,Ricerca del Graal e cristianesimo medievale,"Il Graal fu cristianizzato: calice dell'Ultima Cena o coppa che raccolse il sangue di Cristo. La ricerca diventa una ricerca spirituale di purezza. Solo Galaad - puro e senza peccato - può raggiungerlo. Lancillotto, macchiato dal suo amore per Ginevra, fallisce."
"Lancillotto, Ginevra e la Tavola Rotonda",Evento,Prova della spada,"Episodio fondante in cui Artù dimostra il suo sangue reale estraendo la spada Excalibur (o una spada anonima secondo le fonti) da una roccia o da un'incudine, provando la sua Legittimità divina."
Merlino l'Incantatore,Concetto,"Arcimago nella letteratura, figura dell'","Merlino è il prototipo dell'arcimago: Gandalf (Tolkien), Silente (Rowling) ne sono discendenti diretti. Il vecchio saggio dai poteri misteriosi che guida l'eroe è un archetipo narrativo quasi universale."
Le mille e una notte (Sherazade),Concetto,Orientalismo europeo,"Fascino e idealizzazione dell'Oriente da parte degli europei, spesso stereotipata. Le mille e una notte, in particolare nella traduzione di Antoine Galland (1704), alimentarono questo orientalismo: harem, Califfi, geni divennero l'immagine standard del Mondo arabo in Europa."
Sindbad il marinaio,Personaggio,Marco Polo (parallelo occidentale),Marco Polo (1254-1324) fece il viaggio inverso di Sindbad: da Venezia verso la Cina di Kublai Khan. I suoi racconti sembravano favolosi quanto quelli di Sindbad. Il Milione influenzò direttamente Colombo nei suoi piani di viaggio verso l'Asia.
I Titani contro gli Dei: la Titanomachia completa,Concetto,Ordine e caos nella mitologia greca,"La Titanomachia rappresenta la vittoria dell'ordine olimpio (Zeus, la ragione, la Legge) sul caos primordiale dei Titani. Questa struttura narrativa - combattimento cosmico tra ordine e caos - si ritrova in tutte le grandi mitologie mondiali."
La rivalità Cina-Stati Uniti,Concetto,Guerra commerciale e dazi doganali,"A partire dal 2018, gli Stati Uniti (Trump) imposero tariffe doganali massicce sui prodotti cinesi, a cui la Cina rispose in egual misura. Questa guerra commerciale riflette una rivalità tecnologica e geopolitica più profonda dei soli scambi commerciali."
Le tensioni intorno a Taiwan,Concetto,Ambiguità strategica americana,"Politica americana che riconosce «una sola Cina» senza riconoscere la sovranità di Pechino su Taiwan, e vende armi senza promettere esplicitamente una difesa militare. Questa ambiguità deliberata ha lo scopo di dissuadere l'invasione evitando al contempo di provocare Pechino."
Il concetto di mondo «multipolare»,Concetto,«Momento unipolare» (Krauthammer),"Krauthammer descrisse (1990) il dopo-Guerra fredda come un «momento unipolare» con gli Stati Uniti come unica superpotenza. Prevedeva che sarebbe durato dai 30 ai 40 anni - previsione corretta, essendosi il momento unipolare concluso intorno al 2008-2010."
Il concetto di mondo «multipolare»,Concetto,Vie della seta (nuove),"Vasto progetto di infrastrutture e investimenti lanciato dalla Cina nel 2013 per collegare l'Asia, l'Europa e l'Africa, rafforzando il suo peso geopolitico mondiale."
Il petrolio come fonte di conflitti,Concetto,Maledizione delle risorse (La),"Paradosso economico: i paesi ricchi di risorse naturali (petrolio, diamanti) conoscono spesso una crescita più debole e conflitti più frequenti. La «rendita» petrolifera crea Stati predatori e scoraggia la diversificazione economica."
Il Canale di Suez: perché è strategico,Evento correlato,Ever Given (marzo 2021),"Portacontainer di 400 m che si incagliò di traverso nel canale per 6 giorni, bloccando 400 navi. Costò 400 milioni di dollari l'ora all'economia mondiale, illustrando perfettamente l'importanza strategica del canale nelle catene globali."
La NATO: a cosa serve ancora?,Concetto,Articolo 5 del trattato del Nord Atlantico,"Clausola di difesa collettiva: un attacco contro un membro è un attacco contro tutti. Invocato una sola volta nella storia della NATO - il 12 settembre 2001, dopo l'11 settembre. La sua portata esatta resta deliberatamente ambigua."
La NATO: a cosa serve ancora?,Concetto,Allargamento della NATO verso l'Est,"Dal 1991, la NATO ha accolto 14 nuovi membri, tra cui alcune ex repubbliche sovietiche. La Russia considera questo allargamento come una minaccia esistenziale - argomento utilizzato per giustificare l'invasione dell'Ucraina nel 2022."
La Russia di Putin,Concetto,KGB e FSB,"Il KGB sovietico fu sciolto nel 1991 e sostituito dal FSB (interno) e dal SVR (estero). Putin, ex ufficiale del KGB a Dresda, ha ampiamente promosso ex membri del KGB (i «siloviki») a posizioni chiave del potere russo."
La guerra in Ucraina spiegata,Concetto,Donbass e repubbliche separatiste,Regione industriale dell'est dell'Ucraina dove i separatisti filo-russi proclamarono delle «repubbliche» con il sostegno militare russo nel 2014. Questo conflitto a «bassa intensità» (14.000 morti) ha preceduto l'invasione totale del 24 febbraio 2022.
Come funziona il prezzo del petrolio?,Concetto,Ippocampo,"Struttura cerebrale a forma di cavalluccio marino nel lobo temporale, essenziale per la formazione di nuovi ricordi consci. La sua rimozione chirurgica (caso H.M.) comporta l'incapacità totale di formare nuovi ricordi, senza cancellare quelli vecchi."
Come funziona il prezzo del petrolio?,Concetto,Memoria di lavoro,"Sistema cognitivo che mantiene temporaneamente un piccolo numero di informazioni (7±2 elementi) disponibili per l'elaborazione in corso. Gestito dalla Corteccia prefrontale, è limitato in capacità e durata (pochi secondi senza ripetizione)."
Come funziona il prezzo del petrolio?,Concetto,Potenziale d'azione neuronale,Segnale elettrico tutto-o-niente innescato quando la depolarizzazione di un neurone supera una soglia. Si propaga lungo l'assone da 1 a 100 m/s a seconda della mielinizzazione. È il «clic» di informazione che il neurone invia.
Come funziona il prezzo del petrolio?,Concetto,Neurotrasmettitori,"Molecole chimiche rilasciate nella sinapsi che trasmettono il segnale tra i neuroni. I principali: glutammato (eccitatorio), GABA (inibitorio), dopamina, serotonina. I farmaci psicoattivi agiscono su questi sistemi."
L'evasione fiscale delle multinazionali,Concetto,"imposta minima globale del 15% (OCSE, 2021)","Accordo firmato da 136 paesi per imporre un'aliquota minima del 15% sui profitti delle multinazionali, indipendentemente dal loro paese di dichiarazione. Primo grande accordo fiscale internazionale della Storia, mira a porre fine alla «corsa al ribasso» fiscale."
Il debito globale,Concetto,Teoria keynesiana,"Per Keynes (1936), lo Stato deve indebitarsi per spendere durante le recessioni. Il debito pubblico è uno strumento di gestione economica, non un problema morale. Questa teoria giustifica i piani di rilancio come il New Deal o gli stimoli post-COVID."
"L'economia di piattaforma (Uber, Airbnb...)",Concetto,Effetto di rete,"Una piattaforma diventa più preziosa man mano che il numero di utenti aumenta. Facebook, Uber, Amazon: più utenti ci sono, migliore è il servizio, il che attira ancora più utenti - creando monopoli naturali quasi insormontabili."
"L'economia di piattaforma (Uber, Airbnb...)",Concetto,Gig economy e uberizzazione,"Economia del «lavoro a cottimo» in cui gli individui offrono i propri servizi tramite piattaforme senza un contratto permanente. Essa indebolisce le protezioni sociali tradizionali (pensione, disoccupazione) pur offrendo flessibilità ai lavoratori."
"L'economia di piattaforma (Uber, Airbnb...)",Altro,Tholos,"Edificio a pianta circolare, qui utilizzato per designare la camera sotterranea dove Danae fu rinchiusa."
"L'economia di piattaforma (Uber, Airbnb...)",Altro,Bisaccia,Sacco magico (kibisis) capace di contenere la testa di Medusa senza che il suo sangue o il suo potere influenzino il portatore.
La disinformazione e le fake news,Concetto,Internet Research Agency (IRA) russa,"Fabbrica di troll di San Pietroburgo finanziata da Prigojine, che impiega centinaia di persone per creare falsi account e manipolare l'opinione pubblica americana ed europea. Messa in luce durante l'inchiesta Mueller sulle elezioni del 2016."
L'economia circolare,Concetto,Obsolescenza programmata,"Strategia industriale che consiste nel progettare prodotti destinati a essere sostituiti rapidamente. Apple, Samsung e molti produttori di elettronica sono accusati di questa pratica - componenti non sostituibili, batterie non rimovibili, aggiornamenti che costringono l'acquisto di nuovi dispositivi."
Perché le api sono vitali?,Altro,Tholos,"Edificio a pianta circolare, qui utilizzato per indicare la camera sotterranea dove Danae fu rinchiusa."
Perché le api sono vitali?,Altro,Bisaccia,Sacco magico (kibisis) capace di contenere la testa di Medusa senza che il suo sangue o il suo potere colpiscano chi lo trasporta.
L'innalzamento del livello del mare,Concetto,Banchisa artica ed effetto albedo,"Contrariamente alla banchisa (la cui fusione non fa innalzare il livello del mare), la fusione dei ghiacci della Groenlandia e dell'Antartide fa innalzare direttamente gli oceani. Inoltre, l'acqua scura che sostituisce il ghiaccio bianco assorbe più calore, accelerando il riscaldamento."
L'innalzamento del livello del mare,Concetto,Sovralzi e inondazioni centenarie,"Le tempeste combinate all'innalzamento delle acque creano dei ""sovralzi"" temporanei molto superiori al livello medio. Un innalzamento delle acque di 50 cm può moltiplicare per 10 la frequenza di inondazioni che venivano definite ""centenarie"" - eventi rari diventano comuni."
L'IA e l'occupazione,Concetto,Intelligenza artificiale (IA) generativa,"Tipo di intelligenza artificiale capace di creare nuovi contenuti (testo, immagini, codice, suono) a partire da esempi appresi, piuttosto che limitarsi ad analizzare dati esistenti."
La salute mentale come sfida sociale,Concetto,Burn-out,"Sindrome da esaurimento cronico causata dal sovraccarico di lavoro, riconosciuta dall'OMS dal 2019 come fenomeno professionale. Si caratterizza per l'esaurimento emotivo, la depersonalizzazione e la riduzione del senso di realizzazione."
La salute mentale come sfida sociale,Concetto,Ipotesi smartphone e salute mentale (Haidt),Lo psicologo Jonathan Haidt sostiene che l'adozione massiccia degli smartphone da parte degli adolescenti a partire dal 2012 sia la causa principale dell'epidemia di depressione e ansia tra i giovani. Il dibattito scientifico resta acceso.
L'UE: come funziona davvero?,Concetto,Unanimità al Consiglio dell'UE,"In molti ambiti (fiscalità, politica estera), le decisioni richiedono l'unanimità dei 27 Stati membri. Un solo Stato può bloccare tutto - il che rende l'UE difficile da governare nelle crisi e spiega la lentezza decisionale spesso criticata."
La libertà di stampa nel mondo,Concetto,Etica del fotogiornalismo,Tensione fondamentale: fino a che punto un fotografo deve farsi coinvolgere? Kevin Carter fotografò un avvoltoio che aspettava la morte di un bambino sudanese (1993) e fu accusato di non averlo aiutato. Ricevette il Pulitzer e poi si suicidò tre mesi dopo.
La libertà di stampa nel mondo,Concetto,Concentrazione mediatica e indipendenza editoriale,"In molte democrazie, dei miliardari (Murdoch, Bolloré) hanno acquisito dei media, sollevando questioni sulla loro indipendenza. In Francia nel 2024, la grande maggioranza della stampa è detenuta da una dozzina di miliardari."
La blockchain e le criptovalute,Personaggio,Gree,"Tre sorelle divine nate vecchie, che possiedono un solo occhio e un solo dente per tutte e tre, guardiane del cammino delle Gorgone."
Il soft power americano,Concetto,Egemonia culturale,Concetto del teorico Antonio Gramsci: una classe dominante mantiene il proprio potere facendo accettare i propri valori come naturali e universali. Joseph Nye adattò questa idea alle relazioni internazionali con il concetto di soft power.
Il soft power americano,Concetto,«Effetto Bruxelles»,"Le norme regolatorie europee (GDPR, norme alimentari, ambientali) vengono adottate a livello mondiale dalle multinazionali che desiderano accedere al mercato di 450 milioni di consumatori. L'UE esercita così un soft power normativo considerevole."
I GAFAM: potere e derive,Concetto,Effetti di rete e monopoli naturali,Le piattaforme digitali tendono verso monopoli naturali: ogni nuovo utente rafforza il valore per tutti gli altri. Competere con Facebook o Amazon diventa quasi impossibile poiché il loro vantaggio di rete è insuperabile per un concorrente esordiente.
La transizione energetica,Concetto,Accordo di Parigi (2015) e obiettivi climatici,"Trattato firmato da 196 paesi per limitare il riscaldamento a 1,5°C al di sopra dei livelli preindustriali. Ogni paese fissa i propri obiettivi (NDC) - le ambizioni attuali portano a circa 2,5°C di riscaldamento secondo le proiezioni attuali."
La transizione energetica,Concetto,Idrogeno verde,"Idrogeno prodotto tramite l'elettrolisi dell'acqua alimentata da energie rinnovabili. Permette di immagazzinare l'energia e di decarbonizzare settori difficili da elettrificare (acciaio, cemento, aviazione). Attualmente costoso, è considerato una soluzione chiave per la neutralità carbonica 2050."