courseId,aliasTerm,canonicalDisplayTerm,classification,explanation,source
course_1_la_naissance_de_l_islam_622,Byzantijnse en Sassanidische rijk,Het Byzantijnse en Sassanidische rijk,referenceHistorique,"De twee machten die het Arabische schiereiland in de 7e eeuw omsingelden. Byzantium (Oost-Romeinse Rijk) en de Sassaniden (Zoroastrische Perzische Rijk) waren zichzelf aan het uitputten in een eindeloze oorlog, waardoor de weg werd vrijgemaakt voor Arabische veroveringen.",short_form
course_1_la_naissance_de_l_islam_622,Ummah,De Ummah,concept,"Gemeenschap van moslimgelovigen, die de stamgrenzen overstijgt. Alle moslims vormen één lichaam, ongeacht hun afkomst.",short_form
course_2_l_appel_d_urbain_ii_et_la_1re_croisade_1,schisma van 1054,Het schisma van 1054,evenementConnexe,"Definitieve breuk tussen de rooms-katholieke kerk en de orthodoxe kerk, over het pauselijke gezag en de Filioque-kwestie. Dit schisma maakte de betrekkingen tussen Byzantium en Rome complex op het moment dat Alexios I om militaire hulp vroeg.",short_form
course_3_la_prise_de_rome_par_les_wisigoths_410,stad van God,De stad van God,referenceHistorique,"Theologische en filosofische verhandeling van Sint-Augustinus, geschreven na de plundering van Rome om het christendom te rechtvaardigen tegen heidense kritiek.",short_form
course_4_le_couronnement_de_charlemagne_800,missi dominici,De missi dominici,concept,"Karolingische ""gezanten van de meester"": koninklijke inspecteurs die in paren werden gestuurd (een bisschop, een leek) om het lokale bestuur te controleren en recht te spreken in naam van de keizer. Sleutelinstrument van de Karolingische regering over een enorm gebied.",short_form
course_5_la_magna_carta_1215,feodale systeem,Het feodale systeem,concept,Middeleeuwse organisatie gebaseerd op persoonlijke banden: de suzerein schenkt land (leengoed) in ruil voor militaire dienst en loyaliteit. Binnen dit contractuele kader werd de Magna Carta (1215) opgesteld: de baronnen herinnerden de koning aan zijn verplichtingen.,short_form
course_5_la_magna_carta_1215,verlies van Normandië,Het verlies van Normandië,evenementConnexe,"Belangrijke gebeurtenis waarbij John Lackland zijn bezittingen verloor aan Filips II Augustus, wat de begrotingscrisis veroorzaakte aan de oorsprong van de Magna Carta (1215).",short_form
course_6_la_peste_noire_en_europe_1347_1353,Joodse pogroms,De Joodse pogroms,evenementConnexe,"Beschuldigd van het vergiftigen van bronnen, werden tijdens de pest tienduizenden Joden afgeslacht in Duitsland en Frankrijk. Paus Clemens VI verdedigde hen, maar er werd weinig gehoord in de verwoeste steden die op zoek waren naar zondebokken.",short_form
course_7_jeanne_d_arc_et_la_guerre_de_cent_ans_14,kroning in Reims,De kroning in Reims,concept,"Ceremonie waarbij de koning van Frankrijk werd gezalfd met heilige olie, waardoor hij een quasi-heilig karakter kreeg. Alleen een in Reims gekroonde koning was volledig legitiem in de ogen van de Kerk en het volk - vandaar de urgentie voor Jeanne om Karel VII daarheen te leiden.",short_form
course_7_jeanne_d_arc_et_la_guerre_de_cent_ans_14,Verdrag van Troyes,Het Verdrag van Troyes,evenementConnexe,"Overeenkomst waarbij Karel VI van Frankrijk zijn zoon, de Dauphin Charles, onterft ten gunste van de koning van Engeland, Hendrik V, waardoor een Frans-Engelse dynastieke unie ontstaat.",short_form
course_8_la_chute_de_constantinople_1453,plundering van Constantinopel tijdens de 4e kruistocht (1204),De plundering van Constantinopel tijdens de 4e kruistocht (1204),evenementConnexe,"De kruisvaarders, omgeleid door Venetië, plunderden in 1204 Christelijk Constantinopel gedurende drie dagen. Dit trauma verzwakte Byzantium permanent en verklaart het Byzantijnse wantrouwen jegens het Westen tijdens het beleg van 1453.",short_form
course_8_la_chute_de_constantinople_1453,plundering van Constantinopel tijdens de 4e kruistocht,De plundering van Constantinopel tijdens de 4e kruistocht,evenementConnexe,"De kruisvaarders, omgeleid door Venetië, plunderden in 1204 Christelijk Constantinopel gedurende drie dagen. Dit trauma verzwakte Byzantium permanent en verklaart het Byzantijnse wantrouwen jegens het Westen tijdens het beleg van 1453.",short_form
course_8_la_chute_de_constantinople_1453,plundering van Constantinopel door de 4e kruistocht,plundering van Constantinopel door de 4e kruistocht (1204),evenementConnexe,"De kruisvaarders, omgeleid door Venetië, plunderden in 1204 Christelijk Constantinopel gedurende drie dagen. Dit trauma verzwakte Byzantium permanent en verklaart het Byzantijnse wantrouwen jegens het Westen tijdens het beleg van 1453.",short_form
course_9_l_empire_azteque,kosmogonie van de vijf zonnen,De kosmogonie van de vijf zonnen,concept,Azteekse mythe: het universum is al vier keer geschapen en vernietigd. De huidige vijfde zon wordt alleen in leven gehouden door mensenoffers. Deze kosmologie maakte offers kosmisch noodzakelijk - zonder hen zou de zon stilstaan.,short_form
course_10_la_decouverte_de_l_amerique_1492,Spaanse Reconquista,De Spaanse Reconquista,evenementConnexe,"De triomf van de verovering van Granada maakte middelen vrij en creëerde een momentum van nationale ambitie, wat de steun van Isabella van Castilië aan Columbus verklaart.",short_form
course_10_la_decouverte_de_l_amerique_1492,Verdrag van Tordesillas,Het Verdrag van Tordesillas,evenementConnexe,"Overeenkomst, bemiddeld door de paus, die de wereld in twee invloedssferen verdeelt: Spanje (west) en Portugal (oost).",short_form
course_11_la_prise_de_la_bastille_1789,Ancien Régime en de drie standen,Het Ancien Régime en de drie standen,concept,"De Franse samenleving was verdeeld in drie standen: geestelijken (1e), adel (2e) en derde stand (97% van de bevolking, 3e). Bij de Staten-Generaal had elke stand slechts één stem op drie, ondanks de overweldigende demografische representativiteit van de Derde Stand.",short_form
course_11_la_prise_de_la_bastille_1789,letter de cachet,De letter de cachet,concept,"Koninklijk bevel tot gevangenneming zonder proces of uitleg, ondertekend door de koning. De Bastille symboliseerde deze koninklijke willekeur, ook al telde er in juli 1789 slechts zeven gevangenen - de waarde ervan was puur symbolisch.",short_form
course_11_la_prise_de_la_bastille_1789,grote angst,De grote angst,evenementConnexe,"Een golf van paniek en boerenopstand die zich tussen juli en augustus 1789 over het Franse platteland verspreidde, wat leidde tot de vernietiging van landhuizen.",short_form
course_12_la_strategie_de_napoleon_a_ulm_1805,slag bij Trafalgar (21 oktober 1805),De slag bij Trafalgar (21 oktober 1805),evenementConnexe,"Nelsons beslissende zeeoverwinning op de Frans-Spaanse vloot, dezelfde week als Ulm. Het maakte een einde aan de plannen om Engeland binnen te vallen en verklaart waarom Napoleon de Britse maritieme macht nooit zou kunnen verslaan.",short_form
course_12_la_strategie_de_napoleon_a_ulm_1805,Continentale Systeem,Het Continentale Systeem,concept,"De Napoleontische economische politiek (1806) die alle Europese handel met Engeland verbood, om deze economisch te ruïneren. De onvolmaakte toepassing ervan dwong Napoleon het Iberisch schiereiland en vervolgens Rusland binnen te vallen.",short_form
course_12_la_strategie_de_napoleon_a_ulm_1805,slag bij Trafalgar,De slag bij Trafalgar,evenementConnexe,"Nelsons beslissende zeeoverwinning op de Frans-Spaanse vloot, dezelfde week als Ulm. Het maakte een einde aan de plannen om Engeland binnen te vallen en verklaart waarom Napoleon de Britse maritieme macht nooit zou kunnen verslaan.",short_form
course_14_la_commune_de_paris_1871,De Internationale Arbeidersvereniging,De Internationale Arbeidersvereniging (Eerste Internationale),lieuInstitution,"Organisatie die in 1864 in Londen werd opgericht en vakbonden en arbeiderspartijen uit verschillende landen samenbracht. Hoewel de Commune niet haar directe werk was, vierde Marx haar als de eerste ervaring van arbeidersmacht.",short_form
course_14_la_commune_de_paris_1871,Internationale Arbeidersassociatie,De Internationale Arbeidersassociatie,lieuInstitution,"Organisatie die in 1864 in Londen werd opgericht en vakbonden en arbeiderspartijen uit verschillende landen samenbracht. Hoewel de Commune niet haar directe werk was, vierde Marx haar als de eerste ervaring van arbeidersmacht.",short_form
course_15_la_belle_epoque_1871_1914,positivisme van Auguste Comte,Het positivisme van Auguste Comte,concept,Filosofie volgens welke de wetenschap alle menselijke problemen zal oplossen. Het is de dominante doctrine van de Belle Époque en verklaart het optimisme van deze periode en de brute vernietiging ervan door de oorlog van 1914.,short_form
course_16_la_bataille_de_verdun_1916,slag aan de Somme (1916),De slag aan de Somme (1916),evenementConnexe,Het Frans-Britse offensief lanceerde op 1 juli 1916 om Verdun te ontzetten. Het veroorzaakte alleen al op de eerste dag 60.000 Britse slachtoffers – de dodelijkste dag in de Britse militaire geschiedenis.,short_form
course_16_la_bataille_de_verdun_1916,slag aan de Somme,De slag aan de Somme,evenementConnexe,Het Frans-Britse offensief lanceerde op 1 juli 1916 om Verdun te ontzetten. Het veroorzaakte alleen al op de eerste dag 60.000 Britse slachtoffers – de dodelijkste dag in de Britse militaire geschiedenis.,short_form
course_16_la_bataille_de_verdun_1916,Slag aan de Somme,Slag aan de Somme (1916),evenementConnexe,Het Frans-Britse offensief lanceerde op 1 juli 1916 om Verdun te ontzetten. Het veroorzaakte alleen al op de eerste dag 60.000 Britse slachtoffers – de dodelijkste dag in de Britse militaire geschiedenis.,short_form
course_17_la_revolution_russe_1917,Sovjet van Petrograd,De Sovjet van Petrograd,concept,"Een raad van arbeiders- en soldatenafgevaardigden, gekozen in fabrieken en kazernes. In 1917 controleerde het effectief de straten en het leger, waardoor een onstabiele ‘dubbele macht’ ontstond tegenover de wettelijke voorlopige regering.",short_form
course_21_rosa_parks_et_montgomery_1955,Brown tegen Board of Education,Brown tegen Board of Education (1954),evenementConnexe,Uitspraak van het Amerikaanse Hooggerechtshof waarin segregatie op openbare scholen ongrondwettelijk wordt verklaard. Deze beslissing gaf de Civil Rights Movement een juridisch momentum en verklaart waarom Montgomery vervolgens ook voor de rechtbank werd aangevochten.,short_form
course_22_la_crise_des_missiles_de_cuba_1962,MAD,Wederzijds verzekerde vernietiging (MAD),concept,"Nucleaire doctrine die stelt dat noch de Verenigde Staten, noch de USSR een nucleaire oorlog zouden kunnen overleven. Deze logica van evenwichtige terreur weerhield iedereen ervan om aan te vallen en structureerde de hele dynamiek van de Cubaanse crisis.",short_form
course_22_la_crise_des_missiles_de_cuba_1962,april 1961,De invasie van de Varkensbaai (april 1961),evenementConnexe,"Mislukte invasiepoging van Cuba door Cubaanse ballingen getraind door de CIA. De vernederende mislukking verzwakte Kennedy, moedigde Chroesjtsjov aan risico's te nemen en versterkte Castro, waardoor de voorwaarden voor de crisis van 1962 werden geschapen.",short_form
course_22_la_crise_des_missiles_de_cuba_1962,invasie van de Varkensbaai (april 1961),De invasie van de Varkensbaai (april 1961),evenementConnexe,"Mislukte invasiepoging van Cuba door Cubaanse ballingen getraind door de CIA. De vernederende mislukking verzwakte Kennedy, moedigde Chroesjtsjov aan risico's te nemen en versterkte Castro, waardoor de voorwaarden voor de crisis van 1962 werden geschapen.",short_form
course_22_la_crise_des_missiles_de_cuba_1962,invasie van de Varkensbaai,De invasie van de Varkensbaai,evenementConnexe,"Mislukte invasiepoging van Cuba door Cubaanse ballingen getraind door de CIA. De vernederende mislukking verzwakte Kennedy, moedigde Chroesjtsjov aan risico's te nemen en versterkte Castro, waardoor de voorwaarden voor de crisis van 1962 werden geschapen.",short_form
course_22_la_crise_des_missiles_de_cuba_1962,Invasie van de Varkensbaai,Invasie van de Varkensbaai (april 1961),evenementConnexe,"Mislukte invasiepoging van Cuba door Cubaanse ballingen getraind door de CIA. De vernederende mislukking verzwakte Kennedy, moedigde Chroesjtsjov aan risico's te nemen en versterkte Castro, waardoor de voorwaarden voor de crisis van 1962 werden geschapen.",short_form
course_23_la_guerre_d_algerie_1954_1962,april 1961,De putsch van de generaals (april 1961),evenementConnexe,"Poging tot staatsgreep door vier generaals die tegen de onafhankelijkheid waren. De Gaulle verpletterde het in vier dagen dankzij een radiotoespraak. Het werd gevolgd door de oprichting van de OAS, een pro-Franse terroristische organisatie in Algerije.",short_form
course_23_la_guerre_d_algerie_1954_1962,De putsch van de generaals,De putsch van de generaals (april 1961),evenementConnexe,"Poging tot staatsgreep door vier generaals die tegen de onafhankelijkheid waren. De Gaulle verpletterde het in vier dagen dankzij een radiotoespraak. Het werd gevolgd door de oprichting van de OAS, een pro-Franse terroristische organisatie in Algerije.",short_form
course_23_la_guerre_d_algerie_1954_1962,putsch van de generaals (april 1961),De putsch van de generaals (april 1961),evenementConnexe,"Poging tot staatsgreep door vier generaals die tegen de onafhankelijkheid waren. De Gaulle verpletterde het in vier dagen dankzij een radiotoespraak. Het werd gevolgd door de oprichting van de OAS, een pro-Franse terroristische organisatie in Algerije.",short_form
course_23_la_guerre_d_algerie_1954_1962,staatsgreep van de generaals,De staatsgreep van de generaals,evenementConnexe,"Poging tot staatsgreep door vier generaals die tegen de onafhankelijkheid waren. De Gaulle verpletterde het in vier dagen dankzij een radiotoespraak. Het werd gevolgd door de oprichting van de OAS, een pro-Franse terroristische organisatie in Algerije.",short_form
course_23_la_guerre_d_algerie_1954_1962,generaalsputsch,generaalsputsch (april 1961),evenementConnexe,"Poging tot staatsgreep door vier generaals die tegen de onafhankelijkheid waren. De Gaulle verpletterde het in vier dagen dankzij een radiotoespraak. Het werd gevolgd door de oprichting van de OAS, een pro-Franse terroristische organisatie in Algerije.",short_form
course_24_la_bataille_de_dien_bien_phu_1954,juli 1954,De akkoorden van Genève (juli 1954),evenementConnexe,"Akkoorden die een einde maken aan de oorlog in Indochina: Vietnam werd verdeeld op de 17e breedtegraad. De voor 1956 geplande herenigingsverkiezingen werden nooit gehouden, waardoor de kiem werd gelegd voor de Amerikaanse oorlog die zou volgen.",short_form
course_24_la_bataille_de_dien_bien_phu_1954,De akkoorden van Genève,De akkoorden van Genève (juli 1954),evenementConnexe,"Akkoorden die een einde maken aan de oorlog in Indochina: Vietnam werd verdeeld op de 17e breedtegraad. De voor 1956 geplande herenigingsverkiezingen werden nooit gehouden, waardoor de kiem werd gelegd voor de Amerikaanse oorlog die zou volgen.",short_form
course_24_la_bataille_de_dien_bien_phu_1954,akkoorden van Genève (juli 1954),De akkoorden van Genève (juli 1954),evenementConnexe,"Akkoorden die een einde maken aan de oorlog in Indochina: Vietnam werd verdeeld op de 17e breedtegraad. De voor 1956 geplande herenigingsverkiezingen werden nooit gehouden, waardoor de kiem werd gelegd voor de Amerikaanse oorlog die zou volgen.",short_form
course_25_le_genocide_armenien_1915_1916,wettelijke definitie van genocide,De wettelijke definitie van genocide,concept,"De term ‘genocide’ werd in 1944 bedacht door rechtsgeleerde Raphael Lemkin, specifiek met Armeniërs in gedachten. Het VN-verdrag (1948) definieert het als de bedoeling om “geheel of gedeeltelijk” een nationale, etnische, raciale of religieuze groep te vernietigen.",short_form
course_26_la_creation_de_l_onu_1945,februari 1945,De Conferentie van Jalta (februari 1945),evenementConnexe,"Ontmoeting tussen Roosevelt, Churchill en Stalin, waarbij de fundamenten werden gelegd voor de naoorlogse wereldorde: verdeling van Europa in invloedszones, voorwaarden voor toetreding van de Sovjet-Unie tegen Japan, structuur van de VN die moest worden gecreëerd.",short_form
course_26_la_creation_de_l_onu_1945,Internationale Gerechtshof (ICJ),Het Internationale Gerechtshof (ICJ),lieuInstitution,"Het in Den Haag gevestigde rechterlijke orgaan van de VN, dat geschillen tussen staten beslecht. In tegenstelling tot het ICC (dat individuen beoordeelt), oordeelt het over staten. De besluiten zijn bindend, maar er is geen handhavingsmechanisme.",short_form
course_26_la_creation_de_l_onu_1945,Conferentie van Jalta,De Conferentie van Jalta,evenementConnexe,"Ontmoeting tussen Roosevelt, Churchill en Stalin, waarbij de fundamenten werden gelegd voor de naoorlogse wereldorde: verdeling van Europa in invloedszones, voorwaarden voor toetreding van de Sovjet-Unie tegen Japan, structuur van de VN die moest worden gecreëerd.",short_form
course_26_la_creation_de_l_onu_1945,Internationale Gerechtshof,Het Internationale Gerechtshof,lieuInstitution,"Het in Den Haag gevestigde rechterlijke orgaan van de VN, dat geschillen tussen staten beslecht. In tegenstelling tot het ICC (dat individuen beoordeelt), oordeelt het over staten. De besluiten zijn bindend, maar er is geen handhavingsmechanisme.",short_form
course_26_la_creation_de_l_onu_1945,Internationaal Gerechtshof,Internationaal Gerechtshof (ICJ),lieuInstitution,"Het in Den Haag gevestigde rechterlijke orgaan van de VN, dat geschillen tussen staten beslecht. In tegenstelling tot het ICC (dat individuen beoordeelt), oordeelt het over staten. De besluiten zijn bindend, maar er is geen handhavingsmechanisme.",short_form
course_27_la_naissance_de_l_ue_de_la_ceca_a_maastr,Verdrag van Maastricht,Het Verdrag van Maastricht,evenementConnexe,"Oprichtingsverdrag van de Europese Unie tot creatie van Europees burgerschap, lancering van het proces van de eenheidsmunt (de euro in 2002), tot vaststelling van een gemeenschappelijk buitenlands beleid en strikte criteria voor economische convergentie.",short_form
course_28_le_genocide_rwandais_1994,augustus 1993,De Arusha-akkoorden (augustus 1993),evenementConnexe,Vredesakkoord tussen de Hutu-regering en het RPF (Rwandees Patriottisch Front). Hutu-extremisten weigerden elke vorm van machtsdeling en organiseerden de genocide om de uitvoering ervan te voorkomen.,short_form
course_28_le_genocide_rwandais_1994,Arusha-akkoorden,De Arusha-akkoorden,evenementConnexe,Vredesakkoord tussen de Hutu-regering en het RPF (Rwandees Patriottisch Front). Hutu-extremisten weigerden elke vorm van machtsdeling en organiseerden de genocide om de uitvoering ervan te voorkomen.,short_form
course_29_la_chute_du_mur_de_berlin_1989,augustus 1968,De Praagse Lente (augustus 1968),evenementConnexe,"Liberale hervorming van het communisme in Tsjechoslowakije, verpletterd door de invasie van Sovjet-tanks. Het besluit van Gorbatsjov om deze interventie in 1989 niet te herhalen was daarom historisch revolutionair.",short_form
course_29_la_chute_du_mur_de_berlin_1989,Praagse Lente,De Praagse Lente,evenementConnexe,"Liberale hervorming van het communisme in Tsjechoslowakije, verpletterd door de invasie van Sovjet-tanks. Het besluit van Gorbatsjov om deze interventie in 1989 niet te herhalen was daarom historisch revolutionair.",short_form
course_30_la_blitzkrieg_1940,sikkelsnede,Het Sichelschnitt-plan (sikkelsnede),concept,"Het plan van generaal Von Manstein: concentreer gepantserde eenheden in de Ardennen om door het centrum te breken en het Engelse Kanaal te bereiken, waarbij de Frans-Britse legers die in België betrokken zijn, worden omsingeld. Dit gedurfde en riskante plan was een totaal succes.",short_form
course_30_la_blitzkrieg_1940,Sichelschnitt-plan,Het Sichelschnitt-plan,concept,"Het plan van generaal Von Manstein: concentreer gepantserde eenheden in de Ardennen om door het centrum te breken en het Engelse Kanaal te bereiken, waarbij de Frans-Britse legers die in België betrokken zijn, worden omsingeld. Dit gedurfde en riskante plan was een totaal succes.",short_form
course_31_le_plan_marshall_1947_1952,Trumandoctrine,De Trumandoctrine,concept,"Truman's toespraak (maart 1947) waarin hij beweerde dat de Verenigde Staten elk volk zouden steunen dat zich verzette tegen ""onderdrukking door druk van buitenaf"". Het markeerde het officiële begin van de Koude Oorlog en de politiek van indamming van het communisme.",short_form
course_31_le_plan_marshall_1947_1952,Kominform,De Kominform,evenementConnexe,"Internationale communistische organisatie opgericht door Stalin als reactie op het Marshallplan, om de Europese communistische partijen te coördineren. Het dwong Tsjechoslowakije en Polen, die Marshallhulp hadden aanvaard, deze te weigeren.",short_form
course_32_la_guerre_du_vietnam_1955_1975,januari 1968,Het Tet-offensief (januari 1968),evenementConnexe,"Gelijktijdige aanval van de Vietcong op meer dan 100 Amerikaanse steden tijdens het Vietnamese Nieuwjaar. Het was militair gezien een mislukking voor Hanoi, maar vernietigde de geloofwaardigheid van de regering-Johnson in de Verenigde Staten.",short_form
course_33_le_proces_de_nuremberg_1945_1946,Het Internationaal Strafhof,Het Internationaal Strafhof (ICC),lieuInstitution,"Erfgenaam van de Principes van Neurenberg, in 2002 gecreëerd door het Statuut van Rome om genocide, misdaden tegen de menselijkheid en oorlogsmisdaden te beoordelen. 124 landen hebben het geratificeerd, maar niet de Verenigde Staten, Rusland of China.",short_form
course_33_le_proces_de_nuremberg_1945_1946,Internationale Strafhof,Het Internationale Strafhof,lieuInstitution,"Erfgenaam van de Principes van Neurenberg, in 2002 gecreëerd door het Statuut van Rome om genocide, misdaden tegen de menselijkheid en oorlogsmisdaden te beoordelen. 124 landen hebben het geratificeerd, maar niet de Verenigde Staten, Rusland of China.",short_form
course_35_l_apartheid_et_mandela_1948_1994,maart 1960,Het bloedbad in Sharpeville (maart 1960),evenementConnexe,"De politie opende het vuur op een vreedzame demonstratie tegen paswetten, waarbij 69 mensen omkwamen. De mondiale schok leidde tot het verbod op het ANC en zette Mandela ertoe aan de gewapende vleugel van het verzet op te richten.",short_form
course_35_l_apartheid_et_mandela_1948_1994,bloedbad in Sharpeville (maart 1960),Het bloedbad in Sharpeville (maart 1960),evenementConnexe,"De politie opende het vuur op een vreedzame demonstratie tegen paswetten, waarbij 69 mensen omkwamen. De mondiale schok leidde tot het verbod op het ANC en zette Mandela ertoe aan de gewapende vleugel van het verzet op te richten.",short_form
course_35_l_apartheid_et_mandela_1948_1994,bloedbad in Sharpeville,Het bloedbad in Sharpeville,evenementConnexe,"De politie opende het vuur op een vreedzame demonstratie tegen paswetten, waarbij 69 mensen omkwamen. De mondiale schok leidde tot het verbod op het ANC en zette Mandela ertoe aan de gewapende vleugel van het verzet op te richten.",short_form
course_35_l_apartheid_et_mandela_1948_1994,Bloedbad in Sharpeville,Bloedbad in Sharpeville (maart 1960),evenementConnexe,"De politie opende het vuur op een vreedzame demonstratie tegen paswetten, waarbij 69 mensen omkwamen. De mondiale schok leidde tot het verbod op het ANC en zette Mandela ertoe aan de gewapende vleugel van het verzet op te richten.",short_form
course_35_l_apartheid_et_mandela_1948_1994,bloedbad van Sharpeville,Het bloedbad van Sharpeville,evenementConnexe,"De politie opende het vuur op een vreedzame demonstratie tegen paswetten, waarbij 69 mensen omkwamen. De mondiale schok leidde tot het verbod op het ANC en zette Mandela ertoe aan de gewapende vleugel van het verzet op te richten.",short_form
course_36_la_revolution_culturelle_en_chine_1966_1,grote sprong voorwaarts (1958-1962),De grote sprong voorwaarts (1958-1962),concept,Programma van gedwongen collectivisatie gelanceerd door Mao en veroorzaakte de grootste hongersnood in de geschiedenis van de mensheid: tussen de 15 en 55 miljoen doden. Het mislukken ervan verklaart Mao's politieke buitensporigheid en zijn behoefte om via de Culturele Revolutie de controle terug te winnen.,short_form
course_36_la_revolution_culturelle_en_chine_1966_1,grote sprong voorwaarts,De grote sprong voorwaarts,concept,Programma van gedwongen collectivisatie gelanceerd door Mao en veroorzaakte de grootste hongersnood in de geschiedenis van de mensheid: tussen de 15 en 55 miljoen doden. Het mislukken ervan verklaart Mao's politieke buitensporigheid en zijn behoefte om via de Culturele Revolutie de controle terug te winnen.,short_form
course_37_la_shoah_mecanismes_d_un_genocide,januari 1942,De Wannseeconferentie (januari 1942),evenementConnexe,Een bijeenkomst van vijftien hooggeplaatste nazi-functionarissen waar de ‘Endlösung’ werd gepland en gecoördineerd: de systematische uitroeiing van de Europese Joden door middel van vernietigingskampen. Het toonde aan dat de genocide een bureaucratisch georganiseerd staatsbesluit was.,short_form
course_37_la_shoah_mecanismes_d_un_genocide,Hannah Arendt,De ‘banaliteit van het kwaad’ (Hannah Arendt),concept,"Een filosofisch concept ontwikkeld tijdens het Eichmann-proces: de ergste misdaden kunnen worden gepleegd door gewone, bureaucratische individuen die ‘hun werk doen’ zonder na te denken over de morele gevolgen van hun daden.",short_form
course_37_la_shoah_mecanismes_d_un_genocide,‘banaliteit van het kwaad’ (Hannah Arendt),De ‘banaliteit van het kwaad’ (Hannah Arendt),concept,"Een filosofisch concept ontwikkeld tijdens het Eichmann-proces: de ergste misdaden kunnen worden gepleegd door gewone, bureaucratische individuen die ‘hun werk doen’ zonder na te denken over de morele gevolgen van hun daden.",short_form
course_37_la_shoah_mecanismes_d_un_genocide,Wannseeconferentie,De Wannseeconferentie,evenementConnexe,Een bijeenkomst van vijftien hooggeplaatste nazi-functionarissen waar de ‘Endlösung’ werd gepland en gecoördineerd: de systematische uitroeiing van de Europese Joden door middel van vernietigingskampen. Het toonde aan dat de genocide een bureaucratisch georganiseerd staatsbesluit was.,short_form
course_37_la_shoah_mecanismes_d_un_genocide,‘banaliteit van het kwaad’,De ‘banaliteit van het kwaad’,concept,"Een filosofisch concept ontwikkeld tijdens het Eichmann-proces: de ergste misdaden kunnen worden gepleegd door gewone, bureaucratische individuen die ‘hun werk doen’ zonder na te denken over de morele gevolgen van hun daden.",short_form
course_37_la_shoah_mecanismes_d_un_genocide,"""banaliteit van het kwaad""","""banaliteit van het kwaad"" (Hannah Arendt)",concept,"Een filosofisch concept ontwikkeld tijdens het Eichmann-proces: de ergste misdaden kunnen worden gepleegd door gewone, bureaucratische individuen die ‘hun werk doen’ zonder na te denken over de morele gevolgen van hun daden.",short_form
course_38_le_11_septembre_2001,oorlog in Irak (2003),De oorlog in Irak (2003),evenementConnexe,"Amerikaanse invasie gebaseerd op valse informatie over massavernietigingswapens. Het destabiliseerde het Midden-Oosten, ontmantelde de Iraakse staatsstructuren en creëerde het vacuüm waarin de Islamitische Staat (ISIS) ontstond.",short_form
course_38_le_11_septembre_2001,Sovjet-Afghaanse oorlog,De Sovjet-Afghaanse oorlog,referenceHistorique,"De Verenigde Staten bewapenden de Afghaanse moedjahedien om tegen de Sovjets te vechten. Deze islamistische netwerken, met name die van Bin Laden, die tijdens de Koude Oorlog waren opgeleid en gefinancierd, werden vervolgens Al-Qaeda.",short_form
course_38_le_11_septembre_2001,oorlog in Irak,De oorlog in Irak,evenementConnexe,"Amerikaanse invasie gebaseerd op valse informatie over massavernietigingswapens. Het destabiliseerde het Midden-Oosten, ontmantelde de Iraakse staatsstructuren en creëerde het vacuüm waarin de Islamitische Staat (ISIS) ontstond.",short_form
course_38_le_11_septembre_2001,Oorlog in Irak,Oorlog in Irak (2003),evenementConnexe,"Amerikaanse invasie gebaseerd op valse informatie over massavernietigingswapens. Het destabiliseerde het Midden-Oosten, ontmantelde de Iraakse staatsstructuren en creëerde het vacuüm waarin de Islamitische Staat (ISIS) ontstond.",short_form
course_40_la_guerre_de_secession_americaine_1861_1,emancipatieproclamatie (1 januari 1863),De emancipatieproclamatie (1 januari 1863),evenementConnexe,"Het decreet van Lincoln waarbij slaven in de Geconfedereerde Staten werden vrijgelaten. Het veranderde de oorlog in een morele kruistocht tegen de slavernij, voorkwam dat Groot-Brittannië de Confederatie erkende en stelde het leger open voor zwarte soldaten.",short_form
course_40_la_guerre_de_secession_americaine_1861_1,rechten van staten versus de federale overheid,De rechten van staten versus de federale overheid,concept,"Fundamentele spanning in de Amerikaanse politiek: Zuidelijke staten eisten hun recht op om zelf over slavernij te beslissen, tegen de federale autoriteit in. Deze vraag structureerde de Amerikaanse grondwet en blijft het Amerikaanse politieke debat bepalen.",short_form
course_40_la_guerre_de_secession_americaine_1861_1,emancipatieproclamatie,De emancipatieproclamatie,evenementConnexe,"Het decreet van Lincoln waarbij slaven in de Geconfedereerde Staten werden vrijgelaten. Het veranderde de oorlog in een morele kruistocht tegen de slavernij, voorkwam dat Groot-Brittannië de Confederatie erkende en stelde het leger open voor zwarte soldaten.",short_form
course_41_pourquoi_le_ciel_est_il_bleu,zichtbare lichtspectrum,Het zichtbare lichtspectrum,concept,Wit zonlicht bestaat uit alle kleuren van de regenboog (van 380 nm voor violet tot 700 nm voor rood). Elke kleur komt overeen met een andere golflengte die op een andere manier met materie interageert.,short_form
course_42_pourquoi_reve_t_on,snelle oogbeweging,REM-slaap (snelle oogbeweging),concept,"Slaapfase gekenmerkt door snelle oogbewegingen, spierverlamming en intense hersenactiviteit die bijna wakker is. Dit is de fase waarin de meeste dromen plaatsvinden en waarin geheugenconsolidatie het meest actief is.",short_form
course_45_pourquoi_y_a_t_il_des_saisons,"23,5°","Axiale kanteling van de aarde (23,5°)",concept,"De kanteling van 23,5° van de aardas ten opzichte van het baanvlak (en niet de afstand tot de zon) veroorzaakt de seizoenen. Dezelfde kanteling wijst altijd naar de Noordster, waardoor afwisselend zonnewendes en equinoxen ontstaan.",short_form
course_45_pourquoi_y_a_t_il_des_saisons,Axiale kanteling van de aarde,"Axiale kanteling van de aarde (23,5°)",concept,"De kanteling van 23,5° van de aardas ten opzichte van het baanvlak (en niet de afstand tot de zon) veroorzaakt de seizoenen. Dezelfde kanteling wijst altijd naar de Noordster, waardoor afwisselend zonnewendes en equinoxen ontstaan.",short_form
course_45_pourquoi_y_a_t_il_des_saisons,axiale kanteling van de aarde,De axiale kanteling van de aarde,concept,"De kanteling van 23,5° van de aardas ten opzichte van het baanvlak (en niet de afstand tot de zon) veroorzaakt de seizoenen. Dezelfde kanteling wijst altijd naar de Noordster, waardoor afwisselend zonnewendes en equinoxen ontstaan.",short_form
course_46_comment_les_avions_volent_ils,principe van Bernoulli,Het principe van Bernoulli,concept,"In een vloeistof in beweging, waar de snelheid toeneemt, neemt de druk af. De lucht die sneller beweegt op het bovenoppervlak van de vleugel oefent minder druk uit dan op het onderoppervlak, waardoor een opwaartse ""zuiging"" ontstaat die het vliegtuig optilt.",short_form
course_47_pourquoi_baille_t_on,synaptogenèse,Synaptogenese,concept,Proces van het vormen van synapsen tussen neuronen in het zenuwstelsel. Er wordt aangenomen dat het geeuwen van de foetus deze ontwikkeling helpt stimuleren.,content_link
course_50_comment_le_savon_tue_t_il_les_virus,amfifiele zeepmolecuul,Het amfifiele zeepmolecuul,concept,Een molecuul met één hydrofiel uiteinde (waterminnend) en één hydrofoob uiteinde (vetminnend). Door deze dubbele aard kan het zichzelf in de lipidemembranen van virussen inbrengen en deze fysiek desintegreren.,short_form
course_52_la_decouverte_de_l_electricite_et_ses_ap,De oorlog van stromingen,De oorlog van stromingen (Edison versus Tesla),evenementConnexe,"Edison was voorstander van gelijkstroom (DC), Tesla en Westinghouse wisselstroom (AC). AC won omdat het over lange afstanden vervoerd kan worden. Edison organiseerde openbare elektrocuties van dieren om het ‘gevaar’ van AC aan te tonen.",short_form
course_52_la_decouverte_de_l_electricite_et_ses_ap,oorlog van stromingen (Edison versus Tesla),De oorlog van stromingen (Edison versus Tesla),evenementConnexe,"Edison was voorstander van gelijkstroom (DC), Tesla en Westinghouse wisselstroom (AC). AC won omdat het over lange afstanden vervoerd kan worden. Edison organiseerde openbare elektrocuties van dieren om het ‘gevaar’ van AC aan te tonen.",short_form
course_52_la_decouverte_de_l_electricite_et_ses_ap,oorlog van de stromingen,De oorlog van de stromingen,evenementConnexe,"Edison was voorstander van gelijkstroom (DC), Tesla en Westinghouse wisselstroom (AC). AC won omdat het over lange afstanden vervoerd kan worden. Edison organiseerde openbare elektrocuties van dieren om het ‘gevaar’ van AC aan te tonen.",short_form
course_52_la_decouverte_de_l_electricite_et_ses_ap,War of Currents,War of Currents (Edison versus Tesla),evenementConnexe,"Edison was voorstander van gelijkstroom (DC), Tesla en Westinghouse wisselstroom (AC). AC won omdat het over lange afstanden vervoerd kan worden. Edison organiseerde openbare elektrocuties van dieren om het ‘gevaar’ van AC aan te tonen.",short_form
course_57_l_invention_d_internet,lancering van de Spoetnik,De lancering van de Spoetnik,evenementConnexe,"De lancering van de eerste kunstmatige Sovjet-satelliet veroorzaakte een schokgolf in de Verenigde Staten. Deze angst leidde tot de oprichting van ARPA en, indirect, ARPANET – de voorloper van het internet – om gedecentraliseerde communicatie in stand te houden in het geval van een nucleaire aanval.",short_form
course_59_la_decouverte_de_l_anesthesie,koningin,Victoria (koningin),personnage,Soeverein van het Verenigd Koninkrijk wiens gebruik van chloroform tijdens haar bevallingen in 1853 en 1857 hielp religieuze taboes met betrekking tot anesthesie weg te nemen.,short_form
course_59_la_decouverte_de_l_anesthesie,Antisepsie,Antisepsie (Semmelweis en Lister),concept,"Zelfs vóór de anesthesie doodden postoperatieve infecties patiënten. Semmelweis (1847) en vervolgens Lister (1867) legden hygiëne op: handen wassen, gesteriliseerde instrumenten. Deze twee revoluties – anesthesie en antisepsis – transformeerden de chirurgie.",short_form
course_60_la_theorie_de_l_evolution_de_darwin_1859,Beagle,Beagle (HMS),concept,Royal Navy-schip dat tussen 1831 en 1836 als basis diende voor Charles Darwin voor zijn wetenschappelijke wereldreis.,short_form
course_63_comment_se_forment_les_tremblements_de_t,De magnitudeschaal,De magnitudeschaal (Richter/Moment),concept,"Logaritmische meting van de energie die vrijkomt bij een aardbeving. Elke graad vertegenwoordigt 31,6 keer meer energie: bij een aardbeving met een kracht van 8 komt 1000 keer meer energie vrij dan bij een aardbeving met een kracht van 6.",short_form
course_63_comment_se_forment_les_tremblements_de_t,seismologie,Andromeda (seismologie),concept,Naam van een uitgebreid Europees project en sensornetwerk dat tot doel heeft bestaande onderzeese glasvezelkabels te gebruiken om seismische trillingen op de oceaanbodem te detecteren.,short_form
course_63_comment_se_forment_les_tremblements_de_t,omvangschaal,De omvangschaal,concept,"Logaritmische meting van de energie die vrijkomt bij een aardbeving. Elke graad vertegenwoordigt 31,6 keer meer energie: bij een aardbeving met een kracht van 8 komt 1000 keer meer energie vrij dan bij een aardbeving met een kracht van 6.",short_form
course_63_comment_se_forment_les_tremblements_de_t,magnitudeschaal,magnitudeschaal (Richter/Moment),concept,"Logaritmische meting van de energie die vrijkomt bij een aardbeving. Elke graad vertegenwoordigt 31,6 keer meer energie: bij een aardbeving met een kracht van 8 komt 1000 keer meer energie vrij dan bij een aardbeving met een kracht van 6.",short_form
course_64_la_catastrophe_de_tchernobyl_1986,30 km-uitsluitingszone,De 30 km-uitsluitingszone,concept,"Gebied geëvacueerd in geval van nood na het ongeval. Paradoxaal genoeg is het veertig jaar later uitgegroeid tot een van de belangrijkste natuurreservaten van Europa: de totale afwezigheid van menselijke activiteit komt de natuur ten goede, ondanks de resterende besmetting.",short_form
course_65_pourquoi_la_lune_ne_tombe_t_elle_pas_sur,wet van Newton van de universele zwaartekracht,De wet van Newton van de universele zwaartekracht,concept,"Elke massa trekt elke andere massa aan, met een kracht die omgekeerd evenredig is met het kwadraat van de afstand. Dezelfde kracht verklaart het vallen van de appel en de baan van de maan - Newton verenigde voor het eerst de aard- en hemelfysica.",short_form
course_66_y_a_t_il_de_la_vie_ailleurs_dans_l_unive,Goudlokjezone,De bewoonbare zone (Goudlokjezone),concept,"Gebied rond een ster waar de temperatuur het mogelijk maakt dat water in vloeibare vorm op het oppervlak van een planeet aanwezig is. Niet te dichtbij en niet te ver weg - ""net als Goudlokje"". Ons zonnestelsel heeft drie potentiële planeten: Venus, Aarde, Mars.",short_form
course_66_y_a_t_il_de_la_vie_ailleurs_dans_l_unive,bewoonbare zone (Goudlokjezone),De bewoonbare zone (Goudlokjezone),concept,"Gebied rond een ster waar de temperatuur het mogelijk maakt dat water in vloeibare vorm op het oppervlak van een planeet aanwezig is. Niet te dichtbij en niet te ver weg - ""net als Goudlokje"". Ons zonnestelsel heeft drie potentiële planeten: Venus, Aarde, Mars.",short_form
course_67_qu_est_ce_qu_un_trou_noir,zwaartekrachtsingulariteit,De zwaartekrachtsingulariteit,concept,Wijs naar het midden van een zwart gat waar de dichtheid theoretisch oneindig wordt. De vergelijkingen van de bekende natuurkunde houden daar op te functioneren - een kwantumtheorie van de zwaartekracht (nog niet ontwikkeld) zou nodig zijn om te beschrijven wat daar gebeurt.,short_form
course_72_pourquoi_dort_on,glymfatische systeem,Het glymfatische systeem,concept,"Een netwerk van hersenkanalen dat tijdens de diepe slaap opengaat om metabolisch afval uit de hersenen af ​​te voeren, met name bèta-amyloïde eiwitten die verband houden met de ziekte van Alzheimer. Chronisch slaapgebrek is gecorreleerd met een verhoogd risico op dementie.",short_form
course_74_pourquoi_certaines_especes_sont_elles_im,onsterfelijke kwal,Turritopsis dohrnii (onsterfelijke kwal),personnage,Een kleine kwal die na het volwassen stadium kan terugkeren naar het juveniele poliepstadium - en voor onbepaalde tijd opnieuw kan beginnen. Dit proces van cellulaire transdifferentiatie is uniek en inspireert onderzoek naar cellulaire herprogrammering.,short_form
course_75_la_photosynthese_expliquee_simplement,Calvijncyclus,De Calvijncyclus,concept,"De ""donkere"" fase van fotosynthese, die plaatsvindt in het stroma van chloroplasten. Het gebruikt de ATP die tijdens de lichtfase wordt geproduceerd om CO₂ uit de atmosfeer om te zetten in glucose – de centrale reactie van plantenvoeding.",short_form
course_76_pourquoi_les_feuilles_changent_elles_de,scheidingszone,De scheidingszone,concept,Een cellaag die zich in de herfst aan de basis van de bladsteel vormt en de circulatie van voedingsstoffen blokkeert. Als reactie op het korter worden van de dagen ontwikkelt het zich geleidelijk totdat het blad valt.,short_form
course_77_qu_est_ce_que_la_matiere_noire,rotatiecurve van sterrenstelsels,De rotatiecurve van sterrenstelsels,concept,"Een meting van de snelheid van sterren op verschillende afstanden van het centrum. Volgens Newton zouden perifere sterren langzamer moeten roteren. Ze roteren echter met dezelfde snelheid - een bewijs van een onzichtbare massa die de sterren aan elkaar ""lijmt"".",short_form
course_79_pourquoi_certains_sons_nous_donnent_ils,Openheid voor ervaringen,Openheid voor ervaringen (persoonlijkheid),concept,"Persoonlijkheidskenmerk geassocieerd met nieuwsgierigheid en de waardering voor schoonheid. Mensen die zeer 'open' zijn, hebben een auditieve cortex die meer verbonden is met emotionele zones en hebben aanzienlijk meer kans op muzikale koude rillingen.",short_form
course_80_pourquoi_les_saisons_existent_sur_d_autr,"97,8°","De axiale kanteling van Uranus (97,8°)",concept,"De as van Uranus ligt bijna plat op zijn baanvlak. Elke pool ontvangt ongeveer 42 jaar continu zonlicht, gevolgd door 42 jaar totale duisternis – extreme en zeer langdurige seizoenen, die geen equivalent kennen in ons zonnestelsel.",short_form
course_80_pourquoi_les_saisons_existent_sur_d_autr,axiale kanteling van Uranus,De axiale kanteling van Uranus,concept,"De as van Uranus ligt bijna plat op zijn baanvlak. Elke pool ontvangt ongeveer 42 jaar continu zonlicht, gevolgd door 42 jaar totale duisternis – extreme en zeer langdurige seizoenen, die geen equivalent kennen in ons zonnestelsel.",short_form
course_81_l_odyssee_homere,Homerische kwestie,De Homerische kwestie,concept,Zijn de Ilias en de Odyssee gecomponeerd door één enkele dichter genaamd Homerus of zijn ze het resultaat van een lange collectieve orale traditie? De meeste onderzoekers geloven tegenwoordig in een of twee auteurs die een oudere traditie hebben vastgelegd.,short_form
course_82_l_iliade_homere,Mênis  in de Griekse cultuur,Mênis (toorn) in de Griekse cultuur,concept,"De toorn van Achilles is geen simpele emotie: het is een quasi-kosmische kracht. Het eerste woord van de Ilias, ""Mênis"", kondigt dit centrale thema aan. Deze goddelijke toorn, die herstel eist, destabiliseert de orde van de wereld.",short_form
course_83_dipe_roi_sophocle,Oedipuscomplex,Het Oedipuscomplex,concept,"Freud leende de mythe van Oedipus om het onbewuste verlangen van het kind naar de ouder van het andere geslacht te benoemen. Dit centrale psychoanalytische concept heeft heel weinig te maken met de reflectie van Sophocles, die handelde over het lot en de vrije wil.",short_form
course_89_les_travaux_et_les_jours_hesiode,theogonie van Hesiodus,De theogonie van Hesiodus,referenceHistorique,"Het andere grote gedicht van Hesiodus, waarin de genealogie van de Griekse goden uit de oorspronkelijke Chaos wordt verteld. Deze twee werken vormen, samen met Homerus, de grondleggers van de Griekse religie en mythologie.",short_form
course_93_le_rouge_et_le_noir_stendhal,symboliek van het rode en het zwarte,De symboliek van het rode en het zwarte,concept,"Bediscussieerd sinds 1830: rood zou het Napoleontische leger symboliseren (het pad van succes) en zwart het priesterlijk gewaad (het andere pad onder de restauratie). Julien Sorel laveert tussen deze twee paden, maar geen van beide past echt bij hem.",short_form
course_93_le_rouge_et_le_noir_stendhal,Franse restauratie,De Franse restauratie,referenceHistorique,"Een periode waarin de Bourbons na Waterloo weer op de troon werden gezet. De samenleving werd gedomineerd door de adel en de kerk, die vijandig stonden tegenover revolutionaire waarden. Stendhal zag het als een samenleving van hypocrisie en provinciale middelmatigheid.",short_form
course_94_candide_voltaire,optimisme van Leibniz,Het optimisme van Leibniz,concept,"Filosofie volgens welke God de beste van alle mogelijke werelden heeft geschapen en dat het schijnbare kwaad een hoger goed dient. Voltaire schreef Candide als reactie op de aardbeving in Lissabon (1755), waarbij in een paar minuten tijd 60.000 mensen om het leven kwamen.",short_form
course_94_candide_voltaire,verlichtingsfilosofie,De verlichtingsfilosofie,concept,"18e-eeuwse intellectuele beweging gebaseerd op de rede, de kritiek op vooroordelen en vooruitgang. Voltaire, Rousseau, Diderot, Hume en Kant trokken het religieuze en politieke gezag in twijfel en maakten op intellectuele wijze de weg vrij voor toekomstige revoluties.",short_form
course_96_l_etranger_camus,absurde in Camus,Het absurde in Camus,concept,"Een gevoel geboren uit de botsing tussen het menselijk verlangen naar betekenis en de stilte van het universum. Camus ziet het absurde niet als een kosmische waarheid, maar als een geleefde ervaring - het antwoord is geen zelfmoord, maar een heldere en bewuste opstand.",short_form
course_96_l_etranger_camus,absurde van Camus,Het absurde van Camus,concept,"Een gevoel geboren uit de botsing tussen het menselijk verlangen naar betekenis en de stilte van het universum. Camus ziet het absurde niet als een kosmische waarheid, maar als een geleefde ervaring - het antwoord is geen zelfmoord, maar een heldere en bewuste rebellie.",short_form
course_97_le_mythe_de_sisyphe_camus,filosofische ‘sprong’ (Kierkegaard),De filosofische ‘sprong’ (Kierkegaard),concept,Camus bekritiseert de ‘sprong’ die sommige filosofen maken als ze met het absurde worden geconfronteerd: een sprong in het geloof (Kierkegaard) of in de revolutionaire hoop (Marx). Deze ‘filosofische zelfmoorden’ vermijden het absurde in plaats van het eerlijk onder ogen te zien.,short_form
course_97_le_mythe_de_sisyphe_camus,filosofische ‘sprong’,De filosofische ‘sprong’,concept,Camus bekritiseert de ‘sprong’ die sommige filosofen maken als ze met het absurde worden geconfronteerd: een sprong in het geloof (Kierkegaard) of in de revolutionaire hoop (Marx). Deze ‘filosofische zelfmoorden’ vermijden het absurde in plaats van het eerlijk onder ogen te zien.,short_form
course_97_le_mythe_de_sisyphe_camus,"filosofische ""sprong""","filosofische ""sprong"" (Kierkegaard)",concept,Camus bekritiseert de ‘sprong’ die sommige filosofen maken als ze met het absurde worden geconfronteerd: een sprong in het geloof (Kierkegaard) of in de revolutionaire hoop (Marx). Deze ‘filosofische zelfmoorden’ vermijden het absurde in plaats van het eerlijk onder ogen te zien.,short_form
course_99_le_pere_goriot_balzac,menselijke komedie,De menselijke komedie,concept,Een project van 90 onderling verbonden romans en korte verhalen die de totaliteit van de Franse samenleving beschrijven. Cijfers keren terug van de ene roman naar de andere - een innovatie die destijds ongekend was. Rastignac verschijnt in een twintigtal werken binnen de cyclus.,short_form
course_101_1984_george_orwell,Nieuwspraak,Nieuwspraak (Nieuwspraak),concept,"De officiële taal van Oceanië, die tot doel heeft dissidente gedachten onmogelijk te maken door de woorden te elimineren die het mogelijk zouden maken deze te formuleren. Hoe meer de woordenschat wordt verkleind, hoe complexere ideeën ondenkbaar worden.",short_form
course_105_le_meilleur_des_mondes_aldous_huxley,proces van Bokanovsky,Het proces van Bokanovsky,concept,"In de roman een techniek die bestaat uit het gebruik van thermische of chemische schokken om meerdere ontluikingen uit één enkel ei te veroorzaken, waardoor maximaal 96 eeneiige tweelingen kunnen ontstaan.",short_form
course_106_frankenstein_mary_shelley,moderne Prometheus,De verantwoordelijkheid van de maker (moderne Prometheus),concept,"Ondertitel van de roman: ""The Modern Prometheus"". Victor Frankenstein creëert iets buitengewoons zonder de consequenties te aanvaarden. Het echte monster is misschien niet het wezen, maar de schepper ervan, die het bij de geboorte in de steek laat.",short_form
course_106_frankenstein_mary_shelley,verantwoordelijkheid van de maker,De verantwoordelijkheid van de maker,concept,"Ondertitel van de roman: ""The Modern Prometheus"". Victor Frankenstein creëert iets buitengewoons zonder de consequenties te aanvaarden. Het echte monster is misschien niet het wezen, maar de schepper ervan, die het bij de geboorte in de steek laat.",short_form
course_106_frankenstein_mary_shelley,"""jaar zonder zomer""","Het ""jaar zonder zomer""",evenementConnexe,"De uitbarsting van de berg Tambora in 1815 projecteerde as die de mondiale atmosfeer verduisterde, waardoor in 1816 een ijskoude zomer in Europa ontstond. In deze apocalyptische context schreef Mary Shelley (18 jaar oud) Frankenstein tijdens een verblijf aan de oevers van het Meer van Genève.",short_form
course_107_crime_et_chatiment_dostoievski,Omsk-fort,Het Omsk-fort,lieuInstitution,"Plaats van detentie in Siberië, waar Dostojevski vier jaar dwangarbeid doorbracht, een ervaring die zijn visie op menselijk lijden vormde.",short_form
course_109_don_quichotte_cervantes,De slag bij Lepanto  en de gevangenschap van Cervantes,De slag bij Lepanto (1571) en de gevangenschap van Cervantes,evenementConnexe,Cervantes vocht in de Slag bij Lepanto en raakte gewond (hij verloor het gebruik van zijn linkerhand). Hij werd in 1575 door piraten gevangengenomen en was vijf jaar lang een slaaf in Algiers. Deze ervaringen hebben de schrijver gevormd en voeden de humor en diepgang van de roman.,short_form
course_109_don_quichotte_cervantes,slag bij Lepanto (1571) en de gevangenschap van Cervantes,De slag bij Lepanto (1571) en de gevangenschap van Cervantes,evenementConnexe,Cervantes vocht in de Slag bij Lepanto en raakte gewond (hij verloor het gebruik van zijn linkerhand). Hij werd in 1575 door piraten gevangengenomen en was vijf jaar lang een slaaf in Algiers. Deze ervaringen hebben de schrijver gevormd en voeden de humor en diepgang van de roman.,short_form
course_109_don_quichotte_cervantes,Slag bij Lepanto  en de gevangenschap van Cervantes,Slag bij Lepanto (1571) en de gevangenschap van Cervantes,evenementConnexe,Cervantes vocht bij Lepanto en raakte gewond (hij verloor het gebruik van zijn linkerhand). Hij werd in 1575 door piraten gevangengenomen en was vijf jaar lang een slaaf in Algiers. Deze ervaringen vormden de schrijver en voedden de humor en diepgang van de roman.,short_form
course_109_don_quichotte_cervantes,slag bij Lepanto en de gevangenschap van Cervantes,De slag bij Lepanto en de gevangenschap van Cervantes,evenementConnexe,Cervantes vocht in de Slag bij Lepanto en raakte gewond (hij verloor het gebruik van zijn linkerhand). Hij werd in 1575 door piraten gevangengenomen en was vijf jaar lang een slaaf in Algiers. Deze ervaringen hebben de schrijver gevormd en voeden de humor en diepgang van de roman.,short_form
course_110_les_raisins_de_la_colere_steinbeck,De stofkom,De stofkom (1930-1936),evenementConnexe,"Landbouwramp in de Great Plains, veroorzaakt door droogte en destructieve landbouwpraktijken. Stofstormen maakten de lucht tot aan New York zwart, waardoor honderdduizenden gezinnen (de ""Okies"") gedwongen werden naar Californië te migreren.",short_form
course_110_les_raisins_de_la_colere_steinbeck,stofkom (1930-1936),De stofkom (1930-1936),evenementConnexe,"Landbouwramp in de Great Plains, veroorzaakt door droogte en destructieve landbouwpraktijken. Stofstormen maakten de lucht tot aan New York zwart, waardoor honderdduizenden gezinnen (de ""Okies"") gedwongen werden naar Californië te migreren.",short_form
course_110_les_raisins_de_la_colere_steinbeck,stofbak,De stofbak,evenementConnexe,"Landbouwramp in de Great Plains, veroorzaakt door droogte en destructieve landbouwpraktijken. Stofstormen maakten de lucht tot aan New York zwart, waardoor honderdduizenden gezinnen (de ""Okies"") gedwongen werden naar Californië te migreren.",short_form
course_112_le_grand_gatsby_fitzgerald,Amerikaanse droom en zijn corruptie,De Amerikaanse droom en zijn corruptie,concept,"De roman is de bekendste kritiek op de American Dream: het idee dat je alleen door verdienste kunt stijgen. Gatsby slaagt, maar ontdekt dat sociale klasse en het verleden onoverkomelijk zijn: oud geld veracht de nouveau riche.",short_form
course_112_le_grand_gatsby_fitzgerald,Amerikaanse Droom,de Amerikaanse Droom,concept,"De roman is de bekendste kritiek op de American Dream: het idee dat je alleen door verdienste kunt stijgen. Gatsby slaagt, maar ontdekt dat sociale klasse en het verleden onoverkomelijk zijn: oud geld veracht de nouveau riche.",short_form
course_120_l_alchimiste_paulo_coelho,alchemist,De alchemist,referenceHistorique,"Roman van Paulo Coelho, gepubliceerd in 1988, waarin de inwijdingszoektocht wordt verteld van een herder genaamd Santiago.",short_form
course_120_l_alchimiste_paulo_coelho,Alchemist,Alchemist (de),referenceHistorique,"Roman van Paulo Coelho, gepubliceerd in 1988, waarin de inwijdingszoektocht wordt verteld van een herder genaamd Santiago.",short_form
course_124_rembrandt_et_l_ecole_flamande,faillissement van Rembrandt (1656),Het faillissement van Rembrandt (1656),concept,"Rembrandt ging failliet op het hoogtepunt van zijn reputatie, nadat hij rijkelijk had uitgegeven aan kunstcollecties. Zijn bezittingen werden op een veiling verkocht. Deze ruïne dwong hem te schilderen onder de namen van zijn vrouw Hendrickje en zijn zoon Titus.",short_form
course_124_rembrandt_et_l_ecole_flamande,faillissement van Rembrandt,Het faillissement van Rembrandt,concept,"Rembrandt ging failliet op het hoogtepunt van zijn reputatie, nadat hij rijkelijk had uitgegeven aan kunstcollecties. Zijn bezittingen werden op een veiling verkocht. Deze ruïne dwong hem te schilderen onder de namen van zijn vrouw Hendrickje en zijn zoon Titus.",short_form
course_128_l_expressionnisme_munch_et_le_cri,De uitbarsting van Krakatoa  en de rode lucht,De uitbarsting van Krakatoa (1883) en de rode lucht,evenementConnexe,De catastrofale uitbarsting van Krakatoa projecteerde as die de zonsondergangen over de hele wereld maandenlang bloedrood kleurde. Munch merkte in zijn dagboek op dat hij een lucht van ‘bloed en vuur’ had gezien – waarschijnlijk dit fenomeen.,short_form
course_128_l_expressionnisme_munch_et_le_cri,Uitbarsting van Krakatoa  en de rode lucht,Uitbarsting van Krakatoa (1883) en de rode lucht,evenementConnexe,"De catastrofale uitbarsting van Krakatoa veroorzaakte as die de zonsondergangen over de hele wereld maandenlang bloedrood kleurde. Munch merkte in zijn dagboek op dat hij een rode lucht ""van bloed en vuur"" had gezien - waarschijnlijk dit fenomeen.",short_form
course_128_l_expressionnisme_munch_et_le_cri,uitbarsting van Krakatoa en de rode lucht,De uitbarsting van Krakatoa en de rode lucht,evenementConnexe,De catastrofale uitbarsting van Krakatoa projecteerde as die de zonsondergangen over de hele wereld maandenlang bloedrood kleurde. Munch merkte in zijn dagboek op dat hij een lucht van ‘bloed en vuur’ had gezien – waarschijnlijk dit fenomeen.,short_form
course_128_l_expressionnisme_munch_et_le_cri,uitbarsting van Krakatoa  en de rode lucht,uitbarsting van Krakatoa (1883) en de rode lucht,evenementConnexe,De catastrofale uitbarsting van Krakatoa projecteerde as die de zonsondergangen over de hele wereld maandenlang bloedrood kleurde. Munch merkte in zijn dagboek op dat hij een lucht van ‘bloed en vuur’ had gezien – waarschijnlijk dit fenomeen.,short_form
course_129_l_art_abstrait_kandinsky_et_mondrian,Stijl,De Stijl,concept,"Nederlandse beweging opgericht in 1917: kunst terugbrengen tot de puurste elementen: horizontale en verticale lijnen, primaire kleuren, wit en zwart. Mondriaan zocht naar een universele beeldtaal die verder ging dan welke specifieke cultuur dan ook.",short_form
course_130_le_pop_art_warhol_et_lichtenstein,aura en mechanische reproductie,De aura en mechanische reproductie,concept,"Benjamin (1935) analyseerde hoe technische reproductie de ‘aura’ van het unieke werk vernietigt. Warhol radicaliseerde dit idee: door populaire beelden mechanisch te reproduceren, zette hij het idee van origineel en auteur in vraag.",short_form
course_132_bob_dylan_et_la_folk_protest,Amerikaanse folkrevival,De Amerikaanse folkrevival,concept,Herontdekking van traditionele Amerikaanse muziek door stedelijke artiesten in de jaren vijftig en zestig. Pete Seeger en Woody Guthrie maakten van folk de soundtrack van de arbeiders- en burgerrechtenbewegingen. Dylan was de verloren erfgenaam.,short_form
course_133_le_hip_hop_naissance_d_une_culture,snelwegbeleid van Robert Moses,Het snelwegbeleid van Robert Moses,concept,"New Yorkse stedenbouwkundige die in de jaren vijftig en zestig stedelijke snelwegen aanlegde die arbeiderswijken in de Bronx verwoestten. De Cross-Bronx Expressway verwoestte 60.000 woningen, waardoor de omstandigheden van verwaarlozing ontstond waarin hiphop werd geboren.",short_form
course_133_le_hip_hop_naissance_d_une_culture,beruchte B.I.G.,De beruchte B.I.G.,personnage,"Iconische rapper uit de East Coast (New York) uit de jaren negentig, erkend om zijn technische virtuositeit en autobiografische verhalen.",short_form
course_135_mozart_enfant_prodige_et_vie_tragique,Toverfluit,De Toverfluit,referenceHistorique,"Mozarts laatste opera (1791), waarin volksverhalen en maçonnieke symboliek samenkomen, geschreven in het Duits voor een populair theater.",short_form
course_136_beethoven_genie_et_surdite,Ode aan de Vreugde en het Europese volkslied,De Ode aan de Vreugde en het Europese volkslied,concept,"De laatste beweging van de 9e symfonie, gebaseerd op het gedicht van Schiller, werd in 1985 het officiële volkslied van de Europese Unie. Het universalisme van haar boodschap (broederschap van de mensheid) maakt het tot het symbool van het Europese ideaal van eenheid.",short_form
course_142_charlie_chaplin_et_le_cinema_muet,gebroeders Lumière en de vroege cinema,De gebroeders Lumière en de vroege cinema,referenceHistorique,"Film ontstond in Frankrijk (Verlichting, 1895), maar werd geïndustrialiseerd in de Verenigde Staten. Hollywood vestigde zich in de jaren ’10 en ’20 dankzij de Californische zon, de diversiteit aan landschappen en de massale immigratie van Europees talent.",short_form
course_143_orson_welles_et_citizen_kane,Scherptediepte,Scherptediepte (diepe focus),concept,"Cinematografische techniek waarbij alle vlakken van het beeld (voorgrond, midden, achtergrond) tegelijkertijd scherp zijn, waardoor complexe actie binnen één frame mogelijk is.",short_form
course_146_hitchcock_et_le_suspense,gezichtspuntopname,Subjectieve camera (gezichtspuntopname),concept,"Techniek waarbij de camera het standpunt van een personage inneemt, waardoor de kijker precies ervaart wat hij ziet. In Vertigo wordt Scottie's duizeligheid overgebracht door een uitzoom-/dolly-in-techniek die voor de film is uitgevonden.",short_form
course_147_l_architecture_gothique_les_cathedrales,theologie van het licht (Abt Suger),De theologie van het licht (Abt Suger),concept,"Suger theoretiseerde dat goddelijk licht, gekanaliseerd door gekleurd glas in lood, de ziel naar God verhief. Deze ‘metafysica van het licht’ inspireerde de gotische architectuur in haar streven naar steeds grotere ramen en steeds hogere bogen.",short_form
course_147_l_architecture_gothique_les_cathedrales,theologie van het licht,De theologie van het licht,concept,"Suger theoretiseerde dat goddelijk licht, gekanaliseerd door gekleurd glas in lood, de ziel naar God verhief. Deze ‘metafysica van het licht’ inspireerde de gotische architectuur in haar streven naar steeds grotere ramen en steeds hogere bogen.",short_form
course_147_l_architecture_gothique_les_cathedrales,abt Suger,theologie van het licht (abt Suger),concept,"Suger theoretiseerde dat goddelijk licht, gekanaliseerd door gekleurd glas in lood, de ziel naar God verhief. Deze ‘metafysica van het licht’ inspireerde de gotische architectuur in haar streven naar steeds grotere ramen en steeds hogere bogen.",short_form
course_148_le_bauhaus,Sluiting door de nazi's,Sluiting door de nazi's (1933),evenementConnexe,"Hitler sloot het Bauhaus in 1933 en beschouwde de esthetiek ervan als ""gedegenereerd"". De docenten emigreerden naar de Verenigde Staten (Gropius naar Harvard, Mies van der Rohe naar Chicago), waar ze de Amerikaanse architectuur en design diepgaand beïnvloedden.",short_form
course_148_le_bauhaus,Stijl,De Stijl,concept,De Nederlandse artistieke beweging (waartoe ook Mondriaan behoorde) pleit voor het gebruik van rechte lijnen en primaire kleuren. De esthetiek ervan heeft het modernistische keerpunt van het Bauhaus diepgaand beïnvloed.,short_form
course_149_la_joconde,diefstal van de Mona Lisa,De diefstal van de Mona Lisa,evenementConnexe,"Vincenzo Peruggia, een medewerker van het Louvre, stal de Mona Lisa en bewaarde deze twee jaar in zijn huis in Florence. Deze diefstal haalde de krantenkoppen over de hele wereld en transformeerde de Mona Lisa, toen nog weinig bekend bij het grote publiek, tot het beroemdste schilderij ter wereld.",short_form
course_150_la_nuit_etoilee_van_gogh,Grote Golf bij Kanagawa,De Grote Golf bij Kanagawa,referenceHistorique,"Beroemde Japanse prent van Hokusai, waarvan de kromlijnige dynamiek een diepgaande invloed had op de structuur van Van Goghs wervelingen.",short_form
course_152_la_liberte_guidant_le_peuple_delacroix,drie glorieuze dagen (27-29 juli 1830),De drie glorieuze dagen (27-29 juli 1830),evenementConnexe,"Drie revolutionaire dagen die koning Karel X ten val brachten, die de persvrijheid wilde onderdrukken en het stemrecht wilde beperken. Louis Philippe I nam in zijn plaats de constitutionele troon over.",short_form
course_152_la_liberte_guidant_le_peuple_delacroix,drie glorieuze dagen,De drie glorieuze dagen,evenementConnexe,"Drie revolutionaire dagen die koning Karel X ten val brachten, die de persvrijheid wilde onderdrukken en het stemrecht wilde beperken. Louis Philippe I nam in zijn plaats de constitutionele troon over.",short_form
course_152_la_liberte_guidant_le_peuple_delacroix,Drie glorieuze dagen,Drie glorieuze dagen (27-29 juli 1830),evenementConnexe,"Drie revolutionaire dagen die koning Karel X ten val brachten, die de persvrijheid wilde onderdrukken en het stemrecht wilde beperken. Louis Philippe I nam in zijn plaats de constitutionele troon over.",short_form
course_152_la_liberte_guidant_le_peuple_delacroix,Julirevolutie,Julirevolutie (27-29 juli 1830),evenementConnexe,"Drie revolutionaire dagen die koning Karel X ten val brachten, die de persvrijheid wilde onderdrukken en het stemrecht wilde beperken. Louis Philippe I nam in zijn plaats de constitutionele troon over.",short_form
course_153_la_creation_d_adam_michel_ange,‘brain cape’-theorie,De ‘brain cape’-theorie,concept,"Theorie van Frank Meshberger (1990): er wordt gezegd dat de vorm van de rode mantel die God omgeeft exact de anatomische dwarsdoorsnede van een menselijk brein reproduceert. Als Michelangelo dit opzettelijk had gedaan, zou hij hebben gesymboliseerd dat God een schepping van de menselijke geest is.",short_form
course_155_nighthawks_hopper,Amerikaanse eetzaal,De Amerikaanse eetzaal,concept,"Culturele instelling: restaurant 24/7 geopend, snelle balieservice, anoniem passerende klantenkring. Het is een ultieme plek van collectieve eenzaamheid en voedt de iconografie van de Amerikaanse literatuur, cinema (film noir) en schilderkunst.",short_form
course_157_la_persistance_de_la_memoire_dali,Cap de Creus,Cap de Creus (Catalonië),lieuInstitution,"Een rotsachtig kustlandschap van de Costa Brava, zichtbaar in veel van Dalí's schilderijen. De karakteristieke geërodeerde granieten geologische formaties van deze kaap voedden zijn verbeelding voor dubbelzinnige en smeltende vormen.",short_form
course_158_la_tragedie_grecque_et_le_theatre_antiqu,refrein in de Griekse tragedie,Het refrein in de Griekse tragedie,concept,"Een groep van twaalf tot vijftien burgers die tussen de afleveringen door zingen, dansen en commentaar geven op de actie. Het refrein vertegenwoordigt de stem van de gemeenschap en biedt een moreel perspectief op de acties van de helden. Zijn rol nam geleidelijk af onder Sophocles en Euripides.",short_form
course_159_le_theatre_de_shakespeare,mannen van Lord Chamberlain,De mannen van Lord Chamberlain,lieuInstitution,"theatergezelschap waarin Shakespeare aandeelhouder, acteur en hoofdtoneelschrijver was, beschermd door de Engelse rechtbank.",short_form
course_160_la_liberte_de_la_presse_et_le_journalism,ethiek van fotojournalistiek,De ethiek van fotojournalistiek,concept,Fundamentele spanning: hoe ver moet een fotograaf betrokken raken? Kevin Carter fotografeerde een gier die wachtte tot een Soedanees kind zou sterven (1993) en werd ervan beschuldigd niet te hebben geholpen. Hij ontving de Pulitzer en pleegde drie maanden later zelfmoord.,short_form
course_161_la_naissance_des_dieux_grecs_cronos_zeus,theogonie van Hesiodus,De theogonie van Hesiodus,concept,"Gedicht (circa 700 v.Chr.) Over de oorsprong en genealogie van de Griekse goden sinds Chaos. Het is onze belangrijkste bron over de Griekse kosmogonie en presenteert gepassioneerde en gewelddadige goden, die net als mensen onderworpen zijn aan de krachten van het lot.",short_form
course_163_pandore_et_la_boite,hoop,Elpis (hoop),concept,"In de versie van Hesiodus blijft Hope in de pot als Pandora deze sluit. Een fundamentele dubbelzinnigheid: is het het laatste welwillende geschenk van de goden, of een bijkomend kwaad (valse hoop, illusie) dat mensen martelt door hen te laten geloven dat de dingen zullen verbeteren?",short_form
course_164_demeter_et_persephone_les_saisons,Eleusinische mysteriën,De Eleusinische mysteriën,concept,Geheime inwijdingsceremonies die meer dan een millennium (600 v.Chr. – 400 n.Chr.) in Eleusis werden gevierd. Gebaseerd op de mythe van Persephone beloofden zij ingewijden een gelukzalig leven na de dood. Plato en Marcus Aurelius werden daarin ingewijd.,short_form
course_168_sisyphe_punition_eternelle,absurde in Camus en Sisyphus,Het absurde in Camus en Sisyphus,concept,"In The Myth of Sisyphus (1942) kiest Camus voor deze mythe omdat Sisyphus zijn lot kent en toch doorgaat. Camus concludeert dat ""je Sisyphus gelukkig moet voorstellen"" - alleen de weigering van berusting maakt het absurde draaglijk.",short_form
course_168_sisyphe_punition_eternelle,overmoed van Sisyphus,De overmoed van Sisyphus,concept,Sisyphus werd gestraft omdat hij tweemaal de dood had bedrogen en geheimen van de goden had onthuld. In de Griekse mythologie ontvingen stervelingen die de goddelijke orde trotseerden of aanspraak maakten op onsterfelijkheid eeuwige en voorbeeldige straffen.,short_form
course_169_tantale_et_son_supplice,"chemische element tantaal (Ta, 73)","Het chemische element tantaal (Ta, 73)",concept,Zo genoemd in 1802 door Ekeberg omdat het onoplosbaar is in zuren - zoals Tantalus die niets kan doorslikken. Het wordt gebruikt in condensatoren voor smartphones en in biocompatibele medische prothesen.,short_form
course_169_tantale_et_son_supplice,scheikundig element tantaal,"scheikundig element tantaal (Ta, 73)",concept,Zo genoemd in 1802 door Ekeberg omdat het onoplosbaar is in zuren - zoals Tantalus die niets kan doorslikken. Het wordt gebruikt in smartphonecondensatoren en in biocompatibele medische prothesen.,short_form
course_169_tantale_et_son_supplice,chemische element tantaal,Het chemische element tantaal,concept,Zo genoemd in 1802 door Ekeberg omdat het onoplosbaar is in zuren - zoals Tantalus die niets kan doorslikken. Het wordt gebruikt in condensatoren voor smartphones en in biocompatibele medische prothesen.,short_form
course_170_meduse_et_persee,Gorgonion,Het Gorgonion,concept,"Afbeelding van het hoofd van Medusa, gebruikt als apotropisch amulet (om het kwaad af te weren) in het oude Griekenland. Het werd gevonden op tempels, schilden, ringen, mozaïeken. Het ging over in de Romeinse kunst en vervolgens in middeleeuwse wapenschilden.",short_form
course_171_hercule_et_ses_12_travaux,pijlers van Hercules,De pijlers van Hercules,concept,"Voorgebergten van Gibraltar die volgens de oude traditie de grenzen van de bekende wereld vormden. De uitdrukking ""nec plus ultra"" werd ermee geassocieerd. Columbus stak ze in 1492 over en verlegde de grenzen van de bekende wereld naar het Westen.",short_form
course_172_thesee_et_le_minotaure,draad van Ariadne,De draad van Ariadne,concept,"Een uitdrukking die in elke taal voorkomt om een ​​oriëntatiepunt aan te duiden waarmee iemand zijn weg kan vinden in een complexe situatie. Ariadne geeft Theseus een draad om het labyrint te verlaten - een symbool van geheugen, methode en de hulp van de Ander.",short_form
course_173_ulysse_et_le_cyclope,sluwheid,Metis (sluwheid) in de Griekse cultuur,concept,"Praktische intelligentie, sluwheid, het vermogen om een ​​ongunstige situatie om te keren. Odysseus belichaamt metis bij uitstek - zijn Homerische bijnaam is 'van vele listen'. Het is tegengesteld aan biē (brute kracht) belichaamd door Ajax.",short_form
course_173_ulysse_et_le_cyclope,Metis  in de Griekse cultuur,Metis (sluwheid) in de Griekse cultuur,concept,"Praktische intelligentie, sluwheid, het vermogen om een ​​ongunstige situatie om te keren. Odysseus belichaamt metis bij uitstek - zijn Homerische bijnaam is 'van vele listen'. Het is tegengesteld aan biē (brute kracht) belichaamd door Ajax.",short_form
course_175_jason_et_la_toison_d_or,het huidige Georgië,Colchis (het huidige Georgië),concept,"Regio ten oosten van de Zwarte Zee, in de Griekse mythen beschreven als het einde van de oostelijke wereld. Herders daar gebruikten schapenvacht om goud uit de goudhoudende rivieren van de Kaukasus te filteren - het 'gouden vlies' kan echt zijn geweest.",short_form
course_175_jason_et_la_toison_d_or,verraad van Medea en Jason,Het verraad van Medea en Jason,personnage,"Dochter van de koning van Colchis, ze verraadde haar vader en offerde haar broer op voor Jason. Toen Jason haar in de steek liet voor een politieke alliantie in Korinthe, is haar wraak – het vermoorden van hun eigen kinderen – de meest verschrikkelijke daad uit de hele Griekse mythologie.",short_form
course_175_jason_et_la_toison_d_or,hedendaagse Georgië,het hedendaagse Georgië,concept,"Regio ten oosten van de Zwarte Zee, in de Griekse mythen beschreven als het einde van de oostelijke wereld. Herders daar gebruikten schapenvacht om goud uit de goudhoudende rivieren van de Kaukasus te filteren - het 'gouden vlies' kan echt zijn geweest.",short_form
course_178_antigone_devoir_familial_vs_loi_de_l_eta,Antigone door Jean Anouilh,Antigone door Jean Anouilh (1944),evenementConnexe,"Toneelstuk opgevoerd in Parijs tijdens de nazi-bezetting. Anouilh liet zijn politieke lezing opzettelijk dubbelzinnig: Creon zou de Duitsers kunnen vertegenwoordigen of Vichy, Antigone het verzet. Beide partijen vonden in het Werk wat ze zochten: genialiteit of opportunisme?",short_form
course_179_la_guerre_de_troie_et_le_cheval_de_bois,Troje  en archeologie,Troje (Hisarlik) en archeologie,concept,"Schliemann vond Troje in 1870 in Hisarlik, Turkije. Opgravingen brachten negen opeenvolgende steden aan het licht. Troje VIIa (rond 1184 v.Chr.) vertoont sporen van vuur die overeenkomen met het verhaal van Homerus: de Trojaanse oorlog heeft mogelijk plaatsgevonden.",short_form
course_179_la_guerre_de_troie_et_le_cheval_de_bois,Nostoi,De terugkeer van de helden (Nostoi),concept,"Na de Trojaanse oorlog ervaren Griekse helden tragische rendementen: Agamemnon wordt vermoord, Ajax sterft. Alleen Menelaüs vindt Helena weer. Deze ""Nostoi"" vormden een epische cyclus (nu verloren gegaan) die net zo belangrijk was als de Ilias voor de oude Grieken.",short_form
course_179_la_guerre_de_troie_et_le_cheval_de_bois,terugkeer van de helden,De terugkeer van de helden,concept,"Na de Trojaanse oorlog ervaren Griekse helden tragische rendementen: Agamemnon wordt vermoord, Ajax sterft. Alleen Menelaüs vindt Helena weer. Deze ""Nostoi"" vormden een epische cyclus (nu verloren gegaan) die net zo belangrijk was als de Ilias voor de oude Grieken.",short_form
course_180_thor_et_loki_mythologie_nordique,De Proza Edda,De Proza Edda (Snorri Sturluson),referenceHistorique,"Een IJslandse verhandeling over poëtica en mythologie uit de 13e eeuw. Hoewel geschreven in een christelijke context, vormt het de meest gestructureerde bron over Noorse overtuigingen, bedoeld om de kunst van de oude poëzie te behouden.",short_form
course_180_thor_et_loki_mythologie_nordique,proza-Edda,Het proza-Edda,referenceHistorique,"Een IJslandse verhandeling over poëtica en mythologie uit de 13e eeuw. Hoewel geschreven in een christelijke context, vormt het de meest gestructureerde bron over Noorse overtuigingen, bedoeld om de kunst van de oude poëzie te behouden.",short_form
course_182_osiris_et_set_mythologie_egyptienne,Dodenboek,Het Dodenboek,concept,"Een verzameling magische spreuken die overleden Egyptenaren begeleiden naar het hiernamaals. Het leidde de ziel door de beproevingen van de onderwereld, met name het oordeel voor Osiris. Sommige geïllustreerde papyri behoren tot de mooiste werken van de Egyptische kunst.",short_form
course_183_gilgamesh_le_premier_heros_de_l_histoire,"Soemerië, Babylon","De Mesopotamische beschaving (Soemerië, Babylon)",concept,"Een verzamelnaam voor de beschavingen van de Vruchtbare Halve Maan tussen de rivieren de Tigris en de Eufraat (het huidige Irak). Ze vonden het spijkerschrift uit, de gecodificeerde wet (Code van Hammurabi), de sexagesimale wiskunde en de astronomie.",short_form
course_183_gilgamesh_le_premier_heros_de_l_histoire,zondvloedverhaal in het epos,Het zondvloedverhaal in het epos,concept,Tablet XI van het Epos bevat een universele zondvloedmythe vóór de bijbelse zondvloed: Utnapishtim bouwt een boot en brengt alle dieren aan boord. Deze parallel verbijsterde bijbelgeleerden toen het in 1872 werd ontdekt.,short_form
course_183_gilgamesh_le_premier_heros_de_l_histoire,Mesopotamische beschaving,De Mesopotamische beschaving,concept,"Een verzamelnaam voor de beschavingen van de Vruchtbare Halve Maan tussen de rivieren de Tigris en de Eufraat (het huidige Irak). Ze vonden het spijkerschrift uit, de gecodificeerde wet (Code van Hammurabi), de sexagesimale wiskunde en de astronomie.",short_form
course_184_romulus_et_remus_la_fondation_de_rome,753 v.Chr.,Ab Urbe Condita (753 v.Chr.),concept,"De traditionele datum van de stichting van Rome, berekend door Varro in de 1e eeuw voor Christus. De Romeinen telden jaren ""vanaf de stichting van de stad"" (AUC). Deze legendarische datum kwam overeen met de monarchie van de zeven koningen van Rome.",short_form
course_186_les_valkyries_et_le_valhalla,De rit van de Walkuren,De rit van de Walkuren (Wagner),referenceHistorique,"Richard Wagner zette de Noorse mythologie op muziek in Der Ring des Nibelungen (1848-1874). ""The Ride of the Valkyries"" is een van de bekendste klassieke muziekwerken ter wereld, vaak geassocieerd met de Amerikaanse cinema.",short_form
course_186_les_valkyries_et_le_valhalla,rit van de Walkuren (Wagner),De rit van de Walkuren (Wagner),referenceHistorique,"Richard Wagner zette de Noorse mythologie op muziek in Der Ring des Nibelungen (1848-1874). ""The Ride of the Valkyries"" is een van de bekendste klassieke muziekwerken ter wereld, vaak geassocieerd met de Amerikaanse cinema.",short_form
course_186_les_valkyries_et_le_valhalla,rit van de Valkyries,De rit van de Valkyries,referenceHistorique,"Richard Wagner zette de Noorse mythologie op muziek in Der Ring des Nibelungen (1848-1874). ""The Ride of the Valkyries"" is een van de bekendste klassieke muziekwerken ter wereld, vaak geassocieerd met de Amerikaanse cinema.",short_form
course_189_dionysos_le_dieu_du_vin_et_de_l_exces,Apollonische en het Dionysische (Nietzsche),Het Apollonische en het Dionysische (Nietzsche),concept,Filosofische tegenstelling tussen orde/rede (Apollo) en chaos/bedwelming (Dionysos) als drijvende krachten achter artistieke creatie.,short_form
course_189_dionysos_le_dieu_du_vin_et_de_l_exces,Apollonische en het Dionysische,Het Apollonische en het Dionysische,concept,Filosofische tegenstelling tussen orde/rede (Apollo) en chaos/bedwelming (Dionysos) als drijvende krachten achter artistieke creatie.,short_form
course_189_dionysos_le_dieu_du_vin_et_de_l_exces,Apolloniaans en Dionysisch,Apolloniaans en Dionysisch (Nietzsche),concept,Filosofische tegenstelling tussen orde/rede (Apollo) en chaos/bedwelming (Dionysos) als drijvende krachten achter artistieke creatie.,short_form
course_189_dionysos_le_dieu_du_vin_et_de_l_exces,theater,Theater,concept,"Speelruimte ontstaan ​​in de 6e eeuw voor Christus in Athene als een religieuze daad gewijd aan Dionysus, gericht op de zuivering van emoties (catharsis).",content_link
course_191_enee_et_la_fondation_de_rome_virgile,goddelijke komedie,De goddelijke komedie,referenceHistorique,Belangrijk gedicht van Dante Alighieri (14e eeuw) waarin Virgil verschijnt als de gids van de verteller door de hel en het vagevuur.,short_form
course_195_lancelot_guenievre_et_la_table_ronde,zoektocht naar de Graal en het middeleeuwse christendom,De zoektocht naar de Graal en het middeleeuwse christendom,concept,"De Graal werd gekerstend: de kelk van het Laatste Avondmaal of de beker waarin het bloed van Christus werd opgevangen. De zoektocht wordt een spirituele zoektocht naar zuiverheid. Alleen Galaad – puur en zonder zonde – kan het bereiken. Lancelot, verontreinigd door zijn liefde voor Guinevere, faalt.",short_form
course_195_lancelot_guenievre_et_la_table_ronde,middeleeuwse hoofse liefde,middeleeuwse hoofse liefde (fin'amor),concept,"Sociale code die de geheime en ontoegankelijke liefde van een ridder voor een dame (vaak getrouwd) verheerlijkt. Lancelot en Guinevere zijn het perfecte voorbeeld. Deze overspelige passie, destructief en toch subliem, vormt de kern van de middeleeuwse literatuur.",short_form
course_197_les_mille_et_une_nuits_sheherazade,frameverhaal,Ingebedde verhalen (frameverhaal),concept,"Narratieve techniek: verhalen worden in elkaar genest. Geërfd uit de Indiase traditie, werd het door Scheherazade tot zijn hoogtepunt gebracht en zou het Boccaccio, Chaucer, Cervantes, vervolgens Borges en het postmoderne verhaal beïnvloeden.",short_form
course_197_les_mille_et_une_nuits_sheherazade,geneste verhalen,geneste verhalen (frameverhaal),concept,"Narratieve techniek: verhalen worden in elkaar genest. Geërfd uit de Indiase traditie, werd het door Scheherazade tot zijn hoogtepunt gebracht en zou het Boccaccio, Chaucer, Cervantes, vervolgens Borges en het postmoderne verhaal beïnvloeden.",short_form
course_198_sindbad_le_marin,westelijke parallel,Marco Polo (westelijke parallel),personnage,Marco Polo (1254-1324) maakte de tegenovergestelde reis van Sinbad: van Venetië naar het China van Kublai Khan. Zijn verhalen leken net zo fantastisch als die van Sinbad. Het Boek der Wonderen had Columbus rechtstreeks beïnvloed in zijn plannen om naar Azië te reizen.,short_form
course_199_les_titans_vs_les_dieux_la_titanomachie,Gigantomachy,De Gigantomachy,concept,"Na de Titanomachy moesten de Olympiërs het opnemen tegen de Giants (geboren uit het bloed van Uranus), die bijna onoverwinnelijk waren. Deze tweede godenoorlog is een voorbode van de permanente spanningen tussen de Olympische orde en de oorspronkelijke krachten van de chaos.",short_form
course_203_les_tensions_autour_de_taiwan,Taiwan Semiconductor Manufacturing Company,TSMC (Taiwan Semiconductor Manufacturing Company),concept,Taiwanese fabrikant die ongeveer 92% van 's werelds meest geavanceerde chips produceert. Deze mondiale afhankelijkheid verklaart waarom een ​​Chinese invasie een mondiale economische catastrofe zou veroorzaken: het ‘siliciumschild’ van Taiwan.,short_form
course_204_le_concept_de_monde_multipolaire,nieuw,Zijderoutes (nieuw),concept,"Een enorm infrastructuur- en investeringsproject dat China in 2013 lanceerde om Azië, Europa en Afrika met elkaar te verbinden, waardoor het mondiale geopolitieke gewicht ervan wordt versterkt.",short_form
course_205_le_petrole_comme_source_de_conflits,‘bronnenvloek’,De ‘bronnenvloek’,concept,"Economische paradox: landen die rijk zijn aan natuurlijke hulpbronnen (olie, diamanten) ervaren vaak een lagere groei en vaker conflicten. De oliehuur creëert roofzuchtige staten en ontmoedigt economische diversificatie.",short_form
course_205_le_petrole_comme_source_de_conflits,Hulpbronnenvloek,Hulpbronnenvloek (de),concept,"Economische paradox: landen die rijk zijn aan natuurlijke hulpbronnen (olie, diamanten) ervaren vaak een langzamere groei en vaker conflicten. De oliehuur creëert roofzuchtige staten en ontmoedigt economische diversificatie.",short_form
course_205_le_petrole_comme_source_de_conflits,vloek van de hulpbronnen,De vloek van de hulpbronnen,concept,"Economische paradox: landen die rijk zijn aan natuurlijke hulpbronnen (olie, diamanten) ervaren vaak een langzamere groei en vaker conflicten. De oliehuur creëert roofzuchtige staten en ontmoedigt economische diversificatie.",short_form
course_206_le_canal_de_suez_pourquoi_il_est_strateg,maart 2021,Het ooit gegeven (maart 2021),evenementConnexe,"Een containerschip van 400 meter dat zes dagen lang aan de overkant van het kanaal aan de grond liep en 400 schepen blokkeerde. Het kostte de wereldeconomie 400 miljoen dollar per uur, wat perfect het strategische belang van het kanaal in mondiale ketens illustreert.",short_form
course_206_le_canal_de_suez_pourquoi_il_est_strateg,ooit gegeven (maart 2021),Het ooit gegeven (maart 2021),evenementConnexe,"Een containerschip van 400 meter dat zes dagen lang aan de overkant van het kanaal aan de grond liep en 400 schepen blokkeerde. Het kostte de wereldeconomie 400 miljoen dollar per uur, wat perfect het strategische belang van het kanaal in mondiale ketens illustreert.",short_form
course_206_le_canal_de_suez_pourquoi_il_est_strateg,Suez-crisis,De Suez-crisis,concept,"Toen Nasser het kanaal nationaliseerde, vielen Frankrijk, Groot-Brittannië en Israël Egypte binnen. Onder Amerikaanse druk (Eisenhower dreigde het Britse pond te laten instorten) moesten ze zich terugtrekken, wat het einde betekende van de Frans-Britse koloniale macht.",short_form
course_206_le_canal_de_suez_pourquoi_il_est_strateg,ooit gegeven,Het ooit gegeven,evenementConnexe,"Een containerschip van 400 meter dat zes dagen lang aan de overkant van het kanaal aan de grond liep en 400 schepen blokkeerde. Het kostte de wereldeconomie 400 miljoen dollar per uur, wat perfect het strategische belang van het kanaal in mondiale ketens illustreert.",short_form
course_207_l_otan_a_quoi_ca_sert_encore,oostelijke expansie van de NAVO,De oostelijke expansie van de NAVO,concept,"Sinds 1991 heeft de NAVO veertien nieuwe leden verwelkomd, waaronder voormalige Sovjetrepublieken. Rusland beschouwt deze uitbreiding als een existentiële bedreiging – een argument dat wordt gebruikt om de invasie van Oekraïne in 2022 te rechtvaardigen.",short_form
course_208_l_onu_puissante_ou_impuissante,verantwoordelijkheid om te beschermen (R2P),De verantwoordelijkheid om te beschermen (R2P),concept,"Principe aangenomen door de VN in 2005: de internationale gemeenschap kan ingrijpen in een soevereine staat om burgers in gevaar te beschermen. De toepassing ervan, ontwikkeld in de jaren negentig na de inactiviteit in Rwanda en Bosnië, blijft zeer selectief.",short_form
course_208_l_onu_puissante_ou_impuissante,verantwoordelijkheid om te beschermen,De verantwoordelijkheid om te beschermen,concept,"Principe aangenomen door de VN in 2005: de internationale gemeenschap kan ingrijpen in een soevereine staat om burgers in gevaar te beschermen. De toepassing ervan, ontwikkeld in de jaren negentig na de inactiviteit in Rwanda en Bosnië, blijft zeer selectief.",short_form
course_208_l_onu_puissante_ou_impuissante,Verantwoordelijkheid om te beschermen,Verantwoordelijkheid om te beschermen (R2P),concept,"Principe aangenomen door de VN in 2005: de internationale gemeenschap kan ingrijpen in een soevereine staat om burgers in gevaar te beschermen. De toepassing ervan, ontwikkeld in de jaren negentig na de inactiviteit in Rwanda en Bosnië, blijft zeer selectief.",short_form
course_213_l_evasion_fiscale_des_multinationales,Nederlandse Sandwich,"De ""Double Irish"" (Nederlandse Sandwich)",concept,"Belastingstructuur waarbij Ierse en Nederlandse dochterondernemingen worden gebruikt om intellectuele eigendomsrechten over te dragen aan Bermuda. Apple, Google en Facebook gebruikten het tot de uitfasering (2020) en betaalden effectieve tarieven van minder dan 2%.",short_form
course_213_l_evasion_fiscale_des_multinationales,"De ""Double Irish""","De ""Double Irish"" (Nederlandse Sandwich)",concept,"Belastingstructuur waarbij Ierse en Nederlandse dochterondernemingen worden gebruikt om intellectuele eigendomsrechten over te dragen aan Bermuda. Apple, Google en Facebook gebruikten het tot de uitfasering (2020) en betaalden effectieve tarieven van minder dan 2%.",short_form
course_213_l_evasion_fiscale_des_multinationales,De mondiale minimumbelasting van 15%,"De mondiale minimumbelasting van 15% (OESO, 2021)",concept,"Overeenkomst ondertekend door 136 landen om een ​​minimumtarief van 15% op de winsten van multinationals op te leggen, ongeacht het land van indiening. Het is het eerste grote internationale belastingverdrag in de geschiedenis en heeft tot doel een einde te maken aan de ‘race to the bottom’ op belastinggebied.",short_form
course_213_l_evasion_fiscale_des_multinationales,"mondiale minimumbelasting van 15% (OESO, 2021)","De mondiale minimumbelasting van 15% (OESO, 2021)",concept,"Overeenkomst ondertekend door 136 landen om een ​​minimumtarief van 15% op de winsten van multinationals op te leggen, ongeacht het land van indiening. Het is het eerste grote internationale belastingverdrag in de geschiedenis en heeft tot doel een einde te maken aan de ‘race to the bottom’ op belastinggebied.",short_form
course_213_l_evasion_fiscale_des_multinationales,15% mondiale minimumbelasting,"15% mondiale minimumbelasting (OESO, 2021)",concept,"Een overeenkomst ondertekend door 136 landen om een ​​minimumtarief van 15% op te leggen aan multinationale winsten, ongeacht het land van indiening. Het is het eerste grote internationale belastingverdrag in de geschiedenis en heeft tot doel een einde te maken aan de belastingrace naar de bodem.",short_form
course_213_l_evasion_fiscale_des_multinationales,"""dubbele Ieren""","De ""dubbele Ieren""",concept,"Belastingstructuur waarbij Ierse en Nederlandse dochterondernemingen worden gebruikt om intellectuele eigendomsrechten over te dragen aan Bermuda. Apple, Google en Facebook gebruikten het tot de uitfasering (2020) en betaalden effectieve tarieven van minder dan 2%.",short_form
course_213_l_evasion_fiscale_des_multinationales,"""Double Irish""","""Double Irish"" (Nederlandse Sandwich)",concept,"Belastingstructuur waarbij Ierse en Nederlandse dochterondernemingen worden gebruikt om intellectuele eigendomsrechten over te dragen aan Bermuda. Apple, Google en Facebook gebruikten het tot de uitfasering (2020) en betaalden effectieve tarieven van minder dan 2%.",short_form
course_213_l_evasion_fiscale_des_multinationales,wereldwijde minimumbelasting van 15%,De wereldwijde minimumbelasting van 15%,concept,"Overeenkomst ondertekend door 136 landen om een ​​minimumtarief van 15% op de winsten van multinationals op te leggen, ongeacht het land van indiening. Het is het eerste grote internationale belastingverdrag in de geschiedenis en heeft tot doel een einde te maken aan de ‘race to the bottom’ op belastinggebied.",short_form
course_214_la_crise_de_l_etat_providence,Beveridge-rapport,Het Beveridge-rapport,concept,"Document van de Britse econoom Beveridge dat de fundamenten legt van de verzorgingsstaat: universele bescherming tegen de ""vijf reuzen"" (armoede, ziekte, onwetendheid, ellende, nietsdoen). Het inspireerde de oprichting van de NHS en de naoorlogse sociale systemen.",short_form
course_215_les_inegalites_nord_sud,"De ""olifantencurve""","De ""olifantencurve"" (Milanovic)",concept,"Grafiek van econoom Milanovic: tussen 1988 en 2008 boekten de Aziatische middenklasse en de mondiale ultrarijken de grootste vooruitgang, terwijl de arbeidersklasse in de rijke landen stagneerde. Deze curve verklaart gedeeltelijk de opkomst van het westerse populisme.",short_form
course_215_les_inegalites_nord_sud,"""olifantencurve"" (Milanovic)","De ""olifantencurve"" (Milanovic)",concept,"Grafiek van econoom Milanovic: tussen 1988 en 2008 boekten de Aziatische middenklasse en de mondiale ultrarijken de grootste vooruitgang, terwijl de arbeidersklasse in de rijke landen stagneerde. Deze curve verklaart gedeeltelijk de opkomst van het westerse populisme.",short_form
course_215_les_inegalites_nord_sud,"""olifantcurve""","De ""olifantcurve""",concept,"Grafiek van econoom Milanovic: tussen 1988 en 2008 boekten de Aziatische middenklasse en de mondiale ultrarijken de grootste vooruitgang, terwijl de arbeidersklasse in de rijke landen stagneerde. Deze curve verklaart gedeeltelijk de opkomst van het westerse populisme.",short_form
course_216_la_dette_mondiale,Moderne Monetaire Theorie,Moderne Monetaire Theorie (MMT),concept,"Een benadering die stelt dat een staat die in zijn eigen munt leent (Verenigde Staten, Japan) technisch gezien niet failliet kan gaan – hij kan altijd geld creëren. Het enige risico is inflatie. Het rechtvaardigt aanzienlijke tekorten zolang de inflatie onder controle blijft.",short_form
course_218_le_role_des_donnees_le_petrole_du_xxie_s,Surveillancekapitalisme,Surveillancekapitalisme (Zuboff),concept,Concept door Shoshana Zuboff: GAFAM creëerde een model gebaseerd op het vastleggen van menselijk gedrag om dit als voorspellingen aan adverteerders te verkopen. Mensen worden de ‘grondstof’ van een onzichtbare economische markt.,short_form
course_218_le_role_des_donnees_le_petrole_du_xxie_s,Europese AVG,De Europese AVG,concept,"Algemene verordening gegevensbescherming - de meest ambitieuze wet op de bescherming van persoonsgegevens. Het geeft Europese burgers het recht om toegang te krijgen tot hun gegevens, deze te corrigeren en te verwijderen. Mondiale bedrijven zijn onderworpen aan de regels ervan.",short_form
course_218_le_role_des_donnees_le_petrole_du_xxie_s,surveillancekapitalisme,Het surveillancekapitalisme,concept,Concept door Shoshana Zuboff: GAFAM creëerde een model gebaseerd op het vastleggen van menselijk gedrag om dit als voorspellingen aan adverteerders te verkopen. Mensen worden de ‘grondstof’ van een onzichtbare economische markt.,short_form
course_219_la_fracture_numerique_mondiale,SpaceX,Starlink (SpaceX),concept,"Een constellatie van satellieten die snel internet bieden in gebieden zonder terrestrische infrastructuur. Het kan de internettoegang in plattelandsgebieden van ontwikkelingslanden transformeren, maar blijft duur. Ook gebruikt door Oekraïne in zijn oorlog tegen Rusland.",short_form
course_219_la_fracture_numerique_mondiale,Starlink,Starlink (SpaceX),concept,"Een constellatie van satellieten die snel internet bieden in gebieden zonder terrestrische infrastructuur. Het kan de internettoegang in plattelandsgebieden van ontwikkelingslanden transformeren, maar blijft duur. Ook gebruikt door Oekraïne in zijn oorlog tegen Rusland.",short_form
course_220_la_desinformation_et_les_fake_news,Het Russische Internetonderzoeksbureau,Het Russische Internetonderzoeksbureau (IRA),concept,"Een door Prigozhin gefinancierde trollenboerderij in Sint-Petersburg, waar honderden mensen werken om nepaccounts aan te maken en de Amerikaanse en Europese publieke opinie te manipuleren. Aan het licht gekomen tijdens het Mueller-onderzoek naar de verkiezingen van 2016.",short_form
course_220_la_desinformation_et_les_fake_news,Russische Internetonderzoeksbureau (IRA),Het Russische Internetonderzoeksbureau (IRA),concept,"Een door Prigozhin gefinancierde trollenboerderij in Sint-Petersburg, waar honderden mensen werken om nepaccounts aan te maken en de Amerikaanse en Europese publieke opinie te manipuleren. Aan het licht gekomen tijdens het Mueller-onderzoek naar de verkiezingen van 2016.",short_form
course_220_la_desinformation_et_les_fake_news,Russische internetonderzoeksbureau,Het Russische internetonderzoeksbureau,concept,"Een door Prigozhin gefinancierde trollenboerderij in Sint-Petersburg, waar honderden mensen werken om nepaccounts aan te maken en de Amerikaanse en Europese publieke opinie te manipuleren. Aan het licht gekomen tijdens het Mueller-onderzoek naar de verkiezingen van 2016.",short_form
course_223_l_economie_circulaire,"verminderen, hergebruiken, recyclen","De 3V-regel (verminderen, hergebruiken, recyclen)",concept,"Afvalbeheerhiërarchie in volgorde van prioriteit. Verminder eerst de consumptie, hergebruik vervolgens bestaande producten en recycleer ten slotte als laatste redmiddel. De volgorde is cruciaal: recycling kost veel energie en lost de overconsumptie niet op.",short_form
course_223_l_economie_circulaire,De 3V-regel,"De 3V-regel (verminderen, hergebruiken, recyclen)",concept,"Afvalbeheerhiërarchie in volgorde van prioriteit. Verminder eerst de consumptie, hergebruik vervolgens bestaande producten en recycleer ten slotte als laatste redmiddel. De volgorde is cruciaal: recycling kost veel energie en lost de overconsumptie niet op.",short_form
course_223_l_economie_circulaire,"3V-regel (verminderen, hergebruiken, recyclen)","De 3V-regel (verminderen, hergebruiken, recyclen)",concept,"Afvalbeheerhiërarchie in volgorde van prioriteit. Verminder eerst de consumptie, hergebruik vervolgens bestaande producten en recycleer ten slotte als laatste redmiddel. De volgorde is cruciaal: recycling kost veel energie en lost de overconsumptie niet op.",short_form
course_223_l_economie_circulaire,3R-regel,De 3R-regel,concept,"Afvalbeheerhiërarchie in volgorde van prioriteit. Verminder eerst de consumptie, hergebruik vervolgens bestaande producten en recycleer ten slotte als laatste redmiddel. De volgorde is cruciaal: recycling kost veel energie en lost de overconsumptie niet op.",short_form
course_226_l_ia_et_l_emploi,UBI,Universeel basisinkomen (UBI),concept,"Regelmatige betaling van een vast bedrag aan alle burgers, zonder voorwaarden. Gezien als antwoord op de automatisering. Experimenten in Finland, Kenia en Californië leveren bemoedigende resultaten op, maar de generalisatie ervan blijft economisch gezien zeer omstreden.",short_form
course_226_l_ia_et_l_emploi,universeel basisinkomen,universeel basisinkomen (UBI),concept,"Regelmatige betaling van een vast bedrag aan alle burgers, zonder voorwaarden. Gezien als antwoord op de automatisering. Experimenten in Finland, Kenia en Californië leveren bemoedigende resultaten op, maar de generalisatie ervan blijft economisch gezien zeer omstreden.",short_form
course_227_le_populisme_pourquoi_ca_monte_partout,klasse,De culturele (waarden) versus economische (klasse) kloof,concept,Inglehart en Norris laten zien dat populisme zowel cultureel als economisch is: de ‘verliezers’ van de mondialisering en de culturele revolutie bevinden zich in partijen die hun traditionele waarden verdedigen tegen een kosmopolitische elite die als minachtend wordt ervaren.,short_form
course_227_le_populisme_pourquoi_ca_monte_partout,De culturele  versus economische  kloof,De culturele (waarden) versus economische (klasse) kloof,concept,Inglehart en Norris laten zien dat populisme zowel cultureel als economisch is: de ‘verliezers’ van de mondialisering en de culturele revolutie bevinden zich in partijen die hun traditionele waarden verdedigen tegen een kosmopolitische elite die als minachtend wordt ervaren.,short_form
course_227_le_populisme_pourquoi_ca_monte_partout,Orbán,Illiberale democratieën (Orbán),concept,"Een concept dat werd geclaimd door de Hongaarse premier Viktor Orbán (2014): een democratisch gekozen regime dat de checks and balances (pers, justitie, ngo’s) aan banden legt. Dit model, dat ook door Erdogan en Modi in de praktijk wordt gebracht, daagt het idee van de liberale democratie uit.",short_form
course_227_le_populisme_pourquoi_ca_monte_partout,culturele versus economische kloof,De culturele versus economische kloof,concept,Inglehart en Norris laten zien dat populisme zowel cultureel als economisch is: de ‘verliezers’ van de mondialisering en de culturele revolutie bevinden zich in partijen die hun traditionele waarden verdedigen tegen een kosmopolitische elite die als minachtend wordt ervaren.,short_form
course_227_le_populisme_pourquoi_ca_monte_partout,culturele  versus economische  kloof,culturele (waarden) versus economische (klasse) kloof,concept,Inglehart en Norris laten zien dat populisme zowel cultureel als economisch is: de ‘verliezers’ van de mondialisering en de culturele revolutie bevinden zich in partijen die hun traditionele waarden verdedigen tegen een kosmopolitische elite die als minachtend wordt ervaren.,short_form
course_228_la_sante_mentale_comme_enjeu_de_societe,beroepsuitputting,Burn-out (beroepsuitputting),concept,"Een syndroom van chronische uitputting veroorzaakt door overwerk, dat sinds 2019 door de WHO wordt erkend als een beroepsverschijnsel. Het wordt gekenmerkt door emotionele uitputting, depersonalisatie en een verminderd gevoel van voldoening.",short_form
course_228_la_sante_mentale_comme_enjeu_de_societe,smartphone- en geestelijke gezondheidshypothese (Haidt),De smartphone- en geestelijke gezondheidshypothese (Haidt),concept,Psycholoog Jonathan Haidt stelt dat de massale adoptie van smartphones door adolescenten vanaf 2012 de voornaamste oorzaak is van de epidemie van depressie en angst onder jongeren. Het wetenschappelijke debat blijft intens.,short_form
course_228_la_sante_mentale_comme_enjeu_de_societe,smartphone- en geestelijke gezondheidshypothese,De smartphone- en geestelijke gezondheidshypothese,concept,Psycholoog Jonathan Haidt stelt dat de massale adoptie van smartphones door adolescenten vanaf 2012 de voornaamste oorzaak is van de epidemie van depressie en angst onder jongeren. Het wetenschappelijke debat blijft intens.,short_form
course_228_la_sante_mentale_comme_enjeu_de_societe,smartphone en geestelijke gezondheidshypothese,smartphone en geestelijke gezondheidshypothese (Haidt),concept,Psycholoog Jonathan Haidt stelt dat de massale adoptie van smartphones door adolescenten vanaf 2012 de voornaamste oorzaak is van de epidemie van depressie en angst onder jongeren. Het wetenschappelijke debat blijft intens.,short_form
course_230_la_liberte_de_la_presse_dans_le_monde,Verslaggevers Zonder Grenzen,Verslaggevers Zonder Grenzen (RSF),lieuInstitution,Een NGO opgericht in 1985 die de jaarlijkse World Press Freedom Index publiceert waarin 180 landen worden geëvalueerd. De index voor 2024 plaatst Noorwegen bovenaan en Noord-Korea en Eritrea onderaan.,short_form
course_231_les_migrations_climatiques,juridische vacuüm van de ‘klimaatvluchteling’,Het juridische vacuüm van de ‘klimaatvluchteling’,concept,Het Verdrag van Genève erkent klimaatontheemding niet als asielgrond. Mensen die vluchten voor de stijging van de zeespiegel genieten geen internationale rechtsbescherming – een van de meest urgente uitdagingen in het huidige internationale recht.,short_form
course_233_le_droit_d_asile_explique,Verdrag van Genève,Het Verdrag van Genève,concept,"Oprichtingsverdrag voor het vluchtelingenrecht, ondertekend na de ontheemding in de Tweede Wereldoorlog. Het definieert de vluchteling en vestigt het beginsel van non-refoulement – ​​het verbod om iemand uit te zetten naar een land waar zijn leven wordt bedreigd.",short_form
course_234_la_securite_alimentaire_mondiale,FAO,De FAO,lieuInstitution,"VN-agentschap opgericht in 1945 met als mandaat het uitroeien van honger en het waarborgen van de mondiale voedselzekerheid. Het verzamelt landbouwstatistieken, coördineert noodvoedselhulp en bevordert duurzame landbouwpraktijken.",short_form
course_235_l_eau_prochaine_source_de_conflits,Grote Ethiopische Renaissancedam,De Grote Ethiopische Renaissancedam,evenementConnexe,"Dam gebouwd door Ethiopië op de Blauwe Nijl sinds 2011, die de stroom richting Egypte en Soedan zal verminderen. Egypte dreigde oorlog te voeren als de bouw doorging - een illustratie van de toenemende spanningen over grensoverschrijdende watervoorraden.",short_form
course_236_le_soft_power_americain,"""Brussels-effect""","Het ""Brussels-effect""",concept,"Europese regelgevingsnormen (AVG, voedselnormen, milieunormen) worden wereldwijd overgenomen door multinationals die toegang willen krijgen tot de markt van 450 miljoen consumenten. De EU oefent dus aanzienlijke zachte regelgevende macht uit.",short_form
course_237_les_gafam_puissance_et_derives,De Europese Digitale Marktwet,De Europese Digitale Marktwet (DMA) (2022),concept,Europese wetgeving die tot doel heeft de ‘poortwachters’ van digitale markten te reguleren. Het verplicht interoperabiliteit en verbiedt vriendjespolitiek ten aanzien van de eigen diensten. Het is de meest ambitieuze regelgeving van GAFAM ter wereld.,short_form
course_237_les_gafam_puissance_et_derives,Europese Digitale Marktwet (DMA) (2022),De Europese Digitale Marktwet (DMA) (2022),concept,Europese wetgeving die tot doel heeft de ‘poortwachters’ van digitale markten te reguleren. Het verplicht interoperabiliteit en verbiedt vriendjespolitiek ten aanzien van de eigen diensten. Het is de meest ambitieuze regelgeving van GAFAM ter wereld.,short_form
course_237_les_gafam_puissance_et_derives,Europese Digitale Marktenwet,De Europese Digitale Marktenwet,concept,Europese wetgeving die tot doel heeft de ‘poortwachters’ van digitale markten te reguleren. Het verplicht interoperabiliteit en verbiedt vriendjespolitiek ten aanzien van de eigen diensten. Het is de meest ambitieuze regelgeving van GAFAM ter wereld.,short_form
course_237_les_gafam_puissance_et_derives,Europese wet op de digitale markten,Europese wet op de digitale markten (DMA) (2022),concept,Europese wetgeving die tot doel heeft de ‘poortwachters’ van digitale markten te reguleren. Het verplicht interoperabiliteit en verbiedt vriendjespolitiek ten aanzien van de eigen diensten. Het is de meest ambitieuze regelgeving van GAFAM ter wereld.,short_form
course_238_la_transition_energetique,Het Akkoord van Parijs  en klimaatdoelstellingen,Het Akkoord van Parijs (2015) en klimaatdoelstellingen,concept,"Verdrag ondertekend door 196 landen om de opwarming te beperken tot 1,5°C boven het pre-industriële niveau. Elk land stelt zijn eigen doelstellingen (NDC) – de huidige ambities leiden volgens de huidige prognoses tot een opwarming van ongeveer 2,5°C.",short_form
course_238_la_transition_energetique,Akkoord van Parijs (2015) en klimaatdoelstellingen,Het Akkoord van Parijs (2015) en klimaatdoelstellingen,concept,"Verdrag ondertekend door 196 landen om de opwarming te beperken tot 1,5°C boven het pre-industriële niveau. Elk land stelt zijn eigen doelstellingen (NDC) – de huidige ambities leiden volgens de huidige prognoses tot een opwarming van ongeveer 2,5°C.",short_form
course_238_la_transition_energetique,Overeenkomst van Parijs  en klimaatdoelstellingen,Overeenkomst van Parijs (2015) en klimaatdoelstellingen,concept,"Verdrag ondertekend door 196 landen om de opwarming te beperken tot 1,5°C boven het pre-industriële niveau. Elk land stelt zijn eigen doelstellingen (NDC’s) – de huidige ambities leiden volgens de huidige prognoses tot een opwarming van ongeveer 2,5°C.",short_form
course_238_la_transition_energetique,Akkoord van Parijs en de klimaatdoelstellingen,Het Akkoord van Parijs en de klimaatdoelstellingen,concept,"Verdrag ondertekend door 196 landen om de opwarming te beperken tot 1,5°C boven het pre-industriële niveau. Elk land stelt zijn eigen doelstellingen (NDC) – de huidige ambities leiden volgens de huidige prognoses tot een opwarming van ongeveer 2,5°C.",short_form
course_238_la_transition_energetique,Overeenkomst van Parijs,Overeenkomst van Parijs (2015),concept,"Verdrag ondertekend door 196 landen om de opwarming te beperken tot 1,5°C boven het pre-industriële niveau. Elk land stelt zijn eigen doelstellingen (NDC’s) – de huidige ambities leiden volgens de huidige prognoses tot een opwarming van ongeveer 2,5°C.",short_form
course_239_le_futur_du_travail,Creatieve destructie,Creatieve destructie (Schumpeter),concept,"Elke innovatie vernietigt verouderde banen en creëert nieuwe. De geschiedenis lijkt Schumpeter gelijk te geven (van boer tot chauffeur). De vraag is of AI, die ook van invloed is op geschoolde banen, dit patroon zal reproduceren of voorgoed zal doorbreken.",short_form
course_239_le_futur_du_travail,4-daagse week,De 4-daagse week,concept,"Verkorting van de werkweek met behoud van salaris. Experimenten in IJsland, Japan, Spanje en Groot-Brittannië laten positieve resultaten zien: de productiviteit blijft behouden of verbeterd, het welzijn stijgt, het ziekteverzuim daalt.",short_form
course_240_la_chine_et_son_modele_economique,Chinese Communistische Partij,De Chinese Communistische Partij,concept,"Eén partij die sinds 1949 aan de macht is, met 98 miljoen leden. Het controleert de staat, het leger, de media en in toenemende mate de economie. De secretaris-generaal (Sinds 2012 Xi Jinping) is de echte leider van het land.",short_form
