courseId,id,type,question,explanation,options_json,correctIndex,items_json,correctValue,sliderMin,sliderMax,tolerance,unit
course_100_les_fleurs_du_mal_baudelaire,course_100_les_fleurs_du_mal_baudelaire_q1,mcq,מיהו המחבר של Les Fleurs du Mal?,"שארל בודלר פרסם את Les Fleurs du Mal ב-1857, תעודת הלידה של השירה המודרנית.","[""צ'רלס בודלר"", ""פול ורלן"", ""סטפן מאלרמה"", ""ארתור רימבו""]",0,,,,,,
course_100_les_fleurs_du_mal_baudelaire,course_100_les_fleurs_du_mal_baudelaire_q2,mcq,מדוע נידונו Les Fleurs du Mal בשנת 1857?,"האוסף נדונה בשל ""זעם על המוסר הציבורי"", שערורייה שלא תוסר רשמית עד 1949.","[""על \""זעם על המוסר הציבורי\"""", ""על פלגיאט"", ""על הסתה לאלימות פוליטית"", ""על סיכון ביטחון המדינה""]",0,,,,,,
course_100_les_fleurs_du_mal_baudelaire,course_100_les_fleurs_du_mal_baudelaire_q3,numericSlider,באיזו שנה שוקמו רשמית ששת השירים הנידונים מ-Les Fleurs du Mal?,"ששת השירים שנידונו ב-1857 לא שוקמו רשמית רק ב-1949, 92 שנים מאוחר יותר.",,,,1949.0,1920.0,1970.0,5.0,
course_100_les_fleurs_du_mal_baudelaire,course_100_les_fleurs_du_mal_baudelaire_q4,mcq,"מה מייצג האלבטרוס בקטע ""טחול ואידיאלי""?","האלבטרוס, מלכותי במעוף אבל מגוחך פעם שהוצב על הקרקע, מייצג את המשורר בעולם שאינו מבין אותו.","[""המשורר, מלכותי במעוף אבל מגוחך על הקרקע"", ""חופש מוחלט של האמן"", ""המוות הבלתי נמנע"", ""יופי בלתי מושג""]",0,,,,,,
course_100_les_fleurs_du_mal_baudelaire,course_100_les_fleurs_du_mal_baudelaire_q5,mcq,איזה חלק בקולקציה הופך את פריז לנוף פסיכולוגי?,"""ציורי פריז"" הופך את העיר לנוף פסיכולוגי. המשורר משוטט שם כעגלה, צופה בחיי פריז תחת האוסמן.","[""\""ציורים פריזאיים\"""", ""”טחול ואידיאלי“"", ""\""היין\"""", ""\""מות\""""]",0,,,,,,
course_100_les_fleurs_du_mal_baudelaire,course_100_les_fleurs_du_mal_baudelaire_q6,mcq,"איזה שיר מתאר את הטבע כ""מקדש"" של סימנים המקשרים ריחות, צבעים וצלילים?","""התכתבויות"" מתאר את הטבע כמקדש של סימנים. החושים מתערבבים שם: בשמים, צבעים וצלילים מגיבים זה לזה.","[""\""התכתבות\"""", ""\""האלבטרוס\"""", ""\""טחול\"""", ""\""גביה\""""]",0,,,,,,
course_100_les_fleurs_du_mal_baudelaire,course_100_les_fleurs_du_mal_baudelaire_q7,trueFalse,נכון או לא נכון: בודלר דוחה לחלוטין צורות שיריות קלאסיות כמו הסונטה.,"בודלר, להיפך, קושר את הצורה הקלאסית, כמו הסונטה והאלכסנדרין, לחזון פואטי חדש לחלוטין.","[""נכון"", ""לא נכון""]",1,,,,,,
course_100_les_fleurs_du_mal_baudelaire,course_100_les_fleurs_du_mal_baudelaire_q8,mcq,"איזו תנועה פואטית מצאה הפואטיקה של התכתובת של בודלר, שנישאה לאחר מכן על ידי ורלן ומלרמה?","פואטיקה זו של התכתבויות ייסדה את הסמליות, שנישאה לאחר מכן על ידי ורליין ומלרמה.","[""הסמליות"", ""רומנטיקה"", ""טבעונות"", ""קלאסיציזם""]",0,,,,,,
course_100_les_fleurs_du_mal_baudelaire,course_100_les_fleurs_du_mal_baudelaire_q9,mcq,"איזה סופר אמריקאי, שתואר כ""אח נשמה"", תרגם בודלר?","בודלר תרגם את אדגר פו, שנחשב בעיניו ל""אח נשמה"" שחלק את טעמו למקאברי.","[""אדגר אלן פו"", ""הרמן מלוויל"", ""נתנאל הות'ורן"", ""וולט ויטמן""]",0,,,,,,
course_100_les_fleurs_du_mal_baudelaire,course_100_les_fleurs_du_mal_baudelaire_q10,mcq,כיצד מסכם בודלר את האלכימיה הפואטית שלו להפקת יופי מבוץ?,"בודלר מסכם את הפרויקט שלו עם הנוסחה הזו: ""נתת לי את הבוץ שלך והכנתי ממנו זהב"".","[""\""נתת לי את הבוץ שלך ועשיתי ממנו זהב\"""", ""\""היופי הוא נצחי\"""", ""\""רוע מוליד רוע\"""", ""\""אמנות למען האמנות\""""]",0,,,,,,
course_101_1984_george_orwell,course_101_1984_george_orwell_q1,mcq,מה שמו האמיתי של ג'ורג' אורוול?,ג'ורג' אורוול הוא השם הבדוי של אריק ארתור בלייר.,"[""אריק ארתור בלייר"", ""ג'ורג' ברנרד שו"", ""אלדוס האקסלי"", ""הרברט ג'ורג' וולס""]",0,,,,,,
course_101_1984_george_orwell,course_101_1984_george_orwell_q2,mcq,באיזה סכסוך נלחם אורוול לפני שכתב את 1984?,"אורוול לחם בשנים 1936-1937 במיליציות POUM במהלך מלחמת האזרחים בספרד, שם נפצע.","[""מלחמת האזרחים בספרד"", ""מלחמת העולם הראשונה"", ""מלחמת הבורים"", ""מלחמת אלג'יריה""]",0,,,,,,
course_101_1984_george_orwell,course_101_1984_george_orwell_q3,mcq,"מה הכי הלם את אורוול במהלך החוויה הזו, מעבר לאלימות?","מה שהכי פוגע באורוול הוא לראות עיתונים משכתבים את העבר ומוחקים לוחמים, אובססיה לשקרים ממלכתיים שמזינה את הרומן.","[""זיוף העובדות והעבר באמצעות תעמולה"", ""חוסר אוכל"", ""הבגידה של חבריו"", ""צנזורה של העיתונות הזרה""]",0,,,,,,
course_101_1984_george_orwell,course_101_1984_george_orwell_q4,mcq,איזה משטר טוטליטרי אמיתי נותן השראה למערכת אוקיאניה?,מערכת אוקיאניה שואבת השראה במיוחד מהטוטליטריות הסובייטית כמודל.,"[""טוטליטריות סובייטית"", ""פאשיזם איטלקי"", ""משטר וישי"", ""האימפריה הבריטית""]",0,,,,,,
course_101_1984_george_orwell,course_101_1984_george_orwell_q5,mcq,איך קוראים למפלגה היחידה שמנהלת את אוקיאניה?,"אוקיאניה מנוהלת על ידי Ingsoc, המבוססת על ארבעה משרדים פרדוקסליים: שלום, שפע, אהבה ואמת.","[""אינגסוץ"", ""מפלגת העם"", ""הליגה האדומה"", ""הבלוק המרכזי""]",0,,,,,,
course_101_1984_george_orwell,course_101_1984_george_orwell_q6,mcq,מה עושה וינסטון סמית' לעבודה במשרד האמת?,"ווינסטון סמית' עובד במשרד האמת, שם הוא מוחק את העבר כדי להתאים להווה המוגדר על ידי המפלגה.","[""הוא מוחק ומשכתב את העבר כך שיתאים להווה של המפלגה"", ""הוא עוקב אחר אזרחים באמצעות טל-מסכים"", ""הוא כותב את נאומי האח הגדול"", ""הוא מכשיר חברים חדשים במפלגה""]",0,,,,,,
course_101_1984_george_orwell,course_101_1984_george_orwell_q7,mcq,"איך אתה מכנה את היכולת לקבל שתי אמיתות סותרות בבת אחת, ב-1984?","חשיבה כפולה מתייחסת ליכולת לקבל שתי אמיתות סותרות בבת אחת, עמוד התווך של השליטה המוחית של המפלגה.","[""חשיבה כפולה"", ""ניוספיק"", ""הטלסקרין"", ""אינגסוץ""]",0,,,,,,
course_101_1984_george_orwell,course_101_1984_george_orwell_q8,mcq,מדוע המפלגה מצמצמת את אוצר המילים באמצעות Newspeak?,Newspeak מצמצם את אוצר המילים הזמין כדי להפוך את החשיבה הביקורתית לבלתי אפשרית לניסוח.,"[""להפוך חשיבה ביקורתית לבלתי אפשרית"", ""כדי לפשט את הניהול"", ""כדי להקל על סחר בינלאומי"", ""לאחד דיאלקטים אזוריים""]",0,,,,,,
course_101_1984_george_orwell,course_101_1984_george_orwell_q9,chronological,עשה סדר בשלבים האלה בחייו ובעבודתו של אורוול.,"ארבעת השלבים הללו מסמנים את הקריירה של אורוול: מלחמת האזרחים בספרד (1936-1937), חוות החיות (1945), 1984 (1949), ואז מותו ב-1950.",,,"[""אורוול לחם במיליציות POUM במהלך מלחמת האזרחים בספרד"", ""הוא מפרסם את חוות החיות"", ""הוא פרסם את 1984"", ""הוא מת בסקוטלנד זמן קצר לאחר פרסום הרומן שלו.""]",,,,,
course_101_1984_george_orwell,course_101_1984_george_orwell_q10,trueFalse,"נכון או לא נכון: בסוף הרומן, וינסטון סמית' בסופו של דבר אוהב את האח הגדול.","הטוטליטריות מנצחת במישור הפסיכולוגי: ווינסטון לא רק מציית, הוא בא לאהוב את האח הגדול.","[""נכון"", ""לא נכון""]",0,,,,,,
course_102_la_ferme_des_animaux_george_orwell,course_102_la_ferme_des_animaux_george_orwell_q1,mcq,איזה אירוע היסטורי מתאר חוות החיות בצורה של אלגוריה?,אורוול מעביר את השלבים העיקריים של המהפכה הרוסית והבגידה הסטליניסטית לאגדת חיות.,"[""המהפכה הרוסית"", ""המהפכה הצרפתית"", ""מלחמת האזרחים בספרד"", ""המהפכה התעשייתית האנגלית""]",0,,,,,,
course_102_la_ferme_des_animaux_george_orwell,course_102_la_ferme_des_animaux_george_orwell_q2,mcq,איזו חיה מייצג סטלין באלגוריה של אורוול?,"נפוליאון, החזיר שלוקח את השלטון בכוח לאחר שרודף אחרי כדור שלג, מדגמן את דמותו של סטלין.","[""נפוליאון"", ""מייג'ור הזקן"", ""כדור שלג"", ""מלאבר""]",0,,,,,,
course_102_la_ferme_des_animaux_george_orwell,course_102_la_ferme_des_animaux_george_orwell_q3,trueFalse,"נכון או לא נכון: מוציא לאור T.S. אליוט סירב לפרסם את כתב היד של אורוול, מחשש שחזירים חכמים יפגעו במדינאים.","ת.ס. אליוט, אז עורך, למעשה דחה את כתב היד מסיבה זו.","[""נכון"", ""לא נכון""]",0,,,,,,
course_102_la_ferme_des_animaux_george_orwell,course_102_la_ferme_des_animaux_george_orwell_q4,mcq,מה מייצגים הכלבים של נפוליאון באלגוריה?,הכלבים שאומן על ידי נפוליאון לרדוף אחרי סנובול ולהטיל אימה על החווה מייצגים את המשטרה החשאית הסובייטית.,"[""המשטרה החשאית"", ""הצבא הסדיר של הצאר"", ""האיכרים המתקוממים"", ""עיתונאים רשמיים""]",0,,,,,,
course_102_la_ferme_des_animaux_george_orwell,course_102_la_ferme_des_animaux_george_orwell_q5,mcq,איזו חיה מגלמת את הפרולטריון המנוצל עד אפיסת כוחות?,"מלאבר, סוס עבודה מסור ובלתי נלאה, מסמל פרולטריון שפועל בלי להטיל ספק בסמכות.","[""מלאבר, הסוס החרוץ"", ""בריל-בביל, התעמולה"", ""מייג'ור הזקן"", ""כדור שלג""]",0,,,,,,
course_102_la_ferme_des_animaux_george_orwell,course_102_la_ferme_des_animaux_george_orwell_q6,chronological,סדר את השלבים האלה מחוות החיות.,רצף זה מראה את המעבר ההדרגתי מהמהפכה השוויונית לכיוון דיקטטורת החזירים.,,,"[""החיות רודפות אחרי האיכר ג'ונס"", ""נפוליאון רודף אחרי סנובול עם הכלבים שלו"", ""חזירים משנים בסתר את שבע הדברות"", ""חזירים מתחילים ללכת על שתי רגליים""]",,,,,
course_102_la_ferme_des_animaux_george_orwell,course_102_la_ferme_des_animaux_george_orwell_q7,mcq,"איזו נוסחה סופית מסכמת, בסופו של הרומן, את הבגידה באידיאל השוויוני?","נוסחה פרדוקסלית זו, הכתובה על קיר הרפת, מגלה שהשוויון המוצהר התרוקן ממשמעותו.","[""\""כל החיות שוות, אבל חלק מהחיות שוות יותר מאחרות\"""", ""\""חזירים חייבים לשרת חיות אחרות\"""", ""\""נפוליאון תמיד צודק\"""", ""\""הטחנה תהיה הישועה שלנו\""""]",0,,,,,,
course_102_la_ferme_des_animaux_george_orwell,course_102_la_ferme_des_animaux_george_orwell_q8,trueFalse,"נכון או לא נכון: בסוף הרומן, שאר החיות כבר לא מסוגלות להבחין בין חזירים לבני אדם.","החזירים הולכים על שתי רגליים, מתלבשים וסועדים עם החקלאים, ומטשטשים לחלוטין את הגבול ביניהם.","[""נכון"", ""לא נכון""]",0,,,,,,
course_102_la_ferme_des_animaux_george_orwell,course_102_la_ferme_des_animaux_george_orwell_q9,numericSlider,"כמה מילים בערך יש לחווה לבעלי חיים, טקסט קצר מאוד בכוונה?","אורוול מביא את האלגוריה שלו בקושי ב-30,000 מילים, מה שמחזק את האפקטיביות של האגדה.",,,,30000.0,15000.0,50000.0,5000.0,מילים
course_103_hamlet_shakespeare,course_103_hamlet_shakespeare_q1,mcq,"מי מתנקש במלך דנמרק, אביו של המלט?","קלאודיוס הורג את אחיו, המלך, ואז מתחתן עם המלכה גרטרוד ותופס את כס המלוכה.","[""קלאודיוס"", ""פולוניוס"", ""לארטס"", ""Fortinbras""]",0,,,,,,
course_103_hamlet_shakespeare,course_103_hamlet_shakespeare_q2,mcq,מי מספר להמלט על רצח אביו?,רוח הרפאים של המלך המנוח מופיעה להמלט כדי לחשוף את פשע קלאודיוס.,"[""רוח הרפאים של אביו"", ""אמו גרטרוד"", ""אופליה"", ""הורציו""]",0,,,,,,
course_103_hamlet_shakespeare,course_103_hamlet_shakespeare_q3,mcq,איזו אסטרטגיה נוקט המלט כדי לחקור את הפשע מבלי לחשוף את עצמו?,"המלט מעמיד פנים שהוא טירוף כדי להתבונן בבית המשפט מבלי לעורר חשד, אסטרטגיה שבסופו של דבר נכשלת.","[""הוא מדמה טירוף"", ""הוא יוצא לגלות בוויטנברג"", ""הוא מאשים בפומבי את קלאודיוס"", ""הוא מצטרף לקבוצת תיאטרון""]",0,,,,,,
course_103_hamlet_shakespeare,course_103_hamlet_shakespeare_q4,trueFalse,"נכון או לא נכון: בתקופת שלטונה של אליזבת הראשונה, תפקידים נשיים כמו אופליה שיחקו על ידי נשים על הבמה.","נשים נאסרו על הבמה: את התפקידים הנשיים גילמו גברים, לרוב בני נוער.","[""נכון"", ""לא נכון""]",1,,,,,,
course_103_hamlet_shakespeare,course_103_hamlet_shakespeare_q5,mcq,מה חוקק המלט כדי ללכוד את קלאודיוס ולאשר את אשמתו?,המלט מעלה מחזה המשחזר את רצח אביו כדי לראות את תגובתו של קלאודיוס.,"[""חדר בתוך חדר, \""מלכודת העכברים\"""", ""דו קרב ציבורי"", ""משפט בבית המשפט"", ""מכתב אנונימי""]",0,,,,,,
course_103_hamlet_shakespeare,course_103_hamlet_shakespeare_q6,mcq,"את מי הורג המלט בטעות, וגורם לספירלה הטרגית?","המלט הורג את פולוניוס, יועצו של המלך, מתוך אמונה שהוא פוגע במרגל החבוי מאחורי וילון.","[""פולוניוס"", ""לארטס"", ""קלאודיוס"", ""הורציו""]",0,,,,,,
course_103_hamlet_shakespeare,course_103_hamlet_shakespeare_q7,mcq,"לפי הרפואה של אותה תקופה, מה מסביר את המלנכוליה של המלט?","הרפואה האליזבתנית ייחסה את המלנכוליה לעודף של מרה שחורה, והפכה את הנושא לבהיר אך משותק.","[""עודף מרה שחורה"", ""החזקה דמונית"", ""חוסר איזון בדם חם"", ""קללה משפחתית""]",0,,,,,,
course_103_hamlet_shakespeare,course_103_hamlet_shakespeare_q8,mcq,"איזו קריאה מציע פרויד על המלט, כמה מאות שנים אחרי שייקספיר?","פרויד מפרש את ההיסוס של המלט דרך תסביך אדיפוס, כשהוא פופולארי לקריאה פסיכואנליטית של המחזה.","[""הוא רואה בזה ביטוי לתסביך אדיפוס"", ""הוא רואה בזה ביקורת על הקפיטליזם המתהווה"", ""הוא רואה בזה אלגוריה דתית"", ""הוא רואה בזה תחינה למלוכה""]",0,,,,,,
course_103_hamlet_shakespeare,course_103_hamlet_shakespeare_q9,trueFalse,"נכון או שקר: המונולוג ""להיות או לא להיות"" נותרה השאלה הקיומית המפורסמת ביותר בתיאטרון המערבי.","המונולוג הזה הפך לסמל של השאלה הקיומית בתיאטרון, המתנגד לפעולה ולסבל.","[""נכון"", ""לא נכון""]",0,,,,,,
course_104_romeo_et_juliette_shakespeare,course_104_romeo_et_juliette_shakespeare_q1,mcq,על איזה מקור הסתמך שייקספיר בעיקר כדי לכתוב את רומיאו ויוליה?,"שייקספיר שואב השראה ממספר הסיפורים האיטלקי מתאו בנדלו, אבל דוחס את הפעולה על פני חמישה ימים כדי להעצים את הטרגדיה.","[""סיפור קצר מאת מתאו בנדלו"", ""מיתוס יווני עתיק"", ""מחזה מאת כריסטופר מארלו"", ""ידיעה עכשווית בלונדון""]",0,,,,,,
course_104_romeo_et_juliette_shakespeare,course_104_romeo_et_juliette_shakespeare_q2,numericSlider,במשך כמה ימים מעבה שייקספיר את כל האקשן של המחזה?,"שייקספיר מהדק את העלילה במשך חמישה ימים, מה שהופך את האסון האחרון לבלתי נמנע עוד יותר.",,,,5.0,1.0,14.0,1.0,ימים
course_104_romeo_et_juliette_shakespeare,course_104_romeo_et_juliette_shakespeare_q3,mcq,איזה אירוע מעביר את הטון של המחזה מקומדיה לטרגדיה?,"מותו של מרקוטיו, שנהרג על ידי טייבלט, מסיר את חוסר האכפתיות ומעביר את המחזה באופן סופי לטרגדיה.","[""מותו של מרקוטיו"", ""כדור המסכות של הקפולטים"", ""הנישואים הסודיים של האוהבים"", ""הגירוש של רומיאו""]",0,,,,,,
course_104_romeo_et_juliette_shakespeare,course_104_romeo_et_juliette_shakespeare_q4,mcq,"מי חוגג את הנישואים הסודיים של רומיאו ויוליה, בתקווה לפייס בין שתי המשפחות?","האח לורן מתחתן בסתר עם האוהבים, בתקווה שהאיחוד ביניהם יפייס את השנאה בין החמולות.","[""האח לורן"", ""הנסיך מוורונה"", ""מרקוטיו"", ""האחות של ג'ולייט""]",0,,,,,,
course_104_romeo_et_juliette_shakespeare,course_104_romeo_et_juliette_shakespeare_q5,mcq,מה מונע מההודעה של האח לורנס להגיע לרומיאו בזמן?,"מגיפת מגפה מעכבת את השליח האחראי להזהיר את רומיאו, מזרזת את ההתאבדות הכפולה הסופית.","[""מגיפת מגפה המעכבת את השליח"", ""סערה בים"", ""מעצר השליח על ידי הנסיך"", ""שגיאת כתובת""]",0,,,,,,
course_104_romeo_et_juliette_shakespeare,course_104_romeo_et_juliette_shakespeare_q6,trueFalse,"נכון או לא נכון: בבנדלו, המקור האיטלקי של שייקספיר, ג'ולייט מתעוררת לפני שרומיאו מת, בניגוד למחזה.",שייקספיר מוחק את מתנת הפרידה הזו בבנדלו כדי להפוך את סוף המחזה לאכזרי יותר.,"[""נכון"", ""לא נכון""]",0,,,,,,
course_104_romeo_et_juliette_shakespeare,course_104_romeo_et_juliette_shakespeare_q7,mcq,מי הורג את טיבאלט וגורם לגירוש רומיאו מורונה?,"רומיאו הורג את טיבאלט כדי לנקום במרקוטיו, מה שגורם לו לגרש מהעיר.","[""רומיאו עצמו"", ""מרקוטיו"", ""הרוזן פריז"", ""הנסיך מוורונה""]",0,,,,,,
course_104_romeo_et_juliette_shakespeare,course_104_romeo_et_juliette_shakespeare_q8,mcq,איזו יצירה מהמאה ה-20 מעבירה את הסכסוך של החמולות של ורונה לרחובות ניו יורק?,ווסט סייד סטורי מחליף את המונטגים והקפולטים בכנופיות הכרישים והג'טס.,"[""ווסט סייד סטורי"", ""גריז"", ""הסנדק"", ""הזעם של החיים""]",0,,,,,,
course_104_romeo_et_juliette_shakespeare,course_104_romeo_et_juliette_shakespeare_q9,trueFalse,נכון או לא נכון: דנטה כבר דיבר על משפחות מונטקי וקפלטי מאתיים שנה לפני שייקספיר.,"דנטה מזכיר את שתי המשפחות הוורונזיות הללו בעבודתו, הרבה לפני ששייקספיר הפך אותן לטרגדיה אוניברסלית.","[""נכון"", ""לא נכון""]",0,,,,,,
course_105_le_meilleur_des_mondes_aldous_huxley,course_105_le_meilleur_des_mondes_aldous_huxley_q1,mcq,במה שונה השליטה שדמיין האקסלי מזו של אורוול ב-1984?,"במקום שבו אורוול מתאר טרור משטרתי, האקסלי מדמיין כניעה מרצון שהושגה באמצעות הנאה ונחמה.","[""זה מבוסס על הנאה ונוחות ולא על אימה"", ""הוא מבוסס על רעב מאורגן"", ""זה מבוסס על מלחמה קבועה"", ""זה מסתמך על מעקב משטרתי מתמיד""]",0,,,,,,
course_105_le_meilleur_des_mondes_aldous_huxley,course_105_le_meilleur_des_mondes_aldous_huxley_q2,mcq,איזה מודל תעשייתי שימש האקסלי לארגן את החברה העתידית שלו?,האקסלי מעביר את ההיגיון של פסי הייצור והסטנדרטיזציה התעשייתית לרבייה האנושית עצמה.,"[""פורדיזם וטיילוריזם"", ""קולוניאליזם בריטי"", ""מיליטריזם פרוסי"", ""מלאכת יד מסורתית""]",0,,,,,,
course_105_le_meilleur_des_mondes_aldous_huxley,course_105_le_meilleur_des_mondes_aldous_huxley_q3,trueFalse,"נכון או לא נכון: הכותרת המקורית, עולם חדש אמיץ, מצטטת באופן אירוני מחזה של שייקספיר.","הכותרת מצטטת את ""הסערה"" של שייקספיר, שתמיהתו התמימה מסווה כאן עתיד דה-אנושי.","[""נכון"", ""לא נכון""]",0,,,,,,
course_105_le_meilleur_des_mondes_aldous_huxley,course_105_le_meilleur_des_mondes_aldous_huxley_q4,mcq,"כיצד נקבעות קאסטות חברתיות, מאלפא ועד אפסילון, ברומן?","תהליך בוקנובסקי מאפשר לייצר ולהתנות כל קאסטה מהתעברות, כך שהיא תאהב את מצבה.","[""מעיצוב, הודות לתהליך בוקאנובסקי"", ""לפי מבחן שנבחן כמבוגר"", ""לפי תורשה משפחתית"", ""בתיקו בלידה""]",0,,,,,,
course_105_le_meilleur_des_mondes_aldous_huxley,course_105_le_meilleur_des_mondes_aldous_huxley_q5,mcq,איזה תפקיד ממלא הסומא בחברה זו?,סומה היא תרופה ללא תופעות לוואי שממיסה באופן מיידי כל תסכול או כאב.,"[""זו תרופת נוחות שמסירה כל תסכול"", ""זהו דלק שמור לתעשייה"", ""זה חיסון חובה לכולם"", ""זהו מזון בסיס מוקצב""]",0,,,,,,
course_105_le_meilleur_des_mondes_aldous_huxley,course_105_le_meilleur_des_mondes_aldous_huxley_q6,mcq,מי זה סאבאג' ג'ון?,"ג'ון, שנולד מחוץ למערכת על מילואים, מגלם את ההומניסט המסוגל לכאב ואקסטזה, מאומן על ידי קריאת שייקספיר.","[""אדם שנולד באופן טבעי בשמורה, שקרא את שייקספיר"", ""בקר המערכת העולמי"", ""אלפא מורד שגדל בבירה"", ""מדען שיצר סומא""]",0,,,,,,
course_105_le_meilleur_des_mondes_aldous_huxley,course_105_le_meilleur_des_mondes_aldous_huxley_q7,mcq,"מה טוען ג'ון נגד מוסטפא מונד, המפקח העולמי?","ג'ון מסרב לנחמה מלאכותית ותובע את הזכות לסבול, ליצור ולאהוב באמת.","[""הזכות להיות אומלל"", ""הזכות להחזיק יותר סומא"", ""הזכות לשלוט בעולם"", ""הזכות לחיות בבירה""]",0,,,,,,
course_105_le_meilleur_des_mondes_aldous_huxley,course_105_le_meilleur_des_mondes_aldous_huxley_q8,trueFalse,"נכון או לא נכון: בסוף הרומן, ג'ון מסכים לחיות בנוחות בעולם החדש והאמיץ.","ג'ון מסרב לסומה ולגן העדן המלאכותי שהציע מונד: הוא מתאבד, ללא פיוס אפשרי.","[""נכון"", ""לא נכון""]",1,,,,,,
course_105_le_meilleur_des_mondes_aldous_huxley,course_105_le_meilleur_des_mondes_aldous_huxley_q9,numericSlider,באיזו שנה פרסם אלדוס האקסלי את עולם חדש אמיץ?,"האקסלי פרסם את הרומן הזה ב-1932, לאחר שכתב אותו בשנה הקודמת.",,,,1932.0,1900.0,1960.0,3.0,
course_106_frankenstein_mary_shelley,course_106_frankenstein_mary_shelley_q1,mcq,איזה אירוע אקלימי אילץ את מרי שלי וחברותיה להישאר כלואים בוילה דיודאטי ב-1816?,"התפרצות טמבורה הכניסה את אירופה לשנה ללא קיץ ב-1816, ואילצה את הקבוצה להישאר מכוסה בחופי אגם ז'נבה.","[""התפרצות הר הגעש טמבורה, הגורמת לשנה ללא קיץ"", ""מגפת כולרה באירופה"", ""מלחמה נפוליאון"", ""חורף קשה אך רגיל""]",0,,,,,,
course_106_frankenstein_mary_shelley,course_106_frankenstein_mary_shelley_q2,mcq,מי מנהל את תחרות הסיפור המפחיד של פרנקנשטיין?,לורד ביירון היה זה שהציע תחרות זו כדי להפיג את השעמום במהלך מזג האוויר הגרוע של 1816.,"[""לורד ביירון"", ""פרסי שלי"", ""ג'ון פולידורי"", ""מרי שלי עצמה""]",0,,,,,,
course_106_frankenstein_mary_shelley,course_106_frankenstein_mary_shelley_q3,numericSlider,בת כמה הייתה מרי שלי כשכתבה את פרנקנשטיין?,"מרי שלי הייתה רק בת 18 כשכתבה את הרומן הזה, בצומת הדרכים של הרומנטיקה האפלה והוויכוחים המדעיים של זמנה.",,,,18.0,10.0,30.0,2.0,שנים
course_106_frankenstein_mary_shelley,course_106_frankenstein_mary_shelley_q4,mcq,מאיזה תחום מדעי שואבת מרי שלי השראה להתעוררות היצור?,"הגלווניזם, שנראה שהחיה חומר מת בחשמל, נותן השראה ישירה לסצנת הבריאה של היצור.","[""גלווניזם, הניסויים החשמליים האלה על חומר מת"", ""כימיה תעשייתית מתפתחת"", ""אסטרונומיה ניוטונית"", ""רפואה טרופית""]",0,,,,,,
course_106_frankenstein_mary_shelley,course_106_frankenstein_mary_shelley_q5,mcq,מדוע ויקטור פרנקנשטיין מחפש את סוד החיים באינגולשטדט?,"ויקטור מונע מהשאיפה לאתגר את הסדר הטבעי ולהפוך ליוצר, ""פרומתאוס מודרני"".","[""להיות פרומתאוס מודרני, לא להתעשר"", ""לרפא מחלה משפחתית"", ""כדי לקבל הכרה פיננסית"", ""לנקום את מות אביו""]",0,,,,,,
course_106_frankenstein_mary_shelley,course_106_frankenstein_mary_shelley_q6,mcq,כיצד היצור לומד שפה ורגשות אנושיים?,"היצור לומד לבד, בסתר, על ידי התבוננות במשפחת איכרים וקריאת גן העדן האבוד.","[""על ידי התבוננות במשפחת איכרים וקריאת גן העדן האבוד של מילטון"", ""על ידי לקיחת קורסים באוניברסיטת אינגולשטאט"", ""קורא את יומניו של ויקטור"", ""מקשיבים לכמרים נודדים""]",0,,,,,,
course_106_frankenstein_mary_shelley,course_106_frankenstein_mary_shelley_q7,mcq,"מה מבקש היצור בויקטור, שמסרב לכך?",היצור מבקש בן לוויה כדי שלא יהיה עוד לבד; סירובו של ויקטור מעורר את נקמתו ההרסנית.,"[""בן לוויה למצבה"", ""כסף לנסיעות"", ""שם להתקיים חברתית"", ""חנינה פומבית על פשעיו""]",0,,,,,,
course_106_frankenstein_mary_shelley,course_106_frankenstein_mary_shelley_q8,trueFalse,"נכון או לא נכון: ברומן השם ""פרנקנשטיין"" מתייחס ליוצר, בעוד שליצור עצמו אין שם.","ליצור לעולם אין שם תקין, סימן להכחשת האבהות של ויקטור: לקרוא למפלצת ""פרנקנשטיין"" הוא אפוא פרשנות שגויה.","[""נכון"", ""לא נכון""]",0,,,,,,
course_106_frankenstein_mary_shelley,course_106_frankenstein_mary_shelley_q9,mcq,"היכן מסתיים הרומן, בין מותו של ויקטור להיעלמותו של היצור?","הרומן מסתיים בקרח של הארקטי, שם ויקטור מת והיצור נעלם בערפילים.","[""באזור הארקטי"", ""בז'נבה"", ""באינגולשטדט"", ""בים התיכון הפתוח""]",0,,,,,,
course_107_crime_et_chatiment_dostoievski,course_107_crime_et_chatiment_dostoievski_q1,mcq,"מה עושה רסקולניקוב כדי לבחון את תיאוריית ה""סופרמן"" שלו?","רסקולניקוב רוצח כריש הלוואה זקן כדי לבדוק אם הוא שייך ליצורים ""יוצאי דופן"" המורשים לעבור על החוק המוסרי.","[""הוא הורג כריש הלוואה שהוא מחשיב חסר תועלת לחברה"", ""הוא שוד בנק בסנט פטרבורג"", ""הוא מדווח למשטרה על אדם חף מפשע"", ""הוא מאתגר אצילי לדו-קרב""]",0,,,,,,
course_107_crime_et_chatiment_dostoievski,course_107_crime_et_chatiment_dostoievski_q2,mcq,"את מי הורג גם רסקולניקוב, מבלי שתכננו זאת?","רסקולניקוב גם הורג את ליזבטה, שהגיעה בהפתעה, מה שמחמיר את פשעו של רצח ללא כוונה.","[""ליזבטה, אחותו התמימה של הכריש ההלוואה"", ""סוניה מרמלדובה"", ""אמא שלו"", ""השופט פורפירי פטרוביץ'""]",0,,,,,,
course_107_crime_et_chatiment_dostoievski,course_107_crime_et_chatiment_dostoievski_q3,mcq,"לפי התיאוריה של רסקולניקוב, למי יש זכות לעבור על החוק המוסרי?","רסקולניקוב מחלק את האנושות ל""רגילה"" ו""יוצאת דופן"", שהאחרונים יכולים לעבור על החוק למטרה עליונה.","[""אנשים \""יוצאי דופן\"", כמו נפוליאון"", ""אצילים מלידה"", ""כמרים ודתיים"", ""הסוחרים העשירים""]",0,,,,,,
course_107_crime_et_chatiment_dostoievski,course_107_crime_et_chatiment_dostoievski_q4,trueFalse,נכון או שקר: לאחר הרצח ניצל רסקולניקוב עד תום את הכסף שנגנב מכריש ההלוואה.,רסקולניקוב אינו מרוויח מהכסף הגנוב: הוא מגלה שמצפונו אינו יכול לשאת את הדם שנשפך.,"[""נכון"", ""לא נכון""]",1,,,,,,
course_107_crime_et_chatiment_dostoievski,course_107_crime_et_chatiment_dostoievski_q5,mcq,איזו חוויה אישית שינתה את תפיסת עולמו של דוסטוייבסקי לפני שכתב את הרומן הזה?,"חבר בחוג פטרצ'בסקי, דוסטוייבסקי עבר הוצאה להורג מדומה ואז הלך למושבת העונשין אומסק, חוויה ששינתה את חזון העולם שלו.","[""ירי מדומה ואחריו כלא בסיביר"", ""טיול לימודי ארוך למערב אירופה"", ""נישואים מסודרים כושלים"", ""דו קרב שהוא מפסיד בדוחק""]",0,,,,,,
course_107_crime_et_chatiment_dostoievski,course_107_crime_et_chatiment_dostoievski_q6,mcq,מי היא סוניה מרמלדובה ברומן?,"סוניה, שהקריבה את עצמה מאהבה למשפחתה, פותחת בפני רסקולניקוב דרך לגאולה דרך וידוי ולא גאווה.","[""אישה צעירה שהוקרבה כדי להאכיל את משפחתה, מה שדוחף את רסקולניקוב לקראת וידוי"", ""השופט החוקר האחראי לחקירה"", ""אחותו של רסקולניקוב"", ""חבר ילדות של כריש ההלוואה""]",0,,,,,,
course_107_crime_et_chatiment_dostoievski,course_107_crime_et_chatiment_dostoievski_q7,mcq,"כיצד מתייחס השופט פורפירי פטרוביץ' לרסקולניקוב, בו הוא חושד בתוקף?","מאסטר בפסיכולוגיה משפטית, פורפירי פטרוביץ' נותן לרסקולניקוב לבגוד בעצמו לאט לאט דרך מצפונו.","[""הוא מנחש את אשמתו אך נותן לו להאשים את עצמו"", ""הוא עוצר אותו מיד ללא הוכחות"", ""הוא מענה אותו כדי לקבל הודאה"", ""הוא מתעלם מזה לחלוטין עד למשפט""]",0,,,,,,
course_107_crime_et_chatiment_dostoievski,course_107_crime_et_chatiment_dostoievski_q8,trueFalse,"נכון או לא נכון: רסקולניקוב מגלה שהוא תומך בקלות במשקל הדם שנשפך, ומאשר את תיאוריית הסופרמן שלו.","להיפך, רסקולניקוב מגלה שמצפונו אינו יכול לשאת את הפשע: הוא לא הסופרמן שחשב שהוא.","[""נכון"", ""לא נכון""]",1,,,,,,
course_107_crime_et_chatiment_dostoievski,course_107_crime_et_chatiment_dostoievski_q9,mcq,באיזו תנועה אינטלקטואלית דוסטוייבסקי נלחם במיוחד באמצעות הרומן הזה?,"בשובו מהגלות, דוסטוייבסקי נלחם בניהיליזם ששוטף את הנוער הרוסי בשנות ה-60, מראה כיצד רעיון מנותק מהחיים מוביל לפשע.","[""הניהיליזם הרוסי של שנות ה-60"", ""רומנטיקה גרמנית"", ""קתוליות מסורתית"", ""ליברליזם כלכלי אנגלי""]",0,,,,,,
course_108_le_proces_kafka,course_108_le_proces_kafka_q1,mcq,מה קורה ליוזף ק' ממש בתחילת הרומן?,"יוזף ק' נעצר בוקר אחד ללא כל הסבר, ופותח משפט שאת חוקיו הוא לעולם לא יבין באמת.","[""בוקר אחד הוא נעצר מבלי שהוסבר לו מדוע"", ""הוא זומן למשפט אזרחי רגיל"", ""הוא מאבד לפתע את עבודתו כבנקאי"", ""הוא מואשם בפומבי על ידי שכניו""]",0,,,,,,
course_108_le_proces_kafka,course_108_le_proces_kafka_q2,mcq,"אילו חיים כפולים ניהל קפקא עצמו, לצד עבודתו?","קפקא עבד במשך היום בחברת ביטוח בפראג, וכתב רק בלילות.","[""פקיד ביטוח ביום, סופר בלילה"", ""עורך דין ביום, צייר בלילה"", ""מורה ביום, מוזיקאי בלילה"", ""רופא ביום, עיתונאי בלילה""]",0,,,,,,
course_108_le_proces_kafka,course_108_le_proces_kafka_q3,trueFalse,נכון או שקר: קפקא ביקש מחברו מקס ברוד לשרוף את כתבי היד שלו לאחר מותו.,"קפקא ביקש ממקס ברוד להשמיד את כתבי היד שלו; ברוד סירב ופרסם את ""המשפט"" ב-1925.","[""נכון"", ""לא נכון""]",0,,,,,,
course_108_le_proces_kafka,course_108_le_proces_kafka_q4,numericSlider,"באיזו שנה פורסם ""המשפט"" לאחר מותו, מאת מקס ברוד?","המשפט פורסם ב-1925, שנה לאחר מותו של קפקא, הודות למקס ברוד שניחש את סדר הפרקים.",,,,1925.0,1900.0,1950.0,3.0,
course_108_le_proces_kafka,course_108_le_proces_kafka_q5,mcq,היכן מתקיימים הדיונים בבית המשפט ברומן?,"בית המשפט יושב בעליות הגג של בניינים רגילים, אות צדק שהוא גם בכל מקום וגם חמקמק.","[""בעליות גג של מבנים פופולריים"", ""בבית משפט מרשים"", ""בכלא המדינה"", ""במנזר מבודד""]",0,,,,,,
course_108_le_proces_kafka,course_108_le_proces_kafka_q6,mcq,מה אומר הכומר ליוסף ק' בקתדרלה?,משל זה מהחוק ממחיש את הציפייה ההבלית ואת חוסר האפשרות לגשת לצדק שנותר מחוץ להישג יד.,"[""משל לאדם שמחכה כל חייו מול דלת סגורה"", ""סיפור הגיור הדתי שלו עצמו"", ""סיפור משפטו של נאשם נוסף שזוכה"", ""נבואה על תוצאות המשפט שלו""]",0,,,,,,
course_108_le_proces_kafka,course_108_le_proces_kafka_q7,trueFalse,"נכון או שקר: בחייו המקצועיים היה קפקא עובד בינוני, שננזף לא פעם על ידי הממונים עליו.","למרבה האירוניה, קפקא היה עובד מופת, שיזם אמצעי בטיחות כמו קסדות לעובדים.","[""נכון"", ""לא נכון""]",1,,,,,,
course_108_le_proces_kafka,course_108_le_proces_kafka_q8,mcq,איזה זרם פילוסופי מכיר בקפקא כמבשר עיקרי?,"סארטר וקאמי רואים באבסורד של ""המשפט"" פרפיגורציה של האקזיסטנציאליזם של המאה ה-20.","[""האקזיסטנציאליזם של סארטר וקאמי"", ""מרקסיזם אורתודוקסי"", ""רומנטיקה גרמנית"", ""פוזיטיביזם מדעי""]",0,,,,,,
course_108_le_proces_kafka,course_108_le_proces_kafka_q9,mcq,איך מסתיימים חייו של יוסף ק' בסוף הרומן?,"יוזף ק' מוצא להורג מבלי שהבין אי פעם את האשמה שלו, רק ממלמל ""כמו כלב!"" "".","[""זה מבוצע תוך כדי לחישה \""כמו כלב!\"""", ""לבסוף הוא זוכה על ידי בית המשפט"", ""הוא בורח ונמלט לחו\""ל"", ""הוא עצמו הופך לשופט של בית המשפט""]",0,,,,,,
course_109_don_quichotte_cervantes,course_109_don_quichotte_cervantes_q1,mcq,מה דון קיחוטה חושב שהוא רואה כשהוא תוקף טחנות רוח?,"דון קיחוטה, נסחף בעקבות קריאתו ברומנים אביריים, לוקח טחנות רוח לענקים להילחם בהם.","[""ענקים"", ""דרקונים"", ""צבא אויב"", ""קוסמים מרושעים""]",0,,,,,,
course_109_don_quichotte_cervantes,course_109_don_quichotte_cervantes_q2,mcq,איזו חוויה אישית סימנה את חייו של סרוונטס לפני שכתב את דון קיחוטה?,"סרוונטס נפצע בלפנטו בשנת 1571 ואז נתפס והוחזק בשבי במשך חמש שנים באלג'יר, לפני שחווה עוני יחסי בספרד.","[""הוא נפצע בקרב לפנטו אז שבוי במשך חמש שנים באלג'יר."", ""הוא הפך לכומר לפני שהמיר את דתו לכתיבה"", ""הוא מנהל להקת תיאטרון נודדת"", ""הוא יורש הון שהוא מפסיד בהימורים""]",0,,,,,,
course_109_don_quichotte_cervantes,course_109_don_quichotte_cervantes_q3,trueFalse,"נכון או לא נכון: ב-1614 פרסם מחבר אחר ספר המשך שקרי לדון קישוט, שדחף את סרוונטס לכתוב את החלק השני האמיתי.","זועם על ההמשך השקרי הזה, סרוונטס פרסם את החלק השני שלו ב-1615, שם הגיבורים מגלים את הסלבריטי שלהם.","[""נכון"", ""לא נכון""]",0,,,,,,
course_109_don_quichotte_cervantes,course_109_don_quichotte_cervantes_q4,mcq,איזה צמד סמלי ממציא סרוונטס כדי להבדיל בין האידיאל לאמיתי?,"דון קיחוטה, חולם האבירות, וסנצ'ו פאנזה, פרגמטיים וקשורים לבטן, יוצרים צמד שהפך לאוניברסלי.","[""דון קישוט וסנצ'ו פנזה"", ""אלונסו קיג'אנו ואביר הירח הלבן"", ""סרוונטס והמספר הערבי שלו"", ""דולסינאה וסנצ'ו פנזה""]",0,,,,,,
course_109_don_quichotte_cervantes,course_109_don_quichotte_cervantes_q5,mcq,באיזה תהליך משתמש סרוונטס כדי לטשטש את הגבול בין בדיה למציאות?,"סרוונטס מתיימר להיות רק מתרגם של כתב יד ערבי, מה שמעמיד בספק את עצם מהימנות הסיפור.","[""הוא טוען שהוא מתרגם כתב יד ערבי שנמצא בשוק"", ""הוא כותב רק בגוף ראשון כמו דון קישוט"", ""הוא מכניס לסיפור מכתבים אמיתיים של קוראים"", ""הוא מסרב לכל צורה של מסקנה לרומן""]",0,,,,,,
course_109_don_quichotte_cervantes,course_109_don_quichotte_cervantes_q6,mcq,"בחלק השני של הרומן, איך אצילים מסוימים לועגים לדון קישוט?","לאחר שקראו את הרפתקאותיו שפורסמו, אצילים מתזמרים על בימות כדי לבדר את עצמם על חשבון האביר, ומטשטשים עוד יותר את הגבול בין בדיה למציאות.","[""הם מארגנים תרחישים כדי להונות אותו, לאחר שקראו את הכרך הראשון"", ""הם סוגרים אותו בבית מקלט ברגע שהם נפגשים"", ""הם מגנים אותו בפני הרשויות הדתיות"", ""הם שוכרים אותו כאביר אמיתי בשירותם""]",0,,,,,,
course_109_don_quichotte_cervantes,course_109_don_quichotte_cervantes_q7,mcq,"מה פירוש המושג ""קישוטיזם"" כיום?","""קוויקסוטיזם"" מציין אידאליזם נדיב הנמשך למרות הכישלון, שהורש מדמותו של סרוונטס.","[""אידאליזם נדיב, לפעמים נאיבי"", ""פסימיות עמוקה והרסנית"", ""טעם בולט לאלימות"", ""תשוקה בלעדית לטיולים""]",0,,,,,,
course_109_don_quichotte_cervantes,course_109_don_quichotte_cervantes_q8,mcq,איך מסתיימים חייו של דון קיחוטה בסוף הרומן?,"מובס על ידי אביר הירח הלבן, דון קיחוטה מוותר על האבירות, מחזיר לעצמו את תבונתו ומת תחת שמו האמיתי.","[""מובס בדו-קרב, הוא חוזר לעצמו ומת תחת שמו האמיתי, אלונסו קיג'אנו"", ""הוא מת כשהוא נלחם בטחנת רוח אחרונה"", ""הוא הופך למושל של אי עם סנצ'ו"", ""הוא נעלם מבלי שנדע את גורלו""]",0,,,,,,
course_109_don_quichotte_cervantes,course_109_don_quichotte_cervantes_q9,numericSlider,"באיזו שנה פרסם סרוונטס את החלק הראשון של דון קיחוטה, בהצלחה מיידית?","החלק הראשון של דון קיחוטה פורסם בשנת 1605, וזכה להצלחה מיידית בקרב הציבור.",,,,1605.0,1580.0,1630.0,5.0,
course_10_la_decouverte_de_l_amerique_1492,course_10_la_decouverte_de_l_amerique_1492_q1,numericSlider,באיזו שנה הגיע כריסטופר קולומבוס לבהאמה?,קולומבוס נחת ב-12 באוקטובר 1492 על אי באיי בהאמה ששמו סן סלבדור.,,,,1492.0,1450.0,1520.0,3.0,
course_10_la_decouverte_de_l_amerique_1492,course_10_la_decouverte_de_l_amerique_1492_q2,mcq,מה הייתה המטרה הכלכלית האמיתית של המשלחת של קולומבוס מערבה?,"קולומבוס מחפש נתיב מערבי לאסיה כדי לעקוף את העות'מאנים, השולטים בדרכי הסחר למזרח.","[""להגיע לתבלינים ולמשי מבלי לעבור בדרכים בשליטה עות'מאנית"", ""תוכיח שכדור הארץ עגול"", ""ליישב את מערב אפריקה"", ""מציאת זהב כדי לממן מסע צלב""]",0,,,,,,
course_10_la_decouverte_de_l_amerique_1492,course_10_la_decouverte_de_l_amerique_1492_q3,trueFalse,"נכון או שקר: כריסטופר קולומבוס ביקש מעל הכל להוכיח שכדור הארץ עגול, רעיון לא ידוע לפניו.",את הכדוריות של כדור הארץ חישב כבר החוקר היווני ארוטוסטנס במאה ה-3 לפני הספירה. מודעה; המטרה של קולומבוס הייתה כלכלית.,"[""נכון"", ""לא נכון""]",1,,,,,,
course_10_la_decouverte_de_l_amerique_1492,course_10_la_decouverte_de_l_amerique_1492_q4,mcq,מהן שלוש הספינות של משלחת 1492?,"שלוש הספינות הללו יצאו מפאלוס, ספרד, ב-3 באוגוסט 1492, עם צוות של כ-90 איש.","[""לה פינטה, לה ניניה ולה סנטה מריה"", ""סנטה פה, ריינה והאיזבלה"", ""ויקטוריה, טרינידד וקונספסיון"", ""סנטה קלרה, גאלגה ואצטלן""]",0,,,,,,
course_10_la_decouverte_de_l_amerique_1492,course_10_la_decouverte_de_l_amerique_1492_q5,numericSlider,כמה ימים לוקח לחצות את האוקיינוס האטלנטי לסן סלבדור?,"המעבר נמשך כ-70 יום, מתחילת אוגוסט ועד אמצע אוקטובר 1492.",,,,70.0,30.0,120.0,7.0,ימים
course_10_la_decouverte_de_l_amerique_1492,course_10_la_decouverte_de_l_amerique_1492_q6,mcq,"איך קרא קולומבוס לתושבים הילידים שבהם נתקל, משוכנע שהם באסיה?","משוכנע שהגיע לאי הודו, קולומבוס קורא לטאינו שהוא פוגש ""אינדיאנים"".","[""אינדיאנים"", ""האצטקים"", ""ברברים"", ""סרסנים""]",0,,,,,,
course_10_la_decouverte_de_l_amerique_1492,course_10_la_decouverte_de_l_amerique_1492_q7,mcq,מהי הבורסה הקולומביאנית?,"העברה זו מביאה תפוחי אדמה ועגבניות לאירופה, וחיטה, סוסים או בקר לאמריקה, ומשנה את שני העולמות לנצח.","[""העברה מאסיבית של צמחים, בעלי חיים ומחלות בין אירופה לאמריקה"", ""הסכם שלום בין ספרד לפורטוגל"", ""סחר העבדים בין אפריקה ואיי הודו המערבית"", ""חילופי שבויי מלחמה בין קולומבוס והטאינוס""]",0,,,,,,
course_10_la_decouverte_de_l_amerique_1492,course_10_la_decouverte_de_l_amerique_1492_q8,percentageSlider,איזה חלק מאוכלוסיות הילידים מתות ממחלות שיובאו מאירופה בעוד מאה שנים?,"אבעבועות שחורות, חצבת ושפעת הורגים בין 50 ל-90% מהאוכלוסיות הילידים במאה שנה, תלוי באזור.",,,,70.0,0.0,100.0,20.0,%
course_10_la_decouverte_de_l_amerique_1492,course_10_la_decouverte_de_l_amerique_1492_q9,mcq,"בשנת 1507, איזה קרטוגרף העניק ליבשת את השם אמריקה?","בשנת 1507, הקרטוגרף Waldseemüller כינה את היבשת אמריקה, כמחווה לנווט אמריגו וספוצ'י.","[""ולדסימולר"", ""וספוצ'י"", ""מגלן"", ""קולומבוס""]",0,,,,,,
course_10_la_decouverte_de_l_amerique_1492,course_10_la_decouverte_de_l_amerique_1492_q10,chronological,שים את השלבים האלה של המשלחת של קולומבוס בסדר כרונולוגי.,"ארבעת השלבים הללו עוברים מאוגוסט 1492 עד 1507: עזיבה, הגעה לאיי בהאמה, הסכם טורדסילה, ואז השם שניתן ליבשת.",,,"[""יציאתן של שלוש הספינות מפאלוס"", ""הגעה לאי באיי בהאמה"", ""חלוקת העולם בין ספרד לפורטוגל"", ""הטבילה של יבשת אמריקה מאת ולדסימולר""]",,,,,
course_110_les_raisins_de_la_colere_steinbeck,course_110_les_raisins_de_la_colere_steinbeck_q1,mcq,מדוע משפחת ג'ואד מגורשת מאדמתה באוקלהומה?,הבצורת בקערת האבק והחלפתם של בעלי מניות בטרקטורים דחפו את הגדות לגרש את הג'ואדים.,"[""בגלל בצורת ומיכון חקלאי"", ""בגלל מלחמת אזרחים מקומית"", ""בגלל מגיפה שמחריבה את האזור"", ""עקב הצתה""]",0,,,,,,
course_110_les_raisins_de_la_colere_steinbeck,course_110_les_raisins_de_la_colere_steinbeck_q2,mcq,כיצד אסף סטיינבק את החומר לרומן שלו?,"סטיינבק שוקע בחייהם של מהגרים וחי במחנות מאולתרים, בני הזוג הוברוויל, כדי ללכוד את שפתם ואת הייאוש שלהם.","[""הוא נסע עם מהגרים וגר בהוברווילס"", ""הוא הסתמך אך ורק על דוחות ממשלתיים"", ""הוא ראיין בנקאים מקליפורניה"", ""הוא שאב השראה מילדותו בקערת האבק""]",0,,,,,,
course_110_les_raisins_de_la_colere_steinbeck,course_110_les_raisins_de_la_colere_steinbeck_q3,trueFalse,"נכון או שקר: כותרת הרומן מגיעה משורה משיר, שהוצעה לשטיינבק על ידי אשתו קרול.","הכותרת לקוחה משורה במזמור הקרב של הרפובליקה, רעיון שהוצע על ידי קרול אשתו של סטיינבק.","[""נכון"", ""לא נכון""]",0,,,,,,
course_110_les_raisins_de_la_colere_steinbeck,course_110_les_raisins_de_la_colere_steinbeck_q4,mcq,איזה מסלול איקוני נוקטת משפחת ג'ואד כדי לברוח למערב?,"בני הזוג ג'ואד נוסעים בכביש 66, המכונה ""נתיב הבריחה"", במשאית עמוסה לכיוון קליפורניה.","[""כביש 66"", ""כביש 40"", ""שביל אורגון"", ""הכביש המהיר I-95""]",0,,,,,,
course_110_les_raisins_de_la_colere_steinbeck,course_110_les_raisins_de_la_colere_steinbeck_q5,mcq,מה מגלים בני הזוג ג'וד כשהם מגיעים לקליפורניה?,"המציאות הקליפורנית סותרת את העלונים: שכר כתוש, מחנות לא סניטריים ומיליציות פרטיות מחכים למהגרים.","[""משכורות מרוסקות ומחנות לא סניטריים, רחוקים מהחלום המובטח"", ""אדמה פורייה ועבודות בשכר טוב לכולם"", ""אירוח חם מחקלאים מקומיים"", ""אזור נטוש ריק מכל תושבים""]",0,,,,,,
course_110_les_raisins_de_la_colere_steinbeck,course_110_les_raisins_de_la_colere_steinbeck_q6,mcq,מי עוזר לטום ג'ואד לפתח תודעה פוליטית וקיבוצית?,"הקשר עם ג'ים קייסי, מטיף נודד, הופך את טום, שבהתחלה התמקד אך ורק בהישרדותו.","[""ג'ים קייסי, מטיף נודד"", ""מא ג'ואד, אמא שלו"", ""שופט קליפורני אכפתי"", ""בוס מפעל חוזר בתשובה""]",0,,,,,,
course_110_les_raisins_de_la_colere_steinbeck,course_110_les_raisins_de_la_colere_steinbeck_q7,trueFalse,נכון או שקר: ג'ים קייסי מת בניסיון לארגן איגוד בין מהגרי עבודה.,"קייסי מת בניסיון לארגן מהגרי עבודה, מה שדוחף את טום להבין את הממד הקולקטיבי של המאבק שלהם.","[""נכון"", ""לא נכון""]",0,,,,,,
course_110_les_raisins_de_la_colere_steinbeck,course_110_les_raisins_de_la_colere_steinbeck_q8,mcq,איזו מחווה סוגרת את הרומן כסמל לסולידריות מוחלטת?,"ורד השרון, שילדה מת מתת תזונה, מניקה זקן שמת מרעב, והופכת טרגדיה אינטימית לסמל של שיתוף.","[""שושנה מהשרון מניקה זקן מורעב"", ""מא ג'ואד מחלקת את כל חסכונותיה לשכנים"", ""טום ג'ואד מצטרף לצבא כדי להגן על משפחתו"", ""בני הזוג ג'ואד חוזרים לאוקלהומה כדי לבנות מחדש את החווה שלהם""]",0,,,,,,
course_110_les_raisins_de_la_colere_steinbeck,course_110_les_raisins_de_la_colere_steinbeck_q9,numericSlider,"באיזו שנה פורסם ""ענבי זעם"", בעיצומו של השפל הגדול?",הרומן יצא לאור בשנת 1939 וזכה בפרס פוליצר בשנה שלאחר מכן.,,,,1939.0,1910.0,1960.0,5.0,
course_111_to_kill_a_mockingbird_harper_lee,course_111_to_kill_a_mockingbird_harper_lee_q1,mcq,מי מספר את הסיפור ב-Don't Shoot the Mockingbird?,"הרומן מסופר דרך עיניה של סקאוט, ילדה בת שש המתגוררת במייקומב, אלבמה.","[""צופית, ילדה בת שש"", ""אטיקוס פינץ', עורך דין"", ""בו ראדלי, שכן מתבודד"", ""טום רובינסון, הנאשם""]",0,,,,,,
course_111_to_kill_a_mockingbird_harper_lee,course_111_to_kill_a_mockingbird_harper_lee_q2,mcq,"מה מייצג אטיקוס פינץ' בבית המשפט, בידיעה שהוא יפסיד?","אטיקוס מסכים להגן על טום רובינסון למרות הוודאות להפסיד, מכיוון שבדרום ההפרדה צבע עורו של הנאשם שוקל יותר מהראיות.","[""טום רובינסון, אדם שחור שהואשם בצורה לא הוגנת"", ""בו ראדלי, מואשם בשיטוט"", ""בתו צופית, מואשמת בגניבה"", ""חבר עורך דין איים בהדחה""]",0,,,,,,
course_111_to_kill_a_mockingbird_harper_lee,course_111_to_kill_a_mockingbird_harper_lee_q3,trueFalse,"נכון או לא נכון: טרומן קפוטה, חבר ילדות של הארפר לי במונרווויל, היווה השראה לדמותו של דיל.","טרומן קפוטה, המחבר לעתיד של ""בדם קר"", היה חבר ילדות של הארפר לי וההשראה עבור דיל, הילד שמבקר את החוחיות בכל קיץ.","[""נכון"", ""לא נכון""]",0,,,,,,
course_111_to_kill_a_mockingbird_harper_lee,course_111_to_kill_a_mockingbird_harper_lee_q4,mcq,מה מסמלת הציפור הלועגת שאטיקוס אוסר עליך להרוג?,הציפור הלועגת הבלתי מזיקה מייצגת את טום רובינסון ובו ראדלי: שני יצורים שהחברה רודפת או הופכת למפלצות ללא סיבה.,"[""יצורים תמימים כמו טום רובינסון ובו ראדלי"", ""הצדק האמריקאי בכללותו"", ""העיירה מייקומב עצמה"", ""האומץ של עורכי הדין בדרום""]",0,,,,,,
course_111_to_kill_a_mockingbird_harper_lee,course_111_to_kill_a_mockingbird_harper_lee_q5,mcq,מי מציל בסתר את סקאוט וג'ם בסוף הרומן?,"בו ראדלי, הנזיר שכל השכונה חוששת ממנו, מציל את הילדים ומתגלה כאדם ביישן ולא כמפלצת.","[""בו ראדלי, השכן המתבודד"", ""אטיקוס פינץ'"", ""טום רובינסון"", ""השריף של מייקומב""]",0,,,,,,
course_111_to_kill_a_mockingbird_harper_lee,course_111_to_kill_a_mockingbird_harper_lee_q6,trueFalse,"נכון או לא נכון: למרות הראיות של אטיקוס המדגימות את חוסר האפשרות הפיזית של הפשע, טום רובינסון מורשע.","למרות שאטיקוס מדגים שטום לא יכול היה לבצע את הפשע, הוא מורשע: הצדק נכשל מול הגזענות של חבר המושבעים.","[""נכון"", ""לא נכון""]",0,,,,,,
course_111_to_kill_a_mockingbird_harper_lee,course_111_to_kill_a_mockingbird_harper_lee_q7,mcq,"איזה רומן, שפורסם ב-2015 זמן קצר לפני מותו של הארפר לי, מתגלה כגרסה ראשונה שנכתבה לפני זו של 1960?","Go and Post a Sentinel, שפורסם ב-2015, הוא למעשה טיוטה לפני הגרסה הסופית של 1960.","[""לך ותפרסם זקיף"", ""השתיקה של מייקומב"", ""קיץ מונרוויל"", ""המחברות של אטיקוס""]",0,,,,,,
course_111_to_kill_a_mockingbird_harper_lee,course_111_to_kill_a_mockingbird_harper_lee_q8,mcq,איזו הוראה מעביר אטיקוס לילדיו לאחר המשפט?,"אטיקוס מלמד אמפתיה: הבנת אחרים דורשת לשים את עצמך במקומם, ואומץ אמיתי מורכב מלחימה גם כשאתה יודע שתפסיד.","[""אתה מכיר מישהו באמת רק על ידי הכנסת עצמך לנעליו."", ""לעולם אל תגן על מקרה אבוד"", ""החוק תמיד צודק"", ""עלינו לברוח ממייקומב בהקדם האפשרי""]",0,,,,,,
course_111_to_kill_a_mockingbird_harper_lee,course_111_to_kill_a_mockingbird_harper_lee_q9,chronological,שים את השלבים האלה בקריירה של הרומן בסדר כרונולוגי.,"הרומן הופיע ב-1960, קיבל את הפוליצר ב-1961, ואז עובד לקולנוע עם גרגורי פק ב-1962.",,,"[""פרסום הרומן"", ""פרס פוליצר הוענק להארפר לי"", ""שחרור העיבוד עם גרגורי פק""]",,,,,
course_112_le_grand_gatsby_fitzgerald,course_112_le_grand_gatsby_fitzgerald_q1,mcq,מי עורך מסיבות מפוארות כדי להחזיר את דייזי ביוקנן?,ג'יי גטסבי עורך מסיבות מדהימות באחוזת ה-West Egg שלו במטרה היחידה להחזיר את דייזי ביוקנן.,"[""ג'יי גטסבי"", ""ניק קארוויי"", ""טום ביוקנן"", ""סקוט פיצג'רלד""]",0,,,,,,
course_112_le_grand_gatsby_fitzgerald,course_112_le_grand_gatsby_fitzgerald_q2,mcq,מה מסמל האור הירוק שגטסבי מהרהר בכל לילה בקצה הרציף?,האור הירוק בקצה הרציף של הביוקאננס מסמל את העתיד שגטסבי רודף אחריו מבלי שיצליח להגיע אליו.,"[""העתיד שהוא רודף אחריו, תמיד מחוץ להישג יד"", ""בית ילדותו במערב התיכון"", ""העושר של טום ביוקנן"", ""המגדלור המנחה סירות מהנמל""]",0,,,,,,
course_112_le_grand_gatsby_fitzgerald,course_112_le_grand_gatsby_fitzgerald_q3,trueFalse,"נכון או לא נכון: כשהיא שוחררה ב-1925, גטסבי הגדול זכה להצלחה מסחרית אדירה.","הרומן מכר רק כ-20,000 עותקים עם פרסום; רק לאחר מותו של פיצג'רלד זה הפך לקלאסיקה.","[""נכון"", ""לא נכון""]",1,,,,,,
course_112_le_grand_gatsby_fitzgerald,course_112_le_grand_gatsby_fitzgerald_q4,mcq,"מהיכן מגיע הונו של ג'יי גטסבי, יליד ג'יימס גאץ, בן לחקלאים עניים?","גטסבי בנה את הונו בסחר באלכוהול שנעשה רווחי על ידי האיסור, במטרה היחידה לזכות בחזרה בדייזי.","[""סחר באלכוהול בזמן האיסור"", ""ירושה משפחתית בלתי צפויה"", ""ספקולציות בבורסה בוול סטריט"", ""סחר ימי עם אירופה""]",0,,,,,,
course_112_le_grand_gatsby_fitzgerald,course_112_le_grand_gatsby_fitzgerald_q5,mcq,"מי מספר את סיפורו של גטסבי, מתבונן בו בקסם ובגועל?","המספר ניק קארווי, בן דודה של דייזי, מתבונן בעולם הזה עם קסם לגטסבי וגם בשאט נפש מאכזריותם של בני הזוג ביוקאננס.","[""ניק קארוויי, בן דודה של דייזי"", ""ג'יי גטסבי עצמו"", ""דייזי ביוקנן"", ""טום ביוקנן""]",0,,,,,,
course_112_le_grand_gatsby_fitzgerald,course_112_le_grand_gatsby_fitzgerald_q6,mcq,מי באמת אחראי למותה של מירטל ווילסון כשהיא נפגעה ממכונית?,"דייזי הורגת בטעות את מירטל בזמן שהיא נוהגת במכונית של גטסבי, אבל היא עוזבת אותו לקחת את האשמה בתאונה.","[""דייזי ביוקנן, שנותנת לגטסבי לקחת את האשמה"", ""ג'יי גטסבי, שנסע לעברה בכוונה"", ""טום ביוקנן, מקנא ברומן שלו"", ""ג'ורג' ווילסון, בעלה של מירטל""]",0,,,,,,
course_112_le_grand_gatsby_fitzgerald,course_112_le_grand_gatsby_fitzgerald_q7,trueFalse,נכון או לא נכון: חברים ומכרים רבים משתתפים בהלוויה של גטסבי.,"אף אחד לא מגיע להלוויה של גטסבי, ומגלה לניק שכל חייו החברתיים היו תעתוע.","[""נכון"", ""לא נכון""]",1,,,,,,
course_112_le_grand_gatsby_fitzgerald,course_112_le_grand_gatsby_fitzgerald_q8,mcq,מה עושות עיניו של דוקטור טי.ג'יי. אקלבורג ששומרת על עמק האפר מסמלת?,"העיניים האלה המצוירות על שלט חוצות מסמלות אל נעדר, אדיש לשחיתות המוסרית של כדור הארץ הזה.","[""אל נעדר על אדמה מושחתת"", ""מעקב משטרתי אחר איסור"", ""השקפתו הביקורתית של ניק קארוויי"", ""הפרסום בכל מקום של שנות ה-20""]",0,,,,,,
course_112_le_grand_gatsby_fitzgerald,course_112_le_grand_gatsby_fitzgerald_q9,mcq,"איזה אירוע איפשר לרומן, שנמנע עם יציאתו, להפוך לקלאסיקה לאחר מותו של פיצג'רלד?","הרומן התגלה מחדש לאחר 1945 הודות להפצתו לחיילים במהלך מלחמת העולם השנייה, הפך סוף סוף לקלאסיקה.","[""חלוקתו לחיילים במהלך מלחמת העולם השנייה"", ""התרגום שלו לשפות רבות"", ""הקדמה חדשה שנכתבה על ידי מבקר מפורסם"", ""עיבודו המיידי לקולנוע מ-1926""]",0,,,,,,
course_113_le_seigneur_des_anneaux_tolkien,course_113_le_seigneur_des_anneaux_tolkien_q1,mcq,מה היה J.R.R. המקצוע של טולקין לפני שהפך למחבר של הארץ התיכונה?,"טולקין היה פרופסור לאנגלית עתיקה באוקספורד, וההתמחות שלו כפילולוג היא הבסיס לכל היקום שלו.","[""פרופסור לאנגלית עתיקה ופילולוג באוקספורד"", ""קצין הצבא הבריטי בהודו"", ""הוצאת ספרי ילדים בלונדון"", ""היסטוריון המתמחה ברומא העתיקה""]",0,,,,,,
course_113_le_seigneur_des_anneaux_tolkien,course_113_le_seigneur_des_anneaux_tolkien_q2,mcq,באיזה סדר בנה טולקין את הארץ התיכונה?,"טולקין ממציא תחילה שפות כמו קוויניה וסינדרין, ואז מדמיין את האנשים שמדברים בהן.","[""תחילה הוא המציא שפות, ואז דמיין את האנשים שמדברים אותן"", ""תחילה הוא צייר מפה, ואז המציא שפות"", ""הוא כתב תחילה היסטוריה, ואז יצר שפות אחרון"", ""הוא תרגם כבר שפות עתיקות קיימות""]",0,,,,,,
course_113_le_seigneur_des_anneaux_tolkien,course_113_le_seigneur_des_anneaux_tolkien_q3,mcq,מי צריך להרוס את הטבעת האחת בהר הגורל?,"על פרודו באגינס, הוביט פשוט ללא שאפתנות, מוטלת המשימה לשאת ולהרוס את הטבעת האחת בהר האבדון.","[""פרודו באגינס, הוביט פשוט"", ""אראגורן, יורשו של גונדור"", ""גנדלף, הקוסם"", ""סאורון עצמו""]",0,,,,,,
course_113_le_seigneur_des_anneaux_tolkien,course_113_le_seigneur_des_anneaux_tolkien_q4,mcq,מי זייף את הטבעת האחת?,"הטבעת האחת עוצבה על ידי סאורון, מאיה שנפלה שמיקד בה את כל כוחו.","[""סאורון, מאיה שנפלה"", ""אראגורן, יורשו של גונדור"", ""גולום, לפני השחיתות שלו"", ""הגמדים של מוריה""]",0,,,,,,
course_113_le_seigneur_des_anneaux_tolkien,course_113_le_seigneur_des_anneaux_tolkien_q5,trueFalse,נכון או לא נכון: אחוות הטבעת מפגישה תשעה נציגים של העמים החופשיים של הארץ התיכונה.,"ב""אחוות הטבעת"" יש תשעה חברים המייצגים את העמים החופשיים השונים של הארץ התיכונה.","[""נכון"", ""לא נכון""]",0,,,,,,
course_113_le_seigneur_des_anneaux_tolkien,course_113_le_seigneur_des_anneaux_tolkien_q6,mcq,מדוע הוביט מוצג כמועמד האידיאלי לענוד את הטבעת?,הטבעת תוקפת את רצון העונד אותה; הוביט ללא שאפתנות פוליטית הוא אפוא המועמד האידיאלי לעמוד בפיתוי שלו.,"[""כי אין לו שאיפה פוליטית"", ""כי הוא הכי חזק פיזית"", ""כי הוא חסין בפני קסם"", ""כי הוא קשור לסאורון""]",0,,,,,,
course_113_le_seigneur_des_anneaux_tolkien,course_113_le_seigneur_des_anneaux_tolkien_q7,mcq,"מה מאפשרים הרחמים שממנו נהנה גולום לאחר לכידתו, שלא בכוונה?","גולום, שנחסך מחמלה, מאפשר ללא ידיעתו את ההישג הסופי של המסע כאשר פרודו בתורו לא מצליח לזרוק את הטבעת.","[""ההגשמה הסופית של המסע, כאשר פרודו עצמו לא מצליח לזרוק את הטבעת"", ""ההרס המיידי של הטבעת של פרודו"", ""לכידת סאורון על ידי צבאות גונדור"", ""הבגידה של סם בפרודו""]",0,,,,,,
course_113_le_seigneur_des_anneaux_tolkien,course_113_le_seigneur_des_anneaux_tolkien_q8,trueFalse,נכון או לא נכון: טולקין התכוון לשר הטבעות כאלגוריה מפורשת למלחמת העולם השנייה.,"טולקין מסרב לאלגוריה מפורשת; במקום זאת, עבודתו חוקרת, באופן רחב יותר, שחיתות על ידי כוח.","[""נכון"", ""לא נכון""]",1,,,,,,
course_113_le_seigneur_des_anneaux_tolkien,course_113_le_seigneur_des_anneaux_tolkien_q9,mcq,"מי נלחם בקרבות כיורש של גונדור, בעוד פרודו מתקדם לבדו לעבר מורדור?","אראגורן, יורשו של גונדור, נלחם בקרבות בעוד פרודו וסם מתקדמים לבד, מה שמדגים שתי צורות של אומץ.","[""אראגורן"", ""גנדלף"", ""בורומיר"", ""תאודן""]",0,,,,,,
course_114_fahrenheit_451_bradbury,course_114_fahrenheit_451_bradbury_q1,mcq,מה עושים הכבאים בעולם שמדמיין פרנהייט 451?,"בעתיד הזה שמדמיין ברדבורי, משימתם של הכבאים היא לשרוף ספרים שנחשבים מסוכנים ליציבות חברתית.","[""הם שורפים ספרים שנחשבים מסוכנים"", ""כיבו שריפות כמו היום"", ""הם שומרים על גבולות העיר"", ""הם מייצרים מסכי קיר""]",0,,,,,,
course_114_fahrenheit_451_bradbury,course_114_fahrenheit_451_bradbury_q2,mcq,מה משמעות הכותרת פרנהייט 451?,"הכותרת מתייחסת לטמפרטורה, במעלות פרנהייט, שבה הנייר מתלקח.","[""הטמפרטורה שבה הנייר מתלקח"", ""טמפרטורת הבעירה של העץ"", ""מספר תחנת הכיבוי של מונטג"", ""שנת הלידה של ריי ברדבורי""]",0,,,,,,
course_114_fahrenheit_451_bradbury,course_114_fahrenheit_451_bradbury_q3,trueFalse,"נכון או לא נכון: לפי ברדבורי, היעלמותם של ספרים נובעת אך ורק מצנזורה שנכפתה על ידי המדינה.","ניואנס של ברדבורי: האיום מגיע גם מטלוויזיה וצריכה המונית, לא רק מצנזורה פוליטית.","[""נכון"", ""לא נכון""]",1,,,,,,
course_114_fahrenheit_451_bradbury,course_114_fahrenheit_451_bradbury_q4,mcq,"בניגוד ל-1984, מאיפה מגיע הדיכוי בפרנהייט 451?","בניגוד ל-1984, כאן האזרחים עצמם הם שוויתרו על ספרים, מתוך נוחות ופחד מוויכוח.","[""אזרחים עצמם, שוויתרו על ספרים למען נחמה"", ""של דיקטטור יחיד שכופה את רצונו"", ""של פלישת צבא זר"", ""מתוך בינה מלאכותית מרכזית""]",0,,,,,,
course_114_fahrenheit_451_bradbury,course_114_fahrenheit_451_bradbury_q5,mcq,מי גורם לגיא מונטג לתהות על עבודתו ככבאי?,"שכנתו הצעירה קלריס מזכירה לו שכבאים נהגו לכבות שריפות, מה שדוחף את מונטג להטיל ספק.","[""שכנתו קלריס"", ""אשתו מילדרד"", ""קפטן ביטי"", ""הכלב המכני""]",0,,,,,,
course_114_fahrenheit_451_bradbury,course_114_fahrenheit_451_bradbury_q6,mcq,"למה קפטן ביטי, שמכיר את הקלאסיקות, שורף אותם בלהט?","ביטי מאמין שספרים יוצרים חרדה בכך שהם חושפים אי-שוויון, מה שמצדיק לדעתו שריפתם.","[""כי לטענתו, ספרים יוצרים חרדה על ידי גילוי אי שוויון"", ""כי הוא מעולם לא הצליח לקרוא אותם בעצמו"", ""כי מילדרד שונאת אותם"", ""כי הממשלה הפכה אותם לבלתי קריאים""]",0,,,,,,
course_114_fahrenheit_451_bradbury,course_114_fahrenheit_451_bradbury_q7,mcq,כיצד משמרים האינטלקטואלים שמונטג פוגש את התרבות האסורה?,קהילת האינטלקטואלים שאליה מצטרף מונטג כל אחד משננת ספר שלם על מנת להעבירו בעל פה.,"[""כל אחד משנן ספר שלם כדי להעבירו בעל פה"", ""הם מדפיסים בסתר עותקים חדשים"", ""הם מחביאים את הספרים בבונקרים תת-קרקעיים"", ""הם מתרגמים את הספרים לקוד סודי""]",0,,,,,,
course_114_fahrenheit_451_bradbury,course_114_fahrenheit_451_bradbury_q8,trueFalse,נכון או לא נכון: הרומן מסתיים בתקווה לרנסנס תרבותי לאחר מלחמה גרעינית.,"הרומן מסתיים במלחמה גרעינית שהורסת את העיר, אבל לוחמי ההתנגדות עוזבים: תרבות יכולה להיוולד מחדש אם האנושות תסכים לחשוב שוב.","[""נכון"", ""לא נכון""]",0,,,,,,
course_114_fahrenheit_451_bradbury,course_114_fahrenheit_451_bradbury_q9,numericSlider,"תוך כמה ימים כתב ריי ברדבורי את פרנהייט 451, במכונת כתיבה שנשכרה מספרייה?","ברדבורי כתב את הרומן תוך תשעה ימים בלבד, במכונת כתיבה שהושכרה עשרה סנט לשלושים דקות מספריית אוניברסיטה.",,,,9.0,1.0,30.0,2.0,ימים
course_115_cent_ans_de_solitude_garcia_marquez,course_115_cent_ans_de_solitude_garcia_marquez_q1,mcq,כמה דורות של משפחת בואנדיה משתרע הרומן במקונדו?,"הרומן עוקב אחר שבעה דורות של משפחת בואנדיה במקונדו, ממייסד הכפר ועד צאצאיו האחרונים.","[""שבעה דורות"", ""שלושה דורות"", ""שנים עשר דורות"", ""דור בודד""]",0,,,,,,
course_115_cent_ans_de_solitude_garcia_marquez,course_115_cent_ans_de_solitude_garcia_marquez_q2,mcq,איזו תנועה ספרותית עולמית הולידה מאה שנים של בדידות?,"מאה שנים של בדידות היא תעודת הלידה העולמית של ריאליזם קסום, שבה מסופר על המופלא כעובדה רגילה.","[""ריאליזם קסום"", ""הרומן החדש"", ""טבעונות"", ""סוריאליזם""]",0,,,,,,
course_115_cent_ans_de_solitude_garcia_marquez,course_115_cent_ans_de_solitude_garcia_marquez_q3,mcq,מי הקים את הכפר מקונדו בג'ונגל?,"חוסה ארקדיו בואנדיה הקים את הכפר מקונדו בג'ונגל, ערש הסאגה המשפחתית כולה.","[""חוסה ארקדיו בונדיה"", ""קולונל אורליאנו בואנדיה"", ""מלקיאדס, הצועני"", ""גרסיה מארקס עצמו""]",0,,,,,,
course_115_cent_ans_de_solitude_garcia_marquez,course_115_cent_ans_de_solitude_garcia_marquez_q4,mcq,מה קורה לקולונל אורליאנו בואנדיה לאחר שלושים ושתיים המרידות החמושות שלו?,"קולונל אורליאנו בואנדיה מוביל שלושים ושתיים התקוממויות חמושים ומאבד את כולם, מבלי להפיל את הכוח במקום.","[""הוא מאבד את כולם"", ""בסופו של דבר הוא לוקח את השלטון"", ""הוא מת במהלך המרד הראשון"", ""הוא עוזב את קולומביה לגלות""]",0,,,,,,
course_115_cent_ans_de_solitude_garcia_marquez,course_115_cent_ans_de_solitude_garcia_marquez_q5,mcq,איזה אירוע היסטורי אמיתי משבש הטבח של העובדים ברומן?,"פרק הטבח של הפועלים מעביר את הטבח האמיתי של מטעי הבננות הקולומביאניים של 1928, שנמחק לאחר מכן מהזיכרון הקולקטיבי.","[""טבח מטעי הבננות הקולומביאני של 1928"", ""מלחמת האזרחים בקולומביה של המאה ה-19"", ""עצמאות קולומביאנית"", ""המהפכה הקובנית""]",0,,,,,,
course_115_cent_ans_de_solitude_garcia_marquez,course_115_cent_ans_de_solitude_garcia_marquez_q6,trueFalse,"נכון או לא נכון: כאשר רמדיוס עולה לגן עדן על ידי קיפול סדינים, המספר מדגיש את אופיו יוצא הדופן של האירוע.","המספר אינו מראה שום הפתעה: הקסם מסופר כהרחבה אורגנית של המציאות, ללא אלמנט ההפתעה.","[""נכון"", ""לא נכון""]",1,,,,,,
course_115_cent_ans_de_solitude_garcia_marquez,course_115_cent_ans_de_solitude_garcia_marquez_q7,mcq,"מה חושף כתב היד של מלקוויאדס, שנכתב בסנסקריט?","כתב היד של מלקוויאדס מספר מראש, בסנסקריט, מאה שנים מההיסטוריה של משפחת בואנדיה.","[""הסיפור המלא של משפחת בואנדיה, מאה שנים לפני שזה קרה"", ""המתכונים האלכימיים של הכפר"", ""מפת מכרות הזהב באזור"", ""הסכם שלום בין משפחות יריבות""]",0,,,,,,
course_115_cent_ans_de_solitude_garcia_marquez,course_115_cent_ans_de_solitude_garcia_marquez_q8,mcq,מה עושה גרסיה מרקס מיד לאחר ההארה היצירתית שלו בנסיעה לאקפולקו?,"גרסיה מרקס הסתובב והתבודד במשך שמונה עשר חודשים כדי לכתוב את הרומן, בזמן שאשתו משכנת את רכושם.","[""הוא הסתובב והתבודד במשך שמונה עשר חודשים כדי לכתוב את הרומן"", ""הוא נוטש את הפרויקט באופן סופי"", ""הוא יוצא מיד כדי להציג את הרעיון שלו לעורך"", ""הוא מתחיל לכתוב את הרומן באנגלית""]",0,,,,,,
course_115_cent_ans_de_solitude_garcia_marquez,course_115_cent_ans_de_solitude_garcia_marquez_q9,trueFalse,"נכון או לא נכון: הזמן במקונדו הוא מעגלי, כאשר בני הזוג בונדיאס חוזרים על הטעויות של אבותיהם.","הזמן במקונדו הוא מעגלי: בני משפחת בואנדיה חוזרים, דור אחר דור, על טעויות אבותיהם.","[""נכון"", ""לא נכון""]",0,,,,,,
course_115_cent_ans_de_solitude_garcia_marquez,course_115_cent_ans_de_solitude_garcia_marquez_q10,numericSlider,באיזו שנה קיבל גרסיה מרקס את פרס נובל לספרות?,"גרסיה מרקס קיבל את פרס נובל לספרות בשנת 1982, חמש עשרה שנים לאחר פרסום הרומן.",,,,1982.0,1960.0,2000.0,3.0,
course_116_la_metamorphose_kafka,course_116_la_metamorphose_kafka_q1,mcq,"כיצד מתחילה המטמורפוזה, באחד המקורות המפורסמים ביותר בספרות?","הרומן נפתח בכך שגרגור סמסה מתעורר והפך לחרק מפלצתי, ללא כל הסבר לתופעה.","[""גרגור סמסה מתעורר והפך לחרק מפלצתי"", ""גרגור סמסה הולך לעבודה כמו כל בוקר"", ""למשפחת סמסה נודע על מותו של גרגור"", ""גרגור סמסה עוזב את בית המשפחה""]",0,,,,,,
course_116_la_metamorphose_kafka,course_116_la_metamorphose_kafka_q2,mcq,מה היה המקצוע של גרגור סמסה לפני השינוי שלו?,"לפני השינוי שלו, גרגור היה איש מכירות נודד והתמיכה הכלכלית היחידה של משפחתו.","[""איש מכירות נודד, תמיכה כלכלית בלעדית למשפחתו"", ""רופא כפרי"", ""עובד בנק בפראג"", ""פרופסור לפילולוגיה""]",0,,,,,,
course_116_la_metamorphose_kafka,course_116_la_metamorphose_kafka_q3,trueFalse,"נכון או לא נכון: קפקא מסביר בפירוט, בסיפור, איך ולמה גרגור הופך לחרק.","קפקא מתייחס לטרנספורמציה בריאליזם קליני, מבלי להסביר כלל את התופעה; ההתמקדות היא בהשלכותיה.","[""נכון"", ""לא נכון""]",1,,,,,,
course_116_la_metamorphose_kafka,course_116_la_metamorphose_kafka_q4,mcq,"מדוע קפקא אוסר על המו""ל שלו לתאר את החרק על כריכת הספר?","קפקא העדיף שהקורא ידמיין בעצמו את הזוועה שבטרנספורמציה, במקום לראות אותה מתוקנת באיור.","[""כך שכל קורא מדמיין את הגרסה שלו לאימה"", ""כי העיצוב עלה יותר מדי לביצוע"", ""כי הצנזורה הייתה אוסרת את זה"", ""כי הוא רצה לשמור על המחבר בעילום שם""]",0,,,,,,
course_116_la_metamorphose_kafka,course_116_la_metamorphose_kafka_q5,mcq,מי לא ציית למשאלותיו האחרונות של קפקא בכך שפרסם את כתבי היד שלו במקום להשמידם?,"מקס ברוד, חברו של קפקא, לא ציית למשאלותיו האחרונות בכך שפרסם את כתבי היד שלו במקום להשמיד אותם.","[""חברו מקס ברוד"", ""אחותו גרטה"", ""המוציא לאור של פראג"", ""ארוסתו""]",0,,,,,,
course_116_la_metamorphose_kafka,course_116_la_metamorphose_kafka_q6,mcq,מי במשפחת סמסה מאכיל ומנקה את חדרו של גרגור בתחילת המטמורפוזה שלו?,"בתחילה, אחותו גרטה היא זו שמאכילה את גרגור ומנקה את חדרו, לפני שהמסירות שלה נשחקת עם הזמן.","[""אחותו גרטה"", ""אמא שלו"", ""אביו"", ""דייר שכור""]",0,,,,,,
course_116_la_metamorphose_kafka,course_116_la_metamorphose_kafka_q7,mcq,מה עושים הסמסא כדי לפרנס את עצמם לאחר השינוי של גרגור?,"כדי לשרוד, כל אחד מבני המשפחה חוזר לעבודה, והם משכירים חדרים לדיירים.","[""כולם שוב עובדים ומשכירים חדרים לדיירים"", ""הם מוכרים את בית המשפחה"", ""הם עוברים לכפר"", ""הם מבקשים עזרה מהעירייה""]",0,,,,,,
course_116_la_metamorphose_kafka,course_116_la_metamorphose_kafka_q8,mcq,"איך מסתיימים חייו של גרגור, ברגע שגרטה מכריזה שהם חייבים להיפטר ממנו?","משהבין שכבר אין לו את מקומו, גרגור מרעיב את עצמו למוות בחדרו.","[""הוא נותן לעצמו למות מרעב"", ""הוא בורח דרך החלון"", ""הוא פתאום הופך להיות אנושי שוב"", ""אביו מגרש אותו בכוח""]",0,,,,,,
course_116_la_metamorphose_kafka,course_116_la_metamorphose_kafka_q9,trueFalse,נכון או לא נכון: מותו של גרגור נחווית על ידי משפחתו כטרגדיה קורעת לב.,"מותו של גרגור הוא, להיפך, הצלה עבור משפחתו, שיוצאת לטייל כבר במחשבה על נישואיה של גרטה.","[""נכון"", ""לא נכון""]",1,,,,,,
course_116_la_metamorphose_kafka,course_116_la_metamorphose_kafka_q10,numericSlider,באיזו שנה כתב קפקא את המטמורפוזה?,"קפקא כתב את המטמורפוזה ב-1912, בתקופה של יצירתיות רבה, לפני פרסומו ב-1915.",,,,1912.0,1880.0,1940.0,3.0,
course_117_le_maitre_et_marguerite_boulgakov,course_117_le_maitre_et_marguerite_boulgakov_q1,mcq,אילו שלושה עולמות משתלבים הרומן המאסטר ומרגריטה?,"הרומן טווה שלושה עולמות: מוסקבה הסובייטית בשנות ה-30, ירושלים העתיקה ומרחב פנטסטי שנשלט על ידי השטן.","[""מוסקבה הסובייטית, ירושלים העתיקה ועולם פנטזיה שנשלט על ידי השטן"", ""מוסקבה, סנט פטרסבורג וקייב"", ""העבר הצארי, ההווה הסטליניסטי ועתיד קומוניסטי אידיאלי"", ""ברלין, פריז ומוסקבה""]",0,,,,,,
course_117_le_maitre_et_marguerite_boulgakov,course_117_le_maitre_et_marguerite_boulgakov_q2,mcq,מדוע שרף בולגקוב את כתב היד הראשון של הרומן ב-1930?,"מחשש לחיפושים של המשטרה הפוליטית הסובייטית, ה-NKVD, בולגקוב שרף את כתב היד הראשון שלו ואז החל לכתוב שוב מהזיכרון.","[""מחשש לחיפושי NKVD"", ""כי הוא ראה שהטקסט לא גמור"", ""בהוראת סטלין ישירות"", ""כי פרצה שריפה בשוגג""]",0,,,,,,
course_117_le_maitre_et_marguerite_boulgakov,course_117_le_maitre_et_marguerite_boulgakov_q3,trueFalse,נכון או שקר: רומן בולגקוב ראה אור במלואו במהלך חייו.,בולגקוב מת ב-1940 מבלי שראה את עבודתו פורסמה; הרומן לא יופיע במלואו עד 1967.,"[""נכון"", ""לא נכון""]",1,,,,,,
course_117_le_maitre_et_marguerite_boulgakov,course_117_le_maitre_et_marguerite_boulgakov_q4,mcq,מי מגיע למוסקבה עם החתול השחור שלו בהמות וזורע בהלה בקרב הקסטה הספרותית?,"וולנד, שהוא לא אחר מאשר השטן, מגיע למוסקבה עם החתול השחור שלו בהמות' וזורע בהלה בקרב הקסטה הספרותית המושחתת.","[""וולנד, כלומר השטן"", ""המאסטר, הסופר הנרדף"", ""פונטיוס פילטוס"", ""קפטן השירות החשאי הסובייטי""]",0,,,,,,
course_117_le_maitre_et_marguerite_boulgakov,course_117_le_maitre_et_marguerite_boulgakov_q5,mcq,מה אומר המאסטר ברומן שהוא כותב בתוך הרומן?,"המאסטר כותב את סיפורם של פונטיוס פילטוס וישוע הנוזרי בירושלים, במקביל לתככים המוסקבים.","[""סיפורם של פונטיוס פילטוס וישוע הנוזרי"", ""חיי היומיום במוסקבה תחת סטאלין"", ""מלחמות נפוליאון"", ""ביוגרפיה דמיונית של וולנד""]",0,,,,,,
course_117_le_maitre_et_marguerite_boulgakov,course_117_le_maitre_et_marguerite_boulgakov_q6,mcq,"מה מרגריט עושה כדי להציל את המאסטר, שנכלא לאחר השמדת כתב היד שלו?","מרגריט מסכימה להפוך למכשפה ולהוביל את נשף השטן כדי להציל את המאסטר, בהקרבה מלאה באהבה.","[""היא הופכת למכשפה ומנהלת את נשף השטן"", ""היא מוקיעה את וולנד בפני השלטונות"", ""היא כתבה מחדש את כתב היד האבוד בעצמה"", ""היא יוצאת לגלות בלנינגרד""]",0,,,,,,
course_117_le_maitre_et_marguerite_boulgakov,course_117_le_maitre_et_marguerite_boulgakov_q7,mcq,איזה סגן מציג וולנד כנוראה מכולם?,"וולנד מגלה שפחדנות היא החטא הנורא ביותר, זו של פונטיוס פילאטוס כמו גם זו של המבקרים הסובייטים.","[""פחדנות"", ""גאה"", ""חמדנות"", ""אכזריות""]",0,,,,,,
course_117_le_maitre_et_marguerite_boulgakov,course_117_le_maitre_et_marguerite_boulgakov_q8,mcq,"מה פירוש המשפט המפורסם ""כתבי יד לא נשרפים""?",המשפט הזה מאשר שהאמת של האמנות תמיד מנצחת את הדיכוי והצנזורה הפוליטית.,"[""מי יתן ורעיונות אמיתיים ישרדו את הצנזורה"", ""שהנייר בו השתמש בולגקוב אינו דליק"", ""שסטלין אסר על השמדת ספרים"", ""שספריות סובייטיות היו חסינות אש""]",0,,,,,,
course_117_le_maitre_et_marguerite_boulgakov,course_117_le_maitre_et_marguerite_boulgakov_q9,mcq,כיצד הסתובב הרומן בחשאי בברית המועצות לפני פרסומו הרשמי?,"בברית המועצות, הרומן הופץ בסמיזדאט, עותקים מודפסים חשאיים שהוחלפו בין הקוראים.","[""בצורה של samizdat, עותקים מודפסים חשאיים"", ""על ידי קריאות ציבוריות סודיות"", ""הודות למהדורה שנדפסה בחו\""ל ויובאה שלא כדין"", ""בהעברה בעל פה בין כותבים""]",0,,,,,,
course_117_le_maitre_et_marguerite_boulgakov,course_117_le_maitre_et_marguerite_boulgakov_q10,trueFalse,"נכון או לא נכון: המאסטר ומרגריטה היוו השראה לשיר ""Sympathy for the Devil"" של הרולינג סטונס.","הרומן נתן השראה למיק ג'אגר לכתוב את ""Sympathy for the Devil"", לאחר שמריאן פיית'פול הציעה לו תרגום לאנגלית ב-1967.","[""נכון"", ""לא נכון""]",0,,,,,,
course_118_moby_dick_melville,course_118_moby_dick_melville_q1,mcq,איזה ניסיון אישי היה להרמן מלוויל לפני שכתב את מובי דיק?,"מלוויל הפליג על ספינות ציד לווייתנים באוקיינוס השקט בשנות ה-40 של המאה ה-20, אפילו חי בין שבטים באיי מרקיז.","[""הוא הפליג על ספינות ציד לווייתנים באוקיינוס השקט וחי בין שבטים במרקיז"", ""הוא היה קצין צי בריטי"", ""הוא ניהל חברת ציד לווייתנים בניו בדפורד"", ""הוא למד ביולוגיה ימית בהרווארד""]",0,,,,,,
course_118_moby_dick_melville,course_118_moby_dick_melville_q2,trueFalse,נכון או שקר: מובי דיק זכה להצלחה מסחרית עצומה עם פרסומו ב-1851.,הרומן נחל כישלון מסחרי מוחלט עם יציאתו לאור; מלוויל מת משוכנע ששמו ייעלם.,"[""נכון"", ""לא נכון""]",1,,,,,,
course_118_moby_dick_melville,course_118_moby_dick_melville_q3,mcq,"איך מתחיל הרומן, עם אחד המשפטים המפורסמים ביותר בספרות האמריקאית?","הרומן נפתח במשפט ""קרא לי ישמעאל"", אחד המקורות המפורסמים ביותר בספרות האמריקאית.","[""קרא לי ישמעאל"", ""זה היה הכי טוב בזמנים"", ""בהתחלה היה מובי דיק"", ""פעם לווייתן""]",0,,,,,,
course_118_moby_dick_melville,course_118_moby_dick_melville_q4,mcq,על איזו ספינה עולה המספר ישמעאל?,"ישמעאל מצטרף לפקוד בניו בדפורד, ספינה שהופכת למיקרוקוסמוס של החברה האמריקאית.","[""ה-Pequod"", ""את רייצ'ל"", ""ננטקט"", ""אסקס""]",0,,,,,,
course_118_moby_dick_melville,course_118_moby_dick_melville_q5,mcq,"מי זה קוויק, אחד מהמלחים של הפקווד?","קוויקג, בנו של צ'יף פולינזי, ממחיש את מגוון המקורות שהביאו יחד על סיפון ה-Pequod.","[""בנו של צ'יף פולינזי"", ""הקפטן של הספינה"", ""כומר לשעבר התגייר"", ""אחיו של ישמעאל""]",0,,,,,,
course_118_moby_dick_melville,course_118_moby_dick_melville_q6,mcq,"עבור קפטן אחאב, מהו בעצם הלוויתן הלבן מובי דיק?","עבור אחאב, מובי דיק אינו חיה אלא מסכת הממאירות הקוסמית שהוא רוצה להרוס.","[""מסכה של ממאירות קוסמית, חיה לא פשוטה"", ""משחק פשוט בין היתר"", ""סמל העושר לכבוש"", ""יצור שהומצא על ידי אגדת המלחים""]",0,,,,,,
course_118_moby_dick_melville,course_118_moby_dick_melville_q7,mcq,למה אחאב מקדיש את חייו לאיתור מובי דיק?,"לאחר שאיבד את רגלו במפגש קודם עם הלוויתן, אחאב מקדיש כעת את חייו למעקב אחר הרוע שהוא מגלם עבורו.","[""כי הלוויתן גרם לו לאבד רגל"", ""כי היא הרגה את בנה"", ""כי היא הטביעה ספינה ידידותית"", ""כי זה מייצג הון שלא יסולא בפז""]",0,,,,,,
course_118_moby_dick_melville,course_118_moby_dick_melville_q8,mcq,מה מסמלת לובן הלוויתן לפי מלוויל?,"מלוויל משתמש בלבן של הלוויתן כדי להדגיש את אדישות הטבע, חלל מפחיד שהיקום לא מגיב אליו.","[""אדישות הטבע, חלל מפחיד ללא תגובה מהיקום"", ""טוהר וטוב אלוהי"", ""העושר שהובטח למלחים"", ""זקנה של החיה""]",0,,,,,,
course_118_moby_dick_melville,course_118_moby_dick_melville_q9,mcq,מי הוא השורד היחיד מהטביעה הסופית של הפקוד?,"רק ישמעאל שורד את הספינה הטרופה, צף על ארון הקבורה של קוויק לפני שנאסף על ידי צייד הלווייתנים רייצ'ל.","[""ישמעאל, המספר"", ""קפטן אחאב"", ""קוויקג"", ""סטארבק, הסגן הראשון""]",0,,,,,,
course_118_moby_dick_melville,course_118_moby_dick_melville_q10,trueFalse,"נכון או שקר: כשנפטר ב-1891, הרמן מלוויל כבר הוכר כסופר אמריקאי גדול.","מלוויל נשכח כל כך כשמת שהניו יורק טיימס פרסם את ההספד שלו בשם השגוי ""הנרי מלוויל"".","[""נכון"", ""לא נכון""]",1,,,,,,
course_119_le_petit_prince_saint_exupery,course_119_le_petit_prince_saint_exupery_q1,mcq,היכן ובאיזה הקשר כתב סנט-אכזופרי את הנסיך הקטן?,"גולה בניו יורק בזמן שצרפת הייתה כבושה, סנט-אכזופרי כתב את הסיפור המדברי הזה בנוחות של לונג איילנד.","[""בגלות בניו יורק, בזמן כיבוש צרפת"", ""בפריז, לפני מלחמת העולם השנייה"", ""בצפון אפריקה, במהלך משימותיו Aéropostale"", ""במרוקו, לאחר פרישתו כטייס""]",0,,,,,,
course_119_le_petit_prince_saint_exupery,course_119_le_petit_prince_saint_exupery_q2,mcq,מאיפה הנסיך הקטן שהמספר פוגש באמצע הסהרה?,הנסיך הקטן מגיע מאסטרואיד זעיר בשם B-612.,"[""מאסטרואיד B-612"", ""מכוכב בשם כדור הארץ"", ""מאי אבוד במדבר"", ""מארץ פנטזיה בשם מייקומב""]",0,,,,,,
course_119_le_petit_prince_saint_exupery,course_119_le_petit_prince_saint_exupery_q3,mcq,מה יש להסיר באופן קבוע מהכוכב של הנסיך הקטן כדי להציל אותו?,"על האסטרואיד שלו, הנסיך הקטן חייב לעקור את עצי הבאובב, אחרת השורשים שלהם יפרצו את כוכב הלכת הקטנטן שלו.","[""באובב"", ""ורדים פראיים"", ""אבנים געשיות"", ""דשא פולשני""]",0,,,,,,
course_119_le_petit_prince_saint_exupery,course_119_le_petit_prince_saint_exupery_q4,mcq,"בין המבוגרים שהנסיך הקטן פוגש, מי מוצא חן בעיניו?","רק מדליק המנורות מוצא חן בעיני הנסיך הקטן, כי הוא מאיר את העולם עבור אחרים ולא עבור עצמו.","[""מדליק המנורות, המאיר את העולם עבור אחרים"", ""המלך, השולט על הכל"", ""המתנשא, שאוהב להעריץ אותו"", ""איש העסקים, שסופר את הכוכבים""]",0,,,,,,
course_119_le_petit_prince_saint_exupery,course_119_le_petit_prince_saint_exupery_q5,mcq,מה השועל מלמד אותו על אילוף?,השועל מלמד את הנסיך הקטן שלילוף זה ליצור קשרים שהופכים את האחר לייחודי בין כל האחרים.,"[""לאלף זה ליצור קישורים שהופכים את האחר לייחודי"", ""לאלף זה לשלוט בחיית פרא"", ""אילוף זה פשוט להאכיל מישהו"", ""לאלף זה לשכוח מישהו בהדרגה""]",0,,,,,,
course_119_le_petit_prince_saint_exupery,course_119_le_petit_prince_saint_exupery_q6,trueFalse,"נכון או שקר: לפי השועל, ""העיקרי אינו נראה לעיניים"".","המשפט הזה מהשועל מסכם את הרעיון שהאמת של ישות טמונה במערכת היחסים שיש לנו איתה, לא במראה שלה.","[""נכון"", ""לא נכון""]",0,,,,,,
course_119_le_petit_prince_saint_exupery,course_119_le_petit_prince_saint_exupery_q7,mcq,"איזה מרכיב בכתב היד המקורי הוסר, בהצעת חבר, כדי להשאיר מקום לדמיונו של הקורא?",בכתב היד המקורי נראה כבשה בארגז; חבר הציע לסנט-אכזופרי להסתיר אותו כדי להשאיר מקום לדמיון.,"[""הכבשה נראית בארגז שלה"", ""השועל הישן"", ""הנחש שמכיש את הנסיך הקטן"", ""הבאובבים של האסטרואיד""]",0,,,,,,
course_119_le_petit_prince_saint_exupery,course_119_le_petit_prince_saint_exupery_q8,trueFalse,נכון או לא נכון: אנטואן דה סנט-אכזופרי חי מספיק כדי לחוות את ההצלחה העולמית של ספרו.,סנט-אכזופרי נעלם בים ב-1944 ומעולם לא חווה את ההצלחה העולמית של עבודתו.,"[""נכון"", ""לא נכון""]",1,,,,,,
course_119_le_petit_prince_saint_exupery,course_119_le_petit_prince_saint_exupery_q9,mcq,מה קרה למטוס של סנט-אכזופרי ב-31 ביולי 1944?,"ב-31 ביולי 1944 נעלם מטוסו של סנט-אכזופרי בים; ההריסה שלו לא תזוהה עד שנת 2000, מול חופי מרסיי.","[""הוא נעלם בים, והריסתו זוהתה רק בשנת 2000."", ""הוא הופל מעל פריז"", ""הוא מבצע נחיתת חירום בסהרה"", ""הוא מתרסק בניו יורק""]",0,,,,,,
course_119_le_petit_prince_saint_exupery,course_119_le_petit_prince_saint_exupery_q10,numericSlider,"לכמה שפות תורגם הנסיך הקטן, מה שהופך אותו לספר הצרפתי המתורגם ביותר בעולם?","הנסיך הקטן תורגם ליותר מ-300 שפות, מה שהופך אותו לספר הצרפתי המתורגם ביותר בעולם.",,,,300.0,50.0,500.0,30.0,שפות
course_11_la_prise_de_la_bastille_1789,course_11_la_prise_de_la_bastille_1789_q1,mcq,מה חיפשו הפריזאים מעל לכל כשכבשו את הבסטיליה ב-14 ביולי 1789?,הבסטיליה הכילה רק 7 אסירים; התוקפים חיפשו בעיקר את האבקה שאוחסנה במבצר.,"[""אבקה כדי להגן על עצמך"", ""שחרור אלפי אסירים"", ""זהב מאוצר המלוכה"", ""הארכיון המלכותי""]",0,,,,,,
course_11_la_prise_de_la_bastille_1789,course_11_la_prise_de_la_bastille_1789_q2,trueFalse,נכון או שקר: הבסטיליה שיכלה אלפי אסירים פוליטיים ב-14 ביולי 1789.,"באותו יום, הבסטיליה הכילה רק 7 אסירים: 4 זייפנים, 2 גברים שנחשבו לא שפויים ואריסטוקרט.","[""נכון"", ""לא נכון""]",1,,,,,,
course_11_la_prise_de_la_bastille_1789,course_11_la_prise_de_la_bastille_1789_q3,mcq,מדוע כינס לואי ה-16 את האחוזות הכללי במאי 1789?,"הממלכה נהרסה, בעיקר בגלל התמיכה היקרה שניתנה למושבות האמריקאיות, והמלך מחפש מסים חדשים.","[""להעלות מיסים חדשים מול פשיטת הרגל של הממלכה"", ""להכריז מלחמה על אנגליה"", ""לארגן את הכתרת בנו"", ""לרפורמה בצבא המלכותי""]",0,,,,,,
course_11_la_prise_de_la_bastille_1789,course_11_la_prise_de_la_bastille_1789_q4,mcq,"מה עשתה האחוזה השלישית ב-17 ביוני 1789, מול חסימת האחוזה הכללית?","החסימה על ידי המערכת של שלושה צווים, הכריזה האחוזה השלישית על העצמה הלאומית ב-17 ביוני.","[""היא מכריזה על עצמה לאסיפה הלאומית"", ""הוא עוזב את ורסאי לפריז"", ""הוא מצטרף לאצולה"", ""הוא מפזר את האחוזות הכללי""]",0,,,,,,
course_11_la_prise_de_la_bastille_1789,course_11_la_prise_de_la_bastille_1789_q5,mcq,איזה אירוע גרם לבהלה בפריז ב-11 ביולי 1789?,"פיטוריו של נקר, שר פופולרי מאוד, עוררו בהלה ודחפו את הפריזאים להתחמש.","[""פיטוריו של ז'אק נקר, שר האוצר הפופולרי"", ""מעצר העיזבון השלישי"", ""האש של ורסאי"", ""מותו של לואי ה-16""]",0,,,,,,
course_11_la_prise_de_la_bastille_1789,course_11_la_prise_de_la_bastille_1789_q6,numericSlider,כמה רובים תפס הקהל ב-Les Invalides בבוקר ה-14 ביולי?,"הקהל תפס כ-32,000 רובים מ-Les Invalides, אך עדיין חסרה להם האבקה.",,,,32000.0,10000.0,50000.0,3000.0,רובים
course_11_la_prise_de_la_bastille_1789,course_11_la_prise_de_la_bastille_1789_q7,mcq,מהו אות דה קצ'ט שהופך את הבסטיליה לשנוא כל כך?,"ה-letter de cachet מאפשר לכלוא מישהו ללא משפט, מה שמגלם שרירותיות מלכותית בעיני הפריזאים.","[""צו מעצר ללא משפט"", ""מס מלכותי על לחם"", ""צו חנינה מלכותית"", ""חוזה נישואין מלכותי""]",0,,,,,,
course_11_la_prise_de_la_bastille_1789,course_11_la_prise_de_la_bastille_1789_q8,trueFalse,"נכון או שקר: כאשר נאמר למלך על הסתערות הבסטיליה, הוא השיב כי מדובר במרד פשוט.","להיפך, נאמר לו ""לא אדוני, זו מהפכה"", למרות שהמלך ציין ""כלום"" ביומן הציד שלו ב-14.","[""נכון"", ""לא נכון""]",1,,,,,,
course_11_la_prise_de_la_bastille_1789,course_11_la_prise_de_la_bastille_1789_q9,chronological,שים את האירועים האלה של קיץ 1789 בסדר כרונולוגי.,"ארבעת השלבים הללו עוברים ממאי עד אוגוסט 1789: הזימון המלכותי, שבועת הצירים, ההסתערות על הבסטיליה, ואז ביטול הפריבילגיות.",,,"[""כינוס האחוזה הכללית"", ""שבועת הדקל משחק"", ""סערת הבסטיליה"", ""ביטול הפריבילגיות""]",,,,,
course_11_la_prise_de_la_bastille_1789,course_11_la_prise_de_la_bastille_1789_q10,mcq,"מה קרה באזורים הכפריים לאחר סערת הבסטיליה, בהשפעת הפחד הגדול?","מחשש לנקמה מהאצילים, שרפו האיכרים את המסמכים של זכויות השלטון שלהם, מה שגרם לביטול הפריבילגיות.","[""האיכרים שורפים את המסמכים של זכויות השלטון"", ""איכרים מתקוממים נגד האסיפה הלאומית"", ""הקמפיינים נשארים אדישים לאירועים בפריז"", ""האיכרים דורשים את החזרת המלך המוחלט""]",0,,,,,,
course_120_l_alchimiste_paulo_coelho,course_120_l_alchimiste_paulo_coelho_q1,mcq,"מה חולם סנטיאגו, הרועה האנדלוסי, למצוא בפירמידות של מצרים?","סנטיאגו, רועה צאן אנדלוסי, חולם על אוצר החבוי ליד הפירמידות של מצרים.","[""אוצר"", ""מקור מים אבוד"", ""כתב יד עתיק"", ""עדר כבשים נטוש""]",0,,,,,,
course_120_l_alchimiste_paulo_coelho,course_120_l_alchimiste_paulo_coelho_q2,mcq,מה מלמד אותו מלכיצדק מלך סאלם על גורלו?,"מלכיצדק מלמד את סנטיאגו את הרעיון של אגדה אישית, הייעוד שכולם רוצים להגשים מאז ילדותו.","[""האגדה האישית, הייעוד שכולם רוצים להשיג מילדות"", ""אומנות קריאת טבלאות כוכבים"", ""הטכניקה של האלכימיה של ימי הביניים"", ""סחר הקריסטלים בטנג'יר""]",0,,,,,,
course_120_l_alchimiste_paulo_coelho,course_120_l_alchimiste_paulo_coelho_q3,trueFalse,"נכון או שקר: כשיצא לאור לראשונה ב-1988, האלכימאי הפך מיד להצלחה מסחרית אדירה.","מו""ל ברזילאי קטן הדפיס רק 900 עותקים ב-1988 וסירב להדפיס מחדש; הצלחה עולמית מגיעה מאוחר יותר.","[""נכון"", ""לא נכון""]",1,,,,,,
course_120_l_alchimiste_paulo_coelho,course_120_l_alchimiste_paulo_coelho_q4,mcq,"מי, במדבר, מלמד את סנטיאגו לקרוא את סימני היקום?","זה האלכימאי, שנפגש בחציית הסהרה, שמלמד את סנטיאגו לקרוא את סימני היקום.","[""האלכימאי"", ""מלכיצדק, מלך סאלם"", ""פאטימה"", ""סוחר הקריסטלים של טנג'יר""]",0,,,,,,
course_120_l_alchimiste_paulo_coelho,course_120_l_alchimiste_paulo_coelho_q5,mcq,מה מייצג הרעיון של נשמת העולם ברומן?,"נשמת העולם מתייחסת לאנרגיה הייחודית שכל מה שקיים מאמינים שהיא חולקת, על פי הפילוסופיה של הרומן.","[""אנרגיה ייחודית המשותפת לכל מה שקיים"", ""רוחם של אבות אנדלוסים"", ""התודעה הקולקטיבית של סוחרי טנג'יר"", ""כוח השמור רק לאלכימאים""]",0,,,,,,
course_120_l_alchimiste_paulo_coelho,course_120_l_alchimiste_paulo_coelho_q6,mcq,"מה פירוש המילה הערבית ""מקטוב"", אותה שומע סנטיאגו לעתים קרובות במסלול שלו?","מטוב פירושו ""נכתב"": ביטוי זה מתייחס לרעיון האסלאמי של גורל שכבר מופה.","[""\""זה נכתב\"", מתייחס לגורל"", ""\""בהצלחה\"" בערבית קלאסית"", ""שם של נווה מדבר בסהרה"", ""ברכה מסורתית בין סוחרים""]",0,,,,,,
course_120_l_alchimiste_paulo_coelho,course_120_l_alchimiste_paulo_coelho_q7,mcq,מה עשה פאולו קואלו לפני שהפך לסופר מצליח?,"לפני תהילתו כסופר, פאולו קואלו היה תמלילן של הרוקר הברזילאי ראול סייקסאס.","[""הוא היה כותב מילים של הרוקר הברזילאי ראול סייקסאס"", ""הוא היה פרופסור לפילוסופיה בריו"", ""הוא עבד כמדריך תיירים במצרים"", ""הוא היה נזיר במנזר ספרדי""]",0,,,,,,
course_120_l_alchimiste_paulo_coelho,course_120_l_alchimiste_paulo_coelho_q8,mcq,מה סנטיאגו מגלה לבסוף כשהוא מגיע לפירמידות?,"בפירמידות, סנטיאגו לא מוצא דבר: האוצר היה למעשה קרוב לנקודת ההתחלה שלו, מתחת לעץ שקמה בספרד.","[""שהוא לא מוצא שם שום אוצר, זה במציאות ליד נקודת ההתחלה שלו בספרד"", ""אוצר עצום שהופך אותו לעשיר לכל החיים"", ""קבר מלכותי לא ידוע לארכיאולוגים"", ""הודעה מוצפנת שהשאיר מלכיצדק""]",0,,,,,,
course_120_l_alchimiste_paulo_coelho,course_120_l_alchimiste_paulo_coelho_q9,trueFalse,"נכון או לא נכון: לפי הרומן, האוצר החומרי של סנטיאגו חשוב בסופו של דבר יותר מחוויית המסע עצמו.","הרומן מאשר להיפך שהחוויה, המפגש עם פטימה והקשבה ללב שווים יותר מזהב.","[""נכון"", ""לא נכון""]",1,,,,,,
course_120_l_alchimiste_paulo_coelho,course_120_l_alchimiste_paulo_coelho_q10,numericSlider,כמה עותקים היו להדפסה הברזילאית הראשונה של האלכימאי ב-1988?,"המהדורה הברזילאית הראשונה כללה רק 900 עותקים, וההוצאה סירבה להדפיס את הספר מחדש.",,,,900.0,100.0,5000.0,200.0,עותקים
course_121_la_renaissance_italienne,course_121_la_renaissance_italienne_q1,mcq,איזו משפחה פלורנטינית מימנה אמני רנסנס באמצעות בנקאות?,"המדיצ'י, בנקאים עשירים של פירנצה, מימנו באופן מסיבי אמנים באמצעות חסות כדי לבסס את יוקרתם.","[""המדיצ'י"", ""הבורגיאס"", ""הספורזס"", ""האסטס""]",0,,,,,,
course_121_la_renaissance_italienne,course_121_la_renaissance_italienne_q2,mcq,"מי המציא פרספקטיבה לינארית בסביבות 1420, בפירנצה?","בסביבות 1420, האדריכל ברונלסקי פיתח את הכללים המתמטיים של פרספקטיבה ליניארית.","[""ברונלסקי"", ""לאונרדו דה וינצ'י"", ""מיכלאנג'לו"", ""רפאל""]",0,,,,,,
course_121_la_renaissance_italienne,course_121_la_renaissance_italienne_q3,trueFalse,נכון או לא נכון: נפילת קונסטנטינופול ב-1453 גרמה לחוקרים ביזנטיים לברוח לאיטליה עם כתבי יד יווניים עתיקים.,הגעתם של כתבי יד יווניים שנשכחו הזינה ישירות את ההומניזם ואת הגילוי מחדש של העת העתיקה באיטליה.,"[""נכון"", ""לא נכון""]",0,,,,,,
course_121_la_renaissance_italienne,course_121_la_renaissance_italienne_q4,numericSlider,באיזו שנה מיכלאנג'לו סיים את תקרת הקפלה הסיסטינית?,"מיכלאנג'לו צייר את תקרת הקפלה הסיסטינית בין השנים 1508 ל-1512, ומשתרעת על פני כ-500 מטרים רבועים.",,,,1512.0,1450.0,1550.0,3.0,
course_121_la_renaissance_italienne,course_121_la_renaissance_italienne_q5,chronological,שים את אבני הדרך הללו של הרנסנס האיטלקי בסדר כרונולוגי.,"ארבע אבני הדרך הללו (1420, 1453, 1504, 1512) משתרעות על פני כמעט מאה שנה, מההמצאה הטכנית של הפרספקטיבה ועד לשיא האמנותי של הרנסנס הגבוה ברומא.",,,"[""ברונלסקי ממציא פרספקטיבה ליניארית"", ""נפילת קונסטנטינופול"", ""דוד של מיכלאנג'לו"", ""תקרת הקפלה הסיסטינית הושלמה""]",,,,,
course_121_la_renaissance_italienne,course_121_la_renaissance_italienne_q6,mcq,איזה פרסקו של רפאל מפגיש את ההוגים הגדולים של העת העתיקה?,"רפאל מצייר את בית הספר של אתונה, הכולל את אפלטון, אריסטו ופילוסופים עתיקים אחרים בהרמוניה מושלמת.","[""בית הספר של אתונה"", ""בריאת אדם"", ""המונה ליזה"", ""הסעודה האחרונה""]",0,,,,,,
course_121_la_renaissance_italienne,course_121_la_renaissance_italienne_q7,mcq,איזו תנועת מחשבה מאשרת שבני אדם יכולים להבין את הטבע באמצעות התבונה?,הוגים הומניסטיים כמו פיק דה לה מירנדולה מציבים את התבונה האנושית במרכז הבנת העולם.,"[""הומניות"", ""מנייריזם"", ""חסות"", ""הלימודי""]",0,,,,,,
course_121_la_renaissance_italienne,course_121_la_renaissance_italienne_q8,trueFalse,נכון או שקר: מלך צרפת פרנסואה הראשון הוא שהזמין את ליאונרדו דה וינצ'י והשיק את הרנסנס הצרפתי.,"פרנסיס הראשון משך את ליאונרדו דה וינצ'י לצרפת והשיק את הרנסנס הצרפתי, הנראה במיוחד בטירות הלואר.","[""נכון"", ""לא נכון""]",0,,,,,,
course_121_la_renaissance_italienne,course_121_la_renaissance_italienne_q9,mcq,איזו טכניקה ציורית מפלנדריה מאפשרת קיארוסקורו?,"צבע שמן, שהגיע מפלנדריה, החליף בהדרגה את הטמפרה ואיפשר את הניגודים החזקים של הקיארוסקורו.","[""ציור שמן"", ""הפרסקו"", ""הפסיפס"", ""צבעי מים""]",0,,,,,,
course_122_la_naissance_de_l_impressionnisme,course_122_la_naissance_de_l_impressionnisme_q1,mcq,"איזה מבקר המציא את המילה ""אימפרסיוניסטים"" תוך כדי צחוק מציור של מונה?","לואי לירוי לועג לכותרתו של מונה רושם, השמש העולה, אשר נותן את שמה לתנועה באופן לא רצוני.","[""לואי לירוי"", ""אמיל זולה"", ""צ'רלס בודלר"", ""תיאופיל גוטייה""]",0,,,,,,
course_122_la_naissance_de_l_impressionnisme,course_122_la_naissance_de_l_impressionnisme_q2,mcq,איזה ציור מאנה שערער את סלון הסרבנים ב-1863?,מאנה מזעזע בכך שהוא מערבב עירום אישה ושני גברים בתלבושות מודרניות ב-Le Déjeuner sur l'herbe.,"[""ארוחת צהריים על הדשא"", ""הדפס, שמש עולה"", ""חבצלות המים"", ""הרפסודה של המדוזה""]",0,,,,,,
course_122_la_naissance_de_l_impressionnisme,course_122_la_naissance_de_l_impressionnisme_q3,trueFalse,"נכון או לא נכון: בשנת 1863, חבר המושבעים של הסלון סירב ליותר מ-3,000 ציורים.",סירוב מסיבי זה דחף את נפוליאון השלישי לאשר את סלון הסרבנים בתגובה.,"[""נכון"", ""לא נכון""]",0,,,,,,
course_122_la_naissance_de_l_impressionnisme,course_122_la_naissance_de_l_impressionnisme_q4,mcq,איזה חדשנות חומרית אפשרה לאימפרסיוניסטים לצייר בחוץ?,צינורות צבע ניידים משחררים ציירים מהסדנה ומאפשרים להם לעבוד בחוץ.,"[""צינורות צבע"", ""צילום"", ""עיסת נייר"", ""ליתוגרפיה""]",0,,,,,,
course_122_la_naissance_de_l_impressionnisme,course_122_la_naissance_de_l_impressionnisme_q5,mcq,איזה כימאי נתן השראה לאימפרסיוניסטים בשימוש שלהם בצבעים משלימים?,המחקר של שברול על צבעים משלימים דחף את האימפרסיוניסטים לאסור על שחור מצללים.,"[""מישל-יוגן שברול"", ""לואי פסטר"", ""אנטואן לבואזיה"", ""מארי קירי""]",0,,,,,,
course_122_la_naissance_de_l_impressionnisme,course_122_la_naissance_de_l_impressionnisme_q6,mcq,היכן התקיימה התערוכה האימפרסיוניסטית הראשונה של 1874?,"הקבוצה מציגה בבית המלאכה לשעבר של הצלם נדר, בגלל חוסר גישה לסלון הרשמי.","[""בסטודיו של הצלם נדר"", ""בסלון הלובר הרשמי"", ""במוזיאון אורסיי"", ""באקדמיה לאמנויות יפות""]",0,,,,,,
course_122_la_naissance_de_l_impressionnisme,course_122_la_naissance_de_l_impressionnisme_q7,mcq,איזו השפעה אמנותית מאסיה היוו השראה למסגרת הא-סימטרית של האימפרסיוניסטים?,הדפסים יפניים מספקים מסגור א-סימטרי ותצוגות ממעוף הציפור שלא היו בעבר באירופה.,"[""הדפסים יפניים"", ""קליגרפיה סינית"", ""מיניאטורות פרסיות"", ""פסיפסים ביזנטיים""]",0,,,,,,
course_122_la_naissance_de_l_impressionnisme,course_122_la_naissance_de_l_impressionnisme_q8,chronological,שים את השלבים האלה של אימפרסיוניזם בסדר כרונולוגי.,"שלוש אבני הדרך הללו משתרעות על פני 1863 עד 1886, מהשערורייה הראשונית ועד לסיום התערוכות הקולקטיביות של הקבוצה.",,,"[""השערורייה של ה-Déjeuner sur l'herbe של מאנה"", ""תערוכה עצמאית ראשונה בנדאר"", ""האחרונה מבין שמונה התערוכות של הקבוצה""]",,,,,
course_122_la_naissance_de_l_impressionnisme,course_122_la_naissance_de_l_impressionnisme_q9,numericSlider,באיזו שנה ארגנו האימפרסיוניסטים את התערוכה העצמאית הראשונה שלהם?,התערוכה העצמאית הראשונה של הקבוצה התקיימה באפריל 1874 בסטודיו של הצלם נדר.,,,,1874.0,1850.0,1900.0,3.0,
course_123_le_caravage_et_le_clair_obscur,course_123_le_caravage_et_le_clair_obscur_q1,mcq,מהו שמו האמיתי של הצייר המכונה קאראווג'יו?,"שמו האמיתי של קאראווג'יו הוא מיכלאנג'לו מריסי, במקור מאזור מילאנו.","[""מיכלאנג'לו מריסי"", ""מיכלאנג'לו בוונארוטי"", ""דומניקו פטי"", ""אניבל קראצ'י""]",0,,,,,,
course_123_le_caravage_et_le_clair_obscur,course_123_le_caravage_et_le_clair_obscur_q2,mcq,איך נקראת הצורה הקיצונית של קיארוסקורו שהמציא קאראווג'יו?,טנבריזם צולל את הסצנה לתוך אפלה אטומה שממנה בוקעים גופים בכוח פיסולי.,"[""טנבריזם"", ""הספומאטו"", ""פוינטיליזם"", ""מנייריזם""]",0,,,,,,
course_123_le_caravage_et_le_clair_obscur,course_123_le_caravage_et_le_clair_obscur_q3,trueFalse,נכון או לא נכון: קאראווג'יו בחר את הדגמים שלו מבין קבצנים ואנשים פשוטים כדי לצייר את קדושיו.,"הוא סירב לעשות אידיאליזציה לדמויות הדתיות שלו ולקח את הדוגמניות שלו מהרחוב, מה שעורר שערורייה על בני דורו.","[""נכון"", ""לא נכון""]",0,,,,,,
course_123_le_caravage_et_le_clair_obscur,course_123_le_caravage_et_le_clair_obscur_q4,mcq,איזה ציור משנת 1600 מדהים את רומא בקדושתו על פני הרחוב?,"הייעוד של מתיו הקדוש, שצויר עבור הקפלה של קונטארלי, מטיל קודש שמאושש על ידי אנשים רגילים.","[""ייעודו של מתיו הקדוש"", ""משמר הלילה"", ""הנשים הצעירות מאביניון"", ""הרפסודה של המדוזה""]",0,,,,,,
course_123_le_caravage_et_le_clair_obscur,course_123_le_caravage_et_le_clair_obscur_q5,mcq,מדוע נאלץ קאראווג'ו לברוח מרומא ב-1606?,"במהלך קטטה ב-1606, הוא הרג את רנוצ'יו טומסוני ונידון למוות, מה שאילץ אותו לגלות.","[""הוא הורג את רנוצ'יו טומסוני במהלך קטטה"", ""הוא מואשם בכפירה"", ""הוא גונב צו מלכותי"", ""הוא מעליב בפומבי את האפיפיור""]",0,,,,,,
course_123_le_caravage_et_le_clair_obscur,course_123_le_caravage_et_le_clair_obscur_q6,mcq,"איזה סגנון דחה קאראווג'יו, שנחשב חינני ומלאכותי מדי?","הוא מסרב לתחבולות המנייריזם, לסגנון החינני והמעוות הזה שקדם לו.","[""מנייריזם"", ""הבארוק"", ""ניאו-קלאסיציזם"", ""רומנטיקה""]",0,,,,,,
course_123_le_caravage_et_le_clair_obscur,course_123_le_caravage_et_le_clair_obscur_q7,mcq,איזה צייר הולנדי ירש מאוחר יותר את שירת הצללים של קאראווג'ו?,רמברנדט תופס ומעמיק את המורשת של הקיארוסקורו הקרוואגסקה בסגנון משלו.,"[""רמברנדט"", ""ורמיר"", ""ואן אייק"", ""ברויגל""]",0,,,,,,
course_123_le_caravage_et_le_clair_obscur,course_123_le_caravage_et_le_clair_obscur_q8,numericSlider,"באיזה גיל מת קאראווג'יו, במנוסה, בפורטו ארקולה?","ניצוד ונפצע מת קאראווג'יו בגיל 38, ימים ספורים לפני חנינה של האפיפיור.",,,,38.0,20.0,60.0,2.0,שנים
course_123_le_caravage_et_le_clair_obscur,course_123_le_caravage_et_le_clair_obscur_q9,chronological,שים את האירועים הללו בחייו של קאראווג'יו בסדר כרונולוגי.,"מסלול זה מכסה את הגעתו בסביבות 1593, את ניצחונו בשנת 1600, את גלותו לאחר 1606 ומותו בשנת 1610.",,,"[""הגעה לרומא"", ""הייעוד של מתיו הקדוש מדהים את העיר"", ""רצח של רנוצ'יו טומסוני ובריחה"", ""מוות בפורטו ארקולה""]",,,,,
course_124_rembrandt_et_l_ecole_flamande,course_124_rembrandt_et_l_ecole_flamande_q1,mcq,"באיזה מרחב פוליטי פועל רמברנדט, מונע על ידי שוק אמנות בורגני?","במאה ה-17 הזמינה הבורגנות הפרוטסטנטית ההולנדית ציורים לבתיהם, מבלי לעבור דרך הכנסייה או בית המשפט.","[""המחוזות המאוחדים (הולנד)"", ""צרפת"", ""ספרד"", ""איטליה""]",0,,,,,,
course_124_rembrandt_et_l_ecole_flamande,course_124_rembrandt_et_l_ecole_flamande_q2,mcq,איך קוראים לטכניקת הציור העבה והמוגבה של רמברנדט?,"אימפסטו הוא צבע זה מיושם כל כך עבה שהוא יוצר הקלה, בניגוד לטעם של משטחים חלקים.","[""האימפסטו"", ""הספומאטו"", ""האפרוריות"", ""צבעי מים""]",0,,,,,,
course_124_rembrandt_et_l_ecole_flamande,course_124_rembrandt_et_l_ecole_flamande_q3,trueFalse,נכון או לא נכון: משמר הלילה מייצג למעשה סצינה בשעות היום.,"הכותרת היא פרשנות שגויה: הסצנה היא יומית, אבל מאות שנים של לכה מלוכלכת הכהה את הבד עד כדי תחושה של לילה.","[""נכון"", ""לא נכון""]",0,,,,,,
course_124_rembrandt_et_l_ecole_flamande,course_124_rembrandt_et_l_ecole_flamande_q4,mcq,"מה באמת מייצג הציור המכונה ""משמר הלילה""?","זוהי הפלוגה של קפטן פרנס באנינג קוק, מיליציה שמוצגת בתנועה ולא מיושרת בהתאם למוסכמה.","[""חברת מיליציה בורגנית בתנועה"", ""דיוקן עצמי של רמברנדט"", ""סצנת לילה מקראית"", ""נוף הולנדי""]",0,,,,,,
course_124_rembrandt_et_l_ecole_flamande,course_124_rembrandt_et_l_ecole_flamande_q5,mcq,איזה אירוע פיננסי היכה את רמברנדט ב-1656?,בשנת 1656 הובילה פשיטת הרגל האישית של רמברנדט למכירה פומבית של ביתו ואוספיו.,"[""פשיטת רגל אישית שלו"", ""האצילות שלו"", ""נישואיו"", ""הגלות שלו""]",0,,,,,,
course_124_rembrandt_et_l_ecole_flamande,course_124_rembrandt_et_l_ecole_flamande_q6,numericSlider,כמה דיוקנאות עצמיים בקירוב צייר רמברנדט במהלך חייו?,"רמברנדט צייר כ-80 עד 90 דיוקנאות עצמיים במשך כמעט ארבעים שנה, עדות ייחודית לאבולוציה שלו.",,,,85.0,50.0,120.0,10.0,
course_124_rembrandt_et_l_ecole_flamande,course_124_rembrandt_et_l_ecole_flamande_q7,mcq,איזה צייר מהמאה ה-17 השפיע על הקיארוסקורו של רמברנדט?,רמברנדט ממציא מחדש את הקיארוסקורו שירש מ-Caravaggio על ידי הפיכתו ליותר פנימי ורגשי.,"[""קאראווג'יו"", ""בוטיצ'לי"", ""טיציאן"", ""ג'וטו""]",0,,,,,,
course_124_rembrandt_et_l_ecole_flamande,course_124_rembrandt_et_l_ecole_flamande_q8,trueFalse,נכון או לא נכון: רמברנדט ריכך את סגנונו בסוף חייו כדי לרצות את האופנה ולהציל את הונו.,"להיפך, הוא מסרב לרכך את סגנונו למרות אורח חייו ההורס, ונשאר נאמן לחזונו האמנותי.","[""נכון"", ""לא נכון""]",1,,,,,,
course_124_rembrandt_et_l_ecole_flamande,course_124_rembrandt_et_l_ecole_flamande_q9,chronological,שים את שלבי חייו של רמברנדט בסדר כרונולוגי.,"אבני הדרך הללו משתרעות מ-1631 עד 1669, מהתקנת הניצחון שלו באמסטרדם ועד מותו.",,,"[""הגעה לאמסטרדם"", ""משמר הלילה"", ""פשיטת רגל אישית"", ""מותו של הצייר""]",,,,,
course_125_le_romantisme_en_peinture_delacroix_geri,course_125_le_romantisme_en_peinture_delacroix_geri_q1,mcq,מול איזו תנועה התמקמה הרומנטיקה בתגובה?,הרומנטיקה מתנגדת לקפדנות הקרה של הניאו-קלאסיציזם שמגלם ז'אק-לואי דוד.,"[""ניאו-קלאסיציזם"", ""הבארוק"", ""אימפרסיוניזם"", ""פופ ארט""]",0,,,,,,
course_125_le_romantisme_en_peinture_delacroix_geri,course_125_le_romantisme_en_peinture_delacroix_geri_q2,mcq,איזה אירוע אמיתי נותן השראה לרפסודה של המדוזה מאת ז'ריקו?,"ז'ריקו קיבל השראה מהטבעה האמיתית של מדוזה ב-1816, שם נטש קפטן כ-150 מלחים על רפסודה.","[""טביעת הפריגטה מדוזה"", ""הקרב על ווטרלו"", ""מהפכת יולי"", ""המטה של פריז""]",0,,,,,,
course_125_le_romantisme_en_peinture_delacroix_geri,course_125_le_romantisme_en_peinture_delacroix_geri_q3,trueFalse,נכון או שקר: דלקרואה צייר את חירות מובילה את העם כדי לחגוג את מהפכת יולי של 1830.,"הציור חוגג את שלוש שנות התהילה, הימים המהפכניים של יולי 1830.","[""נכון"", ""לא נכון""]",0,,,,,,
course_125_le_romantisme_en_peinture_delacroix_geri,course_125_le_romantisme_en_peinture_delacroix_geri_q4,mcq,איזה מסע שינה את לוח הצבעים של דלקרואה ב-1832?,נסיעתו למרוקו ב-1832 גילתה לו אור חדש ויסד בחלקו את המזרחיות.,"[""טיול למרוקו"", ""טיול לאיטליה"", ""טיול למצרים"", ""טיול ליוון""]",0,,,,,,
course_125_le_romantisme_en_peinture_delacroix_geri,course_125_le_romantisme_en_peinture_delacroix_geri_q5,mcq,איזה צייר אקדמי התנגד לדלקרואה בהגנה על קו ולא על צבע?,"ז'אן אוגוסט-דומיניק אינגרס, יריבו של דלקרואה, מגן על קו חלק ומדויק נגד צבע רגשי.","[""אינגרס"", ""דוד"", ""ז'ריקו"", ""מאנה""]",0,,,,,,
course_125_le_romantisme_en_peinture_delacroix_geri,course_125_le_romantisme_en_peinture_delacroix_geri_q6,mcq,"אם לצייר את האמת של גופות רפסודת המדוזה, מה עושה ז'ריקו?",ז'ריקו חוקר גופות כדי לייצג באופן מציאותי את ייסורי הספינה הטרופה.,"[""הוא לומד גופות"", ""הוא מתייעץ עם רופאים צבאיים"", ""הוא מעתיק פסלים עתיקים"", ""הוא מראיין רק ניצולים""]",0,,,,,,
course_125_le_romantisme_en_peinture_delacroix_geri,course_125_le_romantisme_en_peinture_delacroix_geri_q7,numericSlider,כמה מלחים בערך ננטשו על הרפסודה של המדוזה ב-1816?,קפטן שמונה בחסד מלכותי נוטש כ-150 מלחים על רפסודה מאולתרת.,,,,150.0,50.0,300.0,20.0,
course_125_le_romantisme_en_peinture_delacroix_geri,course_125_le_romantisme_en_peinture_delacroix_geri_q8,mcq,מי הוביל את התנועה הרומנטית לאחר מותו בטרם עת של ז'ריקו?,"לאחר מותו בטרם עת של ז'ריקו, הפך דלקרואה למנהיג התנועה הרומנטית.","[""יוג'ין דלקרואה"", ""אינגרס"", ""דוד"", ""מאנה""]",0,,,,,,
course_125_le_romantisme_en_peinture_delacroix_geri,course_125_le_romantisme_en_peinture_delacroix_geri_q9,chronological,שים את היצירות והאירועים הללו של הרומנטיקה בסדר כרונולוגי.,"אבני הדרך הללו נעות בין 1816 ל-1832, מהספינה הטרופה בפועל ועד לשינוי הלוח של דלקרואה על ידי המזרח.",,,"[""טביעת הפריגטה מדוזה"", ""רפסודת המדוזה מוצגת"", ""מהפכת יולי וחירות מובילה את העם"", ""המסע של דלקרואה למרוקו""]",,,,,
course_126_le_cubisme_picasso_et_braque,course_126_le_cubisme_picasso_et_braque_q1,mcq,"איזה צייר ממליץ לטפל בטבע דרך הגליל, הכדור והקונוס, תוך השפעה על הקוביזם?",סזאן מחפשת את המוצקות של צורות מאחורי האור ומעוררת ישירות גיאומטריזציה קוביסטית.,"[""פול סזאן"", ""קלוד מונה"", ""אדואר מאנה"", ""אנרי מאטיס""]",0,,,,,,
course_126_le_cubisme_picasso_et_braque,course_126_le_cubisme_picasso_et_braque_q2,mcq,איזו תגלית במוזיאון טרוקדרו בשנת 1907 סימנה את פיקאסו?,פיקאסו גילה מסכות אפריקאיות ואוקיאניות בטרוקדרו שהמשיגו את הפנים במקום להעתיק אותם.,"[""אומנויות אפריקאיות ואוקיאניות"", ""אמנות מצרית"", ""אמנות ביזנטית"", ""אמנות פרה-קולומביאנית""]",0,,,,,,
course_126_le_cubisme_picasso_et_braque,course_126_le_cubisme_picasso_et_braque_q3,mcq,איזה ציור משנת 1907 מסמן את נקודת המוצא של הקוביזם?,"Les Demoiselles d'Avignon, עם העירום החד שלו, הדהים אפילו את הקרובים לפיקאסו.","[""הנשים הצעירות מאביניון"", ""גרניקה"", ""חירות מובילה את העם"", ""ארוחת צהריים על הדשא""]",0,,,,,,
course_126_le_cubisme_picasso_et_braque,course_126_le_cubisme_picasso_et_braque_q4,trueFalse,נכון או לא נכון: בקוביזם אנליטי הצבע כמעט נעלם לטובת אפורים ואוקרות.,"בין 1908 ל-1912, פיקאסו ובראק הפחיתו את הצבע כדי לאלץ את העין על בניית החלל.","[""נכון"", ""לא נכון""]",0,,,,,,
course_126_le_cubisme_picasso_et_braque,course_126_le_cubisme_picasso_et_braque_q5,mcq,מה השם של הטכניקה שהכניסה עיתונים וטפטים לציורים קוביסטים בסביבות 1912?,"קולאז', שהופיע בקוביזם סינטטי, מביא לציור חומרים אמיתיים כמו עיתון.","[""הקולאז'"", ""הדפסת מסך"", ""הפרסקו"", ""השבלונה""]",0,,,,,,
course_126_le_cubisme_picasso_et_braque,course_126_le_cubisme_picasso_et_braque_q6,mcq,איזה קוביסט הביא קפדנות מתמטית מסוימת לתנועה?,חואן גריס מפתח גישה לקוביזם המסומנת בקפדנות גיאומטרית ומתמטית.,"[""חואן גריי"", ""פרננד לג'ר"", ""רוברט דלוני"", ""מרסל דושאן""]",0,,,,,,
course_126_le_cubisme_picasso_et_braque,course_126_le_cubisme_picasso_et_braque_q7,mcq,איזה מקצוע קודם של ז'ורז' בראק מסביר את הכישרון שלו לחקות חומרים בקולאז'ים שלו?,"צייר-קשט לשעבר, בראק ידע לצבוע עץ מזויף כל כך מושלם עד שהוא נראה אמיתי יותר מהעץ שהודבק בפועל.","[""צייר-קישוט"", ""צלם"", ""פסל"", ""אדריכל""]",0,,,,,,
course_126_le_cubisme_picasso_et_braque,course_126_le_cubisme_picasso_et_braque_q8,chronological,שים את השלבים האלה של הקוביזם בסדר כרונולוגי.,"אבני הדרך הללו נעות בין 1907 ל-1912, מההתפרקות הראשונית ועד המצאת הקולאז'.",,,"[""הנשים הצעירות מאביניון"", ""קוביזם אנליטי מנתח את האובייקט"", ""קולאז' וקוביזם סינטטי""]",,,,,
course_126_le_cubisme_picasso_et_braque,course_126_le_cubisme_picasso_et_braque_q9,numericSlider,באיזו שנה השלים פיקאסו את Les Demoiselles d'Avignon?,פיקאסו השלים את הציור המכונן הזה של הקוביזם ב-1907.,,,,1907.0,1880.0,1930.0,3.0,
course_127_le_surrealisme_dali_et_magritte,course_127_le_surrealisme_dali_et_magritte_q1,mcq,מי ייסד את הסוריאליזם עם המניפסט הסוריאליסטי ב-1924?,המשורר אנדרה ברטון ייסד את התנועה עם מנשר הסוריאליזם שלו שפורסם ב-1924.,"[""אנדרה ברטון"", ""סלבדור דאלי"", ""רנה מגריט"", ""טריסטן צארה""]",0,,,,,,
course_127_le_surrealisme_dali_et_magritte,course_127_le_surrealisme_dali_et_magritte_q2,mcq,איזו שיטה המציא דאלי כדי לצייר את הדליריום הרצוני שלו?,"דאלי ממציא את השיטה הפרנואידית-קריטית, דליריום רצוני המשלב אלמנטים הטרוגניים.","[""השיטה הפרנואידית-קריטית"", ""כתיבה אוטומטית"", ""הגופה המעולה"", ""הקולאז'""]",0,,,,,,
course_127_le_surrealisme_dali_et_magritte,course_127_le_surrealisme_dali_et_magritte_q3,trueFalse,נכון או שקר: הסוריאליזם שואב השראה מהתיאוריות של זיגמונד פרויד על הלא מודע.,"פרויד מראה שהלא מודע שולט בנפש, מה שהעניק השראה ישירה לסוריאליסטים.","[""נכון"", ""לא נכון""]",0,,,,,,
course_127_le_surrealisme_dali_et_magritte,course_127_le_surrealisme_dali_et_magritte_q4,mcq,איזה ציור של דאלי מציג שעונים רכים בנוף קטלוני?,"The Persistence of Memory, שצויר ב-1931, מציג שעונים רכים בנוף בהשראת פורט ליגט.","[""ההתמדה של הזיכרון"", ""הבגידה בדימויים"", ""הרפסודה של המדוזה"", ""גרניקה""]",0,,,,,,
course_127_le_surrealisme_dali_et_magritte,course_127_le_surrealisme_dali_et_magritte_q5,mcq,איזה משפט כתב מגריט מתחת למקטרת צבועה בצורה מציאותית?,"ב""הבגידה בדימויים"", מגריט מזכיר לנו שהתמונה של מקטרת היא רק סימן, לא האובייקט עצמו.","[""זה לא צינור"", ""התמונה היא שקר"", ""שום דבר לא אמיתי"", ""החלום הוא האמת""]",0,,,,,,
course_127_le_surrealisme_dali_et_magritte,course_127_le_surrealisme_dali_et_magritte_q6,mcq,איזו תנועה מקדימה ומשפיעה ישירות על הסוריאליזם?,"לאחר הדאדאיזם, שהרס את המשמעות, ברטון רצה לבנות מחדש את המוח על ידי שחרור המחשבה.","[""דאדאיזם"", ""קוביזם"", ""פאוביזם"", ""רומנטיקה""]",0,,,,,,
course_127_le_surrealisme_dali_et_magritte,course_127_le_surrealisme_dali_et_magritte_q7,trueFalse,נכון או לא נכון: אנדרה ברטון כינה דאלי אבידה דולרים והדיר אותו מהתנועה ב-1939.,ברטון קבע שדאלי מסחור את עצמו יותר מדי והוציא אותו מהקבוצה הסוריאליסטית ב-1939.,"[""נכון"", ""לא נכון""]",0,,,,,,
course_127_le_surrealisme_dali_et_magritte,course_127_le_surrealisme_dali_et_magritte_q8,mcq,איזה משחק קולקטיבי המציאו הסוריאליסטים כדי ליצור ללא שליטה רציונלית?,The Exquisite Corpse הוא משחק שבו כולם מוסיפים משפט או ציור מבלי לראות את התרומה הקודמת.,"[""הגופה המעולה"", ""הקולאז'"", ""הדפסת מסך"", ""ההתרחשות""]",0,,,,,,
course_127_le_surrealisme_dali_et_magritte,course_127_le_surrealisme_dali_et_magritte_q9,chronological,שים את אבני הדרך האלה של סוריאליזם בסדר כרונולוגי.,"אבני הדרך הללו נעות בין 1924 ל-1939, מהקמת התנועה ועד להפסקה בין ברטון לדאלי.",,,"[""מניפסט הסוריאליזם של ברטון"", ""דאלי מצטרף לקבוצה הסוריאליסטית"", ""ההתמדה של הזיכרון"", ""הדרת דאלי של ברטון""]",,,,,
course_128_l_expressionnisme_munch_et_le_cri,course_128_l_expressionnisme_munch_et_le_cri_q1,mcq,איזה צייר נורבגי היה חלוץ האקספרסיוניזם עם הצעקה?,אדוארד מאנץ' הנורווגי הפך את הייסורים והבדידות המודרניים לסמל אוניברסלי עם הצעקה.,"[""אדוארד מונק"", ""וינסנט ואן גוך"", ""פול גוגן"", ""ואסילי קנדינסקי""]",0,,,,,,
course_128_l_expressionnisme_munch_et_le_cri,course_128_l_expressionnisme_munch_et_le_cri_q2,mcq,אילו שתי קבוצות גרמניות בנו את האקספרסיוניזם בתחילת המאה ה-20?,"Die Brücke, יותר גולמי, ו-Der Blaue Reiter, רוחני יותר, בנו את התנועה בגרמניה.","[""Die Brücke ו-Der Blaue Reiter"", ""הנאביס והפאובים"", ""הבאוהאוס ודה סטייל"", ""הקוביסטים והפוטוריסטים""]",0,,,,,,
course_128_l_expressionnisme_munch_et_le_cri,course_128_l_expressionnisme_munch_et_le_cri_q3,trueFalse,נכון או לא נכון: מאנץ' איבד את אמו ואחותו בגלל שחפת.,לשכולים מוקדמים אלו הייתה השפעה עמוקה על עבודתו של מונק והזינו את ייסוריו הקיומיים.,"[""נכון"", ""לא נכון""]",0,,,,,,
course_128_l_expressionnisme_munch_et_le_cri,course_128_l_expressionnisme_munch_et_le_cri_q4,mcq,"איפה היה למאנץ' החזון שהיווה השראה ל""הצעקה""?","מקורו של ה-Cri הוא בטיול על הגבעה של אקברג, שם שמי השקיעה הופכים למדורה.","[""על גבעת אקברג באוסלו"", ""על הרציפים של ברגן"", ""בפיורד בצפון נורבגיה"", ""בפריז""]",0,,,,,,
course_128_l_expressionnisme_munch_et_le_cri,course_128_l_expressionnisme_munch_et_le_cri_q5,mcq,איזה אירוע טבעי מקושר לפעמים לשמים האדומים במקור הצעקה?,אומרים כי אפר מההתפרצות של קרקטואה בשנת 1883 צבעה את השקיעות האדומות ברחבי העולם.,"[""התפרצות קרקטואה"", ""רעידת אדמה"", ""זוהר בוריאליס"", ""ליקוי חמה""]",0,,,,,,
course_128_l_expressionnisme_munch_et_le_cri,course_128_l_expressionnisme_munch_et_le_cri_q6,numericSlider,"באיזו שנה השתמשו במילה ""אקספרסיוניזם"" בפעם הראשונה, בהפרדת ברלין?",המילה הופיעה ב-1911 ב-Berlin Secession כדי להבחין בין אמנים המסרבים לעדינות אימפרסיוניסטית.,,,,1911.0,1880.0,1930.0,3.0,
course_128_l_expressionnisme_munch_et_le_cri,course_128_l_expressionnisme_munch_et_le_cri_q7,mcq,כמה גרסאות של הצעקה צייר מאנץ' בסך הכל?,"מונק צייר ארבע גרסאות של הצעקה, בטמפרה, פסטל ושמן, הוכחה לכך שהמוטיב הזה רדף אותו זמן רב.","[""ארבע"", ""דו"", ""שש"", ""רק אחד""]",0,,,,,,
course_128_l_expressionnisme_munch_et_le_cri,course_128_l_expressionnisme_munch_et_le_cri_q8,trueFalse,"נכון או לא נכון: ב""הצעקה"" הדמות מכסה את אוזניה כי הזעקה מגיעה מבחוץ, מהנוף.","הזעקה היא בעצם פנימית: הדמות מכסה את אוזניה מול יללת העולם, לא להיפך.","[""נכון"", ""לא נכון""]",1,,,,,,
course_128_l_expressionnisme_munch_et_le_cri,course_128_l_expressionnisme_munch_et_le_cri_q9,mcq,לאיזו תנועה אמנותית מאוחרת יותר עזרה החוצפה של מונק לסלול את הדרך?,החוצפה הזו לייצג אמת פסיכולוגית ולא אנטומיה מושלמת סוללת את הדרך לסוריאליזם.,"[""סוריאליזם"", ""קוביזם"", ""אימפרסיוניזם"", ""ניאו-קלאסיציזם""]",0,,,,,,
course_129_l_art_abstrait_kandinsky_et_mondrian,course_129_l_art_abstrait_kandinsky_et_mondrian_q1,mcq,איזה כלל ציור עתיק שובר האמנות המופשטת?,"ההפשטה שוברת את המימזיס, החובה העתיקה הזו לייצג נאמנה את העולם הגלוי.","[""מימזיס, החובה לייצג את העולם הגלוי"", ""השימוש בפרספקטיבה"", ""השימוש בצבע"", ""הפורמט של הטבלה""]",0,,,,,,
course_129_l_art_abstrait_kandinsky_et_mondrian,course_129_l_art_abstrait_kandinsky_et_mondrian_q2,mcq,איזה אירוע דחף את קנדינסקי לקראת הפשטה בסביבות 1910?,"כשהוא חוזר בשעת בין ערביים, קנדינסקי נסער מציור שאינו מזהה: הוא אחד משלו, מוצב הפוך.","[""הוא נסער מאחד מציוריו המוצב הפוך, בלתי ניתן לזיהוי"", ""הוא מבקר בתערוכה של מסכות אפריקאיות"", ""הוא קורא מסכת מאת פרויד"", ""הוא פוגש את מונדריאן""]",0,,,,,,
course_129_l_art_abstrait_kandinsky_et_mondrian,course_129_l_art_abstrait_kandinsky_et_mondrian_q3,mcq,באיזה ספר עשה קנדינסקי תיאוריה של הפשטה לירית ב-1911?,"קנדינסקי פירסם את Du Spirituel dans l'Art בשנת 1911, שם חשב על הרטט הרגשי של צבעים.","[""רוחניות באמנות"", ""מניפסט הסוריאליזם"", ""דה סטייל"", ""הנשים הצעירות מאביניון""]",0,,,,,,
course_129_l_art_abstrait_kandinsky_et_mondrian,course_129_l_art_abstrait_kandinsky_et_mondrian_q4,trueFalse,נכון או לא נכון: מונדריאן מגיע להפשטה על ידי התחלה מסדרה של ייצוגים של עצים אותם הוא מפשט בהדרגה.,"בין השנים 1908 ל-1912, סדרת העצים שלו מציגה את הגזע והענפים נעלמים לטובת מסגרת של קווים.","[""נכון"", ""לא נכון""]",0,,,,,,
course_129_l_art_abstrait_kandinsky_et_mondrian,course_129_l_art_abstrait_kandinsky_et_mondrian_q5,mcq,מה שם התנועה שהקים מונדריאן ב-1917?,מונדריאן ייסד את תנועת דה סטייל ב-1917 והציג תיאוריה של ניאופלסטיות.,"[""דה סטייל"", ""Der Blaue Reiter"", ""Die Brücke"", ""הבאוהאוס""]",0,,,,,,
course_129_l_art_abstrait_kandinsky_et_mondrian,course_129_l_art_abstrait_kandinsky_et_mondrian_q6,mcq,אילו צבעים וצורות מאפשרת הניאופלסטיקה של מונדריאן באופן בלעדי?,"ניאופלסטיות מצמצמת את האמנות לקווים ישרים ולשלושה צבעי יסוד, כדי לכוון לאוניברסלי.","[""הקו הישר ושלושת צבעי היסוד"", ""קימורים וצבעי פסטל"", ""אלכסונים ושחור לבן"", ""דפוסי פרחים וגוונים חמים""]",0,,,,,,
course_129_l_art_abstrait_kandinsky_et_mondrian,course_129_l_art_abstrait_kandinsky_et_mondrian_q7,mcq,איזה בית ספר שהוקם על ידי וולטר גרופיוס ב-1919 קושר בין הפשטה לעיצוב ואדריכלות?,"בבאוהאוס, שהוקם על ידי וולטר גרופיוס ב-1919, לימד קנדינסקי והאסתטיקה של מונדריאן העניקה השראה לאדריכלים ומעצבים.","[""הבאוהאוס"", ""בית הספר לאמנויות יפות"", ""האקדמיה של פירנצה"", ""סדנת בטינולס""]",0,,,,,,
course_129_l_art_abstrait_kandinsky_et_mondrian,course_129_l_art_abstrait_kandinsky_et_mondrian_q8,chronological,שים את אבני הדרך של אמנות מופשטת בסדר כרונולוגי.,"אבני הדרך הללו נעות בין 1910 ל-1919, מראשיתו של קנדינסקי ועד כניסת ההפשטה לעיצוב.",,,"[""קנדינסקי עובר לכיוון הפשטה"", ""רוחני באמנות יוצא לאור"", ""מונדריאן מייסד את דה סטייל"", ""קרן הבאוהאוס""]",,,,,
course_129_l_art_abstrait_kandinsky_et_mondrian,course_129_l_art_abstrait_kandinsky_et_mondrian_q9,numericSlider,באיזו שנה מצא מונדריאן את תנועת דה סטייל?,מונדריאן הקים את דה סטייל ב-1917 והעלה שם תיאוריה של ניאופלסטיקה.,,,,1917.0,1900.0,1930.0,3.0,
course_12_la_strategie_de_napoleon_a_ulm_1805,course_12_la_strategie_de_napoleon_a_ulm_1805_q1,numericSlider,באיזו שנה התקיים קמפיין Ulm?,"מסע אולם התרחש באוקטובר 1805, כמה שבועות לפני הניצחון באוסטרליץ.",,,,1805.0,1780.0,1830.0,3.0,
course_12_la_strategie_de_napoleon_a_ulm_1805,course_12_la_strategie_de_napoleon_a_ulm_1805_q2,mcq,מי מפקד על הצבא האוסטרי שנדחף לאולם?,"הגנרל קרל מאק מפקד על הצבא האוסטרי, שלדעתו מוגן מאחורי חומות אולם.","[""גנרל קרל מאק"", ""הצאר אלכסנדר הראשון"", ""גנרל קוטוזוב"", ""הקיסר פרנסיס השני עצמו""]",0,,,,,,
course_12_la_strategie_de_napoleon_a_ulm_1805,course_12_la_strategie_de_napoleon_a_ulm_1805_q3,trueFalse,נכון או שקר: אוסטריה מחכה לתגבורת רוסית שתגיע לפני שהיא תשלח את חייליה לאולם.,"אוסטריה לא מחכה לרוסים: היא לבדה דוחפת כ-70,000 איש לאולם, טעות שמבודדת את מאק.","[""נכון"", ""לא נכון""]",1,,,,,,
course_12_la_strategie_de_napoleon_a_ulm_1805,course_12_la_strategie_de_napoleon_a_ulm_1805_q4,mcq,"מהו חיל צבא נפוליאון, נכס מרכזי במערכה?","כל חיל צבאי הוא כוח אוטונומי המסוגל לתמרן לבד, ומאפשר לשבעה חיל לצעוד במקביל לעבר אולם.","[""צבא אוטונומי קטן עם חיל רגלים, פרשים ותותחים"", ""גדוד פרשים קל בלבד"", ""שירות הביון של נפוליאון"", ""השומר האישי של הקיסר""]",0,,,,,,
course_12_la_strategie_de_napoleon_a_ulm_1805,course_12_la_strategie_de_napoleon_a_ulm_1805_q5,mcq,איזה תפקיד ממלא המרשל מוראט בתמרון הכיתור?,מוראט כבש את מאק ממערב בעוד מרשלים אחרים עקפו את אולם מצפון כדי לחתוך את מסלולו לווינה.,"[""הוא ממקד את תשומת ליבו של מאק למערב בזמן שחילים אחרים מסתובבים סביב אולם"", ""הוא משמיד את הצי האוסטרי"", ""הוא מנהל משא ומתן על כניעתו של מאק"", ""הוא מפקד על ארטילריה המצור""]",0,,,,,,
course_12_la_strategie_de_napoleon_a_ulm_1805,course_12_la_strategie_de_napoleon_a_ulm_1805_q6,numericSlider,כמה חיילים אוסטרים נכנעו במהלך הכניעה של אולם ב-17 באוקטובר 1805?,"ב-17 באוקטובר 1805, 27,000 חיילים אוסטרים הניחו את נשקם באתר באולם.",,,,27000.0,10000.0,50000.0,3000.0,חיילים
course_12_la_strategie_de_napoleon_a_ulm_1805,course_12_la_strategie_de_napoleon_a_ulm_1805_q7,mcq,מה קרה לשייטת הצרפתית באותו שבוע עם הכניעה של אולם?,"באותו חודש, בטרפלגר, השמיד אדמירל נלסון את הצי הצרפתי-ספרדי, והותיר את אנגליה בשליטה בים.","[""הוא נהרס על ידי נלסון בטרפלגר"", ""היא כובשת את הצי האנגלי"", ""זה חוסם את נמל וינה"", ""היא חוזרת בניצחון לטולון""]",0,,,,,,
course_12_la_strategie_de_napoleon_a_ulm_1805,course_12_la_strategie_de_napoleon_a_ulm_1805_q8,chronological,שים את השלבים האלה של מסעות הפרסום של Ulm ואוסטרליץ בסדר כרונולוגי.,"ארבעת השלבים הללו עוברים מסוף ספטמבר עד דצמבר 1805: הציר לכיוון גרמניה, הכיתור, הכניעה של מאק, ואז הניצחון המכריע של אוסטרליץ.",,,"[""חציית הריין על ידי ה-Grande Armée"", ""חציית הדנובה מאחורי מאק"", ""הכניעה של אולם"", ""הניצחון של אוסטרליץ""]",,,,,
course_12_la_strategie_de_napoleon_a_ulm_1805,course_12_la_strategie_de_napoleon_a_ulm_1805_q9,mcq,מה אמר הגנרל מאק לנפוליאון בפגישתם לאחר הכניעה?,"מאק מציג את עצמו אפוא בפני נפוליאון, אשר בכל זאת מחזיר לו את חרבו במהלך ארוחת ערב בין קצינים.","[""\""הנה מגיע מאק האומלל\"""", ""\""יחי הקיסר\"""", ""\""לעולם לא אכנע\"""", ""\""אוסטריה תודה לך\""""]",0,,,,,,
course_130_le_pop_art_warhol_et_lichtenstein,course_130_le_pop_art_warhol_et_lichtenstein_q1,mcq,"באיזו מדינה נולדה הפופ ארט, לפני שהתפוצצה בארצות הברית?","פופ ארט נולד בבריטניה עם ה-Independent Group, לפני שהתפוצץ בארצות הברית בשנות ה-60.","[""בריטניה"", ""צרפת"", ""גרמניה"", ""איטליה""]",0,,,,,,
course_130_le_pop_art_warhol_et_lichtenstein,course_130_le_pop_art_warhol_et_lichtenstein_q2,mcq,"איזו תנועה אמנותית דוחה פופ ארט, שנחשבת מופנמת מדי?","אמני פופ התנגדו לאקספרסיוניזם מופשט, הציורים המופנמים שלטו אז.","[""אקספרסיוניזם מופשט"", ""קוביזם"", ""סוריאליזם"", ""רומנטיקה""]",0,,,,,,
course_130_le_pop_art_warhol_et_lichtenstein,course_130_le_pop_art_warhol_et_lichtenstein_q3,mcq,איך קוראים לסטודיו הקולקטיבי של אנדי וורהול בניו יורק?,המפעל של וורהול מתפקד כמו מפעל שבו עוזרים וחברים מייצרים יחד.,"[""המפעל"", ""הבאוהאוס"", ""סדנת בטינולס"", ""סטודיו 54""]",0,,,,,,
course_130_le_pop_art_warhol_et_lichtenstein,course_130_le_pop_art_warhol_et_lichtenstein_q4,mcq,באיזו טכניקה השתמש וורהול כדי לשחזר תמונה כמו מרילין מונרו עשרות פעמים?,"הדפסת מסך מאפשרת לוורהול להכפיל תמונה, וממחישה את הרעיון שהשעתוק הופך את ההילה של יצירה.","[""הדפסת מסך"", ""הפרסקו"", ""צבעי מים"", ""הפסיפס""]",0,,,,,,
course_130_le_pop_art_warhol_et_lichtenstein,course_130_le_pop_art_warhol_et_lichtenstein_q5,mcq,איזה מוטיב ויזואלי מובהק משחזר ליכטנשטיין ביד בבדים בהשראת ספרי הקומיקס שלו?,"נקודת בן-דיי, חיקוי ידני של תהליך הדפסה תעשייתי, היא החתימה החזותית של ליכטנשטיין.","[""נקודת בן-דיי"", ""קולאז' נייר עיתון"", ""האימפסטו"", ""הספומאטו""]",0,,,,,,
course_130_le_pop_art_warhol_et_lichtenstein,course_130_le_pop_art_warhol_et_lichtenstein_q6,trueFalse,"נכון או שקר: ריצ'רד המילטון תיאר את הפופ ארט ב-1957 עם שמות תואר כמו ארעיים, זול וסקסי.",ב-1957 סיכם המילטון אמנות שנועדה לצרוך אותה במהירות כמו מגזין.,"[""נכון"", ""לא נכון""]",0,,,,,,
course_130_le_pop_art_warhol_et_lichtenstein,course_130_le_pop_art_warhol_et_lichtenstein_q7,mcq,איזה ציור של ליכטנשטיין הופך סרט קומיקס של קרבות אוויר לציור מונומנטלי?,וואו! הופך פאנל קומיקס הסחה לציור היסטוריה מודרנית בפורמט גדול.,"[""וואו!"", ""ההתמדה של הזיכרון"", ""הצעקה"", ""גרניקה""]",0,,,,,,
course_130_le_pop_art_warhol_et_lichtenstein,course_130_le_pop_art_warhol_et_lichtenstein_q8,numericSlider,באיזו שנה הגיע דיוקן מרילין מאת וורהול ל-195 מיליון דולר במכירה פומבית?,"בשנת 2022, הדיוקן הזה של מרילין הופך לאחת מיצירות האמנות האמריקאיות היקרות ביותר שנמכרו אי פעם.",,,,2022.0,1990.0,2024.0,2.0,
course_130_le_pop_art_warhol_et_lichtenstein,course_130_le_pop_art_warhol_et_lichtenstein_q9,chronological,שים את אבני הדרך האלה בפופ ארט בסדר כרונולוגי.,"אבני הדרך הללו נעות בין 1957 ל-2022, מהגדרת התנועה ועד להקדשת האייקונים שלה בשוק האמנות.",,,"[""ריצ'רד המילטון מגדיר פופ ארט"", ""וורהול וליכטנשטיין כופים אסתטיקה של פופ בארצות הברית"", ""דיוקן של מרילין נמכר ב-195 מיליון דולר""]",,,,,
course_131_la_naissance_de_la_musique_electronique,course_131_la_naissance_de_la_musique_electronique_q1,mcq,"מי המציא את התרמין ב-1920, כלי מנגן ללא מגע?","בשנת 1920, הממציא הרוסי לאון תרמין עיצב מכשיר המופעל על ידי הזזת הידיים ליד אנטנות אלקטרומגנטיות.","[""ליאון תרמין"", ""רוברט מוג"", ""פייר שפר"", ""קרלהיינץ סטוקהאוזן""]",0,,,,,,
course_131_la_naissance_de_la_musique_electronique,course_131_la_naissance_de_la_musique_electronique_q2,mcq,מי המציא בטון מוסיק בפריז אחרי 1945?,פייר שפר ופייר הנרי המציאו בטון מוסיקלי על ידי הקלטת ותפעול רעשים יומיומיים על סרט מגנטי.,"[""פייר שפר ופייר הנרי"", ""ראלף הוטר ופלוריאן שניידר"", ""חואן אטקינס ודריק מיי"", ""רוברט מוג וונדי קרלוס""]",0,,,,,,
course_131_la_naissance_de_la_musique_electronique,course_131_la_naissance_de_la_musique_electronique_q3,trueFalse,"נכון או לא נכון: בטון מוסיקאי מסתמך על צלילים שנוצרו על ידי מתנדים, ללא כל מקור אקוסטי אמיתי.","זה הפוך: בטון מוסיקלי מתחיל מרעשים מוקלטים אמיתיים, בעוד סינתזה של קלן טהורה משתמשת במתנדים.","[""נכון"", ""לא נכון""]",1,,,,,,
course_131_la_naissance_de_la_musique_electronique,course_131_la_naissance_de_la_musique_electronique_q4,mcq,מי מיעט את הסינתיסייזר באמצעות טרנזיסטורים בשנות ה-60?,"המהנדס האמריקאי רוברט מוג מזעור את הסינתיסייזר עם טרנזיסטורים, מה שהפך אותו לשימוש באולפן.","[""רוברט מוג"", ""ליאון תרמין"", ""פיטר הנרי"", ""פרנקי נאקלס""]",0,,,,,,
course_131_la_naissance_de_la_musique_electronique,course_131_la_naissance_de_la_musique_electronique_q5,mcq,איזה אלבום משנת 1968 מוכיח שהאלקטרוניקה יכולה לשאת את המורכבות של מוזיקה קלאסית?,Switched On Bach מאת וונדי קרלוס הדגימה ב-1968 שהסינתיסייזר יכול לבצע יצירות קלאסיות מורכבות.,"[""באך מופעל"", ""אוטובאן"", ""מכונת האיש"", ""טרנס-אירופה אקספרס""]",0,,,,,,
course_131_la_naissance_de_la_musique_electronique,course_131_la_naissance_de_la_musique_electronique_q6,mcq,איזו קבוצה גרמנית כופה פופ קר וחוזר על עצמו עם אלבומים כמו Autobahn ו-The Man-Machine?,"קבוצת Kraftwerk, שהוקמה על ידי ראלף הוטר ופלוריאן שניידר בדיסלדורף, שרה על הכביש המהיר, הרובוט והעיר.","[""קראפטוורק"", ""Die Brücke"", ""Der Blaue Reiter"", ""חלום מנדרינה""]",0,,,,,,
course_131_la_naissance_de_la_musique_electronique,course_131_la_naissance_de_la_musique_electronique_q7,mcq,איזו מכונת תופים לא יקרה משנות ה-80 הפכה לכלי מפתח בהאוס ובטכנו?,"בתחילה כישלון מסחרי שנחשב לא ריאלי, ה-TR-808 הפך לנשק הזול של תקליטני שיקגו.","[""הרולנד TR-808"", ""הסינתיסייזר של Moog"", ""התרמין"", ""עוגב האמונד""]",0,,,,,,
course_131_la_naissance_de_la_musique_electronique,course_131_la_naissance_de_la_musique_electronique_q8,mcq,איזה דיג'יי שיכלל מוזיקת האוס בשיקגו בשנות השמונים?,"פרנקי נאקלס משכלל את הבית בשיקגו, עם קצב ה-4/4 הקבוע שלו שירש מדיסקו.","[""פרנקי נאקלס"", ""חואן אטקינס"", ""דריק מאי"", ""קווין סונדרסון""]",0,,,,,,
course_131_la_naissance_de_la_musique_electronique,course_131_la_naissance_de_la_musique_electronique_q9,mcq,"איזו עיר המציאה את הטכנו, מונע על ידי שלושה חברים מהאוניברסיטה בשנות ה-80?","בדטרויט, חואן אטקינס, דריק מיי וקווין סונדרסון המציאו אסתטיקה אלקטרונית אפלה יותר: טכנו.","[""דטרויט"", ""שיקגו"", ""ברלין"", ""דיסלדורף""]",0,,,,,,
course_131_la_naissance_de_la_musique_electronique,course_131_la_naissance_de_la_musique_electronique_q10,chronological,שים את אבני הדרך של המוזיקה האלקטרונית לפי סדר כרונולוגי.,"אבני הדרך הללו נעות בין 1920 ל-1980, ממעבדות חלוציות ועד להולדת המחול האלקטרוני המודרני.",,,"[""המצאת התרמין"", ""הולדת בטון מוסיק בפריז"", ""באך המופעל עושה את הסינתיסייזר פופולרי"", ""האוס וטכנו נולדו בשיקגו ובדטרויט""]",,,,,
course_132_bob_dylan_et_la_folk_protest,course_132_bob_dylan_et_la_folk_protest_q1,mcq,מדוע רוברט צימרמן הצעיר עזב את מינסוטה לניו יורק ב-1961?,"דילן מעריץ את זמר הפולק וודי גאת'רי, קולם של העובדים והמדוכאים, ורוצה לפגוש אותו מעל הכל.","[""הוא רוצה לפגוש את האליל שלו וודי גאת'רי, ואז מאושפז"", ""הוא רוצה לעבור אודישן לתוכנית כישרונות בניו יורק"", ""הוא נמלט מוויכוח עם משפחתו"", ""הוא רוצה ללמוד מוזיקה באוניברסיטה""]",0,,,,,,
course_132_bob_dylan_et_la_folk_protest,course_132_bob_dylan_et_la_folk_protest_q2,mcq,באיזו שכונה בוהמית במנהטן התיישב דילן וחתם ב-Columbia Records?,"גריניץ' וילג', לב ליבה של התחייה העממית, היא השכונה שבה הסתובב דילן בבתי הקפה לפני שחתם עם קולומביה בסוף 1961.","[""גריניץ' וילג'"", ""הארלם"", ""ברוקלין"", ""טיימס סקוור""]",0,,,,,,
course_132_bob_dylan_et_la_folk_protest,course_132_bob_dylan_et_la_folk_protest_q3,trueFalse,"נכון או לא נכון: באוגוסט 1963, דילן שר במצעד על וושינגטון רגע לפני נאומו של מרטין לותר קינג.","דילן מופיע מול 250,000 איש, זמן קצר לפני נאומו המפורסם של מרטין לותר קינג.","[""נכון"", ""לא נכון""]",0,,,,,,
course_132_bob_dylan_et_la_folk_protest,course_132_bob_dylan_et_la_folk_protest_q4,numericSlider,"באיזו שנה יצא האלבום The Freewheelin' Bob Dylan, שמכיל את Blowin' in the Wind?","The Freewheelin' Bob Dylan, שיצא ב-1963, הקים את Blowin' in the Wind כהמנון מחאה.",,,,1963.0,1958.0,1970.0,1.0,
course_132_bob_dylan_et_la_folk_protest,course_132_bob_dylan_et_la_folk_protest_q5,mcq,"איזה כלי נגינה הוציא דילן בפסטיבל ניופורט ב-1965, ועורר קריאות בוז מטהרנים עממיים?","על ידי חיבור לסטרטוקאסטר חשמלי בניופורט, דילן המציא את הפולק-רוק והרעיד חלק מהציבור.","[""גיטרה חשמלית של פנדר סטרטוקאסטר"", ""פסנתר חשמלי"", ""בס חשמלי"", ""סינתיסייזר""]",0,,,,,,
course_132_bob_dylan_et_la_folk_protest,course_132_bob_dylan_et_la_folk_protest_q6,mcq,במה חלק מהציבור העממי האשים את דילן בניופורט 1965?,הציבור הטהרני שופט את החשמל כבגידה מסחרית בעם המסורתי.,"[""על שבגד בטוהר האקוסטי של הפולק על ידי נגינה חשמלית"", ""על ששר בצרפתית"", ""על שסירב לעלות לבמה"", ""על שביקר את וודי גאת'רי""]",0,,,,,,
course_132_bob_dylan_et_la_folk_protest,course_132_bob_dylan_et_la_folk_protest_q7,chronological,שים את השלבים האלה בקריירה של בוב דילן בסדר כרונולוגי.,"מ-1961 עד 2016, דילן עבר מהגעתו לניו יורק לזכייה בפרס נובל לספרות, כשהוא חצה את מצעד על וושינגטון ואת המשמרת החשמלית בניופורט.",,,"[""הגעה לניו יורק וגילוי של גריניץ' וילג'"", ""השתתפות במצעד על וושינגטון"", ""עוברים לגיטרה חשמלית בניופורט"", ""קבלת פרס נובל לספרות""]",,,,,
course_132_bob_dylan_et_la_folk_protest,course_132_bob_dylan_et_la_folk_protest_q8,trueFalse,"נכון או לא נכון: בשנת 2016, בוב דילן הפך לכותב שירים של הרוק הראשון שקיבל את פרס נובל לספרות.",האקדמיה השוודית מכירה לראשונה בכותב שירים רוק ככותב גדול.,"[""נכון"", ""לא נכון""]",0,,,,,,
course_132_bob_dylan_et_la_folk_protest,course_132_bob_dylan_et_la_folk_protest_q9,mcq,"איזה שיר של דילן, שיצא ב-1963, הפך להמנון מחאה נגד גזענות ומלחמה?","Blowin' in the Wind, באלבומו של בוב דילן The Freewheelin', הפך להמנון של שיר המחאה.","[""נושבת ברוח"", ""כמו רולינג סטון"", ""הוריקן"", ""דופק על דלת השמים""]",0,,,,,,
course_133_le_hip_hop_naissance_d_une_culture,course_133_le_hip_hop_naissance_d_une_culture_q1,mcq,באיזו שכונה בניו יורק נולד ההיפ הופ בתחילת שנות ה-70?,"זה היה בברונקס, שנפגע בהרס של דיור וספקולציות נדל""ן, שההיפ הופ נולד.","[""הברונקס"", ""הארלם"", ""ברוקלין"", ""קווינס""]",0,,,,,,
course_133_le_hip_hop_naissance_d_une_culture,course_133_le_hip_hop_naissance_d_une_culture_q2,mcq,מי ארגן את המסיבה של 11 באוגוסט 1973 שנחשבת ללידתו של ההיפ הופ?,"המהגר הג'מייקני קלייב קמפבל, הידוע בשם Kool DJ Herc, מארגן את המסיבה הזו בשדרת Sedgwick 1520.","[""קול DJ Herc"", ""גרנדמאסטר פלאש"", ""אפריקה במבטאה"", ""הקוסם הגדול תיאודור""]",0,,,,,,
course_133_le_hip_hop_naissance_d_une_culture,course_133_le_hip_hop_naissance_d_une_culture_q3,mcq,איזו טכניקה המציאה קול הרק על ידי בידוד חלק הקצב של תקליט עם שני פטיפונים?,"Kool Herc ממציא את הברייקביט, שמבודד ומרחיב את החלק הכי ריקוד בתקליט.","[""הברייקביט"", ""שורט"", ""דגימה דיגיטלית"", ""ביטבוקסינג""]",0,,,,,,
course_133_le_hip_hop_naissance_d_une_culture,course_133_le_hip_hop_naissance_d_une_culture_q4,trueFalse,"נכון או לא נכון: היפ הופ מבוסס על ארבעה דיסציפלינות, DJing, MCing, ברייקדאנס וגרפיטי.",ארבעת עמודי התווך הללו בנו את תרבות ההיפ הופ מראשיתה בברונקס.,"[""נכון"", ""לא נכון""]",0,,,,,,
course_133_le_hip_hop_naissance_d_une_culture,course_133_le_hip_hop_naissance_d_une_culture_q5,mcq,"מי המציא את הגירוד במקרה בשנת 1975, בגיל 12 בלבד?","הקוסם הגדול תיאודור תוקע תקליט בידו כדי לשמוע את אמו, ובכך ממציא את הגירוד.","[""הקוסם הגדול תיאודור"", ""קול הרק"", ""גרנדמאסטר פלאש"", ""אפריקה במבטאה""]",0,,,,,,
course_133_le_hip_hop_naissance_d_une_culture,course_133_le_hip_hop_naissance_d_une_culture_q6,mcq,"איזה ארגון, שהוקם על ידי אפריקה במבטאה, רוצה להחליף את אלימות הכנופיות בתחרות אמנותית?","אפריקה במבטאה הקימה את אומת הזולו האוניברסלית סביב ערכי שלום, אהבה, אחדות והנאה.","[""אומת הזולו האוניברסלית"", ""חמשת הזועמים"", ""ברונקס יונייטד"", ""אומת האסלאם""]",0,,,,,,
course_133_le_hip_hop_naissance_d_une_culture,course_133_le_hip_hop_naissance_d_une_culture_q7,numericSlider,"באיזו שנה יצא Rapper's Delight מאת כנופיית Sugarhill, ההצלחה המסחרית הגדולה הראשונה של הראפ?","Rapper's Delight, שיצא ב-1979, הוכיח שראפ יכול להיות להיט עולמי.",,,,1979.0,1970.0,1990.0,2.0,
course_133_le_hip_hop_naissance_d_une_culture,course_133_le_hip_hop_naissance_d_une_culture_q8,chronological,שים את אבני הדרך האלה בהיסטוריה של ההיפ הופ בסדר כרונולוגי.,"ממפלגת היסוד של 1973 ועד לפוליצר של 2018, ההיפ הופ עובר מתרבות שכונתית לאמנות מוכרת מוסדית.",,,"[""Kool Herc ממציא ברייקביט במסיבת ברונקס"", ""Rapper's Delight הופך להצלחה בינלאומית"", ""המסר כופה את הכרוניקה החברתית של הראפ"", ""קנדריק למאר מקבל את פרס פוליצר למוזיקה""]",,,,,
course_133_le_hip_hop_naissance_d_une_culture,course_133_le_hip_hop_naissance_d_une_culture_q9,trueFalse,"נכון או לא נכון: בשנות ה-90, היריבות בין החוף המזרחי והמערבי הובילה בעיקר את The Notorious B.I.G. וטופאק שאקור.","היריבות הזו בנתה את תעשיית הראפ בשנות ה-90, בין וירטואוזיות לירית ניו יורקית לגנגסטה ראפ קליפורני.","[""נכון"", ""לא נכון""]",0,,,,,,
course_134_l_opera_de_verdi,course_134_l_opera_de_verdi_q1,mcq,"איזו אופרה משנת 1842 הפכה את ורדי למפורסמת בזכות המקהלה Va, pensiero?","נבוקו ניצח ב-1842 והמקהלה שלו Va, pensiero הפכה להמנון חשאי באיטליה הכבושה.","[""נבוקו"", ""ריגולטו"", ""אאידה"", ""אוטלו""]",0,,,,,,
course_134_l_opera_de_verdi,course_134_l_opera_de_verdi_q2,mcq,"מה אומרת המקהלה Va, pensiero מנבוקו, שהפכה להמנון פטריוטי איטלקי?","נבוקו מספר על גלות העברים לבבל, סיפור המהדהד עם איטליה הכבושה האוסטרית.","[""גלות העברים לבבל"", ""הקרב על ווטרלו"", ""המצור על רומא"", ""המהפכה הצרפתית""]",0,,,,,,
course_134_l_opera_de_verdi,course_134_l_opera_de_verdi_q3,trueFalse,"נכון או לא נכון: הסיסמה Viva VERDI, הכתובה על קירות איטלקיים, מסתירה את ראשי התיבות של Vittorio Emanuele Re D'Italia.",מאחורי שמו של המלחין מסתתר מסר פוליטי לטובת המלך העתידי של איטליה.,"[""נכון"", ""לא נכון""]",0,,,,,,
course_134_l_opera_de_verdi,course_134_l_opera_de_verdi_q4,mcq,"באיזו תנועה פוליטית איטלקית תמכה ורדי, והרחיקה לכת עד שהפכה לסגנית ב-1861?","ורדי הפכה לדמות של הריסורגימנטו, תנועת האיחוד הלאומי בראשות קאבור.","[""הריסורג'ימנטו"", ""פשיזם"", ""קרבונריות"", ""סוציאליזם""]",0,,,,,,
course_134_l_opera_de_verdi,course_134_l_opera_de_verdi_q5,mcq,על איזה רומן צרפתי מבוסס לה טרוויאטה?,"לה טרוויאטה מעבד את ""גברת הקמליות"", שמזעזע עם הגיבורה העכשווית והשחפת שלה.","[""הגברת של הקמליות מאת אלכסנדר דיומא פילס"", ""נוטרדאם דה פריז מאת ויקטור הוגו"", ""Les Miserables מאת ויקטור הוגו"", ""מאדאם בובארי מאת גוסטב פלובר""]",0,,,,,,
course_134_l_opera_de_verdi,course_134_l_opera_de_verdi_q6,trueFalse,"נכון או לא נכון: אאידה הולחן עבור קהיר, לרגל קידוח תעלת סואץ.","אאידה הוזמנה בשנת 1871 עבור קהיר ותעלת סואץ, תוך שילוב של מחזה ודרמה.","[""נכון"", ""לא נכון""]",0,,,,,,
course_134_l_opera_de_verdi,course_134_l_opera_de_verdi_q7,numericSlider,"באיזו שנה מת ורדי, ואחריו יותר מ-300,000 אנשים במילאנו?",ורדי נפטר ב-1901; הקהל שר באופן ספונטני את נבוקו במהלך הלוויתו.,,,,1901.0,1850.0,1950.0,3.0,
course_134_l_opera_de_verdi,course_134_l_opera_de_verdi_q8,chronological,שים את האופרות הללו של ורדי בסדר הכרונולוגי של יצירתן.,"מנבוקו ב-1842 ועד פלסטף ב-1893, ורדי משתרע על פני יותר מחמישים שנה של יצירה לירית.",,,"[""נבוקו מנצח ו-va, pensiero הופך להמנון"", ""הטרילוגיה הפופולרית מסתיימת בלה טרוויאטה"", ""אאידה נוצרה עבור קהיר"", ""Falstaff, אופרה אחרונה, נוצרת""]",,,,,
course_134_l_opera_de_verdi,course_134_l_opera_de_verdi_q9,mcq,"איזה מלחין גרמני מגלם, מול ורדי, את הדרך הגדולה האחרת של האופרה של המאה ה-19?","מול וגנר ויצירתו המיתולוגית הכוללת, ורדי נשאר נאמן לצלילות המלודית האיטלקית.","[""ריכרד וגנר"", ""יוהנס ברהמס"", ""פרנץ ליסט"", ""רוברט שומאן""]",0,,,,,,
course_135_mozart_enfant_prodige_et_vie_tragique,course_135_mozart_enfant_prodige_et_vie_tragique_q1,mcq,באיזו עיר נולד מוצרט ב-1756?,וולפגנג אמדאוס מוצרט נולד ב-27 בינואר 1756 בזלצבורג.,"[""זלצבורג"", ""וינה"", ""פראג"", ""פריז""]",0,,,,,,
course_135_mozart_enfant_prodige_et_vie_tragique,course_135_mozart_enfant_prodige_et_vie_tragique_q2,mcq,מי ארגן סיורים בחצרות אירופה מגיל שש כשמוצרט היה בן שש?,"ליאופולד, כנר ומורה שאפתן, ארגן את הסיורים הללו שהכשירו את אוזנו של בנו.","[""אביו לאופולד"", ""הארכיבישוף קולורדו"", ""הקיסר יוסף השני"", ""יוסף היידן""]",0,,,,,,
course_135_mozart_enfant_prodige_et_vie_tragique,course_135_mozart_enfant_prodige_et_vie_tragique_q3,mcq,איזה הישג השיג מוצרט באיטליה בשנת 1770 עם Miserere של גרגוריו אלגרי?,"לאחר האזנה אחת בלבד בקפלה הסיסטינית, מוצרט תמלל את הקטע המוגן הזה מהזיכרון.","[""תמלל אותו מהזיכרון לאחר שימוע בודד"", ""תרגם את זה לגרמנית"", ""תוביל את זה לפני האפיפיור"", ""תארגן אותו מחדש לפסנתר סולו""]",0,,,,,,
course_135_mozart_enfant_prodige_et_vie_tragique,course_135_mozart_enfant_prodige_et_vie_tragique_q4,trueFalse,נכון או שקר: בשנת 1781 עזב מוצרט את שירותו של הארכיבישוף קולורדו כדי להפוך למלחין עצמאי בווינה.,מוצרט הפך לאחד המלחינים העצמאיים הראשונים בהיסטוריה כשהתיישב בוינה ב-1781.,"[""נכון"", ""לא נכון""]",0,,,,,,
course_135_mozart_enfant_prodige_et_vie_tragique,course_135_mozart_enfant_prodige_et_vie_tragique_q5,mcq,איזו אופרה משנת 1786 מציינת את פיצוץ הגאונות הדרמטית של מוצרט בווינה?,"נישואי פיגארו, שנוצרו ב-1786, מעניקים לאופרה פסיכולוגיה מודרנית חסרת תקדים.","[""נישואי פיגארו"", ""דון ג'ובאני"", ""חליל הקסם"", ""קוסי מעריץ טוטה""]",0,,,,,,
course_135_mozart_enfant_prodige_et_vie_tragique,course_135_mozart_enfant_prodige_et_vie_tragique_q6,numericSlider,"באיזו שנה מת מוצרט, בגיל 35 בלבד?","מוצרט מת ב-5 בדצמבר 1791, והותיר את הרקוויאם שלו לא גמור.",,,,1791.0,1750.0,1820.0,2.0,
course_135_mozart_enfant_prodige_et_vie_tragique,course_135_mozart_enfant_prodige_et_vie_tragique_q7,mcq,"איזו יצירה לא גמורה הלחין מוצרט רגע לפני מותו, בהזמנה חשאית?","שליח מסתורי מזמין את מוצרט לכתוב רקוויאם, שהוא אינו יכול להשלים לפני מותו.","[""הרקוויאם"", ""חליל הקסם"", ""סימפוניה מס' 41"", ""הקונצ'רטו לקלרינט""]",0,,,,,,
course_135_mozart_enfant_prodige_et_vie_tragique,course_135_mozart_enfant_prodige_et_vie_tragique_q8,trueFalse,נכון או שקר: המלחין אנטוניו סאליירי הוא שהשלים את הרקוויאם של מוצרט לאחר מותו.,"היה זה תלמידו פרנץ קסבר סוסמאייר שסיים את הרקוויאם, כדי שהאלמנה קונסטנס תקבל את יתרת המסדר.","[""נכון"", ""לא נכון""]",1,,,,,,
course_135_mozart_enfant_prodige_et_vie_tragique,course_135_mozart_enfant_prodige_et_vie_tragique_q9,chronological,שים את שלבי חייו של מוצרט בסדר כרונולוגי.,"מסיבוב ההופעות באירופה ועד מותו ב-1791, דרך רומא וההתפרקות הווינאית, חייו של מוצרט הואצו עד לסיומו המוקדם.",,,"[""מוצרט מטייל ברחבי אירופה בהדרכת אביו"", ""הוא מתמלל מהזיכרון את Miserere של אלגרי באיטליה"", ""הוא נפרד מהארכיבישוף קולורדו ומתיישב בוינה"", ""הוא השלים את חליל הקסם ומת זמן קצר לאחר מכן.""]",,,,,
course_136_beethoven_genie_et_surdite,course_136_beethoven_genie_et_surdite_q1,mcq,באיזו עיר נולד בטהובן בשנת 1770?,"לודוויג ואן בטהובן נולד בבון ב-1770, בהדרכתו של אב אכזרי.","[""בון"", ""וינה"", ""זלצבורג"", ""לייפציג""]",0,,,,,,
course_136_beethoven_genie_et_surdite,course_136_beethoven_genie_et_surdite_q2,mcq,עם איזה מלחין מפורסם למד בטהובן בקצרה עם הגעתו לווינה ב-1792?,בטהובן למד זמן קצר עם ג'וזף היידן עם הגעתו לבירה המוזיקלית.,"[""יוסף היידן"", ""מוצרט"", ""באך"", ""שוברט""]",0,,,,,,
course_136_beethoven_genie_et_surdite,course_136_beethoven_genie_et_surdite_q3,trueFalse,"נכון או שקר: בברית הייליגנשטט שנכתבה ב-1802, בטהובן סומך על מחשבות אובדניות לפני שהוא בוחר לחיות כדי להלחין.","מכתב זה לאחיו, שמעולם לא נשלח, מסמן את המעבר לעבר התקופה ההרואית של יצירתו.","[""נכון"", ""לא נכון""]",0,,,,,,
course_136_beethoven_genie_et_surdite,course_136_beethoven_genie_et_surdite_q4,mcq,"למי הוקדשה לראשונה הסימפוניה ההרואית, לפני שבטהובן חזר בו מההקדשה?",בטהובן מסיר את ההקדשה כאשר נפוליאון מוכרז כקיסר.,"[""נפוליאון בונפרטה"", ""הקיסר יוסף השני"", ""הנסיך ליצ'נובסקי"", ""הצאר אלכסנדר הראשון""]",0,,,,,,
course_136_beethoven_genie_et_surdite,course_136_beethoven_genie_et_surdite_q5,mcq,איזה שיר מאת פרידריך פון שילר מהווה השראה לגמר המקהלה של הסימפוניה התשיעית?,הגמר של התשיעי הופך את אודה לשמחה של שילר למסר של אחווה אוניברסלית.,"[""אודה לשמחה"", ""השדופים"", ""וויליאם תל"", ""מרי סטיוארט""]",0,,,,,,
course_136_beethoven_genie_et_surdite,course_136_beethoven_genie_et_surdite_q6,numericSlider,באיזו שנה השלים בטהובן את הסימפוניה התשיעית שלו?,"בטהובן השלים את הסימפוניה התשיעית ב-1824, כשהיה חירש כמעט לחלוטין.",,,,1824.0,1780.0,1830.0,3.0,
course_136_beethoven_genie_et_surdite,course_136_beethoven_genie_et_surdite_q7,mcq,"מי גורם לבטהובן, עכשיו חירש, להסתובב כדי שיראה את הקהל עומד בהקרנת הבכורה של התשיעי?","מבלי לשמוע את התשואות, בטהובן הוחזר על ידי קונטרלטו קרוליין אונגר לראות את הקהל עומד.","[""הקונטרלטו קרוליין אונגר"", ""הפסנתרן פרנץ ליסט"", ""אחיו"", ""יוסף היידן""]",0,,,,,,
course_136_beethoven_genie_et_surdite,course_136_beethoven_genie_et_surdite_q8,trueFalse,נכון או לא נכון: בטהובן ניסרו את רגלי הפסנתרים שלו כדי להרגיש טוב יותר את הרעידות דרך הרצפה.,"כדי לפצות על חירשותו, בטהובן ניסרו את רגלי הפסנתרים שלו כך שהן מונחות ישירות על הרצפה.","[""נכון"", ""לא נכון""]",0,,,,,,
course_136_beethoven_genie_et_surdite,course_136_beethoven_genie_et_surdite_q9,chronological,שים את שלבי חייו של בטהובן בסדר כרונולוגי.,"מאז הגעתו לווינה ב-1792 ועד הסימפוניה התשיעית של 1824, בטהובן הפך את מבחן החירשות שלו ליצירה מונומנטלית.",,,"[""בטהובן מתיישב בווינה ולומד אצל היידן"", ""הוא כתב את הצוואה של הייליגנשטט"", ""הוא הלחין את הסימפוניה ההרואית"", ""הוא משלים את הסימפוניה התשיעית ואת אודה לשמחה""]",,,,,
course_137_la_naissance_du_rock_n_roll,course_137_la_naissance_du_rock_n_roll_q1,mcq,אילו שלושה סגנונות מוזיקליים התמזגו והולידו את הרוקנ'רול בשנות החמישים?,"רוקנ'רול ממזג מוזיקה שהופרדה זה מכבר על ידי מחסומים גזעיים: בלוז, קאנטרי וגוספל.","[""בלוז, קאנטרי וגוספל"", ""ג'אז, אופרה ומוזיקה קלאסית"", ""רגאיי, סלסה ובלוז"", ""מוזיקת בארוק ופולק""]",0,,,,,,
course_137_la_naissance_du_rock_n_roll,course_137_la_naissance_du_rock_n_roll_q2,mcq,עם איזה מפיק הקליט אלביס פרסלי את That's All Right ב-1954?,עם המפיק סם פיליפס בממפיס הקליט אלביס את השיר המשמעותי הראשון שלו.,"[""סם פיליפס, בממפיס"", ""ברי גורדי, בדטרויט"", ""סם קוק, בשיקגו"", ""לאונרד צ'ס, בניו יורק""]",0,,,,,,
course_137_la_naissance_du_rock_n_roll,course_137_la_naissance_du_rock_n_roll_q3,mcq,איזה חידוש מוזיקלי הביא צ'אק ברי לרוקנ'רול?,"צ'אק ברי כופה את הריף, מוטיב גיטרה חוזר שהופך לעמוד השדרה של היצירה.","[""ריף הגיטרה החוזר על עצמו"", ""שורט"", ""הרשת בשתים עשרה מידות"", ""ביטבוקסינג""]",0,,,,,,
course_137_la_naissance_du_rock_n_roll,course_137_la_naissance_du_rock_n_roll_q4,trueFalse,"נכון או לא נכון: בשנת 1956, המצלמות בתוכנית ""אד סאליבן"" צילמו את אלביס פרסלי רק מעל המותניים, תנודות הירכיים שלו נחשבות שערורייתיות מדי.","תנועות הירכיים של אלביס זעזעו את אמריקה הפוריטנית כל כך, עד שההצגה פלטה אותו בכוונה מעל המותניים.","[""נכון"", ""לא נכון""]",0,,,,,,
course_137_la_naissance_du_rock_n_roll,course_137_la_naissance_du_rock_n_roll_q5,mcq,"מה זה קאבר בתעשיית המוזיקה של שנות החמישים, לפי הקורס?","העטיפות מאפשרות לגרסאות הלבנות, כמו Tutti Frutti מאת פט בון, להימכר טוב יותר מהמקורים השחורים.","[""גרסה לבנה מרוככת ללהיט שחור, מקודם טוב יותר ברדיו"", ""עטיפה נאמנה שבוצעה בקונצרט"", ""רמיקס אלקטרוני לשיר ישן"", ""תרגום לצרפתית של כותר אמריקאי""]",0,,,,,,
course_137_la_naissance_du_rock_n_roll,course_137_la_naissance_du_rock_n_roll_q6,mcq,איזה סגנון מוזיקלי מעורר את האנרגיה הגולמית והזעקה של ריצ'רד הקטן על הפסנתר?,ריצ'רד הקטן יורש מגוספל להט ואנרגיה שהוא מעביר לפסנתר עומד.,"[""בשורה"", ""הקלאסי"", ""ג'אז מגניב"", ""בלוז אקוסטי לבד""]",0,,,,,,
course_137_la_naissance_du_rock_n_roll,course_137_la_naissance_du_rock_n_roll_q7,numericSlider,באיזו שנה הקליט אלביס פרסלי את That's All Right בסם פיליפס?,"בשנת 1954, ההקלטה הזו של סם פיליפס סימנה את הפתיחה האמיתית של הרוקנ'רול.",,,,1954.0,1945.0,1965.0,1.0,
course_137_la_naissance_du_rock_n_roll,course_137_la_naissance_du_rock_n_roll_q8,chronological,שים את השלבים האלה של הולדת הרוקנ'רול בסדר כרונולוגי.,"מההקלטה של אלביס ב-1954 ועד הפלישה הבריטית של שנות ה-60, הרוק'נרול נבנה ולאחר מכן הקרין ברחבי העולם.",,,"[""אלביס פרסלי מקליט את That's All Right בביתו של סם פיליפס"", ""צ'אק ברי וריצ'רד הקטן מטילים ריף ואנרגיה גולמית"", ""אלביס מזעזע את אמריקה בתוכנית אד סאליבן"", ""הביטלס והרולינג סטונס משיקים את הפלישה הבריטית""]",,,,,
course_137_la_naissance_du_rock_n_roll,course_137_la_naissance_du_rock_n_roll_q9,trueFalse,נכון או שקר: היה זה הדיג'יי אלן פריד שהפך את הביטוי רוקנ'רול לפופולרי כדי לייעד את הז'אנר המוזיקלי החדש הזה.,"הדיג'יי אלן פריד הפך את המונח הזה לפופולארי, ששימש בעבר בבלוז כדי לייעד משהו אחר.","[""נכון"", ""לא נכון""]",0,,,,,,
course_138_bach_et_la_musique_baroque,course_138_bach_et_la_musique_baroque_q1,mcq,באיזו עיר נולד באך ב-1685?,"יוהאן סבסטיאן באך נולד באייזנאך ב-1685, לתוך שושלת מוזיקאים.","[""אייזנך"", ""לייפציג"", ""וינה"", ""המבורג""]",0,,,,,,
course_138_bach_et_la_musique_baroque,course_138_bach_et_la_musique_baroque_q2,mcq,באיזה תפקיד החזיק באך מ-1723 בלייפציג?,"בשנת 1723 הפך באך לחזן של כנסיית סנט תומס בלייפציג, תפקיד מכריע.","[""חזן כנסיית סנט תומאס"", ""נגן עוגב של החצר הקיסרית"", ""מנצח אופרה"", ""קפלמייסטר למלך צרפת""]",0,,,,,,
course_138_bach_et_la_musique_baroque,course_138_bach_et_la_musique_baroque_q3,trueFalse,"נכון או שקר: בשנת 1717, באך בילה חודש בכלא בויימאר על כך שהתעקש להתפטר.","הדוכס מווימאר מסרב לתת לבאך לצאת לקוטן, מה שעולה לו חודש מעצר.","[""נכון"", ""לא נכון""]",0,,,,,,
course_138_bach_et_la_musique_baroque,course_138_bach_et_la_musique_baroque_q4,numericSlider,כמה קנטטות בערך חיבר באך במהלך חייו?,"ההערכה היא שהיו כ-300 קנטטות שהלחין באך, מהן כ-200 הגיעו אלינו.",,,,300.0,100.0,500.0,30.0,קנטטות
course_138_bach_et_la_musique_baroque,course_138_bach_et_la_musique_baroque_q5,mcq,מה מוכיח The Well-Tempered Clavier הודות לטמפרמנט שווה?,"הודות לטמפרמנט שווה, באך מדגים שאותה מקלדת יכולה לנגן בכל הקלידים.","[""שמקלדת יכולה לנגן בכל הקלידים"", ""שהעוגב עדיף על הפסנתר"", ""שהפוגה היא ז'אנר מינורי"", ""שמוזיקה קדושה חייבת להישאר פשוטה""]",0,,,,,,
course_138_bach_et_la_musique_baroque,course_138_bach_et_la_musique_baroque_q6,trueFalse,"נכון או שקר: עם מותו, המוזיקה של באך נותרה מיד פופולרית מאוד והמשיכה להיות מושמעת בהרחבה.","במותו העדיפה האופנה את הסגנון האמיץ והקליל יותר, ובאך נראה אז מיושן בעיני זמנו.","[""נכון"", ""לא נכון""]",1,,,,,,
course_138_bach_et_la_musique_baroque,course_138_bach_et_la_musique_baroque_q7,mcq,מי החזיר לבאך את הידיעה הגדולה ב-1829 על ידי ניצוח על פסיון מתיו הקדוש בברלין?,פליקס מנדלסון הצעיר השיק את רנסנס הבאך ב-1829 על ידי ניצוח על פסיון מתיו הקדוש.,"[""פליקס מנדלסון"", ""יוהנס ברהמס"", ""פרנץ ליסט"", ""רוברט שומאן""]",0,,,,,,
course_138_bach_et_la_musique_baroque,course_138_bach_et_la_musique_baroque_q8,mcq,מה המשמעות של הכתובת SDG שבאך מוסיף לציונים שלו לעתים קרובות?,"לותרני נלהב, באך חותם לעתים קרובות על יצירותיו SDG, עבור סולי דיאו גלוריה.","[""סולי דיאו גלוריה, לאל בלבד התהילה"", ""Sic Deus Gloriae, נוסחת תפילה"", ""הגאונות האלוהית שלו, כינוי שניתן על ידי תלמידיו"", ""סטודיו דה גראנד גלואר, שם הסדנה שלו""]",0,,,,,,
course_138_bach_et_la_musique_baroque,course_138_bach_et_la_musique_baroque_q9,chronological,שים את אבני הדרך הללו בחייו ובמורשתו של באך בסדר כרונולוגי.,"מ-1723 עד 1977, באך הפך מחזן לא ידוע לשגריר הקולי של האנושות בחלל.",,,"[""באך הופך לחזן של כנסיית סנט תומאס בלייפציג"", ""הוא משלים את כל הקלוויה המתוססת היטב"", ""מנדלסון מנצח על פסיון מתיו הקדוש בברלין"", ""נאס\""א לוקחת את עבודותיה על סיפון הגשושיות של וויאג'ר""]",,,,,
course_139_la_naissance_du_jazz_americain,course_139_la_naissance_du_jazz_americain_q1,mcq,באיזו עיר אמריקאית נולד הג'אז בסוף המאה ה-19?,"נמל לואיזיאנה וצומת דרכים של תרבויות, ניו אורלינס היא מעבדת הסאונד שבה נולד הג'אז.","[""ניו אורלינס"", ""שיקגו"", ""ניו יורק"", ""ממפיס""]",0,,,,,,
course_139_la_naissance_du_jazz_americain,course_139_la_naissance_du_jazz_americain_q2,mcq,"מהי כיכר קונגו, המוזכרת כמקום מפתח להולדת הג'אז?","בכיכר קונגו, המקום היחיד שמציע את זכות הפגישה הזו של יום ראשון, שרדו תופים ופולי מקצב אפריקאי.","[""המקום היחיד שבו אוכלוסיות שחורות יכלו להיפגש ביום ראשון"", ""מועדון ג'אז של הארלם"", ""אולפן הקלטות בניו אורלינס"", ""בית ספר למוזיקה שהוקם על ידי באדי בולדן""]",0,,,,,,
course_139_la_naissance_du_jazz_americain,course_139_la_naissance_du_jazz_americain_q3,trueFalse,נכון או שקר: חלוץ הג'אז באדי בולדן השאיר אחריו הקלטות רבות של הקורנט שלו.,באדי בולדן מעולם לא תועד: האגדה שלו נשענת אך ורק על חשבונותיהם של אלה ששמעו אותו.,"[""נכון"", ""לא נכון""]",1,,,,,,
course_139_la_naissance_du_jazz_americain,course_139_la_naissance_du_jazz_americain_q4,mcq,"מה מביא אימפרוביזציה, המוצגת כפריצה העיקרית בין ג'אז למוזיקה אירופאית?","עם אימפרוביזציה, הפרטיטורה אינה עוד חוק אלא גריד שעליו מלחין המוזיקאי בזמן אמת.","[""המוזיקאי מלחין בזמן אמת על רשת, במקום לפי ציון קבוע"", ""המוזיקאי תמיד מנגן את אותה תוצאה זהה"", ""התזמורת מחליפה באופן שיטתי את הסולן"", ""הריקוד הופך חשוב יותר ממוזיקה""]",0,,,,,,
course_139_la_naissance_du_jazz_americain,course_139_la_naissance_du_jazz_americain_q5,mcq,איזה מוזיקאי הציב את הסולן הוירטואוז במרכז הג'אז לאחר ההגירה הגדולה לשיקגו ולניו יורק?,לואי ארמסטרונג מציב את הסולן הוירטואוז במרכז הג'אז במהלך צמיחתו בשיקגו ובניו יורק.,"[""לואי ארמסטרונג"", ""דיוק אלינגטון"", ""צ'רלי פארקר"", ""מיילס דייויס""]",0,,,,,,
course_139_la_naissance_du_jazz_americain,course_139_la_naissance_du_jazz_americain_q6,mcq,"איזה סגנון, שהומצא על ידי צ'רלי פארקר לאחר 1945, מעדיף קצב מהיר והרמוניות מורכבות?","צ'רלי פארקר המציא את הביבופ, והאזין למוזיקה עם קצב מהיר והרמוניות מורכבות.","[""ביבופ"", ""הנדנדה"", ""ג'אז חופשי"", ""רגטיים""]",0,,,,,,
course_139_la_naissance_du_jazz_americain,course_139_la_naissance_du_jazz_americain_q7,numericSlider,"באיזו שנה הוציא מיילס דייויס את Kind of Blue, עדיין תקליט הג'אז הנמכר ביותר בעולם כיום?","Kind of Blue, שיצא ב-1959, המציא את הג'אז המודאלי על ידי האטת שינויי אקורדים.",,,,1959.0,1940.0,1975.0,2.0,
course_139_la_naissance_du_jazz_americain,course_139_la_naissance_du_jazz_americain_q8,chronological,שים את השלבים האלה של תולדות הג'אז בסדר כרונולוגי.,"מכיכר קונגו ועד סוג של כחול, הג'אז עובר כמעט מאה שנים של המצאות עוקבות.",,,"[""ג'אז מופיע בניו אורלינס סביב כיכר קונגו ותזמורות כלי נשיפה"", ""לואי ארמסטרונג כופה את הסולן הוירטואוז בשיקגו ובניו יורק"", ""צ'רלי פארקר ממציא את הביבופ"", ""מיילס דייוויס מפרסם את Kind of Blue וג'אז מודאלי""]",,,,,
course_139_la_naissance_du_jazz_americain,course_139_la_naissance_du_jazz_americain_q9,trueFalse,"נכון או לא נכון: המועדון הניו יורקי Birdland לוקח את שמו מהכינוי של צ'רלי פארקר, בירד.","מועדון בירדלנד נקרא לכבודו של צ'רלי פארקר, המכונה בירד.","[""נכון"", ""לא נכון""]",0,,,,,,
course_13_la_bataille_de_waterloo_1815,course_13_la_bataille_de_waterloo_1815_q1,numericSlider,באיזו שנה התרחש קרב ווטרלו?,קרב ווטרלו התרחש ב-18 ביוני 1815 בבלגיה.,,,,1815.0,1780.0,1840.0,3.0,
course_13_la_bataille_de_waterloo_1815,course_13_la_bataille_de_waterloo_1815_q2,mcq,מי היו שני המפקדים שהתמודדו מול נפוליאון בווטרלו?,נפוליאון מתמודד הן מול הדוכס מוולינגטון והן מול המרשל הפרוסי בלוכר.,"[""וולינגטון (בריטי) ובלוצ'ר (פרוסיה)"", ""נלסון (בריטי) וקוטוזוב (רוסית)"", ""מאק (אוסטרי) ואלכסנדר הראשון (רוסית)"", ""וולינגטון (בריטי) ופרנסיס השני (אוסטרי)""]",0,,,,,,
course_13_la_bataille_de_waterloo_1815,course_13_la_bataille_de_waterloo_1815_q3,mcq,"מה הייתה התוכנית הראשונית של נפוליאון לפני הקרב, שנקראה העמדה המרכזית?","נפוליאון רוצה למקם את עצמו בין שני צבאות האויב ולהביס אותם בזה אחר זה, לפני שהם מתאחדים.","[""מקם את עצמך בין וולינגטון לבלוכר כדי לנצח אותם בנפרד"", ""לתקוף ישירות את בריסל"", ""חכו לתגבורת אוסטרית"", ""מקיף את וולינגטון בים""]",0,,,,,,
course_13_la_bataille_de_waterloo_1815,course_13_la_bataille_de_waterloo_1815_q4,trueFalse,"נכון או שקר: נפוליאון שלח את המרשל גרוצ'י לרדוף אחרי הפרוסים אחרי ליני, מתוך מחשבה שהוא הוציא אותם מכלל פעולה.","נפוליאון האמין שהפרוסים ניטרלו אחרי ליני וניתקו את גרוצ'י עם 33,000 איש כדי לרדוף אחריהם, טעות שתעלה ביוקר.","[""נכון"", ""לא נכון""]",0,,,,,,
course_13_la_bataille_de_waterloo_1815,course_13_la_bataille_de_waterloo_1815_q5,mcq,מדוע חיכה נפוליאון עד 11:30 בבוקר ה-18 ביוני כדי לתקוף?,"לאחר לילה של גשם, נפוליאון המתין לייבוש האדמה לפני שהניע את הארטילריה שלו, מה שנתן לבלוכר זמן להגיע.","[""הוא רוצה שהאדמה תתייבש כדי להזיז את סוללת התותחים הגדולה שלו"", ""הוא מחכה לחיזוקים מגרושי"", ""הוא מנהל משא ומתן על הפסקת אש עם וולינגטון"", ""הוא מחכה לזריחה""]",0,,,,,,
course_13_la_bataille_de_waterloo_1815,course_13_la_bataille_de_waterloo_1815_q6,mcq,איזה אירוע עורר את הפאניקה וההשתוללות של הצבא הצרפתי בווטרלו?,"הושק כמוצא אחרון, המשמר הקיסרי נסוג בפעם הראשונה, והצעקה ""המשמר נסוג!"" הופך נסיגה למסלול.","[""נסיגתו של המשמר הקיסרי"", ""מותו של נפוליאון בשדה הקרב"", ""הגעת תגבורת אוסטרית"", ""הרס הסוללה הגדולה""]",0,,,,,,
course_13_la_bataille_de_waterloo_1815,course_13_la_bataille_de_waterloo_1815_q7,mcq,לאן הוגלה נפוליאון לאחר התבוסה האחרונה שלו בווטרלו?,"לאחר התפטרותו ב-22 ביוני 1815, נפוליאון הוגלה לסנט הלנה, אי מבודד בדרום האוקיינוס האטלנטי, שם מת ב-1821.","[""סנט הלנה"", ""האי אלבה"", ""קורסיקה"", ""מלטה""]",0,,,,,,
course_13_la_bataille_de_waterloo_1815,course_13_la_bataille_de_waterloo_1815_q8,chronological,שים את האירועים האלה של מאה הימים בסדר כרונולוגי.,"ארבעת השלבים הללו עוברים מה-1 במרץ עד ה-22 ביוני 1815: החזרה מהאי אלבה, הניצחון החלקי של ליני, התבוסה של ווטרלו, ואז ההדחה.",,,"[""נחיתתו של נפוליאון ליד אנטיב"", ""הקרב על ליני"", ""הקרב על ווטרלו"", ""ההדחה האחרונה של נפוליאון""]",,,,,
course_13_la_bataille_de_waterloo_1815,course_13_la_bataille_de_waterloo_1815_q9,mcq,מה החליט הקונגרס של וינה לאחר נפילתו הסופית של נפוליאון?,"הקונגרס של וינה כופה את עיקרון הלגיטימיות, משחזר את השושלות המלכותיות למסגרת קונצרט של אירופה השומר על שלום עד 1914.","[""החזרת השושלות המלכותיות לכסאותיהן, לגיטימיות"", ""חלקו את צרפת לארבע ממלכות"", ""לבטל את כל המונרכיות באירופה"", ""תן את הכתר של צרפת לוולינגטון""]",0,,,,,,
course_140_le_blues_racines_de_toute_la_musique_mod,course_140_le_blues_racines_de_toute_la_musique_mod_q1,mcq,באיזה אזור נולד הבלוז בסוף המאה ה-19?,"הבלוז נולד במצוקה של שדות הכותנה של מיסיסיפי, בדרום העמוק.","[""הדרום העמוק, בשדות הכותנה של מיסיסיפי"", ""ערי נמל לואיזיאנה בלבד"", ""הצפון התעשייתי של ארצות הברית"", ""מישורי טקסס""]",0,,,,,,
course_140_le_blues_racines_de_toute_la_musique_mod,course_140_le_blues_racines_de_toute_la_musique_mod_q2,mcq,"איזה חידוש מוזיקלי גדול המציא הבלוז, ולאחר מכן נקלט על ידי הג'אז והרוק?","המבנה בן שתים עשרה התיבות, רשת של שלושה אקורדים, הופך לקנבס לאלתור לאורך הבלוז.","[""המבנה בשתים עשרה מידות"", ""הסימפוניה בארבעה פרקים"", ""א-קפלה ראפ"", ""אופרה פופולרית""]",0,,,,,,
course_140_le_blues_racines_de_toute_la_musique_mod,course_140_le_blues_racines_de_toute_la_musique_mod_q3,mcq,מה המשמעות של צוואר הבקבוק בו משתמשים גיטריסטי בלוז?,"צוואר הבקבוק, החליק על מיתרי הגיטרה, מביא את הכלי לדיאלוג עם קולו של הזמר.","[""צינור זכוכית או מתכת החליק מעל המיתרים"", ""סוג של פיק עץ"", ""דוושת אפקטים חשמלית"", ""כוונון מסוים של הבס""]",0,,,,,,
course_140_le_blues_racines_de_toute_la_musique_mod,course_140_le_blues_racines_de_toute_la_musique_mod_q4,trueFalse,"נכון או לא נכון: רוברט ג'ונסון השאיר מאות הקלטות, מה שמסביר את השפעתו הרבה.","רוברט ג'ונסון השאיר רק 29 הקלטות, אבל השפעתם נותרה עצומה.","[""נכון"", ""לא נכון""]",1,,,,,,
course_140_le_blues_racines_de_toute_la_musique_mod,course_140_le_blues_racines_de_toute_la_musique_mod_q5,mcq,מהי האגדה על רוברט ג'ונסון בצומת דרכים?,אגדת צומת דרכים אומרת שג'ונסון מכר את נשמתו לשטן בתמורה לשליטתו בגיטרה.,"[""הוא היה מוכר את נשמתו לשטן כדי לשלוט בגיטרה"", ""הוא היה פוגש את אשתו"", ""הוא היה מלחין את Sweet Home Chicago בלילה אחד"", ""הוא התגלה לכאורה על ידי מפיק ניו יורקי""]",0,,,,,,
course_140_le_blues_racines_de_toute_la_musique_mod,course_140_le_blues_racines_de_toute_la_musique_mod_q6,mcq,"באיזו עיר הפך הבלוז לחשמלי בשנות הארבעים, מונע על ידי Muddy Waters?","בשיקגו, הבלוז התחשמל כדי להטביע את רעש המפעלים, עם Muddy Waters ו- Howlin' Wolf.","[""שיקגו"", ""ניו אורלינס"", ""ממפיס"", ""דטרויט""]",0,,,,,,
course_140_le_blues_racines_de_toute_la_musique_mod,course_140_le_blues_racines_de_toute_la_musique_mod_q7,trueFalse,נכון או לא נכון: השם של הקבוצה הבריטית The Rolling Stones לקוח משיר של Muddy Waters.,"הרולינג סטונס קיבלו את שמם משיר של Muddy Waters, שהם עזרו להכיר לקהל הלבן.","[""נכון"", ""לא נכון""]",0,,,,,,
course_140_le_blues_racines_de_toute_la_musique_mod,course_140_le_blues_racines_de_toute_la_musique_mod_q8,numericSlider,"באיזו שנה הפך הבלוז לחשמלי בשיקגו, מונע על ידי Muddy Waters?",זה היה בשנות ה-40 שהבלוז הכפרי של דלתא הפך לחשמלי בשיקגו.,,,,1945.0,1900.0,1980.0,5.0,
course_140_le_blues_racines_de_toute_la_musique_mod,course_140_le_blues_racines_de_toute_la_musique_mod_q9,chronological,שים את השלבים האלה של היסטוריית הבלוז בסדר כרונולוגי.,"מהדרום העמוק הכפרי ועד לייצוא בריטי, הבלוז עבר כמעט מאה שנה של שינוי.",,,"[""הבלוז נולדו בשדות הכותנה של הדרום העמוק עם צעקות ורוחניות"", ""רוברט ג'ונסון מקליט את שיריו בדלתא של מיסיסיפי"", ""הבלוז מתחשמל בשיקגו עם Muddy Waters"", ""הרולינג סטונס ולד זפלין מייצאים מחדש את הבלוז לקהל הרחב""]",,,,,
course_141_la_naissance_de_la_photographie,course_141_la_naissance_de_la_photographie_q1,mcq,"באיזה מכשיר השתמשו אמנים לפני 1839 כדי להקרין את העולם החיצון, מבלי שהצליחו לתקן את התמונה?","חדר החושך מקרין את העולם החיצון על קיר, אבל התמונה נעלמת ברגע שהאור נכבה.","[""החדר החשוך"", ""הדאגרוטיפ"", ""הקלוטיפ"", ""מצלמת קודאק""]",0,,,,,,
course_141_la_naissance_de_la_photographie,course_141_la_naissance_de_la_photographie_q2,mcq,"מי יצר את תמונת הצילום הקבועה הראשונה הידועה, בסביבות 1826-1827?","Nicéphore Niépce מתקן את התמונה הקבועה הראשונה, View from the window of Gras, על צלחת פח.","[""Nicéphore Niépce"", ""לואי דאגר"", ""וויליאם פוקס טלבוט"", ""ג'ורג' איסטמן""]",0,,,,,,
course_141_la_naissance_de_la_photographie,course_141_la_naissance_de_la_photographie_q3,trueFalse,נכון או לא נכון: הצילום הראשון של Niépce דרש חשיפה של כ-8 שעות.,"החשיפה נמשכת כ-8 שעות, עד כדי כך שהשמש מאירה את שני צידי המבנים בתמונה.","[""נכון"", ""לא נכון""]",0,,,,,,
course_141_la_naissance_de_la_photographie,course_141_la_naissance_de_la_photographie_q4,mcq,"איזה תהליך בריטי, שפותח במקביל לדאגרוטיפ, מאפשר ליצור מספר עותקים מתנגטיב?","הקלוטיפ של וויליאם פוקס טלבוט מאפשר, בניגוד לדאגרוטיפ, ליצור מספר עותקים של אותה תמונה.","[""הקלוטיפ של וויליאם פוקס טלבוט"", ""הביטומן של יהודה"", ""כרטיס הביקור"", ""סרט קודאק""]",0,,,,,,
course_141_la_naissance_de_la_photographie,course_141_la_naissance_de_la_photographie_q5,numericSlider,באיזו שנה הציג לואי דאגר את התהליך שלו באקדמיה למדעים?,דאגר הציג את הדאגרוטיפ לאקדמיה למדעים ב-1839.,,,,1839.0,1800.0,1870.0,2.0,
course_141_la_naissance_de_la_photographie,course_141_la_naissance_de_la_photographie_q6,mcq,איזה צלם תיעד את החזית במהלך מלחמת קרים ב-1855?,"רוג'ר פנטון מדווח בין תמונות הצילום הראשונות של סכסוך, במהלך מלחמת קרים.","[""רוג'ר פנטון"", ""מתיו בריידי"", ""לואי דאגר"", ""וויליאם פוקס טלבוט""]",0,,,,,,
course_141_la_naissance_de_la_photographie,course_141_la_naissance_de_la_photographie_q7,mcq,איזה חידוש של ג'ורג' איסטמן וקודאק הפך את המצלמה לניידת בסוף המאה ה-19?,"איסטמן מחליף את לוחות הזכוכית הכבדים בסרט גמיש, מה שהופך את המכשיר לנייד.","[""סרט גמיש, מחליף לוחות זכוכית"", ""הפלאש החשמלי"", ""המכשיר הדיגיטלי"", ""עדשת הזום""]",0,,,,,,
course_141_la_naissance_de_la_photographie,course_141_la_naissance_de_la_photographie_q8,trueFalse,"נכון או לא נכון: במהלך מלחמת האזרחים, הצלם מתיו בריידי תיעד חיילים ושדות קרב.",מת'יו בריידי מצלם את החיילים ושדות הקרב של מלחמת האזרחים האמריקאית.,"[""נכון"", ""לא נכון""]",0,,,,,,
course_141_la_naissance_de_la_photographie,course_141_la_naissance_de_la_photographie_q9,chronological,שים את אבני הדרך הללו בהיסטוריה של הצילום בסדר כרונולוגי.,"מהתמונה הראשונה של Niépce ועד לדמוקרטיזציה של קודאק, הצילום התפשט תוך פחות ממאה שנה.",,,"[""ניפס בוהה בתמונה הקבועה הראשונה מחלונו"", ""דאגר מציג את הדאגרוטיפ בפריז"", ""Talbot מפתחת את הקלוטיפ ואת המהדורה המרובה"", ""קודאק עושה דמוקרטיזציה של מצלמת החובבים""]",,,,,
course_142_charlie_chaplin_et_le_cinema_muet,course_142_charlie_chaplin_et_le_cinema_muet_q1,mcq,"איזו המצאה של האחים לומייר, שהועלתה כפטנט ב-1895, הולידה את הקולנוע כמחזה קולקטיבי?","הקולנוע של האחים לומייר, שנרשם בפטנט ב-1895, אפשר את ההקרנה הציבורית הראשונה בתשלום בפריז.","[""הקולנוע"", ""הקינטוסקופ"", ""הוויטפון"", ""הפונוגרף""]",0,,,,,,
course_142_charlie_chaplin_et_le_cinema_muet,course_142_charlie_chaplin_et_le_cinema_muet_q2,mcq,"מי המציא סיפורת ואפקטים מיוחדים בקולנוע, זמן קצר לאחר המצאת האחים לומייר?","ז'ורז' מליס, איש אשליות צרפתי, המציא סיפורת ואפקטים מיוחדים ממש בתחילת הקולנוע.","[""ז'ורז' מליס"", ""תומס אדיסון"", ""צ'רלי צ'פלין"", ""דיוויד גריפית""]",0,,,,,,
course_142_charlie_chaplin_et_le_cinema_muet,course_142_charlie_chaplin_et_le_cinema_muet_q3,trueFalse,"נכון או שקר: שרלוט הוא נודד עני אך מכובד, שניתן לזהות אותו לפי כובע הכדורות שלו והמקל שלו.","שרלוט חובש כובע באולר קטן מדי, מכנסיים רחבים מדי ומקל, ומסמל עני ששומר על כבודו.","[""נכון"", ""לא נכון""]",0,,,,,,
course_142_charlie_chaplin_et_le_cinema_muet,course_142_charlie_chaplin_et_le_cinema_muet_q4,mcq,איזה סרט משנת 1940 בבימויו של צ'פלין הוא סאטירה של אדולף היטלר?,"ב-1940 עשה צ'פלין את ""הדיקטטור הגדול"", סאטירה על היטלר וסרטו הראשון שמדבר הכל.","[""הדיקטטור"", ""אורות העיר"", ""זמר הג'אז"", ""הבהלה לזהב""]",0,,,,,,
course_142_charlie_chaplin_et_le_cinema_muet,course_142_charlie_chaplin_et_le_cinema_muet_q5,numericSlider,באיזו שנה המציא צ'פלין את תחפושת הנווד?,"בשנת 1914, המציא צ'פלין את תחפושת הטראמפ כמעט במקרה בחדר הלבשה בסטודיו.",,,,1914.0,1895.0,1935.0,3.0,
course_142_charlie_chaplin_et_le_cinema_muet,course_142_charlie_chaplin_et_le_cinema_muet_q6,trueFalse,"נכון או לא נכון: עם הגעתו של הקולנוע המדבר ב-1927, צ'פלין נטש מיד את הסרטים האילמים.","צ'פלין התנגד לדבר והמשיך לצלם סרטים אילמים, כמו ב-City Lights ב-1931.","[""נכון"", ""לא נכון""]",1,,,,,,
course_142_charlie_chaplin_et_le_cinema_muet,course_142_charlie_chaplin_et_le_cinema_muet_q7,mcq,מדוע נאסר על צ'פלין לחזור לארצות הברית ב-1952?,"בעיצומה של המלחמה הקרה ומקרתיזם, נאסר על צ'פלין, שנחשד ברעיונות שמאלנים, לחזור לארצות הברית ב-1952.","[""הוא חשוד שיש לו רעיונות שמאלניים בתקופת המקארתיזם"", ""הוא סירב לשלם את המיסים שלו בארה\""ב"", ""הוא העליב מפיק הוליוודי רב השפעה"", ""הוא הורשע בריגול""]",0,,,,,,
course_142_charlie_chaplin_et_le_cinema_muet,course_142_charlie_chaplin_et_le_cinema_muet_q8,chronological,שים את השלבים האלה בקריירה ובקולנוע של צ'פלין בסדר כרונולוגי.,"ארבעת אבני הדרך הללו (1895, 1914, 1940, 1952) עוקבות אחר הולדתו של הקולנוע, המצאת שרלוט, המחויבות הפוליטית של צ'פלין, ואז הגלות הכפויה שלו.",,,"[""הקרנה פומבית ראשונה של האחים לומייר"", ""צ'פלין ממציא את תחפושת הטראמפ"", ""יציאת הדיקטטור, סאטירה של היטלר"", ""איסור לחזור לארצות הברית""]",,,,,
course_142_charlie_chaplin_et_le_cinema_muet,course_142_charlie_chaplin_et_le_cinema_muet_q9,mcq,איזו חברת הפקה צ'פלין ייסד כדי לשמור על שליטה מלאה בסרטיו?,"צ'פלין היה שותף להקמת United Artists, מה שאפשר לו לשמור על עצמאותו היצירתית.","[""יונייטד אמנים"", ""תמונות RKO"", ""מטרו-גולדווין-מאייר"", ""פרמאונט תמונות""]",0,,,,,,
course_143_orson_welles_et_citizen_kane,course_143_orson_welles_et_citizen_kane_q1,mcq,איזה אירוע רדיו משנת 1938 הניע את אורסון וולס להוליווד?,"ב-30 באוקטובר 1938, וולס גרם לאנשים להאמין בפלישה של חייזרים עם עיבוד הרדיו שלו למלחמת העולמות, שמשך את תשומת הלב של הוליווד.","[""העיבוד שלו למלחמת העולמות"", ""ההפקה שלו של מקבת בתיאטרון"", ""סרטו הראשון עבור RKO"", ""סיור הרצאות בנושא קולנוע""]",0,,,,,,
course_143_orson_welles_et_citizen_kane,course_143_orson_welles_et_citizen_kane_q2,mcq,איזה חופש נדיר העניקה RKO Pictures לוולס לעשות לאזרח קיין?,"RKO, אולפן בקושי, מציע לוולס חוזה נדיר: חופש מוחלט לנושא ו-Final Cut, הזכות להחליט לבד על העריכה.","[""חופש מוחלט של הנושא ושליטה סופית בעריכה"", ""תקציב בלתי מוגבל ללא כל מגבלות"", ""הבחירה הבלעדית של מפיץ הסרטים"", ""בעלות זכויות יוצרים על התסריט""]",0,,,,,,
course_143_orson_welles_et_citizen_kane,course_143_orson_welles_et_citizen_kane_q3,mcq,עם איזה צלם קולנוע פיתח וולס את טכניקת עומק השדה ב-Citizen Kane?,"עם צלם הקולנוע גרג טולנד, וולס כופה את עומק השדה, ששומר על הכל חד מהקדמה ועד לרקע התמונה.","[""גרג טולנד"", ""וויליאם רנדולף הרסט"", ""פרנסואה טריפו"", ""דוד או. סלזניק""]",0,,,,,,
course_143_orson_welles_et_citizen_kane,course_143_orson_welles_et_citizen_kane_q4,mcq,מה הייתה המילה האחרונה שאמר צ'רלס פוסטר קיין לפני מותו?,"קיין מת לבד בארמון שלו בזאנאדו בזמן שהוא מוציא את המילה Rosebud, מה שמעורר את החקירה של העיתונאי.","[""Rosebud"", ""Xanadu"", ""רוזלינד"", ""שרלוט""]",0,,,,,,
course_143_orson_welles_et_citizen_kane,course_143_orson_welles_et_citizen_kane_q5,trueFalse,"נכון או שקר: האזרח קיין מספר את סיפורו של קיין באמצעות עדויות סותרות, מבלי למסור אף אמת אחת על האיש הזה.","באמצעות פלאשבקים, חברים ואויבים מספרים גרסאות סותרות של קיין, והצופה לעולם לא מקבל ולו אמת אחת.","[""נכון"", ""לא נכון""]",0,,,,,,
course_143_orson_welles_et_citizen_kane,course_143_orson_welles_et_citizen_kane_q6,mcq,איזה איל עיתונות מזהה את עצמו בדמותו של קיין ומנסה לחנוק את הסרט?,"וויליאם רנדולף הרסט, איל עיתונות אמיתי, זיהה את עצמו בקיין וניסה לחנוק את הסרט על ידי החרם על עיתוניו.","[""וויליאם רנדולף הרסט"", ""ג'וזף פוליצר"", ""דוד סרנוף"", ""רנדולף צ'רצ'יל""]",0,,,,,,
course_143_orson_welles_et_citizen_kane,course_143_orson_welles_et_citizen_kane_q7,trueFalse,נכון או שקר: האזרח קיין זכה להצלחה מסחרית אדירה עם יציאתו לאקרנים ב-1941.,"האזרח קיין, להיפך, היה כישלון מסחרי עם שחרורו, במיוחד בגלל הלחץ שהפעיל הרסט.","[""נכון"", ""לא נכון""]",1,,,,,,
course_143_orson_welles_et_citizen_kane,course_143_orson_welles_et_citizen_kane_q8,mcq,איזו תנועה קולנועית צרפתית של שנות ה-50 הפכה את האזרח קיין לדגם של הבמאי-הסופר?,"בשנות ה-50, המבקרים ולאחר מכן הגל החדש הצרפתי שיקמו את הסרט והפכו אותו לסטנדרט של הבמאי ששולט בכל.","[""הגל החדש"", ""קולנוע שקט"", ""ניאוריאליזם איטלקי"", ""אקספרסיוניזם גרמני""]",0,,,,,,
course_143_orson_welles_et_citizen_kane,course_143_orson_welles_et_citizen_kane_q9,chronological,שים את השלבים האלה של סיפור האזרח קיין בסדר כרונולוגי.,"שלוש אבני הדרך הללו (1938, 1941, 1950) עוקבות אחר עלייתו ברדיו של וולס, הכישלון הראשוני של הסרט, ולאחר מכן שיקומו על ידי מבקרים אירופאים.",,,"[""מתיחת רדיו מלחמת העולמות"", ""שחרורו של האזרח קיין"", ""הגילוי המחודש של הסרט על ידי מבקרים אירופאים""]",,,,,
course_144_la_nouvelle_vague_francaise,course_144_la_nouvelle_vague_francaise_q1,mcq,"איזו סקירה ביקורתית, שנוסדה ב-1951, הפכה למעבדת הרעיונות של הגל החדש?","ה-Cahiers du cinéma, שנוסד ב-1951 על ידי אנדרה באזין, הפגיש מבקרים צעירים שיהפכו למנהלי הגל החדש.","[""מחברות הקולנוע"", ""ראיה וסאונד"", ""חיובי"", ""סרט צרפתי""]",0,,,,,,
course_144_la_nouvelle_vague_francaise,course_144_la_nouvelle_vague_francaise_q2,mcq,"על פי מדיניות המחברים המוגנת על ידי Cahiers du cinéma, מיהו היוצר האמיתי של סרט?","עבור המבקרים של Cahiers, היוצר האמיתי הוא לא התסריטאי אלא זה שמביים את הסצנה, בדיוק כפי שלסופר יש סגנון משלו.","[""הבמאי"", ""התסריטאי"", ""המפיק"", ""השחקן הראשי""]",0,,,,,,
course_144_la_nouvelle_vague_francaise,course_144_la_nouvelle_vague_francaise_q3,mcq,איזה סרט של פרנסואה טריפו ניצח בקאן ב-1959 והשיק את הגל החדש?,"בשנת 1959, הפיכות Les Quatre Cents מאת פרנסואה טריפו ניצח בקאן והקים את הקולנוע האמנותי.","[""ארבע מאות המכות"", ""קצר נשימה"", ""האזרח קיין"", ""הדיקטטור""]",0,,,,,,
course_144_la_nouvelle_vague_francaise,course_144_la_nouvelle_vague_francaise_q4,trueFalse,נכון או לא נכון: חסר נשימה מאת ז'אן-לוק גודאר זעזע אנשים ב-1960 עם החתכים הפתאומיים שלו באמצע המחוות.,"גודאר חותך באמצע המחוות ב-Bathless, כאילו הוא עורך את הסרט במספריים, מה שהיה מזעזע ב-1960.","[""נכון"", ""לא נכון""]",0,,,,,,
course_144_la_nouvelle_vague_francaise,course_144_la_nouvelle_vague_francaise_q5,mcq,איזו חידוש טכני אפשר לבמאי הגל החדש לעזוב את האולפנים כדי לצלם ברחובות פריז?,"מצלמות קלות משקל כמו Éclair Caméflex וסרטים רגישים יותר מאפשרים לצלם בהגדרות טבעיות, מחוץ לאולפנים.","[""מצלמות קלות משקל כמו ה-Éclair Caméflex"", ""מסכים רחבים של סינמסקופ"", ""צליל דולבי סטריאו"", ""קישוטי קרטון""]",0,,,,,,
course_144_la_nouvelle_vague_francaise,course_144_la_nouvelle_vague_francaise_q6,mcq,איזו תנועה קולנועית ברזילאית שואבת השראה ישירה מחופש הצילום של הגל החדש?,"חופש הצילומים של הגל החדש שימש אז השראה לקולנוע נובו בברזיל, ולאחר מכן Dogme 95 בדנמרק.","[""קולנוע נובו"", ""ניאוריאליזם איטלקי"", ""אקספרסיוניזם גרמני"", ""דוגמה 95""]",0,,,,,,
course_144_la_nouvelle_vague_francaise,course_144_la_nouvelle_vague_francaise_q7,trueFalse,"נכון או שקר: במאי גל חדש צולמו בעיקר באולפנים, עם תאורה מלאכותית מתוחכמת.","להיפך, הם מצלמים בבתי קפה, בדירות וברחובות פריז, לרוב באור טבעי.","[""נכון"", ""לא נכון""]",1,,,,,,
course_144_la_nouvelle_vague_francaise,course_144_la_nouvelle_vague_francaise_q8,mcq,אילו במאים אמריקאים של שנות ה-70 קיבלו השראה מהחופש של הגל החדש?,"בשנות ה-70, ניו הוליווד, מונעת על ידי סקורסזה, קופולה וספילברג, ערבבה בין יעילות אמריקאית לחירות צרפתית.","[""סקורסזה, קופולה וספילברג"", ""היצ'קוק, וולס וקובריק"", ""צ'פלין וקיטון"", ""ברגמן ופליני""]",0,,,,,,
course_144_la_nouvelle_vague_francaise,course_144_la_nouvelle_vague_francaise_q9,chronological,שים את השלבים האלה של הגל החדש בסדר כרונולוגי.,"שלושת אבני הדרך הללו (1951, 1959, 1960) מציגות את המעבר מביקורת ביקורתית למהפכה בקולנוע סופרים.",,,"[""קרן Cahiers du cinéma"", ""ניצחון ארבע מאות המכות בקאן"", ""שחרור של חסר נשימה""]",,,,,
course_145_kubrick_2001_l_odyssee_de_l_espace,course_145_kubrick_2001_l_odyssee_de_l_espace_q1,numericSlider,באיזו שנה יצא 2001: אודיסיאה בחלל בבתי הקולנוע?,2001: אודיסיאה בחלל יצא לאקרנים ב-1968 והגדיר מחדש את המדע הבדיוני בקולנוע.,,,,1968.0,1950.0,1985.0,3.0,
course_145_kubrick_2001_l_odyssee_de_l_espace,course_145_kubrick_2001_l_odyssee_de_l_espace_q2,mcq,לאיזה סופר מדע בדיוני פנה קובריק ב-1964 כדי ליצור את 2001?,ב-1964 יצר קובריק קשר עם הסופר ארתור סי קלארק כדי להמציא במקביל סרט ורומן.,"[""ארתור סי קלארק"", ""יצחק אסימוב"", ""פיליפ ק. דיק"", ""ריי ברדבורי""]",0,,,,,,
course_145_kubrick_2001_l_odyssee_de_l_espace,course_145_kubrick_2001_l_odyssee_de_l_espace_q3,mcq,באילו חדשות השתמשו קובריק וקלארק כדי לפתח את 2001?,קובריק וקלארק מתחילים מהסיפור הקצר הזקיף לבנות את הסרט והרומן במקביל.,"[""הזקיף"", ""קרן"", ""דברי ימי המאדים"", ""פגישה עם ראמה""]",0,,,,,,
course_145_kubrick_2001_l_odyssee_de_l_espace,course_145_kubrick_2001_l_odyssee_de_l_espace_q4,mcq,מי המציא את טכניקת סריקת החריצים כדי לצלם את המסע האחרון של הסרט?,"מפקח האפקטים דאגלס טרומבול ממציא את סריקת החריצים, שיוצרת מנהרות אור מהפנטות למסע האחרון.","[""דאגלס טרומבול"", ""גרג טולנד"", ""ארתור סי קלארק"", ""סטנלי קובריק""]",0,,,,,,
course_145_kubrick_2001_l_odyssee_de_l_espace,course_145_kubrick_2001_l_odyssee_de_l_espace_q5,mcq,מה מייצג HAL 9000 בסרט?,"HAL 9000, המחשב המובנה, בוחר לחסל בני אדם כדי לפתור את הסתירה במשימתו.","[""המחשב המובנה שבסופו של דבר מחסל את הצוות"", ""מחוץ לכדור הארץ בא להזהיר את האנושות"", ""שיבוט רובוטי של אסטרונאוט"", ""עוזר קול פשוט ללא הכרה""]",0,,,,,,
course_145_kubrick_2001_l_odyssee_de_l_espace,course_145_kubrick_2001_l_odyssee_de_l_espace_q6,trueFalse,נכון או לא נכון: HAL 9000 תוקף את הצוות כי הוא נתון בסתירה בין ביצוע משימתו לבין הסתרת הטבע האמיתי שלו.,"לכוד בסתירה זו, HAL בוחר לחסל בני אדם כדי לשמור על סודיות משימתו.","[""נכון"", ""לא נכון""]",0,,,,,,
course_145_kubrick_2001_l_odyssee_de_l_espace,course_145_kubrick_2001_l_odyssee_de_l_espace_q7,mcq,"לצלם את בארי לינדון רק לאור נרות, אילו עדשות עיבד קובריק?","לקובריק היו עדשות Zeiss המיועדות לנאס""א שהותאמו לצלם את בארי לינדון לאור נרות בלבד.","[""אופטיקה של Zeiss תוכננה עבור נאס\""א"", ""מקרני סטודיו מיניאטוריים"", ""מסנני אינפרא אדום צבאיים"", ""מצלמות תרמיות""]",0,,,,,,
course_145_kubrick_2001_l_odyssee_de_l_espace,course_145_kubrick_2001_l_odyssee_de_l_espace_q8,mcq,איזו קטע מוזיקלי מלווה את תחנות החלל ב-2001?,"הוואלס ""הדנובה הכחולה היפה"" מאת יוהאן שטראוס מלווה את תחנות החלל, בעוד ""ככה אמר זרתוסטרה"" מסמן את קפיצות האבולוציה.","[""הדנובה הכחולה היפה מאת יוהאן שטראוס"", ""כך אמר זרתוסטרה מאת ריכרד שטראוס"", ""סימפונית העולם החדש של דבוז'אק"", ""ארבע העונות של ויוואלדי""]",0,,,,,,
course_145_kubrick_2001_l_odyssee_de_l_espace,course_145_kubrick_2001_l_odyssee_de_l_espace_q9,mcq,מה מסמל המונוליט השחור בשנת 2001?,המונוליט השחור הוא נוכחות אילמת שמניעה מחדש את האבולוציה האנושית בכמה נקודות בסרט.,"[""נוכחות שמתניעה מחדש את האבולוציה האנושית"", ""נשק חייזר שנועד להשמיד את כדור הארץ"", ""תפאורה פשוטה ללא משמעות נרטיבית"", ""החללית של האסטרונאוטים""]",0,,,,,,
course_146_hitchcock_et_le_suspense,course_146_hitchcock_et_le_suspense_q1,mcq,"לפי היצ'קוק, מה ההבדל בין הפתעה למתח?","היצ'קוק מסביר לטריפו שהמתח מראה לקהל את הפצצה בזמן שהדמויות מתעלמות ממנה, מה שמאריך את המתח.","[""מתח מראה את הפצצה לקהל לפני שהיא מתפוצצת, הפתעה לא"", ""המתח מפחיד, הפתעה מצחיקה אותך"", ""ההפתעה נמשכת יותר מהמתח"", ""אין הבדל, הן מילים נרדפות""]",0,,,,,,
course_146_hitchcock_et_le_suspense,course_146_hitchcock_et_le_suspense_q2,mcq,מהו מקגאפין בסרט של היצ'קוק?,"המקגאפין הוא פריט או סוד שמקדם את העלילה, גם אם אופיו המדויק לא ממש משנה.","[""חפץ או סוד שמניע את הדמויות מבלי שהטבע המדויק שלו משנה"", ""צילום מצלמת היצ'קוק ייחודי"", ""שמו של הרוצח בפסיכו"", ""טכניקת עריכת סאונד""]",0,,,,,,
course_146_hitchcock_et_le_suspense,course_146_hitchcock_et_le_suspense_q3,mcq,"באיזו טכניקה משתמש היצ'קוק ב""חבל"" (1948) כדי לדמות סרט שצולם בתנועה אחת?",היצ'קוק מסתיר את החתכים מאחורי גב או רהיט כהה כדי לדמות רצף בודד שצולם ב-The Rope.,"[""רצף שצולם עם חתכים נסתרים מאחורי גב או רהיטים"", ""המונטאז' המתחלף הקלאסי"", ""המצלמה הסובייקטיבית הרציפה"", ""המסך המפוצל""]",0,,,,,,
course_146_hitchcock_et_le_suspense,course_146_hitchcock_et_le_suspense_q4,mcq,איזה אפקט חזותי המציא היצ'קוק עבור ורטיגו ב-1958?,"עבור ורטיגו, היצ'קוק המציא את דולי זום: המצלמה זזה אחורה בזמן שהזום מתקדם, מעוות את החלל כדי לגרום לאנשים להרגיש סחרחורת.","[""הדולי זום"", ""עומק שדה"", ""סריקת החריץ"", ""המסך המפוצל""]",0,,,,,,
course_146_hitchcock_et_le_suspense,course_146_hitchcock_et_le_suspense_q5,trueFalse,"נכון או לא נכון: בחלון אחורי, הצופה רואה בדיוק את מה שהגיבור רואה בזכות המצלמה הסובייקטיבית.","היצ'קוק משתמש במצלמה הסובייקטיבית: אנחנו רואים בדיוק את מה שהגיבור רואה, לא יותר מזה.","[""נכון"", ""לא נכון""]",0,,,,,,
course_146_hitchcock_et_le_suspense,course_146_hitchcock_et_le_suspense_q6,mcq,מי הגיבור של חלון אחורי (1954)?,הגיבור הוא צלם עם רגל שבורה שמרגל אחרי שכניו מחלונו.,"[""צלם עם רגל שבורה שמרגל אחרי שכניו"", ""בלש פרטי אחראי על חקירה"", ""שוטר בחופשה כפויה"", ""סופר חסר השראה""]",0,,,,,,
course_146_hitchcock_et_le_suspense,course_146_hitchcock_et_le_suspense_q7,trueFalse,"נכון או לא נכון: עבור פסיכו, היצ'קוק אסר להיכנס לחדר לאחר תחילת הפגישה.","היצ'קוק מונע כניסה לאחר תחילת הפגישה עבור Psycho, והופך את סוד העלילה לאירוע.","[""נכון"", ""לא נכון""]",0,,,,,,
course_146_hitchcock_et_le_suspense,course_146_hitchcock_et_le_suspense_q8,mcq,איזה מלחין משתף פעולה באופן קבוע עם היצ'קוק כדי להגביר את המתח באמצעות מוזיקה?,שיתוף הפעולה בין היצ'קוק למלחין ברנרד הרמן מקשר בין מוזיקה ועריכה כדי להאיץ את הדופק של הצופה.,"[""ברנרד הרמן"", ""ריכרד שטראוס"", ""ג'ון שטראוס"", ""אניו מוריקונה""]",0,,,,,,
course_146_hitchcock_et_le_suspense,course_146_hitchcock_et_le_suspense_q9,chronological,שים את החידושים הטכניים האלה של היצ'קוק בסדר כרונולוגי.,"שלושת החידושים הללו (1948, 1954, 1958) מסמנים את התפתחות הסגנון של היצ'קוק, מאשליית המישור הרציף ועד לעיוות האופטי של ורטיגו.",,,"[""לה קורד מדמה צילום רצף בודד"", ""החלון האחורי משתמש במצלמה הסובייקטיבית"", ""ורטיגו ממציאה את דולי זום""]",,,,,
course_147_l_architecture_gothique_les_cathedrales,course_147_l_architecture_gothique_les_cathedrales_q1,mcq,היכן ובסביבות איזה תאריך נולד הסגנון הגותי?,"גותי נולדה באיל-דה-פרנס בסביבות שנת 1140, עם מקהלת הבזיליקה של סן-דני.","[""באיל-דה-פרנס, בסביבות 1140"", ""בטוסקנה, בסביבות שנת 1400"", ""בבוואריה, בסביבות 1250"", ""בנורמנדי, בסביבות 1000""]",0,,,,,,
course_147_l_architecture_gothique_les_cathedrales,course_147_l_architecture_gothique_les_cathedrales_q2,mcq,"מי השיק את בניית המקהלה של בזיליקת סן-דני, במקור הסגנון הגותי?","אב המנזר סוגר נשא את ההלם המכונן של הגותי בכך שהוא רוצה מרחב מאוחד יותר, צלול וגבוה יותר בסן-דני.","[""אבא סוגר"", ""המלך לואי התשיעי"", ""האדריכל Villard de Honnecourt"", ""האפיפיור אינוקנטיוס השלישי""]",0,,,,,,
course_147_l_architecture_gothique_les_cathedrales,course_147_l_architecture_gothique_les_cathedrales_q3,mcq,אילו שלושה חידושים אפשרו להאיר את קירות הקתדרלות הגותיות?,"הקשת המחודדת, הקמרון המצולעים והתמיכה המעופפת פועלים יחד כדי לשחרר את הקירות ולאפשר חלונות גדולים.","[""הקשת המחודדת, הקמרון המצולעות והמשענת המעופפת"", ""הכיפה, הגבול והעמודים"", ""הכיפה, הפילסטר והמשקוף"", ""קמרון החבית, התומך המסיבי ומגדל הפעמונים-מרפסת""]",0,,,,,,
course_147_l_architecture_gothique_les_cathedrales,course_147_l_architecture_gothique_les_cathedrales_q4,mcq,"לפי התיאולוגיה המוגנת על ידי האב סוגר, איזה תפקיד ממלא האור בקתדרלה?","עבור סוגר, הקרניים הצבעוניות של חלונות הוויטראז' עוזרות לנשמה להתרומם לעבר אלוהים, מה שהופך את הקתדרלה לכלוב של אור.","[""זה עוזר לנשמה להתרומם לעבר אלוהים"", ""הוא משמש רק להארת שירותי דת."", ""זה מסמן את הכוח הפיננסי של הכמורה"", ""זה מגן על האבן מפני לחות""]",0,,,,,,
course_147_l_architecture_gothique_les_cathedrales,course_147_l_architecture_gothique_les_cathedrales_q5,trueFalse,נכון או לא נכון: בנייתה של קתדרלה גותית נמשכת לרוב יותר ממאתיים שנה.,"מלחמות, מגיפות ומחסור בכסף גרמו לאתרי בנייה להתקדם בהתקפים, לעתים קרובות יותר ממאתיים שנה.","[""נכון"", ""לא נכון""]",0,,,,,,
course_147_l_architecture_gothique_les_cathedrales,course_147_l_architecture_gothique_les_cathedrales_q6,numericSlider,באיזו שנה החלה בניית נוטרדאם דה פריז?,"נוטרדאם דה פריז החלה בשנת 1163 ומצאה את צורתה בסביבות 1345, לאחר כ-180 שנות בנייה.",,,,1163.0,1100.0,1250.0,5.0,
course_147_l_architecture_gothique_les_cathedrales,course_147_l_architecture_gothique_les_cathedrales_q7,trueFalse,"נכון או שקר: רק נזירים משתתפים בבניית קתדרלות, ללא עזרה מתושבי העיר.","כל העיירה עובדת במקום: סתתים, נגרים וזגגים, מה שהופך אותו גם למכונה חסכונית.","[""נכון"", ""לא נכון""]",1,,,,,,
course_147_l_architecture_gothique_les_cathedrales,course_147_l_architecture_gothique_les_cathedrales_q8,mcq,איזו קתדרלה גותית לא גמורה הושלמה לבסוף במאה ה-19 הודות לתחייה הגותית?,"במאה ה-19, אירופה גילתה מחדש את הגותית והשלימה פרויקטים לא גמורים כמו זה של קלן, שהושלמו ב-1880.","[""קתדרלת קלן"", ""נוטרדאם של פריז"", ""קתדרלת שארטר"", ""סנט שאפל""]",0,,,,,,
course_147_l_architecture_gothique_les_cathedrales,course_147_l_architecture_gothique_les_cathedrales_q9,chronological,שים את השלבים האלה של האדריכלות הגותית בסדר כרונולוגי.,"אבני דרך אלו (1140, 1163, המאה ה-13, המאה ה-19) מציגות את הולדתו של הסגנון, התפשטותו, האפוג' הקלאסי שלו ואז גילויו מחדש המודרני.",,,"[""סוגר משיק את המקהלה של סן-דני"", ""תחילת הבנייה בנוטרדאם דה פריז"", ""שרטרס ואמיינס כופים את הדגם הקלאסי"", ""אירופה מגלה מחדש סגנון עם ניאו גותי""]",,,,,
course_148_le_bauhaus,course_148_le_bauhaus_q1,mcq,מי הקים את הבאוהאוס בוויימאר ב-1919?,"האדריכל וולטר גרופיוס ייסד את הבאוהאוס בוויימאר ב-1919, עם אדריכלות כמטרתו הסופית.","[""וולטר גרופיוס"", ""מיס ואן דר רוהה"", ""ואסילי קנדינסקי"", ""מרסל ברויאר""]",0,,,,,,
course_148_le_bauhaus,course_148_le_bauhaus_q2,mcq,איזה עקרון במניפסט של גרופיוס מבטל את ההיררכיה בין אמנויות יפות לאמנות שימושית?,"כל סדנת באוהאוס מנוהלת על ידי אמן ואומן, כשהאומנות הופכת לבסיס של כל יצירה.","[""בכל סדנה יש אמן אמן ואמן אמן, באותה מידה"", ""רק אדריכלים יכולים ללמד בבאוהאוס"", ""אמנות חייבת להישאר נפרדת ממלאכה"", ""התלמידים בוחרים באמנות אחת לשלוט בהם""]",0,,,,,,
course_148_le_bauhaus,course_148_le_bauhaus_q3,mcq,איזה דיאלוגים של תנועה הולנדית עם הבאוהאוס סביב המלבן והצבעים הטהורים?,"הדיאלוגים בבית הספר עם De Stijl, תנועה הולנדית אובססיבית למלבן ולצבעים הטהורים.","[""דה סטייל"", ""קוביזם"", ""עתידנות"", ""אר נובו""]",0,,,,,,
course_148_le_bauhaus,course_148_le_bauhaus_q4,mcq,איזו סיסמה מסכמת את הפילוסופיה של הבאוהאוס לאחר התקנתו בדסאו?,"בדסאו, הבאוהאוס פנה לייצור המוני תחת הסיסמה טופס עוקב אחר הפונקציה.","[""טופס עוקב אחר פונקציה"", ""אמנות למען האמנות"", ""פחות צורה, יותר קישוט"", ""יופי לפני שימוש""]",0,,,,,,
course_148_le_bauhaus,course_148_le_bauhaus_q5,mcq,איזה חומר תעשייתי מרסל ברויאר ממחזר כדי להמציא כיסאות קלים?,מרסל ברויאר ממחזר פלדה צינורית מאופניים ליצירת כיסאות קלילים ומודרניים.,"[""פלדה צינורית לאופניים"", ""העץ המעוגל של כורסאות ישנות"", ""פלסטיק יצוק"", ""אלומיניום למטוס""]",0,,,,,,
course_148_le_bauhaus,course_148_le_bauhaus_q6,trueFalse,"נכון או שקר: המשטר הנאצי סגר את הבאוהאוס ב-1933, והאשים אותו בבולשביזם תרבותי.","בית הספר, שנחשב מודרני מדי ושמאלני מדי, נסגר על ידי הנאצים ב-1933, שהואשם בבולשביזם תרבותי.","[""נכון"", ""לא נכון""]",0,,,,,,
course_148_le_bauhaus,course_148_le_bauhaus_q7,mcq,מי הוביל את הבאוהאוס בברלין רגע לפני שנסגר על ידי הנאצים?,"מיס ואן דר רוהה ניהל את הבאוהאוס במהלך ביקורו בברלין, רגע לפני סגירתו ב-1933.","[""מיס ואן דר רוהה"", ""וולטר גרופיוס"", ""ואסילי קנדינסקי"", ""לה קורבוזיה""]",0,,,,,,
course_148_le_bauhaus,course_148_le_bauhaus_q8,trueFalse,"נכון או שקר: סגירת הבאוהאוס שמה קץ להשפעתו, שנעלמת עם בית הספר.","להיפך, הגלות של אדוני הבאוהאוס בארצות הברית, בבריטניה ובארץ ישראל הפיצה את רעיונותיה ברחבי העולם.","[""נכון"", ""לא נכון""]",1,,,,,,
course_148_le_bauhaus,course_148_le_bauhaus_q9,chronological,שים את השלבים האלה בהיסטוריה של הבאוהאוס בסדר כרונולוגי.,"שלוש אבני הדרך הללו (1919, 1925, 1933) משחזרות את הקמתו בוויימאר, את השינוי התעשייתי בדסאו, ולאחר מכן את הסגר שהפיץ את הבאוהאוס ברחבי העולם.",,,"[""קרן הבאוהאוס בוויימאר"", ""הבאוהאוס מתיישב בדסאו ומכוון לייצור המוני"", ""בית ספר שנסגר על ידי הנאצים""]",,,,,
course_149_la_joconde,course_149_la_joconde_q1,mcq,מי צייר את המונה ליזה בין 1503 ל-1519?,לאונרדו דה וינצ'י התחיל את הדיוקן בסביבות 1503 בפירנצה ושיפץ אותו עד מותו ב-1519.,"[""לאונרדו דה וינצ'י"", ""מיכלאנג'לו"", ""רפאל"", ""טיציאן""]",0,,,,,,
course_149_la_joconde,course_149_la_joconde_q2,mcq,"מי הזמין את הדיוקן, ומי תהיה הדוגמנית?","נותן החסות הוא הסוחר פרנצ'סקו דל ג'וקונדו, והדוגמנית אמורה להיות אשתו, ליסה גררדיני.","[""הסוחר פרנצ'סקו דל ג'וקונדו, שאשתו ליסה גררדיני תהיה הדוגמנית"", ""המלך פרנסיס הראשון, שאחותו תהיה הדוגמנית"", ""האפיפיור יוליוס השני, שאחיינית שלו תהיה המודל שלו"", ""הדוכס ממילאנו, שבתו תהיה הדוגמנית""]",0,,,,,,
course_149_la_joconde,course_149_la_joconde_q3,mcq,"איזו טכניקת ציור של לאונרדו, העשויה משכבות דקיקות מונחת על גבי, מוחקת את קווי המתאר של הפנים?","ספומטו לאונרד, זיגוג שכבות דק מאוד, מוחק קווים קשים וגורם לפנים להימס באוויר.","[""הספומאטו"", ""הפרסקו"", ""צבעי מים"", ""הטמפרה""]",0,,,,,,
course_149_la_joconde,course_149_la_joconde_q4,mcq,למה נראה שהחיוך של המונה ליזה משתנה בהתאם לאן אתה מסתכל?,"כאשר אנו בוהים בעיניים, קצוות הרשתית קולטים את הפה בצללים רכים, מה שגורם לחיוך להופיע או להיעלם.","[""הוא משחק עם הראייה ההיקפית של העין האנושית"", ""הציור נצבע מחדש מספר פעמים על ידי לאונרדו"", ""זהו אפקט של הלכה המוחלת על הציור"", ""החיוך משתנה בהתאם לבהירות החדר""]",0,,,,,,
course_149_la_joconde,course_149_la_joconde_q5,trueFalse,נכון או לא נכון: ליאונרדו דה וינצ'י מסר את המונה ליזה לספונסר שלו זמן קצר לאחר השלמתה.,"לאונרדו אף פעם לא מספק את הציור: הוא שומר אותו, משחזר אותו במשך שנים ולוקח אותו איתו לצרפת.","[""נכון"", ""לא נכון""]",1,,,,,,
course_149_la_joconde,course_149_la_joconde_q6,mcq,מי גנב את המונה ליזה ב-21 באוגוסט 1911?,"וינצ'נזו פרוג'יה, זגג איטלקי שעובד בלובר, גנב את הציור בכך שהחביא אותו מתחת לחולצה שלו.","[""וינצ'נזו פרוג'יה, זגג במוזיאון"", ""גיום אפולינר, משורר"", ""פבלו פיקאסו, צייר"", ""מבקר אנונימי מעולם לא זיהה""]",0,,,,,,
course_149_la_joconde,course_149_la_joconde_q7,trueFalse,"נכון או שקר: לפני הגניבה של 1911, המונה ליזה כבר נחשבה ליצירה מספר אחת בלובר.","במאה ה-19, המונה ליזה זכתה להערצה אך עדיין לא היצירה המפורסמת ביותר בלובר; הטיסה היא שהופכת אותו למפורסם בעולם.","[""נכון"", ""לא נכון""]",1,,,,,,
course_149_la_joconde,course_149_la_joconde_q8,numericSlider,"באיזו שנה הופיעה שוב המונה ליזה, שנגנבה ב-1911?",הציור מופיע שוב בשנת 1913 וחוזר ללובר הפך לסלבריטאי עולמי.,,,,1913.0,1911.0,1920.0,1.0,
course_149_la_joconde,course_149_la_joconde_q9,chronological,שים את השלבים האלה של סיפור המונה ליזה בסדר כרונולוגי.,"אבני דרך אלו (1503, 1519, 1911, 1913) משחזרות את יצירת הדיוקן, מותו של לאונרדו, ואז הגניבה שהפכה את היצירה למיתוס עולמי.",,,"[""לאונרדו מתחיל את הדיוקן בפירנצה"", ""מותו של לאונרדו דה וינצ'י בצרפת"", ""גניבת המונה ליזה על ידי פרוג'ה"", ""החזרת הציור ללובר""]",,,,,
course_14_la_commune_de_paris_1871,course_14_la_commune_de_paris_1871_q1,numericSlider,"כמה ימים ארכה הקומונה של פריז, מ-18 במרץ עד 28 במאי 1871?","הקומונה שלטה בפריז במשך 72 ימים, מ-18 במרץ עד 28 במאי 1871.",,,,72.0,30.0,120.0,5.0,ימים
course_14_la_commune_de_paris_1871,course_14_la_commune_de_paris_1871_q2,mcq,איזה אירוע הוביל ישירות את המרד ב-18 במרץ 1871?,"ב-18 במרץ רצה תייר לתפוס את התותחים המאוחסנים במונמארטר, אך הקהל התאחד עם החיילים ותייר נאלץ לפנות את פריז.","[""ניסיונו של תייר לתפוס את התותחים של המשמר הלאומי במונמארטר"", ""הוצאתו להורג של נפוליאון השלישי"", ""אש הלובר"", ""הגעתם של כוחות פרוסים לפריז""]",0,,,,,,
course_14_la_commune_de_paris_1871,course_14_la_commune_de_paris_1871_q3,trueFalse,נכון או שקר: הקומונה של פריז נולדה מיד לאחר התבוסה הצרפתית במלחמת צרפת-פרוסיה.,לכידתו של נפוליאון השלישי בסדאן והמצור המורעב על פריז יצרו את ההקשר של השבר שהוביל לקומונה.,"[""נכון"", ""לא נכון""]",0,,,,,,
course_14_la_commune_de_paris_1871,course_14_la_commune_de_paris_1871_q4,mcq,מי מוביל את אספת הרוב המלוכנית שנסוגה לוורסאי?,"אדולף תייר עומד בראש האסיפה השמרנית הזו, בסכסוך גלוי עם המורדת פריז.","[""אדולף תירס"", ""לואיז מישל"", ""קרל מרקס"", ""נפוליאון השלישי""]",0,,,,,,
course_14_la_commune_de_paris_1871,course_14_la_commune_de_paris_1871_q5,mcq,אילו אמצעים חברתיים נקטה הקומונה במהלך קיומה?,"מועצת העירייה מחוקקת חקיקה בדחיפות, באמצעים סוציאליים כמו הפטרת שכר דירה.","[""הפטרת דמי שכירות וביטול עבודת לילה לאופים"", ""יצירת מס הכנסה"", ""איסור עיתונים"", ""שיקום המלוכה""]",0,,,,,,
course_14_la_commune_de_paris_1871,course_14_la_commune_de_paris_1871_q6,mcq,איזה סמל של האימפריה הורסת הקומונה?,"עמוד ונדום, סמל האימפריה הראשונה, נהרס על ידי הקומונה.","[""טור ונדום"", ""שער הניצחון"", ""הפנתיאון"", ""מגדל אייפל""]",0,,,,,,
course_14_la_commune_de_paris_1871,course_14_la_commune_de_paris_1871_q7,trueFalse,"נכון או שקר: במהלך הקומונה, דגל הטריקולור נשאר הסמל הרשמי של פריז.","הדגל האדום הפך לסמל הרשמי של פריז במהלך הקומונה, והחליף את הטריקולור שנחשב קשור מדי למעצמות שנכנעו.","[""נכון"", ""לא נכון""]",1,,,,,,
course_14_la_commune_de_paris_1871,course_14_la_commune_de_paris_1871_q8,mcq,מה שמו של הדיכוי הסופי ששם קץ לקומונה?,"בין ה-21 ל-28 במאי 1871, חיסקו חיילי ורסאי את המרד במהלך שבוע הדמים.","[""שבוע דמים"", ""ליל הסכינים הארוכות"", ""הטבח ביום ברתולומיאו הקדוש"", ""הטרור""]",0,,,,,,
course_14_la_commune_de_paris_1871,course_14_la_commune_de_paris_1871_q9,chronological,שים את האירועים האלה של הקומונה של פריז בסדר כרונולוגי.,"ארבעת השלבים הללו עוברים ממרץ עד מאי 1871: המרד, הכרזת הקומונה, ולאחר מכן ריסונה במהלך שבוע הדמים.",,,"[""הניסיון לתפוס את התותחים במונמארטר"", ""הכרזת הקומונה"", ""תחילתו של שבוע הדמים"", ""הקרבות האחרונים ב-Père-Lachaise""]",,,,,
course_14_la_commune_de_paris_1871,course_14_la_commune_de_paris_1871_q10,numericSlider,כמה אנשים בערך מתים בשבוע הדמים?,"מספר ההרוגים בשבוע הדמים הוא בין 10,000 ל-30,000 הרוגים, על פי הערכות.",,,,20000.0,5000.0,50000.0,10000.0,מת
course_150_la_nuit_etoilee_van_gogh,course_150_la_nuit_etoilee_van_gogh_q1,mcq,היכן צייר ואן גוך את ליל כוכבים ב-1889?,"ואן גוך צייר את ליל הכוכבים מחדרו בבית החולים סן פול דה מאוזול, ליד סן רמי דה פרובאנס.","[""בבית המקלט Saint-Paul-de-Mausole, ליד Saint-Rémy-de-Provence"", ""בסדנה הפריזאית שלו"", ""בארל, עם אחיו תיאו"", ""בהולנד, אזור הולדתו""]",0,,,,,,
course_150_la_nuit_etoilee_van_gogh,course_150_la_nuit_etoilee_van_gogh_q2,mcq,איזה אירוע קדם זמן קצר למאסרו של ואן גוך בסן רמי?,"לאחר הדרמה בארל עם גוגן, שעלתה לו בחלק מאוזנו, ואן גוך נכלא בסן-פול-דה-מאוזול.","[""הדרמה של ארלס עם גוגן, שעלתה לו בחלק מאוזן"", ""מותו של אחיו תיאו"", ""תאונת דרכים"", ""משפט חובות""]",0,,,,,,
course_150_la_nuit_etoilee_van_gogh,course_150_la_nuit_etoilee_van_gogh_q3,trueFalse,נכון או לא נכון: הכפר המתואר בלילה כוכבים הוא העתק מדויק של הנוף הנראה מחלונו של ואן גוך.,"ואן גוך מערבב התבוננות והמצאה: הוא משחזר את הנוף והכפר כדי לשרת את הרגש, במקום להעתיק בדיוק את המציאות.","[""נכון"", ""לא נכון""]",1,,,,,,
course_150_la_nuit_etoilee_van_gogh,course_150_la_nuit_etoilee_van_gogh_q4,mcq,איזו טכניקת ציור מעניקה מראה כמעט מפוסל לשמים בליל כוכבים?,"ואן גוך משתמש באימפסטו, צבע עבה, כמעט מפוסל, כדי לתת הקלה לשמים המתערבלים.","[""אימפסטו"", ""הספומאטו"", ""צבעי מים"", ""הפרסקו""]",0,,,,,,
course_150_la_nuit_etoilee_van_gogh,course_150_la_nuit_etoilee_van_gogh_q5,mcq,איזו עבודה יפנית העניקה השראה למגילות השמיים הגדולות בליל כוכבים?,"מערבולות השמיים מזכירות את הדינמיקה של הגל הגדול מול קנאגאווה, הדפס יפני שאן גוך העריץ.","[""הגל הגדול מול קנאגאווה"", ""הר פוג'י נראה מקיוטו"", ""מאה המראות של אדו"", ""היופי של יושיווארה""]",0,,,,,,
course_150_la_nuit_etoilee_van_gogh,course_150_la_nuit_etoilee_van_gogh_q6,trueFalse,נכון או לא נכון: ואן גוך כבר היה מפורסם ומוכר במהלך חייו.,ואן גוך מת כמעט בלתי ידוע ב-1890; הייתה זו גיסתו יוהנה ואן גוך-בונגר שפרסמה את עבודתו לאחר מותו.,"[""נכון"", ""לא נכון""]",1,,,,,,
course_150_la_nuit_etoilee_van_gogh,course_150_la_nuit_etoilee_van_gogh_q7,mcq,"מי מציל את עבודתו של ואן גוך לאחר מותו, על ידי ארגון תערוכות ופרסומים?","יוהנה ואן גוך-בונגר, גיסתו של ואן גוך, הצילה את עבודתו באמצעות תערוכות, מכירות ופרסום מכתביו.","[""גיסתו, יוהנה ואן גוך-בונגר"", ""אחיו תיאו"", ""פול גוגן"", ""מוזיאון הלובר""]",0,,,,,,
course_150_la_nuit_etoilee_van_gogh,course_150_la_nuit_etoilee_van_gogh_q8,numericSlider,"באיזה גיל מת ואן גוך, בשנת 1890?","ואן גוך מת ביולי 1890 באובר-סור-אואז, בגיל 37, כמעט לא ידוע.",,,,37.0,20.0,60.0,2.0,שנים
course_150_la_nuit_etoilee_van_gogh,course_150_la_nuit_etoilee_van_gogh_q9,chronological,שים את שלבי חייו של ואן גוך בסדר כרונולוגי.,"אבני דרך אלו (1888, 1889, 1890) עוקבות אחר המשבר עם גוגן, יצירת ליל כוכבים מבית המקלט, ואז מותו של האמן.",,,"[""הדרמה של ארל עם גוגן"", ""ואן גוך מצייר את ליל הכוכבים בסן רמי"", ""מותו של ואן גוך באובר-סור-אואז""]",,,,,
course_151_guernica_picasso,course_151_guernica_picasso_q1,mcq,איזה אירוע ב-1937 דחף את פיקאסו לצייר את גרניקה?,"ב-26 באפריל 1937 הופצצה העיירה הבאסקית גרניקה במהלך מלחמת האזרחים בספרד, מה שגרם לפיקאסו להגיב בבד ענק.","[""הפצצת העיר הבאסקית גרניקה"", ""נפילת מדריד"", ""תחילתה של מלחמת העולם השנייה"", ""הוצאתו להורג של פרנקו""]",0,,,,,,
course_151_guernica_picasso,course_151_guernica_picasso_q2,mcq,מדוע פיקאסו ויתר על הצבע עבור הציור הזה?,"פיקאסו נוטש את הצבע כדי לדבוק בדחיפות העדות, כאילו הוא מצייר עמוד ראשון של עיתון בשחור-לבן.","[""להיצמד לדחיפות העדות, כמו שער בעיתון"", ""כי נגמר לו הצבע הצבעוני"", ""לציית להוראה מממשלת ספרד"", ""על ידי חיקוי של קוביזם אנליטי""]",0,,,,,,
course_151_guernica_picasso,course_151_guernica_picasso_q3,trueFalse,נכון או לא נכון: גרניקה מתאר קרב הירואי עם חיילים מנצחים.,"גרניקה מציגה דקדוק של טרור אזרחי, סוס מפורק ואמא לילד, ולא קרב הרואי.","[""נכון"", ""לא נכון""]",1,,,,,,
course_151_guernica_picasso,course_151_guernica_picasso_q4,mcq,איזה צד תמך בהפצצת גרניקה במהלך מלחמת האזרחים בספרד?,"הפצצת הרוויה של גרניקה מתבצעת על ידי הלאומנים של פרנקו, הנתמכים על ידי לגיון הקונדור הגרמני.","[""הלאומנים של פרנקו, בסיוע לגיון הקונדור הגרמני"", ""הרפובליקה הספרדית השנייה לבדה"", ""הבריגדות הבינלאומיות"", ""ממשלת צרפת""]",0,,,,,,
course_151_guernica_picasso,course_151_guernica_picasso_q5,trueFalse,נכון או שקר: פיקאסו סירב לאפשר את שליחת גרניקה לספרד כל עוד פרנקו נשאר בשלטון.,פיקאסו למעשה סירב לאפשר לציור להגיע לספרד כל עוד פרנקו נשאר בשלטון.,"[""נכון"", ""לא נכון""]",0,,,,,,
course_151_guernica_picasso,course_151_guernica_picasso_q6,numericSlider,באיזו שנה חזרה גרניקה לספרד לאחר מותו של פרנקו?,"הציור חזר למדריד ב-1981, לאחר תום הדיקטטורה של פרנקו.",,,,1981.0,1960.0,2000.0,3.0,
course_151_guernica_picasso,course_151_guernica_picasso_q7,mcq,היכן נותר הציור מוגן במהלך רוב הדיקטטורה של פרנקו?,"לאחר התערוכה האוניברסלית בפריז, הציור נשאר ב-MoMA בניו יורק במשך זמן רב, מוגן בתקופת הדיקטטורה של פרנקו.","[""ב-MoMA בניו יורק"", ""בלובר בפריז"", ""בפראדו במדריד"", ""בגלריה הלאומית בלונדון""]",0,,,,,,
course_151_guernica_picasso,course_151_guernica_picasso_q8,chronological,שים את השלבים האלה בסיפור של גרניקה בסדר כרונולוגי.,"הציור צויר לאחר ההפצצה באפריל 1937, הוצג בתערוכה האוניברסלית בפריז באותה שנה, ולאחר מכן הוגלה ל-MoMA לפני שחזר למדריד ב-1981.",,,"[""הפצצת העיר הבאסקית גרניקה"", ""התערוכה האוניברסלית של פריז מציגה את הציור"", ""העבודה נשמרת ב- MoMA בניו יורק"", ""הציור חוזר למדריד לאחר מותו של פרנקו""]",,,,,
course_152_la_liberte_guidant_le_peuple_delacroix,course_152_la_liberte_guidant_le_peuple_delacroix_q1,mcq,איזה אירוע ב-1830 דחף את דלקרואה לצייר את הציור הזה?,"בשנת 1830, שלושת הגלואים גירשו את המלך צ'ארלס העשירי ודלקרואה צייר מיד את החירות מובילה את העם.","[""שלוש הבנות המפוארות שרדפו אחרי צ'ארלס"", ""סערת הבסטיליה"", ""הכתרת נפוליאון"", ""הקומונה של פריז""]",0,,,,,,
course_152_la_liberte_guidant_le_peuple_delacroix,course_152_la_liberte_guidant_le_peuple_delacroix_q2,mcq,"איזו תנועה אמנותית מגלם הציור הזה, מערבב אלגוריה ודיווח?","אלגוריה ודיווח מתערבבים בציור הזה, זו הרומנטיקה בפעולה.","[""רומנטיקה"", ""קלאסיציזם"", ""אימפרסיוניזם"", ""הסמליות""]",0,,,,,,
course_152_la_liberte_guidant_le_peuple_delacroix,course_152_la_liberte_guidant_le_peuple_delacroix_q3,mcq,מה מסמלת האישה עם הכיפה הפריגית במרכז הציור?,"האישה בכיפה הפריגית מגלמת את מריאן, סמל הרפובליקה הצרפתית.","[""המריאן, אלגוריה של הרפובליקה"", ""מרים הבתולה"", ""האלה אתנה"", ""המלכה מארי אנטואנט""]",0,,,,,,
course_152_la_liberte_guidant_le_peuple_delacroix,course_152_la_liberte_guidant_le_peuple_delacroix_q4,trueFalse,"נכון או לא נכון: בציור, החירות מיוצגת כאלילה רחוקה, מופרדת מהעם.","חירות, חשופה בחזה, אינה אלה רחוקה: היא הולכת בבוץ עם האנשים.","[""נכון"", ""לא נכון""]",1,,,,,,
course_152_la_liberte_guidant_le_peuple_delacroix,course_152_la_liberte_guidant_le_peuple_delacroix_q5,mcq,מה מציב דלקרואה בחזית כדי להראות את מחיר ההתקוממות?,דלקרואה מציב גופות בחזית: לניצחון יש מחיר.,"[""גופות מתות"", ""פרחים"", ""חיילים במצעד"", ""מבנים עולים באש""]",0,,,,,,
course_152_la_liberte_guidant_le_peuple_delacroix,course_152_la_liberte_guidant_le_peuple_delacroix_q6,trueFalse,"נכון או שקר: על פי הדיווחים דלקרואה הכריז כי לקח על עצמו ""נושא מודרני, בריקדה"".","דלקרואה היה מצהיר שהוא לקח על עצמו נושא מודרני, בריקדה.","[""נכון"", ""לא נכון""]",0,,,,,,
course_152_la_liberte_guidant_le_peuple_delacroix,course_152_la_liberte_guidant_le_peuple_delacroix_q7,mcq,מדוע הוסר הציור ממסילות התמונה לאחר הסלון?,"הציור, שהוצג בסלון, הטריד במהירות את לואי-פיליפ ד'אורליאן, המלך החדש, שסילק אותו.","[""הוא מטריד את המלך החדש לואי-פיליפ מאורליאן"", ""זה נחשב לצבוע גרוע מדי"", ""דלקרואה עצמו הסיר אותו מתוך אמונה טפלה"", ""הוא נמכר לאספן זר""]",0,,,,,,
course_152_la_liberte_guidant_le_peuple_delacroix,course_152_la_liberte_guidant_le_peuple_delacroix_q8,mcq,איזה משטר פוליטי המהפכה של 1830 בדיוק הפילה?,"רסטורציית הבורבון, שאכזבה, הופלה בשלושה ימי מרד בפריז.","[""שיקום בורבון"", ""האימפריה הראשונה"", ""הרפובליקה השלישית"", ""המדריך""]",0,,,,,,
course_152_la_liberte_guidant_le_peuple_delacroix,course_152_la_liberte_guidant_le_peuple_delacroix_q9,mcq,אילו טיפוסים חברתיים מתערבבים סביב חופש בהרכב?,"סביב מריאן מתערבבים פועלת, בורגנית וילד קרוב לגברוצ'ה העתידי, ומאחדים את המעמדות במרד.","[""פועל, בורגני וילד קרוב לגברוצ'ה"", ""רק חיילים מקצועיים"", ""אריסטוקרטים בבגדי בית המשפט"", ""חקלאים מבודדים בכפר""]",0,,,,,,
course_153_la_creation_d_adam_michel_ange,course_153_la_creation_d_adam_michel_ange_q1,mcq,מי הזמין את מיכלאנג'לו לצייר את פרסקו התקרה של הקפלה הסיסטינית?,האפיפיור יוליוס השני רצה תקרה גרנדיוזית והטיל את הצו על מיכלאנג'לו.,"[""האפיפיור יוליוס השני"", ""האפיפיור ליאו העשירי"", ""המלך פרנסיס הראשון"", ""הדוג'ה של ונציה""]",0,,,,,,
course_153_la_creation_d_adam_michel_ange,course_153_la_creation_d_adam_michel_ange_q2,trueFalse,"נכון או שקר: מיכלאנג'לו, מעל הכל פסל, קיבל מיד וללא היסוס את העמלה על התקרה.","מיכלאנג'לו, בעיקר פסל, מחה בתחילה לפני שקיבל את הצו.","[""נכון"", ""לא נכון""]",1,,,,,,
course_153_la_creation_d_adam_michel_ange,course_153_la_creation_d_adam_michel_ange_q3,numericSlider,באיזו שנה השלים מיכלאנג'לו את תקרת הקפלה הסיסטינית?,"מיכלאנג'לו צייר את תקרת הקפלה הסיסטינית בין 1508 ל-1512, והשלים את העבודה ב-1512.",,,,1512.0,1480.0,1550.0,3.0,
course_153_la_creation_d_adam_michel_ange,course_153_la_creation_d_adam_michel_ange_q4,mcq,"איזו טכניקה ציורית דורשת ציור על ציפוי טרי עדיין, כמו לתקרה זו?","הפרסקו דורש ציור על גבי טיח טרי, מה שמטיל על מיכלאנג'לו קצב עבודה מפרך.","[""הפרסקו"", ""ציור שמן"", ""הפסיפס"", ""צבעי מים""]",0,,,,,,
course_153_la_creation_d_adam_michel_ange,course_153_la_creation_d_adam_michel_ange_q5,mcq,"מה אומרת התקרה הסיסטינית כולה, שבריאת אדם היא רק פאנל אחד שלה?","התקרה כולה מספרת את סיפור בראשית, ובריאת אדם הוא רק הפאנל המצולם ביותר.","[""ראשית"", ""חיי המשיח"", ""המיתולוגיה הרומית"", ""ההיסטוריה של רומא העתיקה""]",0,,,,,,
course_153_la_creation_d_adam_michel_ange,course_153_la_creation_d_adam_michel_ange_q6,mcq,מה יוצר את המתח החזותי המרכזי בין אלוהים לאדם?,"המרווח בין שתי האצבעות המורה יוצר מתח: אדם כמעט נוגע באלוהים, אבל הפער נשאר.","[""החלל שמפריד בין שתי האצבעות המורה בלי שהן נוגעות"", ""קרן אור אלוהי"", ""מלאך שמפריד ביניהם פיזית"", ""צעיף שמסתיר את ידיהם""]",0,,,,,,
course_153_la_creation_d_adam_michel_ange,course_153_la_creation_d_adam_michel_ange_q7,mcq,כיצד השפיעו לימודי האנטומיה של מיכלאנג'לו על ציור הגופים שלו?,"לימודי האנטומיה שלו, קרובים לנתיחה, נותנים לשרירים המצוירים אמת נדירה.","[""הם נותנים לשרירים אמת נדירה, קרובה לנתיחה"", ""הם דוחפים אותו לצייר גופות עטופות תמיד"", ""הם מרחיקים אותו מהייצוג של גוף האדם"", ""אין להם השפעה על הסגנון הציורי שלו""]",0,,,,,,
course_153_la_creation_d_adam_michel_ange,course_153_la_creation_d_adam_michel_ange_q8,trueFalse,נכון או לא נכון: התיאוריה שמעטפת האל מעוצבת כמו מוח הוכחה כעת מדעית.,"תיאוריית המעיל בצורת מוח זו נותרה השערה מודרנית מושכת, אך לא מוכחת.","[""נכון"", ""לא נכון""]",1,,,,,,
course_153_la_creation_d_adam_michel_ange,course_153_la_creation_d_adam_michel_ange_q9,mcq,מדוע עבודתו של מיכלאנג'לו על התקרה הזו הייתה תובענית פיזית?,"מיכלאנג'לו עבד בשכיבה מתחת לכספת במשך חודשים, ומכתביו מעידים על הסבל הפיזי הזה.","[""הוא חייב לצייר בשכיבה, עם גבו כפוף, במשך חודשים"", ""הוא חייב לעבוד בלילה לאור נרות"", ""הוא מצייר בעמידה על סולם ללא מנוחה"", ""הוא חייב להעביר את הפיגמנטים לבד מפירנצה""]",0,,,,,,
course_154_impression_soleil_levant_monet,course_154_impression_soleil_levant_monet_q1,mcq,"היכן צייר מונה את הסצנה המתוארת ב""התרשמות, סוליי לבנט""?",מונה צייר את נמל לה האבר בשעות הבוקר המוקדמות בסביבות 1872.,"[""הנמל של לה האבר"", ""נמל מרסיי"", ""הסיין בפריז"", ""מפרץ נאפולי""]",0,,,,,,
course_154_impression_soleil_levant_monet,course_154_impression_soleil_levant_monet_q2,mcq,"מי, בלעג מהציור ב-1874, נתן את שמו בעל כורחו לאימפרסיוניזם?",המבקר לואי לירוי עשה צחוק מהציור ב-1874 ולמרות שהוא הטביל אותו לאימפרסיוניזם.,"[""המבקר לואי לירוי"", ""הצייר אדואר מאנה"", ""הסוחר פול דוראנד-רואל"", ""צלם נדאר""]",0,,,,,,
course_154_impression_soleil_levant_monet,course_154_impression_soleil_levant_monet_q3,trueFalse,נכון או לא נכון: הציור הוצג בסלון הציור הרשמי ב-1874.,"הציור הוצג בנדאר ב-1874, מחוץ לסלון הרשמי.","[""נכון"", ""לא נכון""]",1,,,,,,
course_154_impression_soleil_levant_monet,course_154_impression_soleil_levant_monet_q4,mcq,מה מונה מעל הכל מנסה לתפוס בציור הזה?,"העיקר הוא לא המקלט הדוקומנטרי, אלא הרטט הכתום בערפל האפור.","[""רטט זוהר של רגע, יותר מהפרט התיעודי של הנמל"", ""שחזור היסטורי מדויק של הנמל"", ""דיוקן של עובדי מספנה"", ""גלוית תיירים מלה האבר""]",0,,,,,,
course_154_impression_soleil_levant_monet,course_154_impression_soleil_levant_monet_q5,numericSlider,"באיזו שנה הוצג הציור אצל נדר, וגרם לשערורייה שהעניקה לתנועה את שמה?","הציור הוצג בנדאר ב-1874, שם היה לואי לירוי אירוני לגבי הכותרת שלו.",,,,1874.0,1850.0,1900.0,3.0,
course_154_impression_soleil_levant_monet,course_154_impression_soleil_levant_monet_q6,mcq,מי תומך כלכלית במונה כשהציבור הצרפתי עדיין מהסס לגבי הציור שלו?,הסוחר פול דוראנד-רואל תמך במונה כשהציבור הצרפתי עדיין היסס.,"[""הסוחר פול דוראנד-רואל"", ""האפיפיור פיוס התשיעי"", ""המדינה הצרפתית"", ""מלך אנגליה""]",0,,,,,,
course_154_impression_soleil_levant_monet,course_154_impression_soleil_levant_monet_q7,trueFalse,נכון או לא נכון: בשנת 2014 הצליח אסטרופיזיקאי לתארך במדויק את הסצנה בציור באמצעות הגאות והשפל ומיקום השמש.,"בשנת 2014, אסטרופיזיקאי תיארך את הסצנה ל-13 בנובמבר 1872 בסביבות השעה 7:35 בבוקר, הודות לגאות והשמש.","[""נכון"", ""לא נכון""]",0,,,,,,
course_154_impression_soleil_levant_monet,course_154_impression_soleil_levant_monet_q8,mcq,"מה צייר מונה בעיצומו של תיעוש הנמל, הרחק מצי אידאלי?","מונה צייר ארובות, ספינות וערפל של נמל לה האבר בתיעוש מלא.","[""ארובות, ספינות וערפל"", ""דייגים בתלבושת מסורתית"", ""צוקים נטושים"", ""סירות מפרש עתיקות""]",0,,,,,,
course_155_nighthawks_hopper,course_155_nighthawks_hopper_q1,mcq,איזה אירוע היסטורי קדם זמן קצר להשלמת ה-Nighthawks ב-1942?,"הציור הושלם זמן קצר לאחר ההתקפה על פרל הארבור, כאשר האומה נכנסה למלחמה.","[""המתקפה על פרל הארבור"", ""נחיתות נורמנדי"", ""סוף מלחמת העולם הראשונה"", ""המשבר של 1929""]",0,,,,,,
course_155_nighthawks_hopper,course_155_nighthawks_hopper_q2,mcq,"מה מראה הופר על אמריקה במלחמה, במקום סצנות קרב?","הופר מראה את הרקע הרגשי: נדודי שינה, קפה חם, שתיקה.","[""העורף הרגשי, עשוי מנדודי שינה ושקט"", ""חיילים בקרב"", ""מפעלי נשק בפעילות מלאה"", ""מצעדים פטריוטיים""]",0,,,,,,
course_155_nighthawks_hopper,course_155_nighthawks_hopper_q3,trueFalse,נכון או לא נכון: לסועד שצייר הופר יש דלת נראית בבירור שנפתחת לרחוב.,"לסועד אין דלת גלויה, מה שהופך את החלל מואר, חשוף ומבודד בו זמנית.","[""נכון"", ""לא נכון""]",1,,,,,,
course_155_nighthawks_hopper,course_155_nighthawks_hopper_q4,mcq,"של מי היה הופר תלמיד, לפני שפיתח את הסגנון האישי שלו?","הופר היה תלמידו של רוברט אנרי לפני שצייר מוטלים, תחנות דלק וחלונות בבהירותו הקרה.","[""רוברט אנרי"", ""פבלו פיקאסו"", ""קלוד מונה"", ""סלבדור דאלי""]",0,,,,,,
course_155_nighthawks_hopper,course_155_nighthawks_hopper_q5,mcq,"איך הופר מלחין את הסצנות שלו, לפי הקורס?","הופר בונה סצנות כמו סטים של סרטים, עם זוויות חדות ודמויות מנותקות זו מזו.","[""כמו סטים של סרטים, עם זוויות חדות ודמויות מנותקות זו מזו"", ""כמו ציורי קיר דתיים עמוסים מדי"", ""כמו קולאז'ים מופשטים ללא פיגורציה"", ""כמו קריקטורות פוליטיות""]",0,,,,,,
course_155_nighthawks_hopper,course_155_nighthawks_hopper_q6,trueFalse,נכון או לא נכון: הופר קיבל השראה ממסעדת גריניץ' וילג' אמיתית כדי לצייר את הדיינר הזה.,"הופר אמר שהוא שאב השראה ממסעדת גריניץ' וילג', מפושטת עד לעיקר.","[""נכון"", ""לא נכון""]",0,,,,,,
course_155_nighthawks_hopper,course_155_nighthawks_hopper_q7,mcq,אילו במאים מיחזרו מאוחר יותר את האור והבדידות של Nighthawks?,"רידלי סקוט ווים ונדרס, בין היתר, מיחזרו את אור הניאון והבדידות של הציור.","[""רידלי סקוט ווים ונדרס"", ""אלפרד היצ'קוק וצ'רלי צ'פלין"", ""סטיבן ספילברג וג'ורג' לוקאס"", ""פדריקו פליני ואינגמר ברגמן""]",0,,,,,,
course_155_nighthawks_hopper,course_155_nighthawks_hopper_q8,numericSlider,באיזו שנה השלים הופר את Nighthawks?,"אדוארד הופר השלים את Nighthawks ב-1942, זמן קצר לאחר כניסת ארצות הברית למלחמה.",,,,1942.0,1900.0,1970.0,3.0,
course_156_les_demoiselles_d_avignon_picasso,course_156_les_demoiselles_d_avignon_picasso_q1,mcq,באיזו עיר צייר פיקאסו את Les Demoiselles d'Avignon ב-1907?,"פיקאסו עבד ב-Bateau-Lavoir במונמארטר, שם השלים את הציור ב-1907.","[""פריז (מונמארטר)"", ""ברצלונה"", ""מדריד"", ""לונדון""]",0,,,,,,
course_156_les_demoiselles_d_avignon_picasso,course_156_les_demoiselles_d_avignon_picasso_q2,mcq,מאיפה מגיע התואר Demoiselles d'Avignon?,הכותרת מתייחסת לרחוב בברצלונה המקושר לזנות.,"[""מרחוב בברצלונה שקשור לזנות"", ""מכפר בדרום צרפת"", ""מהשם של הדגם הראשי"", ""מתוך הזמנה מהעיר אביניון""]",0,,,,,,
course_156_les_demoiselles_d_avignon_picasso,course_156_les_demoiselles_d_avignon_picasso_q3,trueFalse,"נכון או לא נכון: הציור מייצג עירום על פי האידיאל היווני הקלאסי, רך והרמוני.","העירום כבר לא האידיאל היווני: הוא חזיתי ומטריד, שובר את המימזיס הקלאסית.","[""נכון"", ""לא נכון""]",1,,,,,,
course_156_les_demoiselles_d_avignon_picasso,course_156_les_demoiselles_d_avignon_picasso_q4,mcq,מה נותן השראה לפנים רעולי הפנים של שתי הדמויות מימין?,"הפנים מימין בהשראת האמנויות המוקדמות של אפריקה ואיבריה, בהיגיון פרימיטיביסטי.","[""אמנויות אפריקאיות ואיבריות מוקדמות"", ""ציור רנסנס ונציאני"", ""אייקונים ביזנטיים"", ""האמנות היפנית של ukiyo-e""]",0,,,,,,
course_156_les_demoiselles_d_avignon_picasso,course_156_les_demoiselles_d_avignon_picasso_q5,trueFalse,"נכון או לא נכון: פיקאסו צייר את הציור הזה במכה אחת, ללא כל לימוד הכנה.","עשרות מחקרים קודמים לקנבס: פיקאסו מהסס, מתקן ומקשיח את הקומפוזיציה שלו.","[""נכון"", ""לא נכון""]",1,,,,,,
course_156_les_demoiselles_d_avignon_picasso,course_156_les_demoiselles_d_avignon_picasso_q6,mcq,על איזו תנועה אמנותית מכריז הציור הזה עם צורות הפנים שלו?,היבטי הציור מכריזים על קוביזם אנליטי.,"[""קוביזם אנליטי"", ""אימפרסיוניזם"", ""סוריאליזם"", ""רומנטיקה""]",0,,,,,,
course_156_les_demoiselles_d_avignon_picasso,course_156_les_demoiselles_d_avignon_picasso_q7,mcq,כיצד הגיבו מקורבים לפיקאסו עם גילוי הציור?,"אפילו הקרובים לפיקאסו מזועזעים, כי המימזיס, החיקוי העדין של המציאות, מת.","[""הם בהלם"", ""הם מיד מוחאים כפיים על העבודה"", ""הם מתעלמים מזה לגמרי"", ""הם מוצאים את זה אקדמי מדי""]",0,,,,,,
course_156_les_demoiselles_d_avignon_picasso,course_156_les_demoiselles_d_avignon_picasso_q8,mcq,"איזה צייר, המום תחילה מהיצירה, הצטרף לאחר מכן לפיקאסו בפירוק הקוביסטי של החלל?","בראק, המום בתחילה, הצטרף עד מהרה לפיקאסו בפירוק הקוביסטי של החלל.","[""ג'ורג' בראק"", ""אנרי מאטיס"", ""מארק שאגאל"", ""פרננד לג'ר""]",0,,,,,,
course_156_les_demoiselles_d_avignon_picasso,course_156_les_demoiselles_d_avignon_picasso_q9,numericSlider,באיזו שנה השלים פיקאסו את Les Demoiselles d'Avignon?,"פיקאסו השלים את הציור ב-1907, במונמארטר.",,,,1907.0,1880.0,1930.0,3.0,
course_157_la_persistance_de_la_memoire_dali,course_157_la_persistance_de_la_memoire_dali_q1,mcq,"איפה התפאורה של הציור, בהשראת מקום אמיתי שבו גר דאלי?","התפאורה מזכירה את קאפ דה קרוס ופורט ליגאט, בקטלוניה, שם מתגורר דאלי עם גאלה.","[""קאפ דה קרוס, קטלוניה"", ""מדבר סהרה"", ""האלפים השוויצרים"", ""פרובנס הצרפתית""]",0,,,,,,
course_157_la_persistance_de_la_memoire_dali,course_157_la_persistance_de_la_memoire_dali_q2,mcq,מה מסמלים השעונים הרכים בציור?,שעונים ממחישים זמן איטי: הזמן שנחווה אינו זה של שעונים.,"[""זמן פנימי, מנוסה, שונה מהזמן הנמדד בשעונים"", ""הדיוק המדעי של הזמן"", ""העושר החומרי של דאלי"", ""חלוף העונות""]",0,,,,,,
course_157_la_persistance_de_la_memoire_dali,course_157_la_persistance_de_la_memoire_dali_q3,trueFalse,נכון או לא נכון: דאלי מצייר את הסצנות הבלתי אפשריות הללו בטכניקה גסה ומרושלת במכוון.,"דאלי מצייר את הבלתי אפשרי בגימור רנסנס, מה שהופך את התמונה לאמינה ומטרידה.","[""נכון"", ""לא נכון""]",1,,,,,,
course_157_la_persistance_de_la_memoire_dali,course_157_la_persistance_de_la_memoire_dali_q4,mcq,כיצד מתאר דאלי עצמו את מה שהוא מצייר?,"דאלי טוען שהוא מצייר ""תצלומי חלום"", מערבב תפאורה אמיתית ולא מודעת.","[""\""תצלומי חלום\"""", ""\""סיוטים בלי ראש או זנב\"""", ""\""מחקרים מדעיים של זמן\"""", ""\""מחווה לרנסנס האיטלקי\""""]",0,,,,,,
course_157_la_persistance_de_la_memoire_dali,course_157_la_persistance_de_la_memoire_dali_q5,trueFalse,נכון או שקר: דאלי טען כי קיבל השראה מקממבר עשוי מדי כדי לדמיין שעונים רכים.,"דאלי טען כי קיבל השראה מקממבר עשוי מדי, איפשהו בין בדיחה לשיטה.","[""נכון"", ""לא נכון""]",0,,,,,,
course_157_la_persistance_de_la_memoire_dali,course_157_la_persistance_de_la_memoire_dali_q6,mcq,"איזה מוסד אמריקאי רכש את הציור, ותרם לתהילתו העולמית?","העבודה נרכשה על ידי MoMA, שעזרה לה להיכנס לתרבות הפופולרית.","[""ה-MoMA"", ""מוזיאון המטרופוליטן"", ""הגלריה הלאומית"", ""הגוגנהיים""]",0,,,,,,
course_157_la_persistance_de_la_memoire_dali,course_157_la_persistance_de_la_memoire_dali_q7,mcq,"עם מי גר דאלי בפורט ליגת, קטלוניה, בזמן הציור?",דאלי גר אז עם גאלה בפורט ליגט שבקטלוניה.,"[""חגיגה"", ""פרידה קאלו"", ""אמנדה ליר"", ""קוקו שאנל""]",0,,,,,,
course_157_la_persistance_de_la_memoire_dali,course_157_la_persistance_de_la_memoire_dali_q8,numericSlider,באיזו שנה צייר דאלי את התמדת הזיכרון?,דאלי צייר את הציור ב-1931.,,,,1931.0,1900.0,1960.0,3.0,
course_158_la_tragedie_grecque_et_le_theatre_antiqu,course_158_la_tragedie_grecque_et_le_theatre_antiqu_q1,mcq,מי מממן את העלאת הטרגדיות היווניות באמצעות כוריאוגרפיה?,אזרח עשיר מממן את ההצגה: זו המטלה.,"[""אזרח עשיר"", ""המדינה הרומית"", ""הכהן הגדול של בית המקדש"", ""השחקנים עצמם""]",0,,,,,,
course_158_la_tragedie_grecque_et_le_theatre_antiqu,course_158_la_tragedie_grecque_et_le_theatre_antiqu_q2,mcq,באיזו מסגרת דתית ואזרחית מתרחשת הטרגדיה היוונית?,"הדיוניסיה, הפסטיבלים של דיוניסוס, מארגנים תחרויות שבהן נולדת טרגדיה.","[""הדיוניסיה, פסטיבלים לכבוד דיוניסוס"", ""המשחקים האולימפיים"", ""הלוויות ציבוריות"", ""חתונות מלכותיות""]",0,,,,,,
course_158_la_tragedie_grecque_et_le_theatre_antiqu,course_158_la_tragedie_grecque_et_le_theatre_antiqu_q3,mcq,איך קוראים לעודף שדוחף את הגיבור הטרגי לקראת נפילתו?,"הגיבור הטרגי נכנע לא פעם להיבריס, העודף המנוגד לסדר.","[""היבריס"", ""קתרזיס"", ""המטלה"", ""מימזיס""]",0,,,,,,
course_158_la_tragedie_grecque_et_le_theatre_antiqu,course_158_la_tragedie_grecque_et_le_theatre_antiqu_q4,mcq,"לפי אריסטו, איזו השפעה יש לטרגדיה על הצופה?","לפי אריסטו, הטרגדיה גורמת לקתרזיס, היטהרות באמצעות רחמים ואימה.","[""קתרזיס, טיהור באמצעות רחמים ואימה"", ""בידור פשוט ללא השפעה מוסרית"", ""הירדמות הדרגתית"", ""כעס מתמשך על העיר""]",0,,,,,,
course_158_la_tragedie_grecque_et_le_theatre_antiqu,course_158_la_tragedie_grecque_et_le_theatre_antiqu_q5,trueFalse,"נכון או שקר: הציבור האתונאי גילה בדרך כלל עלילה לא ידועה לחלוטין, מבלי לדעת את המיתוס מראש.","הציבור מכיר לעתים קרובות את המיתוס: העניין הוא לא הטוויסט, אלא הדרך לספר אותו.","[""נכון"", ""לא נכון""]",1,,,,,,
course_158_la_tragedie_grecque_et_le_theatre_antiqu,course_158_la_tragedie_grecque_et_le_theatre_antiqu_q6,mcq,איזה מכשיר במה אפשר להוריד אל על ידי מנוף כדי לפתור את העלילה?,ה-Deus ex machina הפיל אל על ידי מנוף כדי לפתור את העלילה.,"[""ה-deus ex machina"", ""המקהלה"", ""המטלה"", ""המסכה הטרגית""]",0,,,,,,
course_158_la_tragedie_grecque_et_le_theatre_antiqu,course_158_la_tragedie_grecque_et_le_theatre_antiqu_q7,mcq,מה עושה המקהלה במהלך ההופעה?,"הפזמון שר, רוקד ומעיר על הפעולה לאורך ההצגה.","[""הוא שר, רוקד ומעיר על הפעולה"", ""הוא נשאר דומם ושותק"", ""הוא מחליף את השחקנים הראשיים"", ""הוא בוחר את הזוכה בתחרות""]",0,,,,,,
course_158_la_tragedie_grecque_et_le_theatre_antiqu,course_158_la_tragedie_grecque_et_le_theatre_antiqu_q8,trueFalse,"נכון או לא נכון: אייסכילוס, סופוקלס ואווריפידס הביאו כל אחד אבולוציה אחרת לטרגדיה.","אייסכילוס מוסיף שחקנים, סופוקלס משכלל את הפסיכולוגיה, אוריפידס מטריד את הוודאות.","[""נכון"", ""לא נכון""]",0,,,,,,
course_159_le_theatre_de_shakespeare,course_159_le_theatre_de_shakespeare_q1,mcq,לאיזה קהל כתב שייקספיר בעיקר את מחזותיו?,"שייקספיר כתב לבמה בלונדון, לא לבית הספר, בפני קהל פופולרי.","[""הקהל הפופולרי של התיאטרון הלונדוני"", ""רק בתי משפט זרים"", ""האוניברסיטאות של אוקספורד וקיימברידג'"", ""הכנסייה האנגליקנית""]",0,,,,,,
course_159_le_theatre_de_shakespeare,course_159_le_theatre_de_shakespeare_q2,mcq,מה שמו של התיאטרון הפתוח בו מנגנת להקת שייקספיר?,"עם אנשי הלורד צ'מברליין, שייקספיר משחק בתיאטרון הגלוב, מעגל באוויר הפתוח.","[""תיאטרון הגלוב"", ""האולד ויק"", ""הרויאל אלברט הול"", ""דרורי ליין""]",0,,,,,,
course_159_le_theatre_de_shakespeare,course_159_le_theatre_de_shakespeare_q3,mcq,מי הם המתבססים בתיאטרון הגלוב?,הקרקעות משלמות מעט ונשארות לעמוד ליד הבמה.,"[""הצופים הפחות עשירים, שנשארים עומדים ליד הבמה"", ""השחקנים הראשיים של הלהקה"", ""הנגנים של התזמורת"", ""הצנזורה של התיאטרון המלכותי""]",0,,,,,,
course_159_le_theatre_de_shakespeare,course_159_le_theatre_de_shakespeare_q4,trueFalse,"נכון או לא נכון: שייקספיר כותב את מחזותיו בפרוזה מחורזת, ללא מטר קבוע.","שייקספיר כותב לעתים קרובות בפסוק ריק, פנטמטר יאמבי לא מחורז.","[""נכון"", ""לא נכון""]",1,,,,,,
course_159_le_theatre_de_shakespeare,course_159_le_theatre_de_shakespeare_q5,mcq,"בזכות איזה אוסף, שפורסם לאחר מותו, הגיעו אלינו כמה ממחזותיו של שייקספיר?","כמה קטעים הגיעו אלינו רק הודות לפוליו הראשון של 1623, שפורסם לאחר מותו.","[""הפוליו הראשון של 1623"", ""הסונטות של 1609"", ""ספר מלכים"", ""האנציקלופדיה של דידרו""]",0,,,,,,
course_159_le_theatre_de_shakespeare,course_159_le_theatre_de_shakespeare_q6,mcq,מאיפה שייקספיר משיג לעתים קרובות את החומר לעלילותיו?,"הוא ממחזר כרוניקות, סיפורים קצרים איטלקיים ויצירות ישנות; מקוריותו טמונה בשפה ובדמויות.","[""מתוך כרוניקות, סיפורים קצרים איטלקיים וקטעים עתיקים שכבר קיימים"", ""מתוך המצאה אישית טהורה ללא כל מקור"", ""על החלומות שלו, לפי המחברות שלו"", ""פקודות ממלך אנגליה""]",0,,,,,,
course_159_le_theatre_de_shakespeare,course_159_le_theatre_de_shakespeare_q7,trueFalse,"נכון או לא נכון: שייקספיר מרבה לשלב את הקומי והטרגי באותו מחזה, למשל דרך דמותו של המשוגע שאומר את האמת.","קומדיות וטרגדיות מגיבות זו לזו בשייקספיר: המטורף אומר את האמת, המלך משתגע.","[""נכון"", ""לא נכון""]",0,,,,,,
course_159_le_theatre_de_shakespeare,course_159_le_theatre_de_shakespeare_q8,numericSlider,באיזו שנה מת שייקספיר?,ויליאם שייקספיר מת ב-1616.,,,,1616.0,1550.0,1650.0,3.0,
course_15_la_belle_epoque_1871_1914,course_15_la_belle_epoque_1871_1914_q1,mcq,"מה המשמעות של הבל אפוק, בין 1871 ל-1914?","הבל אפוק עובר מסוף מלחמת צרפת-פרוסיה (1871) ועד לפרוץ מלחמת העולם הראשונה (1914), תקופה שבה אנשים האמינו במדע ובקדמה.","[""תקופה של שלווה יחסית המאופיינת באמונה בקידמה"", ""שנות השיקום לאחר מלחמת העולם השנייה"", ""שלטונו האישי של נפוליאון השלישי"", ""העשור של המהפכה הצרפתית""]",0,,,,,,
course_15_la_belle_epoque_1871_1914,course_15_la_belle_epoque_1871_1914_q2,trueFalse,"נכון או לא נכון: הביטוי ""בל אפוק"" משמש אנשים שחיו בו, לפני 1914.","השם הופיע רק אחרי 1914: ניצולי השוחות הם שהמציאו את גן העדן האבוד הזה, במבט לאחור של המלחמה.","[""נכון"", ""לא נכון""]",1,,,,,,
course_15_la_belle_epoque_1871_1914,course_15_la_belle_epoque_1871_1914_q3,mcq,"איזו פרשה קרעה את הרפובליקה הצרפתית בתקופת הבל אפוק, סביב קצין יהודי שהורשע בטעות בריגול?","אלפרד דרייפוס, קצין יהודי, מורשע בטעות בריגול: הפרשה חושפת אנטישמיות אלימה ומפלגת את צרפת באופן סופי.","[""פרשת דרייפוס"", ""ועידת ברלין"", ""שערוריית תעלת פנמה"", ""פרשת הקלפים""]",0,,,,,,
course_15_la_belle_epoque_1871_1914,course_15_la_belle_epoque_1871_1914_q4,mcq,"איזו תגלית מדעית של אלברט איינשטיין, שפורסמה ב-1905, חוללה מהפכה בתפיסת החלל והזמן?","איינשטיין פרסם את תורת היחסות ב-1905, וקרא תיגר על תפיסות קלאסיות של מרחב וזמן.","[""תורת היחסות"", ""תורת האבולוציה"", ""תורת הנבט"", ""מכניקת קוונטים""]",0,,,,,,
course_15_la_belle_epoque_1871_1914,course_15_la_belle_epoque_1871_1914_q5,numericSlider,"באיזו שנה נפתחת התערוכה האוניברסלית בפריז, המושכת 50 מיליון מבקרים?",התערוכה האוניברסלית של 1900 משכה 50 מיליון מבקרים והפכה את פריז לחלון ראווה עולמי של קידמה.,,,,1900.0,1871.0,1914.0,3.0,
course_15_la_belle_epoque_1871_1914,course_15_la_belle_epoque_1871_1914_q6,mcq,איזה אירוע ביוני 1914 עורר את הספירלה שסיימה את הבל אפוק?,"רצח הארכידוכס פרנץ פרדיננד בסרייבו ב-28 ביוני 1914, עורר את משחק הבריתות שהוביל למלחמת העולם הראשונה.","[""רצח הארכידוכס פרנץ פרדיננד בסרייבו"", ""נפילת ממשלת צרפת"", ""השריפה במגדל אייפל"", ""חתימה על הסכם צרפתי-גרמני""]",0,,,,,,
course_15_la_belle_epoque_1871_1914,course_15_la_belle_epoque_1871_1914_q7,mcq,כמה שעות ביום עבדו עובדים לעתים קרובות בתקופת הבל אפוק?,"מאחורי חלונות הקידמה עובדים לרוב 10 עד 12 שעות ביום, ללא הגנה סוציאלית אמיתית.","[""10 עד 12 שעות"", ""4 עד 6 שעות"", ""6 עד 8 שעות"", ""2 עד 4 אחר הצהריים.""]",0,,,,,,
course_15_la_belle_epoque_1871_1914,course_15_la_belle_epoque_1871_1914_q8,chronological,שים את האירועים האלה של הבל אפוק בסדר כרונולוגי.,אבני הדרך הללו משתרעות על פני 1871 עד 1914 ומתארות את העלייה ולאחר מכן את הסוף האכזרי של הבל אפוק.,,,"[""סוף מלחמת צרפת-פרוסיה"", ""בניית מגדל אייפל"", ""התערוכה האוניברסלית של פריז"", ""רצח הארכידוכס פרנץ פרדיננד""]",,,,,
course_160_la_liberte_de_la_presse_et_le_journalism,course_160_la_liberte_de_la_presse_et_le_journalism_q1,mcq,"איך מכנה אנרי קרטייה-ברסון את התיאוריה שלו לגבי הזמן הנכון, המקום הנכון, המסגור הנכון?","קרטייה-ברסון מתארת את ""הרגע המכריע"": להיות במקום הנכון, בזמן הנכון, עם המסגור הנכון.","[""הרגע המכריע"", ""המבט המוחלט"", ""סך הצילום"", ""עינו של העד""]",0,,,,,,
course_160_la_liberte_de_la_presse_et_le_journalism,course_160_la_liberte_de_la_presse_et_le_journalism_q2,mcq,מי מת כשסיקר את מלחמת האזרחים בספרד לצד רוברט קאפה?,"גרדה טארו, לצד קאפה, מתה כשסיקרה את מלחמת האזרחים בספרד.","[""גרדה טארו"", ""ניק אוט"", ""לואי לירוי"", ""פול דוראנד-רואל""]",0,,,,,,
course_160_la_liberte_de_la_presse_et_le_journalism,course_160_la_liberte_de_la_presse_et_le_journalism_q3,mcq,איזו תמונה ממלחמת וייטנאם זעזעה את דעת הקהל כשהראתה ילדה קטנה שנשרפה מנפאלם?,התמונה של ניק אוט המראה ילדה קטנה שנשרפה מנפאלם מרעידה את דעתה במהלך מלחמת וייטנאם.,"[""תמונה של ניק אוט"", ""התמונה של קרטייה-ברסון"", ""צילום: גרדה טארו"", ""התמונה של רוברט קאפה""]",0,,,,,,
course_160_la_liberte_de_la_presse_et_le_journalism,course_160_la_liberte_de_la_presse_et_le_journalism_q4,trueFalse,"נכון או לא נכון: תלוי בקורס, התמונה של ניק אוט לבדה ומיד סיימה את מלחמת וייטנאם.","הדימוי לבדו אינו מסיים את המלחמה, אך הוא הופך את המחיר האנושי לבלתי אפשרי להכחיש.","[""נכון"", ""לא נכון""]",1,,,,,,
course_160_la_liberte_de_la_presse_et_le_journalism,course_160_la_liberte_de_la_presse_et_le_journalism_q5,mcq,"מה חושפת האופן שבו דיקטטורות מתייחסות לצילום עיתונות, לפי הקורס?","דמוקרטיות גדולות מגנות באופן תיאורטי על העיתונות, בעוד שדיקטטורות שולטות בעינית.","[""הם שולטים בעינית, בניגוד לדמוקרטיות שמגינות באופן תיאורטי על העיתונות"", ""הם מעודדים חופש מוחלט לצלמים"", ""הם מממנים בנדיבות סוכנויות צילום עצמאיות"", ""אין להם עניין בתמונה""]",0,,,,,,
course_160_la_liberte_de_la_presse_et_le_journalism,course_160_la_liberte_de_la_presse_et_le_journalism_q6,trueFalse,נכון או לא נכון: רבות מהקלישאות המפורסמות של ימינו צונזרו או נדונו לראשונה לפני שהפכו לראיות היסטוריות.,תמונות מפורסמות רבות צונזרו או נדונו לראשונה לפני שהפכו לראיות היסטוריות.,"[""נכון"", ""לא נכון""]",0,,,,,,
course_160_la_liberte_de_la_presse_et_le_journalism,course_160_la_liberte_de_la_presse_et_le_journalism_q7,mcq,"בעידן הדיגיטלי, אילו פרקטיקות נדרשות כדי לוודא את האותנטיות של תמונת עיתונות?","בעידן הדיגיטלי, אימות חיוני: מטא נתונים, חיפוש תמונות הפוך, הקשר.","[""ניתוח מטא נתונים וחיפוש תמונות הפוך"", ""האמון היחיד במוניטין של הצלם"", ""האיסור המוחלט על צילום דיגיטלי"", ""פרסום מיידי ללא אימות""]",0,,,,,,
course_160_la_liberte_de_la_presse_et_le_journalism,course_160_la_liberte_de_la_presse_et_le_journalism_q8,mcq,מה מתמקצעת הופעתם של מגזינים מאוירים וסוכנויות צילום?,הופעתם של מגזינים מאוירים וסוכנויות צילום התמקצעה את מקצוע הכתב-צלם.,"[""מקצוע הכתב-צלם"", ""מקצוע הצייר הרשמי"", ""מקצוע המדפסת בלבד"", ""תפקיד הצנזור הממלכתי""]",0,,,,,,
course_161_la_naissance_des_dieux_grecs_cronos_zeus,course_161_la_naissance_des_dieux_grecs_cronos_zeus_q1,mcq,מי מפריד בין גן עדן (אורנוס) לכדור הארץ (גאיה) על ידי סירוס אביו שלו?,"קרונוס, הצעיר מבין הטיטאנים, משתמש במגל שחושלה גאיה כדי לסרס את אורנוס ולהפריד בין גן עדן לכדור הארץ.","[""קרונוס"", ""זאוס"", ""פוסידון"", ""אטלס""]",0,,,,,,
course_161_la_naissance_des_dieux_grecs_cronos_zeus,course_161_la_naissance_des_dieux_grecs_cronos_zeus_q2,trueFalse,נכון או לא נכון: קרונוס זולל את ילדיו שלו מחשש שיום אחד יודח על ידי אחד מהם.,נבואה מספרת לקרונוס שאחד מבניו ימחק אותו: לכן הוא זולל את ילדיו ברגע שהם נולדים כדי להימנע מכך.,"[""נכון"", ""לא נכון""]",0,,,,,,
course_161_la_naissance_des_dieux_grecs_cronos_zeus,course_161_la_naissance_des_dieux_grecs_cronos_zeus_q3,mcq,איך ריאה מצליחה להציל את זאוס התינוק מאביו קרונוס?,"ריאה מרמה את קרונוס באבן עטופה בבדים, בעוד זאוס האמיתי גדל בסתר במערה בכרתים.","[""היא גורמת לקרונוס לבלוע אבן מחתלת במקום התינוק"", ""היא שולחת את זאוס ישירות לאולימפוס"", ""היא הופכת את זאוס לנשר"", ""היא מבקשת עזרה מאתנה""]",0,,,,,,
course_161_la_naissance_des_dieux_grecs_cronos_zeus,course_161_la_naissance_des_dieux_grecs_cronos_zeus_q4,mcq,איזה נשק מציעים הקיקלופ לזאוס כדי להביס את הטיטאנים?,"הקיקלופ מחשל ברק, הנשק המכריע שמאפשר לזאוס לנצח במהלך הטיטאנומאכיה.","[""ברק"", ""הטריידנט"", ""חרב זהב"", ""מגן קסם""]",0,,,,,,
course_161_la_naissance_des_dieux_grecs_cronos_zeus,course_161_la_naissance_des_dieux_grecs_cronos_zeus_q5,chronological,שים את השלבים האלה של המיתולוגיה היוונית בסדר כרונולוגי.,"מהריק המקורי הזה ועד לניצחון של זאוס, המיתולוגיה היוונית מספרת על סדרה של משברים והשתלטות משפחתית.",,,"[""כאוס מקורי"", ""גאיה ואורנוס מייצרים את הטיטאנים"", ""קרונוס הופך למלך על ידי סירוס אביו"", ""זאוס מביס את הטיטאנים עם ברק""]",,,,,
course_161_la_naissance_des_dieux_grecs_cronos_zeus,course_161_la_naissance_des_dieux_grecs_cronos_zeus_q6,mcq,איך נולדה האלה אתנה?,"מחשש לבן חזק ממנו, זאוס בולע את אשתו ההרה מטיס: אז אתנה נולדת חמושה לגמרי, מגיחה מגולגולתה.","[""זאוס בולע את האלה מטיס, ואתנה יוצאת חמושה לגמרי מהגולגולת שלה"", ""היא נולדה מקצף הים"", ""היא בתו של קרונוס"", ""היא נולדה מדם אורנוס""]",0,,,,,,
course_161_la_naissance_des_dieux_grecs_cronos_zeus,course_161_la_naissance_des_dieux_grecs_cronos_zeus_q7,mcq,באיזה טקסט מספר המשורר הסיודוס על הולדת האלים היוונים?,"הסיוד מספר בתיאוגוניה, במאה ה-8 לפני הספירה, כיצד העולם עובר מכאוס לחצר זאוס.","[""תיאוגוניה"", ""האיליאדה"", ""המטמורפוזות"", ""הרפובליקה""]",0,,,,,,
course_161_la_naissance_des_dieux_grecs_cronos_zeus,course_161_la_naissance_des_dieux_grecs_cronos_zeus_q8,trueFalse,"נכון או לא נכון: המילה הצרפתית ""בהלה"" מגיעה מהאל פאן, שמספרים שזעקתו גרמה לאימה פתאומית.","במהלך מלחמה נגד הענקים, זעקת האל פאן הייתה גורמת לטרור לא הגיוני בקרב האויבים, ומכאן המילה ""בהלה"".","[""נכון"", ""לא נכון""]",0,,,,,,
course_162_promethee_le_voleur_de_feu,course_162_promethee_le_voleur_de_feu_q1,mcq,מי נענש על ידי זאוס על שנתן אש לגברים?,"פרומתאוס גונב את האש מהאולימפוס כדי לתת אותה לגברים, מעשה שזאוס אינו סולח לו.","[""פרומתאוס"", ""אפימתאוס"", ""הפיסטוס"", ""אטלס""]",0,,,,,,
course_162_promethee_le_voleur_de_feu,course_162_promethee_le_voleur_de_feu_q2,trueFalse,"נכון או שקר: במהלך ההקרבה במקונה, פרומתאוס הוא זה שמטעה את זאוס בכך שהוא מסתיר את הבשר הטוב מתחת לעור מכוער.","פרומתאוס מסתיר את הבשר מתחת לעור לא מעורר תיאבון ואת העצמות מתחת לשומן מפתה, מה שגורם לזאוס לבחור בחלק הלא נכון.","[""נכון"", ""לא נכון""]",0,,,,,,
course_162_promethee_le_voleur_de_feu,course_162_promethee_le_voleur_de_feu_q3,mcq,איפה פרומתאוס מסתיר את הניצוץ שנגנב מאולימפוס?,"פרומתאוס גונב ניצוץ ומסתיר אותו במוט פרוות, שהבור שלו נשרף לאט מאוד.","[""במוט פרול חלול"", ""באמפורה אטומה"", ""מתחת לגלימה שלו"", ""בקרן של עז""]",0,,,,,,
course_162_promethee_le_voleur_de_feu,course_162_promethee_le_voleur_de_feu_q4,mcq,איזו חיה זוללת את הכבד של פרומתאוס כבול בקווקז מדי יום?,"זאוס דן את פרומתאוס לכך שהכבד שלו יטרף על ידי עיט בכל יום, על סלע הקווקז.","[""עיט"", ""נשר"", ""נחש"", ""אריה""]",0,,,,,,
course_162_promethee_le_voleur_de_feu,course_162_promethee_le_voleur_de_feu_q5,trueFalse,"נכון או לא נכון: הכבד של פרומתאוס צומח בחזרה בכל לילה, מה שהופך את הייסורים שלו לבלתי נגמרים.","בכל לילה האיבר נולד מחדש, כך שהעינויים מתחילים שוב עם עלות השחר, ללא הגבלת זמן.","[""נכון"", ""לא נכון""]",0,,,,,,
course_162_promethee_le_voleur_de_feu,course_162_promethee_le_voleur_de_feu_q6,mcq,איזה גיבור משחרר לבסוף את פרומתאוס מכבליו?,"הרקלס, בנו של זאוס, יורה את הנשר עם חץ ומשחרר את פרומתאוס מהקווקז.","[""הרקלס"", ""פרסאוס"", ""תזאוס"", ""ג'ייסון""]",0,,,,,,
course_162_promethee_le_voleur_de_feu,course_162_promethee_le_voleur_de_feu_q7,mcq,איזה סוד מגלה פרומתאוס לזאוס בתמורה לחירותו?,"פרומתאוס מגלה שהנימפה תטיס יכולה להביא לעולם בן חזק יותר מזאוס, ובכך נמנע מנפילתו שלו.","[""שמה של הנימפה שאומרים שבנה חזק יותר מזאוס"", ""מיקומו של אוצר חבוי"", ""הדרך להביס באופן סופי את הטיטאנים"", ""הנוסחה להפוך שוב לתמותה""]",0,,,,,,
course_162_promethee_le_voleur_de_feu,course_162_promethee_le_voleur_de_feu_q8,chronological,עשה סדר בשלבים אלה של המיתוס של פרומתאוס.,"מתחבולת ההקרבה לגניבת האש, ואז לעינויים ולשחרור, המיתוס של פרומתאוס עוקב אחר התקדמות ברורה.",,,"[""פרומתאוס מרמה את זאוס במהלך ההקרבה במקונה"", ""פרומתאוס גונב את האש של אולימפוס לגברים"", ""פרומתאוס כבול בקווקז ונמסר לנשר"", ""הרקלס משחרר את פרומתאוס מכבליו""]",,,,,
course_163_pandore_et_la_boite,course_163_pandore_et_la_boite_q1,mcq,מי יצר את פנדורה בהוראת זאוס?,"זאוס מצווה על הפיסטוס, אל הזיוף, לעצב את פנדורה מחימר ומים.","[""הפיסטוס"", ""פרומתאוס"", ""הרמס"", ""זאוס עצמו""]",0,,,,,,
course_163_pandore_et_la_boite,course_163_pandore_et_la_boite_q2,mcq,איזה אל מציע לפנדורה תחבולות ושקרים?,"הרמס, שליח האלים, חומק בערמומיות ושוכב בין המתנות של פנדורה.","[""הרמס"", ""אתנה"", ""אפרודיטה"", ""אפולו""]",0,,,,,,
course_163_pandore_et_la_boite,course_163_pandore_et_la_boite_q3,trueFalse,"נכון או לא נכון: אפימתאוס מסרב למתנה של זאוס, כפי שהמליץ לו אחיו פרומתאוס.","למרות האזהרה של פרומתאוס, אפימתאוס נופל בקסמה של פנדורה ומקבל אותה בברכה.","[""נכון"", ""לא נכון""]",1,,,,,,
course_163_pandore_et_la_boite,course_163_pandore_et_la_boite_q4,mcq,"מה בעצם הכיל מיכל פנדורה, לפי הטקסטים היווניים המקוריים?","החשבון המקורי מדבר על ""פיתוס"", צנצנת אחסון גדולה, לא קופסה.","[""פיתוס, צנצנת אחסון גדולה"", ""קופסת עץ קטנה"", ""סל ארוג"", ""אמפורת יין""]",0,,,,,,
course_163_pandore_et_la_boite,course_163_pandore_et_la_boite_q5,mcq,"מאיפה השגיאה שהפכה את צנצנת פנדורה ל""קופסה""?","בעת תרגום הסיוד, ארסמוס מרוטרדם בלבל בין ""פיתוס"" (צנצנת) ו""פיקסיס"" (קופסה קטנה).","[""בלבול של ארסמוס מרוטרדם במאה ה-16"", ""טעות שעשה הסיוד עצמו"", ""תרגום לאנגלית מהמאה ה-19"", ""המצאה מאוחרת של זאוס""]",0,,,,,,
course_163_pandore_et_la_boite,course_163_pandore_et_la_boite_q6,mcq,"מה נשאר לבד בתחתית הצנצנת, ברגע שכל הרעות נעלמות?","רק אלפיס, הופ, נשארת נצמדת לתחתית הצנצנת לאחר שהמכות ברחו.","[""לקוות"", ""חכמה"", ""יופי"", ""נקמה""]",0,,,,,,
course_163_pandore_et_la_boite,course_163_pandore_et_la_boite_q7,trueFalse,"נכון או לא נכון: בהסיוד, פנדורה מוצגת כמתנה מיטיבה שנועדה לשמח גברים.","פנדורה נתפסת כ""רוע יפה"", עונש שנועד לפגוע באנושות, לא כמתנה מיטיבה.","[""נכון"", ""לא נכון""]",1,,,,,,
course_163_pandore_et_la_boite,course_163_pandore_et_la_boite_q8,chronological,עשה סדר בשלבים אלה של מיתוס פנדורה.,"מיצירתו ועד לפתיחה הקטלנית של הצנצנת, המיתוס של פנדורה עוקב אחר התקדמות מדויקת מאוד.",,,"[""האלים מייצרים את פנדורה בהוראת זאוס"", ""אפימתאוס מברך את פנדורה למרות אזהרת פרומתאוס"", ""פנדורה מרימה את מכסה הצנצנת"", ""רק הופ נשארת נעולה בתחתית""]",,,,,
course_164_demeter_et_persephone_les_saisons,course_164_demeter_et_persephone_les_saisons_q1,mcq,מי חוטף את פרספונה כדי לקחת אותה לעולם התחתון?,"האדס, מלך השאול, מופיע על מרכבתו ונושא את פרספונה בהסכם הסודי של זאוס.","[""שאול"", ""זאוס"", ""פוסידון"", ""ארס""]",0,,,,,,
course_164_demeter_et_persephone_les_saisons,course_164_demeter_et_persephone_les_saisons_q2,mcq,מה עושה דמטר כשנודע לה על חטיפת בתה?,"חסר נחמה, דמטר אוסר על כדור הארץ לנבוט, מה שגורם לרעב המאיים על בני אדם.","[""זה מונע מהאדמה לייצר, גורם לרעב"", ""היא מבקשת מזאוס להרוג אותה"", ""היא מוצאת מחסה באולימפוס מבלי להגיב"", ""היא הופכת את האדס למפלצת""]",0,,,,,,
course_164_demeter_et_persephone_les_saisons,course_164_demeter_et_persephone_les_saisons_q3,mcq,באיזו מלכודת האדס משתמש כדי לשמור על פרספונה קשורה לעולם התחתון?,מי שאוכל בממלכת המתים שייך לו: האדס מציעה לפרספונה גרעיני רימון לפני יציאתה.,"[""הוא גורם לה לאכול גרעיני רימון"", ""הוא מציע לה תפוח מורעל"", ""הוא נותן לה טבעת קסם"", ""הוא מכריח אותה לשתות שיקוי שכחה""]",0,,,,,,
course_164_demeter_et_persephone_les_saisons,course_164_demeter_et_persephone_les_saisons_q4,trueFalse,"נכון או לא נכון: בגלל זרעי הרימון, פרספונה חייבת כעת לבלות חלק מכל שנה בעולם התחתון.",יש צורך בפשרה: פרספונה חולקת את השנה בין האדס לאמה דמטר.,"[""נכון"", ""לא נכון""]",0,,,,,,
course_164_demeter_et_persephone_les_saisons,course_164_demeter_et_persephone_les_saisons_q5,mcq,איזה אל שולח זאוס לדרוש את החזרת פרספונה?,"זאוס שולח את הרמס, שליח האלים, לדרוש את החזרת פרספונה להאדס.","[""הרמס"", ""אפולו"", ""ארס"", ""דיוניסוס""]",0,,,,,,
course_164_demeter_et_persephone_les_saisons,course_164_demeter_et_persephone_les_saisons_q6,mcq,כיצד מסביר המיתוס את בוא הסתיו והחורף?,עזיבתה של פרספונה להאדס דוחפת את דמטר לסגת מהחסד שלה מהיבולים: זה סתיו וחורף.,"[""כאשר פרספונה חוזרת לעולם התחתון, דמטר מסירה את החסד שלה מהטבע"", ""כשזאוס כועס על גברים"", ""כשהאדס מעניש את כדור הארץ כנקמה"", ""כשדמטר יוצא לטיול באולימפוס""]",0,,,,,,
course_164_demeter_et_persephone_les_saisons,course_164_demeter_et_persephone_les_saisons_q7,mcq,מהן התעלומות האלאוסיניות?,"במהלך הנדודים שלה, דמטר עוצרת באלאוסיס, שם נולדים טקסים סודיים ומבטיחים יוזמים גורל טוב יותר בחיים שלאחר המוות.","[""טקסים סודיים שנולדו מהמעבר של דמטר לאלוסיס, מבטיח תקווה לאחר המוות"", ""מקדש שנבנה על ידי האדס עבור פרספונה"", ""מסיבה שחוגגת את חטיפת פרספונה"", ""בית דין השופט את נשמות המתים""]",0,,,,,,
course_164_demeter_et_persephone_les_saisons,course_164_demeter_et_persephone_les_saisons_q8,chronological,עשה סדר בשלבים האלה של המיתוס של דמטר ופרספונה.,"מהחטיפה ועד לחלוקת השנה, המיתוס הזה מסביר את חילופי העונות.",,,"[""חטיפת פרספונה על ידי האדס"", ""הרעב שנגרם בגלל צערו של דמטר"", ""פרספונה אוכלת זרעי רימון בעולם התחתון"", ""חלוקת השנה בין האדס לדמטר""]",,,,,
course_165_orphee_et_eurydice,course_165_orphee_et_eurydice_q1,mcq,מי מציע את הליירה שלו לאורפיאוס?,"הליירה של אורפיאוס היא מתנה מאפולו, אל האמנויות.","[""אפולו"", ""זאוס"", ""הרמס"", ""דיוניסוס""]",0,,,,,,
course_165_orphee_et_eurydice,course_165_orphee_et_eurydice_q2,mcq,איך אורידיקה מתה?,"ביום החתונה, אורידיקה בורחת מהרועה אריסטאוס, דורכת על נחש ומתה מהארס.","[""הוכש על ידי נחש בעת שנמלט מהרועה אריסטאוס"", ""טבע בנהר"", ""פוצץ על ידי זאוס"", ""נחטף ישירות על ידי האדס""]",0,,,,,,
course_165_orphee_et_eurydice,course_165_orphee_et_eurydice_q3,trueFalse,"נכון או לא נכון: המוזיקה של אורפיאוס מצליחה להרדים את סרברוס ולהחליש את כארון, שייט המתים.","ללא נשק, אורפיאוס חוצה את העולם התחתון אך ורק בזכות המוזיקה שלו, שמרדימה את סרברוס ומרככת את כארון.","[""נכון"", ""לא נכון""]",0,,,,,,
course_165_orphee_et_eurydice,course_165_orphee_et_eurydice_q4,mcq,איזה תנאי האדס מציב לאורפיאוס לתת לאורידיקה לחזור למעלה?,האדס מקבל את חזרתה של אורידיקה בתנאי שאורפיאוס ילך לפניה מבלי להסתובב לפני האור.,"[""אל תסתובב עד שתגיע לאור"", ""לעולם אל תדבר עם אורידיקה שוב"", ""תחזור בלילה אחד"", ""הצע את הליירה שלך בתמורה""]",0,,,,,,
course_165_orphee_et_eurydice,course_165_orphee_et_eurydice_q5,trueFalse,"נכון או לא נכון: אורפיאוס פונה לאורידיקה לפני שהוצא מהעולם התחתון, מה שגורם לה לחזור באופן סופי לעולם המתים.","ליד היציאה, הספק שורר: אורפיאוס מסתובב, ואורידיקה אוחזת בחושך לנצח.","[""נכון"", ""לא נכון""]",0,,,,,,
course_165_orphee_et_eurydice,course_165_orphee_et_eurydice_q6,mcq,איך אורפיאוס מת בסוף המיתוס?,"סירובו של אורפיאוס לכל אהבה חדשה מעורר את זעמם של המאנאדים, שקורעים אותו לגזרים.","[""קרוע על ידי המאנאדים, כוהנות דיוניסוס"", ""נטרף על ידי סרברוס"", ""פוצץ על ידי זאוס"", ""טבע בסטיקס""]",0,,,,,,
course_165_orphee_et_eurydice,course_165_orphee_et_eurydice_q7,mcq,איזו תנועה דתית נולדה ממותו של אורפיאוס?,"ממותו של אורפיאוס נולד האורפיזם, תנועה דתית המבטיחה את הצלת הנפש באמצעות טקסי טהרה.","[""אורפיזם"", ""סטואיות"", ""המסתורין של אלאוסיס"", ""פיתגוריזם""]",0,,,,,,
course_165_orphee_et_eurydice,course_165_orphee_et_eurydice_q8,chronological,עשה סדר בשלבים אלה של המיתוס של אורפיאוס ואורידיקה.,"מהנישואים ועד לאובדן המוחלט של אורידיקה, המיתוס הזה עוקב אחר עלילה טרגית ומדויקת.",,,"[""אורפיאוס מתחתן עם הנימפה אורידיקה"", ""אורידיקה מתה מוכשת על ידי נחש"", ""אורפיאוס מקסים את העולם התחתון עם המוזיקה שלו כדי להחזיר אותו"", ""אורפיאוס מסתובב ומאבד את אורידיקה לנצח""]",,,,,
course_166_narcisse_et_echo,course_166_narcisse_et_echo_q1,mcq,מדוע הרה מענישה את הנימפה אקו?,אקו החזיק את הרה בשיחות אינסופיות בזמן שזאוס הצטרף לנימפות אחרות.,"[""היא עזרה לזאוס להסתיר את בגידותיו על ידי הסחת דעתה בשיחות ארוכות"", ""היא העליבה את הרה בפומבי"", ""היא גנבה חפץ קדוש מהאולימפוס"", ""היא סירבה להתחתן עם אלוהים""]",0,,,,,,
course_166_narcisse_et_echo,course_166_narcisse_et_echo_q2,mcq,איזה עונש מטילה הרה על אקו?,אקו כבר לא יכולה להתחיל משפט: היא יכולה לחזור רק על המילים האחרונות של אחרים.,"[""היא יכולה רק לחזור על המילים האחרונות של אחרים"", ""היא מאבדת לגמרי את הקול"", ""היא הופכת מיד לאבן"", ""היא מגורשת מהיער""]",0,,,,,,
course_166_narcisse_et_echo,course_166_narcisse_et_echo_q3,mcq,איך נרקיס מגיב כאשר אקו מנסה לחבק אותו?,"כאשר אקו מתקרב לחבק אותה, נרקיס דוחה אותה בבוז.","[""הוא דוחה אותה בבוז"", ""הוא מיד מתאהב בה"", ""הוא הופך אותה לפרח"", ""הוא בורח בלי מילה""]",0,,,,,,
course_166_narcisse_et_echo,course_166_narcisse_et_echo_q4,trueFalse,"נכון או לא נכון: לאחר הדחייה של נרקיס, גופו של אקו קמל עד שנשאר רק קול.","מושפלת, אקו נסוגה לתוך המערות, מפסיקה לאכול וגופה קמל עד שנותר רק קול נודד.","[""נכון"", ""לא נכון""]",0,,,,,,
course_166_narcisse_et_echo,course_166_narcisse_et_echo_q5,mcq,איזו אלילה מתבקשת להעניש את נרקיס על אכזריותו?,"קורבן של נרקיס מתפלל לנמסיס, אלת הנקמה הצודקת, כדי שיוכל לסבול מאהבה בלתי אפשרית.","[""נמזיס"", ""אפרודיטה"", ""אתנה"", ""הרה""]",0,,,,,,
course_166_narcisse_et_echo,course_166_narcisse_et_echo_q6,mcq,במה נרקיס מתאהב בקצה המעיין?,"נרקיס רוכן על מעיין, מגלה את פניו ומתאהב בו, מתוך אמונה שהוא רואה רוח מים.","[""מההשתקפות שלו עצמו"", ""של נימפת מים"", ""הד סוף סוף הופיע שוב"", ""מתוך רוח בלתי נראית""]",0,,,,,,
course_166_narcisse_et_echo,course_166_narcisse_et_echo_q7,trueFalse,נכון או שקר: מגיד העתידות טייריסיאס חזה שנרקיס יחיה חיים ארוכים אם לעולם לא יכיר את עצמו.,"טירסיאס הזהיר את אמו של נרקיס: ""הוא יחיה עד זקן אם הוא לא יכיר את עצמו"".","[""נכון"", ""לא נכון""]",0,,,,,,
course_166_narcisse_et_echo,course_166_narcisse_et_echo_q8,mcq,מה נולד במקום גופתו של נרקיס לאחר מותו?,"במקום גופו החסר של נרקיס צומח פרח בעל לב צהוב ועלי כותרת לבנים, הנרקיס.","[""פרח, הנרקיס"", ""מקור חדש"", ""סלע"", ""עץ""]",0,,,,,,
course_167_icare_et_dedale,course_167_icare_et_dedale_q1,mcq,מדוע מינוס נועל את דדלוס ואיקרוס במבוך?,"כשמינוס מגלה שדדלוס עזר לתזאוס להימלט באמצעות החוט של אריאדנה, הוא נועל את הממציא ובנו בעבודה משלהם.","[""כי דדלוס עזר לתזאוס להימלט בזכות החוט של אריאדנה"", ""כי דדלוס גנב את המינוטאור"", ""כי דדלוס סירב לבנות את המבוך"", ""כי דדלוס בגד במלך לאויב""]",0,,,,,,
course_167_icare_et_dedale,course_167_icare_et_dedale_q2,mcq,מאילו חומרים מייצר דדלוס את הכנפיים?,"בזמן התבוננות בציפורים, דדלוס מייצר כנפיים מעץ, נוצות ומשעוות דבורים.","[""עץ, נוצות ושעוות דבורים"", ""מתכת ועור"", ""נוצות ודבק ירקות"", ""קנה ובד""]",0,,,,,,
course_167_icare_et_dedale,course_167_icare_et_dedale_q3,mcq,איזו עצה נותן דדלוס לאיקרוס לפני היציאה?,"דדלוס ממליץ על דרך האמצע: נמוכה מדי, הלחות מכבידה על הנוצות, גבוהה מדי, השמש ממיסה את השעווה.","[""לכו בדרך אמצעית, לא גבוהה מדי ולא נמוכה מדי"", ""טוס כמה שיותר גבוה כדי למנוע לחות"", ""מתחבא מעל העננים"", ""לטוס רק בלילה""]",0,,,,,,
course_167_icare_et_dedale,course_167_icare_et_dedale_q4,mcq,מה קורה כשאיקרוס טס קרוב מדי לשמש?,"מוקסם מהשמים, איקרוס עולה גבוה מדי: השעווה מתרככת, הנוצות נופלות והוא צולל לים.","[""השעווה על כנפיה נמסה והנוצות נושרות"", ""עיניו מסונוורות מהאור"", ""הכנפיים שלו עולות באש"", ""הוא נפגע מהברק של זאוס""]",0,,,,,,
course_167_icare_et_dedale,course_167_icare_et_dedale_q5,trueFalse,נכון או לא נכון: הים שבו נפל איקרוס נושא עד היום את שמו של הים האיקרי.,"הזרמים נושאים את גופתו של איקרוס לאי בשם איקריה, והים שמסביב הופך לים האיקרי.","[""נכון"", ""לא נכון""]",0,,,,,,
course_167_icare_et_dedale,course_167_icare_et_dedale_q6,mcq,איפה דדלוס מוצא מקלט לאחר מות בנו?,"דדלוס מגיע לבדו לסיציליה ומציע את כנפיו לאל אפולו, כשהוא נשבע שלא יטוס שוב.","[""בסיציליה"", ""בכרתים"", ""באתונה"", ""ברודוס""]",0,,,,,,
course_167_icare_et_dedale,course_167_icare_et_dedale_q7,mcq,כיצד מייצג הצייר ברויגל האב את נפילת איקרוס בציורו?,"בציור של ברויגל, נפילת איקרוס היא רק פרט: העולם ממשיך בלי לעצור בשביל גיבור.","[""כמו פרט כמעט בלתי נראה, בזמן שהחרשן ממשיך במשימתו"", ""כאירוע מרכזי ומרהיב"", ""בשחור לבן כדי להדגיש את הטרגדיה"", ""עם האלים בוכים בשמיים""]",0,,,,,,
course_167_icare_et_dedale,course_167_icare_et_dedale_q8,chronological,עשה סדר בשלבים אלה של המיתוס של איקרוס ודדלוס.,"מבניית המבוך ועד נפילת איקרוס, הסיפור עוקב אחר התקדמות מדויקת.",,,"[""דדלוס בונה את המבוך עבור המלך מינוס"", ""מינוס נועל את דדלוס ואיקרוס בעבודתם שלהם"", ""דדלוס מייצר כנפיים מעץ, נוצות ושעווה"", ""איקרוס עף קרוב מדי לשמש ונופל לים""]",,,,,
course_168_sisyphe_punition_eternelle,course_168_sisyphe_punition_eternelle_q1,mcq,איזה סוד חושף סיזיפוס ומכעיס את זאוס?,"סיזיפוס מוכר את סוד חטיפת אגינה על ידי זאוס לאל הנהר אסופוס, בתמורה למקור מים.","[""הוא מגלה לאל הנהר אסופוס שזאוס חטף את בתו אגינה"", ""הוא חושף את מיקומו של המבוך"", ""הוא חושף עלילה נגד זאוס"", ""הוא מנסה לגנוב את כס המלכות של אולימפוס""]",0,,,,,,
course_168_sisyphe_punition_eternelle,course_168_sisyphe_punition_eternelle_q2,mcq,"איך סיזיפוס מצליח לכלוא את תנאטוס, המוות בהתגלמותו?","סיזיפוס מבקש מתנאטוס הדגמה של השרשראות שלו, ואז למעשה כובל אותו.","[""הוא מעמיד פני הערצה לשרשראות שלה ומבקש ממנה הפגנה, ואז כבול אותה"", ""הוא משכיב אותה לישון עם שיקוי"", ""הוא לוכד אותו במבוך"", ""הוא מחליף את חייו שלו תמורת החופש שלו""]",0,,,,,,
course_168_sisyphe_punition_eternelle,course_168_sisyphe_punition_eternelle_q3,trueFalse,"נכון או לא נכון: בעוד שתנאטוס כבול על ידי סיזיפוס, אף אחד לא יכול למות על פני כדור הארץ.","עם מוות בשלשלאות, אפילו החיילים של ארס כבר לא יכולים ליפול בקרב.","[""נכון"", ""לא נכון""]",0,,,,,,
course_168_sisyphe_punition_eternelle,course_168_sisyphe_punition_eternelle_q4,mcq,באיזה תירוץ משתמש סיזיפוס כדי לקבל שלושה ימים על כדור הארץ לאחר מותו?,"סיזיפוס מתלונן בפני פרספונה שהוא זכה לחרפה בגלל היעדר הלוויה, והוא זוכה לשלושה ימים על כדור הארץ.","[""הוא מתלונן בפני פרספונה שאשתו לא ערכה לו הלוויה."", ""הוא טוען ששכח אוצר"", ""הוא מבקש לראות שוב את ילדיו"", ""הוא טוען שהוא נחטף בטעות""]",0,,,,,,
course_168_sisyphe_punition_eternelle,course_168_sisyphe_punition_eternelle_q5,mcq,איזה אל מחזיר לבסוף את סיזיפוס לעולם התחתון בכוח?,"הרמס, שליח האלים ומנצח הנשמות, מחזיר את סיזיפוס להאדס בכוח.","[""הרמס"", ""תנאטוס"", ""ארס"", ""שאול""]",0,,,,,,
course_168_sisyphe_punition_eternelle,course_168_sisyphe_punition_eternelle_q6,mcq,מהו עונשו הנצחי של סיזיפוס?,"סיזיפוס נידון לדחוף סלע לראש גבעה, אבל האבן יורדת בחזרה ממש קצר מהמטרה.","[""דוחפים סלע שיורד בחזרה למטה רגע לפני שמגיעים לפסגה"", ""לשאת את השמיים על הכתפיים"", ""שהכבד שלך נטרף כל יום על ידי נשר"", ""הישאר שקוע במים מבלי יכולת לשתות""]",0,,,,,,
course_168_sisyphe_punition_eternelle,course_168_sisyphe_punition_eternelle_q7,mcq,"לפי אלבר קאמי ב""מיתוס סיזיפוס"", מה הופך אותו ל""גיבור אבסורדי""?","עבור קאמי, הבהירות של סיזיפוס מול חוסר התועלת שבמאמץ שלו, ועובדת ההמשך למרות הכל, גורמת לו לצמוח.","[""הוא ממשיך במאמץ ביודעו היטב שזה לשווא"", ""בסתר הוא מקווה שהאלים יתעייפו"", ""הוא מתעלם לחלוטין מההבל שבמשימה שלו"", ""כעת הוא מסרב לדחוף את הסלע""]",0,,,,,,
course_168_sisyphe_punition_eternelle,course_168_sisyphe_punition_eternelle_q8,trueFalse,"נכון או לא נכון: שלא כמו פרומתאוס, סיזיפוס נפצע פיזית מדי יום מעונשו.","סיזיפוס אינו פצוע על בשרו: העינויים שלו הם חוסר התועלת של מאמציו, לא כאב פיזי.","[""נכון"", ""לא נכון""]",1,,,,,,
course_168_sisyphe_punition_eternelle,course_168_sisyphe_punition_eternelle_q9,chronological,עשה סדר בשלבים אלה של מיתוס סיזיפוס.,"מגילוי סוד אגינה ועד לגינוי נצחי, המיתוס של סיזיפוס עוקב אחר התקדמות ברורה.",,,"[""סיזיפוס מגלה לאסופוס שזאוס חטף את בתו"", ""סיזיפוס שרשראות ת'אנטוס, המוות בהתגלמותו"", ""סיזיפוס מקבל שלושה ימים על כדור הארץ ומסרב לחזור"", ""סיזיפוס נידון לדחוף סלע לנצח""]",,,,,
course_169_tantale_et_son_supplice,course_169_tantale_et_son_supplice_q1,mcq,מדוע טנטלוס הורג ומשרת את בנו פלופס לאלים?,"טנטלוס מזמין את האלים למשתה ומגיש להם את בנו הכרות, כדי לראות אם ישימו לב להונאה.","[""כדי לבדוק אם האלים באמת רואים הכל"", ""מתוך קנאה כלפי בנו"", ""בפקודת זאוס"", ""לנקום בדמטר""]",0,,,,,,
course_169_tantale_et_son_supplice,course_169_tantale_et_son_supplice_q2,mcq,איזו אל נושכת חתיכה מהכתף של פלופ בלי להתכוון?,"דמטר, מוסחת מצערה של בתה פרספונה, היא היחידה שנוגסה חתיכה מהמנה.","[""דמטר"", ""אפרודיטה"", ""הרה"", ""אתנה""]",0,,,,,,
course_169_tantale_et_son_supplice,course_169_tantale_et_son_supplice_q3,mcq,במה מחליף זאוס את הכתף האכולה של פלופס כשהוא מחייה אותו?,זאוס מקים לתחייה את פלופ ומחליף את הכתף האכולה בחתיכת שנהב.,"[""חתיכת שנהב"", ""חתיכת זהב"", ""אבן מלוטשת"", ""ברונזה""]",0,,,,,,
course_169_tantale_et_son_supplice,course_169_tantale_et_son_supplice_q4,mcq,ממה מורכב העינוי של טנטלוס בטרטרוס?,"שקוע באגם ומוקף בפירות, טנטלוס רואה את המים והאוכל נעלמים בכל פעם שהוא מנסה להגיע אליהם.","[""מים ופירות עומדים לנגד עיניו, מבלי שיוכל להגיע אליהם"", ""הוא חייב לדחוף סלע בלי סוף"", ""נשר אוכל את הכבד שלו כל יום"", ""הוא נושא את השמיים על כתפיו""]",0,,,,,,
course_169_tantale_et_son_supplice,course_169_tantale_et_son_supplice_q5,trueFalse,"נכון או לא נכון: ברגע שטנטלוס מטה את ראשו לשתות, המים מהאגם שוקעים באדמה.","לא היעדר מים מענה את טנטלוס, אלא קרבתו המתעתעת: הוא שוקע ברגע שהוא מתקרב.","[""נכון"", ""לא נכון""]",0,,,,,,
course_169_tantale_et_son_supplice,course_169_tantale_et_son_supplice_q6,mcq,איזה יסוד כימי נקרא על שם המיתוס הזה?,"בשנת 1802, הכימאי אנדרס אקברג כינה מתכת חדשה ""טנטלום"" בהתייחסות למלך המיתוס הצמא.","[""טנטלום"", ""טיטן"", ""כספית"", ""פלוטוניום""]",0,,,,,,
course_169_tantale_et_son_supplice,course_169_tantale_et_son_supplice_q7,mcq,מדוע בחר הכימאי אקברג בשם זה למתכת שגילה?,"המתכת מתנגדת לחומצות מבלי לספוג אותן, בדיוק כפי שטנטלוס לעולם לא יכול לשתות את המים סביבה.","[""כי המתכת, הטבולה בחומצות, כמעט ואינה סופגת ממנה"", ""כי המתכת ממוקמת ליד לידיה"", ""כי המטאל כבד כמו הרוק של סיזיפוס"", ""כי מתכת משנה צבע במגע עם מים""]",0,,,,,,
course_169_tantale_et_son_supplice,course_169_tantale_et_son_supplice_q8,trueFalse,"נכון או לא נכון: השושלת של טנטלוס, האטרידס, נותרה מקוללת במשך כמה דורות לאחר הפשע הזה.","הקללה מועברת לאטרידס, שאגממנון ואורסטס יירשו מאוחר יותר.","[""נכון"", ""לא נכון""]",0,,,,,,
course_16_la_bataille_de_verdun_1916,course_16_la_bataille_de_verdun_1916_q1,mcq,מהו שם הקוד שנתנו הגרמנים למתקפה שלהם נגד ורדן ב-1916?,"המבצע נושא את השם גריכט, ""בית הדין"", שנבחר על ידי הגנרל פלקנהיין.","[""גריכט"", ""ברברוסה"", ""מארז כחול"", ""מייקל""]",0,,,,,,
course_16_la_bataille_de_verdun_1916,course_16_la_bataille_de_verdun_1916_q2,mcq,מדוע בחר הגנרל הגרמני פלקנהיין בוורדן דווקא להתקפה שלו?,"פלקנהיין רוצה ""לדמם את צרפת יבשה"" על ידי משיכתה לקרב התשה במקום שהיא לא יכולה לוותר על ההגנה עליה.","[""כי צרפת לא יכולה לנטוש אותו בלי לאבד פנים, מה שמאפשר לו לדמם יבש"", ""כי ורדן היא הבירה הצבאית של צרפת"", ""כי ורדן היא העיר הכי פחות מוגנת בחזית"", ""כי הבריטים מוצבים שם""]",0,,,,,,
course_16_la_bataille_de_verdun_1916,course_16_la_bataille_de_verdun_1916_q3,numericSlider,"כמה ימים נמשך קרב ורדן, מ-21 בפברואר עד 18 בדצמבר 1916?","הקרב נמשך 299 ימים, אחד הארוכים במלחמת העולם הראשונה.",,,,299.0,150.0,450.0,20.0,ימים
course_16_la_bataille_de_verdun_1916,course_16_la_bataille_de_verdun_1916_q4,trueFalse,"נכון או שקר: פורט דואומון, המפתח להגנה הצרפתית, נפל לאחר התנגדות הירואית שנמשכה מספר שבועות.","מבצר דואומון נפל ב-25 בפברואר 1916, כמעט ללא קרב, ארבעה ימים בלבד לאחר תחילת המתקפה הגרמנית.","[""נכון"", ""לא נכון""]",1,,,,,,
course_16_la_bataille_de_verdun_1916,course_16_la_bataille_de_verdun_1916_q5,mcq,מה תפקידה של הדרך הקדושה במהלך קרב ורדן?,"ה- Voie Sacrée מחבר בין בר-לה-דוק לוורדן: כמעט 6,000 משאיות נוסעות לשם מדי יום כדי לשמור על אספקה.","[""לספק לורדן גברים וציוד מ-Bar-le-Duc"", ""פינוי אזרחים לפריז"", ""חבר את ורדן לקו מגינו"", ""הסעת שבויים גרמנים לעורף""]",0,,,,,,
course_16_la_bataille_de_verdun_1916,course_16_la_bataille_de_verdun_1916_q6,mcq,"מה מאפשרת מערכת סיבוב החיילים, הנוריה, שהוקמה על ידי פטן?","הודות לנוריה, הדיוויזיות מוקלות באופן קבוע, כך שכ-70% מהצבא הצרפתי נלחם בוורדן בזמן זה או אחר.","[""סובב חטיבות במהירות כדי להגביל את זמן השהייה בחזית"", ""תביא בדחיפות תגבורת בריטית"", ""החלף את החיילים הצרפתים בחיילים קולוניאליים בלבד"", ""רכז אוגדה אחת במהלך כל הקרב""]",0,,,,,,
course_16_la_bataille_de_verdun_1916,course_16_la_bataille_de_verdun_1916_q7,numericSlider,"כמה גברים בערך, צרפתים וגרמנים ביחד, נהרגו או נפצעו במהלך קרב ורדן?","הקרב גרם לכ-700,000 אבדות בסך הכל, כ-370,000 צרפתים ו-330,000 גרמנים.",,,,700000.0,300000.0,1200000.0,100000.0,
course_16_la_bataille_de_verdun_1916,course_16_la_bataille_de_verdun_1916_q8,chronological,שים את השלבים הללו של קרב ורדן ואת הזיכרון שלו בסדר כרונולוגי.,אבני הדרך הללו נעות בין פתיחת המתקפה הגרמנית בפברואר 1916 ועד לפיוס הצרפתי-גרמני של 1984.,,,"[""פתיחת ההפצצה הגרמנית"", ""נפילת מבצר דואומון"", ""מתקפת הסום של בעלות הברית מקלה על ורדן"", ""סוף הקרב על ורדן"", ""לחיצת יד בין מנהיגים צרפתים וגרמנים מול הגלוסקמה""]",,,,,
course_16_la_bataille_de_verdun_1916,course_16_la_bataille_de_verdun_1916_q9,mcq,מה מסמלת לחיצת היד בין פרנסואה מיטראן להלמוט קוהל בוורדן ב-1984?,המחווה הזו מול גלוסקמת דואומון הופכת את ורדן לסמל של שלום בין צרפת לגרמניה.,"[""פיוס צרפתי-גרמני"", ""חתימה על אמנה צבאית חדשה"", ""חנוכת האיחוד האירופי"", ""מחילה של חיילים ששרדו""]",0,,,,,,
course_170_meduse_et_persee,course_170_meduse_et_persee_q1,mcq,מה קורה למדוזה לאחר שנאנסה על ידי פוסידון במקדש אתנה?,"לפי ההיגיון הטרגי הקדום, אתנה מענישה את הקורבן: שערה של מדוזה הופך לנחשים ומבטה מתאבן.","[""אתנה הופכת אותה למפלצת, שערה הופך לנחשים"", ""פוסידון מתחתן איתה והופך אותה לאלילה"", ""הוא הופך לאלמוות ללא שינוי נוסף"", ""היא פשוט מגורשת ללא עונש""]",0,,,,,,
course_170_meduse_et_persee,course_170_meduse_et_persee_q2,mcq,איזה כוח יש למבטה של מדוזה?,מבטה של מדוזה הופך כל מי שפוגש בה לאבן.,"[""הוא מאבן את כל מי שפוגש אותו"", ""זה הופך אותך לבלתי נראה"", ""הוא מרפא את כל הפצעים"", ""הוא נרדם מיד""]",0,,,,,,
course_170_meduse_et_persee,course_170_meduse_et_persee_q3,mcq,איזה אתגר מטיל המלך פולידקטס על פרסאוס?,פולידקטס רוצה לשלוח את פרסאוס כדי לפתות את אמו דנה ומטיל עליו את האתגר האובדני הזה.,"[""תחזיר את הראש של מדוזה"", ""להביס את המינוטאור"", ""תתחתן עם אנדרומדה מיד"", ""מצא פירורי לחם""]",0,,,,,,
course_170_meduse_et_persee,course_170_meduse_et_persee_q4,mcq,איך פרסאוס מצליח לכרות את ראשה של מדוזה מבלי להתאבן?,"בהנחיית השתקפות המגן שלו שמציעה אתנה, פרסאוס כורת את ראשה של מדוזה הישנה מבלי להביט בה ישירות.","[""הוא מביט בה רק דרך השתקפות מגן הברונזה המלוטש שלו"", ""הוא נלחם בעיניים עצומות"", ""הוא תוקף אותו בלילה, בזמן שהוא ישן, ללא כל אמצעי זהירות מיוחדים."", ""הוא מוגן על ידי קסם אפרודיטה""]",0,,,,,,
course_170_meduse_et_persee,course_170_meduse_et_persee_q5,mcq,מי מציע לפרסאוס את מגן המראה המכריע?,"אתנה נותנת לפרסאוס את מגן הברונזה המלוטש שלה, כדי להשתמש בו כמראה נגד מדוזה.","[""אתנה"", ""הרמס"", ""שאול"", ""זאוס""]",0,,,,,,
course_170_meduse_et_persee,course_170_meduse_et_persee_q6,mcq,מה נובע מצווארה של מדוזה כשפרסאוס עורף את ראשה?,מדוזה הייתה בהריון עם פוסידון: מצווארה צצו פגסוס וכריסאור הענק.,"[""הסוס המכונף פגסוס והענק כריסאור"", ""עוד שני נחשים"", ""זרימה של דם זהב"", ""הרוח של פוסידון""]",0,,,,,,
course_170_meduse_et_persee,course_170_meduse_et_persee_q7,mcq,מדוע אנדרומדה כבולה לסלע כשפרסאוס מגלה אותה?,"אנדרומדה מוצעת למפלצת הים Cetos, שנשלחה על ידי פוסידון להעניש את גאוותה של אמו קסיופה.","[""היא מוצעת כקורבן למפלצת ים כדי להעניש את גאוותה של אמה"", ""היא לא צייתה לאביה המלך"", ""היא גנבה אוצר קדוש"", ""היא מסרבת להתחתן עם פרסאוס""]",0,,,,,,
course_170_meduse_et_persee,course_170_meduse_et_persee_q8,mcq,מה קורה לראשה של מדוזה ברגע שהוא ניתן לאתנה?,"אתנה מקבעת את ראשה של מדוזה על זרועותיה: גורגוניאון זה הופך לכוח מגן, מעטר מקדשים ומגנים.","[""הוא מקובע על האגף שלו והופך לסמל הגורגוניון, סמל המגן"", ""הוא נהרס כדי למחוק את הזיכרון של מדוזה"", ""היא קבורה בראש האולימפוס"", ""היא מוצעת לפוסידון כתיקון""]",0,,,,,,
course_170_meduse_et_persee,course_170_meduse_et_persee_q9,chronological,עשה סדר בשלבים אלה של המיתוס של מדוזה ופרסאוס.,"מההתקפה של מדוזה ועד הגאולה של אנדרומדה, הסיפור עוקב אחר התקדמות מדויקת.",,,"[""פוסידון תוקף את מדוזה במקדש אתנה"", ""פרסאוס מקבל כלי נשק קסומים מהאלים למסעו"", ""פרסאוס כורת את ראשו של מדוזה בזכות השתקפות המגן שלו"", ""פרסאוס משחרר את אנדרומדה ממפלצת הים קטוס""]",,,,,
course_171_hercule_et_ses_12_travaux,course_171_hercule_et_ses_12_travaux_q1,mcq,מדוע הרקלס צריך לבצע את שתים עשרה עבודתו?,"מוכה טירוף על ידי הרה, הרקלס טובח את אשתו מגרה ואת ילדיו; העבודות הן הכפרה שלו על הפשע הזה.","[""כתשובה לאחר שהרג את אשתו וילדיו בהתקף טירוף שעוררה הרה"", ""כדי להוכיח את כוחו לאלי האולימפוס"", ""לפי טעם פשוט של הרפתקה"", ""בהזמנה ישירה מזאוס, ללא סיבה ספציפית""]",0,,,,,,
course_171_hercule_et_ses_12_travaux,course_171_hercule_et_ses_12_travaux_q2,mcq,מי כופה על הרקלס את רשימת יצירותיו?,"האורקל של דלפי מצווה על הרקלס לשרת את בן דודו אוריסתיאוס, שמטיל עליו עשר עבודות, ולאחר מכן שתים עשרה.","[""המלך אוריסתיאוס, בן דודו, בפקודת האורקל של דלפי"", ""זאוס עצמו"", ""הרה עצמה"", ""המלך מינוס""]",0,,,,,,
course_171_hercule_et_ses_12_travaux,course_171_hercule_et_ses_12_travaux_q3,mcq,כיצד מביס הרקלס את האריה הנאמן?,"מול עורו הבלתי חדיר של האריה, הרקלס חונק אותו בידיו החשופות, ואז לובש אותו כשריון.","[""הוא חונק אותו בידיו החשופות, עורו בלתי חדיר לכלי נשק"", ""הוא שורף אותו בחיים"", ""הוא מטביע אותו בנהר"", ""הוא לוכד אותו ברשת""]",0,,,,,,
course_171_hercule_et_ses_12_travaux,course_171_hercule_et_ses_12_travaux_q4,mcq,איזו יחודיות הופכת את ההידרה הלרינית לקשה כל כך להביס?,"כל ראש כרות של ההידרה מצמיח שניים מחדש, עד שהרקלס צורב את הצוואר באש.","[""על כל ראש שנכרת, שניים צומחים בחזרה"", ""היא בלתי נראית לחלוטין"", ""היא נושמת אש"", ""זה מתחדש במלואו בכל לילה""]",0,,,,,,
course_171_hercule_et_ses_12_travaux,course_171_hercule_et_ses_12_travaux_q5,mcq,איך הרקלס מנקה את אורוות אוג'אן ביום אחד?,"הרקלס מסיט את הנהרות אלפאוס ופניאוס, שהזרם שלהם מוביל את הזבל ביום אחד.","[""הוא מסיט את מסלולם של שני נהרות דרך האורוות"", ""הוא משתמש בצבא של עבדים"", ""זה שורף את כל הזבל שהצטבר"", ""הוא מבקש עזרה מאתנה""]",0,,,,,,
course_171_hercule_et_ses_12_travaux,course_171_hercule_et_ses_12_travaux_q6,mcq,כיצד מצליח הרקלס להחזיר את תפוחי הזהב מההספרידים?,הרקלס מרמה את אטלס הטיטאן כדי להשיג את תפוחי הזהב של ההספרידים.,"[""הוא מרמה את הטיטאן אטלס, הנושא את השמיים על כתפיו"", ""הוא נלחם בדרקון לבדו בפרדס"", ""הוא גונב תפוחים בלילה מבלי שיראו אותו"", ""הוא קונה אותם מהנימפות השומרות""]",0,,,,,,
course_171_hercule_et_ses_12_travaux,course_171_hercule_et_ses_12_travaux_q7,mcq,מהו האחרון והנורא ביותר מבין שנים עשר עבודתו של הרקלס?,"החזרת סרברוס בחיים מהעולם התחתון מסמלת, עבור הרקלס, ניצחון על המוות עצמו.","[""יורדים לגיהנום ומחזירים את קרברוס"", ""להרוג את המינוטאור"", ""לגנוב את החגורה של היפוליט"", ""להביס את גריון הענק""]",0,,,,,,
course_171_hercule_et_ses_12_travaux,course_171_hercule_et_ses_12_travaux_q8,trueFalse,"נכון או שקר: הרקלס מת כשהוא מורעל על ידי טוניקה ספוגה בדמו של הקנטאור נסוס, שהציעה אשתו דיאנירה.","דיאנירה גורמת להרקלס ללבוש טוניקה ספוגה בדמו הרעיל של הקנטאור נסוס, מה ששורף אותו בחיים.","[""נכון"", ""לא נכון""]",0,,,,,,
course_171_hercule_et_ses_12_travaux,course_171_hercule_et_ses_12_travaux_q9,mcq,מה קורה אחרי שהרקלס מת על המוקד בהר אוטה?,"על המוקד, החלק בן התמותה של הרקלס נשרף בעוד המהות האלוהית שלו עולה לכיוון האולימפוס: זו האפתיאוזה.","[""החלק האלוהי שלו מצטרף לאולימפוס: הוא האפוטאוזה"", ""זה רק הופך לקבוצת כוכבים בשמיים"", ""הוא נולד מחדש בן אלמוות על פני כדור הארץ"", ""הוא בהחלט יורד לגיהנום""]",0,,,,,,
course_171_hercule_et_ses_12_travaux,course_171_hercule_et_ses_12_travaux_q10,chronological,עשה סדר בשלבים אלה של המיתוס של הרקלס.,"מהטירוף שעוררה הרה ועד הירידה לעולם התחתון, פועלו של הרקלס עוקב אחר התקדמות ברורה.",,,"[""הרה משגעת את הרקלס וגורמת לו להרוג את משפחתו"", ""הרקלס חונק את האריה הנאמן בידיו החשופות"", ""הרקלס מפנה שני נהרות כדי לנקות את אורוות אוג'יאן"", ""הרקלס יורד לעולם התחתון כדי להחזיר את קרברוס""]",,,,,
course_172_thesee_et_le_minotaure,course_172_thesee_et_le_minotaure_q1,mcq,"מדוע נולד המינוטאור, לפי המיתוס?","מינוס מסרב להקריב שור לבן לפוסידון, אשר נוקם בכך שהוא מעורר השראה במלכה פסיפה בתשוקה לחיה, ממנה נולד המינוטאור.","[""פוסידון מעניש את מינוס בכך שהחדיר למלכה פסיפיה תשוקה לשור"", ""מינוס יוצר בכוונה מפלצת כדי להפחיד את אתונה"", ""המינוטאור הוא מתנה מזאוס למינוס"", ""דדלוס ממציא את המינוטאור כדי לבדוק את המבוך שלו""]",0,,,,,,
course_172_thesee_et_le_minotaure,course_172_thesee_et_le_minotaure_q2,mcq,מי בנה את המבוך שנועד להקיף את המינוטאור?,"המלך מינוס מזמין את הממציא דדלוס לבנות כלא ללא מוצא, המבוך.","[""מבוך"", ""תזאוס"", ""מינוס"", ""אריאן""]",0,,,,,,
course_172_thesee_et_le_minotaure,course_172_thesee_et_le_minotaure_q3,mcq,מה אתונה צריכה לספק לכרתים כל תשע שנים?,"לאחר מלחמה אבודה, אתונה חייבת למסור למינוטאור שבעה צעירים ושבע נערות צעירות מדי תשע שנים כמזון.","[""שבעה גברים צעירים ושבע נערות רועות עם המינוטאור"", ""מחווה של זהב וכסף"", ""שבע ספינות מלחמה"", ""בנו של המלך אגיוס בלבד""]",0,,,,,,
course_172_thesee_et_le_minotaure,course_172_thesee_et_le_minotaure_q4,mcq,בזכות איזה חפץ מצליח תזאוס לצאת מהמבוך?,"אריאן נותנת לו כדור צמר שאותו הוא מתגלגל כשהוא הולך קדימה, ואז מתהלך אחורה כדי למצוא את היציאה.","[""כדור חוט שאריאן נתנה לו"", ""מפה שצויר על ידי דדלוס"", ""מנורת קסם"", ""מפה חרוטה על הקירות""]",0,,,,,,
course_172_thesee_et_le_minotaure,course_172_thesee_et_le_minotaure_q5,trueFalse,נכון או לא נכון: תזאוס נוטש את אריאדנה הישנה באי נקסוס במהלך הנסיעה חזרה.,באי נקסוס נוטש תזאוס את אריאדנה הישנה; יש האומרים שהאל דיוניסוס רצה בה כאשתו.,"[""נכון"", ""לא נכון""]",0,,,,,,
course_172_thesee_et_le_minotaure,course_172_thesee_et_le_minotaure_q6,mcq,מדוע השליך את עצמו המלך אייגוס מכף סוניון?,"תזאוס שוכח להניף את המפרשים הלבנים המוסכמים; כשהוא רואה את המפרשים השחורים, אאגוס חושב שבנו מת ומשליך את עצמו מהצוק.","[""הוא חושב שבנו מת כשהוא רואה את המפרשים השחורים של הספינה"", ""הוא נודע על מות אשתו"", ""הוא מובס על ידי מינוס"", ""הוא ברח מפלישת כרתים""]",0,,,,,,
course_172_thesee_et_le_minotaure,course_172_thesee_et_le_minotaure_q7,mcq,מאיפה השם של הים האגאי?,"הים נקרא אגאי מאז שהמלך השליך את עצמו לתוכו, מתוך אמונה שבנו מת.","[""של המלך אגיוס, שמת בהשליך עצמו למימיו"", ""מאלת ים בשם אאגאוס"", ""מאי בשם אגאי"", ""נקרא על שם הספינה של תזאוס""]",0,,,,,,
course_172_thesee_et_le_minotaure,course_172_thesee_et_le_minotaure_q8,mcq,"פעם מלך אתונה, איזו עבודה פוליטית גדולה מיוחסת לתזאוס?","תזאוס מיוחס לזכותו של סינואיזם, איחוד הכפרים של אטיקה סביב אתונה, וכן מוסד הפנתנאה.","[""איחוד הערים אטיקה מסביב לאתונה (סינואקיזם)"", ""בניית הפרתנון"", ""ייסוד הדמוקרטיה האתונאית"", ""כיבוש כרתים""]",0,,,,,,
course_172_thesee_et_le_minotaure,course_172_thesee_et_le_minotaure_q9,chronological,עשה סדר בשלבים אלה של המיתוס של תזאוס והמינוטאור.,"סירובו של מינוס גורם להולדת המינוטאור, לאחר מכן את המחווה, את תחבולתו של אריאדנה, ולבסוף את מותו של אאגאוס בטעות.",,,"[""מינוס מסרב להקריב שור לבן לפוסידון"", ""תזאוס מתנדב למחווה שנשלחה לכרתים"", ""אריאדנה נותנת לתזאוס את החוט שיאפשר לו להימלט מהמבוך"", ""אייגוס זורק את עצמו מקייפ סוניון כשהוא רואה את המפרשים השחורים""]",,,,,
course_173_ulysse_et_le_cyclope,course_173_ulysse_et_le_cyclope_q1,mcq,מי זה פוליפמוס?,"פוליפמוס הוא קיקלופ, ענק בעל עין אחת, בנו של אל הים פוסידון.","[""קיקלופ, בנו של האל פוסידון"", ""מלך יווני בעל ברית עם יוליסס"", ""אל של אולימפוס"", ""אחיו של יוליסס""]",0,,,,,,
course_173_ulysse_et_le_cyclope,course_173_ulysse_et_le_cyclope_q2,mcq,איזה שלטון יווני מקודש אודיסאוס מקווה לראות בכבוד כשיכנס למערת הקיקלופ?,"היוונים האמינו בקסניה, החובה הקדושה לקבל את פני הזר תחת חסותו של זאוס; פוליפמוס אינו מודע לכך לחלוטין.","[""קסניה, החובה לקבל את פני הזר"", ""חוק המלחמה"", ""חוק החזקים ביותר"", ""המחווה השנתית""]",0,,,,,,
course_173_ulysse_et_le_cyclope,course_173_ulysse_et_le_cyclope_q3,mcq,איזה שם ערמומי נותן אודיסאוס לפוליפמוס?,"יוליסס מציג את עצמו בתור ""אף אחד"" (Outis ביוונית), שם שגם מעורר תרבותיות, ערמומיות ואשר זורע בלבול לאחר הפיגוע.","[""אף אחד (אאוטיס)"", ""בטל"", ""אודיסאוס מאיתקה"", ""הזר""]",0,,,,,,
course_173_ulysse_et_le_cyclope,course_173_ulysse_et_le_cyclope_q4,mcq,איך אודיסאוס ואנשיו מצליחים לפצוע את פוליפמוס?,"אודיסאוס חותך יתד זית שהוא מחמם, ואז אנשיו דחפו אותו לתוך העין היחידה של הקיקלופ ישן ליד היין.","[""הם תוקעים יתד זית בוער בעינו האחת"", ""הם מרעילים אותו ביין"", ""הם תוקפים אותו בחרבות בזמן שהוא ישן"", ""הם גורמים למערה להתמוטט""]",0,,,,,,
course_173_ulysse_et_le_cyclope,course_173_ulysse_et_le_cyclope_q5,trueFalse,"נכון או שקר: כשהקיקלופים האחרים שואלים מי תוקף את פוליפמוס, הוא עונה ""אף אחד"", והם מתרחקים בלי להתערב.","פוליפמוס צועק ש""אף אחד"" לא תוקף אותו: הקיקלופים האחרים, המאמינים ברוע האלוהי, לא באים לעזור לו.","[""נכון"", ""לא נכון""]",0,,,,,,
course_173_ulysse_et_le_cyclope,course_173_ulysse_et_le_cyclope_q6,mcq,איך אודיסאוס וחבריו יוצאים מהמערה שנצפו על ידי הקיקלופ העיוור?,אודיסאוס קושר את חבריו מתחת לבטן הכבשה הצמרית ביותר ובעצמו תלוי מתחת לאיל הגדול ביותר כדי להונות את הקיקלופ העיוור.,"[""חבוי מתחת לבטן צאן הצאן"", ""על ידי חפירת מנהרה"", ""על ידי העמדת פנים של כבשים מצוירות"", ""על ידי הרדמת פוליפמוס פעם שנייה""]",0,,,,,,
course_173_ulysse_et_le_cyclope,course_173_ulysse_et_le_cyclope_q7,mcq,איזו טעות עושה אודיסאוס ברגע שהוא בטוח בים?,"מתוך תשוקה לקליאוס, התהילה ששורדת בשם, אודיסאוס צועק את זהותו לפוליפמוס, שיוכל אז לקלל אותו בשמו לפוסידון.","[""הוא חושף בפני פוליפמוס את שמו האמיתי ואת עירו מתוך רצון לתפארת."", ""הוא נוטש כמה מאנשיו באי"", ""הוא תוקף שוב את המערה של קיקלופ"", ""הוא מסרב לעזור למלוויו הפצועים""]",0,,,,,,
course_173_ulysse_et_le_cyclope,course_173_ulysse_et_le_cyclope_q8,mcq,מהי ההשלכה של קללת פוליפמוס על אודיסאוס?,פוליפמוס מתפלל לאביו פוסידון כדי שיוליסס נודד זמן רב ומאבד את כל חבריו: הקללה הזו פותחת עשר שנים של ניסויים בים.,"[""הוא בונה עשר שנים של שיטוט בים עבור יוליסס"", ""היא הופכת את יוליסס לקיקלופ"", ""היא הורגת מיד את כל חבריה"", ""היא מונעת מיוליסס אי פעם לראות את איתקה שוב""]",0,,,,,,
course_173_ulysse_et_le_cyclope,course_173_ulysse_et_le_cyclope_q9,chronological,עשה סדר בשלבים האלה של פרק הקיקלופ.,"מהכניסה למערה ועד לסנוור, ואז לווידוי השם בים, הפרק עוקב אחר התקדמות מדויקת שחותמת את גורלו של יוליסס.",,,"[""אודיסאוס ואנשיו נכנסים למערה של פוליפמוס"", ""פוליפמוס משתכר ושואל לשמו של האורח שלו"", ""היוונים עיוורים את הקיקלופ עם היתד הבוער"", ""אודיסאוס צועק את שמו האמיתי מהספינה""]",,,,,
course_174_ulysse_et_les_sirenes,course_174_ulysse_et_les_sirenes_q1,mcq,מה מבטיחות הסירנות למי שמאזין להן?,"הסירנות מבטיחות ידע מוחלט, כולל כל מה שקרה במלחמת טרויה, הפיתוי העליון של אודיסאוס.","[""ידע מוחלט על כל מה שקורה על פני כדור הארץ"", ""עושר אינסופי"", ""נצח"", ""חזרה מיידית לאיתקה""]",0,,,,,,
course_174_ulysse_et_les_sirenes,course_174_ulysse_et_les_sirenes_q2,trueFalse,"נכון או לא נכון: אצל הומרוס, הסירנות מיוצגות כנשים עם זנבות דגים.","אצל הומרוס, הסירנות הן חצי נשים, חצי ציפורים; הייצוג כאשת דג מופיע רק מאוחר יותר, בימי הביניים.","[""נכון"", ""לא נכון""]",1,,,,,,
course_174_ulysse_et_les_sirenes,course_174_ulysse_et_les_sirenes_q3,mcq,מה עושה אודיסאוס כדי שחבריו לא ישמעו את שירת הסירנות?,יוליסס אוטם את אוזני חבריו בשעוות דבורים כדי שלא ישמעו דבר מהשיר.,"[""הוא אוטם את אוזניהם בשעווה דבורים"", ""הוא גורם להם להירדם"", ""הוא מנחית אותם לפני אי הסירנות"", ""הוא נותן להם רעל נגד""]",0,,,,,,
course_174_ulysse_et_les_sirenes,course_174_ulysse_et_les_sirenes_q4,mcq,איך אודיסאוס מצליח לשמוע את השיר מבלי להיכנע לו?,"אודיסאוס קושר את עצמו לתורן ומצווה על אנשיו להדק את קשריו אם הוא דורש את חירותו, מה שיגיד.","[""הוא קשור לתורן עם פקודות להדק את קשריו אם יבקש להשתחרר."", ""הוא חצי מכסה את אוזניו"", ""הוא עוצם את עיניו במהלך כל המעבר"", ""הוא גורם לאנשיו לשאת מגן קסם""]",0,,,,,,
course_174_ulysse_et_les_sirenes,course_174_ulysse_et_les_sirenes_q5,mcq,מי הזהיר את יוליסס מהסכנה ומהאסטרטגיה לאמץ נגד הסירנות?,היה זה הקוסם סירס שהזהיר את יוליסס ואיפשר לו להכין את האסטרטגיה שלו.,"[""הקוסם סירק"", ""האלה אתנה"", ""מגיד העתידות טירסיאס"", ""אשתו פנלופה""]",0,,,,,,
course_174_ulysse_et_les_sirenes,course_174_ulysse_et_les_sirenes_q6,mcq,איזה מושג במדעי החברה ממחיש את הסצנה של אודיסאוס קשור לתורן?,"ביודעו שהוא יהיה חלש מול הפיתוי, יוליסס עצמו מגביל את האפשרויות שלו מראש: זו ההתחייבות המוקדמת, או ההתחייבות המוקדמת.","[""התחייבות מראש"", ""הטיית אישור"", ""האפקט הקבוצתי"", ""דיסוננס קוגניטיבי""]",0,,,,,,
course_174_ulysse_et_les_sirenes,course_174_ulysse_et_les_sirenes_q7,trueFalse,"נכון או לא נכון: ברגע שהשיר נשמע, יוליסס נשאר רגוע לחלוטין ולעולם לא מבקש להיות מנותק.","כשהשיר עולה, יוליסס מאבד את שלוותו וצועק להתיר אותו; רק אנשיו, חירשים ונאמנים לתוכנית, מונעים ממנו להיכנע.","[""נכון"", ""לא נכון""]",1,,,,,,
course_174_ulysse_et_les_sirenes,course_174_ulysse_et_les_sirenes_q8,mcq,כיצד התפתח הדימוי של סירנות בימי הביניים?,"בימי הביניים, אשת הציפור ההומרית הפכה לאשת דג, והכנסייה קראה סירנות כסמלים של תאווה.","[""אשת הציפור הופכת לאשת דגים, סמל לתשוקה לכנסייה"", ""הסירנות הופכות למלאכי הגנה"", ""הם נעלמים לחלוטין מהאיקונוגרפיה"", ""הם קשורים לאל פוסידון""]",0,,,,,,
course_174_ulysse_et_les_sirenes,course_174_ulysse_et_les_sirenes_q9,chronological,סדר את השלבים האלה מפרק בנות הים.,"האזהרה של Circe קודמת להכנה החומרית, ואז למבחן השיר עצמו, שבו רק העיבוד הקודם מציל את יוליסס.",,,"[""קירס מזהיר את יוליסס מסכנת הסירנות"", ""אודיסאוס מכסה את אוזני חבריו בשעווה"", ""אודיסאוס נקשר לתורן הספינה"", ""שיר הסירנות מהדהד ויוליסס דורש את חירותו""]",,,,,
course_175_jason_et_la_toison_d_or,course_175_jason_et_la_toison_d_or_q1,mcq,למה ג'ייסון הולך לחפש את גיזת הזהב?,"פליאס, שכבש את כס המלכות של איולקוס, מבטיח להחזיר אותו לג'ייסון אם יחזיר את גיזת הזהב הנשמרת על ידי דרקון.","[""דודו פליאס דורש זאת ממנו בתמורה לכס המלכות שגזל."", ""הוא רוצה להרשים את מדיאה"", ""האלים מגלים אותו לקולכיס"", ""הוא מבקש לנקום באביו אסון""]",0,,,,,,
course_175_jason_et_la_toison_d_or,course_175_jason_et_la_toison_d_or_q2,mcq,איך ג'ייסון מאבד סנדל לפני שהוא תובע את כסאו?,"ג'ייסון עוזר לאישה זקנה לחצות נחל, למעשה האלה הרה בתחפושת, ומאבד סנדל בבוץ.","[""בכך שעזרה לאישה זקנה, למעשה האלה הרה בתחפושת, לחצות נחל"", ""בזמן שנלחם במפלצת ים"", ""במהלך סערה על ארגו"", ""בורח מההרפיות""]",0,,,,,,
course_175_jason_et_la_toison_d_or,course_175_jason_et_la_toison_d_or_q3,mcq,"מי מרכיב את צוות הספינה ארגו, לצד ג'ייסון?","הארגו לוקח על סיפון קבוצת עילית של גיבורים יווניים, כולל הרקלס, אורפיאוס והתאומים קסטור ופולוקס.","[""גיבורים כמו הרקלס, אורפיאוס, קסטור ופולוקס"", ""רק מלחים אנונימיים מאיולקוס"", ""אמזונות הגיעו כחיזוקים"", ""המלך אייטס וחצרו""]",0,,,,,,
course_175_jason_et_la_toison_d_or,course_175_jason_et_la_toison_d_or_q4,mcq,כיצד חצו הארגונאוטים את סלעי סימפלגדס?,"ג'ייסון משחרר יונה: הסלעים נסגרים על נוצותיה ואז נפתחים, מה שמאפשר לארגו בקושי לעבור.","[""ג'ייסון משחרר יונה כדי לבדוק מתי הסלעים נפתחים"", ""הם מקיפים את הסלעים בשביל אחר"", ""פוסידון מזיז את הסלעים בעצמו"", ""הם מחכים ללילה ללא ירח כדי שלא יבחינו בהם""]",0,,,,,,
course_175_jason_et_la_toison_d_or,course_175_jason_et_la_toison_d_or_q5,mcq,איזה תפקיד ממלאת מדיאה בכיבוש גיזת הזהב?,"המאוהבת בג'ייסון, מדיאה מספקת לו משחה נגד אש השוורים, מייעצת תחבולה נגד הלוחמים שנולדו משיני הדרקון, ואז מרדימה את הדרקון השומר.","[""היא נותנת לג'ייסון משחת הגנה ומרדימה את הדרקון השומר"", ""היא נלחמת בדרקון בעצמה עם חרב"", ""היא משכנעת את אביה לוותר על הפליסה בשלווה"", ""היא הופכת את ג'ייסון לשור בלתי מנוצח""]",0,,,,,,
course_175_jason_et_la_toison_d_or,course_175_jason_et_la_toison_d_or_q6,trueFalse,"נכון או שקר: כדי לברוח מקולכיס, מדיאה הורגת את אחיה אבסירטוס ומפזרת את שרידיו בים כדי לעכב את אביהם.","מדיאה הורגת את אחיה אבסירטוס ומפזרת את שרידיו בים; אביהם אייטס עוצר כדי לאסוף את הגופה, מה שמאפשר לג'ייסון ולמדאה לברוח.","[""נכון"", ""לא נכון""]",0,,,,,,
course_175_jason_et_la_toison_d_or,course_175_jason_et_la_toison_d_or_q7,mcq,"איך מדיאה נוקמת בפליאס, שמסרבת לוותר על כס המלכות לג'ייסון?","מדיאה מרמה את בנותיו של פליאס להאמין שהן יכולות להצעיר את אביהם על ידי חיתוך, מה שהורג אותו.","[""היא מרמה את בנותיה להרוג אותו מתוך אמונה שהיא תעשה אותו צעיר יותר"", ""היא מרעילה אותו ישירות"", ""היא מוסרת אותו לדרקון קולכיס"", ""היא מבקשת מהרקלס להילחם בו""]",0,,,,,,
course_175_jason_et_la_toison_d_or,course_175_jason_et_la_toison_d_or_q8,mcq,מדוע מדיאה נוקמת סוף סוף בג'ייסון בקורינתוס?,"כשג'ייסון רוצה להתחתן עם בתו של המלך קריאון, מדיאה נוקמת על ידי הריגת יריבתה בשמלה מורעלת, ולאחר מכן את ילדיהם.","[""ג'ייסון רוצה לנטוש אותה כדי להתחתן עם בתו של המלך קריאון"", ""ג'ייסון מסרב להכיר בילדיהם"", ""ג'ייסון מגרש אותה מקורינתוס ללא סיבה"", ""ג'ייסון מגלה את סודו הקסום למלך""]",0,,,,,,
course_175_jason_et_la_toison_d_or,course_175_jason_et_la_toison_d_or_q9,chronological,סדר את השלבים האלה בסיפור של ג'ייסון וגיזת הזהב.,"מהיציאה לאיולקוס ועד נקמתה הסופית של מדיאה בקורינתוס, המיתוס עוקב אחר מסלול מתמשך של כיבוש ואז נפילה.",,,"[""ג'ייסון מאבד סנדל בזמן שהוא עוזר לאישה זקנה"", ""ה-Argo חוצה את Roches Symlégades בזכות יונה"", ""מדיאה מרדימה את הדרקון וג'ייסון לוקח את הגיזה"", ""מדיאה נוקמת על בגידתו של ג'ייסון בקורינתוס""]",,,,,
course_176_achille_le_talon_et_l_invulnerabilite,course_176_achille_le_talon_et_l_invulnerabilite_q1,mcq,מי ההורים של אכילס?,אכילס הוא בנם של הנימפה תטיס ופלאוס בן התמותה.,"[""הנימפה תטיס ופליאוס בן התמותה"", ""האלה הרה והמלך פריאם"", ""הנימפה תטיס והאל זאוס"", ""גם לא בן תמותה""]",0,,,,,,
course_176_achille_le_talon_et_l_invulnerabilite,course_176_achille_le_talon_et_l_invulnerabilite_q2,mcq,מדוע תטיס צולל את אכילס לתוך הסטיקס?,"תטיס צולל את אכילס לתוך הסטיקס, נהר השאול, שמימיו יהפכו את עורו לבלתי חדיר, כדי להגן עליו.","[""להפוך את עורו לבלתי חדיר ולהגן עליו"", ""לטהר אותו לפני לידתו הרשמית"", ""לתת לו את מתנת דבר האלים"", ""להרדים אותו לפני נסיעה ארוכה""]",0,,,,,,
course_176_achille_le_talon_et_l_invulnerabilite,course_176_achille_le_talon_et_l_invulnerabilite_q3,mcq,מדוע עקב אכילס נשאר פגיע?,"על ידי אחיזתו בעקב כדי לטבול אותו בסטיקס, תטיס משאיר את האזור הזה יבש, ולכן פגיע.","[""תטיס מחזיק אותו בעקב על ידי טבילתו בסטיקס, אשר לכן נשאר יבש"", ""אכילס הוציא את רגלו מהמים מתוך סקרנות"", ""הסטיקס מעולם לא נגע ברגליו"", ""אל קנאי קילל את עקבו""]",0,,,,,,
course_176_achille_le_talon_et_l_invulnerabilite,course_176_achille_le_talon_et_l_invulnerabilite_q4,mcq,מדוע אכילס נסוג מהקרב לפני טרויה?,"לאחר שאגממנון לוקח את בריזיס בשבי שלו, אכילס, נעלב, נסוג מהקרב, מה שמחליש קשות את הצבא היווני.","[""אגממנון לוקח את בריסייס השבוי שלו, עלבון שהוא לא סובל"", ""יש לו עקב פצוע"", ""הוא מסרב להתמודד מול הקטור"", ""האלים אוסרים עליו להילחם""]",0,,,,,,
course_176_achille_le_talon_et_l_invulnerabilite,course_176_achille_le_talon_et_l_invulnerabilite_q5,mcq,מה סוף סוף מחזיר את אכילס לקרב?,"זהו מותו של פטרוקלוס, בן לוויתו היקר ביותר, שדוחף את אכילס לאחוז שוב בנשק.","[""מותו של בן לוויתו פטרוקלוס"", ""הבטחה לעושר מאגממנון"", ""הפקודה הישירה של זאוס"", ""לכידת הטרויאנים את בריסייס""]",0,,,,,,
course_176_achille_le_talon_et_l_invulnerabilite,course_176_achille_le_talon_et_l_invulnerabilite_q6,trueFalse,"נכון או שקר: לאחר שהרג את הקטור, אכילס גורר את גופתו מאחורי מרכבתו, ורק המלך פריאם מצליח לשכנע אותו להחזיר אותה.",אכילס גורר את גופתו של הקטור מתוך כעס; זה הביקור הלילי של המלך פריאם הזקן שמחזיר אותו לאנושות וגורם לו להחזיר את הגופה.,"[""נכון"", ""לא נכון""]",0,,,,,,
course_176_achille_le_talon_et_l_invulnerabilite,course_176_achille_le_talon_et_l_invulnerabilite_q7,mcq,מי יורה בחץ הקטלני שהורג את אכילס בעקב?,"זה פריז, נסיך קשת מוערך מעט בשל גבורתו, שיורה את החץ הקטלני, בהנחיית אפולו, אל עקבו של אכילס.","[""פריז, בהדרכת אפולו"", ""הקטור, לפני שמת"", ""אגממנון, מתוך קנאה"", ""פריאם, לנקום את בנו""]",0,,,,,,
course_176_achille_le_talon_et_l_invulnerabilite,course_176_achille_le_talon_et_l_invulnerabilite_q8,mcq,"איזו ברירה הייתה לאכילס, לפי המיתוס?",לאכילס הייתה הבחירה בין חיים ארוכים ונשכחים לבין חיים קצרים אך מפורסמים לנצח: הוא בחר בתהילה.,"[""חיים ארוכים ונשכחים, או חיים קצרים ומפוארים"", ""הפוך למלך טרויה או השאר חייל פשוט"", ""התחתן עם בריזיס או התחתן עם הלנה"", ""להילחם למען הטרויאנים או היוונים""]",0,,,,,,
course_176_achille_le_talon_et_l_invulnerabilite,course_176_achille_le_talon_et_l_invulnerabilite_q9,mcq,"מה פירוש הביטוי ""עקב אכילס"" כיום?","המונח ""עקב אכילס"" מתייחס לפגם הנסתר במערכת או אדם חזקים אחרת.","[""הפגם במערכת שנראית מוצקה אחרת"", ""פציעת ספורט נפוצה בלבד"", ""קורבן גבורה מרצון"", ""קו ההגנה האחרון של הצבא""]",0,,,,,,
course_176_achille_le_talon_et_l_invulnerabilite,course_176_achille_le_talon_et_l_invulnerabilite_q10,chronological,עשה סדר בשלבים האלה בחייו של אכילס.,"מהגנתו כילד ועד למותו בקרב, גורלו של אכילס הולך במסלול המסומן בתהילה ובמוות של עקבו.",,,"[""תטיס צולל את התינוק אכילס לתוך הסטיקס, מחזיק אותו בעקב"", ""אכילס נסוג מהקרב לאחר העלבון של אגממנון"", ""מותו של פטרוקלוס מחזיר את אכילס לשדה הקרב"", ""פאריס מגיעה לעקב אכילס עם חץ המונחה על ידי אפולו""]",,,,,
course_177_dipe_et_le_sphinx,course_177_dipe_et_le_sphinx_q1,mcq,מהו הספינקס במיתוס אדיפוס?,"הספינקס הוא יצור כלאיים (גוף של אריה, פסל אישה, כנפי ציפור, זנב של נחש) שחוסם את כבישי תבי והורג את מי שנכשל בחידה שלו.","[""מפלצת היברידית שמהווה חידה קטלנית לעוברים ושבים ליד תבאי"", ""אל יווני נקמני"", ""מלך יריב של תיבי"", ""יצור ימי שנשלח על ידי פוסידון""]",0,,,,,,
course_177_dipe_et_le_sphinx,course_177_dipe_et_le_sphinx_q2,mcq,למה תבאי חסר מנהיג אמיתי כשהספינקס משתלט?,"המלך לאיוס נעלם, נהרג על ידי אלמוני בצומת דרכים, והותיר את העיר תבאי ללא מנהיג לגיטימי.","[""המלך לאיוס נעלם, נהרג על ידי אלמוני בצומת דרכים"", ""המלך התפטר מרצונו"", ""זה עתה פלשו לעיר"", ""כס המלכות תמיד היה פנוי""]",0,,,,,,
course_177_dipe_et_le_sphinx,course_177_dipe_et_le_sphinx_q3,mcq,מה השאלה ששאל הספינקס?,"הספינקס שואל לאיזה יצור יש ארבעה רגל בבוקר, שתיים בצהריים ושלוש בערב.","[""לאיזה יצור יש ארבעה רגל בבוקר, שתיים בצהריים, שלוש בערב?"", ""מה שמו של המלך האמיתי של תבי?"", ""איך להביס מפלצת בלי נשק?"", ""איזו עיר תשלוט ביוון?""]",0,,,,,,
course_177_dipe_et_le_sphinx,course_177_dipe_et_le_sphinx_q4,mcq,איזו תשובה נותן אדיפוס לחידת הספינקס?,"אדיפוס עונה ""האיש"": כילד הוא זוחל על ארבע, כמבוגר הוא הולך על שתי רגליים, כזקן הוא נשען על מקל.","[""האיש"", ""זמן"", ""חיה בעלת ארבע רגליים"", ""אלוהים""]",0,,,,,,
course_177_dipe_et_le_sphinx,course_177_dipe_et_le_sphinx_q5,trueFalse,"נכון או שקר: כפרס על ניצחונו על הספינקס, אדיפוס מקבל את כתר תבאי ומתחתן עם המלכה האלמנה יוקסטה.","כפי שהובטח, אדיפוס הופך למלך תבאי ומתחתן עם המלכה האלמנה, יוקסטה, לאחר שהביס את הספינקס.","[""נכון"", ""לא נכון""]",0,,,,,,
course_177_dipe_et_le_sphinx,course_177_dipe_et_le_sphinx_q6,mcq,מדוע אדיפוס ברח מקורינתוס לפני שהגיע לתבאי?,"אורקל חזה לאדיפוס שהוא יהרוג את אביו ויתחתן עם אמו: הוא ברח מקורינתוס, מתוך אמונה שיברח מהגורל הזה.","[""אורקל חזה שהוא יהרוג את אביו וינשא לאמו."", ""הוא גורש בגלל בגידה"", ""הוא חיפש את מזלו במקום אחר"", ""הוא נמלט ממלחמת אזרחים""]",0,,,,,,
course_177_dipe_et_le_sphinx,course_177_dipe_et_le_sphinx_q7,mcq,"מה מגלה אפולו כשהמגיפה מכה בתבאי, מאוחר יותר בתקופת שלטונו של אדיפוס?","אפולו מגלה שהמגיפה תסתיים רק כאשר יזוהה הרוצח של המלך לאיוס, מה שפותח את החקירה הקטלנית של אדיפוס.","[""הנגע יסתיים כאשר הרוצח של לאיוס יימצא"", ""העיר חייבת להקריב ילד מלכותי"", ""יש לנקום את הספינקס"", ""מפלצת חדשה מאיימת על העיר""]",0,,,,,,
course_177_dipe_et_le_sphinx,course_177_dipe_et_le_sphinx_q8,mcq,איזו אמת טראגית חושפת בסופו של דבר חקירתו של אדיפוס?,"החקירה מגלה שאדיפוס הרג את אביו לאיוס והתחתן עם אמו שלו יוקסטה, מבלי שידע זאת.","[""הוא עצמו הרג את לאיוס, אביו, והתחתן עם יוקסטה, אמו"", ""האשם האמיתי הוא קריאון"", ""לאיוס עדיין חי, מוסתר"", ""הספינקס שיקר לגבי זהות המלך""]",0,,,,,,
course_177_dipe_et_le_sphinx,course_177_dipe_et_le_sphinx_q9,mcq,מה אדיפוס עושה כשהוא לומד את האמת על גורלו?,"לאחר שהתעוור בהוצאת עיניו, אדיפוס ""רואה"" סוף סוף את האמת על עצמו; לאחר מכן הוא נודד, נתמך על ידי בתו אנטיגונה.","[""הוא מוציא את עיניו"", ""הוא יוצא מיד לגלות בים"", ""הוא מוותר וממנה את קריאון למלך"", ""הוא מתפייס עם יוקסטה""]",0,,,,,,
course_177_dipe_et_le_sphinx,course_177_dipe_et_le_sphinx_q10,chronological,עשה סדר בשלבים אלה של מיתוס אדיפוס.,"מהטיסה מקורינתוס ועד לגילוי הטראגי של זהותו, אדיפוס עובר מסע שבו הניצחון על הספינקס קודם לנפילתו.",,,"[""אדיפוס בורח מקורינתוס כדי להימלט מנבואה"", ""אדיפוס עונה \""אדם\"" על חידת הספינקס"", ""אדיפוס הופך למלך תבאי ומתחתן עם יוקסטה"", ""חקירת מגיפה מגלה שאדיפוס הרג את אביו""]",,,,,
course_178_antigone_devoir_familial_vs_loi_de_l_eta,course_178_antigone_devoir_familial_vs_loi_de_l_eta_q1,mcq,"מדוע פולינייקס אינו זכאי להלוויה, על פי צו קריאון?","פולינייקס תקף את תבאי בצבא זר; מטופל כבוגד, קריאון מסרב לו כל קבורה, בניגוד לאחיו אטאוקלס.","[""הוא תקף את עירו שלו עם צבא זר ומתייחסים אליו כאל בוגד"", ""הוא מת רחוק מדי מתבי"", ""הוא לא השתייך למשפחת המלוכה"", ""קריאון פשוט מתעלם ממותו""]",0,,,,,,
course_178_antigone_devoir_familial_vs_loi_de_l_eta,course_178_antigone_devoir_familial_vs_loi_de_l_eta_q2,mcq,מדוע היעדר קבר היה כה מפחיד עבור היוונים הקדמונים?,"עבור היוונים, ללא טקס הלוויה, נשמת המתים נודדת ליד הסטיקס, נהר השאול, מבלי למצוא מנוח.","[""ללא טקסי הלוויה, הנשמה משוטטת בחוסר מנוחה ליד הסטיקס"", ""הגוף מסתכן באכילה על ידי חיות קדושות"", ""זה רק מבזה את החיים, לא את המתים"", ""העיר מאבדת את מעמדה הדתי""]",0,,,,,,
course_178_antigone_devoir_familial_vs_loi_de_l_eta,course_178_antigone_devoir_familial_vs_loi_de_l_eta_q3,mcq,כיצד מבצעת אנטיגונה את טקס ההלוויה למרות האיסור של קריאון?,חופן פשוט של אדמה הספיק באופן סמלי כדי להשלים את טקס ההלוויה: זו המחווה הדיסקרטית הזו שאנטיגונה מבצעת לבדה.,"[""על ידי כיסוי סמלי של הגוף באדמה"", ""על ידי ארגון הלוויות ציבוריות ענקיות"", ""בקריאה לצבא להגן על הגוף"", ""על ידי השחתת השומרים של קריאון""]",0,,,,,,
course_178_antigone_devoir_familial_vs_loi_de_l_eta,course_178_antigone_devoir_familial_vs_loi_de_l_eta_q4,mcq,על איזה עיקרון מבססת אנטיגונה את אי הציות שלה לפני קריאון?,"אנטיגונה טוענת לחוק הטבע: חוקים בלתי כתובים ובלתי ניתנים לשינוי, עתיקים ולגיטימיים יותר מגזירות מלכים.","[""חוקים בלתי כתובים ובלתי ניתנים לשינוי, עתיקים יותר מגזירות אנושיות"", ""מעמדה כנסיכה, נעלה על החוקים"", ""פקודה סודית מהאלים שהתקבלה בחלום"", ""ההבטחה שניתנה לאביו אדיפוס""]",0,,,,,,
course_178_antigone_devoir_familial_vs_loi_de_l_eta,course_178_antigone_devoir_familial_vs_loi_de_l_eta_q5,mcq,איזה עונש מטיל קריאון על אנטיגונה?,קריאון דן את אנטיגונה להיעצר בחיים בגלל אי ציות לגזירתו.,"[""להיות מוקף בחומה בחיים"", ""הגלות המוחלטת"", ""סקילה פומבית"", ""הגירוש של אחותה איסמנה איתה""]",0,,,,,,
course_178_antigone_devoir_familial_vs_loi_de_l_eta,course_178_antigone_devoir_familial_vs_loi_de_l_eta_q6,trueFalse,"נכון או לא נכון: אחותה של אנטיגונה, איסמנה, לא מצייתת לה מלכתחילה וקוברת לצידה את פולינייס.","איסמנה מהססת, זהירה ואינה פועלת עם אנטיגונה: היא מבצעת לבדה את טקס ההלוויה האסור.","[""נכון"", ""לא נכון""]",1,,,,,,
course_178_antigone_devoir_familial_vs_loi_de_l_eta,course_178_antigone_devoir_familial_vs_loi_de_l_eta_q7,mcq,"מי זה הימון, ואיזה תפקיד הוא משחק בטרגדיה?","הימון, בנו של קריאון וארוסה של אנטיגונה, מנסה לשווא לנמק עם אביו לפני שהטרגדיה מתרחשת.","[""בנו של קריאון וארוסה של אנטיגונה, שמנסה לנמק עם אביו"", ""אחיה של אנטיגונה נהרג במלחמה"", ""מגיד עתידות שחזה את נפילת תבי"", ""המלך החדש אחרי קריאון""]",0,,,,,,
course_178_antigone_devoir_familial_vs_loi_de_l_eta,course_178_antigone_devoir_familial_vs_loi_de_l_eta_q8,mcq,מה מגלה מגיד העתידות טירסיאס לקריאון?,טייריסיאס מכריז שהאלים כועסים: העיר נפגעת מהגופה הנטושה ומכליאתה הבלתי צודקת של אנטיגונה.,"[""האלים כועסים על העיר שנפגעה מהחלטותיה"", ""יש לשחרר את אנטיגונה באופן מיידי וללא תנאים"", ""פולינייס היה למעשה חף מפשע"", ""מפלצת חדשה מאיימת על תבי""]",0,,,,,,
course_178_antigone_devoir_familial_vs_loi_de_l_eta,course_178_antigone_devoir_familial_vs_loi_de_l_eta_q9,mcq,אילו מקרי מוות מתרחשים לאחר שינוי הלב המאוחר של קריאון?,"קריאון נכנע מאוחר מדי: אנטיגונה תולה את עצמה, בנה המון מתאבד, ואז גם אורידיקה, אשתו של קריאון, מתאבדת.","[""אנטיגונה תולה את עצמה, הימון ואורידיקה מתאבדים"", ""רק אנטיגונה מתה, שאר המשפחה שורדת"", ""קריאון מת ראשון"", ""איסמנה מתאבד במקומה של אנטיגונה""]",0,,,,,,
course_178_antigone_devoir_familial_vs_loi_de_l_eta,course_178_antigone_devoir_familial_vs_loi_de_l_eta_q10,chronological,עשה סדר בשלבים האלה של הטרגדיה של אנטיגונה.,"ממותו של שני האחים ועד לגזירת קריאון, אחר כך לאי-ציותה של אנטיגונה ולגינוי שלה, הטרגדיה באה בעקבותיה ללא הרף.",,,"[""אטאוקלס ופולינייקס הורגים זה את זה על כס המלכות של תבי"", ""קריאון אוסר על כל קבורה עבור פולינייס"", ""אנטיגונה מבצעת את טקס ההלוויה האסור לבדה"", ""קריאון דן את אנטיגונה לחומה בחיים""]",,,,,
course_179_la_guerre_de_troie_et_le_cheval_de_bois,course_179_la_guerre_de_troie_et_le_cheval_de_bois_q1,mcq,"מה, לפי המיתוס, התחיל את מלחמת טרויה?","פאריס בוחרת באפרודיטה בפסק דינו של תפוח הזהב; היא מציעה לו את אהבתה של הלן, אשתו של מנלאוס, מה שמעורר את המלחמה.","[""הבחירה בפריז, שמציעה את תפוח הזהב לאפרודיטה ומשיגה את הלן כפרס"", ""התקפת פתע של טרויה נגד ספרטה"", ""סכסוך סחר בין יוונים לטרויאנים"", ""מותו של המלך פריאם""]",0,,,,,,
course_179_la_guerre_de_troie_et_le_cheval_de_bois,course_179_la_guerre_de_troie_et_le_cheval_de_bois_q2,mcq,מי לוקח את הפיקוד על הקואליציה היוונית שיוצאת למצור על טרויה?,"אגממנון, אחיו של מנלאוס ומלך מיקנה, לוקח את הפיקוד על הצי היווני שיוצא למצור על טרויה.","[""אגממנון, מלך מיקנה ואחיו של מנלאוס"", ""אודיסאוס, מלך איתקה"", ""אכילס, הלוחם הגדול ביותר"", ""פריאם, מלך טרויה""]",0,,,,,,
course_179_la_guerre_de_troie_et_le_cheval_de_bois,course_179_la_guerre_de_troie_et_le_cheval_de_bois_q3,mcq,מדוע חומות טרויה נחשבות כמעט בלתי ניתנות להריסה?,אומרים שחומות טרויה בלתי ניתנות להריסה מכיוון שהן נבנו בעזרת האלים פוסידון ואפולו.,"[""הם נבנו בעזרת פוסידון ואפולו"", ""הם עשויים ממתכת קדושה ייחודית"", ""אף אלוהים לא יכול לגעת בהם"", ""הם בלתי נראים בלילה""]",0,,,,,,
course_179_la_guerre_de_troie_et_le_cheval_de_bois,course_179_la_guerre_de_troie_et_le_cheval_de_bois_q4,mcq,מי המציא את טריק סוסי העץ?,"זה אודיסאוס, אדון התערובת, התחבולה האינטליגנטית, שממציא את מלכודת סוס העץ כדי להפיל את טרויה.","[""אודיסאוס, מלך איתקה ואדון התערובת"", ""אגממנון"", ""אכילס"", ""הכומר לאוקון""]",0,,,,,,
course_179_la_guerre_de_troie_et_le_cheval_de_bois,course_179_la_guerre_de_troie_et_le_cheval_de_bois_q5,mcq,כיצד שכנעו היוונים את הטרויאנים לקבל את הסוס בין חומותיהם?,"המרגל היווני אוטר משכנע את הטרויאנים שהסוס הוא מנחה לאתנה, למרות אזהרותיו של הכומר לאוקון.","[""המרגל אוטר גורם להם להאמין שזוהי מנחה עבור אתנה"", ""הם מציעים את זה באופן רשמי כאות לשלום חתום"", ""הם מאיימים לשרוף את העיר אחרת"", ""המלך פריאם דורש זאת בעצמו""]",0,,,,,,
course_179_la_guerre_de_troie_et_le_cheval_de_bois,course_179_la_guerre_de_troie_et_le_cheval_de_bois_q6,trueFalse,"נכון או שקר: הכומר הטרויאני לאוקון מזהיר את בני ארצו שהסוס הוא מלכודת, אך מתעלמים ממנו.","לאקוון צועק מלכודת, אבל הטרויאנים מתעלמים ממנו ומביאים את הסוס לעיר, חותם את גורלם.","[""נכון"", ""לא נכון""]",0,,,,,,
course_179_la_guerre_de_troie_et_le_cheval_de_bois,course_179_la_guerre_de_troie_et_le_cheval_de_bois_q7,mcq,איך בסופו של דבר החיילים היוונים החבויים בסוס כובשים את העיר?,"כשהגיע הלילה, יצאו החיילים החבויים בסוס, פתחו את שערי העיר, והצבא היווני שחזר השלים את כיבוש טרויה.","[""הם יוצאים בלילה ופותחים את השערים לצבא היווני החוזר"", ""הם תוקפים לאור יום ברגע שהם מגיעים"", ""הם מנהלים משא ומתן על כניעה בדרכי שלום"", ""הם ממתינים עוד עשרה ימים לפני שהם פועלים""]",0,,,,,,
course_179_la_guerre_de_troie_et_le_cheval_de_bois,course_179_la_guerre_de_troie_et_le_cheval_de_bois_q8,mcq,מה קורה לנסיך הטרויאני אניאס לאחר נפילת העיר?,אניאס בורח עם אביו ואלוהיו לארס; האגדה הרומית הפכה אותו מאוחר יותר לאב הקדמון המייסד של רומא.,"[""הוא ברח עם אביו ואלוהיו, והפך לפי האגדה לאביה הקדמון של רומא"", ""הוא נלקח בשבי על ידי אגממנון"", ""הוא הופך למלך של טרויה המחודשת"", ""הוא מצטרף לצבא היווני""]",0,,,,,,
course_179_la_guerre_de_troie_et_le_cheval_de_bois,course_179_la_guerre_de_troie_et_le_cheval_de_bois_q9,mcq,"מה המשמעות של הנוסטוי, שהוזכר לאחר נפילת טרויה?","הנוסטואי מייעדים את החזרות של המנצחים היוונים, לעתים טרגיות: אגממנון נרצח, יוליסס נודד עוד עשר שנים.","[""החזרות המסוכנות ולעתים קרובות טרגיות של הגיבורים היוונים המנצחים"", ""החוקים החדשים שנכפו על טרויה"", ""השם שניתן לניצולים טרויאנים"", ""מחווה ששילמו היוונים לאלים""]",0,,,,,,
course_179_la_guerre_de_troie_et_le_cheval_de_bois,course_179_la_guerre_de_troie_et_le_cheval_de_bois_q10,chronological,עשה סדר בשלבים אלה של מלחמת טרויה.,"מהשיפוט של פריז ועד לתחבולה הסופית של סוס העץ, עשר שנים מפרידות בין פרוץ המלחמה לנפילת העיר.",,,"[""פאריס בוחרת באפרודיטה ומשיגה את אהבתה של הלן"", ""הקואליציה היוונית מצוררת על טרויה במשך עשר שנים ללא מנצח"", ""היוונים בונים את סוס העץ ומעמידים פנים שהם עוזבים"", ""חיילים נסתרים פותחים את שערי טרויה בלילה""]",,,,,
course_17_la_revolution_russe_1917,course_17_la_revolution_russe_1917_q1,mcq,מה עורר את מהפכת פברואר 1917 ברוסיה?,מהפכת פברואר החלה בהפגנות למען לחם בפטרוגרד; העובדים יוצאים לרחובות וחיל המצב מתאגד איתם.,"[""הפגנות הקשורות למחסור בלחם בפטרוגרד"", ""הפיכה צבאית שאורגנה על ידי לנין"", ""התבוסה המוחלטת של הצבא הרוסי מול גרמניה"", ""מתקפה נגד הצאר ניקולאי השני""]",0,,,,,,
course_17_la_revolution_russe_1917,course_17_la_revolution_russe_1917_q2,numericSlider,כמה שנים שלטה שושלת רומנוב כאשר ניקולאי השני התפטר במרץ 1917?,התפטרותו של ניקולאי השני ב-2 במרץ 1917 שמה קץ ל-300 שנות שלטונה של שושלת רומנוב.,,,,300.0,150.0,450.0,25.0,שנים
course_17_la_revolution_russe_1917,course_17_la_revolution_russe_1917_q3,trueFalse,"נכון או שקר: לאחר התפטרותו של ניקולאי השני, מעצמה אחת שולטת בבירור ברוסיה.","הוקמה ""מעצמה כפולה"": הממשלה הזמנית מצד אחד, הסובייטית פטרוגרד, מועצת פועלים וחיילים, מצד שני.","[""נכון"", ""לא נכון""]",1,,,,,,
course_17_la_revolution_russe_1917,course_17_la_revolution_russe_1917_q4,mcq,איזו סיסמה מסכמת את התוכנית שהשיק לנין בתזות אפריל שלו?,"עם שובו באפריל 1917, לנין קרא ל""שלום, לחם, אדמה"", תוכנית שהגיבה ישירות לציפיות הפופולריות.","[""\""שלום, לחם, אדמה\"""", ""\""חירות, שוויון, אחווה\"""", ""\""כל הכוח לצארים\"""", ""\""עבודה, משפחה, מולדת\""""]",0,,,,,,
course_17_la_revolution_russe_1917,course_17_la_revolution_russe_1917_q5,mcq,כיצד הצליח לנין לחזור לרוסיה ב-1917?,"גרמניה, שרוצה להחליש את אויבה הרוסי, מארגנת את חזרתו של לנין מהגלות ב""רכבת מובלת"".","[""ברכבת אטומה שאורגנה על ידי גרמניה, שמקווה להחליש את רוסיה"", ""על סיפון ספינה בריטית"", ""על ידי חציית סיביר בחשאי"", ""בהסכם סודי עם הצאר""]",0,,,,,,
course_17_la_revolution_russe_1917,course_17_la_revolution_russe_1917_q6,mcq,"מי ארגן, לצד לנין, את המרד הבולשביקי באוקטובר 1917?","ליאון טרוצקי, מארגן מצטיין, הכין יחד עם לנין את המרד שהפיל את הממשלה הזמנית.","[""ליאון טרוצקי"", ""אלכסנדר קרנסקי"", ""ניקולאי השני"", ""גריגורי רספוטין""]",0,,,,,,
course_17_la_revolution_russe_1917,course_17_la_revolution_russe_1917_q7,chronological,שים את האירועים הללו של המהפכה הרוסית בסדר כרונולוגי.,אבני הדרך הללו נעות בין נפילת הצאריזם בפברואר 1917 ועד ייסוד ברית המועצות ב-1922.,,,"[""ויתור של ניקולאי השני"", ""תזות אפריל של לנין"", ""לכידת ארמון החורף"", ""שלום ברסט-ליטובסק"", ""הולדת ברית המועצות""]",,,,,
course_17_la_revolution_russe_1917,course_17_la_revolution_russe_1917_q8,mcq,"מה הצ'קה, המשטרה הפוליטית הבולשביקית, מעמידה במקום?","הצ'קה פתחו בטרור נגד מתנגדי המעצמה החדשה, במיוחד לאחר ההשתלטות הבולשביקית.","[""מדיניות טרור נגד יריבים"", ""מערכת הצבעה חופשית"", ""רפורמת קרקעות שלווה"", ""בית דין בינלאומי""]",0,,,,,,
course_17_la_revolution_russe_1917,course_17_la_revolution_russe_1917_q9,mcq,"איזו אידיאולוגיה ייסדה את ברית המועצות, ילידת 1922?","ברית המועצות היא המדינה הראשונה שנבנתה על מרקסיזם-לניניזם, המשלבת את רעיונותיו של מרקס ושיטתו של לנין.","[""מרקסיזם-לניניזם"", ""ליברליזם כלכלי"", ""פאן-סלאביזם צארי"", ""הלאומיות הרוסית""]",0,,,,,,
course_180_thor_et_loki_mythologie_nordique,course_180_thor_et_loki_mythologie_nordique_q1,mcq,מהו המקור העיקרי שמעביר לנו את המיתוסים של ת'ור ולוקי?,"אדה הפרוזית, שנכתבה בסביבות שנת 1220 על ידי האיסלנדי סנוררי סטורלוסון והוספה על ידי האדה הפואטית, היא המקור העיקרי למיתוסים אלו.","[""אדה הפרוזית, שנכתבה על ידי סנוררי סטורלוסון בסביבות 1220"", ""שיר רומי מהמאה ה-1"", ""כתובות רוניות נמצאו ביוון"", ""חיבור דתי נוצרי מהמאה ה-6""]",0,,,,,,
course_180_thor_et_loki_mythologie_nordique,course_180_thor_et_loki_mythologie_nordique_q2,mcq,"כיצד מאורגן העולם הנורדי, לפי המיתולוגיה?","העולם מאורגן סביב העץ הקוסמי Yggdrasil: Asgard, בית האלים, למעלה, ו-Midgard, עולם האנשים, למטה למטה, מחובר על ידי Bifröst.","[""מסביב לעץ הקוסמי יגדרסיל, עם אסגארד למעלה ומידגרד למטה"", ""מסביב לאוקיאנוס בודד ללא משטח יבשתי"", ""על שבעה שמיים מרוכזים בלי קשר ביניהם"", ""מסביב להר ייחודי המאוכלס על ידי כל האלים""]",0,,,,,,
course_180_thor_et_loki_mythologie_nordique,course_180_thor_et_loki_mythologie_nordique_q3,mcq,מה תפקידו של תור בקרב האלים הנורדיים?,ת'ור הוא האל הנערץ ביותר בעם: הוא מגן על האנושות מפני הענקים עם הפטיש שלו מיילניר.,"[""הוא מגן על האנושות מפני ענקים עם הפטיש שלו Mjöllnir"", ""הוא שולט בעולם התחתון"", ""הוא אל התחבולות והשקרים"", ""הוא שולט לבדו באולימפוס הנורדי ללא אל אחר""]",0,,,,,,
course_180_thor_et_loki_mythologie_nordique,course_180_thor_et_loki_mythologie_nordique_q4,mcq,"מה מיוחד בפטיש של תור, מיילניר?","Mjöllnir, שחושל על ידי גמדים, מנפץ הרים ותמיד חוזר לידיו של ת'ור לאחר שנזרק.","[""זה תמיד חוזר לידיו של ת'ור לאחר שנזרק"", ""רק אודין יכול להרים אותו"", ""הוא נמס במגע עם אש"", ""זה עובד רק בלילה""]",0,,,,,,
course_180_thor_et_loki_mythologie_nordique,course_180_thor_et_loki_mythologie_nordique_q5,mcq,"מי זה לוקי, לפי מוצאו?",לוקי חי בקרב האסירים אך הוא בעל דם ענק; הוא הצטרף לפנתיאון באמצעות הסכם דם עם אודין.,"[""דם ענק משתלב בפנתיאון של האסירים על ידי הסכם עם אודין"", ""אחיו הביולוגי של תור"", ""אל שבשבת המתמחה בפוריות"", ""פשוט בן תמותה שהועלה לדרגת אלוהים""]",0,,,,,,
course_180_thor_et_loki_mythologie_nordique,course_180_thor_et_loki_mythologie_nordique_q6,trueFalse,"נכון או לא נכון: לוקי יכול לשנות צורה ואפילו מגדר, ופעם אחת הופך לאמא של הסוס בעל שמונה הרגליים של אודין.","לוקי משנה צורה ומגדר; בדמות סוסה, הוא הופך לאמו של סליפניר, הסוס בעל שמונה הרגליים של אודין.","[""נכון"", ""לא נכון""]",0,,,,,,
course_180_thor_et_loki_mythologie_nordique,course_180_thor_et_loki_mythologie_nordique_q7,mcq,אילו מפלצות יוצר לוקי עם הענקית אנגרבודה?,"עם הענקית אנגרבודה, לוקי יוצר שלוש מפלצות: הזאב פנריר, הנחש יורמונגנדר והל, שומר המתים.","[""הזאב פנריר, הנחש יורמונגנדר והל"", ""שלושה דרקונים נושמים אש"", ""ענק תלת ראשים בודד"", ""קיקלופ נורדי""]",0,,,,,,
course_180_thor_et_loki_mythologie_nordique,course_180_thor_et_loki_mythologie_nordique_q8,mcq,איזה מעשה של לוקי חותם סופית את גורלו כבוגד?,"על ידי ארגון מותו של האל הזוהר באלדר, לוקי עובר באופן סופי מפארסה לבגידה, וגורלו נחרץ.","[""הוא מארגן את מותו של האל הזוהר באלדר"", ""הוא גונב את הפטיש של ת'ור"", ""הוא מסרב לעזור לאלים נגד הענקים"", ""הוא מגלה לגברים סוד של אודין""]",0,,,,,,
course_180_thor_et_loki_mythologie_nordique,course_180_thor_et_loki_mythologie_nordique_q9,mcq,איך ת'ור ולוקי משחזרים את הפטיש שנגנב על ידי Thrym הענק?,"כשהענק תרים גונב את מיילניר, תור מתחפש לכלה ולוקי כמשרת כדי לחדור למאורתו ולהחזיר את הפטיש.","[""תור מתחפש לכלה ולוקי למשרת"", ""הם תוקפים ישירות את המאורה של הענק"", ""אודין מנהל משא ומתן על טרייד"", ""הם שולחים את סליפניר לגנוב אותו בדיסקרטיות""]",0,,,,,,
course_180_thor_et_loki_mythologie_nordique,course_180_thor_et_loki_mythologie_nordique_q10,chronological,בואו נעשה סדר בשלבים האלה של מערכת היחסים של ת'ור ולוקי.,"מהשתלבותו של לוקי באסיר ועד למותו של ת'ור בראגנארוק, הברית הקומית משתנה בהדרגה לעימות קטלני.",,,"[""לוקי מצטרף לפנתיאון של האסירים באמצעות הסכם עם אודין"", ""ת'ור ולוקי משחזרים יחד את הפטיש שנגנב על ידי Thrym הענק"", ""לוקי מסדר את מותו של האל באלדר"", ""תור הורג את הנחש יורמונגנדר ומת מהארס שלו בראגנארוק""]",,,,,
course_181_ragnarok_la_fin_du_monde_nordique,course_181_ragnarok_la_fin_du_monde_nordique_q1,mcq,"מה המשמעות של המילה ""רגנרוק"" ליתר דיוק בנורדית העתיקה, ולא ""דמדומי האלים""?","המשמעות המדויקת של ""רגנרוק"" קרובה ל""גורל המעצמות""; התרגום ""דמדומי האלים"" מגיע מבלבול אטימולוגי שזכה לפופולריות של ואגנר.","[""גורל המעצמות"", ""נפילת השמים"", ""שינה נצחית"", ""זעם הענקים""]",0,,,,,,
course_181_ragnarok_la_fin_du_monde_nordique,course_181_ragnarok_la_fin_du_monde_nordique_q2,trueFalse,"נכון או לא נכון: ראגנארוק מתחיל בחורף גדול של שלוש שנים ללא קיץ, הנקרא Fimbulwinter.","Fimbulwinter, חורף בן שלוש שנים ללא קיץ שמפרק משפחות, מקדים ומכריז על Ragnarök.","[""נכון"", ""לא נכון""]",0,,,,,,
course_181_ragnarok_la_fin_du_monde_nordique,course_181_ragnarok_la_fin_du_monde_nordique_q3,mcq,איזה אל נטרף על ידי הזאב פנריר במהלך הקרב האחרון?,"אודין, אבי האלים, נבלע על ידי פנריר במישור ויגריד, לפני שבנו ויידאר ינקום בו.","[""אודין"", ""ת'ור"", ""היימדל"", ""פריי""]",0,,,,,,
course_181_ragnarok_la_fin_du_monde_nordique,course_181_ragnarok_la_fin_du_monde_nordique_q4,mcq,איך תור מת לאחר שריסק את הנחש יורמונגנדר עם מיילניר?,"תור הורג את יורמונגנדר עם הפטיש שלו מיילניר, אך נכנע לארס שלו לאחר שעשה תשעה צעדים.","[""הוא מת מורעל מארס הנחש, לאחר תשעה צעדים"", ""הוא נשרף בחיים על ידי סורטר הענק"", ""הוא טובע באוקיינוס המוצף"", ""הוא נטרף על ידי זאב קוסמי""]",0,,,,,,
course_181_ragnarok_la_fin_du_monde_nordique,course_181_ragnarok_la_fin_du_monde_nordique_q5,mcq,מדוע האל פרייר מוצא את עצמו ללא נשק להתמודד עם ראגנארוק?,פרייר הציע את חרב הקסם שלו מאהבה להתחתן עם הענקית גרד: לכן הוא מת לא חמוש במהלך ראגנארוק.,"[""הוא הציע את חרב הקסם שלו מאהבה כדי להשיג את ידה של הענקית גרד"", ""הוא הפסיד בהימור עם לוקי"", ""הוא נגנב ממנו על ידי הנחש יורמונגנדר"", ""מעולם לא הייתה לו חרב קסם""]",0,,,,,,
course_181_ragnarok_la_fin_du_monde_nordique,course_181_ragnarok_la_fin_du_monde_nordique_q6,chronological,שים את השלבים האלה של Ragnarök בסדר כרונולוגי.,"מהחורף הגדול ועד ללידה מחדש של כדור הארץ, ראגנארוק עוקב אחר רצף מדויק: סימני אזהרה, קרב אחרון, התלקחות, ואז התחדשות.",,,"[""Fimbulwinter, חורף של שלוש שנים ללא קיץ"", ""הזאב פנריר שובר את השלשלאות שלו"", ""הקרב במישור ויגריד"", ""סורטר הענק מבעיר את תשעת העולמות"", ""כדור הארץ הופך ירוק שוב ודור חדש של אלים שורד""]",,,,,
course_181_ragnarok_la_fin_du_monde_nordique,course_181_ragnarok_la_fin_du_monde_nordique_q7,mcq,"מי שורד, חבוי בעץ יגדרסיל, כדי לאכלס מחדש את העולם אחרי ראגנארוק?","ליף וליפתראסיר, שפירוש שמותיהם הוא ""חיים"" ו""מגע של חיים"", ניזונו מטל שהוסתר ביגדרסיל והחזירו את האנושות לחיים.","[""שני בני אדם, ליף וליפþrאסיר"", ""הוולקירים"", ""האל באלדר לבדו"", ""האינהרג'ר""]",0,,,,,,
course_181_ragnarok_la_fin_du_monde_nordique,course_181_ragnarok_la_fin_du_monde_nordique_q8,trueFalse,"נכון או לא נכון: אחרי ראגנארוק, האדמה נשארת עקרה ומפוחמת לנצח.","להיפך, לאחר כיבוי הלהבות, האדמה יוצאת מהגלים ירוקה ופורייה יותר מבעבר.","[""נכון"", ""לא נכון""]",1,,,,,,
course_182_osiris_et_set_mythologie_egyptienne,course_182_osiris_et_set_mythologie_egyptienne_q1,mcq,איך סט מצליח ללכוד את אחיו אוזיריס?,"במשתה, סט מציג תיבה שהוא יציע למי שמתאים בתוכו בצורה מושלמת: אוזיריס נשכב עליו, וסט אוטם אותו לפני שזורק אותו לנילוס.","[""הוא מזמין אותה לשכב בחזה מפואר שעשוי בדיוק למידותיה"", ""הוא מרעיל אותה במשתה"", ""הוא מטביע אותו ישירות בנילוס ללא מלכודת מוקדמת"", ""הוא מאתגר אותו לדו-קרב בבית המשפט""]",0,,,,,,
course_182_osiris_et_set_mythologie_egyptienne,course_182_osiris_et_set_mythologie_egyptienne_q2,trueFalse,"נכון או לא נכון: לאחר שמצא את גופתו של אוזיריס, סט חותך אותה לארבע עשרה חלקים אותם הוא מפזר בעמק.","כאשר איזיס מוצאת את הגופה, סט חותך אותה לארבעה עשר חלקים ומפזר אותם כדי למנוע כל שקט בחיים שלאחר המוות.","[""נכון"", ""לא נכון""]",0,,,,,,
course_182_osiris_et_set_mythologie_egyptienne,course_182_osiris_et_set_mythologie_egyptienne_q3,mcq,מדוע אוזיריס מתוארת לעתים קרובות עם עור ירוק?,"הירוק של אוזיריס אינו מעיד על מוות אלא על לידה מחדש, כמו השדות המוריקים לאחר שיטפונות הנילוס.","[""צבע זה מסמל לידה מחדש של צמחים, לא ריקבון"", ""הוא מציין את השתייכותו לממלכת המתים"", ""זה מזכיר את צבע מי הנילוס"", ""זה מצביע על כך שהוא אל קטן""]",0,,,,,,
course_182_osiris_et_set_mythologie_egyptienne,course_182_osiris_et_set_mythologie_egyptienne_q4,mcq,מי עוזר לאיסיס למצוא ולהרכיב מחדש את חלקי גופתה של אוזיריס?,"איזיס יוצאת לחפש את השברים בסיוע אחותה נפתיס והאל אנוביס, ומקימה מקדש בכל מקום שנמצא.","[""אחותו נפתיס והאל אנוביס"", ""בנו הורוס"", ""האל רא לבדו"", ""הנחש אפופיס""]",0,,,,,,
course_182_osiris_et_set_mythologie_egyptienne,course_182_osiris_et_set_mythologie_egyptienne_q5,mcq,מה יוצרים איזיס ואנוביס על ידי איסוף חלקי גופו של אוזיריס ועוטפים אותם ברצועות?,"על ידי עטיפת הגוף המשוחזר ברצועות, איזיס ואנוביס יוצרים את המומיה הראשונה במסורת המצרית.","[""המומיה הראשונה"", ""הסרקופג הזהוב הראשון"", ""מקדש הקבורה הראשון"", ""ההירוגליף הקדוש הראשון""]",0,,,,,,
course_182_osiris_et_set_mythologie_egyptienne,course_182_osiris_et_set_mythologie_egyptienne_q6,chronological,עשה סדר בשלבים האלה של המיתוס של אוזיריס וסט.,"הסיפור עוקב אחר רצף ברור: רצח אוזיריס, בנייתו מחדש על ידי איזיס, הנוער הנסתר של הורוס, ואז הכתרתו לאחר הסכסוך נגד סט.",,,"[""הטמין מלכודות ומבתר את גופתו של אוזיריס"", ""איזיס מחברת את החלקים ויוצרת את המומיה הראשונה"", ""הורוס גדל בסתר בביצות חממיס"", ""הורוס מוכתר למלך לאחר הסכסוך הארוך שלו עם סט""]",,,,,
course_182_osiris_et_set_mythologie_egyptienne,course_182_osiris_et_set_mythologie_egyptienne_q7,trueFalse,"נכון או שקר: במהלך הסכסוך שלו עם סט, הורוס איבד עין שהפכה אז לסמל מצרי להגנה.","עינו של הורוס, שהורכבה מחדש על ידי האל תות' לאחר הקרב הזה, הופכת לאודג'אט, סמל לריפוי והגנה.","[""נכון"", ""לא נכון""]",0,,,,,,
course_182_osiris_et_set_mythologie_egyptienne,course_182_osiris_et_set_mythologie_egyptienne_q8,mcq,"מה קורה לאוזיריס לאחר שנחנט, בלי יכולת למלוך על פני כדור הארץ?","חנוטה, אוזיריס כבר לא יכול למלוך על פני כדור הארץ והופך לריבון של אמנטי, ממלכת המתים.","[""שליט ממלכת המתים, אמנטי"", ""אל הנילוס והשטפונות"", ""אב קדמון פשוט שנשכח"", ""שומר כס המלכות של הורוס""]",0,,,,,,
course_182_osiris_et_set_mythologie_egyptienne,course_182_osiris_et_set_mythologie_egyptienne_q9,mcq,"במהלך שקילת הלב המתוארת בספר המתים, מה קורה אם לבו של הנפטר כבד בתקלות?","אם הלב, הנשקל כנגד העט של מעת, כבד בתקלות, המפלצת אמות טורפת אותו והמנוח נעלם סופית.","[""המפלצת אמוט טורפת אותו, מה שאומר שכחה מוחלטת"", ""הוא חייב לשקול שוב בשנה שלאחר מכן"", ""הוא הופך למשרת של אוזיריס לנצח"", ""הוא נשלח להילחם בנחש אפופיס""]",0,,,,,,
course_183_gilgamesh_le_premier_heros_de_l_histoire,course_183_gilgamesh_le_premier_heros_de_l_histoire_q1,mcq,"באיזה מדיום נשמר אפוס גילגמש במשך למעלה מ-4,000 שנה?","הטקסט נחקק בכתב יתדות על לוחות חרס, אמצעי ששרד במקום שבו הפפירוס היה נעלם.","[""לוחות חרס חרוטים בכתב יתדות"", ""מגילות פפירוס"", ""כתובות על גושי אבן"", ""כתבי יד על קלף""]",0,,,,,,
course_183_gilgamesh_le_premier_heros_de_l_histoire,course_183_gilgamesh_le_premier_heros_de_l_histoire_q2,numericSlider,"באיזו שנה פענח האסיריולוג ג'ורג' סמית', במוזיאון הבריטי, את סיפור המבול הכלול באפוס?","ג'ורג' סמית' פענח את לוח המבול ב-1872, וחשף סיפור שקדם לזה של בראשית בכאלף שנים.",,,,1872.0,1800.0,1950.0,10.0,
course_183_gilgamesh_le_premier_heros_de_l_histoire,course_183_gilgamesh_le_premier_heros_de_l_histoire_q3,mcq,מה מגלה ההשוואה בין סיפור מבול גלגמש לסיפור בראשית המקראי?,"סיפור המבול הזה מקדים את הסיפור המקראי של נח בכאלף שנים, תוך שהוא חולק את אותו רקע תרבותי מסופוטמי.","[""סיפור גילגמש קדם לסיפור המקראי בכאלף שנים"", ""סיפור גילגמש נכתב לאחר ספר בראשית"", ""לשני הסיפורים אין שום דבר במשותף."", ""סיפור גילגמש תורגם ישירות מיוונית""]",0,,,,,,
course_183_gilgamesh_le_premier_heros_de_l_histoire,course_183_gilgamesh_le_premier_heros_de_l_histoire_q4,mcq,מדוע האלה ארורו מעצבת את אנקידו?,"גילגמש הוא מלך בלתי נסבל עבור אורוק: ארורו מעצב את אנקידו, איש פראי, כדי לתעל אותו.","[""ליצור יריב המסוגל לתעל את עריצות גילגמש"", ""לנקום את מותו של אל נעלב"", ""לאכלס את העיר אורוק בתושבים נוספים"", ""לשרת את האלה אישתר""]",0,,,,,,
course_183_gilgamesh_le_premier_heros_de_l_histoire,course_183_gilgamesh_le_premier_heros_de_l_histoire_q5,mcq,"מה עושים גילגמש ואנקידו ביחד, ברגע שהם מתיידדים?","בהיותם חברים לאחר קרב ללא מנצח, הם הורגים יחד את המפלצת Humbaba ואז השור השמיימי שנשלח על ידי אישתר.","[""הם הורגים את המפלצת Humbaba ואז את השור השמיימי"", ""הם מצאו עיר מתחרה חדשה של אורוק"", ""הם מיד עוזבים למצוא את צמח האלמוות"", ""הם מתמודדים עם אוט-נאפישטי בקרב""]",0,,,,,,
course_183_gilgamesh_le_premier_heros_de_l_histoire,course_183_gilgamesh_le_premier_heros_de_l_histoire_q6,trueFalse,נכון או שקר: מותו של חברו אנקידו הוא שדוחף את גילגמש לצאת לחיפוש אחר אלמוות.,"מול גופתו של אנקידו, גילגמש מבין שגם הוא ימות והולך לחפש את אוט-נפישטי, האיש היחיד שהפך לבן אלמוות.","[""נכון"", ""לא נכון""]",0,,,,,,
course_183_gilgamesh_le_premier_heros_de_l_histoire,course_183_gilgamesh_le_premier_heros_de_l_histoire_q7,mcq,איזה מבחן מטיל אוט-נפישתי על גילגמש כדי לבחון את יכולתו לכבוש את המוות?,גילגמש נרדם מיד מול הנסיון הזה: מי שלא יתגבר על השינה לא יתגבר על המוות.,"[""הישאר ער שישה ימים ושבעה לילות"", ""שוחה על פני מי המוות"", ""להילחם במפלצת ים"", ""לקרוא שיר קדוש ללא טעות""]",0,,,,,,
course_183_gilgamesh_le_premier_heros_de_l_histoire,course_183_gilgamesh_le_premier_heros_de_l_histoire_q8,mcq,מה קורה לצמח הנעורים שגילגמש השיג בסופו של דבר?,"בזמן שגילגמש מתרחץ, נחש גונב את צמח הנעורים ונמס מיד לאחר אכילתו.","[""נחש גונב אותו ממנו בזמן שהוא מתרחץ"", ""הוא אוכל אותה מוקדם מדי והיא לא עושה כלום"", ""הוא מציע את זה לשווא לאנקידו, כבר מת."", ""היא מתייבשת לפני שהיא חוזרת לאורוק""]",0,,,,,,
course_183_gilgamesh_le_premier_heros_de_l_histoire,course_183_gilgamesh_le_premier_heros_de_l_histoire_q9,mcq,איזה לקח לומד גילגמש בסופו של דבר מכישלונו להפוך לבן אלמוות?,"בחזרה באורוק, גילגמש מבין שהאלמוות הביולוגי שייך לאלים, בעוד שהאדם מחזיק מעמד באמצעות יצירותיו וזיכרון החיים.","[""אלמוות אמיתי טמון ביצירות שאנו משאירים מאחור ובזיכרון של החיים"", ""רק למלכים מגיע אלמוות"", ""עליך להימנע מכל ידידות כדי לחיות זמן רב יותר"", ""אלמוות מתקבל רק באמצעות תפילה""]",0,,,,,,
course_184_romulus_et_remus_la_fondation_de_rome,course_184_romulus_et_remus_la_fondation_de_rome_q1,mcq,למה אמוליוס מכריח את אחייניתו ריה סילביה להפוך לבתולה ווסטלית?,"על ידי כפיית אחייניתו ריה סילביה להפוך לוסטל, הגזלן אמוליוס מבקש לכבות את הקו של אחיו נומיטור.","[""כדי למנוע ממנה להביא ילדים לעולם שיאיימו על כוחה הגזול"", ""לכבד אותה כנסיכת אלבה הארוכה"", ""כי המסורת דרשה את זה לכל הנסיכות"", ""כדי להגן עליה מפני מלחמה קרובה""]",0,,,,,,
course_184_romulus_et_remus_la_fondation_de_rome,course_184_romulus_et_remus_la_fondation_de_rome_q2,mcq,מי האב האלוהי של התאומים רומולוס ורמוס?,"אל המלחמה מאדים מתאחד עם ריאה סילביה, שיולדת את התאומים רומולוס ורמוס.","[""האל מאדים"", ""המלך אמוליוס"", ""המלך נומיטור"", ""הרועה פאוסטלוס""]",0,,,,,,
course_184_romulus_et_remus_la_fondation_de_rome,course_184_romulus_et_remus_la_fondation_de_rome_q3,trueFalse,"נכון או לא נכון: לאחר שהושלכו לטיבר, התאומים נלקחים ומניקים אותם על ידי זאב.","עריסת התאומים נשטפת ליד הפאלטין, שם זאבה מניקה אותם לפני שהרועה פאוסטולוס מגדל אותם.","[""נכון"", ""לא נכון""]",0,,,,,,
course_184_romulus_et_remus_la_fondation_de_rome,course_184_romulus_et_remus_la_fondation_de_rome_q4,mcq,איך רומולוס ורמוס מנסים להחליט היכן ימצאו את עירם?,"התאומים מקבלים את הסימנים: רמוס רואה קודם שישה נשרים, ואז רומולוס רואה שנים עשר.","[""על ידי התבוננות במעוף הנשרים, על פי נוהג של סימנים"", ""על ידי ציור קשיות"", ""על ידי התייעצות עם אורקל רחוק"", ""על ידי ארגון דו-קרב ביניהם""]",0,,,,,,
course_184_romulus_et_remus_la_fondation_de_rome,course_184_romulus_et_remus_la_fondation_de_rome_q5,mcq,למה רומולוס הורג את אחיו רמוס?,"רומולוס הבטיח מוות לכל מי שחצה את הפומוריום, התלם הקדוש: רמוס חצה אותו בהתרסה ורומולוס הרג אותו.","[""רמוס חוצה בהתרסה את התלם הקדוש שרומולוס איתר זה עתה"", ""רמוס מנסה להפיל אותו מהכס"", ""רמוס רוצה להתחתן עם סבין שהובטחה לרומולוס"", ""רמוס מסרב להשתתף בהקמת העיר""]",0,,,,,,
course_184_romulus_et_remus_la_fondation_de_rome,course_184_romulus_et_remus_la_fondation_de_rome_q6,mcq,איזה תאריך שומרת המסורת הרומית להקמת רומא?,"על פי המסורת, רומא נוסדה ב-21 באפריל, 753 לפני הספירה. לפני הספירה, תאריך התחלה של הלוח הרומי.","[""21 באפריל, 753 לפנה\""ס"", ""1 בינואר 509 לפנה\""ס לספירה"", ""15 במרץ, 44 לפנה\""ס לספירה"", ""21 באפריל, 27 לפנה\""ס לספירה""]",0,,,,,,
course_184_romulus_et_remus_la_fondation_de_rome,course_184_romulus_et_remus_la_fondation_de_rome_q7,mcq,איזה אירוע דחף את הרומאים לארגן את אונס הנשים הסביניות?,"העיר החסרה נשים, רומולוס מארגן משחקים כדי למשוך שכנים ולחטוף בנות סבין צעירות.","[""המחסור בנשים בעיר החדשה רומא"", ""הכרזת מלחמה פתאומית של הסבינים"", ""נבואה שנמסרה על ידי סימנים"", ""מותו של טיטוס טטיוס""]",0,,,,,,
course_184_romulus_et_remus_la_fondation_de_rome,course_184_romulus_et_remus_la_fondation_de_rome_q8,mcq,"כיצד הסתיימה המלחמה בין הרומאים לסבינים, שהופעלה על ידי אונס הנשים הסביניות?","נשים סאביניות, כבר אמהות לילדים רומאים, מתערבות בשדה הקרב: המלחמה מסתיימת ושני העמים מתמזגים.","[""הנשים הסביניות מתערבות בין אבותיהן לבעליהן, ושני העמים מתמזגים"", ""הסבינים מושמדים לחלוטין"", ""רומא נהרסה ויש לייסד אותה מחדש"", ""טיטוס טטיוס כובש את רומא לבדו""]",0,,,,,,
course_184_romulus_et_remus_la_fondation_de_rome,course_184_romulus_et_remus_la_fondation_de_rome_q9,mcq,"מה קרה לרומולוס, לפי הגרסה הרשמית להיעלמותו במהלך סערה?","הגרסה הרשמית היא שמאדים לוקח את רומולוס לגן עדן, שם הוא הופך לאל קווירינוס, אם כי השמועה מדברת על התנקשות על ידי הסנטורים.","[""הוא נלקח לגן עדן על ידי מאדים והופך לאל קווירינוס"", ""הוא פורש למקדש מבודד"", ""הוא ברח לאטרוריה"", ""הוא מוגלה על ידי הסנאט""]",0,,,,,,
course_184_romulus_et_remus_la_fondation_de_rome,course_184_romulus_et_remus_la_fondation_de_rome_q10,chronological,עשה סדר בשלבים האלה של ייסוד רומא.,"מהעריסה הנטושה על הטיבר ועד לאפותיאוזה של רומולוס, המיתוס עוקב אחר כרונולוגיה מדויקת של לידתם, היסוד וההתמזגות של עמים.",,,"[""לידת תאומים, בנים של מאדים וריאה סילביה"", ""זאב יונק את התאומים שננטשו על גדות הטיבר"", ""רומולוס מתחקה אחר התלם הקדוש והורג את רמוס"", ""אונס הסבינים מעורר מלחמה ואז מיזוג של עמים"", ""רומולוס נעלם והופך לאל קווירינוס""]",,,,,
course_185_vishnou_et_shiva_mythologie_hindoue,course_185_vishnou_et_shiva_mythologie_hindoue_q1,mcq,"בטרימורטי ההינדי, איזה תפקיד ממלא וישנו?","וישנו מבטיח שסדר העולם מתקיים, בעוד שברהמה יוצר ושיווה הורס כדי לאפשר התחדשות.","[""הוא שומר על סדר העולם"", ""הוא יוצר את היקום בכל מחזור"", ""הוא הורס את מה שנשחק כדי לאפשר חידוש"", ""הוא שופט את נשמות המתים""]",0,,,,,,
course_185_vishnou_et_shiva_mythologie_hindoue,course_185_vishnou_et_shiva_mythologie_hindoue_q2,trueFalse,"נכון או שקר: ברהמה, בורא היקום, הוא אחד האלים הנערצים ביותר בהודו כיום.","תפקידו של ברהמה מסתיים לאחר יצירת כל מחזור ביקום, מה שמסביר מדוע הוא מוערך מעט כיום בהשוואה לווישנו ושיווה.","[""נכון"", ""לא נכון""]",1,,,,,,
course_185_vishnou_et_shiva_mythologie_hindoue,course_185_vishnou_et_shiva_mythologie_hindoue_q3,mcq,מדוע וישנו יורד לכדור הארץ בצורה של אווטאר?,"וישנו מגן על הדהרמה, החוק המוסרי והקוסמי, על ידי ירידה לכדור הארץ בצורת אווטאר כאשר הרוע מאיים להשתלט.","[""להגן על הדהרמה כאשר הרוע מאיים לגבור"", ""להעניש בני אדם על חטאיהם"", ""להחליף את ברהמה לאחר בריאת היקום"", ""להתעמת ישירות עם שיווה""]",0,,,,,,
course_185_vishnou_et_shiva_mythologie_hindoue,course_185_vishnou_et_shiva_mythologie_hindoue_q4,mcq,איזה מהאווטרים האלה של וישנו מגלם במיוחד חוכמה ואהבה אלוהית?,"בין האווטרים של וישנו, המלך ראמה מגלם סגולה, בעוד שקרישנה מגלם חוכמה ואהבה אלוהית.","[""קרישנה"", ""ראמה"", ""קלקי"", ""הבודהה""]",0,,,,,,
course_185_vishnou_et_shiva_mythologie_hindoue,course_185_vishnou_et_shiva_mythologie_hindoue_q5,mcq,"איזה אווטאר של וישנו צפוי לסגור את הקאלי יוגה, העידן האפל האחרון?","האווטאר העשירי, קאלקי, יבוא על סוס לבן כדי לסגור את העידן האפל של קאלי יוגה.","[""קלקי, רוכב על סוס לבן"", ""קרישנה"", ""הבודהה"", ""ראמה""]",0,,,,,,
course_185_vishnou_et_shiva_mythologie_hindoue,course_185_vishnou_et_shiva_mythologie_hindoue_q6,mcq,"באיזו צורה מבצע שיווה את הריקוד הקוסמי שלו, הטנדווה?","בדמותו של נטרג'ה, ""מלך הריקוד"", מבצע שיווה את הטנדווה, מחזיק את קצב הבריאה ביד אחת ואת אש ההרס ביד השנייה.","[""נטראג'ה, \""מלך הריקוד\"""", ""השפה הקדושה"", ""הסגפן הבודד של הר קיילאש"", ""העין השלישית""]",0,,,,,,
course_185_vishnou_et_shiva_mythologie_hindoue,course_185_vishnou_et_shiva_mythologie_hindoue_q7,trueFalse,"נכון או לא נכון: בפסל נטרג'ה, רגל אחת של שיווה מוחצת את הבורות ואילו השנייה, המורמת, מציעה שחרור.","רגל אחת של נטרג'ה מוחצת את הבורות, השנייה, המורמת, מציעה שחרור: השינוי מיוצג כקבוע היחיד.","[""נכון"", ""לא נכון""]",0,,,,,,
course_185_vishnou_et_shiva_mythologie_hindoue,course_185_vishnou_et_shiva_mythologie_hindoue_q8,mcq,"מי הם אשתו ובנו של שיווה, למרות תדמיתו כסגפן בודד?","שיווה הוא אל של פרדוקסים: סגפן מכוסה באפר בהר קיילאש, אבל גם בעלה של פרוואטי ואביו של גאנש.","[""פרוואטי וגנש"", ""סמל והורוס"", ""איזיס ואנוביס"", ""ראדה וקרישנה""]",0,,,,,,
course_185_vishnou_et_shiva_mythologie_hindoue,course_185_vishnou_et_shiva_mythologie_hindoue_q9,numericSlider,"כמה מיליארדי שנים נמשך ""יום ברהמה"" (קלפה), לפי המסורת ההינדית?","קלפה נמשכת כ-4.32 מיליארד שנים, משך זמן קרוב באופן מפתיע לגיל כדור הארץ המוערך על ידי המדע המודרני.",,,,4.32,0.0,10.0,1.0,מיליארדי שנים
course_186_les_valkyries_et_le_valhalla,course_186_les_valkyries_et_le_valhalla_q1,mcq,"מה המשמעות המילולית של השם ""ואלקירי""?","פירוש השם Valkyrie הוא ""אלה שבוחרים בהרג"", בהתייחס לתפקיד הבחירה שלהם בשדות הקרב.","[""אלה שבוחרים ברציחות"", ""השפחות של אודין"", ""השליחים המכונפים"", ""בנות המלחמה""]",0,,,,,,
course_186_les_valkyries_et_le_valhalla,course_186_les_valkyries_et_le_valhalla_q2,mcq,מדוע אודין מפגיש את מיטב הלוחמים שמתו בוואלהלה?,"אודין מכיר את נבואת ראגנארוק ואוסף את איינהרג'ר, צבא מובחר, בוואלהלה כדי לעכב את הבלתי נמנע.","[""לבנות צבא לראגנארוק"", ""להציע להם פרישה שלווה"", ""לאכלס מחדש את אסגרד לאחר רעב"", ""לשפוט אותם על הטעויות שלהם""]",0,,,,,,
course_186_les_valkyries_et_le_valhalla,course_186_les_valkyries_et_le_valhalla_q3,trueFalse,נכון או שקר: כל הלוחמים שמתים בקרב מצטרפים אוטומטית לוואלהלה.,"רק מחצית מהלוחמים שמתו בקרב מגיעים לוואלהלה; החצי השני הולך ל- Fólkvangr, התחום של האלה Freyja.","[""נכון"", ""לא נכון""]",1,,,,,,
course_186_les_valkyries_et_le_valhalla,course_186_les_valkyries_et_le_valhalla_q4,numericSlider,"כמה שערים יש לוואלהלה, לפי טקסטים נורדיים?","לוואלהלה יש 540 שערים, כל אחד גדול מספיק כדי שמונה מאות לוחמים יעברו דרכו.",,,,540.0,100.0,1000.0,50.0,דלתות
course_186_les_valkyries_et_le_valhalla,course_186_les_valkyries_et_le_valhalla_q5,mcq,"כיצד מתארים למעשה טקסטים עתיקים, כמו האדה הפואטית, את הוולקירים, בניגוד לדימוי הרומנטי של המאה ה-19?","הדימוי של בתולות עדינות מגיע מהרומנטיקה של המאה ה-19; טקסטים עתיקים מציגים דמויות קשות יותר, מקושרות לעורבים ולעיתים מקאבריות.","[""כמו דמויות קשות, מקושרות לעורבים ולפעמים מקאבריות"", ""כמו בנות שירה מתוקות"", ""כמו יצורים בלתי נראים חסרי צורה"", ""כמו משרתים פשוטים בלי שום כוח""]",0,,,,,,
course_186_les_valkyries_et_le_valhalla,course_186_les_valkyries_et_le_valhalla_q6,mcq,איזה תפקיד ממלאות הוולקיריות ברגע שהגיבורים מגיעים לוואלהלה?,"בוואלהלה, הוולקירים משילים את השריון כדי לשרת דשא לגיבורים, תוך זיהוי מעמדם החדש כאליטה של אסגארד.","[""הם מגישים להם בשר בחגים"", ""הם שופטים אותם לפני שהם נותנים להם להיכנס"", ""הם נלחמים עבורם כל יום"", ""הם שולחים אותם בחזרה לכדור הארץ לאחר שנה""]",0,,,,,,
course_186_les_valkyries_et_le_valhalla,course_186_les_valkyries_et_le_valhalla_q7,mcq,איך נראה יום טיפוסי בוואלהלה לאינהרג'ר?,"בקריאת הזין, מתחמשים האינהרג'רים והורגים זה את זה במישור; בערב, הפצעים שלהם נסגרים והסעודה מגיעה.","[""הם נלחמים במהלך היום, הפצעים שלהם נרפאים, ואז הם חוגגים בלילה"", ""הם ישנים כל היום ומחכים לראגנארוק"", ""הם מתאמנים מבלי להיפגע או להילחם"", ""הם משרתים את אודין כמשרתים פשוטים""]",0,,,,,,
course_186_les_valkyries_et_le_valhalla,course_186_les_valkyries_et_le_valhalla_q8,trueFalse,"נכון או שקר: מוות מזקנה או מחלה, ""מות הקש"", מוביל לוואלהלה ממש כמו למות בקרב.","מות הקש מוביל לממלכה האפלה של הל; רק מוות הירואי, חרב ביד, פותח את שערי וולהאלה.","[""נכון"", ""לא נכון""]",1,,,,,,
course_186_les_valkyries_et_le_valhalla,course_186_les_valkyries_et_le_valhalla_q9,mcq,"איזה אירוע אחרון מצדיק, לפי המיתוס, את כל האימון היומיומי הזה של האינהרג'ר בוואלהלה?","אודין מכין את צבא העילית הזה להתמודד עם Ragnarök, הקרב האחרון שישמיד את העולם ויהרוג את האלים.","[""Ragnarök, הקרב האחרון נגד ענקים ומפלצות"", ""פלישה אנושית לאסגארד"", ""טורניר שנתי שמארגן אודין"", ""מלחמה קבועה נגד הוונירים""]",0,,,,,,
course_187_le_phenix_a_travers_les_cultures,course_187_le_phenix_a_travers_les_cultures_q1,mcq,"מיהו האב הקדמון המצרי של עוף החול, המיוצג לעתים קרובות כאנפה ולא כציפור דורס בוערת?","הבנו, שפירוש שמו הוא ""לזרוח"" או ""לקום"", הוא האב הקדמון המצרי של עוף החול, המיוצג לעתים קרובות כאנפה.","[""בנאו"", ""הפנגהואנג"", ""ה-Hōō"", ""הסימורג""]",0,,,,,,
course_187_le_phenix_a_travers_les_cultures,course_187_le_phenix_a_travers_les_cultures_q2,mcq,"איזה היסטוריון יווני הפך את בנו המצרי לעוף החול, הציפור עם נוצות אדומות וזהובות?","ההיסטוריון היווני הרודוטוס הפך את הבנו לעוף החול, ציפור נדירה עם נוצות אדומות וזהב.","[""הרודוטוס"", ""אובידיוס"", ""פליניוס האב"", ""הומר""]",0,,,,,,
course_187_le_phenix_a_travers_les_cultures,course_187_le_phenix_a_travers_les_cultures_q3,numericSlider,"לפי הרודוטוס, כל כמה שנים עוף החול אמור להופיע שוב?","לפי הרודוטוס, עוף החול מופיע שוב כל 500 שנה.",,,,500.0,50.0,1000.0,50.0,שנים
course_187_le_phenix_a_travers_les_cultures,course_187_le_phenix_a_travers_les_cultures_q4,mcq,"כיצד מתארים הרומאים, בעיקר אובידיוס ופליניוס האב, את סופו של עוף החול?",עוף החול בונה קן של תבלינים שהשמש או כנפיה מציתות; מהאפר נולדת ציפור צעירה הנושאת את שרידי הבכור שלה למצרים.,"[""הוא נצרך בקן של תבלינים לפני שציפור צעירה נולדת מחדש מאפרה"", ""הוא צולל אל הנילוס כדי להתחדש"", ""זה הופך לאבן קדושה"", ""זה פשוט נעלם בלי להשאיר עקבות""]",0,,,,,,
course_187_le_phenix_a_travers_les_cultures,course_187_le_phenix_a_travers_les_cultures_q5,mcq,מה מסמל עוף החול עבור האימפריה הרומית?,"עבור רומא, עוף החול הופך לסמל של Aeternitas, הנצח של האימפריה; מאוחר יותר, הנוצרים יקראו שם את תחיית המתים.","[""Aeternitas, הנצח של האימפריה"", ""ניצחון צבאי על הגאלים"", ""עושר הסחר בים התיכון"", ""חוכמת הסנאט""]",0,,,,,,
course_187_le_phenix_a_travers_les_cultures,course_187_le_phenix_a_travers_les_cultures_q6,mcq,במה שונה הפנגהואנג הסינית מהפניקס היוונית-רומית?,"הפנגהואנג אינו ציפור בוערת: הוא יצור של הרמוניה, המקושר לעתים קרובות לקיסרית, שהופעתה מכריזה על ריבון צודק.","[""זו לא ציפור בוערת, אלא יצור של הרמוניה הקשור לקיסרית"", ""הוא חי בדיוק 500 שנה כמו עוף החול"", ""הוא נולד מחדש רק ממים, לעולם לא מאש"", ""זהו סמל המלחמה הבלעדי""]",0,,,,,,
course_187_le_phenix_a_travers_les_cultures,course_187_le_phenix_a_travers_les_cultures_q7,trueFalse,"נכון או לא נכון: ביפן, ה-Hōō מופיע במיוחד על שטרות של 10,000 ין.","ה-Hōō היפני מעטר במיוחד שטרות של 10,000 ין וגגות של מקדשים בקיוטו.","[""נכון"", ""לא נכון""]",0,,,,,,
course_187_le_phenix_a_travers_les_cultures,course_187_le_phenix_a_travers_les_cultures_q8,mcq,כיצד אלכימאים מימי הביניים פירשו מחדש את המיתוס של עוף החול?,"מחזור הפניקס מזכיר לאלכימאים את התמרה של מתכות, כולל השלב האפל הנקרא nigredo: יש צורך להרוס כדי לטהר.","[""כמטאפורה להתמרה, שבה צריך להרוס כדי להיטהר"", ""כמו סיפור פשוט לילדים"", ""כהוכחה לקיומם של דרקונים"", ""כסמל לעושר חומרי""]",0,,,,,,
course_187_le_phenix_a_travers_les_cultures,course_187_le_phenix_a_travers_les_cultures_q9,mcq,"מדוע לעיר פיניקס, אריזונה יש את השם הזה?","העיר פיניקס, שנקראה בשנת 1867, עמדה על התעלות וההריסות של הציוויליזציה הוהוקאם, שנעלמה מאות שנים קודם לכן.","[""הוא התרומם על התעלות וההריסות של ציוויליזציה שנעלמה, הוהוקאם"", ""היא נוסדה על ידי מהגרים יוונים"", ""הוא נשרף עד היסוד ולאחר מכן נבנה מחדש באופן זהה."", ""יש בו מקדש המוקדש לאל בנאו""]",0,,,,,,
course_188_les_titans_vs_les_dieux_titanomachie,course_188_les_titans_vs_les_dieux_titanomachie_q1,mcq,מדוע קרונוס זולל את ילדיו שלו ברגע שהם נולדים?,"לאחר שהדיח את אביו אורנוס, קרונוס חושש מאותו גורל ולכן טורף את ילדיו ברגע שהם נולדים.","[""הוא חושש לסבול את אותו גורל כמו אביו אורנוס, שאותו הוא הודח"", ""הוא מציית לפקודה מאמו גאיה"", ""הוא רוצה להעניש את אשתו ריאה"", ""הוא מבקש להשיג אלמוות""]",0,,,,,,
course_188_les_titans_vs_les_dieux_titanomachie,course_188_les_titans_vs_les_dieux_titanomachie_q2,numericSlider,"כמה שנים נמשכה הטיטאנומאכיה, המלחמה בין הטיטאנים והאולימפיים?","הטיטאנומאכי מעמידים את הטיטאנים והאולימפיים זה מול זה במשך עשר שנים, לפני הניצחון של זאוס.",,,,10.0,0.0,30.0,2.0,שנים
course_188_les_titans_vs_les_dieux_titanomachie,course_188_les_titans_vs_les_dieux_titanomachie_q3,mcq,מה הקיקלופ מחשלים כדי לעזור לאולימפיאדה להביס את הטיטאנים?,"שוחרר מטרטרוס על ידי זאוס, הקיקלופ מחשל ברק, הטריידנט וקסדת ההיעלמות, הנשק המכריע של שלושת האחים.","[""הברק של זאוס, הטריידנט של פוסידון וקסדת אי-נראות עבור האדס"", ""שריון זהב לכל האלים"", ""חומה בלתי עבירה מסביב לאולימפוס"", ""הרשת שתופסת את קרונוס""]",0,,,,,,
course_188_les_titans_vs_les_dieux_titanomachie,course_188_les_titans_vs_les_dieux_titanomachie_q4,mcq,"מהי הייחודיות הפיזית של ההקטונכירים, בעלי ברית מכריעים של זאוס?","לשלושת ההקטונצ'ירים יש מאה זרועות וחמישים ראשים, מה שמאפשר להם לקרוע קטעים מההר כדי לזרוק לעבר הטיטאנים.","[""מאה זרועות וחמישים ראשים כל אחת"", ""עין אחת באמצע המצח"", ""כנפי אש"", ""גוף שכולו נחש""]",0,,,,,,
course_188_les_titans_vs_les_dieux_titanomachie,course_188_les_titans_vs_les_dieux_titanomachie_q5,trueFalse,"נכון או לא נכון: לאחר תבוסתם, הטיטאנים כבולים בשלשלאות בטרטארוס, בשמירה על ידי ההקטונצ'ירים, מלוויתם לשעבר בשבי.","הטיטאנים המנוצחים כבולים בשלשלאות בטרטארוס, שם הסוהרים שלהם הם כעת ה-Hecatonchires, אתמול אסירים באותו מקום.","[""נכון"", ""לא נכון""]",0,,,,,,
course_188_les_titans_vs_les_dieux_titanomachie,course_188_les_titans_vs_les_dieux_titanomachie_q6,mcq,"איך זאוס, פוסידון והאדס חולקים את העולם לאחר ניצחונם?","שלושת האחים המנצחים מושכים גורל על התחומים שלהם: השמים עבור זאוס, הים עבור פוסידון, העולם התחתון עבור האדס.","[""הם גוררים גורל: זאוס מקבל את השמים, פוסידון את הים, האדס את העולם התחתון"", ""זאוס כופה את בחירותיו בכוח על אחיו"", ""הם חולקים את העולם ללא כל הבדל של תחום"", ""כל אחד פשוט שומר על התחום שהוא כבר תפס""]",0,,,,,,
course_188_les_titans_vs_les_dieux_titanomachie,course_188_les_titans_vs_les_dieux_titanomachie_q7,mcq,איזה טיטניד בורח מתבוסה כללית ושומר על מקום לצד זאוס בסדר החדש?,"כמה טיטאנים נחסכים: תמיס, ערב החוק האלוהי, נשאר אפוא לצדו של זאוס.","[""תמיס, ערב החוק האלוהי"", ""מטיס"", ""גאיה"", ""ריאה""]",0,,,,,,
course_188_les_titans_vs_les_dieux_titanomachie,course_188_les_titans_vs_les_dieux_titanomachie_q8,mcq,"לאיזה בן תמותה האלים צריכים לקרוא לעזרה כדי להביס את הענקים במהלך הגיגאנטומכיה, שאחרי הטיטאנומאכיה?","גאיה עדיין יולדת איומים אחרי הטיטאנומאכיה; כדי להביס את הענקים במהלך הגיגנטומאכיה, האלים זקוקים להרקל בן התמותה.","[""הרקלס"", ""פרסאוס"", ""תזאוס"", ""אכילס""]",0,,,,,,
course_188_les_titans_vs_les_dieux_titanomachie,course_188_les_titans_vs_les_dieux_titanomachie_q9,trueFalse,"נכון או לא נכון: המילה ""טיטניום"", שנקראה על ידי הכימאי מרטין היינריך קלפרוט ב-1795, חייבת את שמה לחוזקם האגדי של הטיטאנים.","בשנת 1795, הכימאי מרטין היינריך קלפרוט קרא לטיטניום על שם הטיטאנים, בהתייחס לחוזק שלו.","[""נכון"", ""לא נכון""]",0,,,,,,
course_188_les_titans_vs_les_dieux_titanomachie,course_188_les_titans_vs_les_dieux_titanomachie_q10,chronological,סדר את השלבים האלה של הטיטאנומאכיה.,"מהעריצות של קרונוס ועד לחלוקת העולם בין שלושת האחים, הטיטאנומאכיה עוקבת אחר התקדמות ברורה לעבר המסדר האולימפי.",,,"[""קרונוס זולל את ילדיו מחשש להדיפתו"", ""זאוס מכריח את קרונוס להחזיר את אחיו ואחיותיו"", ""זאוס משחרר את הקיקלופ וההקטונכירים מטרטרוס"", ""הטיטאנים המובסים כבולים לטרטרוס"", ""זאוס, פוסידון והאדס חולקים את העולם""]",,,,,
course_189_dionysos_le_dieu_du_vin_et_de_l_exces,course_189_dionysos_le_dieu_du_vin_et_de_l_exces_q1,mcq,"מדוע אנו אומרים שדיוניסוס ""נולד פעמיים""?","לאחר מותו של סמלה, זאוס מניח את הילד בירך שלו עד הלידה: דיוניסוס ""נולד פעמיים"".","[""זאוס נשא את הילד בירכו לאחר מות אמו בת התמותה סמלה"", ""הוא קם לתחייה לאחר שנהרג על ידי הטיטאנים"", ""זה נולד קודם אצל גברים ואז באלים"", ""הוא משנה גוף בכל אביב""]",0,,,,,,
course_189_dionysos_le_dieu_du_vin_et_de_l_exces,course_189_dionysos_le_dieu_du_vin_et_de_l_exces_q2,mcq,"מדוע סמלה, אמו בת התמותה של דיוניסוס, מתה לפני שהוא נולד?","הרה, קנאית, דוחפת את סמלה לדרוש מזאוס להראות את עצמו בצורתו האמיתית: ברק אלוהי ואז הורג אותה.","[""הרה דוחפת אותה לבקש מזאוס להראות את עצמו בצורתו האלוהית האמיתית, שהברק שלו הורג אותה"", ""היא נענשת על ידי האלים על כך שהיא אוהבת בן תמותה"", ""היא מתה באופן טבעי בלידה"", ""סט הורג אותה מתוך קנאה""]",0,,,,,,
course_189_dionysos_le_dieu_du_vin_et_de_l_exces,course_189_dionysos_le_dieu_du_vin_et_de_l_exces_q3,mcq,מי הם חסידיו של דיוניסוס שנכנסים לטראנס במהלך הטקסים שלו בהרים?,"ה-Maenads, או Bacchantes, עוזבים את העיר אל ההרים שבהם ריקוד, מוזיקה ויין מעוררים טראנס.","[""המאנאדות, או הבאצ'אנטים"", ""בתולות הוסטלים"", ""הוולקירים"", ""הטיטאנידס""]",0,,,,,,
course_189_dionysos_le_dieu_du_vin_et_de_l_exces,course_189_dionysos_le_dieu_du_vin_et_de_l_exces_q4,trueFalse,"נכון או לא נכון: הטקסים של דיוניסוס, הנקראים תעלומות, מחזקים את הסדר החברתי המבוסס של העיר.","להיפך, הטקסים הללו הופכים את הסדר החברתי ללילה אחד, לפני שההיגיון יחזיר את זכויותיו.","[""נכון"", ""לא נכון""]",1,,,,,,
course_189_dionysos_le_dieu_du_vin_et_de_l_exces,course_189_dionysos_le_dieu_du_vin_et_de_l_exces_q5,mcq,"לפי האגדה, איך דיוניסוס נקם בשודדי ים שלכדו אותו כדי למכור אותו?","מבועתים מהמשוטים שהפכו לנחשים ומהגפנים הגדלות על התורן, הפיראטים קופצים לים והופכים לדולפינים.","[""הוא הופך את המשוטים לנחשים וגורם לגפנים לצמוח על התורן"", ""הוא הופך את הספינה לאבן"", ""הוא מזמן סערה שמטביעה את הסירה"", ""זה הופך את הפיראטים לאלמוות ומשוגעים""]",0,,,,,,
course_189_dionysos_le_dieu_du_vin_et_de_l_exces,course_189_dionysos_le_dieu_du_vin_et_de_l_exces_q6,mcq,"איזו אמנות נולדה מהפסטיבלים לכבוד דיוניסוס באתונה, בתקופת הדיוניזיה הגדולה?","באתונה, אל העודף הזה הפך לפטרון התיאטרון: הדיוניזיה הגדולה ארגנה תחרויות דרמטיות.","[""התיאטרון"", ""פילוסופיה"", ""הפסל המונומנטלי"", ""שירה אפית""]",0,,,,,,
course_189_dionysos_le_dieu_du_vin_et_de_l_exces,course_189_dionysos_le_dieu_du_vin_et_de_l_exces_q7,mcq,"כיצד ""נולד"" שחקן התיאטרון, לפי סיפור האבולוציה של הדיתירמב?","הדיתירמב, שיר מקהלה לכבוד האל, מוליד את השחקן כאשר זמר מתנתק מהמקהלה כדי להגיב.","[""כשזמר מתנתק מהמקהלה כדי להגיב"", ""כשמסכת תיאטרון הומצאה לראשונה"", ""כאשר משורר מחבר את הדיאלוג הראשון"", ""כשדיוניסוס עצמו עולה לבמה""]",0,,,,,,
course_189_dionysos_le_dieu_du_vin_et_de_l_exces,course_189_dionysos_le_dieu_du_vin_et_de_l_exces_q8,mcq,"לאילו שני עקרונות התנגד הפילוסוף ניטשה במאה ה-19, ושאב השראה מאפולו ודיוניסוס?","ניטשה מתנגד לאפולו, אל המידה והבהירות, לדיוניסוס, כוח השיכרון והכאוס היצירתי, כדי להסביר את הטרגדיה היוונית.","[""מדידה ובהירות נגד שכרות וכאוס יצירתי"", ""המלחמה נגד שלום אזרחי"", ""סיבה מול דת"", ""מדע מול אמנות""]",0,,,,,,
course_189_dionysos_le_dieu_du_vin_et_de_l_exces,course_189_dionysos_le_dieu_du_vin_et_de_l_exces_q9,chronological,סדר את השלבים הללו בחייו של דיוניסוס והכת שלו.,"מלידתו ועד להולדת התיאטרון, המיתוס של דיוניסוס עוקב אחר התקדמות ברורה לעבר אמנות אזרחית.",,,"[""סמלה מת וזאוס משלים את ההיריון של דיוניסוס בירכו"", ""המאנאדים נכנסים לטראנס במהלך טקסים לכבודו בהרים"", ""שיר הדיתירמב מושר במקהלה במהלך פסטיבלים לכבודו"", ""הדיוניסיאס הגדול מוליד תיאטרון באתונה""]",,,,,
course_18_la_grande_depression_1929,course_18_la_grande_depression_1929_q1,mcq,"באיזה יום בשנת 1929 התרסקה הבורסה בניו יורק, וגררה את השפל הגדול?","ב-24 באוקטובר 1929, שכונה יום חמישי השחור, קרסה הבורסה של ניו יורק וגררה את השפל הגדול.","[""24 באוקטובר, \""חמישי השחור\"""", ""1 בינואר, ראש השנה"", ""14 ביולי, החג הלאומי הצרפתי"", ""11 בנובמבר, שביתת הנשק של 1918""]",0,,,,,,
course_18_la_grande_depression_1929,course_18_la_grande_depression_1929_q2,percentageSlider,איזה חלק מהאמריקאים היו מובטלים בשיא השפל הגדול?,כ-25% מהאמריקאים מוצאים עצמם מובטלים במהלך המשבר.,,,,25.0,0.0,100.0,5.0,%
course_18_la_grande_depression_1929,course_18_la_grande_depression_1929_q3,mcq,איזה מנגנון הניע את הבועה הספקולטיבית של שנות העשרים השואגות לפני ההתרסקות?,אנו לווים לרכישת מניות על ידי הימור על עלייתן: מערכת זו של רכישה על מרווח מכפילה את ההפסדים כאשר השוק קורס.,"[""קניית מניות במרווח, הלוואות לקניית ניירות ערך"", ""הדפסה המונית של כסף על ידי המדינה"", ""המשך הירידה במחירי החקלאות"", ""האיסור על אשראי צרכני""]",0,,,,,,
course_18_la_grande_depression_1929,course_18_la_grande_depression_1929_q4,trueFalse,נכון או לא נכון: בין 1929 ל-1932 איבדה שוק המניות האמריקאי כמעט 90% מערכו.,שוק המניות האמריקאי איבד כ-89% מערכו בין 1929 ל-1932.,"[""נכון"", ""לא נכון""]",0,,,,,,
course_18_la_grande_depression_1929,course_18_la_grande_depression_1929_q5,mcq,"מהן ""ריצות הבנקים"" שפגעו בבנקים האמריקאיים לאחר ההתרסקות?","לקוחות מבוהלים ממהרים למשוך את כספם, מה שגורם לכ-9,000 בנקים בארה""ב להיכשל.","[""גלי לקוחות מושכים את כספם בבהלה"", ""שוד מאורגן על ידי כנופיות"", ""ביקורת חובה שמטילה המדינה"", ""מיזוגים כפויים בין בנקים גדולים""]",0,,,,,,
course_18_la_grande_depression_1929,course_18_la_grande_depression_1929_q6,chronological,שים את האירועים האלה של השפל הגדול בסדר כרונולוגי.,"ההתרסקות של אוקטובר 1929 הובילה לשרשרת של כישלונות בנקים, ואז המשבר סלל את הדרך לתגובת היטלר ולתגובת הניו דיל, שניהם בתחילת 1933.",,,"[""יום חמישי השחור בוול סטריט"", ""גל של כישלונות בנקים בארצות הברית"", ""עלייתו של היטלר לשלטון בגרמניה"", ""השקת ה-New Deal של רוזוולט""]",,,,,
course_18_la_grande_depression_1929,course_18_la_grande_depression_1929_q7,mcq,איזו מערכת מוניטרית מפיצה את המשבר הכלכלי האמריקאי לאירופה?,"כדי לשמור על יתרות הזהב שלהם, הבנקים המרכזיים באירופה מעלים את הריבית שלהם, מה שמחמיר עוד יותר את המיתון.","[""תקן הזהב, שדוחף את הבנקים המרכזיים להעלות את הריבית שלהם"", ""פרנק הזהב, המטבע האירופי היחיד"", ""מערכת ברטון וודס"", ""איגוד המכס האירופי""]",0,,,,,,
course_18_la_grande_depression_1929,course_18_la_grande_depression_1929_q8,mcq,מי ניצל את האבטלה האדירה בגרמניה כדי לעלות לשלטון בינואר 1933?,"עם 30% אבטלה בגרמניה, היטלר ניצל את הייאוש העממי נגד רפובליקת ויימאר השברירית.","[""אדולף היטלר"", ""פרנקלין ד' רוזוולט"", ""הרברט הובר"", ""וינסטון צ'רצ'יל""]",0,,,,,,
course_18_la_grande_depression_1929,course_18_la_grande_depression_1929_q9,mcq,איזו מדיניות השיקה פרנקלין ד' רוזוולט כדי להגיב למשבר?,"נבחר בשנת 1932, רוזוולט השיק את ה-New Deal: עבודות גדולות, רגולציה בנקאית ותחילתה של הגנה חברתית, כדי להחיות את הכלכלה.","[""ה-New Deal, ששם קץ ל-laissez-fair ומחיה את הכלכלה באמצעות המדינה"", ""קולקטיביזציה של קרקע חקלאית"", ""שחזור תקן הזהב"", ""ברית צבאית עם גרמניה""]",0,,,,,,
course_191_enee_et_la_fondation_de_rome_virgile,course_191_enee_et_la_fondation_de_rome_virgile_q1,mcq,"מיהו המחבר של האנייד, האפוס המכונן של רומא?","וירגיליוס חיבר את האנייד במשך אחת עשרה שנים, כדי לתת לרומא עבר ראוי להומרוס.","[""וירג'יל"", ""הומר"", ""אובידיוס"", ""ליבי""]",0,,,,,,
course_191_enee_et_la_fondation_de_rome_virgile,course_191_enee_et_la_fondation_de_rome_virgile_q2,mcq,מדוע הזמין הקיסר אוגוסטוס את האפוס הזה מווירגיל?,"לאחר מלחמות אזרחים, אוגוסטוס רצה לייצב את כוחו על ידי קישורו, דרך אניאס, למקור אלוהי: זוהי תעמולה אוגוסטנית.","[""לחבר את כוחו לגיבור אלוהי לאחר מלחמות האזרחים"", ""למימון בניית מקדש גדול"", ""לחגוג ניצחון צבאי על קרתגו"", ""להחליף את הסיפורים ההומריים שנחשבו יווניים מדי""]",0,,,,,,
course_191_enee_et_la_fondation_de_rome_virgile,course_191_enee_et_la_fondation_de_rome_virgile_q3,mcq,"את מי אניאס מציל בזמן שהוא בורח מטרויה הבוערת, מלבד אביו ובנו?","אניאס נושא את הפנאטס, אלים המגינים על הבית, מחווה המגדירה פייטות רומיות: חובה למשפחה, לאלים ולגורל.","[""הפנאטים, אלי האח"", ""האוצר המלכותי של פריאם"", ""הנשק של אכילס"", ""הסוס הטרויאני""]",0,,,,,,
course_191_enee_et_la_fondation_de_rome_virgile,course_191_enee_et_la_fondation_de_rome_virgile_q4,trueFalse,"נכון או לא נכון: בקרתגו, המלכה דידו מתאבדת לאחר שאינאס עוזבת ומקללת את השושלת שלה.","יופיטר נקרא בחזרה למשימתו, ואניאס עוזב את דידו, שמתאבדת ומקללת את השושלת שלה: המיתוס מסביר אפוא את השנאה העתידית בין רומא לקרתגו.","[""נכון"", ""לא נכון""]",0,,,,,,
course_191_enee_et_la_fondation_de_rome_virgile,course_191_enee_et_la_fondation_de_rome_virgile_q5,mcq,"איזו משפחה רומית, כולל יוליוס קיסר ואוגוסטוס, טוענת למוצא אלוהי דרך בנו של אניאס?","בנו של אניאס, אסקניוס, הנקרא גם איול, נותן את שמו למשפחתו של יולי, אשר יוליוס קיסר ואוגוסטוס טוענים לזכותה.","[""הג'ולי"", ""הסקיפיוס"", ""הפלביאנים"", ""הטרקינים""]",0,,,,,,
course_191_enee_et_la_fondation_de_rome_virgile,course_191_enee_et_la_fondation_de_rome_virgile_q6,mcq,"איזה נסיך איטלקי, הנתמך על ידי האלה ג'ונו, פותח במלחמה נגד אניאס בלאטיום?","טורנוס, הנתמכת על ידי ג'ונו, אלילה עוינת לסוסים הטרויאנים, מתנגדת לאיחוד של אניאס עם לוויניה ומתחילה במלחמה.","[""טורנוס"", ""לטינוס"", ""אסקניוס"", ""אנכיסס""]",0,,,,,,
course_191_enee_et_la_fondation_de_rome_virgile,course_191_enee_et_la_fondation_de_rome_virgile_q7,mcq,מה מצא אניאס לאחר ניצחונו על טורנוס?,"לאחר שניצח את טורנוס, אניאס התחתן עם לוויניה והקים את לוויניום; בנו ימצא אז את אלבה הארוכה, שממנה ייוולדו רומולוס ורמוס.","[""לביניום"", ""רומא"", ""קרתגו"", ""טרויה""]",0,,,,,,
course_191_enee_et_la_fondation_de_rome_virgile,course_191_enee_et_la_fondation_de_rome_virgile_q8,chronological,עשה סדר בשלבים האלה במסעו של אניאס.,"מסעו של אניאס מוביל מנפילתה של טרויה לאהבתה הטראגית של קרתגו, לפני הניצחון האיטלקי שמתחיל את שושלת רומא.",,,"[""בורחים מטרויה הבוערת עם אב ובנו"", ""אהבה שבורה עם המלכה דידו בקרתגו"", ""ניצחון על טורנוס וייסוד לוויניום""]",,,,,
course_191_enee_et_la_fondation_de_rome_virgile,course_191_enee_et_la_fondation_de_rome_virgile_q9,mcq,איזה משורר מימי הביניים משתמש בווירגיליוס כמדריך שלו בשיר גדול?,"בימי הביניים, דנטה בחר בווירגיליוס כמדריך שלו בקומדיה האלוהית, מה שהפך את המשורר הלטיני לדמות כמעט נבואית.","[""דנטה, בקומדיה האלוהית"", ""פטררקה, בקנזוניירה"", ""בוקאצ'ו, בדקאמרון"", ""Chrétien de Troyes, ברומנים שלו""]",0,,,,,,
course_192_les_dieux_azteques_et_les_sacrifices_hum,course_192_les_dieux_azteques_et_les_sacrifices_hum_q1,mcq,"לפי המיתוס של חמש השמשות, כמה עידנים כבר נעלמו לפני זה שאנחנו חיים בו?","למיתוס האצטקי יש חמש שמשות: ארבעה תקופות כבר נספו בקטסטרופות לפני השמש החמישית הנוכחית, נאהוי אולילין.","[""ארבע"", ""דו"", ""שבע"", ""רק אחד""]",0,,,,,,
course_192_les_dieux_azteques_et_les_sacrifices_hum,course_192_les_dieux_azteques_et_les_sacrifices_hum_q2,mcq,"מדוע האלים מציעים את דמם משלהם ל-Teotihuacán, לפי המיתוס של חמש השמשות?","לאחר שהשליכו את עצמם לאש כדי להפוך לשמש וירח, האלים מבחינים שהשמש נותרת ללא תנועה: אז הם מציעים את דמם כדי להניע אותו, חוב שבני אדם יירשו.","[""להגדיר שמש דוממת בתנועה"", ""להעניש גברים על הגאווה שלהם"", ""כדי ליצור את הלוחמים האצטקים הראשונים"", ""כדי לכבות את השריפה המקורית""]",0,,,,,,
course_192_les_dieux_azteques_et_les_sacrifices_hum,course_192_les_dieux_azteques_et_les_sacrifices_hum_q3,mcq,"איזה אל אצטקי, הקשור למלחמה ולשמש הצהריים, נלחם בחושך מדי לילה?","Huitzilopochtli, אל המלחמה ושמש הצהריים, נלחם כל לילה בחושך כדי להיוולד מחדש בבוקר.","[""Huitzilopochtli"", ""טללוק"", ""Quetzalcoatl"", ""טזקטליפוקה""]",0,,,,,,
course_192_les_dieux_azteques_et_les_sacrifices_hum,course_192_les_dieux_azteques_et_les_sacrifices_hum_q4,mcq,"איזה אל שולט בגשם, ולכן בקציר או ברעב, בקרב האצטקים?","טללוק נותן גשם: בהתאם למצב הרוח שלו, הוא מביא יבול טוב או רעב.","[""טללוק"", ""Huitzilopochtli"", ""Coatlicue"", ""טזקטליפוקה""]",0,,,,,,
course_192_les_dieux_azteques_et_les_sacrifices_hum,course_192_les_dieux_azteques_et_les_sacrifices_hum_q5,trueFalse,נכון או לא נכון: מלחמות פרחים (Xochiyaoyotl) מטרתן להרוג כמה שיותר אויבים.,"מלחמות פרחים מכוונות ללכוד לוחמים חיים, הראויים להקרבה, ולא להרוג אותם בשדה הקרב.","[""נכון"", ""לא נכון""]",1,,,,,,
course_192_les_dieux_azteques_et_les_sacrifices_hum,course_192_les_dieux_azteques_et_les_sacrifices_hum_q6,mcq,באיזה כלי מחלץ הכומר את לב הקורבנות בצמרת ראש העיר הטמפלו?,"הכומר משתמש בסכין אובסידיאן, אבן וולקנית חדה, כדי לחלץ את הלב בראש ראש העיר טמפלו בטנוצ'טיטלאן.","[""סכין אובסידיאן"", ""חנית ברונזה"", ""חרב ברזל"", ""פגיון זהב""]",0,,,,,,
course_192_les_dieux_azteques_et_les_sacrifices_hum,course_192_les_dieux_azteques_et_les_sacrifices_hum_q7,mcq,מה שמו של הדם היקר שהוצע לאלים האצטקים?,"הדם המוצע לאלים נקרא חלחיוואטל, ""מים יקרים""; הלב שחולץ נחשב לניצוץ שמש שהוחזר לשמים.","[""הכלכיוואטל"", ""הטל הקדוש"", ""המים של אגם טקסוקו"", ""הפולק הפולחני""]",0,,,,,,
course_192_les_dieux_azteques_et_les_sacrifices_hum,course_192_les_dieux_azteques_et_les_sacrifices_hum_q8,mcq,איזה אירוע בשנת 1519 זירז את סופה של מערכת הקורבנות האצטקית?,"בשנת 1519, הגעתם של הרנן קורטס והכובשים הספרדים הביאו את סופו של היקום הפולחני הזה.","[""הגעתו של הרנן קורטס"", ""התפרצות געשית"", ""מותו של הקיסר מוקטזומה"", ""רעב כללי""]",0,,,,,,
course_192_les_dieux_azteques_et_les_sacrifices_hum,course_192_les_dieux_azteques_et_les_sacrifices_hum_q9,mcq,"איזה אל יריב של Quetzalcoatl שולט בלילה, בגורל ובקסם?","טזקטליפוקה, המראה המעשנת, היא יריבו של קצאלקואטל ושולטת על לילה, גורל וקסם.","[""טזקטליפוקה"", ""Huitzilopochtli"", ""Coatlicue"", ""טללוק""]",0,,,,,,
course_193_quetzalcoatl,course_193_quetzalcoatl_q1,mcq,מה מסמל האיחוד של הנחש והנוצה בשם קצאלקואטל?,"השם מקשר בין הנחש (האדמה) לבין הקצאל, ציפור בעלת נוצות ירוקות (השמים), מה שהופך את קצאלקואטל לגשר בין האדם לאלוהי.","[""הקשר בין כדור הארץ לשמים"", ""ניצחון על המוות"", ""הדואליות בין יום ללילה"", ""המעבר מילדות לבגרות""]",0,,,,,,
course_193_quetzalcoatl,course_193_quetzalcoatl_q2,mcq,"מה יחפש קצאלקואטל במיקטלן, עולם המתים, כדי ליצור בני אדם חדשים?","קצאלקואטל יורד למיקטלן כדי לשחזר את עצמות בני האדם מתקופות קודמות, להם הוא מחזיר חיים בדמו שלו.","[""עצמות בני אדם מתקופות קודמות"", ""הזרעים של התירס המקורי"", ""הלב של טזקטליפוקה"", ""נוצות הקצאל הקדוש""]",0,,,,,,
course_193_quetzalcoatl,course_193_quetzalcoatl_q3,trueFalse,"נכון או שקר: בקרב בני המאיה והאצטקים, הרג קצאל היה עונש מוות.",הציפור הייתה כל כך קדושה שאפשר היה לקחת ממנה רק כמה נוצות לפני שמשחררים אותה; להרוג אותו היה עונש מוות.,"[""נכון"", ""לא נכון""]",0,,,,,,
course_193_quetzalcoatl,course_193_quetzalcoatl_q4,mcq,"מיהו טופילצין קצלקואטל, הפנים ההיסטוריות של המיתוס?","Topiltzin Quetzalcoatl הוא מלך כומר טולה מהמאה ה-10, שעל פי הדיווחים ניסה להחליף קורבנות אדם במנחות של פרחים ופרפרים.","[""מלך-כהן של טולה שהיה רוצה לבטל קורבנות אדם"", ""קיסר אצטקי כובש את הספרדים"", ""כומר מאיה שהקים את צ'יצ'ן איצה"", ""החוקר הספרדי הראשון של מקסיקו""]",0,,,,,,
course_193_quetzalcoatl,course_193_quetzalcoatl_q5,mcq,מדוע בסופו של דבר הכהן-מלך של טולה הוגלה למזרח?,"Tezcatlipoca דוחף את המלך-כומר להשתכר על פולק; מושפל, הוא הגלה את עצמו למזרח, והבטיח להחזיר שנה אחת ""אגמון"".","[""יריבו טזקטליפוקה משפיל אותו בכך שהוא גורם לו לשתות פולקה"", ""הוא מפסיד במלחמה נגד בני המאיה"", ""הוא גורש על ידי מרד עממי"", ""הוא עוזב לחפש את התירס האבוד""]",0,,,,,,
course_193_quetzalcoatl,course_193_quetzalcoatl_q6,mcq,"באיזו צורה שמימית ממשיך קצאלקואטל להתקיים לאחר עזיבתו, לפי המיתוס?","לאחר גלותו, הופך קצלקואטל לפעמים לכוכב הבוקר, כוכב הלכת נוגה: האל לא מת, הוא משנה צורה.","[""כוכב הבוקר, כוכב הלכת נוגה"", ""הירח"", ""שביט שנתי"", ""שמש הצהריים""]",0,,,,,,
course_193_quetzalcoatl,course_193_quetzalcoatl_q7,mcq,מדוע הגעתו של קורטס ב-1519 הפריעה במיוחד לקיסר מוקטזומה השני?,"קורטס הגיע בשנת 1519, בדיוק השנה ""אגמון"" בלוח השנה האצטקי, כאשר חזרתו של קצאלקואטל הייתה צפויה, והכניס את מוקטזומה להיסוס.","[""זה עולה בקנה אחד עם השנה \""אגמון\"", זו של חזרתו הצפויה של האל"", ""זה מתרחש ביום של ליקוי חמה מלא."", ""זה עולה בקנה אחד עם פסטיבל התירס השנתי"", ""זה בא בעקבות תבוסה צבאית נגד בני המאיה""]",0,,,,,,
course_193_quetzalcoatl,course_193_quetzalcoatl_q8,chronological,עשה סדר בשלבים אלה של המיתוס של קצאלקואטל.,"המיתוס עובר על חוט מתמשך: הבריאה, לאחר מכן גלות המלך-כוהן, ולבסוף תחייתה של האגדה במהלך הכיבוש הספרדי.",,,"[""האל הבורא מחזיר את בני האדם לחיים ומציע להם תירס"", ""הכהן-מלך של טולה גולה למזרח לאחר השפלתו"", ""הגעתו של קורטס מחייה את ההבטחה לשיבה אלוהית""]",,,,,
course_194_le_mahabharata,course_194_le_mahabharata_q1,mcq,"מי מכונה באופן מסורתי כמחבר המהבהראטה, תוך שהוא גם דמות בסיפור?","המהבהראטה מיוחסת לחכם ויאסה, שהוא גם המחבר האגדי וגם דמות באפוס.","[""סייג ויאסה"", ""האל קרישנה"", ""הקשת ארג'ונה"", ""המלך דוריודהאנה""]",0,,,,,,
course_194_le_mahabharata,course_194_le_mahabharata_q2,trueFalse,"נכון או לא נכון: על פי האגדה, האל גאנשה שבר את אחד מהחטים שלו כדי לשמש כסטילטו לוויאסה.",האגדה מספרת שוויאסה הכתיב כל כך מהר עד שגנשה שבר את אחד החטים שלו כדי להמשיך לכתוב ללא הפרעה.,"[""נכון"", ""לא נכון""]",0,,,,,,
course_194_le_mahabharata,course_194_le_mahabharata_q3,mcq,מהו הנושא המרכזי של מלחמת מהבהראטה?,"המלחמה מעמידה את הפנדאבות והקאראוות, שני סניפים של אותה משפחת מלוכה, על כס המלכות של הסטינפורה.","[""כס המלוכה של הסטינאפורה, שנוי במחלוקת בין שני ענפים של אותה משפחה"", ""החזקת טבעת קסם"", ""שליטה על נתיבי הסחר של הודו"", ""כיבוש ממלכה זרה שכנה""]",0,,,,,,
course_194_le_mahabharata,course_194_le_mahabharata_q4,mcq,מה הורס את הפנדאבות ושולח אותם לגלות למשך שלוש עשרה שנים?,משחק קוביות מזוייף שאורגן על ידי ה-Karavas גרם ל-Pandavas לאבד את ממלכתם ולשלוח אותם לגלות למשך שלוש עשרה שנים.,"[""משחק קוביות מזוייף"", ""תבוסה צבאית נגד הקאורבה"", ""קללה אלוהית"", ""שריפה בארמון שלהם""]",0,,,,,,
course_194_le_mahabharata,course_194_le_mahabharata_q5,mcq,מי מנסה לתווך בין פנדווה לקאאורבה לפני פרוץ המלחמה?,"קרישנה, בעל ברית של הפנדאוות, מנסה לתווך לפני המלחמה, אך הקאראוות מסרבים לכך.","[""קרישנה"", ""ויאסה"", ""ארג'ונה"", ""דריטראשטרה""]",0,,,,,,
course_194_le_mahabharata,course_194_le_mahabharata_q6,mcq,מדוע הקשת ארג'ונה מפיל את הקשת שלו לפני הקרב הראשון בקורוקשטרה?,"ארג'ונה רואה את דודיו, חבריו ואדוניו במחנה האויב, כשהוא נסער, מפיל את קשתו לפני שקרישנה מנחה אותו.","[""הוא מזהה את דודיו, חבריו ואדוניו בשורות האויב"", ""הוא נפצע מחץ מורעל"", ""הוא נודע על מות אחיו"", ""הוא מאבד את ראייתו עקב קללה""]",0,,,,,,
course_194_le_mahabharata,course_194_le_mahabharata_q7,mcq,מה מייצג הבהגווד-גיטה בסיפור מהבהראטה?,"הבהגווד-גיטה הוא דיאלוג של כ-700 פסוקים שבהם קרישנה, המרכבה של ארג'ונה, מלמד אותו חובה ופעולה חסרת אנוכיות.","[""הדיאלוג של קרישנה עם ארג'ונה על חובה ופעולה"", ""היומן של המלך דריטראשטרה"", ""רשימת חוקי הגלות של הפנדאבים"", ""סיפור לידתם של מאה הקאראובות""]",0,,,,,,
course_194_le_mahabharata,course_194_le_mahabharata_q8,mcq,מה המשמעות של קארמה יוגה שלימד קרישנה לארג'ונה?,"קארמה יוגה מלמדת לפעול לפי חובתו, הדהרמה, מבלי להיאחז בתוצאה או בפירות הפעולה.","[""פעל לפי חובתו מבלי להיצמד לפירות הפעולה"", ""לוותר לחלוטין על כל פעולה למדיטציה"", ""עקוב רק אחר הרצונות האישיים שלך"", ""להילחם על נקמה ולא על חובה""]",0,,,,,,
course_194_le_mahabharata,course_194_le_mahabharata_q9,chronological,סדר את השלבים האלה של המהבהראטה.,"האפוס עוקב אחר ספירלה הגיונית: הרס באמצעות הימורים, כישלון הגישור, ואז הוראה רוחנית רגע לפני העימות האחרון.",,,"[""הפנדאבים מאבדים את הממלכה שלהם במשחק קוביות מזויפות"", ""קרישנה מנסה תיווך שסירבו על ידי הקאראוות"", ""את ארג'ונה מלמדים את הבהגווד-גיטה לפני הקרב""]",,,,,
course_195_lancelot_guenievre_et_la_table_ronde,course_195_lancelot_guenievre_et_la_table_ronde_q1,mcq,איך קוראים לכל הסיפורים סביב המלך ארתור ואביריו?,"המחזור הארתוריאני נקרא עניין בריטני, ומערבב היסטוריה מעורפלת, פולקלור קלטי ומוסר נוצרי.","[""עניין בריטני"", ""שיר המחווה"", ""המחזור הקרולינגי"", ""עניין רומא""]",0,,,,,,
course_195_lancelot_guenievre_et_la_table_ronde,course_195_lancelot_guenievre_et_la_table_ronde_q2,mcq,איזו אהבה אסורה בסופו של דבר מפילה את קמלוט?,"האהבה האסורה בין לנסלוט, האביר הטוב ביותר, לבין גווינבר, אשתו של ארתור, הופכת לרעל שמפיל את קמלוט.","[""אהבתם של לנסלוט והמלכה גווינבר"", ""אהבתם של מרלין וויויאן"", ""אהבתם של ארתור ומורגן"", ""אהבתם של גאווין ויסוולט""]",0,,,,,,
course_195_lancelot_guenievre_et_la_table_ronde,course_195_lancelot_guenievre_et_la_table_ronde_q3,mcq,איך ארתור מוכיח את הלגיטימיות שלו להיות מלך?,רק המלך האמיתי יכול למשוך את אקסקליבר מהסלע או מהסדן: ארתור מצליח במבחן הזה ומוכתר בקמלוט.,"[""על ידי הסרת החרב אקסקליבר מהסלע"", ""על ידי ניצחון על מרלין בדו קרב"", ""על ידי נישואים לגוויניור"", ""על ידי בניית השולחן העגול לבד""]",0,,,,,,
course_195_lancelot_guenievre_et_la_table_ronde,course_195_lancelot_guenievre_et_la_table_ronde_q4,mcq,מה מסמלת הצורה המעגלית של השולחן העגול?,"הצורה המעגלית של השולחן העגול מבטלת את ההיררכיה: כל אביר שווה לשכנו, כולל המלך.","[""שוויון בין אבירים, כולל המלך"", ""ההיררכיה הקפדנית בין האבירים"", ""מחזור העונות החקלאיות"", ""עליונות המלך על הווסלים שלו""]",0,,,,,,
course_195_lancelot_guenievre_et_la_table_ronde,course_195_lancelot_guenievre_et_la_table_ronde_q5,mcq,"מדוע לנסלוט, האביר הטוב בעולם, נכשל בחיפוש אחר הגביע?","רק אבירים טהורים כמו גלעד, פרסיבל ובוהרט מגיעים לגביע; אהבתו של לנסלוט לגוויניור הופכת אותו ללא ראוי לחזון הזה.","[""אהבתו לגווינבר הופכת אותו ללא ראוי לחזון האלוהי"", ""הוא מבוגר מדי בשביל להמשיך במסע"", ""הוא מסרב להשתתף במסע החיפושים"", ""הוא מובס בדו-קרב על ידי מורדרד""]",0,,,,,,
course_195_lancelot_guenievre_et_la_table_ronde,course_195_lancelot_guenievre_et_la_table_ronde_q6,trueFalse,"נכון או שקר: הרומן של לנסלוט וגווינבר הוא רק עניין פרטי, ללא חשיבות לממלכתו של ארתור.","הבגידה היא לא רק זוגית: גווינבר בהיותה אשתו של האדון, היא גם בגידה פיאודלית שקורעת את השולחן העגול למלחמת אזרחים.","[""נכון"", ""לא נכון""]",1,,,,,,
course_195_lancelot_guenievre_et_la_table_ronde,course_195_lancelot_guenievre_et_la_table_ronde_q7,mcq,מי חושף בפני ארתור את הרומן של לנסלוט וגוויניור?,"מורדרד, אחיינו או בנו בעל העריות של ארתור בהתאם לגרסה, חושף את הרומן בין לנסלוט לגווינבר.","[""מורדרד"", ""מרלין"", ""גאווין"", ""Perceval""]",0,,,,,,
course_195_lancelot_guenievre_et_la_table_ronde,course_195_lancelot_guenievre_et_la_table_ronde_q8,mcq,מה קורה לארתור לאחר שנפצע אנושות בקמלן?,"פצוע למוות בקמלן, ארתור עוזב לאי אבלון: הוא הופך למלך הישן, ""פעם מלך, מלך לעתיד"", שיחזור יום אחד.","[""הוא יוצא לאי אבלון, המלך שיחזור יום אחד"", ""הוא הופך לנזיר במנזר ברטוני"", ""הוא נקבר בקמלוט עם אקסקליבר"", ""הוא מתפייס עם גווינבר לפני שמת""]",0,,,,,,
course_195_lancelot_guenievre_et_la_table_ronde,course_195_lancelot_guenievre_et_la_table_ronde_q9,chronological,עשה סדר בשלבים האלה של האגדה הארתוריאנית.,"המחזור הארתוריאני עוקב אחר מסלול שלם: יסוד מפואר, חיפוש רוחני, בגידה נחשפה, ואז נפילה סופית של הממלכה.",,,"[""ארתור מסיר את אקסקליבר מהסלע ומקים את השולחן העגול"", ""החיפוש אחר הגביע מגלה שלנסלוט אינו טהור מספיק"", ""מורדרד חושף את הרומן של לנסלוט וגווינבר"", ""הקרב על קמלן מסיים את שלטונו של ארתור""]",,,,,
course_196_merlin_l_enchanteur,course_196_merlin_l_enchanteur_q1,mcq,מה האופי הפרדוקסלי של מרלין לפי המשורר רוברט דה בורון?,"לפי רוברט דה בורון, שד אינקובוס מייצר את מרלין כדי ליצור אנטיכריסט, אבל הטבילה של הילד מוחקת את הקללה הזו.","[""הוא בנו של שד, ניצל בטבילה"", ""הוא אל קלטי המחופש לאדם"", ""הוא מלאך שנפל שהפך לבן תמותה"", ""הוא אביר מקולל על ידי פיה""]",0,,,,,,
course_196_merlin_l_enchanteur,course_196_merlin_l_enchanteur_q2,mcq,מה נותרו כוחותיו של מרלין למרות הטבילה שלו?,"הטבילה מוחקת את הקללה השדנית, אך מרלין שומרת על ידיעת העבר, בירושה משדים, ומתנת הנבואה.","[""ידיעת העבר ומתנת הנבואה"", ""כוח פיזי על אנושי"", ""אלמוות מוחלט מלידה"", ""הכוח לעוף באוויר""]",0,,,,,,
course_196_merlin_l_enchanteur,course_196_merlin_l_enchanteur_q3,mcq,איך מרלין מרשה לארתור להיוולד?,מרלין עוזר לאות'רפנדרגון ללבוש את דמותו של הדוכס מקורנוול כדי להצטרף לדוכסית איגרן: מאותו לילה נולד ארתור.,"[""הוא עוזר למלך אותרפנדראגון לקחת על עצמו את תכונותיו של הדוכס מקורנוול"", ""הוא עצמו הופך את אותר לנשר"", ""הוא חוטף את הדוכסית איגרנה כדי לשאת אותה לאות'ר"", ""הוא גורם לארתור להופיע באורח קסם ללא הורים""]",0,,,,,,
course_196_merlin_l_enchanteur,course_196_merlin_l_enchanteur_q4,trueFalse,נכון או לא נכון: מרלין הוא זה שמוביל את ארתור לגברת האגם כדי להשיג את אקסקליבר.,"לאחר שגידל את ארתור בסתר, מרלין מובילה אותו אל גבירת האגם כך שהוא משיג את אקסקליבר, שנדן שלה מגן מפני פצעים אנושיים.","[""נכון"", ""לא נכון""]",0,,,,,,
course_196_merlin_l_enchanteur,course_196_merlin_l_enchanteur_q5,mcq,מהו המצור המסוכן שמרלין מציב בשולחן העגול?,"מרלין מעצב את המושב המסוכן, מקום פנוי בשולחן העגול השמור לאביר הטהור ביותר, אשר יתמלא מאוחר יותר במהלך החיפוש אחר הגביע.","[""מושב פנוי שמור לאביר הטהור ביותר"", ""כס המלוכה האישי של ארתור"", ""המושב המיוחס למרלין עצמו"", ""מלכודת המיועדת לאויבי הממלכה""]",0,,,,,,
course_196_merlin_l_enchanteur,course_196_merlin_l_enchanteur_q6,mcq,"מי גורם להיעלמותו של מרלין, למרות אהבתו אליו?","מרלין מתאהבת בויויאן ומלמדת אותה את הקסמים הסודיים ביותר שלו, בידיעה שבסופו של דבר היא תנעל אותו.","[""ויויאן, הגברת של האגם"", ""גווינבר, המלכה"", ""מורגן, אחותו למחצה של ארתור"", ""איגרן, אמו של ארתור""]",0,,,,,,
course_196_merlin_l_enchanteur,course_196_merlin_l_enchanteur_q7,mcq,מה מרלין יודע עוד לפני שהוא מתאהב בויויאן?,"מרלין יודע את סופו מראש ובכל זאת מתאהב בויויאן, עם ידע מלא של העובדות.","[""שהוא כבר יודע את הסוף שלו"", ""שארתור יבגוד בו יום אחד"", ""שגינבר יבגוד בארתור"", ""שהשולחן העגול יימשך לנצח""]",0,,,,,,
course_196_merlin_l_enchanteur,course_196_merlin_l_enchanteur_q8,mcq,אילו דמויות ספרותיות מודרניות יורדות מהארכיטיפ של הזקן החכם שקבע מרלין?,מרלין בהה בדמותו של החכם הזקן עם הזקן והמטה: גנדלף של טולקין ודמבלדור של רולינג הם צאצאים ישירים שלו.,"[""גנדלף בטולקין ודמבלדור ברולינג"", ""שרלוק הולמס ודוקטור ווטסון"", ""דרקולה ופרנקנשטיין"", ""רובין הוד וג'ון הקטן""]",0,,,,,,
course_197_les_mille_et_une_nuits_sheherazade,course_197_les_mille_et_une_nuits_sheherazade_q1,mcq,למה שחרזדה מספר סיפורים למלך שחריאר כל לילה?,"שחרזדה נעצרת ברגע המתוח ביותר בסיפורה, ומאלצת את המלך לדחות את הוצאתו להורג כדי לגלות מה יקרה אחר כך.","[""לעכב את הוצאתו להורג עד עלות השחר"", ""להסיח את דעתו של המלך מהמלנכוליה שלו"", ""ללמד אותו חוכמה מזרחית"", ""לזכות בתחרות סיפורים בבית המשפט""]",0,,,,,,
course_197_les_mille_et_une_nuits_sheherazade,course_197_les_mille_et_une_nuits_sheherazade_q2,mcq,באיזו טכניקה נרטיבית משתמש שחרזדה כדי ללכוד את תשומת לבו של המלך?,"שחרזדה עורמת סיפורים משתלבים: דמות אחת מספרת לשנייה, שמספרת לשנייה, כל הזמן מעכבת את הסוף.","[""סיפורים מקוננים זה בתוך זה"", ""שירים מושרים בליווי מוזיקה"", ""חידות שעל המלך לפתור"", ""סיפורים תמיד מסופרים בגוף ראשון""]",0,,,,,,
course_197_les_mille_et_une_nuits_sheherazade,course_197_les_mille_et_une_nuits_sheherazade_q3,mcq,מאיפה הליבה המקורית של הלילות הערביים?,"ליבת האוסף מגיעה מהאזאר אפסאנה הפרסי (""אלף סיפורים""), הניזונים בעצמם ממסורות הודיות, לפני שהפכו לערב בבגדד.","[""אוסף פרסי, ה-Hazār Afsāna, הניזון ממסורות הודיות"", ""אוסף יווני שתורגם לערבית בבגדד"", ""כרוניקות ספרדיות מימי הביניים"", ""שיר אפוס סיני שעבר עיבוד לפרס""]",0,,,,,,
course_197_les_mille_et_une_nuits_sheherazade,course_197_les_mille_et_une_nuits_sheherazade_q4,trueFalse,נכון או לא נכון: הסיפורים על אלאדין ועלי באבא מופיעים בכתבי היד הערביים המקוריים של ימי הביניים של הלילות הערביים.,"אלאדין ועלי באבא הם סיפורים יתומים, נעדרים מכתבי היד הערביים של ימי הביניים: הם נכנסו לקורפוס מאוחר יותר, דרך אירופה.","[""נכון"", ""לא נכון""]",1,,,,,,
course_197_les_mille_et_une_nuits_sheherazade,course_197_les_mille_et_une_nuits_sheherazade_q5,mcq,"מי תרגם והפיץ את ""אלף לילה ולילה"" בצרפת, בין 1704 ל-1717?","המזרחן הצרפתי אנטואן גאלנד פרסם את תרגומו בין 1704 ל-1717, המותאם לטעמו של חצרו של לואי ה-14.","[""אנטואן גלנד"", ""ויקטור הוגו"", ""וולטייר"", ""ז'אן דה לה פונטיין""]",0,,,,,,
course_197_les_mille_et_une_nuits_sheherazade,course_197_les_mille_et_une_nuits_sheherazade_q6,mcq,בזכות מי הוסיף אנטואן גאלנד את סיפור אלאדין לתרגומו?,"גאלנד מוסיף סיפורים שנשמעו מחנה דיאב, סורית חולפת, מה שמכניס את אלאדין לגוף.","[""חנה דיאב, סורית חולפת שמספרת לו סיפורים"", ""ווזיר עות'מאני נפגש בבגדד"", ""נסיכה פרסית שהוגלתה לפריז"", ""כתב יד שנמצא בספרייה מצרית""]",0,,,,,,
course_197_les_mille_et_une_nuits_sheherazade,course_197_les_mille_et_une_nuits_sheherazade_q7,mcq,איזה שינוי מתרחש אצל המלך שחריאר לאחר האזנה לשחרזדה במשך אלף לילה ולילה?,"לאחר אלף לילה ולילה של האזנה, שחרייר משתנה: הוא מוצא שוב אמפתיה, ושחרזדה תיקן כך עריץ באמצעות מילים בלבד.","[""הוא מחזיר לעצמו אמפתיה ומוותר על הריגת נשותיו"", ""הוא משתגע ונוטש את כסאו"", ""הוא מגלה את שחרזדה לממלכה אחרת"", ""הוא מתחתן במקום זאת עם אחותו של שחרזדה""]",0,,,,,,
course_197_les_mille_et_une_nuits_sheherazade,course_197_les_mille_et_une_nuits_sheherazade_q8,mcq,איזה מכשיר נרטיבי מודרני ירש ישירות מהטכניקה של שחרזדה?,"הצוק, החתך הזה על קצה המצוק הנרטיבי, הוא היורש הישיר של הטכניקה של שחרזדה.","[""הצוק, שחותך את הסיפור ברגע הכי מותח"", ""המונולוג הפנימי"", ""הפלאשבק הכרונולוגי"", ""המספר יודע כל""]",0,,,,,,
course_198_sindbad_le_marin,course_198_sindbad_le_marin_q1,mcq,"למי מספר סינדבאד המלח את הרפתקאותיו, בתחילת הסיפור?","הסיפור נפתח בבגדד, שם סינדבאד, כיום זקן ועשיר, מספר על נסיונותיו בפני סבל, ששמו גם הוא סינבדאד, בניגוד מעמדי מיידי.","[""לנשא בשם גם סינדבאד (או הינדבאד)"", ""לח'ליף מבגדד עצמו"", ""לבתו שלו"", ""לסוחר סיני חולף""]",0,,,,,,
course_198_sindbad_le_marin,course_198_sindbad_le_marin_q2,mcq,איזה מכונאי חוזר על עצמו בכל פעם שסינדבאד נוסע?,"כל מסע עוקב אחר אותה מכניקה: עייפות של חיים בישיבה, ספינה טרופה, הישרדות בארץ לא ידועה, ואז חזרה עמוסה באוצרות.","[""יציאה, ספינה טרופה, הישרדות, חזרה עמוסה באוצרות"", ""קרב ימי נגד פיראטים"", ""מסע אהבה בממלכה רחוקה"", ""עלייה לרגל דתית למכה""]",0,,,,,,
course_198_sindbad_le_marin,course_198_sindbad_le_marin_q3,mcq,"על איזה יצור אמיתי וכעת נכחד יתבסס הרוק, הציפור הענקית של סינדבאד?","ה-Roc כנראה בהשראת ה-Aepyornis, ציפור פיל ממדגסקר שנעלמה בסביבות שנת 1000, שביציה היו ענקיות.","[""האפיורניס, ציפור הפיל של מדגסקר"", ""הפטרודקטיל, זוחל מעופף פרהיסטורי"", ""המואה, ציפור ענקית של ניו זילנד"", ""הדודו של מאוריציוס""]",0,,,,,,
course_198_sindbad_le_marin,course_198_sindbad_le_marin_q4,trueFalse,"נכון או שקר: בלילות ערב, סינבדד הוא מעל הכל לוחם שיוצא לכבוש ממלכות רחוקות.","סינדבאד אינו לוחם: הוא סוחר-הרפתקן, מעמד יוקרתי בחברה שמעריכה מסחר.","[""נכון"", ""לא נכון""]",1,,,,,,
course_198_sindbad_le_marin,course_198_sindbad_le_marin_q5,mcq,"איזו תחנת ביניים אמיתית באוקיינוס ההודי מעוררת השראה בטיולים לסינדבאד, המפורסמת בתבלינים שלה?","סרנדיב, ציילון של ימינו, היא אחת התחנות האמיתיות שהוזכרו במסעותיו של סינדבאד, המפורסמת בתבלינים שלה.","[""סרנדיב (ציילון)"", ""אלכסנדריה"", ""ביזנטיון"", ""קורדובה""]",0,,,,,,
course_198_sindbad_le_marin,course_198_sindbad_le_marin_q6,mcq,"מהי ההקבלה המערבית העיקרית המתעוררת עם סינבדד, אך המתארת את אסיה בעובדות ולא בפלאים?","מרקו פולו הוא ההקבלה המערבית של סינדבאד: הוא מתאר את אסיה בעובדות, שם סינדבאד מצייר אותה בנפלאות.","[""מרקו פולו"", ""כריסטופר קולומבוס"", ""ואסקו דה גאמה"", ""ז'ול ורן""]",0,,,,,,
course_198_sindbad_le_marin,course_198_sindbad_le_marin_q7,mcq,מדוע המספר שבע מרכזי במחזור מסעותיו של סינדבד?,"המספר שבע, הטעון במשמעות בקוסמולוגיה האסלאמית, מעניק למחזור המסעות מימד יזום, מחוצפה ועד חוכמה.","[""הוא עמוס במשמעות בקוסמולוגיה האסלאמית ומבנה מסע חניכה"", ""זה מתאים למספר המדויק של הימים שחצו הערבים"", ""זה מציין את שבעת הח'ליפים שמלכו על בגדאד"", ""זה בא ממסורת מסחרית גרידא ללא משמעות דתית""]",0,,,,,,
course_198_sindbad_le_marin,course_198_sindbad_le_marin_q8,mcq,"מי תרגם את מסעותיו של סינדבד לצרפתית במאה ה-18, והכריע אותם באירופה?","אנטואן גאלנד תרגם את הלילות הערביים, כולל מסעותיו של סינבדאד, במאה ה-18, והזין לאחר מכן את רומן ההרפתקאות האירופי.","[""אנטואן גלנד"", ""וולטייר"", ""ויקטור הוגו"", ""מונטסקייה""]",0,,,,,,
course_199_les_titans_vs_les_dieux_la_titanomachie,course_199_les_titans_vs_les_dieux_la_titanomachie_q1,mcq,מי עוזר לזאוס להפוך את המלחמה אחרי עשר שנים ללא מנצח?,"בעצת גאיה, זאוס משחרר את הקיקלופ, שמחשל ברק, ואת ההקטונצ'ירים, ענקים עם מאה זרועות, ומפילים סוף סוף את הטיטאנים.","[""הקיקלופ וההקטונצ'יר, שוחררו בעצת גאיה"", ""המוזות, ששרות כדי להחליש את הטיטאנים"", ""פוסידון לבד, בזכות הטריידנט שלו"", ""פרומתאוס, שבוגד בטיטאנים באמצע הקרב""]",0,,,,,,
course_199_les_titans_vs_les_dieux_la_titanomachie,course_199_les_titans_vs_les_dieux_la_titanomachie_q2,mcq,מה קורה להקטונצ'יירים אחרי הניצחון של האולימפיאדה?,"הטיטאנים המובסים נזרקים לתוך טרטרוס, שם ההקטונצ'ירים הופכים לסוהרים שלהם.","[""הסוהרים של הטיטאנים המנוצחים, נעולים בטרטרוס"", ""המלכים החדשים של אולימפוס"", ""פסלי אבן בטרטרוס"", ""השליחים של זאוס לבני תמותה""]",0,,,,,,
course_199_les_titans_vs_les_dieux_la_titanomachie,course_199_les_titans_vs_les_dieux_la_titanomachie_q3,mcq,איזה עונש שומר זאוס במיוחד לאטלס?,"אטלס, גנרל צבאות קרונוס, נידון לשאת את הכספת השמימית על כתפיו, כדי ששמים וארץ לא ייפגשו עוד.","[""לשאת את הכספת השמימית על הכתפיים"", ""להיות כבול בטרטרוס לנצח"", ""לשוטט בלי סוף על כדור הארץ"", ""מאבד את הזיכרון של העבר הטיטאן שלך""]",0,,,,,,
course_199_les_titans_vs_les_dieux_la_titanomachie,course_199_les_titans_vs_les_dieux_la_titanomachie_q4,trueFalse,נכון או לא נכון: פרומתאוס נשלח לטרטרוס עם הטיטאנים האחרים לאחר הטיטאנומאכיה.,"פרומתאוס בוחר להישאר לא לוחם במהלך המלחמה, מה שמציל אותו מטרטרוס ומשאיר אותו חופשי, במחיר של מתח מתמשך עם אולימפוס.","[""נכון"", ""לא נכון""]",1,,,,,,
course_199_les_titans_vs_les_dieux_la_titanomachie,course_199_les_titans_vs_les_dieux_la_titanomachie_q5,mcq,מדוע גאיה יוצרת את הענקים לאחר הטיטאנומאכיה?,"כועסת על גורל בניה הטיטאן, גאיה מגדלת את הענקים כדי להפיל את זאוס, מה שמעורר את הגיגנטומאכי.","[""לנקום על הגורל השמור לבניו הטיטאנים"", ""לעזור לזאוס לבסס את כוחו"", ""להגן על אטלס מעונשו"", ""להחליף את הטיטאנים הכלואים בטרטרוס""]",0,,,,,,
course_199_les_titans_vs_les_dieux_la_titanomachie,course_199_les_titans_vs_les_dieux_la_titanomachie_q6,mcq,מה מגלה הנבואה המלווה את ג'יגאנטומכי?,"נבואה מכריזה שהאלים לא יכולים להביס את הענקים ללא עזרתו של בן תמותה, מה שדוחף את זאוס לקרוא להרקלס.","[""האלים לא יכולים להביס את הענקים ללא עזרתו של בן תמותה"", ""ענקים הם בלתי מנוצחים לנצח"", ""זאוס חייב להיות ברית עם הטיטאנים כדי להביס"", ""רק גאיה יכולה לעצור את הענקים שהיא יצרה""]",0,,,,,,
course_199_les_titans_vs_les_dieux_la_titanomachie,course_199_les_titans_vs_les_dieux_la_titanomachie_q7,mcq,איזה גיבור בן תמותה מאפשר לאלים להביס סופית את הענקים?,"הרקלס מסיים את הענקים שכבר נפגעו על ידי ברק עם החצים המורעלים שלו, ומביא את האומץ האנושי הדרוש לניצחון האלים.","[""הרקלס"", ""פרסאוס"", ""תזאוס"", ""אכילס""]",0,,,,,,
course_199_les_titans_vs_les_dieux_la_titanomachie,course_199_les_titans_vs_les_dieux_la_titanomachie_q8,mcq,"איך שלוש הממלכות מתחלקות בסופו של דבר בין זאוס, פוסידון והאדס?","המבנה האולימפי מתייצב עם זאוס בשמים, פוסידון במים והאדס בצללים, כל אחד מאסטר של התחום שלו.","[""זאוס שולט על השמיים, פוסידון על המים, האדס על הצללים"", ""זאוס שולט בכדור הארץ, פוסידון בשמים, האדס במים"", ""שלושת האחים שולטים יחד על תחום משותף אחד"", ""פוסידון הופך למלך העליון של שלוש הממלכות""]",0,,,,,,
course_199_les_titans_vs_les_dieux_la_titanomachie,course_199_les_titans_vs_les_dieux_la_titanomachie_q9,chronological,סדר את השלבים הפוסט-טיטנומכיים האלה.,"המסדר האולימפי בנוי בשלבים: ניצחון צבאי, ואז חלוקת עונשים, לפני המבחן האחרון של ג'יגאנטומכי.",,,"[""הקיקלופים וההקטונצ'ירים מטים את המלחמה לטובת זאוס"", ""אטלס נידון לשאת את הכספת השמימית"", ""גאיה מגדלת את הענקים כדי לנקום את הטיטאנים"", ""הרקלס עוזר לאלים להביס את הענקים במהלך הגיגנטומאכיה""]",,,,,
course_19_la_bataille_de_stalingrad_1942_1943,course_19_la_bataille_de_stalingrad_1942_1943_q1,mcq,"מה הייתה המטרה הראשונית של מתקפת ""קייס בלו"" הגרמנית, שהושקה ב-1942?",קייס בלו מכוון תחילה לנפט קווקזי; סטלינגרד היא בתחילה רק מטרה משנית על הכביש.,"[""תופס שמן מהקווקז"", ""קח את מוסקבה"", ""לפלוש לבריטניה"", ""לכבוש את סיביר""]",0,,,,,,
course_19_la_bataille_de_stalingrad_1942_1943,course_19_la_bataille_de_stalingrad_1942_1943_q2,mcq,מי פיקד על הארמייה הגרמנית ה-6 מעורבת בקרב סטלינגרד?,"הארמייה ה-6, המופנית לסטלינגרד, מפוקדת על ידי הגנרל פרידריך פאולוס.","[""גנרל פרידריך פאולוס"", ""מרשל גאורגי ז'וקוב"", ""גנרל וסילי צ'ויקוב"", ""הרמן גרינג""]",0,,,,,,
course_19_la_bataille_de_stalingrad_1942_1943,course_19_la_bataille_de_stalingrad_1942_1943_q3,mcq,איזו טקטיקות כפה הגנרל הסובייטי צ'ויקוב על חייליו בהריסות סטלינגרד?,"על ידי הישארותם בקשר הדוק מאוד עם האויב, הסובייטים מנעו מארטילריה וכלי טיס גרמניים לפגוע מבלי לפגוע בכוחותיהם שלהם.","[""הישאר בטווח של 30 מטרים מהאויב כדי למנוע תקיפה של ארטילריה גרמנית ללא סיכון"", ""נסוג באופן שיטתי לצד השני של הוולגה"", ""לתקוף רק בלילה"", ""לנהל משא ומתן על הפסקת אש מקומית עם הגרמנים""]",0,,,,,,
course_19_la_bataille_de_stalingrad_1942_1943,course_19_la_bataille_de_stalingrad_1942_1943_q4,numericSlider,"כמה ימים התנגד בית פבלוב, המוחזק על ידי קומץ חיילים סובייטים, להתקפות גרמניות?","בית פבלוב התנגד להתקפות גרמניות במשך 58 ימים, והפך לסמל של התנגדות סובייטית.",,,,58.0,10.0,120.0,7.0,ימים
course_19_la_bataille_de_stalingrad_1942_1943,course_19_la_bataille_de_stalingrad_1942_1943_q5,trueFalse,נכון או שקר: צו 227 של סטלין מסמיך חיילים סובייטים לסגת בחופשיות מול האויב.,"צו 227, להיפך, קובע ""לא צעד אחורה"", האוסר על כל נסיגה ללא פקודה.","[""נכון"", ""לא נכון""]",1,,,,,,
course_19_la_bataille_de_stalingrad_1942_1943,course_19_la_bataille_de_stalingrad_1942_1943_q6,mcq,"איזה מבצע סובייטי, שהוכן על ידי מרשל ז'וקוב, הקיף את הארמייה ה-6 הגרמנית בנובמבר 1942?","ב-19 בנובמבר 1942, מבצע אורנוס סגר את אחיזתו באגפים הגרמניים המוגנים בצורה גרועה והקיף כ-300,000 איש.","[""מבצע אורנוס"", ""מבצע מקרה כחול"", ""מבצע ברברוסה"", ""מבצע גריכט""]",0,,,,,,
course_19_la_bataille_de_stalingrad_1942_1943,course_19_la_bataille_de_stalingrad_1942_1943_q7,numericSlider,כמה גברים בערך הוקפו בסטלינגרד במהלך מבצע אורנוס ב-19 בנובמבר 1942?,"מבצע אורנוס מקיף כ-300,000 חיילים גרמנים ובעלות בריתה בכיס סטלינגרד.",,,,300000.0,100000.0,500000.0,30000.0,
course_19_la_bataille_de_stalingrad_1942_1943,course_19_la_bataille_de_stalingrad_1942_1943_q8,mcq,"מי הבטיח, ללא הצלחה, רכבת אווירית שתספק את הכוחות הגרמנים המוקפים בסטלינגרד?","הרמן גרינג, ראש הלופטוואפה, הבטיח רכבת אווירית שנכשלה, והותירה את הכוחות המוקפים למות מרעב וקור.","[""הרמן גרינג"", ""פרידריך פאולוס"", ""אדולף היטלר"", ""אריך פון פלקנהיין""]",0,,,,,,
course_19_la_bataille_de_stalingrad_1942_1943,course_19_la_bataille_de_stalingrad_1942_1943_q9,chronological,שים את השלבים האלה של קרב סטלינגרד בסדר כרונולוגי.,מקיץ 1942 עד 2 בפברואר 1943 עבר הקרב מהתקפת ניצחון גרמנית להשמדה מוחלטת של הארמייה ה-6.,,,"[""השקת המתקפה הגרמנית של Case Blue"", ""קרב מקרוב בחורבות העיר"", ""כיתור ארמייה 6 במהלך מבצע אורנוס"", ""כניעת הגנרל פאולוס""]",,,,,
course_1_la_naissance_de_l_islam_622,course_1_la_naissance_de_l_islam_622_q1,mcq,מה מייצגת ההגירה בשנת 622?,"ההיג'רה היא עזיבתו של מוחמד, מאוימת מוות במכה, לעבר נווה המדבר של מדינה. תאריך זה הופך לשנה 1 בלוח המוסלמי.","[""יציאתו של מוחמד ממכה למדינה"", ""הגילוי הראשון שקיבל מוחמד"", ""לכידת מכה על ידי המוסלמים"", ""מותו של מוחמד במדינה""]",0,,,,,,
course_1_la_naissance_de_l_islam_622,course_1_la_naissance_de_l_islam_622_q2,mcq,מי שלט בסחר סביב הכעבה לפני האיסלאם?,"הקוריש, השבט הדומיננטי של מכה, שאבו את כוחם מעלייה לרגל וממסחר סביב הכעבה הפוליתאיסטית.","[""שבט קוריש"", ""הביזנטים"", ""הפרסים הסאסאניים"", ""תושבי מדינה""]",0,,,,,,
course_1_la_naissance_de_l_islam_622,course_1_la_naissance_de_l_islam_622_q3,trueFalse,"נכון או שקר: לאחר שלקח את מכה בשנת 630, טבח מוחמד ברודףיו לשעבר.","מוחמד, להיפך, מעניק חנינה כללית, שמקלה על התגייסותם של שבטים ערבים לאסלאם.","[""נכון"", ""לא נכון""]",1,,,,,,
course_1_la_naissance_de_l_islam_622,course_1_la_naissance_de_l_islam_622_q4,numericSlider,באיזו שנה מת מוחמד והותיר את ערב מאוחדת תחת רשות אחת?,"מוחמד מת בשנת 632, רק עשר שנים לאחר ההגירה, כאשר כמעט כל ערב אוחדה.",,,,632.0,600.0,660.0,3.0,
course_1_la_naissance_de_l_islam_622,course_1_la_naissance_de_l_islam_622_q5,chronological,שים את האירועים הללו בחייו של מוחמד בסדר כרונולוגי.,"ארבעת התאריכים הללו (622, 624, 630, 632) מציינים את עשרים השנים שבהן הפך מוחמד מנביא מאוים לראש מדינה המאחדת את ערב.",,,"[""ההגירה: יציאה למדינה"", ""הקרב על באדר"", ""לכידת מכה"", ""מותו של מוחמד""]",,,,,
course_1_la_naissance_de_l_islam_622,course_1_la_naissance_de_l_islam_622_q6,mcq,מהי הד'ימה שהוקמה על ידי הכובשים המוסלמים?,"Dhimma הוא הסטטוס המוגן שמאפשר ל""אנשי הספר"" לשמור על דתם בתשלום ג'יזיה.","[""המעמד המאפשר לנוצרים וליהודים לשמור על דתם נגד מס"", ""שם הלוח המוסלמי"", ""מס על קרוואנים של סוחרים"", ""בית המשפט הואשם בשיפוט כופרים""]",0,,,,,,
course_1_la_naissance_de_l_islam_622,course_1_la_naissance_de_l_islam_622_q7,mcq,אילו שתי אימפריות גדולות היו מותשות מהמלחמות שלהן סביב ערב במאה ה-7?,המלחמות האינסופיות בין ביזנטיון (האימפריה הרומית המזרחית) והפרסים הסאסנים יצרו ואקום גיאופוליטי שממנו ניצל המסר החדש של מוחמד.,"[""האימפריה הביזנטית והסאסאנית"", ""האימפריה הרומית והסינית"", ""האימפריה העות'מאנית והמונגולית"", ""האימפריות הפרסיות וההודיות""]",0,,,,,,
course_1_la_naissance_de_l_islam_622,course_1_la_naissance_de_l_islam_622_q8,mcq,"מהי האומה, שייסד מוחמד במדינה?",האומה מחליפה את הסולידריות השבטית המסורתית בקהילה המבוססת על אמונה משותפת.,"[""קהילת המאמינים, שמעבר לדם ולקשרי חמולות"", ""שם הלוח המוסלמי"", ""הצבא התרומם נגד מכה"", ""מועצת הח'ליפים""]",0,,,,,,
course_200_re_et_la_creation_du_monde_egypte,course_200_re_et_la_creation_du_monde_egypte_q1,mcq,מהו שם העצם בקוסמוגוניה המצרית של הליופוליס?,"לפני הזמן, יש את שם העצם: מים כהים, אינסופיים, מלאי חיידקים, שמהם יוצא אטוום על אבן בנבן.","[""מים אפלים ואינסופיים, מלאי חיידקים, שקודמים לזמן"", ""שמו של פרעה האלים הראשון"", ""העולם התחתון של המתים"", ""הדיסק הסולארי גלוי בכל בוקר""]",0,,,,,,
course_200_re_et_la_creation_du_monde_egypte,course_200_re_et_la_creation_du_monde_egypte_q2,mcq,כיצד מופיע אטום על פי הקוסמוגוניה ההליופוליטית?,"אטום, ""ההוא שהושלם"", מייצר את עצמו ומגיח על אבן בנבן, הנקודה המוצקה הראשונה בעולם.","[""הוא מייצר את עצמו ומגיח על אבן בנבן"", ""הוא נולד מאיחוד של שני נחשים קדומים"", ""הוא נוצר על ידי האל אמון בפקודת הכוהנים"", ""זה נובע מדם של אל מובס""]",0,,,,,,
course_200_re_et_la_creation_du_monde_egypte,course_200_re_et_la_creation_du_monde_egypte_q3,mcq,"אילו אלים ברא אטום קודם, לפני גב ואנוט?","לבדו, אטום יוצר תחילה את צ'ו, האוויר, ותפנוט, לחות, לפני גב (כדור הארץ) ואגוז (השמיים).","[""כרוב (אוויר) ותפנוט (לחות)"", ""אוזיריס ואיסיס"", ""סת' ונפתיס"", ""רא וחפרי""]",0,,,,,,
course_200_re_et_la_creation_du_monde_egypte,course_200_re_et_la_creation_du_monde_egypte_q4,mcq,נגד איזה כוח נלחם רא בכל לילה במהלך המעבר שלו דרך הדואט?,"בכל לילה, הסירה של רה חוצה את הדואט במלחמה נגד איספת, אי הסדר, שהנחש אפופיס מבקש להטיל.","[""איספת, אי-סדר, מגולם על ידי הנחש אפופיס"", ""האל אמון, יריב שמימי"", ""הפרעונים הנפטרים מקנאים בכוחו"", ""האלה אגוז, שרוצה למנוע ממנו להיוולד מחדש""]",0,,,,,,
course_200_re_et_la_creation_du_monde_egypte,course_200_re_et_la_creation_du_monde_egypte_q5,trueFalse,נכון או לא נכון: רה נולד מחדש בכל בוקר במסווה של החיפושית חפרי.,"רא נולד מחדש עם עלות השחר במסווה של חפרי, החרפושית, סימן לכך שמאט, איזון, שוב גובר על אי סדר.","[""נכון"", ""לא נכון""]",0,,,,,,
course_200_re_et_la_creation_du_monde_egypte,course_200_re_et_la_creation_du_monde_egypte_q6,mcq,"מדוע רא משחרר את עינו הבוערת, האלה סקמט, נגד האנושות?","בסיפור חורבן בני אדם, רא המזדקן לומד שהאנושות זוממת נגדו ומשחררת את עינו, הלביאה סקמט.","[""גברים זוממים נגדו ככל שהוא מזדקן"", ""גברים מסרבים לבנות לו מקדשים"", ""ליקוי חמה עורר בו זעם"", ""גברים גנבו את האש הקדושה של הליופוליס""]",0,,,,,,
course_200_re_et_la_creation_du_monde_egypte,course_200_re_et_la_creation_du_monde_egypte_q7,mcq,איך רה מצליח לעצור את הטבח בסחמט?,"רא מבשלת צנצנות בירה בגוון אוקר אדום: סקמט, מתוך אמונה שהיא שותה דם, משתכרת, נרגעת והופכת לחת'ור העדין.","[""הוא מכין את סקמט לשתות בירה עם גוון אוקר אדום שהיא בטעות בדם"", ""הוא נועל את סקמט בעולם התחתון"", ""הוא הופך את סקמט לחיפושית חפרי"", ""הוא מבקש מאוזיריס להילחם בסחמט""]",0,,,,,,
course_200_re_et_la_creation_du_monde_egypte,course_200_re_et_la_creation_du_monde_egypte_q8,mcq,איזה אל התמזג עם Re בממלכה החדשה כדי ליצור אמון-רה?,"בממלכה החדשה, האל התבאני אמון התמזג עם Re: אמון-רה נולד, ""מלך האלים"", עבורו נבנו הקדשים הגדולים ביותר כמו קרנק.","[""אמון, אל תבאני"", ""אוזיריס, אל המתים"", ""סת', אל הכאוס"", ""חפרי, החיפושית""]",0,,,,,,
course_200_re_et_la_creation_du_monde_egypte,course_200_re_et_la_creation_du_monde_egypte_q9,chronological,סדר את השלבים האלה של המיתולוגיה של רא.,"המיתוס עוקב אחר בריאת העולם, אחר כך לידת האלים, משבר המרד האנושי, ולבסוף הסינתזה התיאולוגית של הממלכה החדשה.",,,"[""אטום יוצא מהשם על אבן בנבן"", ""ה-Ennead הגדול של תשעת האלים נולד"", ""רא משחרר את סקמט נגד האנושות המרדנית"", ""אמון מתמזג עם Re ויוצר את Amon-Re""]",,,,,
course_201_la_naissance_du_conflit_israelo_palestin,course_201_la_naissance_du_conflit_israelo_palestin_q1,mcq,מי הגדיר את הציונות המדינית המודרנית ב-1897?,"תיאודור הרצל הציג תאוריה של הציונות המדינית במהלך קונגרס באזל ב-1897, בתגובה לעליית האנטישמיות באירופה.","[""תיאודור הרצל"", ""דוד בן גוריון"", ""חיים ויצמן"", ""ארתור בלפור""]",0,,,,,,
course_201_la_naissance_du_conflit_israelo_palestin,course_201_la_naissance_du_conflit_israelo_palestin_q2,numericSlider,באיזו שנה הוציאה ממשלת בריטניה את הצהרת בלפור?,"הצהרת בלפור, שניתנה ב-1917, הבטיחה ""בית לאומי לעם היהודי"" בארץ ישראל.",,,,1917.0,1880.0,1950.0,2.0,
course_201_la_naissance_du_conflit_israelo_palestin,course_201_la_naissance_du_conflit_israelo_palestin_q3,percentageSlider,"איזה חלק מאוכלוסיית פלסטין היה יהודי ב-1918, לפני גל ההגירה הגדול בשנות השלושים?","האוכלוסייה היהודית של ארץ ישראל הייתה כ-8% מכלל האוכלוסייה ב-1918, לפני שעלתה על 30% בסוף שנות ה-30.",,,,8.0,0.0,100.0,5.0,%
course_201_la_naissance_du_conflit_israelo_palestin,course_201_la_naissance_du_conflit_israelo_palestin_q4,trueFalse,"נכון או שקר: בשנת 1947, מנהיגים ציונים ומנהיגים ערבים קיבלו שניהם את תוכנית החלוקה של האו""ם.","המנהיגים הציונים מקבלים את תוכנית החלוקה של האו""ם, אך הערבים דוחים אותה: מלחמת אזרחים פורצת כמעט מיד.","[""נכון"", ""לא נכון""]",1,,,,,,
course_201_la_naissance_du_conflit_israelo_palestin,course_201_la_naissance_du_conflit_israelo_palestin_q5,chronological,שים את האירועים האלה בסדר כרונולוגי.,"ארבעת התאריכים הללו (1897, 1917, 1947, 1948) מציינים חצי מאה, מלידתה של הציונות המדינית ועד להקמת מדינת ישראל והיציאה הפלסטינית.",,,"[""קונגרס באזל"", ""הצהרת בלפור"", ""תוכנית השיתוף של האו\""ם"", ""עצמאות ישראל והנכבה""]",,,,,
course_201_la_naissance_du_conflit_israelo_palestin,course_201_la_naissance_du_conflit_israelo_palestin_q6,mcq,איך הפלסטינים מכנים את יציאת 1948?,"נכבה פירושו ""קטסטרופה"" בערבית: המונח מתייחס ליציאתם של מאות אלפי פלסטינים ב-1948.","[""הנכבה"", ""עלייה"", ""האינתיפאדה"", ""המנדט""]",0,,,,,,
course_201_la_naissance_du_conflit_israelo_palestin,course_201_la_naissance_du_conflit_israelo_palestin_q7,mcq,"איזה ארגון הקים האו""ם ב-1949 כדי לעזור לפליטים פלסטינים?","אונר""א הוקמה ב-1949 כדי לטפל בפליטים פלסטינים, במצב שאמור להיות זמני.","[""אונר\""א"", ""אונסק\""ו"", ""UNHCR"", ""הליגה הערבית""]",0,,,,,,
course_201_la_naissance_du_conflit_israelo_palestin,course_201_la_naissance_du_conflit_israelo_palestin_q8,numericSlider,כמה אלפי פלסטינים בערך ברחו או גורשו מבתיהם במהלך הנכבה של 1948?,"בין 700,000 ל-750,000 פלסטינים ברחו או גורשו מבתיהם במהלך מלחמת 1948.",,,,725.0,200.0,1200.0,100.0,אלפים
course_201_la_naissance_du_conflit_israelo_palestin,course_201_la_naissance_du_conflit_israelo_palestin_q9,mcq,"מי מקבל את תוכנית החלוקה של האו""ם משנת 1947, בניגוד למנהיגים הערבים?","מנהיגים ציונים קיבלו את תוכנית החלוקה של האו""ם ב-1947, בעוד שמנהיגים ערבים דחו אותה.","[""מנהיגים ציוניים"", ""הבריטים"", ""האו\""ם עצמו"", ""פליטים פלסטינים""]",0,,,,,,
course_202_la_rivalite_chine_etats_unis,course_202_la_rivalite_chine_etats_unis_q1,mcq,מי השיק את רפורמות הפתיחה הכלכליות בסין מ-1978?,"דנג שיאופינג השיק את ""ארבע המודרניזציות"" ב-1978, תוך שבר עם האורתודוקסיה הקומוניסטית כדי לפתוח את סין לקפיטליזם בפיקוח המפלגה.","[""דנג שיאופינג"", ""מאו דזה-דונג"", ""שי ג'ינפינג"", ""ג'ואו אנלאי""]",0,,,,,,
course_202_la_rivalite_chine_etats_unis,course_202_la_rivalite_chine_etats_unis_q2,numericSlider,באיזו שנה השיקה סין את רפורמות הפתיחה הכלכליות שלה?,"דנג שיאופינג השיק את רפורמות הפתיחה ב-1978, נקודת מפנה שהפכה את סין ל""מפעל העולם"".",,,,1978.0,1960.0,2000.0,3.0,
course_202_la_rivalite_chine_etats_unis,course_202_la_rivalite_chine_etats_unis_q3,mcq,איזו עיר הופכת לסמל של האזורים הכלכליים המיוחדים של סין?,"שנזן הופכת לסמל של אזורים כלכליים מיוחדים, ומושכת חברות זרות עם הטבות מס וכוח עבודה זול.","[""שנזן"", ""שנחאי"", ""בייג'ין"", ""קנטון""]",0,,,,,,
course_202_la_rivalite_chine_etats_unis,course_202_la_rivalite_chine_etats_unis_q4,numericSlider,כמה מיליארדי דולרים של חוב אמריקאי מחזיקה סין בקירוב?,"סין מחזיקה בכ-800 מיליארד דולר בחוב של ארה""ב, מה שהופך את הפסקה הקשה להרסנית עבור שתי הכלכלות.",,,,800.0,0.0,2000.0,150.0,מיליארד דולר
course_202_la_rivalite_chine_etats_unis,course_202_la_rivalite_chine_etats_unis_q5,numericSlider,באיזו שנה עקפה סין את יפן והפכה לכלכלה השנייה בגודלה בעולם?,"סין עקפה את יפן ב-2010 והפכה לכלכלה השנייה בגודלה בעולם, תשע שנים לאחר הצטרפותה לארגון הסחר העולמי.",,,,2010.0,1990.0,2020.0,3.0,
course_202_la_rivalite_chine_etats_unis,course_202_la_rivalite_chine_etats_unis_q6,mcq,"איזו טכנולוגיה נמצאת בלב ה""ניתוק"" בין וושינגטון לבייג'ין?","האמריקאים מבקשים לבודד את סין ממוליכים למחצה, שבבים אלו חיוניים לבינה מלאכותית ולנשק מודרני.","[""מוליכים למחצה"", ""המכונית החשמלית"", ""כדורי אדמה נדירים"", ""אנרגיה גרעינית""]",0,,,,,,
course_202_la_rivalite_chine_etats_unis,course_202_la_rivalite_chine_etats_unis_q7,trueFalse,"נכון או לא נכון: ההגבלות של ארה""ב על Huawei ו-TikTok מסתיימות לאחר שדונלד טראמפ עוזב את הנשיאות.","המדיניות המגבילה הזו נגד חברות סיניות נמשכת גם לאחר עזיבתו של טראמפ, הוכחה לכך שהיריבות חורגת מחלוקות פוליטיות אמריקאיות.","[""נכון"", ""לא נכון""]",1,,,,,,
course_202_la_rivalite_chine_etats_unis,course_202_la_rivalite_chine_etats_unis_q8,mcq,איזה פרויקט מאפשר לסין לבנות רשת השפעה ביותר מ-140 מדינות?,"Xi Jinping פורס את כבישי המשי החדשים, פרויקט השקעה ביותר מ-140 מדינות המבטיח אספקה סינית.","[""דרכי המשי החדשות"", ""BRICS"", ""OPEC+"", ""ארגון הסחר העולמי""]",0,,,,,,
course_202_la_rivalite_chine_etats_unis,course_202_la_rivalite_chine_etats_unis_q9,chronological,שים את השלבים האלה של היריבות בין סין לארצות הברית בסדר כרונולוגי.,"משנת 1978 ועד למלחמת הסחר בתקופת טראמפ, אבני דרך אלו מציגות את הפיכתה ההדרגתית של סין ליריבה מערכתית של ארצות הברית.",,,"[""דנג שיאופינג משיק רפורמות פתיחה"", ""כניסתה של סין לארגון הסחר העולמי"", ""סין הופכת לכלכלה השנייה בגודלה בעולם"", ""הטלת מכסים מאסיביים בארה\""ב על מוצרים סיניים""]",,,,,
course_203_les_tensions_autour_de_taiwan,course_203_les_tensions_autour_de_taiwan_q1,mcq,מי הוביל את הלאומנים בקואומינטנג שמצאו מקלט בטייוואן ב-1949?,"צ'יאנג קאי-שק הוביל את הלאומנים הקוומינטנגים, שנמחצו על ידי הניצחון הקומוניסטי, שמצאו מקלט באי טייוואן ב-1949.","[""צ'אנג קאי שק"", ""מאו דזה-דונג"", ""דנג שיאופינג"", ""סאן יאט-סן""]",0,,,,,,
course_203_les_tensions_autour_de_taiwan,course_203_les_tensions_autour_de_taiwan_q2,numericSlider,כמה מיליוני אנשים יש בטייוואן בערך?,"בטייוואן יש כ-23 מיליון תושבים, אוכלוסייה שצריכה להתמודד עם הבידוד הדיפלומטי של האי.",,,,23.0,5.0,60.0,5.0,מיליון תושבים
course_203_les_tensions_autour_de_taiwan,course_203_les_tensions_autour_de_taiwan_q3,mcq,מה הפסידה טייוואן ב-1971 לבייג'ין?,"בשנת 1971 הוציא האו""ם את טאיפיי ממושבה כנציגה הלגיטימית של סין ונתן אותה לבייג'ינג, תוך בידוד דיפלומטי של האי.","[""מושבו באו\""ם"", ""התמיכה הצבאית האמריקאית שלה"", ""הכרה דיפלומטית של ארצות הברית"", ""עצמאותה הרשמית""]",0,,,,,,
course_203_les_tensions_autour_de_taiwan,course_203_les_tensions_autour_de_taiwan_q4,numericSlider,באיזו שנה נוסדה TSMC בטייוואן?,TSMC נולדה בשנת 1987 והפכה ללב תעשיית המוליכים למחצה העולמית.,,,,1987.0,1970.0,2010.0,3.0,
course_203_les_tensions_autour_de_taiwan,course_203_les_tensions_autour_de_taiwan_q5,percentageSlider,כמה מהשבבים האלקטרוניים המתקדמים בעולם מייצרת TSMC?,"TSMC מייצרת יותר מ-90% מהשבבים האלקטרוניים המתקדמים בעולם, ויוצרים ""מגן סיליקון"" אמיתי.",,,,90.0,0.0,100.0,8.0,%
course_203_les_tensions_autour_de_taiwan,course_203_les_tensions_autour_de_taiwan_q6,mcq,"מה קרה בטייוואן ב-1996, בסימן שבירה מהמודל האוטוריטרי הסיני?","בשנת 1996, טייוואן ערכה את הבחירות הראשונות שלה באמצעות בחירה אוניברסלית ישירה, והפכה לאחת הדמוקרטיות הליברליות ביותר באסיה.","[""הבחירות הראשונות בבחירה כללית ישירה"", ""הכרזת העצמאות הרשמית"", ""הקמת TSMC"", ""אובדן מושב באו\""ם""]",0,,,,,,
course_203_les_tensions_autour_de_taiwan,course_203_les_tensions_autour_de_taiwan_q7,trueFalse,נכון או לא נכון: ארצות הברית מכירה רשמית בטייוואן כמדינה עצמאית.,"ארצות הברית מכירה רשמית בבייג'ינג, אך נוהגת בעמימות אסטרטגית אשר בכל זאת מאפשרת לה לחמש את טייוואן.","[""נכון"", ""לא נכון""]",1,,,,,,
course_203_les_tensions_autour_de_taiwan,course_203_les_tensions_autour_de_taiwan_q8,mcq,"איך אתה קורא למדיניות האמריקנית שלעולם לא מציינת אם ארה""ב תגן על טייוואן צבאית במקרה של תקיפה?","מאז 1979, ארצות הברית נוהגת בעמימות אסטרטגית: היא מחמשת את טייוואן מבלי לאשר אי פעם התערבות צבאית ישירה.","[""אי בהירות אסטרטגית"", ""דוקטרינת מונרו"", ""הבלימה"", ""דיפלומטיה של פנדה""]",0,,,,,,
course_203_les_tensions_autour_de_taiwan,course_203_les_tensions_autour_de_taiwan_q9,chronological,שים את האירועים האלה בהיסטוריה של טייוואן בסדר כרונולוגי.,"מהתבוסה של הקואומינטנג ועד לבחירות הדמוקרטיות הראשונות שלה, טייוואן בנתה זהות נבדלת מסין בחצי מאה.",,,"[""נסיגה של לאומנים בקואומינטנג באי טייוואן"", ""המטה הסיני באו\""ם הועבר לבייג'ינג"", ""ייסוד TSMC"", ""הבחירות הראשונות בטייוואן באמצעות בחירה אוניברסלית ישירה""]",,,,,
course_204_le_concept_de_monde_multipolaire,course_204_le_concept_de_monde_multipolaire_q1,mcq,איזה מונח מתייחס לתקופה של שליטה גלובלית כמעט בלעדית של ארצות הברית אחרי 1991?,"העורך קראוטהמר מדבר על ""רגע חד קוטבי"" לתיאור שליטה אמריקאית ללא יריב אמין לאחר נפילת ברית המועצות.","[""הרגע החד קוטבי"", ""הסדר הדו-קוטבי"", ""סוף הסיפור"", ""סדר העולם החדש""]",0,,,,,,
course_204_le_concept_de_monde_multipolaire,course_204_le_concept_de_monde_multipolaire_q2,numericSlider,במשך כמה שנים בערך נשלטו היחסים הבינלאומיים על ידי הדו-קוטביות של המלחמה הקרה?,"הדו-קוטביות נמשכה כמעט ארבעים וחמש שנים, תוך התנגדות לגוש נאט""ו לזה של ברית המועצות עד לנפילתה של האחרונה ב-1991.",,,,45.0,20.0,70.0,8.0,שנים
course_204_le_concept_de_monde_multipolaire,course_204_le_concept_de_monde_multipolaire_q3,mcq,"מי מעלה תיאוריה של ""הרגע החד-קוטבי"" האמריקאי?","בעל הטור האמריקאי קראוטהמר משתמש בביטוי ""רגע חד קוטבי"" כדי לתאר את העליונות האמריקאית לאחר 1991.","[""קראוטהמר"", ""קיסינג'ר"", ""פוקויאמה"", ""הנטינגטון""]",0,,,,,,
course_204_le_concept_de_monde_multipolaire,course_204_le_concept_de_monde_multipolaire_q4,numericSlider,באיזו שנה נפילת ברית המועצות שמה קץ למאזן הדו-קוטבי של המלחמה הקרה?,"ברית המועצות קרסה ב-1991, מה שסלל את הדרך לרגע החד-קוטבי של אמריקה.",,,,1991.0,1970.0,2010.0,3.0,
course_204_le_concept_de_monde_multipolaire,course_204_le_concept_de_monde_multipolaire_q5,trueFalse,"נכון או לא נכון: ""הרגע החד-קוטבי"" האמריקאי נמשך יותר משלושים שנה.","הרגע החד-קוטבי, שנמצא בין 1991 ל-2008, היה אחת האימפריות הקצרות בהיסטוריה, לפני האתגר של סין ורוסיה.","[""נכון"", ""לא נכון""]",1,,,,,,
course_204_le_concept_de_monde_multipolaire,course_204_le_concept_de_monde_multipolaire_q6,mcq,איזה פרויקט מאפשר לסין לטוות רשת עצומה של השפעה ברחבי העולם?,"דרך דרכי המשי החדשות, בייג'ין משקיעה באופן מסיבי בחו""ל כדי לבנות רשת חלופית של השפעה למערב.","[""דרכי המשי החדשות"", ""BRICS"", ""ה-G7"", ""ארגון הסחר העולמי""]",0,,,,,,
course_204_le_concept_de_monde_multipolaire,course_204_le_concept_de_monde_multipolaire_q7,mcq,"איזה ארגון מפגיש את סין, רוסיה, הודו ומעצמות מתעוררות אחרות כדי להשפיע על ה-G7?",ה-BRICS מאפשרים למעצמות מתעוררות לשקול באופן קולקטיבי נגד מדינות ה-G7 ביחסים בינלאומיים.,"[""BRICS"", ""נאט\""ו"", ""האו\""ם"", ""האיחוד האירופי""]",0,,,,,,
course_204_le_concept_de_monde_multipolaire,course_204_le_concept_de_monde_multipolaire_q8,mcq,"איך אנחנו מכנים ריכוז חילופי כלכלה בין מדינות החולקות את אותם אינטרסים, סימפטום של דה-גלובליזציה סלקטיבית?","""חבר-שורה"" מתייחס לריכוז זה של חילופי דברים בין בעלי ברית, צורה של דה-גלובליזציה סלקטיבית שנולדה ממתח רב-קוטבי.","[""חבר-שורינג"", ""סחר חופשי מלא"", ""גלובליזציה קלאסית"", ""פרוטקציוניזם מוחלט""]",0,,,,,,
course_204_le_concept_de_monde_multipolaire,course_204_le_concept_de_monde_multipolaire_q9,chronological,שים את השלבים הללו של הצעדה לעבר עולם רב קוטבי בסדר כרונולוגי.,"מהאיזון של המלחמה הקרה לעליית ה-BRICS, הסדר העולמי עבר תוך כמה עשורים מדו-קוטביות נוקשה לרב-קוטביות לא ודאית.",,,"[""שיווי משקל דו קוטבי במלחמה הקרה"", ""רגע חד קוטבי אמריקאי לאחר נפילת ברית המועצות"", ""העלייה הכלכלית של סין"", ""אישור BRICS נגד ה-G7""]",,,,,
course_205_le_petrole_comme_source_de_conflits,course_205_le_petrole_comme_source_de_conflits_q1,numericSlider,באיזו שנה קדח המהנדס אדווין דרייק את באר הנפט המסחרית הראשונה בפנסילבניה?,"אדווין דרייק קדח את הבאר המסחרית הראשונה ב-1859, מה שפתח את עידן הנפט התעשייתי.",,,,1859.0,1800.0,1900.0,5.0,
course_205_le_petrole_comme_source_de_conflits,course_205_le_petrole_comme_source_de_conflits_q2,mcq,"מה שמה של קבוצת החברות המערביות ששלטה בנפט במזרח התיכון לפני אופ""ק?","""שבע האחיות"" הטילו חוזים חסרי ערך על מדינות מייצרות במשך עשרות שנים ושמרו על פיקוח על המחירים.","[""שבע האחיות"", ""OPEC+"", ""ארבעת הדרקונים"", ""קרטל בגדאד""]",0,,,,,,
course_205_le_petrole_comme_source_de_conflits,course_205_le_petrole_comme_source_de_conflits_q3,numericSlider,"באיזו שנה מצאו חמש מדינות מייצרות את אופ""ק בבגדד?","אופ""ק נוסדה ב-1960 בבגדד כדי לאפשר למדינות מייצרות להחזיר את השליטה על המשאבים שלהן.",,,,1960.0,1940.0,1980.0,3.0,
course_205_le_petrole_comme_source_de_conflits,course_205_le_petrole_comme_source_de_conflits_q4,numericSlider,"בכמה גדל מחיר החבית במהלך משבר הנפט של 1973, בחצי שנה?","במהלך האמברגו הערבי של 1973, מחיר החבית גדל פי ארבעה תוך שישה חודשים בלבד.",,,,4.0,1.0,10.0,1.0,פעמים
course_205_le_petrole_comme_source_de_conflits,course_205_le_petrole_comme_source_de_conflits_q5,trueFalse,"נכון או שקר: אמברגו הנפט משנת 1973 נקבע על ידי מדינות ערב של אופ""ק נגד בעלות בריתה של ישראל.","בעיצומה של מלחמת יום הכיפורים, מדינות ערב של אופ""ק גזרו אמברגו על בעלות בריתה של ישראל, שמכפיל פי ארבעה את מחיר החבית.","[""נכון"", ""לא נכון""]",0,,,,,,
course_205_le_petrole_comme_source_de_conflits,course_205_le_petrole_comme_source_de_conflits_q6,mcq,"מי ניסה להלאים חברות נפט בריטיות באיראן ב-1951, לפני שהופל בהפיכה?","ראש ממשלת איראן, מוחמד מוסאדג, הלאים חברות נפט בריטיות ב-1951, לפני שהופל ב-1953.","[""מוחמד מוסאדג"", ""השאה של איראן"", ""האייתוללה חומייני"", ""סדאם חוסיין""]",0,,,,,,
course_205_le_petrole_comme_source_de_conflits,course_205_le_petrole_comme_source_de_conflits_q7,mcq,"לאיזו מדינה פלשה עיראק ב-1990, ואיימה ישירות על שוק הנפט העולמי?",הפלישה של עיראק לכווית ב-1990 איימה על נתח עצום מהעתודות של העולם והביאה למלחמת המפרץ ב-1991.,"[""כווית"", ""ערב הסעודית"", ""איראן"", ""סוריה""]",0,,,,,,
course_205_le_petrole_comme_source_de_conflits,course_205_le_petrole_comme_source_de_conflits_q8,mcq,איזו טכנולוגיה מאפשרת לארצות הברית להפוך ליצרנית נפט גדולה מאוד בשנות ה-2010?,"באמצעות שבירה הידראולית, ארצות הברית מנצלת באופן מסיבי נפט מפצלי, ומפחיתה את התלות שלה במזרח התיכון.","[""שבירה הידראולית"", ""קידוח ים עמוק"", ""אנרגיה גרעינית"", ""סולרי""]",0,,,,,,
course_205_le_petrole_comme_source_de_conflits,course_205_le_petrole_comme_source_de_conflits_q9,chronological,שים את האירועים הללו בהיסטוריה של הנפט כמקור לעימות בסדר כרונולוגי.,"מהבאר המסחרית הראשונה ועד הפלישה לכווית, מבני נפט מבנים יותר ממאה שנים של יריבויות גיאופוליטיות.",,,"[""באר הנפט המסחרית הראשונה בפנסילבניה"", ""ייסוד אופ\""ק בבגדד"", ""הלם נפט במלחמת יום הכיפורים"", ""פלישת עיראק לכווית""]",,,,,
course_206_le_canal_de_suez_pourquoi_il_est_strateg,course_206_le_canal_de_suez_pourquoi_il_est_strateg_q1,numericSlider,"כמה אורכה תעלת סואץ, בקילומטרים?","תעלת סואץ משתרעת על פני 193 קילומטרים, המחברת את הים התיכון לים האדום.",,,,193.0,100.0,300.0,20.0,km
course_206_le_canal_de_suez_pourquoi_il_est_strateg,course_206_le_canal_de_suez_pourquoi_il_est_strateg_q2,numericSlider,באיזו שנה נחנכה תעלת סואץ?,"תעלת סואץ נחנכה ב-1869, לאחר עשר שנים של עבודה שבוצעה בהנחייתו של פרדיננד דה לספס.",,,,1869.0,1800.0,1900.0,5.0,
course_206_le_canal_de_suez_pourquoi_il_est_strateg,course_206_le_canal_de_suez_pourquoi_il_est_strateg_q3,mcq,מי מוביל את הקידוח של תעלת סואץ?,המהנדס הצרפתי פרדיננד דה לספס הוביל את הקידוח של האיסתמוס של סואץ בין 1859 ל-1869.,"[""פרדיננד דה לספס"", ""גמאל עבד אל נאצר"", ""מוחמד עלי"", ""תומס קוק""]",0,,,,,,
course_206_le_canal_de_suez_pourquoi_il_est_strateg,course_206_le_canal_de_suez_pourquoi_il_est_strateg_q4,numericSlider,באיזו שנה הלאים נשיא מצרים נאצר את תעלת סואץ?,"נאצר הלאים את חברת התעלות ב-26 ביולי 1956, מה שגרר את משבר סואץ.",,,,1956.0,1930.0,1980.0,3.0,
course_206_le_canal_de_suez_pourquoi_il_est_strateg,course_206_le_canal_de_suez_pourquoi_il_est_strateg_q5,trueFalse,"נכון או שקר: משבר סואץ של 1956 הסתיים בנסיגה משפילה של צרפת ובריטניה, בלחץ ארצות הברית.","בלחץ הנשיא האמריקני אייזנהאואר, צרפת ובריטניה נאלצו לנסיגה משפילה, המקדשת את ניצחונו של נאצר.","[""נכון"", ""לא נכון""]",0,,,,,,
course_206_le_canal_de_suez_pourquoi_il_est_strateg,course_206_le_canal_de_suez_pourquoi_il_est_strateg_q6,percentageSlider,כמה מהסחר העולמי עובר היום בתעלת סואץ?,כ-12% מהסחר העולמי עובר בתעלת סואץ מדי שנה.,,,,12.0,0.0,100.0,5.0,%
course_206_le_canal_de_suez_pourquoi_il_est_strateg,course_206_le_canal_de_suez_pourquoi_il_est_strateg_q7,mcq,איזו אוניית מכולות ענקית חוסמת את תעלת סואץ במרץ 2021?,"אוניית המכולות הענקית Ever Given עלתה על שרטון על פני התעלה במרץ 2021, וחסמה את כל התנועה.","[""הנתון אי פעם"", ""הטיטאניק"", ""הקוסטה קונקורדיה"", ""המלכה מרי""]",0,,,,,,
course_206_le_canal_de_suez_pourquoi_il_est_strateg,course_206_le_canal_de_suez_pourquoi_il_est_strateg_q8,numericSlider,כמה ימים יחסום ה-Ever Given את תעלת סואץ ב-2021?,"The Ever Given חסם את התעלה למשך שישה ימים, וגרם לפקק של יותר מ-400 ספינות.",,,,6.0,1.0,20.0,2.0,ימים
course_206_le_canal_de_suez_pourquoi_il_est_strateg,course_206_le_canal_de_suez_pourquoi_il_est_strateg_q9,mcq,"איזו קבוצה תוקפת את הספנות המסחרית בים האדום מתימן בין 2023 ל-2024, ומאלצת הסחות דרך דרום אפריקה?",התקפות הטילים החות'יות מתימן מאלצות בעלי ספינות רבים להסיט את צייהם דרך דרום אפריקה.,"[""החות'ים"", ""אל-קאעידה"", ""האחים המוסלמים"", ""חיזבאללה""]",0,,,,,,
course_206_le_canal_de_suez_pourquoi_il_est_strateg,course_206_le_canal_de_suez_pourquoi_il_est_strateg_q10,chronological,שים את האירועים האלה בהיסטוריה של תעלת סואץ בסדר כרונולוגי.,"מאז חנוכתה הקולוניאלית ועד להתקפות החות'ים, תעלת סואץ נותרה ברומטר של מאזן הכוחות העולמי.",,,"[""חנוכת תעלת סואץ"", ""הלאמת התעלה על ידי נאצר"", ""חסימת התעלה על ידי אוניית המכולות Ever Given"", ""החות'ים מתקיפים ספינות בים האדום""]",,,,,
course_207_l_otan_a_quoi_ca_sert_encore,course_207_l_otan_a_quoi_ca_sert_encore_q1,numericSlider,"באיזו שנה נוסד נאט""ו?","נאט""ו נולד רשמית ב-4 באפריל 1949, באמצע המלחמה הקרה.",,,,1949.0,1930.0,1970.0,3.0,
course_207_l_otan_a_quoi_ca_sert_encore,course_207_l_otan_a_quoi_ca_sert_encore_q2,numericSlider,כמה מדינות חתמו על האמנה הצפון-אטלנטית ב-1949?,"12 מדינות חתמו על האמנה הצפון-אטלנטית בוושינגטון ב-1949, וייסדו את נאט""ו.",,,,12.0,1.0,30.0,2.0,מדינה
course_207_l_otan_a_quoi_ca_sert_encore,course_207_l_otan_a_quoi_ca_sert_encore_q3,mcq,"איזה סעיף באמנת נאט""ו קובע את עקרון ההגנה הקולקטיבית?","סעיף 5 קובע כי התקפה על חבר אחד נחשבת להתקפה על כולם, המרתיעה כל מתקפה סובייטית במהלך המלחמה הקרה.","[""סעיף 5"", ""סעיף 1"", ""סעיף 10"", ""סעיף 51""]",0,,,,,,
course_207_l_otan_a_quoi_ca_sert_encore,course_207_l_otan_a_quoi_ca_sert_encore_q4,trueFalse,"נכון או לא נכון: לאיסלנד, חברה בנאט""ו, אין צבא קבע.","איסלנד היא המדינה היחידה החברה בנאט""ו ללא צבא קבע: תרומתה מבוססת על מכ""מים, משמרות חופים וקליטה של מטוסי בעלות הברית.","[""נכון"", ""לא נכון""]",0,,,,,,
course_207_l_otan_a_quoi_ca_sert_encore,course_207_l_otan_a_quoi_ca_sert_encore_q5,mcq,"איזו מלחמה דחפה את נאט""ו להתערב מחוץ לשטחה לראשונה ב-1999?","מלחמת קוסובו ב-1999 סימנה את תחילת ההתערבויות של נאט""ו מחוץ לשטח הבית שלה.","[""מלחמת קוסובו"", ""מלחמת המפרץ"", ""המלחמה באפגניסטן"", ""מלחמת בוסניה""]",0,,,,,,
course_207_l_otan_a_quoi_ca_sert_encore,course_207_l_otan_a_quoi_ca_sert_encore_q6,numericSlider,"באיזו שנה פלשה רוסיה לאוקראינה, ודחפה את נאט""ו לחזור למשימת ההגנה הטריטוריאלית שלה?","הפלישה של רוסיה לאוקראינה ב-2022 מסיימת כל אי ודאות לגבי התועלת של נאט""ו.",,,,2022.0,2000.0,2024.0,2.0,
course_207_l_otan_a_quoi_ca_sert_encore,course_207_l_otan_a_quoi_ca_sert_encore_q7,mcq,"אילו שתי מדינות נייטרליות ארוכות יצטרפו לנאט""ו לאחר הפלישה לאוקראינה ב-2022?","ההלם מהפלישה דוחף את פינלנד, שמצטרפת לברית ב-2023, ואת שבדיה, ב-2024, לנטוש את הנייטרליות ההיסטורית שלהן.","[""פינלנד ושוודיה"", ""פולין והונגריה"", ""אוקראינה וגאורגיה"", ""אוסטריה ושוויץ""]",0,,,,,,
course_207_l_otan_a_quoi_ca_sert_encore,course_207_l_otan_a_quoi_ca_sert_encore_q8,numericSlider,"כמה חברים יש לנאט""ו היום?","נאט""ו מונה כעת 32 חברות, לעומת 12 כאשר נוסדה ב-1949.",,,,32.0,10.0,50.0,3.0,חברים
course_207_l_otan_a_quoi_ca_sert_encore,course_207_l_otan_a_quoi_ca_sert_encore_q9,chronological,"שים את השלבים האלה בהיסטוריה של נאט""ו בסדר כרונולוגי.","מאז הקמתה נגד ברית המועצות ועד להצטרפות פינלנד ושוודיה, נאט""ו המשיכה להתרחב ולהמציא את עצמה מחדש.",,,"[""חתימה על האמנה הצפון-אטלנטית בוושינגטון"", ""התערבות נאט\""ו במהלך מלחמת קוסובו"", ""הצטרפות המדינות הבלטיות לנאט\""ו"", ""הצטרפות פינלנד ושוודיה""]",,,,,
course_208_l_onu_puissante_ou_impuissante,course_208_l_onu_puissante_ou_impuissante_q1,numericSlider,"באיזו שנה נוסד האו""ם?","האו""ם נוסד בשנת 1945, באפר מלחמת העולם השנייה, כדי להחליף כוח בחוק.",,,,1945.0,1920.0,1970.0,3.0,
course_208_l_onu_puissante_ou_impuissante,course_208_l_onu_puissante_ou_impuissante_q2,numericSlider,"כמה חברים יש למועצת הביטחון של האו""ם?","במועצת הביטחון יש חמישה עשר חברים, אך רק לחמישה מהם יש כוח וטו.",,,,15.0,5.0,30.0,2.0,חברים
course_208_l_onu_puissante_ou_impuissante,course_208_l_onu_puissante_ou_impuissante_q3,mcq,"לאילו שתי מדינות יש כוח וטו במועצת הביטחון, לצד ארצות הברית, רוסיה וסין?","חמשת החברות הקבועות בעלות זכות וטו הן ארצות הברית, רוסיה, סין, צרפת ובריטניה.","[""צרפת ובריטניה"", ""גרמניה ויפן"", ""הודו וברזיל"", ""ספרד ואיטליה""]",0,,,,,,
course_208_l_onu_puissante_ou_impuissante,course_208_l_onu_puissante_ou_impuissante_q4,mcq,"איזו מחלה חוסלה בשנת 1980 הודות לסוכנות מיוחדת של האו""ם?","הדברת האבעבועות השחורות ב-1980, בתיאום ארגון הבריאות העולמי, היא אחת ההצלחות הגדולות בהיסטוריה האנושית.","[""אבעבועות"", ""פולומיאליטיס"", ""חצבת"", ""שחפת""]",0,,,,,,
course_208_l_onu_puissante_ou_impuissante,course_208_l_onu_puissante_ou_impuissante_q5,numericSlider,כמה מיליוני אנשים בערך מאכילה תוכנית המזון העולמית מדי שנה?,תוכנית המזון העולמית מאכילה כמעט 100 מיליון אנשים שנפגעו מרעב מדי שנה.,,,,100.0,10.0,300.0,20.0,מיליון אנשים
course_208_l_onu_puissante_ou_impuissante,course_208_l_onu_puissante_ou_impuissante_q6,trueFalse,"נכון או שקר: המשימה של שומרי השלום של האו""ם היא לנהל מלחמה נגד הלוחמים.","המשימה של הקסדות הכחולות היא לא לנהל מלחמה, אלא להתערב בין לוחמים לאחר הפסקת אש.","[""נכון"", ""לא נכון""]",1,,,,,,
course_208_l_onu_puissante_ou_impuissante,course_208_l_onu_puissante_ou_impuissante_q7,mcq,"איזה עיקרון מונע מהאו""ם להתערב בענייניה הפנימיים של מדינה?","עקרון הריבונות הלאומית מגן מפני התערבות שרירותית, אך הוא משמש לעתים גם כמגן מפני דיקטטורות.","[""ריבונות לאומית"", ""זכות הווטו"", ""ניטרליות דיפלומטית"", ""המשפט ההומניטרי הבינלאומי""]",0,,,,,,
course_208_l_onu_puissante_ou_impuissante,course_208_l_onu_puissante_ou_impuissante_q8,numericSlider,"באיזו שנה הופיע המושג ""אחריות להגן"" (R2P)?",מושג האחריות להגן הופיע ב-2005 כדי למלא את החסר שהותיר עקרון הריבונות הלאומית.,,,,2005.0,1990.0,2020.0,3.0,
course_208_l_onu_puissante_ou_impuissante,course_208_l_onu_puissante_ou_impuissante_q9,trueFalse,נכון או שקר: כוח הווטו של החברים הקבועים נוצל יותר מ-300 פעמים מאז 1945.,"הוטו שימש יותר מ-300 פעמים מאז 1945, וחוסם באופן קבוע פעולה בסכסוכים המעורבים ישירות מעצמות גדולות.","[""נכון"", ""לא נכון""]",0,,,,,,
course_208_l_onu_puissante_ou_impuissante,course_208_l_onu_puissante_ou_impuissante_q10,chronological,"שים את האירועים האלה בהיסטוריה של האו""ם בסדר כרונולוגי.","מהשם שהמציא רוזוולט ועד להופעת האחריות להגן, אבני דרך אלו מראות את ההצלחות והגבולות של המוסד.",,,"[""פרנקלין רוזוולט המציא את השם \""האומות המאוחדות\"""", ""קרן האו\""ם"", ""הדברת אבעבועות שחורות הודות לארגון הבריאות העולמי"", ""הופעת המושג אחריות להגן""]",,,,,
course_209_la_russie_de_poutine,course_209_la_russie_de_poutine_q1,numericSlider,באיזו שנה נבחר ולדימיר פוטין לראשונה לנשיא רוסיה?,"ולדימיר פוטין נבחר לנשיא במרץ 2000, לאחר שכיהן כנשיא זמני מאז התפטרותו של בוריס ילצין.",,,,2000.0,1990.0,2010.0,2.0,
course_209_la_russie_de_poutine,course_209_la_russie_de_poutine_q2,mcq,באילו שירותים חשאיים עשה ולדימיר פוטין קריירה לפני שהצטרף לפוליטיקה?,"פוטין, שהיה קצין KGB ולאחר מכן קצין FSB, חתך את שיניו בסנט פטרסבורג לפני שהצטרף לפמלייתו של בוריס ילצין במוסקבה.","[""הקג\""ב ואז ה-FSB"", ""הצבא האדום"", ""המפלגה הקומוניסטית"", ""דיפלומטיה סובייטית""]",0,,,,,,
course_209_la_russie_de_poutine,course_209_la_russie_de_poutine_q3,numericSlider,"בכמה הוכפל התמ""ג הרוסי בין 1999 ל-2008, מונע על ידי העלייה במחירי הנפט?","בעקבות עליית מחירי הנפט, התמ""ג הרוסי גדל פי שמונה בין 1999 ל-2008.",,,,8.0,1.0,20.0,2.0,פעמים
course_209_la_russie_de_poutine,course_209_la_russie_de_poutine_q4,mcq,"איזה אוליגרך, בוס של חברת נפט גדולה, נעצר ב-2003, אות לכך שהאוליגרכים מובלים בשורה אחת?",מעצרו של מיכאיל חודורקובסקי ב-2003 מסמן את תחילת הביות של האוליגרכים בכוחו של פוטין.,"[""מיכאיל חודורקובסקי"", ""רומן אברמוביץ'"", ""בוריס ילצין"", ""אלכסיי נבלני""]",0,,,,,,
course_209_la_russie_de_poutine,course_209_la_russie_de_poutine_q5,trueFalse,נכון או שקר: היריב אלכסיי נבלני מת במושבת עונשין בפברואר 2024.,"לאחר הרעלה ב-2020 וכליאתו עם שובו לרוסיה, מת אלכסיי נבלני במושבת עונשין בפברואר 2024.","[""נכון"", ""לא נכון""]",0,,,,,,
course_209_la_russie_de_poutine,course_209_la_russie_de_poutine_q6,mcq,"איך קוראים לנציגי מבני הכוח, כמו הצבא או השירותים החשאיים, השולטים בממשל הרוסי?","הסילובקי תופסים עמדות מפתח במינהל ובחברות ציבוריות גדולות, תוך מיזוג אינטרסים ביטחוניים ופיננסיים.","[""הסילוביקי"", ""האוליגרכים"", ""האפרטצ'יקס"", ""הבויארים""]",0,,,,,,
course_209_la_russie_de_poutine,course_209_la_russie_de_poutine_q7,numericSlider,באיזו שנה רוסיה סיפחה את קרים באופן בלתי חוקי?,"רוסיה סיפחה באופן בלתי חוקי את קרים ב-2014 ותמכה בהתקוממות מזוינת בדונבאס, שסימנה את חזרתה של הלוחמה הטריטוריאלית באירופה.",,,,2014.0,2000.0,2024.0,2.0,
course_209_la_russie_de_poutine,course_209_la_russie_de_poutine_q8,numericSlider,עד איזו שנה הרפורמה החוקתית של 2020 מאפשרת תיאורטית לפוטין להישאר נשיא?,הרפורמה החוקתית של 2020 מאפשרת תיאורטית לפוטין להישאר נשיא עד 2036.,,,,2036.0,2020.0,2045.0,3.0,
course_209_la_russie_de_poutine,course_209_la_russie_de_poutine_q9,chronological,שים את השלבים האלה של שלטונו של ולדימיר פוטין בסדר כרונולוגי.,"מאז בחירתו ועד לפלישה לאוקראינה, רבע מאה זה מראה את הפיכתה ההדרגתית של רוסיה למשטר אוטוריטרי לוחמני.",,,"[""פוטין הופך לנשיא רוסיה"", ""מעצר האוליגרך מיכאיל חודורקובסקי"", ""סיפוח קרים"", ""פלישה מוחלטת לאוקראינה""]",,,,,
course_20_hiroshima_et_nagasaki_1945,course_20_hiroshima_et_nagasaki_1945_q1,mcq,"איזה פרויקט אמריקאי, שהושק ב-1942, פיתח את פצצת האטום הראשונה?","פרויקט מנהטן, שהושק ב-1942, גייס כ-130,000 אנשים ו-2 מיליארד דולר לפיתוח פצצת האטום.","[""פרויקט מנהטן"", ""מבצע אוברלורד"", ""פרויקט השילוש"", ""מבצע מקרה כחול""]",0,,,,,,
course_20_hiroshima_et_nagasaki_1945,course_20_hiroshima_et_nagasaki_1945_q2,mcq,"איזו בדיקה, שבוצעה ב-16 ביולי 1945 במדבר ניו מקסיקו, אימתה את פצצת האטום בפעם הראשונה?","ניסוי הטריניטי, ב-16 ביולי 1945, היה הפיצוץ הגרעיני הראשון בהיסטוריה ואישר שהפצצה פעלה.","[""מבחן השילוש"", ""מבחן הילד הקטן"", ""מבחן האיש השמן"", ""מבחן מנהטן""]",0,,,,,,
course_20_hiroshima_et_nagasaki_1945,course_20_hiroshima_et_nagasaki_1945_q3,mcq,"איזה מחבל הטיל את פצצת ""הילד הקטן"" על הירושימה ב-6 באוגוסט 1945?","ה-Enola Gay הפיל את ילד קטן על הירושימה ב-6 באוגוסט 1945, בשעה 8:15 בבוקר.","[""האנולה גיי"", ""הבוקסקר"", ""ממפיס בל"", ""הרוח של סנט לואיס""]",0,,,,,,
course_20_hiroshima_et_nagasaki_1945,course_20_hiroshima_et_nagasaki_1945_q4,trueFalse,נכון או לא נכון: נגסאקי הייתה המטרה שתוכננה מההתחלה לפצצת האטום השנייה.,"הבוקסקר כיוון בתחילה לעיירה קוקורה, אך עננים מנעו ממנה להטיל את הפצצה שלה, ושלחו אותה חזרה לנגסאקי.","[""נכון"", ""לא נכון""]",1,,,,,,
course_20_hiroshima_et_nagasaki_1945,course_20_hiroshima_et_nagasaki_1945_q5,mcq,"איזו מדינה נכנסה למלחמה נגד יפן באותו יום עם הפצצת נגסאקי, 9 באוגוסט 1945?",הכניסה הסובייטית למלחמה נגד יפן ב-9 באוגוסט 1945 הרסה את התקווה לתיווך על ידי מוסקבה.,"[""ברית המועצות"", ""סין"", ""בריטניה"", ""צרפת""]",0,,,,,,
course_20_hiroshima_et_nagasaki_1945,course_20_hiroshima_et_nagasaki_1945_q6,numericSlider,כמה ימים מפרידים בין הפצצת הירושימה לזו של נגסאקי?,"הירושימה הופצצה ב-6 באוגוסט 1945, נגסאקי שלושה ימים לאחר מכן, ב-9 באוגוסט.",,,,3.0,0.0,14.0,1.0,ימים
course_20_hiroshima_et_nagasaki_1945,course_20_hiroshima_et_nagasaki_1945_q7,mcq,מי הכריז על כניעת יפן ברדיו ב-15 באוגוסט 1945?,בנאום היסטורי הכריז הקיסר הירוהיטו על כניעתה של יפן ב-15 באוגוסט 1945.,"[""הקיסר הירוהיטו"", ""גנרל דאגלס מקארתור"", ""רוברט אופנהיימר"", ""הנשיא הארי טרומן""]",0,,,,,,
course_20_hiroshima_et_nagasaki_1945,course_20_hiroshima_et_nagasaki_1945_q8,mcq,איך קוראים לניצולים יפנים מהפצצות האטום?,"ההיבאקושה, הניצולים, נושאים תוצאות פיזיות ווויכוח אתי שנמשך עד היום.","[""ההיבאקושה"", ""הקמיקאזות"", ""הזאיבאצו"", ""השוגונים""]",0,,,,,,
course_20_hiroshima_et_nagasaki_1945,course_20_hiroshima_et_nagasaki_1945_q9,chronological,שים את האירועים האלה של 1945 בסדר כרונולוגי.,"בחודש אחד, האנושות עוברת מהניסוי הגרעיני המוצלח הראשון ועד לסוף מלחמת העולם השנייה באסיה.",,,"[""ניסוי גרעיני טריניטי מוצלח"", ""הפצצת הירושימה"", ""הפצצת נגסאקי וכניסה למלחמת ברית המועצות"", ""הכניעה היפנית הוכרזה על ידי הירוהיטו""]",,,,,
course_210_la_guerre_en_ukraine_expliquee,course_210_la_guerre_en_ukraine_expliquee_q1,numericSlider,"באיזו שנה הפכה אוקראינה לעצמאית, כאשר ברית המועצות התפרקה?","אוקראינה הפכה למדינה ריבונית ב-1991, עם התפרקות ברית המועצות.",,,,1991.0,1970.0,2010.0,3.0,
course_210_la_guerre_en_ukraine_expliquee,course_210_la_guerre_en_ukraine_expliquee_q2,numericSlider,"באיזו שנה חתמה אוקראינה על מזכר בודפשט, והחליפה את הארסנל הגרעיני שלה בערבויות של שלמות טריטוריאלית?","לפי מזכר בודפשט משנת 1994, אוקראינה התפרקה מנשקה בתמורה להבטחות לשלמות טריטוריאלית.",,,,1994.0,1985.0,2005.0,2.0,
course_210_la_guerre_en_ukraine_expliquee,course_210_la_guerre_en_ukraine_expliquee_q3,mcq,איזה אירוע ב-2014 הדיח נשיא פרו-רוסי וגרם לסיפוח קרים על ידי רוסיה?,"מהפכת מיידאן הדיחה את הנשיא הפרו-רוסי ב-2014; בתגובה, רוסיה מספחת באופן בלתי חוקי את קרים.","[""מהפכת מיידן"", ""מזכר בודפשט"", ""נפילת ברית המועצות"", ""מלחמת דונבאס""]",0,,,,,,
course_210_la_guerre_en_ukraine_expliquee,course_210_la_guerre_en_ukraine_expliquee_q4,numericSlider,באיזו שנה פתחה רוסיה בפלישה בקנה מידה מלא לאוקראינה?,"רוסיה פתחה בפלישה בקנה מידה מלא ב-24 בפברואר 2022, מה שעורר את הסכסוך הגדול ביותר באירופה מאז 1945.",,,,2022.0,2010.0,2024.0,1.0,
course_210_la_guerre_en_ukraine_expliquee,course_210_la_guerre_en_ukraine_expliquee_q5,trueFalse,נכון או שקר: הצבא הרוסי מצליח לכבוש את קייב ולהפיל את ממשלת אוקראינה בשבועות הראשונים לפלישה.,"הקרב על קייב הסתיים בכישלון רוסי מוחץ באביב 2022, ואילץ את מוסקבה להסיג את חייליה מהצפון.","[""נכון"", ""לא נכון""]",1,,,,,,
course_210_la_guerre_en_ukraine_expliquee,course_210_la_guerre_en_ukraine_expliquee_q6,mcq,מה הגיב וולודימיר זלנסקי כשארצות הברית הציעה לו להתפנות בתחילת הפלישה?,"זלנסקי מסרב להתפנות, מכריז ""אני צריך תחמושת, לא מונית"", והופך לסמלה של אומה שמסרבת להיכנע.","[""\""אני צריך תחמושת, לא מונית\"""", ""\""אני חייב להגן על המשפחה שלי\"""", ""\""אוקראינה תיכנע בקרוב\"""", ""\""תודה, אני מקבל את הגלות\""""]",0,,,,,,
course_210_la_guerre_en_ukraine_expliquee,course_210_la_guerre_en_ukraine_expliquee_q7,mcq,מאיזו מערכת בנקאות בינלאומית מודרים הבנקים הרוסיים בשנת 2022?,הדרת הבנקים הרוסיים ממערכת ה-SWIFT והקפאת יתרות הבנק המרכזי מסמנות שבירה היסטורית בסנקציות המערב.,"[""מהיר"", ""קרן המטבע הבינלאומית"", ""הבנק העולמי"", ""ה-WTO""]",0,,,,,,
course_210_la_guerre_en_ukraine_expliquee,course_210_la_guerre_en_ukraine_expliquee_q8,percentageSlider,באיזה אחוז מהגז הרוסי הייתה תלויה אירופה לפני המלחמה?,"אירופה הייתה תלויה ב-40% בגז הרוסי לפני המלחמה, מה שאילץ אותה ליזום מעבר אנרגיה מהיר.",,,,40.0,0.0,100.0,8.0,%
course_210_la_guerre_en_ukraine_expliquee,course_210_la_guerre_en_ukraine_expliquee_q9,chronological,שים את אירועי המלחמה באוקראינה בסדר כרונולוגי.,"מאז העצמאות ב-1991 ועד להרחבת נאט""ו, אבני הדרך הללו עוקבות אחר שלושה עשורים של מתיחות בין אוקראינה לרוסיה.",,,"[""עצמאות אוקראינה"", ""מהפכת מיידאן וסיפוח קרים"", ""פלישה רוסית בקנה מידה מלא"", ""חברות פינלנד ושוודיה בנאט\""ו""]",,,,,
course_211_comment_fonctionne_le_prix_du_petrole,course_211_comment_fonctionne_le_prix_du_petrole_q1,numericSlider,"באיזו שנה מצאו המדינות המייצרות את אופ""ק?","אופ""ק נוסדה בשנת 1960 כדי לאפשר למדינות מייצרות להשפיע על שוק הנפט העולמי.",,,,1960.0,1940.0,1980.0,3.0,
course_211_comment_fonctionne_le_prix_du_petrole,course_211_comment_fonctionne_le_prix_du_petrole_q2,percentageSlider,כמה מהנפט העולמי שולט ב-OPEC+ ביחד?,"יחד, מדינות OPEC+ שולטות בכ-40% מהנפט העולמי.",,,,40.0,0.0,100.0,8.0,%
course_211_comment_fonctionne_le_prix_du_petrole,course_211_comment_fonctionne_le_prix_du_petrole_q3,numericSlider,"מאיזו שנה הצטרפה רוסיה לברית, והקימה את OPEC+?","רוסיה הצטרפה לברית ב-2016, והקימה את OPEC+.",,,,2016.0,2000.0,2024.0,2.0,
course_211_comment_fonctionne_le_prix_du_petrole,course_211_comment_fonctionne_le_prix_du_petrole_q4,mcq,"איזו טכניקה מאפשרת לארצות הברית להפוך ליצרנית הנפט הגדולה בעולם, ולעקוף את ערב הסעודית?","הודות לשבר הידראולי, הפכה ארצות הברית ליצרנית הנפט המובילה בעולם בתוך עשר שנים.","[""שבירה הידראולית"", ""קידוח עמוק בים"", ""גרעיני"", ""פחם נוזלי""]",0,,,,,,
course_211_comment_fonctionne_le_prix_du_petrole,course_211_comment_fonctionne_le_prix_du_petrole_q5,mcq,מה שמו של שמן הייחוס המופק מהים הצפוני?,"ברנט, נפט מהים הצפוני, הוא אחד משני מדדי מחירי הנפט העולמיים, עם WTI מטקסס.","[""ברנט"", ""WTI"", ""אופ\""ק"", ""הטקסני הקל""]",0,,,,,,
course_211_comment_fonctionne_le_prix_du_petrole,course_211_comment_fonctionne_le_prix_du_petrole_q6,numericSlider,"כמה דולרים מתחת לאפס נפל מחיר הנפט WTI באפריל 2020, בעיצומו של משבר ה-COVID-19?","באפריל 2020, מחיר ה-WTI ירד למינוס 37 דולר כאשר המוכרים שילמו לקונים שלהם כדי לזרוק את המלאי שלהם.",,,,37.0,0.0,100.0,10.0,דולר מתחת לאפס
course_211_comment_fonctionne_le_prix_du_petrole,course_211_comment_fonctionne_le_prix_du_petrole_q7,trueFalse,"נכון או שקר: באפריל 2020, מוכרי הנפט שילמו לקונים שלהם כדי לסלק את המניות שלהם.","מול מיכלי אחסון מלאים, חלק מהמוכרים שילמו לקונים שלהם כדי להיפטר ממלאי הנפט שלהם באפריל 2020.","[""נכון"", ""לא נכון""]",0,,,,,,
course_211_comment_fonctionne_le_prix_du_petrole,course_211_comment_fonctionne_le_prix_du_petrole_q8,numericSlider,"לכמה דולרים יעלה מחיר הברנט ב-2022, לאחר הפלישה לאוקראינה?","מחשש למחסור הקשור לפלישה של רוסיה לאוקראינה, ברנט עולה על 130 דולר בעוד מספר שבועות ב-2022.",,,,130.0,50.0,200.0,15.0,דולרים
course_211_comment_fonctionne_le_prix_du_petrole,course_211_comment_fonctionne_le_prix_du_petrole_q9,numericSlider,כמה ליטר יש בחבית שמן?,"חבית שמן מכילה 159 ליטר, שהם אנרגיה כמו עבודת כפיים של אדם אחד במשך כשנה.",,,,159.0,100.0,250.0,20.0,ליטר
course_211_comment_fonctionne_le_prix_du_petrole,course_211_comment_fonctionne_le_prix_du_petrole_q10,chronological,שים את אירועי מחיר הנפט האלה בסדר כרונולוגי.,"מאז הקמת אופ""ק ועד לזינוק המחירים ב-2022, אירועים אלו מראים את התנודתיות הכרונית של שוק הנפט.",,,"[""קרן OPEC"", ""רוסיה מצטרפת לברית להקים את OPEC+"", ""קריסת מחירי הנפט במהלך מגיפת COVID-19"", ""עליית מחירי הברנט לאחר פלישת אוקראינה""]",,,,,
course_212_les_paradis_fiscaux_expliques,course_212_les_paradis_fiscaux_expliques_q1,percentageSlider,כמה מהעושר של העולם נמצא במקלטי מס?,"ההערכה היא שכ-8 עד 10% מהעושר העולמי, או 10 טריליון דולר, בורחים ממסים במקלטי מס.",,,,9.0,0.0,100.0,4.0,%
course_212_les_paradis_fiscaux_expliques,course_212_les_paradis_fiscaux_expliques_q2,mcq,איזה כלי מאפשר לחברה להציג את רווחיה היכן שהמיסים הנמוכים ביותר?,"תמחור העברה מורכב, עבור חברה, מקביעת מחיר ההחלפות בין החברות הבנות שלה, כדי להעביר את רווחיה למדינה שבה המס הוא הנמוך ביותר.","[""מחיר ההעברה"", ""זיכוי המס"", ""מס הפחמן"", ""ניכוי מס במקור""]",0,,,,,,
course_212_les_paradis_fiscaux_expliques,course_212_les_paradis_fiscaux_expliques_q3,trueFalse,"נכון או לא נכון: הביטוי הצרפתי ""מקלט מס"" הוא תרגום נאמן של ""מקלט מס"" באנגלית.","""מקלט מס"" פירושו ""נמל בטוח"" לכסף (מקלט), לא ""גן עדן"" (גן עדן): בלבול של צלילים שינה את משמעות המילה בצרפתית.","[""נכון"", ""לא נכון""]",1,,,,,,
course_212_les_paradis_fiscaux_expliques,course_212_les_paradis_fiscaux_expliques_q4,chronological,שים את האירועים האלה בסדר כרונולוגי.,המשבר הפיננסי של 2008 ולאחר מכן מסמכי פנמה של 2016 גרמו לגל של זעם שהוביל להסכם הבינלאומי של 2021 על שיעור המס המינימלי.,,,"[""המשבר הפיננסי העולמי"", ""פרסום מסמכי פנמה"", ""ההסכם הבינלאומי על שיעור המס המינימלי""]",,,,,
course_212_les_paradis_fiscaux_expliques,course_212_les_paradis_fiscaux_expliques_q5,numericSlider,כמה מיליארדי דולרים בערך שוללים מקלטי מס מדי שנה?,"מקלטי מס מונעים ממדינות כ-600 מיליארד דולר בשנה, כסף שיכול היה לממן בתי חולים או בתי ספר.",,,,600.0,100.0,1500.0,150.0,מיליארד דולר
course_212_les_paradis_fiscaux_expliques,course_212_les_paradis_fiscaux_expliques_q6,mcq,מהי חברת מעטפת?,"חברת מעטפת היא עסק שקיים רק על הנייר, ללא משרד או עובדים, שנוצר לרוב כדי להסתיר את זהות הבעלים האמיתי של הכסף.","[""חברה ללא משרד או עובד, שקיימת רק על הנייר"", ""חברה בורסאית"", ""חברה ציבורית מולאמת"", ""חברה המתמחה בבנייה""]",0,,,,,,
course_212_les_paradis_fiscaux_expliques,course_212_les_paradis_fiscaux_expliques_q7,numericSlider,"כמה אלפי עסקים רשומים בקירוב באיי קיימן, שאוכלוסייתם מונה 65,000 תושבים בלבד?","יותר מ-100,000 עסקים רשומים באיי קיימן, טריטוריה קטנה מפריז, מה שהופך אותה למרכז הפיננסי החמישי בגודלו בעולם לפיקדונות בנקים.",,,,100.0,0.0,300.0,30.0,אלפים
course_212_les_paradis_fiscaux_expliques,course_212_les_paradis_fiscaux_expliques_q8,mcq,"אם חברה משלמת רק 5% מסים במקלט מס, מה מאפשר כעת ההסכם הבינלאומי של 2021?","מאז הסכם 2021 שקבע שיעור מינימלי עולמי של 15%, אם חברה משלמת רק 5% במקלט מס, מדינת הולדתה יכולה לתבוע את ה-10% הנותרים.","[""ארץ המוצא שלהם יכולה לתבוע את 10% הנותרים"", ""הוא פטור מכל ביקורת מס"", ""מקלט המס מכפיל אוטומטית את שיעורו"", ""כלום, ההסכם לא חל על מקרה זה""]",0,,,,,,
course_212_les_paradis_fiscaux_expliques,course_212_les_paradis_fiscaux_expliques_q9,mcq,מהם שלושת העמודים שעליהם מתבסס מקלט מס?,"מקלט מס מבוסס על שלושה נדבכים: מסים קרובים לאפס, אטימות רבה ושיתוף פעולה מועט עם מדינות אחרות.","[""מיסים קרובים לאפס, אטימות רבה ושיתוף פעולה מועט עם מדינות אחרות"", ""צמיחה חזקה, מטבע יציב ובנקים מרכזיים עצמאיים"", ""אוכלוסיה נמוכה, אקלים חם וחופים"", ""שוק מניות חזק, תעשייה מפותחת ויצוא גבוה""]",0,,,,,,
course_213_l_evasion_fiscale_des_multinationales,course_213_l_evasion_fiscale_des_multinationales_q1,mcq,מה המשמעות של ראשי התיבות GAFAM?,"GAFAM שמה את גוגל, אפל, פייסבוק (מטה), אמזון ומיקרוסופט, בין החברות העשירות בעולם.","[""גוגל, אפל, פייסבוק (מטה), אמזון, מיקרוסופט"", ""גוגל, עליבאבא, פייסבוק, אמזון, מיקרוסופט"", ""גוגל, אפל, פורד, אמזון, מוטורולה"", ""ברית גלובלית לכלכלה מודרנית""]",0,,,,,,
course_213_l_evasion_fiscale_des_multinationales,course_213_l_evasion_fiscale_des_multinationales_q2,mcq,"על איזה תפיסה התבססה מערכת המס הבינלאומית, שתוכננה בתחילת המאה ה-20 לכלכלה תעשייתית?","לחברה היו צריכים להיות מפעלים או משרדים במדינה, מוסד קבע, כדי לחייב בה מס: מערכת המיועדת לכלכלה התעשייתית, לא לכלכלה הדיגיטלית.","[""נוכחות של מוסד קבע במדינה"", ""המספר הכולל של עובדים ברחבי העולם"", ""הלאום של מייסד החברה"", ""סך המחזור העולמי""]",0,,,,,,
course_213_l_evasion_fiscale_des_multinationales,course_213_l_evasion_fiscale_des_multinationales_q3,numericSlider,כמה מיליארדי דולרים ברווחים עברה מיקרוסופט לפורטו ריקו ב-2014 באמצעות זכויות קניין רוחני?,"ב-2014 העבירה מיקרוסופט רווחים של 39 מיליארד דולר לפורטו ריקו, וחסכה יותר מ-6.5 מיליארד דולר במסים.",,,,39.0,0.0,100.0,8.0,מיליארד דולר
course_213_l_evasion_fiscale_des_multinationales,course_213_l_evasion_fiscale_des_multinationales_q4,percentageSlider,"לפי ה-OECD, כמה ממסי החברות בעולם הולכים לאיבוד מדי שנה עקב הימנעות ממס על ידי חברות רב לאומיות?","לפי ה-OECD, שיטות עבודה אלו עולות בין 100 ל-240 מיליארד דולר בשנה, או 4 עד 10 אחוזים מכלל מיסי החברות שנגבים ברחבי העולם.",,,,7.0,0.0,100.0,4.0,%
course_213_l_evasion_fiscale_des_multinationales,course_213_l_evasion_fiscale_des_multinationales_q5,numericSlider,באיזו שנה נקבע בהסכם בינלאומי את המס המינימלי העולמי של 15% לחברות רב לאומיות?,"בשנת 2021, בחסות ה-OECD וה-G20, הסכם היסטורי קבע מס מינימום עולמי של 15%.",,,,2021.0,2000.0,2024.0,2.0,
course_213_l_evasion_fiscale_des_multinationales,course_213_l_evasion_fiscale_des_multinationales_q6,mcq,"מהו שיעור מס החברות הרשמי באירלנד, מה שהפך אותה למרכז האירופי לאופטימיזציה של מס?","אירלנד, עם שיעור המס הרשמי שלה של 12.5% וההסכמים הסודיים שלה הנקראים פסיקת מס, הפכה למרכז האירופי של ייעול מס.","[""12,5%"", ""25%"", ""5%"", ""33%""]",0,,,,,,
course_213_l_evasion_fiscale_des_multinationales,course_213_l_evasion_fiscale_des_multinationales_q7,trueFalse,נכון או שקר: הנציבות האירופית השיגה שאירלנד גובה מיד את 13 מיליארד היורו במסים שלא שולמו על ידי אפל.,"אירלנד סירבה זמן רב לגבות את 13 מיליארד היורו הללו, מחשש שכללים נוקשים מדי יבריחו את המשרדים הראשיים.","[""נכון"", ""לא נכון""]",1,,,,,,
course_213_l_evasion_fiscale_des_multinationales,course_213_l_evasion_fiscale_des_multinationales_q8,mcq,על איזה סף מחזור חברה צריכה לחרוג כדי שתושפע ממס המינימום העולמי של 15%?,מס המינימום העולמי מכוון לחברות שמחזור המכירות שלהן עולה על 750 מיליון יורו.,"[""750 מיליון יורו"", ""10 מיליון יורו"", ""1 מיליארד דולר"", ""100 מיליון יורו""]",0,,,,,,
course_213_l_evasion_fiscale_des_multinationales,course_213_l_evasion_fiscale_des_multinationales_q9,mcq,"מה חייבות חברות רב-לאומיות לפרסם כעת, מדינה אחר מדינה, כדי לעזור לזהות את פערי המס הבולטים ביותר?","חברות רב לאומיות חייבות כעת לפרסם, מדינה אחר מדינה, את מיקומם של העובדים שלהם, הרווחים והמיסים שלהם.","[""העובדים שלהם, הרווחים שלהם והמיסים שלהם"", ""שמות כל בעלי המניות שלהם"", ""השכר של המנכ\""ל שלהם"", ""הסודות התעשייתיים שלהם""]",0,,,,,,
course_214_la_crise_de_l_etat_providence,course_214_la_crise_de_l_etat_providence_q1,mcq,"מי פרסם את הדו""ח המכונן של מדינת הרווחה המודרנית ב-1942?","הכלכלן הבריטי וויליאם בורידג' פרסם את דו""ח בוורידג' ב-1942, מייסד מדינת הרווחה המודרנית.","[""וויליאם בוורידג'"", ""אוטו פון ביסמרק"", ""ג'ון מיינרד קיינס"", ""שארל דה גול""]",0,,,,,,
course_214_la_crise_de_l_etat_providence,course_214_la_crise_de_l_etat_providence_q2,numericSlider,באיזו שנה הקימה צרפת ביטוח לאומי?,"צרפת יצרה ביטוח לאומי ב-1945, באמצעות פשרה פוליטית שנעשתה במסגרת המועצה הלאומית של ההתנגדות.",,,,1945.0,1900.0,1980.0,3.0,
course_214_la_crise_de_l_etat_providence,course_214_la_crise_de_l_etat_providence_q3,trueFalse,נכון או שקר: מדינת הרווחה הומצאה על ידי תנועות סוציאליסטיות בסוף המאה ה-19.,"מדינת הרווחה הומצאה על ידי קנצלר גרמניה השמרני אוטו פון ביסמרק ב-1883, כדי לפייס עובדים ולהימנע ממהפכה.","[""נכון"", ""לא נכון""]",1,,,,,,
course_214_la_crise_de_l_etat_providence,course_214_la_crise_de_l_etat_providence_q4,mcq,איזו מדינה המציאה את מדינת הרווחה ב-1883?,"קנצלר גרמניה אוטו פון ביסמרק הוא שהמציא את מדינת הרווחה ב-1883, במטרה אסטרטגית להרגיע את העובדים.","[""גרמניה"", ""בריטניה"", ""צרפת"", ""שבדיה""]",0,,,,,,
course_214_la_crise_de_l_etat_providence,course_214_la_crise_de_l_etat_providence_q5,numericSlider,"כמה נכסים בקירוב מממנים את פרישתו של פנסיונר יחיד בצרפת כיום, לעומת 4 בשנות ה-60?",בצרפת היו 4 נכסים למימון פרישתו של פנסיונר בודד בשנות ה-60; נתון זה ירד היום לפחות מ-2.,,,,2.0,0.0,6.0,0.5,נכסים
course_214_la_crise_de_l_etat_providence,course_214_la_crise_de_l_etat_providence_q6,mcq,מה שמו של המודל הסקנדינבי המאפשר פיטורים קלים תוך מתן דמי אבטלה נדיבים ותמיכה חזקה לקראת עבודה חדשה?,"Flexicurity, הנהוגה בשוודיה ובדנמרק, משלבת קלות פיטורין לחברות והגנה סוציאלית חזקה לעובדים.","[""גמישות"", ""ליברליזם טהור"", ""מדיניות מגן"", ""הירידה""]",0,,,,,,
course_214_la_crise_de_l_etat_providence,course_214_la_crise_de_l_etat_providence_q7,percentageSlider,"כמה מהתמ""ג שלה מוציאה דנמרק על הגנה סוציאלית?","דנמרק מוציאה כ-32% מהתמ""ג שלה על הגנה חברתית, אחד מהשיעורים הגבוהים בעולם.",,,,32.0,0.0,100.0,5.0,%
course_214_la_crise_de_l_etat_providence,course_214_la_crise_de_l_etat_providence_q8,mcq,לאיזה גיל העלתה הרפורמה הצרפתית של 2023 את גיל הפרישה החוקי?,הרפורמה הצרפתית של 2023 העלתה את גיל הפרישה החוקי ל-64 שנים.,"[""בן 64"", ""בן 60"", ""בן 67"", ""בן 62""]",0,,,,,,
course_214_la_crise_de_l_etat_providence,course_214_la_crise_de_l_etat_providence_q9,mcq,"לפי הדו""ח של Beveridge, מהם חמשת הסיכונים העיקריים שנגדם המדינה חייבת להגן על כל אזרח?","דו""ח Beveridge נועד להגן על כל אזרח מפני חמישה סיכונים עיקריים: מחלות, בורות, תנאים לא סניטריים, בטלה ועוני.","[""מחלות, בורות, תנאים לא סניטריים, בטלה ועוני"", ""אבטלה, מלחמה, רעב, גלות ומחלות"", ""עוני, שחיתות, הונאה, פשע ומחלות"", ""אינפלציה, אבטלה, חובות, מלחמה ורעב""]",0,,,,,,
course_215_les_inegalites_nord_sud,course_215_les_inegalites_nord_sud_q1,percentageSlider,איזה חלק מההכנסה העולמית תופסים 10% העשירים ביותר מכדור הארץ?,10% העשירים ביותר מאוכלוסיית העולם תופסים יותר מ-52% מההכנסה העולמית.,,,,52.0,0.0,100.0,5.0,%
course_215_les_inegalites_nord_sud,course_215_les_inegalites_nord_sud_q2,mcq,איזה חלק מההכנסה העולמית צריכים לחלק 50% העניים ביותר?,"50% העניים ביותר חייבים לחלוק רק 8% מההכנסה העולמית, לעומת יותר מ-52% ל-10% העשירים ביותר.","[""8%"", ""25%"", ""40%"", ""15%""]",0,,,,,,
course_215_les_inegalites_nord_sud,course_215_les_inegalites_nord_sud_q3,numericSlider,"מהי תוחלת החיים הממוצעת ביפן, אחת המדינות עם תוחלת החיים הגבוהה בעולם?","תוחלת החיים מגיעה ל-83 שנים ביפן, לעומת 55 שנים ברפובליקה המרכז אפריקאית.",,,,83.0,50.0,95.0,3.0,שנים
course_215_les_inegalites_nord_sud,course_215_les_inegalites_nord_sud_q4,mcq,איזה היגיון שירש מהקולוניזציה דוחף את מדינות הדרום למכור חומרי גלם זולים תוך קניית מוצרים מיוצרים יקרים?,"תנאי הסחר מתייחסים לכך שמדינות בדרום מוכרות חומרי גלם שמחירם משתנה מאוד, בעוד שהן קונות מוצרים מיוצרים שמחירם רק עולה.","[""תנאי הסחר"", ""מדיניות מגן"", ""עקומת הפיל"", ""סחר חופשי""]",0,,,,,,
course_215_les_inegalites_nord_sud,course_215_les_inegalites_nord_sud_q5,percentageSlider,איזה חלק מאוכלוסיית העולם חיה בעוני קיצוני ב-1990?,"עוני קיצוני פגע ב-36% מאוכלוסיית העולם ב-1990, לעומת פחות מ-10% לפני 2020.",,,,36.0,0.0,100.0,5.0,%
course_215_les_inegalites_nord_sud,course_215_les_inegalites_nord_sud_q6,trueFalse,נכון או לא נכון: הירידה בעוני הקיצוני בעולם מאז 1990 מוסברת בעיקר בצמיחתן של סין והודו.,"ההתקדמות הזו נובעת בעיקר מהצמיחה המטאורית של סין והודו, שהובילה לצמצום מרהיב בעוני המוחלט.","[""נכון"", ""לא נכון""]",0,,,,,,
course_215_les_inegalites_nord_sud,course_215_les_inegalites_nord_sud_q7,mcq,מה מראה עקומת הפיל של הכלכלן ברנקו מילנוביץ'?,"עקומת הפיל של ברנקו מילנוביץ' מלמדת שמעמד הביניים האסייתי ראה את הכנסותיהם מתפוצצות, בעוד שמעמד הפועלים במדינות עשירות קפא על קיפאון מול התחרות העולמית.","[""מעמד הביניים באסיה ראה את הכנסותיהם מתפוצצות, בעוד שמעמד הפועלים במדינות עשירות קפא על קיפאון"", ""כל המדינות בעולם מתעשרות באותו קצב"", ""מדינות עניות מתעשרות מהר יותר ממדינות עשירות"", ""אי השוויון נעלמו לחלוטין מאז 1990""]",0,,,,,,
course_215_les_inegalites_nord_sud,course_215_les_inegalites_nord_sud_q8,mcq,"מדוע מדינות בדרום פגיעות במיוחד לשינויי אקלים, לפי הקורס?","מדינות הדרום, שהיסטורית הכי פחות אחראיות לפליטת גזי חממה, הן בכל זאת החשופות ביותר לבצורות, שיטפונות ועליית מפלס המים.","[""מבחינה היסטורית הם הכי פחות אחראים לפליטות אבל הכי חשופים לאסונות אקלים"", ""הם פולטים הכי הרבה גזי חממה בעולם"", ""הם לא מייצרים משאבים חקלאיים"", ""הם מוגנים על ידי דיקים מוצקים יותר מאשר המדינות הצפוניות""]",0,,,,,,
course_215_les_inegalites_nord_sud,course_215_les_inegalites_nord_sud_q9,mcq,"אמריקאי מרוויח, בשעה אחת של עבודה, שווה ערך למה שמרוויח תושב ניז'ר ב...","תושב ארצות הברית מרוויח בממוצע, בשעה אחת של עבודה, כמו תושב ניז'ר ביום שלם.","[""יום שלם של עבודה"", ""שבוע של עבודה"", ""חודש של עבודה"", ""שנה של עבודה""]",0,,,,,,
course_216_la_dette_mondiale,course_216_la_dette_mondiale_q1,numericSlider,"על איזה אחוז מהתמ""ג העולמי עולה היום החוב העולמי (מדינות, עסקים ומשקי בית ביחד)?","החוב העולמי עולה היום על 300% מהתמ""ג העולמי, שיא מוחלט בהיסטוריה הכלכלית.",,,,300.0,100.0,500.0,30.0,"% מהתמ""ג"
course_216_la_dette_mondiale,course_216_la_dette_mondiale_q2,numericSlider,כמה הוא החוב הציבורי של יפן כאחוז מהתוצר?,"החוב של יפן קרוב ל-260% מהתמ""ג שלה.",,,,260.0,100.0,400.0,20.0,"% מהתמ""ג"
course_216_la_dette_mondiale,course_216_la_dette_mondiale_q3,mcq,"מדוע החוב היפני, למרות רמתו הגבוהה מאוד, אינו מדאיג את השווקים הפיננסיים?","רוב החוב של יפן מוחזק על ידי הבנקים והחוסכים שלה, מוגנים משווקים זרים.","[""הוא בבעלות הבנקים והחוסכים היפנים עצמם."", ""הוא מושאל כולו בדולרים"", ""זה בוטל על ידי קרן המטבע הבינלאומית"", ""יפן אף פעם לא מחזירה את הריבית שלה""]",0,,,,,,
course_216_la_dette_mondiale,course_216_la_dette_mondiale_q4,numericSlider,באיזו שנה סיימה בריטניה לשלם חובות עוד ממלחמות נפוליאון ובועה פיננסית של 1720?,בריטניה סיימה לשלם חובות מהמלחמות הנפוליאון ובועה פיננסית של 1720 רק ב-2015.,,,,2015.0,1950.0,2024.0,5.0,
course_216_la_dette_mondiale,course_216_la_dette_mondiale_q5,mcq,"לפי המחיר, במה תלויה בעיקר מסוכנותו של חוב ציבורי?","הסכנה האמיתית של חוב תלויה לא רק בסכום שלו, אלא במטבע שבו הוא לווה.","[""המטבע בו הוא מושאל"", ""מספר הנושים השונים"", ""צבע הדגל של המדינה השואלת"", ""התאריך המדויק של יצירתו""]",0,,,,,,
course_216_la_dette_mondiale,course_216_la_dette_mondiale_q6,mcq,מה מסתכנת מדינה מתפתחת שלווה בדולרים אם המטבע שלה יאבד מערכו?,"אם המטבע הלאומי של מדינה מתפתחת מאבד מערכו מול הדולר, הסכום שיש להחזיר יתפוצץ בן לילה.","[""הסכום שיש להחזיר מתפוצץ בן לילה"", ""החוב שלו מתבטל אוטומטית"", ""קרן המטבע מכפילה את המימון שלה ללא תנאים"", ""כלום, הסכום להחזר נשאר קבוע""]",0,,,,,,
course_216_la_dette_mondiale,course_216_la_dette_mondiale_q7,mcq,"איזה ארגון מתערב לעתים קרובות במשברי חוב במדינות מתפתחות, בדרך כלל כופה מדיניות חיסכון קפדנית?","קרן המטבע הבינלאומית מתערבת לעיתים קרובות במשברים אלו, אך בדרך כלל כופה מדיניות חיסכון קפדנית שמכבידה על האוכלוסיות.","[""קרן המטבע הבינלאומית"", ""ה-WTO"", ""הבנק העולמי לבדו"", ""ה-OECD""]",0,,,,,,
course_216_la_dette_mondiale,course_216_la_dette_mondiale_q8,trueFalse,"נכון או שקר: לפי התיאוריה המוניטרית המודרנית, ממשלה שלווה במטבע משלה יכולה לפשוט רגל כמו כל עסק.","התיאוריה המוניטרית המודרנית קובעת שמדינה לא יכולה להיכשל כל עוד היא לווה במטבע שלה; הגבול האמיתי הוא רמת האינפלציה, לא מספר שרירותי.","[""נכון"", ""לא נכון""]",1,,,,,,
course_216_la_dette_mondiale,course_216_la_dette_mondiale_q9,mcq,איזה סף חוב ציבורי כופה אמנת מאסטריכט באירופה?,"אמנת מאסטריכט מטילה רף של 60% מהתמ""ג באירופה, הנחשב שרירותי על ידי תומכי התיאוריה המוניטרית המודרנית.","[""60% מהתמ\""ג"", ""100% מהתמ\""ג"", ""30% מהתמ\""ג"", ""אין סף""]",0,,,,,,
course_217_l_economie_de_plateforme_uber_airbnb,course_217_l_economie_de_plateforme_uber_airbnb_q1,mcq,מה מבדיל ביסודו פלטפורמה דיגיטלית כמו אובר מחברה מסורתית?,"פלטפורמה הופכת לתשתית דיגיטלית פשוטה שמחברת בין היצע וביקוש, מבלי לייצר דבר בעצמה.","[""אין לה מפעלים, אין כלי רכב, אין עובדים"", ""היא מוכרת רק מוצרים פיזיים"", ""היא מעסיקה יותר אנשים מאשר חברה מסורתית"", ""זה עובד רק במדינה אחת""]",0,,,,,,
course_217_l_economie_de_plateforme_uber_airbnb,course_217_l_economie_de_plateforme_uber_airbnb_q2,mcq,"איזה מנגנון מסביר שככל שיש לפלטפורמה יותר משתמשים, כך היא מושכת יותר משתמשים חדשים?","אפקט הרשת אומר שככל שיש לפלטפורמה יותר משתמשים, כך היא הופכת שימושית יותר, מה שמושך עוד יותר משתמשים, וכמעט תמיד מוביל למצבים כמעט מונופולים.","[""אפקט הרשת"", ""עקומת הפיל"", ""תנאי הסחר"", ""גמישות""]",0,,,,,,
course_217_l_economie_de_plateforme_uber_airbnb,course_217_l_economie_de_plateforme_uber_airbnb_q3,mcq,מדוע אובר השקיעה מיליארדי דולרים במחקר מכוניות לנהיגה עצמית?,"אובר הוציאה מיליארדי דולרים במחקר של מכוניות בנהיגה עצמית, במטרה להיפטר מהעלות הגדולה האחרונה שלה: הנהג האנושי.","[""בסופו של דבר להיפטר מהנהג האנושי, העלות הגדולה האחרונה שלו"", ""להפחית את הזיהום העירוני"", ""צור שירות משלוח מנות"", ""קבלת רישיון מונית""]",0,,,,,,
course_217_l_economie_de_plateforme_uber_airbnb,course_217_l_economie_de_plateforme_uber_airbnb_q4,mcq,"איזה מעמד חוקי תובעות רוב הפלטפורמות לנהגים ולאנשי המשלוחים שלהן, כדי להימנע מתשלום דמי ביטוח לאומי ושכר מינימום?","בכלכלת ההופעות, הפלטפורמה מסרבת למעמד מעסיק ומציגה את הנהגים ואנשי המשלוחים שלה כעצמאיים, מה שנמנע מתשלום דמי ביטוח לאומי, שכר מינימום או חופשה בתשלום.","[""מעמד עצמאי"", ""מעמד של עובד מדינה"", ""סטטוס מתלמד"", ""מעמד של מתנדב""]",0,,,,,,
course_217_l_economie_de_plateforme_uber_airbnb,course_217_l_economie_de_plateforme_uber_airbnb_q5,trueFalse,נכון או שקר: בתי משפט במספר מדינות החלו לסווג מחדש חוזי נהג ועובדי משלוחים כעבודות בשכר אמיתי.,"מול הכפיפות האלגוריתמית ממנה סובלים עובדים עצמאיים, החלו בתי המשפט לכפות את הסיווג מחדש של חוזים אלה כעבודות בשכר אמיתי.","[""נכון"", ""לא נכון""]",0,,,,,,
course_217_l_economie_de_plateforme_uber_airbnb,course_217_l_economie_de_plateforme_uber_airbnb_q6,mcq,איזו השפעה הייתה להשכרות תיירים לטווח קצר דרך Airbnb על ערים כמו פריז או ברצלונה?,"Airbnb מתחרה בבתי מלון תוך צמצום מספר הבתים הזמינים לתושבים, ומעלה את שכר הדירה במרכזי הערים.","[""עלייה בדמי השכירות וירידה בדיור הזמין לתושבים"", ""ירידה כללית במחירי הנכסים"", ""היעלמות מוחלטת של התיירות"", ""אין השפעה ניתנת למדידה""]",0,,,,,,
course_217_l_economie_de_plateforme_uber_airbnb,course_217_l_economie_de_plateforme_uber_airbnb_q7,percentageSlider,כמה ירד מספר הרישומים החוקיים של Airbnb בניו יורק לאחר תקנות מחמירות של 2023?,"בניו יורק, רגולציה קפדנית נגד Airbnb ב-2023 גרמה לירידה של 80% במספר הרישומים החוקיים תוך מספר חודשים.",,,,80.0,0.0,100.0,10.0,%
course_217_l_economie_de_plateforme_uber_airbnb,course_217_l_economie_de_plateforme_uber_airbnb_q8,mcq,"איך נקרא למצב שבו עובד עצמאי נשאר בכל זאת כפוף לכללים שמטילה הבקשה (תעריפים, דירוג, סנקציות)?","העובד נושא בסיכונים לבדו, אך לרוב נותר כפוף לכללי היישום: מצב זה נקרא כפיפות אלגוריתמית.","[""כפיפות אלגוריתמית"", ""אפקט הרשת"", ""גמישות"", ""מיסוי דיגיטלי""]",0,,,,,,
course_217_l_economie_de_plateforme_uber_airbnb,course_217_l_economie_de_plateforme_uber_airbnb_q9,mcq,מה כמה רגולטורים מציעים כדי לשפר את ההגנה על עובדי הפלטפורמה מבלי לשבור את המודל?,"הוויכוח הנוכחי נוגע למעמד ביניים בין שכיר לעצמאי, עם ניידות זכויות, ללא קשר למספר הפלטפורמות בהן עובדים.","[""מעמד ביניים עם ניידות של זכויות סוציאליות"", ""סגירת כל הפלטפורמות הדיגיטליות"", ""חזרה חובה לעבודה מסורתית לכל העצמאים"", ""הסרת כל רגולציה""]",0,,,,,,
course_218_le_role_des_donnees_le_petrole_du_xxie_s,course_218_le_role_des_donnees_le_petrole_du_xxie_s_q1,mcq,"מה מבדיל מהותית את נתוני הנפט, בהתאם למחיר?","בניגוד לנפט, משאב שנגמר, נתונים לעולם אינם נצרכים: ניתן להעתיק אותם עד אינסוף והופך ליותר ערך ככל שהוא משולב עם מידע אחר.","[""הם אף פעם לא נגמרים ומקבלים ערך בשילוב עם מידע אחר."", ""קשה יותר להפיק אותם משמן"", ""הם לא מביאים שום רווח לחברות"", ""הם היו מווסתים זמן רב יותר מנפט""]",0,,,,,,
course_218_le_role_des_donnees_le_petrole_du_xxie_s,course_218_le_role_des_donnees_le_petrole_du_xxie_s_q2,mcq,איך מכנה החוקרת שושנה זובוף את המערכת שהופכת בני אדם לחומרי גלם הנמכרים למחיר הגבוה ביותר?,"שושנה זובוף מכנה את המערכת הזו ""קפיטליזם מעקב"" שבו בני אדם הם כבר לא רק לקוח, אלא חומר הגלם של מערכת שמוכרת תחזיות למחיר הגבוה ביותר.","[""קפיטליזם מעקב"", ""קפיטליזם דיגיטלי"", ""כלכלת הפלטפורמה"", ""ריבונות דיגיטלית""]",0,,,,,,
course_218_le_role_des_donnees_le_petrole_du_xxie_s,course_218_le_role_des_donnees_le_petrole_du_xxie_s_q3,mcq,איזה מנגנון מסביר מדוע ענקיות דיגיטליות הופכות כמעט בלתי אפשריות להתחרות בהן?,"כלכלת הנתונים עובדת במחזוריות טובה: ככל שיש לחברה יותר נתונים, השירות שלה טוב יותר, מה שמושך יותר משתמשים, שמייצרים עוד יותר נתונים.","[""מעגל טוב: יותר נתונים משפרים את השירות, מה שמושך יותר משתמשים ולכן יותר נתונים"", ""חוק שאוסר עליהם מכל תחרות"", ""חוסר מוחלט של רגולציה של המדינה"", ""העובדה שהם לא מוכרים שירותים בתשלום""]",0,,,,,,
course_218_le_role_des_donnees_le_petrole_du_xxie_s,course_218_le_role_des_donnees_le_petrole_du_xxie_s_q4,mcq,"מהי המקבילה הסינית ל-GAFAM האמריקאית, שצוטטה בקורס?","ל-GAFAM בארצות הברית יש את המקבילה שלו בסין עם BATX, הענקיות האלה שמשתמשות בהובלה שלהם בנתונים כדי להתרחב לתחומים רבים.","[""BATX"", ""BRICS"", ""GAFAM אסיה"", ""ה-FAANGs""]",0,,,,,,
course_218_le_role_des_donnees_le_petrole_du_xxie_s,course_218_le_role_des_donnees_le_petrole_du_xxie_s_q5,numericSlider,מתי האיחוד האירופי הציג את ה-GDPR?,"האיחוד האירופי הציג את GDPR ב-2018, תקנה שמעניקה תיאורטית כוח בחזרה לאזרחים על המידע האישי שלהם.",,,,2018.0,2000.0,2024.0,2.0,
course_218_le_role_des_donnees_le_petrole_du_xxie_s,course_218_le_role_des_donnees_le_petrole_du_xxie_s_q6,percentageSlider,עד איזה אחוז מהמחזור העולמי של חברה יכול ה-GDPR להטיל קנס?,ה-GDPR יכול להטיל קנסות של עד 4% מהמחזור העולמי של חברה שלא עומדת בדרישות.,,,,4.0,0.0,100.0,3.0,%
course_218_le_role_des_donnees_le_petrole_du_xxie_s,course_218_le_role_des_donnees_le_petrole_du_xxie_s_q7,numericSlider,"לפני דרישת ה-GDPR לבהירות, כמה ימי עבודה היה לוקח לאדם רגיל לקרוא את כל תנאי השירות שהם מסכימים להם בשנה?","לפני GDPR, היה לוקח לאדם ממוצע כ-76 ימי עבודה לקרוא את כל תנאי השירות של השירותים הדיגיטליים שבהם הוא משתמש בשנה.",,,,76.0,0.0,200.0,15.0,ימים
course_218_le_role_des_donnees_le_petrole_du_xxie_s,course_218_le_role_des_donnees_le_petrole_du_xxie_s_q8,trueFalse,נכון או לא נכון: GDPR חל רק על חברות שמשרדיהן הראשיים באירופה.,"ה-GDPR חל על כל חברה שמטפלת בנתונים של אזרחים אירופאים, בכל מקום שבו נמצא המשרד הראשי שלה: האקסטרטריטוריאליות הזו היא שהפכה את אירופה לרגולטור עולמי.","[""נכון"", ""לא נכון""]",1,,,,,,
course_218_le_role_des_donnees_le_petrole_du_xxie_s,course_218_le_role_des_donnees_le_petrole_du_xxie_s_q9,mcq,איך אנחנו מכנים את הסיכון של מדינה בהתלות בטכנולוגיות זרות כדי להגן על הנתונים של אזרחיה?,מדינות שאינן מסוגלות להגן על הנתונים של אזרחיהן מסתכנות במתקפה על הריבונות הדיגיטלית שלהן.,"[""מתקפה על ריבונות דיגיטלית"", ""בועת סינון"", ""אפקט רשת"", ""ייעול מס""]",0,,,,,,
course_219_la_fracture_numerique_mondiale,course_219_la_fracture_numerique_mondiale_q1,numericSlider,לכמה מיליארד אנשים ברחבי העולם עדיין אין גישה לאינטרנט?,"ל-2.7 מיליארד בני אדם, או כשליש מהאנושות, עדיין אין גישה לאינטרנט.",,,,2.7,0.0,8.0,0.5,מיליארד
course_219_la_fracture_numerique_mondiale,course_219_la_fracture_numerique_mondiale_q2,percentageSlider,"איזה חלק מהאוכלוסייה באפריקה שמדרום לסהרה מחובר לאינטרנט, לעומת יותר מ-90% באירופה ובצפון אמריקה?","אפריקה שמדרום לסהרה נותרה בחיבור לאינטרנט של 37% בלבד, בהשוואה ליותר מ-90% באירופה ובצפון אמריקה.",,,,37.0,0.0,100.0,5.0,%
course_219_la_fracture_numerique_mondiale,course_219_la_fracture_numerique_mondiale_q3,mcq,"איזו שפה עדיין שולטת במידה רבה בתוכן הזמין באינטרנט, ומפריעה לגישה לאינטרנט עבור רבים שאינם דוברי אנגלית?","כ-70% מתוכן האינטרנט הוא באנגלית, מה שמהווה מחסום נוסף עבור משתמשי אינטרנט רבים.","[""אנגלית"", ""המנדרין"", ""ספרדית"", ""צרפתית""]",0,,,,,,
course_219_la_fracture_numerique_mondiale,course_219_la_fracture_numerique_mondiale_q4,mcq,מדוע אימצה קניה באופן מסיבי מערכת תשלום SMS בשם M-Pesa בשנת 2007?,"בשל מחסור בסניפי בנק מספיקים, קניה אימצה באופן מסיבי את M-Pesa, מערכת תשלום באמצעות SMS פשוט, בשנת 2007, כשהיא מנצחת את אירופה בעשר שנים.","[""היעדר כמות מספקת של סניפי בנק"", ""להתחרות בבנקים אמריקאים"", ""בהוראת ממשלת בריטניה"", ""להחליף את המטבע הלאומי שלה""]",0,,,,,,
course_219_la_fracture_numerique_mondiale,course_219_la_fracture_numerique_mondiale_q5,numericSlider,כמה שנים לפני אירופה אימצה קניה תשלום סלולרי נרחב בזכות M-Pesa?,"קניה אימצה את M-Pesa ב-2007, וגברה על אירופה בעשר שנים בתחום זה.",,,,10.0,0.0,30.0,3.0,שנים
course_219_la_fracture_numerique_mondiale,course_219_la_fracture_numerique_mondiale_q6,mcq,מה כינה קניה האסטרטגיה שלה לעבור ישר לטכנולוגיה מודרנית מבלי להתקין תשתית יקרה ומיושנת?,"קניה כינתה את האסטרטגיה הזו קפיצת מדרגה טכנולוגית, עוברת ישירות לפתרון מודרני וזול יותר.","[""\""קפיצת המדרגה\"" הטכנולוגית"", ""המהפכה השקטה"", ""הקפיצה הדיגיטלית הגדולה"", ""השבר ההפוך""]",0,,,,,,
course_219_la_fracture_numerique_mondiale,course_219_la_fracture_numerique_mondiale_q7,mcq,"איזה פרויקט לוויין במסלול נמוך מבטיח לחבר את הכפרים המבודדים ביותר, בלי צורך בהנחת כבלים?","פרויקט Starlink שולח אלפי לוויינים למסלול נמוך, ומאפשר חיבור מהיר גם במדבריות או בהרים גבוהים.","[""סטארלינק"", ""M-Pesa"", ""GDPR"", ""פרוטוקול מונטריאול""]",0,,,,,,
course_219_la_fracture_numerique_mondiale,course_219_la_fracture_numerique_mondiale_q8,trueFalse,"נכון או שקר: העלות של מנויי אינטרנט לווייני כמו Starlink נשארת בקנה אחד עם הסטנדרטים המערביים, מה שמקשה על הגישה לאוכלוסיות הכפריות העניות ביותר.","עלות המנוי והחומרה של Starlink נשארת בקנה אחד עם הסטנדרטים המערביים, מה שהופך את הפתרונות הללו ללא נגישים לאוכלוסיות הכפריות העניות ביותר ללא סיוע חיצוני.","[""נכון"", ""לא נכון""]",0,,,,,,
course_219_la_fracture_numerique_mondiale,course_219_la_fracture_numerique_mondiale_q9,mcq,"איזה סיכון מהווה העלייה המהירה של הבינה המלאכותית לפער הדיגיטלי, לפי הקורס?","בינה מלאכותית דורשת כוח מחשוב ונתונים עצום, המרוכז בידי כמה מדינות וחברות, מה שמאיים להעמיק את הפער הדיגיטלי.","[""זה יכול להחמיר את המצב, מכיוון שהוא מרכז משאבים בין כמה מדינות וחברות"", ""זה יקטין אותו אוטומטית הודות לתרגום אוטומטי"", ""אין לזה קשר לקישוריות גלובלית"", ""זה הופך את האינטרנט בחינם לכולם""]",0,,,,,,
course_21_rosa_parks_et_montgomery_1955,course_21_rosa_parks_et_montgomery_1955_q1,mcq,"מה עשתה רוזה פארקס ב-1 בדצמבר 1955 במונטגומרי, מה שגרם לחרם האוטובוסים?","רוזה פארקס מסרבת לקום כדי לוותר על מקומה לנוסע לבן, מה שמוביל למעצרה ולאחר מכן לחרם על האוטובוסים.","[""היא מסרבת לוותר על מקומה לנוסע לבן באוטובוס"", ""היא מארגנת הפגנה מול קפיטול אלבמה"", ""היא מגישה תלונה נגד המעסיק שלה"", ""היא מסרבת לשלם את כרטיס האוטובוס שלה""]",0,,,,,,
course_21_rosa_parks_et_montgomery_1955,course_21_rosa_parks_et_montgomery_1955_q2,mcq,אילו חוקים כפו הפרדה גזעית בדרום אמריקה באותה תקופה?,"חוקי ג'ים קרואו אכפו הפרדה גזעית בבתי הספר, בתי החולים, מזרקות השתייה והתחבורה של הדרום.","[""חוקי ג'ים קרואו"", ""חוק זכויות האזרח"", ""חוקי השחזור"", ""חוק זכויות ההצבעה""]",0,,,,,,
course_21_rosa_parks_et_montgomery_1955,course_21_rosa_parks_et_montgomery_1955_q3,trueFalse,נכון או לא נכון: רוזה פארקס היא האדם הראשון שסירב לוותר על מקומה באוטובוס של מונטגומרי.,"תשעה חודשים קודם לכן, תלמידת התיכון, קלודט קולווין, בת 15, כבר סירבה לוותר על מקומה, אך הפעילים לא הציגו אותה.","[""נכון"", ""לא נכון""]",1,,,,,,
course_21_rosa_parks_et_montgomery_1955,course_21_rosa_parks_et_montgomery_1955_q4,mcq,"מדוע פעילים בוחרים ברוזה פארקס, ולא בקלודט קולווין, בתור הפנים הציבוריות של התנועה?","רוזה פארקס, פעילה של NAACP שהוכשרה בהתנגדות לא אלימה, נחשבה מכובדת יותר מקולווין, אז בהריון ורווק, כדי להביא את המאבק לדעת הקהל.","[""הרוגע והכבוד שלה כפעילה מאומנת הופכים אותה לדמות אידיאלית לדעת הקהל."", ""היא היחידה שנעצרה"", ""היא נשיאת ה-NAACP"", ""היא הצעירה מבין השתיים""]",0,,,,,,
course_21_rosa_parks_et_montgomery_1955,course_21_rosa_parks_et_montgomery_1955_q5,mcq,מי מוביל את האגודה לשיפור מונטגומרי לארגן את החרם?,"מרטין לותר קינג ג'וניור, כומר צעיר בן 26, לקח את ההגה של האגודה לשיפור מונטגומרי והפך לפנים של התנועה.","[""מרטין לותר קינג ג'וניור, כומר מזה 26 שנים"", ""רוזה פארקס בעצמה"", ""נהג האוטובוס ג'יימס בלייק"", ""שופט פדרלי מאלבמה""]",0,,,,,,
course_21_rosa_parks_et_montgomery_1955,course_21_rosa_parks_et_montgomery_1955_q6,numericSlider,כמה ימים נמשך חרם האוטובוסים של מונטגומרי?,"החרם נמשך 381 ימים, מ-5 בדצמבר 1955 עד 21 בדצמבר 1956.",,,,381.0,100.0,600.0,20.0,ימים
course_21_rosa_parks_et_montgomery_1955,course_21_rosa_parks_et_montgomery_1955_q7,percentageSlider,איזה חלק מרוכבי האוטובוסים של מונטגומרי הם שחורים?,"אנשים שחורים מהווים כ-75% מנוסעי האוטובוסים, מה שמסביר את ההשפעה הכלכלית האדירה של החרם.",,,,75.0,0.0,100.0,10.0,%
course_21_rosa_parks_et_montgomery_1955,course_21_rosa_parks_et_montgomery_1955_q8,mcq,איזו החלטה מסיימת באופן חוקי את ההפרדה באוטובוסים של אלבמה?,ב-13 בנובמבר 1956 אישר בית המשפט העליון כי הפרדת אוטובוסים באלבמה אינה חוקתית.,"[""החלטת בית המשפט העליון מיום 13.11.1956"", ""צו ביצוע מאת הנשיא אייזנהאואר"", ""הצבעה של הקונגרס האמריקאי"", ""הסכם בין קינג לחברת האוטובוסים""]",0,,,,,,
course_21_rosa_parks_et_montgomery_1955,course_21_rosa_parks_et_montgomery_1955_q9,chronological,שים את האירועים האלה של חרם מונטגומרי בסדר כרונולוגי.,ממעצרה של רוזה פארקס ועד לסיום החרם עברו 381 ימים בין דצמבר 1955 לדצמבר 1956.,,,"[""מעצר של רוזה פארקס"", ""תחילת חרם האוטובוסים"", ""פסיקת בית המשפט העליון נגד הפרדת אוטובוסים"", ""סיום רשמי של החרם""]",,,,,
course_220_la_desinformation_et_les_fake_news,course_220_la_desinformation_et_les_fake_news_q1,numericSlider,"לפי מחקר של MIT משנת 2018, פי כמה מהר יותר מידע כוזב מתפשט מאשר מידע מאומת בטוויטר?",מחקר של MIT שפורסם ב-2018 הראה שמידע כוזב מתפשט בערך פי 6 מהר יותר מאשר מידע מאומת בטוויטר.,,,,6.0,0.0,20.0,1.0,פעמים
course_220_la_desinformation_et_les_fake_news,course_220_la_desinformation_et_les_fake_news_q2,mcq,מהו המנגנון שבו אלגוריתמים של מדיה חברתית מתוכננים למקסם את זמן המסך?,"כלכלת הקשב מתייחסת לעובדה שאלגוריתמים של מדיה חברתית נועדו למקסם את זמן המסך, תוך התמקדות ברגש ובהלם ולא בניואנסים.","[""כלכלת הקשב"", ""עקומת הפיל"", ""אפקט הרשת"", ""כפיפות אלגוריתמית""]",0,,,,,,
course_220_la_desinformation_et_les_fake_news,course_220_la_desinformation_et_les_fake_news_q3,mcq,מהי בועת סינון?,"בועת סינון נועלת את משתמשי האינטרנט במרחב שבו אלגוריתמים מראים להם רק תוכן המאשר את דעותיהם שכבר מחזיקים, מה שמקשה על כל תיקון.","[""מרחב שבו אלגוריתמים מציגים רק תוכן המאשש דעות שכבר קיימות"", ""כלי לבדיקת עובדות המשמש עיתונאים"", ""טכניקת הצפנת נתונים אישיים"", ""רשת חברתית המתמחה בבדיקת עובדות""]",0,,,,,,
course_220_la_desinformation_et_les_fake_news,course_220_la_desinformation_et_les_fake_news_q4,mcq,לאיזו מטרה יצרה הסוכנות הרוסית לחקר האינטרנט אלפי חשבונות מזויפים כדי להדליק את המתיחות במדינות הדמוקרטיות המערביות?,"הסוכנות לחקר האינטרנט לא ביקשה להגן על צד מסוים: המטרה הייתה לרוב ליצור כאוס ולגרום לאנשים להאמין ש""כולם משקרים"".","[""ליצור כאוס ולגרום לאנשים להאמין ש\""כולם משקרים\"""", ""הגן על מחנה פוליטי ספציפי אחד"", ""מכירת מודעות ממוקדות לעסקים"", ""קידום התיירות הרוסית בחו\""ל""]",0,,,,,,
course_220_la_desinformation_et_les_fake_news,course_220_la_desinformation_et_les_fake_news_q5,mcq,"מדוע יזמים צעירים בעיירה ולס, צפון מקדוניה, יצרו אתרי חדשות מזויפות ב-2016?","בולס, יזמים צעירים יצרו אתרים סנסציוניים ללא כל אמונות פוליטיות, רק כדי להרוויח כסף מתנועה שנוצרה.","[""אך ורק כדי להרוויח כסף מתנועה שנוצרת ברשתות החברתיות"", ""לתמוך במפלגה פוליטית מקדונית"", ""בפקודת ממשלה זרה"", ""להוקיע בפומבי את דיסאינפורמציה""]",0,,,,,,
course_220_la_desinformation_et_les_fake_news,course_220_la_desinformation_et_les_fake_news_q6,mcq,איזו דיסציפלינה עיתונאית התפתחה כדי לאמת עובדות מול מבול הדיסאינפורמציה?,"בדיקת עובדות, אימות עובדות, הפכה לדיסציפלינה עיתונאית בפני עצמה, הנהוגה במיוחד על ידי סוכנויות כמו AFP.","[""בדיקת עובדות"", ""כריית נתונים"", ""לובי"", ""שיווק ויראלי""]",0,,,,,,
course_220_la_desinformation_et_les_fake_news,course_220_la_desinformation_et_les_fake_news_q7,trueFalse,נכון או לא נכון: זיופים עמוקים הם סרטונים שנעשו על ידי בינה מלאכותית שמקשים יותר ויותר על ההבחנה בין אמת לשקר.,"זיופים עמוקים מאפשרים לגרום לאדם לומר כל דבר בריאליזם מטריד, מה שהופך את ההבחנה בין אמת לשקר לקשה לעין הבלתי מאומנת.","[""נכון"", ""לא נכון""]",0,,,,,,
course_220_la_desinformation_et_les_fake_news,course_220_la_desinformation_et_les_fake_news_q8,mcq,איך אנחנו מכנים את העידן הנוכחי שבו עובדות אובייקטיביות שוקלים לפעמים פחות מרגשות ואמונות אישיות?,"אנו מדברים כעת על עידן פוסט-אמת, שבו עובדות אובייקטיביות שוקלים לפעמים פחות מרגשות ואמונות אישיות.","[""עידן פוסט האמת"", ""גיל המידע הכולל"", ""עידן בדיקת העובדות"", ""העידן הפוסט-דיגיטלי""]",0,,,,,,
course_220_la_desinformation_et_les_fake_news,course_220_la_desinformation_et_les_fake_news_q9,mcq,"מהי, לפי הקורס, התגובה החזקה ביותר למידע מוטעה?","התשובה המוצקה ביותר נותרה חינוך תקשורתי: ללמוד לאמת מקור, הצלבה של מספר פיסות מידע והבנה כיצד אלגוריתמים עובדים.","[""חינוך תקשורתי"", ""איסור מוחלט על מדיה חברתית"", ""צנזורה ממשלתית שיטתית"", ""נטישה מוחלטת של האינטרנט""]",0,,,,,,
course_221_le_trou_de_la_couche_d_ozone_et_sa_gueri,course_221_le_trou_de_la_couche_d_ozone_et_sa_gueri_q1,mcq,"באיזו שכבת האטמוספירה נמצאת שכבת האוזון, בין 15 ל-35 ק""מ גובה?","שכבת האוזון נמצאת בין 15 ל-35 קילומטרים מעל פני הים, בסטרטוספירה, שם היא סופגת את רוב ה-UV-B.","[""הסטרטוספירה"", ""הטרופוספירה"", ""המזוספרה"", ""היונוספירה""]",0,,,,,,
course_221_le_trou_de_la_couche_d_ozone_et_sa_gueri,course_221_le_trou_de_la_couche_d_ozone_et_sa_gueri_q2,mcq,"אילו גזים, שהומצאו בשנות ה-30 ושימשו במקררים ובאירוסולים, אחראים להרס שכבת האוזון?","כלורופלואורופחמנים (CFCs), שהומצאו בשנות השלושים, משחררים כלור בהשפעת השמש ברגע שהם עולים לסטרטוספירה, והורסים את האוזון.","[""כלורופלואורופחמנים (CFCs)"", ""פחמן דו חמצני"", ""מתאן"", ""האוזון עצמו""]",0,,,,,,
course_221_le_trou_de_la_couche_d_ozone_et_sa_gueri,course_221_le_trou_de_la_couche_d_ozone_et_sa_gueri_q3,numericSlider,באיזו שנה הזהירו מריו מולינה ופרנק שרווד רולנד על הקשר בין CFCs והרס האוזון?,"בשנת 1974, הזהירו הכימאים מריו מולינה ופרנק שרווד רולנד כי CFCs משחררים כלור שהורס את האוזון; הם יקבלו את פרס נובל ב-1995.",,,,1974.0,1930.0,2000.0,3.0,
course_221_le_trou_de_la_couche_d_ozone_et_sa_gueri,course_221_le_trou_de_la_couche_d_ozone_et_sa_gueri_q4,mcq,"מדוע לוויינים של נאס""א לא זיהו את החור באוזון לפני סקר אנטארקטיקה הבריטי ב-1985?","לווייני נאס""א כבר היו נתונים אלה, אבל התוכנה שלהם ביטלה אותם כקיצוניים מכדי להיות אמיתיים.","[""התוכנה שלהם ביטלה את הנתונים כקיצוניים מכדי להיות אמיתיים"", ""לנאס\""א עדיין לא היו לוויינים במסלול"", ""הנתונים סווגו סודיים על ידי ממשלת ארה\""ב"", ""אנטארקטיקה לא הייתה נגישה ללוויינים""]",0,,,,,,
course_221_le_trou_de_la_couche_d_ozone_et_sa_gueri,course_221_le_trou_de_la_couche_d_ozone_et_sa_gueri_q5,numericSlider,"כמה מדינות חתמו על פרוטוקול מונטריאול בתחילה, ב-1987?","לפרוטוקול מונטריאול היו בתחילה רק 24 מדינות; היום היא מפגישה 197, כל חברי האו""ם.",,,,24.0,0.0,100.0,5.0,מדינה
course_221_le_trou_de_la_couche_d_ozone_et_sa_gueri,course_221_le_trou_de_la_couche_d_ozone_et_sa_gueri_q6,trueFalse,"נכון או שקר: פרוטוקול מונטריאול הוא האמנה היחידה בתולדות האומות המאוחדות שאושררה על ידי כל מדינות העולם, ללא יוצא מן הכלל.","פרוטוקול מונטריאול הוא האמנה היחידה בהיסטוריה של האומות המאוחדות שאושררה על ידי כל מדינה בעולם, ללא יוצא מן הכלל.","[""נכון"", ""לא נכון""]",0,,,,,,
course_221_le_trou_de_la_couche_d_ozone_et_sa_gueri,course_221_le_trou_de_la_couche_d_ozone_et_sa_gueri_q7,mcq,"מדוע הפחתת פליטת CO₂ קשה הרבה יותר מאשר איסור על CFC, לפי הקורס?","החור באוזון הגיע ממספר קטן של גזים שיוצרו על ידי מספר קטן של מפעלים, שקל לכוון אליהם, בעוד ש-CO₂ מגיע כמעט מכל מה שהחברה המודרנית שלנו עושה.","[""CO₂ מגיע כמעט מכל הפעילות הכלכלית המודרנית, בעוד CFCs הגיעו ממספר קטן של מפעלים"", ""ל-CO₂ אין השפעה על האקלים"", ""אין אמנת אקלים בינלאומית"", ""קל יותר לזהות CO₂ בלוויין מאשר CFCs""]",0,,,,,,
course_221_le_trou_de_la_couche_d_ozone_et_sa_gueri,course_221_le_trou_de_la_couche_d_ozone_et_sa_gueri_q8,numericSlider,"כמה מעלות צלזיוס לערך של התחממות נוספת יכלו CFC להוסיף לכדור הארץ עד 2050, ללא פרוטוקול מונטריאול?","ללא אמנה זו, CFCs היו יכולים להוסיף כ-1 מעלות צלזיוס של התחממות נוספת לכדור הארץ עד 2050, בשל אפקט החממה שלהם.",,,,1.0,0.0,5.0,0.5,°C
course_221_le_trou_de_la_couche_d_ozone_et_sa_gueri,course_221_le_trou_de_la_couche_d_ozone_et_sa_gueri_q9,chronological,שים את השלבים האלה בסיפור של החור באוזון בסדר כרונולוגי.,"ארבעת השלבים הללו מסמנים את ההיסטוריה של החור באוזון: ההתראה המדעית של 1974, אישור החור ב-1985, החתימה על האמנה ב-1987, ואז ההתחלה הניתנת למדידה של ההתאוששות משנת 2000.",,,"[""התראת המדע של מולינה ורולנד"", ""אישור החור על ידי סקר אנטארקטיקה הבריטי"", ""החתימה על פרוטוקול מונטריאול"", ""ההתחלה הניתנת למדידה לריפוי שכבת האוזון""]",,,,,
course_221_le_trou_de_la_couche_d_ozone_et_sa_gueri,course_221_le_trou_de_la_couche_d_ozone_et_sa_gueri_q10,numericSlider,"באיזו שנה שכבת האוזון צריכה לחזור למצבה ב-1980, אם האמנה תמשיך לכבד?","אם האמנה תמשיך לכבד, שכבת האוזון צריכה לחזור למצבה של 1980 בסביבות 2065-2070.",,,,2065.0,2020.0,2100.0,10.0,
course_222_la_crise_de_la_biodiversite,course_222_la_crise_de_la_biodiversite_q1,mcq,"מי מפרסם מדי שנה את מדד הכוכבים החיים, המודד את מצב אוכלוסיות בעלי החיים ברחבי העולם?","ה-WWF מפרסם מדי שנה את מדד הכוכבים החיים, שדוחו לשנת 2022 חשף ירידה של 69% באוכלוסיות בעלי החיים מאז 1970.","[""ה-WWF"", ""האו\""ם"", ""ה-IPCC"", ""IPBES""]",0,,,,,,
course_222_la_crise_de_la_biodiversite,course_222_la_crise_de_la_biodiversite_q2,percentageSlider,"לפי מדד הכוכבים החיים, כמה ירדה אוכלוסיית חיות הבר בממוצע בין 1970 ל-2018?","בין 1970 ל-2018, אוכלוסיית חיות הבר ירדה בממוצע ב-69% ברחבי העולם.",,,,69.0,0.0,100.0,5.0,%
course_222_la_crise_de_la_biodiversite,course_222_la_crise_de_la_biodiversite_q3,mcq,"מהי הגורם ההרסני ביותר לאובדן המגוון הביולוגי, לפי מדענים?","שינוי השימוש בקרקע הוא הראשון וההרסני ביותר מבין חמשת הגורמים שזוהו על ידי מדענים, מכיוון שהוא חותך את בתי הגידול הטבעיים לרסיסים מבודדים מכדי לשרוד.","[""שינוי בשימוש בקרקע (כריתת יערות, עיור, חקלאות אינטנסיבית)"", ""ניצול יתר של מינים (דיג יתר, ציד)"", ""זיהום על ידי חומרי הדברה ופלסטיק"", ""הגעתם של מינים פולשים""]",0,,,,,,
course_222_la_crise_de_la_biodiversite,course_222_la_crise_de_la_biodiversite_q4,trueFalse,נכון או לא נכון: הירידה של 94% באוכלוסיות בעלי החיים שנצפתה באמריקה הלטינית פירושה ש-94% מהמינים שם נעלמו.,"ירידה זו מודדת את גודל האוכלוסיות, לא את מספר המינים שנכחדו: מינים שורדים אבל במספרים קטנים מאוד, מה שהופך אותם לשבירים מול הכחדה מוחלטת.","[""נכון"", ""לא נכון""]",1,,,,,,
course_222_la_crise_de_la_biodiversite,course_222_la_crise_de_la_biodiversite_q5,percentageSlider,כמה מגידולי המזון בעולם תלויים בחרקים מאביקים כדי להיות מופרים?,כ-75% מגידולי המזון בעולם מסתמכים על חרקים להאבקה.,,,,75.0,0.0,100.0,5.0,%
course_222_la_crise_de_la_biodiversite,course_222_la_crise_de_la_biodiversite_q6,mcq,איזו מטרה הציבו לעצמן מדינות העולם ב-COP15 במונטריאול ב-2022?,"ב-COP15 במונטריאול בשנת 2022, מדינות הציבו את היעד להגן על 30% מהיבשה והים עד 2030.","[""הגן על 30% מהיבשה והים עד 2030"", ""לחסל את כל חומרי ההדברה עד 2030"", ""ייער מחדש מחצית מכדור הארץ עד 2050"", ""אסור על דיג תעשייתי עד 2030""]",0,,,,,,
course_222_la_crise_de_la_biodiversite,course_222_la_crise_de_la_biodiversite_q7,mcq,"איך אנחנו קוראים לספים שבהם מערכת אקולוגית קורסת באופן פתאומי וכמעט בלתי הפיך, כמו יער אמזונס ההופך לסוואנה?",נקודות מפנה אקולוגיות מתייחסות לאותם ספים שבהם מערכת אקולוגית קורסת באופן פתאומי ובאופן שכמעט בלתי אפשרי להפוך.,"[""נקודות מפנה אקולוגיות"", ""גבולות פלנטריים"", ""מדד הכוכב החי"", ""חוסן אקולוגי""]",0,,,,,,
course_222_la_crise_de_la_biodiversite,course_222_la_crise_de_la_biodiversite_q8,mcq,"לפי IPBES, כמה מיני בעלי חיים וצמחים בקירוב נמצאים כיום בסכנת הכחדה?","לפי IPBES, כמיליון מיני בעלי חיים וצמחים נמצאים כעת בסכנת הכחדה, לפעמים בעשורים הקרובים.","[""בערך מיליון"", ""כמאה אלף"", ""בערך עשרה מיליון"", ""כעשרת אלפים""]",0,,,,,,
course_222_la_crise_de_la_biodiversite,course_222_la_crise_de_la_biodiversite_q9,mcq,"מה מזכיר לנו דו""ח Dasgupta Review על הקשר בין כלכלה לטבע?","דוח Dasgupta Review מזכיר לנו שהכלכלה שלנו תלויה בטבע, ולא להיפך, בעוד שהשירותים שהיא מספקת (האבקה, ויסות מים, קרקעות פוריות) לרוב בלתי נראים מכיוון שהם בחינם.","[""הכלכלה שלנו תלויה בטבע, לא להיפך"", ""לטבע אין ערך כלכלי מדיד"", ""התמ\""ג כבר משקף נכון את העושר הטבעי"", ""למגוון הביולוגי אין השפעה על החקלאות""]",0,,,,,,
course_223_l_economie_circulaire,course_223_l_economie_circulaire_q1,mcq,"מהו סדר העדיפויות של לולאות הכלכלה המעגלית, מהרוב לרצוי לפחות?","הכלכלה המעגלית תמיד מעדיפה את הלולאה הקצרה ביותר: עיצוב אקולוגי, אחר כך שימוש חוזר, ואז תיקון, ומיחזור כמוצא אחרון.","[""עיצוב אקולוגי, שימוש חוזר, תיקון, מיחזור"", ""מיחזור, תיקון, שימוש חוזר, עיצוב אקולוגי"", ""שימוש חוזר, מיחזור, עיצוב אקולוגי, תיקון"", ""תיקון, מיחזור, שימוש חוזר, עיצוב אקולוגי""]",0,,,,,,
course_223_l_economie_circulaire,course_223_l_economie_circulaire_q2,percentageSlider,איזה אחוז מכל הפלסטיק שאי פעם ייצר האנושות מוחזר בפועל?,"רק 9% מכל הפלסטיק שיוצר אי פעם מוחזר; השאר מגיע לטבע או למזבלה, שם הוא יכול להישאר 450 שנה.",,,,9.0,0.0,100.0,5.0,%
course_223_l_economie_circulaire,course_223_l_economie_circulaire_q3,numericSlider,כמה שנים יכול פלסטיק שנזרק למזבלה להחזיק מעמד לפני שהוא מתכלה לחלוטין?,פלסטיק במזבלה יכול להישאר עד 450 שנים לפני השפלה מוחלטת.,,,,450.0,50.0,1000.0,100.0,שנים
course_223_l_economie_circulaire,course_223_l_economie_circulaire_q4,mcq,מה שמו של המודל הכלכלי המסורתי שהכלכלה המעגלית מבקשת להחליף?,"המודל הליניארי, המורכב ממיצוי משאבים, ייצור מוצרים ואז זריקתם, הוא המודל שהכלכלה המעגלית מבקשת להתגבר עליו.","[""המודל הליניארי (לחלץ, לעשות, לזרוק)"", ""המודל השיתופי"", ""מודל הירידה"", ""מודל ההתיישנות המתוכנן""]",0,,,,,,
course_223_l_economie_circulaire,course_223_l_economie_circulaire_q5,trueFalse,נכון או לא נכון: מיחזור אלומיניום מצריך יותר אנרגיה מאשר הפקתו מעפרות גולמיות.,"זה שקר: מיחזור אלומיניום צורך 95% פחות אנרגיה מאשר הפקתו מבוקסיט, העפרה הגולמית.","[""נכון"", ""לא נכון""]",1,,,,,,
course_223_l_economie_circulaire,course_223_l_economie_circulaire_q6,mcq,"מה מאפשרת ""הזכות לתיקון"" שיישם האיחוד האירופי ב-2020?",הזכות לתיקון מחייבת יצרני מכשירים אלקטרוניים לספק חלקי חילוף למשך מספר שנים.,"[""לחייב את היצרנים לספק חלקי חילוף למשך מספר שנים"", ""לאסור מכירה של כל מוצר שאינו בר תיקון"", ""הצע תיקון חינם לכל אורך החיים עבור כל מכשיר"", ""להסיר מיסים על חלקי חילוף""]",0,,,,,,
course_223_l_economie_circulaire,course_223_l_economie_circulaire_q7,mcq,מה כופה אחריות יצרנים מורחבת (EPR) על היצרנים?,"אחריות יצרנים מורחבת גורמת ליצרנים לשלם עבור ניהול הפסולת של המוצרים שלהם, מה שמעודד אותם לעצב חפצים פחות מזהמים.","[""לשלם עבור ניהול פסולת של המוצרים שלהם"", ""קח בחזרה את כל המוצרים המתחרים בחינם"", ""מימון מחקר באנרגיות חדשות"", ""הפחיתו את מחירי המכירה שלהם ב-10% בכל שנה""]",0,,,,,,
course_223_l_economie_circulaire,course_223_l_economie_circulaire_q8,mcq,"בכלל 3R (צמצום, שימוש חוזר, מיחזור), מהו הצעד הראשון, זה המשפיע ביותר על האקלים?","צמצום, כלומר לשאול את עצמכם האם רכישה באמת הכרחית, הוא השלב הראשון של חוק ה-3R וזה שיש לו את ההשפעה הגדולה ביותר על האקלים.","[""צמצמו, שאלו את עצמכם אם הרכישה באמת נחוצה"", ""למחזר באופן שיטתי כל חפץ"", ""שימוש חוזר בחפץ זמן רב ככל האפשר"", ""תקן חפץ לפני השלכתו""]",0,,,,,,
course_224_pourquoi_les_abeilles_sont_elles_vitales,course_224_pourquoi_les_abeilles_sont_elles_vitales_q1,percentageSlider,"כמה מגידולי המזון בעולם תלויים, לפחות מעט, במאביקים כמו דבורים?","כ-75% מגידולי המזון בעולם תלויים, לפחות במידה מסוימת, במאביקים כמו דבורים, כולל קפה, קקאו ושקדים.",,,,75.0,0.0,100.0,5.0,%
course_224_pourquoi_les_abeilles_sont_elles_vitales,course_224_pourquoi_les_abeilles_sont_elles_vitales_q2,mcq,מהי האבקה?,"האבקה היא הובלת אבקה, התאים הזכריים של פרח אחד, לאיבר הנקבי של פרח אחר מאותו מין.","[""הובלת אבקה מפרח אחד לאיבר הנקבי של פרח אחר מאותו מין"", ""ייצור דבש על ידי דבורים"", ""בניית כוורת על ידי מושבה"", ""רבייה של דבורים בינן לבין עצמן""]",0,,,,,,
course_224_pourquoi_les_abeilles_sont_elles_vitales,course_224_pourquoi_les_abeilles_sont_elles_vitales_q3,percentageSlider,"מאז שנות ה-90, איזה אחוז מהמושבות שלהם איבדו כמה כוורנים בכל חורף?","מאז שנות ה-90, כמה כוורנים איבדו עד 30 עד 50% מהמושבות שלהם בכל חורף, בעוד שהאובדן הטבעי אמור להיות בסביבות 10%.",,,,40.0,0.0,100.0,10.0,%
course_224_pourquoi_les_abeilles_sont_elles_vitales,course_224_pourquoi_les_abeilles_sont_elles_vitales_q4,trueFalse,נכון או לא נכון: האובדן הטבעי של מושבות הדבורים אמור להיות בדרך כלל כ-50% בכל חורף.,אובדן טבעי צריך להיות בסביבות 10% לחורף; ההפסדים של 30 עד 50% שנצפו מאז שנות ה-90 הם חריגים ומדאיגים.,"[""נכון"", ""לא נכון""]",1,,,,,,
course_224_pourquoi_les_abeilles_sont_elles_vitales,course_224_pourquoi_les_abeilles_sont_elles_vitales_q5,mcq,איזו משפחת חומרי הדברה אחראית במיוחד לדעיכת הדבורים?,"הניאוניקוטינואידים חודרים לצמח כולו, כולל הצוף והאבקה שלו, מבלבל את התמצאות הדבורים ומחליש את מערכת החיסון שלהן.","[""נאוניקוטינואידים"", ""קוטלי עשבים"", ""קוטלי פטריות"", ""דשני חנקן""]",0,,,,,,
course_224_pourquoi_les_abeilles_sont_elles_vitales,course_224_pourquoi_les_abeilles_sont_elles_vitales_q6,mcq,"כמה מיני דבורים בערך יש בעולם, מעבר רק לדבורת הדבש?","הדבורה הביתית היא רק מין אחד מבין יותר מ-20,000 בעולם, כולל דבורי בומבוס ואוסמיה.","[""יותר מ-20,000"", ""בערך 500"", ""בערך 2,000"", ""בסביבות 100,000""]",0,,,,,,
course_224_pourquoi_les_abeilles_sont_elles_vitales,course_224_pourquoi_les_abeilles_sont_elles_vitales_q7,mcq,"מדוע דבורי בומבוס יכולות להאביק פרחים מסוימים, כמו פרחי עגבנייה, שדבורי דבש לא מאביקות ביעילות?","פרחים מסוימים, כמו אלה של העגבנייה, משחררים את האבקה שלהם רק תחת רטט ספציפי; דבורי הבומבוס יודעות לעשות זאת באמצעות טכניקה הנקראת sonication, בניגוד לדבורי הדבש.","[""הם יודעים איך לגרום לפרח לרטוט באמצעות טכניקה שנקראת sonication"", ""הם עפים מהר יותר מדבורי דבש"", ""הם מייצרים יותר אבקה"", ""הם חיים יותר מדבורי דבש""]",0,,,,,,
course_224_pourquoi_les_abeilles_sont_elles_vitales,course_224_pourquoi_les_abeilles_sont_elles_vitales_q8,mcq,מה עשה האיחוד האירופי ב-2018 כדי להגן על המאביקים?,"האיחוד האירופי אסר על שלושה נאוניקוטינואידים עיקריים בשדות פתוחים בשנת 2018, כדי להפחית את השפעתם על המאביקים.","[""הוא אסר על שלושה נאוניקוטינואידים עיקריים בשדות פתוחים"", ""הוא אסר על כל חקלאות אינטנסיבית"", ""זה הפך גידול דבורים עירוני לחובה"", ""היא הטילה מס על יבוא דבש""]",0,,,,,,
course_225_la_montee_des_eaux,course_225_la_montee_des_eaux_q1,numericSlider,"עד שנת 2100, לפי התרחיש הכי פסימי, עד כמה האוקיינוסים יכולים לעלות לכל היותר?","לפי התרחישים הפסימיים ביותר, האוקיינוסים יכולים לעלות עד מטר אחד, או 100 סנטימטרים, עד שנת 2100.",,,,100.0,0.0,300.0,30.0,cm
course_225_la_montee_des_eaux,course_225_la_montee_des_eaux_q2,mcq,מהם שני המנגנונים הפיזיקליים האחראים לעליית פני הים?,"מפלס הים עולה משתי סיבות: התפשטות תרמית של מים שמתחממים, והמסת קרח המונח על יבשה, כמו בגרינלנד או באנטארקטיקה.","[""התפשטות תרמית של מים והמסה של קרח יבשתי"", ""הפשרת קרח ים ארקטי וגאות"", ""אידוי ומשקעים"", ""טקטוניקת הלוחות וזרמי אוקיינוס""]",0,,,,,,
course_225_la_montee_des_eaux,course_225_la_montee_des_eaux_q3,trueFalse,"נכון או לא נכון: הפשרת קרח הים הארקטי, שכבר צף על פני המים, גורמת לעליית פני הים.","ערימת הקרח הארקטית כבר צפה על פני המים: ההמסה שלה אינה גורמת לעליית פני הים, בניגוד להמסה של קרח המונח על יבשה, כמו בגרינלנד.","[""נכון"", ""לא נכון""]",1,,,,,,
course_225_la_montee_des_eaux,course_225_la_montee_des_eaux_q4,percentageSlider,כמה מהחום העודף שנוצר מפעילות אנושית מאז 1970 נקלט באוקיינוסים?,"האוקיינוסים ספגו יותר מ-90% מעודפי החום שנוצרו מפעילות האדם מאז 1970, מה שגורם לנפח שלהם להתנפח.",,,,90.0,0.0,100.0,5.0,%
course_225_la_montee_des_eaux,course_225_la_montee_des_eaux_q5,numericSlider,"מהו קצב עליית פני הים הנוכחי, במילימטרים בשנה?","קצב עליית הים כיום הוא בסביבות 3.6 מ""מ בשנה, לעומת 1.4 מ""מ בשנה במאה ה-20, תאוצה של יותר מ-150%.",,,,3.6,0.0,10.0,1.0,"מ""מ/שנה"
course_225_la_montee_des_eaux,course_225_la_montee_des_eaux_q6,mcq,"מה יכולה לגרום לעלייה של 50 סנטימטר בגובה פני הים, בהתאם למהלך?",עלייה של 50 סנטימטר יכולה להספיק כדי להפוך אסון צפוי של פעם במאה לאירוע כמעט שנתי.,"[""הפיכת מבול של 100 שנה לאירוע כמעט שנתי"", ""הפחת את תדירות הסערות"", ""ייצוב זרמים ימיים"", ""הפחת את מליחות האוקיינוס""]",0,,,,,,
course_225_la_montee_des_eaux,course_225_la_montee_des_eaux_q7,mcq,"בבנגלדש, שבה חיים 170 מיליון בני אדם, כמה מהשטח עלול ללכת לאיבוד עם עלייה של מטר בגובה פני הים?","בבנגלדש, עלייה של מטר בגובה פני הים עלולה לגרום לאובדן של 17% מהשטח.","[""17%"", ""50%"", ""5%"", ""80%""]",0,,,,,,
course_225_la_montee_des_eaux,course_225_la_montee_des_eaux_q8,mcq,מדוע ג'קרטה מאוימת במיוחד על ידי עליית המים?,"ג'קרטה משלבת את עליית מפלס המים ושקיעת הקרקע הנגרמת על ידי שאיבת מי תהום מוגזמת, איום כפול שדחף את אינדונזיה לבנות בירה חדשה, נוסנטרה.","[""העיר שוקעת בקרקע עקב שאיבה מוגזמת של מי תהום, בנוסף לעליית הים"", ""הוא נבנה כולו מתחת לפני הים מאז הקמתו"", ""אין לו סוללת מגן."", ""הוא ממוקם על שבר סיסמי פעיל""]",0,,,,,,
course_225_la_montee_des_eaux,course_225_la_montee_des_eaux_q9,trueFalse,נכון או לא נכון: בשנת 2009 קיימה ממשלת המלדיביים ישיבת קבינט תת-ימית כדי להתריע לעולם על עליית מפלס הים.,"בשנת 2009, ממשלת המלדיביים קיימה למעשה ישיבת ממשלה מתחת למים, בחליפות צלילה, לפני ועידת אקלים גדולה.","[""נכון"", ""לא נכון""]",0,,,,,,
course_226_l_ia_et_l_emploi,course_226_l_ia_et_l_emploi_q1,mcq,מי היו הלודיטים בתחילת המאה ה-19?,הלודיטים היו עובדי טקסטיל בריטיים שבין 1811 ל-1816 הרסו נולי כוח שאיימו על אומנותם.,"[""עובדי טקסטיל בריטים שהרסו נולי חשמל"", ""ממציאי מנוע הקיטור"", ""כלכלנים מגנים על השוק החופשי"", ""איגודי הכורים הצרפתיים""]",0,,,,,,
course_226_l_ia_et_l_emploi,course_226_l_ia_et_l_emploi_q2,percentageSlider,"לאחר המעבר מחקלאות לתעשייה, לאיזה אחוז מהאוכלוסייה הפעילה ירד חלקם של החקלאים, לעומת 40% מאה שנה קודם לכן?","המעבר מחקלאות לתעשייה הפחית את חלקם של החקלאים מ-40% ל-2% מהאוכלוסייה הפעילה במאה שנה, מבלי לגרום לאבטלה קבועה.",,,,2.0,0.0,100.0,5.0,%
course_226_l_ia_et_l_emploi,course_226_l_ia_et_l_emploi_q3,mcq,כיצד AI גנרטיבי מסמן הפסקה אמיתית מהמחשוב המסורתי?,"בינה מלאכותית גנרטיבית מסמנת שינוי אמיתי מכיוון שהיא כבר לא רק עוקבת אחר כללים שנקבעו מראש: היא יוצרת תוכן מקורי, בניגוד למחשוב מסורתי.","[""היא יוצרת תוכן מקורי במקום רק לעקוב אחר כללים שנקבעו מראש"", ""זה עובד רק עבור משימות פיזיות"", ""זה רק מחליף משימות הזנת נתונים חוזרות ונשנות"", ""זה יכול לעבוד רק במצב לא מקוון""]",0,,,,,,
course_226_l_ia_et_l_emploi,course_226_l_ia_et_l_emploi_q4,mcq,"אילו מקצועות הם, על פי דיווחים אחרונים, בין החשופים ביותר לבינה מלאכותית?","עורכי דין, עורכים ואנליסטים פיננסיים הם בין המקצועות החשופים ביותר, מכיוון שה-AI הגנרטיבי משפיע בעיקר על עובדי צווארון לבן שכלי העבודה העיקרי שלהם הוא ניתוח.","[""עורכי דין, עורכים ואנליסטים פיננסיים"", ""אינסטלטורים, חשמלאים ובונים"", ""חקלאים ודייגים"", ""מנתחים ואחיות""]",0,,,,,,
course_226_l_ia_et_l_emploi,course_226_l_ia_et_l_emploi_q5,mcq,"איזה מקצוע חדש צץ עם הפצת הבינה המלאכותית הגנרטיבית, המורכבת מניסוח הוראות מדויקות כדי להשיג את התוצאה הטובה ביותר?",המהנדס המהיר הוא מקצוע חדש המורכב מלדעת לגבש הנחיות מדויקות כדי להשיג את המיטב מבינה מלאכותית.,"[""מהנדס מהיר"", ""מדען נתונים"", ""מנהל קהילה"", ""מפתח אתרים""]",0,,,,,,
course_226_l_ia_et_l_emploi,course_226_l_ia_et_l_emploi_q6,trueFalse,נכון או לא נכון: מהפכות תעשייתיות קודמות התנהלו בדרך כלל הרבה יותר לאט ממהפכת הבינה המלאכותית הנוכחית.,"מהפכות תעשייתיות קודמות נמשכו עשרות שנים, ואיפשרו לזמן הסתגלות, ואילו מהפכת הבינה המלאכותית מתרחשת בעוד כמה שנים.","[""נכון"", ""לא נכון""]",0,,,,,,
course_226_l_ia_et_l_emploi,course_226_l_ia_et_l_emploi_q7,mcq,איזה רעיון צובר מקום בוויכוח על חלוקה מחדש של העושר שנוצר על ידי אוטומציה?,"הרעיון של הכנסה בסיסית אוניברסלית הולך ותופס מקום, לא כאוטופיה, אלא כרשת ביטחון אמיתית מול אוטומציה.","[""הכנסה בסיסית אוניברסלית"", ""ביטול מוחלט של מסים על עבודה"", ""האיסור החוקי על בינה מלאכותית"", ""החזרה החובה לעבודת כפיים""]",0,,,,,,
course_226_l_ia_et_l_emploi,course_226_l_ia_et_l_emploi_q8,mcq,איזו ראייה אופטימית יותר של AI מוצגת בקורס?,"השקפה אופטימית יותר רואה ב-AI עוזר ולא תחליף, האוטומציה של משימות פחות מעניינות ומשאירה לאנשי מקצוע יותר זמן להיבט האנושי או האסטרטגי של עבודתם.","[""עוזר שממכן משימות שחוזרות על עצמן ונותן לבני אדם יותר זמן להיבט האסטרטגי"", ""כלי שרק משמש לבידור"", ""טכנולוגיה השמורה רק לחברות גדולות"", ""מערכת שמחליפה כל מקצוע ללא יוצא מן הכלל""]",0,,,,,,
course_227_le_populisme_pourquoi_ca_monte_partout,course_227_le_populisme_pourquoi_ca_monte_partout_q1,mcq,"לדברי מדען המדינה יאן-ורנר מולר, מהו הרעיון המרכזי של פופוליזם?","לפי יאן-ורנר מולר, הרעיון המרכזי של פופוליזם הוא מוניזם: יש רק ""עם אמיתי"" אחד, שהמנהיג הפופוליסטי יהיה הדובר היחיד שלו.","[""יהיה רק \""עם אמיתי\"" אחד, שהמנהיג הפופוליסטי יהיה הדובר היחיד שלו."", ""פופוליזם הוא מעל הכל תוכנית כלכלית פרוטקציוניסטית"", ""הפופוליזם דוחה כל צורה של דמוקרטיה ייצוגית"", ""פופוליזם מוגדר אך ורק על ידי התנגדות להגירה""]",0,,,,,,
course_227_le_populisme_pourquoi_ca_monte_partout,course_227_le_populisme_pourquoi_ca_monte_partout_q2,mcq,כיצד מחלק השיח הפופוליסטי את החברה?,"השיח הפופוליסטי מחלק את החברה לשני מחנות: ""עם טהור"", נושאי ערכים אותנטיים ו""אליטה מושחתת"", המואשמת בבגידה באינטרס הכללי.","[""בין \""עם טהור\"" נושא ערכים אותנטיים לבין \""אליטה מושחתת\"""", ""בין צעירים לזקנים"", ""בין ערים לכפר בלבד"", ""בין מאמינים ללא מאמינים""]",0,,,,,,
course_227_le_populisme_pourquoi_ca_monte_partout,course_227_le_populisme_pourquoi_ca_monte_partout_q3,mcq,"מה הייתה המפלגה הפופוליסטית המודרנית הגדולה הראשונה, שהופיעה בארצות הברית ב-1892?","מפלגת העם, שנוצרה ב-1892 בארצות הברית, נחשבת למפלגה הפופוליסטית המודרנית הגדולה הראשונה; במיוחד קרא להלאמת מסילות הברזל.","[""מפלגת העם"", ""המפלגה הרפובליקנית"", ""המפלגה הדמוקרטית"", ""המפלגה הסוציאליסטית האמריקאית""]",0,,,,,,
course_227_le_populisme_pourquoi_ca_monte_partout,course_227_le_populisme_pourquoi_ca_monte_partout_q4,mcq,מה הראה החוקר ברנקו מילנוביץ' לגבי הכנסה בין 1988 ל-2008?,"ברנקו מילנוביץ' הראה שבין 1988 ל-2008, מעמד הביניים האסייתי והעשירים בעולם ראו את הכנסתם עלייה, בעוד שמעמד הביניים המערבי עומד בקיפאון, מה שעורר תחושת הורדה.","[""מעמד הביניים האסייתי והעשירים ביותר ראו את הכנסתם עלייה, בעוד שמעמד הביניים המערבי עמד בסטגנציה"", ""כל המעמדות החברתיים בעולם חוו את אותה עלייה בהכנסה"", ""רק מדינות עניות ראו גידול בהכנסה"", ""מעמד הביניים המערבי ראה את העלייה הגדולה ביותר בהכנסה בעולם""]",0,,,,,,
course_227_le_populisme_pourquoi_ca_monte_partout,course_227_le_populisme_pourquoi_ca_monte_partout_q5,trueFalse,נכון או לא נכון: משבר ההגירה של 2015 תרם לחיזוק תחושת חוסר הביטחון הזהות באירופה.,האצת השינויים החברתיים ומשבר ההגירה של 2015 יצרו חוסר ביטחון זהות בקרב מצביעים אירופאים רבים.,"[""נכון"", ""לא נכון""]",0,,,,,,
course_227_le_populisme_pourquoi_ca_monte_partout,course_227_le_populisme_pourquoi_ca_monte_partout_q6,mcq,"איזה סוג של דמוקרטיה בנה ויקטור אורבן בהונגריה, שבה תוצאות הבחירות מצדיקות ריכוז גדל והולך של כוח?","ויקטור אורבן בנה בהונגריה דמוקרטיה לא-ליברלית, שבה תוצאות הבחירות מצדיקות ריכוז גובר של כוח בידיו.","[""דמוקרטיה לא ליברלית"", ""דמוקרטיה משתפת"", ""דמוקרטיה ישירה"", ""דמוקרטיה פדרלית""]",0,,,,,,
course_227_le_populisme_pourquoi_ca_monte_partout,course_227_le_populisme_pourquoi_ca_monte_partout_q7,mcq,איזו אסטרטגיה נקטה מרין לה פן בצרפת כדי להרחיב את קהל הבוחרים שלה?,"מרין לה פן נקטה באסטרטגיה של דמוניזציה כדי להרחיב את קהל הבוחרים שלה, תוך שמירה על שיח שבמרכזו העדפה לאומית.","[""דמוניזציה"", ""ביזור"", ""דה-תיעוש"", ""דרדיקליזציה""]",0,,,,,,
course_227_le_populisme_pourquoi_ca_monte_partout,course_227_le_populisme_pourquoi_ca_monte_partout_q8,mcq,"ברגע שהוא בשלטון, מה עושה מנהיג פופוליסטי לעתים קרובות כדי לשמור על תדמיתו המרדנית?","כדי לשמור על תדמית המורדים שלו פעם אחת בשלטון, המנהיג הפופוליסטי מרבה למנות אויבים חדשים, כמו שופטים או עובדי מדינה, המואשמים בחסימת רצונו.","[""הוא מייעד אויבים חדשים, כמו שופטים או עובדי מדינה"", ""הוא מתפטר כדי לפנות מקום ליורש"", ""הוא מיד מארגן בחירות חדשות"", ""הוא נוטש את נאום האנטי-אליט שלו""]",0,,,,,,
course_227_le_populisme_pourquoi_ca_monte_partout,course_227_le_populisme_pourquoi_ca_monte_partout_q9,chronological,שים את האירועים האלה הקשורים לעליית הפופוליזם בסדר כרונולוגי.,"שלוש אבני דרך סמליות: לידתה של המפלגה הפופוליסטית המודרנית הראשונה ב-1892, משבר ההגירה האירופי של 2015, ואז ההתקפה על הקפיטול ב-2021 לאחר התמודדות על תוצאות הבחירות.",,,"[""הקמת מפלגת העם בארצות הברית"", ""משבר הגירה באירופה"", ""מתקפה על הקפיטול בוושינגטון""]",,,,,
course_228_la_sante_mentale_comme_enjeu_de_societe,course_228_la_sante_mentale_comme_enjeu_de_societe_q1,percentageSlider,כמה ממחלות העולם קשורות לבריאות הנפש?,בריאות הנפש מהווה כ-20% מהמחלות ברחבי העולם.,,,,20.0,0.0,100.0,5.0,%
course_228_la_sante_mentale_comme_enjeu_de_societe,course_228_la_sante_mentale_comme_enjeu_de_societe_q2,percentageSlider,איזה חלק מתקציבי הבריאות העולמיים מוקדש לבריאות הנפש?,"למרות 20% נטל המחלות העולמיות, בריאות הנפש מקבלת רק 2% מתקציבי הבריאות.",,,,2.0,0.0,100.0,3.0,%
course_228_la_sante_mentale_comme_enjeu_de_societe,course_228_la_sante_mentale_comme_enjeu_de_societe_q3,mcq,"איזו מחלה היא כיום הגורם המוביל לנכות בעולם, לפני מחלות לב או סוכרת?","דיכאון הוא היום הגורם המוביל לנכות בעולם, לפני מחלות לב וסוכרת.","[""דכאון"", ""שפעת"", ""סוכרת"", ""דלקת פרקים""]",0,,,,,,
course_228_la_sante_mentale_comme_enjeu_de_societe,course_228_la_sante_mentale_comme_enjeu_de_societe_q4,numericSlider,כמה מקרי מוות בהתאבדות מתועדים בכל שנה בעולם?,"התאבדות אחראית ל-700,000 מקרי מוות בשנה ברחבי העולם, נתון גדול יותר ממספר קורבנות המלחמה ואסונות טבע גם יחד.",,,,700.0,0.0,2000.0,100.0,אלפים
course_228_la_sante_mentale_comme_enjeu_de_societe,course_228_la_sante_mentale_comme_enjeu_de_societe_q5,mcq,מה הכיר ב-2019 ארגון הבריאות העולמי כתופעה הקשורה לעבודה?,"בשנת 2019, ארגון הבריאות העולמי הכיר בשחיקה כתופעה הקשורה לעבודה, תוך העברת אחריות מהאדם בלבד לסביבת העבודה שלו.","[""שחיקה (תשישות מקצועית)"", ""דיכאון עונתי"", ""הפרעה דו קוטבית"", ""חרדה כללית""]",0,,,,,,
course_228_la_sante_mentale_comme_enjeu_de_societe,course_228_la_sante_mentale_comme_enjeu_de_societe_q6,numericSlider,"בסביבות איזו שנה חוותה ארצות הברית נקודת מפנה ניכרת בעליית החרדה והדיכאון בקרב בני 12-25, במקביל לשימוש הנרחב בסמארטפונים?","נקודת המפנה הזו התרחשה בסביבות שנת 2012, התואמת את ההכללה של הסמארטפונים והרשתות החברתיות.",,,,2012.0,1990.0,2020.0,3.0,
course_228_la_sante_mentale_comme_enjeu_de_societe,course_228_la_sante_mentale_comme_enjeu_de_societe_q7,mcq,"מהי ""השוואה חברתית כלפי מעלה"", המוזכרת ביחס להשפעת הרשתות החברתיות על צעירים?","השוואה חברתית כלפי מעלה כוללת השוואת עצמך לרמת חיים לא מציאותית הנראית ברשתות החברתיות, מה שיוצר תחושה עמוקה של חוסר התאמה בקרב צעירים.","[""השוואת עצמך לרמת חיים לא מציאותית, מה שיוצר תחושה של חוסר התאמה"", ""השווה את השכר שלך לזה של עמיתיך"", ""השוואת מחירים בין מספר חנויות"", ""השווה את התוצאות האקדמיות שלך לאלו של השנה הקודמת""]",0,,,,,,
course_228_la_sante_mentale_comme_enjeu_de_societe,course_228_la_sante_mentale_comme_enjeu_de_societe_q8,numericSlider,"כמה מוערכת בארצות הברית העלות השנתית של שחיקה וסבל בעבודה, במיליארדי דולרים?",העלות השנתית של שחיקה וסבל בעבודה נאמדת ב-300 מיליארד דולר בשנה בארצות הברית לבדה.,,,,300.0,0.0,1000.0,50.0,מיליארד דולר
course_228_la_sante_mentale_comme_enjeu_de_societe,course_228_la_sante_mentale_comme_enjeu_de_societe_q9,trueFalse,נכון או לא נכון: חרדה כללית משפיעה על כ-300 מיליון אנשים ברחבי העולם.,"חרדה כללית משפיעה על כ-300 מיליון אנשים ברחבי העולם, אחת מהפרעות בריאות הנפש הנפוצות ביותר.","[""נכון"", ""לא נכון""]",0,,,,,,
course_229_l_ue_comment_ca_marche_vraiment,course_229_l_ue_comment_ca_marche_vraiment_q1,numericSlider,בכמה אזרחים בערך האיחוד האירופי שולט?,האיחוד האירופי שולט בכ-450 מיליון אזרחים.,,,,450.0,100.0,800.0,50.0,מיליון
course_229_l_ue_comment_ca_marche_vraiment,course_229_l_ue_comment_ca_marche_vraiment_q2,mcq,"איזה מוסד קובע את ההנחיות הפוליטיות העיקריות של האיחוד האירופי במהלך פסגות, מבלי לכתוב חוקים בעצמו?","המועצה האירופית, המורכבת מראשי המדינות של המדינות החברות, קובעת את ההנחיות הפוליטיות העיקריות בפסגות, מבלי לכתוב חוקים בעצמה.","[""המועצה האירופית"", ""הפרלמנט האירופי"", ""הנציבות האירופית"", ""בית המשפט לצדק של האיחוד האירופי""]",0,,,,,,
course_229_l_ue_comment_ca_marche_vraiment,course_229_l_ue_comment_ca_marche_vraiment_q3,mcq,מהו המוסד האירופי היחיד שנבחר ישירות על ידי האזרחים?,"הפרלמנט האירופי הוא המוסד היחיד שנבחר ישירות על ידי האזרחים, מה שמבטיח את הלגיטימיות הדמוקרטית של המערכת.","[""הפרלמנט האירופי"", ""המועצה האירופית"", ""הנציבות האירופית"", ""מועצת האיחוד האירופי""]",0,,,,,,
course_229_l_ue_comment_ca_marche_vraiment,course_229_l_ue_comment_ca_marche_vraiment_q4,mcq,איזה מוסד הוא היחיד שיכול להציע חוק אירופי חדש?,לנציבות האירופית יש מונופול על יוזמת חקיקה: היא המוסד היחיד שיכול להציע חוק חדש.,"[""הנציבות האירופית"", ""המועצה האירופית"", ""הפרלמנט האירופי"", ""בית המשפט לצדק של האיחוד האירופי""]",0,,,,,,
course_229_l_ue_comment_ca_marche_vraiment,course_229_l_ue_comment_ca_marche_vraiment_q5,mcq,מה ההבדל בין תקנה להנחיה אירופית?,"הרגולציה חלה באופן ישיר ושווה בכל המדינות, בעוד שההנחיה מציבה יעד אך מאפשרת לכל מדינה לבחור כיצד להשיג אותה.","[""הרגולציה חלה באופן ישיר וזהה בכל מקום, ההוראה מציבה יעד שכל מדינה משיגה בדרכה"", ""הרגולציה נוגעת לכלכלה, ההנחיה נוגעת לאיכות הסביבה"", ""ההסדרה היא זמנית, ההוראה קבועה"", ""על הרגולציה מצביעים האזרחים, ההנחיה על ידי ממשלות""]",0,,,,,,
course_229_l_ue_comment_ca_marche_vraiment,course_229_l_ue_comment_ca_marche_vraiment_q6,trueFalse,"נכון או שקר: האיחוד האירופי יכול לפעול בכל התחומים, ללא כל מגבלה שהוטלה על ידי המדינות החברות.","זה שקרי: האיחוד האירופי יכול לפעול רק בתחומים שמדינות הפקידו בידיו, חלקם שייכים לו, אחרים משותפים או נשארים לאומיים.","[""נכון"", ""לא נכון""]",1,,,,,,
course_229_l_ue_comment_ca_marche_vraiment,course_229_l_ue_comment_ca_marche_vraiment_q7,mcq,אילו נושאים נשארים מנוהלים כמעט לחלוטין על ידי כל מדינה ולעתים קרובות דורשים פה אחד במועצת האיחוד האירופי?,"נושאים רגישים כמו מיסוי, בריאות או הגנה נשארים מנוהלים כמעט במלואם על ידי כל מדינה ולעתים קרובות דורשים פה אחד במועצת האיחוד האירופי.","[""מיסוי, בריאות וביטחון"", ""סחר בינלאומי והמטבע האחיד"", ""איכות הסביבה ותחבורה"", ""תחרות בין חברות""]",0,,,,,,
course_229_l_ue_comment_ca_marche_vraiment,course_229_l_ue_comment_ca_marche_vraiment_q8,numericSlider,כמה סוכנים בערך יש לממשל האיחוד האירופי לנהל את היבשת כולה?,"לממשל האירופי יש כ-60,000 סוכנים לניהול יבשת שלמה, פחות מהעיר פריז לבדה.",,,,60.0,0.0,300.0,20.0,אלפים
course_229_l_ue_comment_ca_marche_vraiment,course_229_l_ue_comment_ca_marche_vraiment_q9,mcq,"מה השיגה לראשונה תוכנית האיחוד האירופי של הדור הבא, שהושקה לאחר מגפת 2020?","בפעם הראשונה, המדינות החברות הסכימו ללוות יחד בשווקים הפיננסיים עם תוכנית האיחוד האירופי של הדור הבא, וסימנו נקודת מפנה לקראת איחוד מאוחד יותר.","[""מדינות חברות ללוות יחד בשווקים הפיננסיים"", ""זה תלוי באיחוד האירופי להקים צבא משותף"", ""זה תלוי בכל מדינה לצאת בחופשיות מהאיחוד האירופי"", ""על הנציבות לקבוע מיסים לאומיים בעצמה""]",0,,,,,,
course_229_l_ue_comment_ca_marche_vraiment,course_229_l_ue_comment_ca_marche_vraiment_q10,mcq,מה מאפשרת יוזמת האזרחים האירופית?,יוזמת האזרחים האירופית מאפשרת למיליון אזרחים לבקש מהנציבות ללמוד חוק חדש.,"[""מיליון אזרחים יבקשו מהנציבות ללמוד חוק חדש"", ""זה תלוי בכל אזרח להצביע ישירות על החוקים האירופיים"", ""לארגונים לא ממשלתיים לחסום חוק אירופי"", ""חברות להציע חוקים לפרלמנט""]",0,,,,,,
course_22_la_crise_des_missiles_de_cuba_1962,course_22_la_crise_des_missiles_de_cuba_1962_q1,mcq,מדוע התקינה ברית המועצות בחשאי טילים גרעיניים בקובה ב-1962?,"חרושצ'וב רוצה לפצות על טילי יופיטר שהתקינו האמריקאים באיטליה ובטורקיה, קרוב מאוד לברית המועצות.","[""להחזיר את האיזון מול הטילים האמריקאים שכבר מותקנים באיטליה ובטורקיה"", ""לעזור לקובה להגן על עצמה מפני פלישה קרובה של ארצות הברית"", ""כדי לבחון את הטילים שלה באקלים טרופי"", ""להשיג בסיס ימי קבוע בקריביים""]",0,,,,,,
course_22_la_crise_des_missiles_de_cuba_1962,course_22_la_crise_des_missiles_de_cuba_1962_q2,mcq,כיצד גילו האמריקאים את הטילים הסובייטים שהותקנו בקובה?,ב-14 באוקטובר 1962 צילם מטוס ריגול אמריקאי U-2 רמפות טילים סובייטיות על אדמת קובה.,"[""הודות לתמונות של מטוס ריגול U-2, 14 באוקטובר 1962"", ""בזכות עריק סובייטי בכיר"", ""הודות לשמועות ששודרו ברדיו מוסקבה"", ""הודות להצהרה פומבית של פידל קסטרו""]",0,,,,,,
course_22_la_crise_des_missiles_de_cuba_1962,course_22_la_crise_des_missiles_de_cuba_1962_q3,mcq,באיזה פתרון בחר קנדי במקום תקיפה מיידית או פלישה לקובה?,"קנדי בחר בדרך אמצעית: מצור ימי שאותו כינה ""הסגר"" כדי להימנע מהמילה ""חסימה"", המקבילה להכרזת מלחמה במשפט הבינלאומי.","[""מצור ימי, שהוא מכנה \""הסגר\"""", ""אולטימטום גרעיני מיידי למוסקבה"", ""ברית צבאית עם קסטרו"", ""נסיגה חד-צדדית של חיילים אמריקאים מאירופה""]",0,,,,,,
course_22_la_crise_des_missiles_de_cuba_1962,course_22_la_crise_des_missiles_de_cuba_1962_q4,trueFalse,"נכון או לא נכון: 27 באוקטובר 1962, שכונה ""שבת שחורה"", היה הרגע הרגוע ביותר של המשבר כולו.","השבת השחורה, להיפך, הוא היום המסוכן ביותר: U-2 מופל וצוללת סובייטית כמעט מוכנה לשגר טורפדו גרעיני.","[""נכון"", ""לא נכון""]",1,,,,,,
course_22_la_crise_des_missiles_de_cuba_1962,course_22_la_crise_des_missiles_de_cuba_1962_q5,mcq,"מי מסרב, על סיפון הצוללת הסובייטית B-59, לאמת יריית טורפדו גרעינית?","וסילי ארכיפוב, קצין פוליטי על סיפון ה-B-59, אמר שלא למרות ששני קצינים אחרים הסכימו לירי.","[""ואסילי ארכיפוב"", ""ניקיטה חרושצ'וב"", ""ג'ון פ. קנדי"", ""פידל קסטרו""]",0,,,,,,
course_22_la_crise_des_missiles_de_cuba_1962,course_22_la_crise_des_missiles_de_cuba_1962_q6,numericSlider,כמה ימים נמשך משבר הטילים בקובה באוקטובר 1962?,"המשבר נמשך 13 ימים, מ-14 עד 28 באוקטובר 1962, לפני שחרושצ'וב הודיע על נסיגת הטילים.",,,,13.0,1.0,40.0,2.0,ימים
course_22_la_crise_des_missiles_de_cuba_1962,course_22_la_crise_des_missiles_de_cuba_1962_q7,mcq,איזה סעיף סודי מלווה את ההחלטה הרשמית של משבר הטילים בקובה?,"בתמורה לנסיגת הטילים הסובייטים מקובה, הסכימו האמריקנים בחשאי למשוך את הטילים שלהם מטורקיה.","[""נסיגה מאוחרת יותר של טילים אמריקאים שהותקנו בטורקיה"", ""הכרה רשמית במשטר קסטרו על ידי ארצות הברית"", ""הסרה מיידית של האמברגו האמריקאי על קובה"", ""חברות קובה בנאט\""ו""]",0,,,,,,
course_22_la_crise_des_missiles_de_cuba_1962,course_22_la_crise_des_missiles_de_cuba_1962_q8,mcq,"איזו דוקטרינה רווחת לאחר המשבר, לפיה אף אחד לא יכול לנצח במלחמה גרעינית?","נדרשת הדוקטרינה של הרס הדדי בטוח: מאחר שאף אחד לא יכול לנצח במלחמה גרעינית, אף אחד לא צריך לפתוח במלחמה.","[""הרס מובטח (MAD)"", ""דוקטרינת טרומן"", ""דו-קיום שליו של חרושצ'וב"", ""תורת הדומינו""]",0,,,,,,
course_22_la_crise_des_missiles_de_cuba_1962,course_22_la_crise_des_missiles_de_cuba_1962_q9,chronological,שים את האירועים האלה של משבר הטילים בקובה בסדר כרונולוגי.,"מכישלונו של מפרץ החזירים ב-1961 ועד נסיגת הטילים באוקטובר 1962, אבני דרך אלו עוקבות אחר העלייה ולאחר מכן את פתרון המשבר.",,,"[""נחיתה נכשלה במפרץ החזירים"", ""גילוי טילים סובייטים בקובה"", ""נאום הטלוויזיה של קנדי שהכריז על הסגר"", ""שבת שחורה: U-2 הופל וצוללת עומדת לירות"", ""הודעה על נסיגת הטילים הסובייטים""]",,,,,
course_230_la_liberte_de_la_presse_dans_le_monde,course_230_la_liberte_de_la_presse_dans_le_monde_q1,percentageSlider,"איזה חלק מאוכלוסיית העולם חי במדינה שבה העיתונות באמת חופשית, לפי נתוני 2024?","פחות מ-10% מאוכלוסיית העולם מתגוררת באזור שבו העיתונות פועלת באין מפריע, לפי נתוני 2024.",,,,10.0,0.0,100.0,3.0,%
course_230_la_liberte_de_la_presse_dans_le_monde,course_230_la_liberte_de_la_presse_dans_le_monde_q2,mcq,"איזה ארגון מפרסם מדי שנה דו""ח עיון על המכשולים העומדים בפני מקצוע העיתונות ברחבי העולם?","כתבים ללא גבולות מפרסמים מדי שנה דו""ח התייחסות על המכשולים למקצוע העיתונות ברחבי העולם.","[""כתבים ללא גבולות (RSF)"", ""האו\""ם"", ""אונסק\""ו בלבד"", ""אמנסטי אינטרנשיונל""]",0,,,,,,
course_230_la_liberte_de_la_presse_dans_le_monde,course_230_la_liberte_de_la_presse_dans_le_monde_q3,numericSlider,"ב-2023, כמה עיתונאים, לפחות, איבדו את חייהם במימוש מקצועם?","בשנת 2023, לפחות 79 עיתונאים איבדו את חייהם במימוש מקצועם, שמטרתם לעתים קרובות להשתיק חקירות מביכות.",,,,79.0,0.0,300.0,20.0,
course_230_la_liberte_de_la_presse_dans_le_monde,course_230_la_liberte_de_la_presse_dans_le_monde_q4,mcq,"באיזו אסטרטגיה השתמש ויקטור אורבן בהונגריה כדי להחליש את התקשורת באופוזיציה, במקום לאסור אותם ישירות?","במקום לאסור את התקשורת באופוזיציה, ויקטור אורבן העדיף את השתלטותם על ידי מקורבים לממשלה, ושינה בהדרגה את נוף התקשורת.","[""לקדם את ההשתלטות שלהם על ידי מקורבים לממשלה"", ""ניתקו להם את הגישה לאינטרנט"", ""לכלוא את כל העיתונאים שלהם"", ""להטיל עליהם צנזורה קודמת שיטתית""]",0,,,,,,
course_230_la_liberte_de_la_presse_dans_le_monde,course_230_la_liberte_de_la_presse_dans_le_monde_q5,mcq,מה המשמעות של המונח SLAPP בקורס?,SLAPPs הן תביעות פוגעניות שמתרבות כדי להפחיד קולות ביקורתיים בעיתונות.,"[""הליכים משפטיים פוגעניים שנועדו להפחיד קולות ביקורתיים"", ""סוג של צנזורה ברשתות חברתיות"", ""סבסוד ציבורי לתקשורת עצמאית"", ""פרס עיתונות בינלאומי""]",0,,,,,,
course_230_la_liberte_de_la_presse_dans_le_monde,course_230_la_liberte_de_la_presse_dans_le_monde_q6,trueFalse,"נכון או לא נכון: המודל הכלכלי ההיסטורי של העיתונות, המבוסס על מכירות ופרסום של גיליון בודד, קרס עם הטכנולוגיה הדיגיטלית.","המודל ההיסטורי של העיתונות קרס עם הטכנולוגיה הדיגיטלית, כאשר הפלטפורמות הגדולות תופסות כעת את רוב הפרסום המקוון.","[""נכון"", ""לא נכון""]",0,,,,,,
course_230_la_liberte_de_la_presse_dans_le_monde,course_230_la_liberte_de_la_presse_dans_le_monde_q7,mcq,"מה פירוש הביטוי ""מדבר מידע"", המוזכר בקורס?","""מדבר מידע"" מייעד אזור שבו סגירת עיתונים מקומיים רבים פירושה שאין עוד מי שיפקח על פעולתם של נבחרי הציבור המקומיים.","[""תחום שבו סגירת המקומונים גורמת לכך שאין עוד מי שיפקח על פעולתם של נבחרי הציבור"", ""אזור בעולם ללא גישה לאינטרנט"", ""מדינה שבה העיתונות מצונזרת לחלוטין על ידי המדינה"", ""אזור כפרי ללא סניף דואר""]",0,,,,,,
course_230_la_liberte_de_la_presse_dans_le_monde,course_230_la_liberte_de_la_presse_dans_le_monde_q8,mcq,"איזה מודל כלכלי חדש, הממומן על ידי תרומות או מנויים ישירים, מובא כדוגמה לעיתונות עצמאית ורווחית?","Mediapart בצרפת ו-ProPublica בארצות הברית מוכיחות שגם עיתונות עצמאית, הממומנת על ידי תרומות או מנויים ישירים, יכולה להיות רווחית.","[""Mediapart בצרפת ו-ProPublica בארצות הברית"", ""הניו יורק טיימס ולה מונד בלבד"", ""חדשות פייסבוק"", ""ערוצי טלוויזיה ציבוריים""]",0,,,,,,
course_230_la_liberte_de_la_presse_dans_le_monde,course_230_la_liberte_de_la_presse_dans_le_monde_q9,numericSlider,"באיזו שנה הושק בשטרסבורג העיתון המודפס הראשון בהיסטוריה, ""היחסים"", על ידי יוהאן קרולוס?","ה""יחס"", העיתון המודפס הראשון בהיסטוריה, הושק בשטרסבורג בשנת 1605 על ידי יוהאן קרולוס.",,,,1605.0,1500.0,1700.0,10.0,
course_231_les_migrations_climatiques,course_231_les_migrations_climatiques_q1,mcq,"מה עלה, לראשונה ב-2022, על מספר האנשים שנמלטו ממלחמות?","בשנת 2022, אסונות האקלים יגרמו ל-60 מיליון עקירות פנימיות, ויעלו על מספר האנשים שנמלטו ממלחמה בפעם הראשונה.","[""עקירות הקשורות לאסונות אקלים"", ""נסיעות הקשורות למשברים כלכליים"", ""נסיעות הקשורות למגיפות"", ""עקירות הקשורות לסכסוכים אתניים""]",0,,,,,,
course_231_les_migrations_climatiques,course_231_les_migrations_climatiques_q2,numericSlider,"לפי הבנק העולמי, כמה מיליוני בני אדם יכולים לגרום לשינויי האקלים להגר עד 2050?","הבנק העולמי מעריך שללא מאמץ מסיבי, שינויי האקלים עלולים לאלץ 216 מיליון בני אדם להגר עד 2050.",,,,216.0,100.0,350.0,25.0,מיליון
course_231_les_migrations_climatiques,course_231_les_migrations_climatiques_q3,mcq,"ב-2009, איזו מדינה קיימה מועצת שרים מתחת למים כדי להתריע מעליית מפלס המים?","בשנת 2009 קיימה ממשלת האיים המלדיביים מועצת שרים מתחת למים, במיכלי חמצן, כדי להתריע בפני העולם על היעלמותו האפשרית של הארכיפלג הזה.","[""המלדיביים"", ""קיריבטי"", ""טובאלו"", ""בנגלדש""]",0,,,,,,
course_231_les_migrations_climatiques,course_231_les_migrations_climatiques_q4,mcq,"איזה סוג של אירוע אקלימי משנה טריטוריה לצמיתות, כמו עליית מפלס המים או המדבר?","הידרדרות איטית, כמו עליית מפלס המים או המדבר, הופכת טריטוריה לנצח, בניגוד לאסונות פתאומיים, שהם אכזריים יותר אך לרוב זמניים.","[""השפלה איטית"", ""אסון פתאומי"", ""סערה טרופית"", ""רעידת אדמה""]",0,,,,,,
course_231_les_migrations_climatiques,course_231_les_migrations_climatiques_q5,trueFalse,"נכון או שקר: למונח ""פליט אקלים"" יש ערך מוכר במשפט הבינלאומי.","למונח ""פליט אקלים"" אין ערך במשפט הבינלאומי: אמנת ז'נבה משנת 1951 מגינה על אנשים נרדפים, לא על קורבנות של שינויי אקלים.","[""נכון"", ""לא נכון""]",1,,,,,,
course_231_les_migrations_climatiques,course_231_les_migrations_climatiques_q6,mcq,איזה עיקרון אוסר לשלוח אדם חזרה למקום שבו נשקפת סכנה לחייו?,"עקרון אי ההדחה אוסר על שליחת אדם חזרה למקום שבו נשקפת סכנה לחייו, אך עקורי אקלים אינם נהנים מכך, בשל היעדר מעמד מוכר.","[""אי החזרה"", ""הזכות למקלט"", ""ניטרליות אקלים"", ""מעמד של פליט""]",0,,,,,,
course_231_les_migrations_climatiques,course_231_les_migrations_climatiques_q7,mcq,"איזו מדינה קנתה קרקע בפיג'י כדי להיערך, במידת הצורך, להעברת כל אוכלוסייתה?","קיריבטי רכשה קרקע בפיג'י כדי להיערך, במידת הצורך, להעברת כל אוכלוסייתה.","[""קיריבטי"", ""המלדיביים"", ""טובאלו"", ""ונואטו""]",0,,,,,,
course_231_les_migrations_climatiques,course_231_les_migrations_climatiques_q8,mcq,"ב-2018, איזה הסכם בינלאומי החל לדון בסיבות הסביבתיות לעזיבות כפויות?","בשנת 2018, ה-Global Compact on Migration החל לדון בסיבות הסביבתיות לעזיבות, מבלי ליצור מעמד חוקי לפליטי אקלים.","[""הסכם הגירה העולמי"", ""אמנת ז'נבה"", ""הסכם פריז"", ""פרוטוקול קיוטו""]",0,,,,,,
course_232_la_blockchain_et_les_cryptomonnaies,course_232_la_blockchain_et_les_cryptomonnaies_q1,mcq,"מהו ספר חשבונות מבוזר, בלב איך עובד בלוקצ'יין?","ספר חשבונות מבוזר פירושו שאלפי מחשבים ברשת שומרים כל אחד עותק זהה של כל העסקאות, ללא שרת מרכזי.","[""עותק של עסקאות שנשמרו על ידי אלפי מחשבים"", ""חשבון בנק מרכזי"", ""סיסמה משותפת בין משתמשים"", ""קובץ המאוחסן בשרת בודד""]",0,,,,,,
course_232_la_blockchain_et_les_cryptomonnaies,course_232_la_blockchain_et_les_cryptomonnaies_q2,mcq,מה שמו של החישוב המתמטי שמחבר כל בלוק לקודמו ויוצר שרשרת בלתי ניתנת לזיוף?,"כל בלוק מקושר לקודמו באמצעות hash, טביעת אצבע דיגיטלית ייחודית, מה שהופך את השרשרת לכמעט בלתי אפשרית לזיוף.","[""החשיש"", ""כריה"", ""ה-Stablecoin"", ""החוזה החכם""]",0,,,,,,
course_232_la_blockchain_et_les_cryptomonnaies,course_232_la_blockchain_et_les_cryptomonnaies_q3,numericSlider,באיזו שנה הושק ביטקוין על ידי Satoshi Nakamoto?,ביטקוין הושק בשנת 2009 על ידי אדם או קבוצה אנונימית תחת השם Satoshi Nakamoto.,,,,2009.0,1995.0,2020.0,2.0,
course_232_la_blockchain_et_les_cryptomonnaies,course_232_la_blockchain_et_les_cryptomonnaies_q4,numericSlider,"מהו המספר המקסימלי של ביטקוין שיכול להתקיים יום אחד, במיליוני יחידות?","יוצר הביטקוין קבע מכסה קפדנית של 21 מיליון ביטקוין, כדי להבטיח את המחסור בו.",,,,21.0,0.0,100.0,3.0,מיליון
course_232_la_blockchain_et_les_cryptomonnaies,course_232_la_blockchain_et_les_cryptomonnaies_q5,mcq,"איזה חידוש גדול מציג הבלוקצ'יין Ethereum, שהופיע ב-2015?","Ethereum מציגה חוזים חכמים, תוכניות הפועלות אוטומטית ברגע שמתקיים תנאי.","[""חוזים חכמים"", ""הבלוק הראשון של השרשרת"", ""עקרון הגיבוב"", ""מטבע דיגיטלי של הבנק המרכזי""]",0,,,,,,
course_232_la_blockchain_et_les_cryptomonnaies,course_232_la_blockchain_et_les_cryptomonnaies_q6,trueFalse,נכון או לא נכון: צריכת החשמל השנתית של רשת הביטקוין דומה היום לזו של מדינה כמו ארגנטינה.,"הוצאת החשמל השנתית של רשת הביטקוין דומה היום לזו של מדינה שלמה כמו ארגנטינה, מה שמעורר ביקורת על השפעתה הסביבתית.","[""נכון"", ""לא נכון""]",0,,,,,,
course_232_la_blockchain_et_les_cryptomonnaies,course_232_la_blockchain_et_les_cryptomonnaies_q7,mcq,מדוע התנודתיות הגבוהה של הביטקוין מונעת ממנו להפוך למטבע יומיומי?,"מחיר הביטקוין יכול להשתנות ב-10 עד 20% תוך שעות ספורות, חוסר יציבות שמונע ממנו כיום להפוך למטבע יומיומי אמיתי.","[""המחיר שלו יכול להשתנות ב-10 עד 20% תוך מספר שעות"", ""זה לא מתקבל על ידי אף סוחר"", ""לא ניתן לאחסן אותו בצורה דיגיטלית"", ""ההיצע שלה לעולם אינו מוגבל""]",0,,,,,,
course_232_la_blockchain_et_les_cryptomonnaies,course_232_la_blockchain_et_les_cryptomonnaies_q8,mcq,מה זה stablecoin?,"Stablecoin הוא מטבע קריפטוגרפי שמחירו מתייצב הודות לרזרבה של דולרים או יורו, המשמשים כגשר בין פיננסים קלאסיים למטבעות קריפטוגרפיים.","[""מטבע קריפטוגרפי שמחירו מיוצב על ידי רזרבה של דולרים או יורו"", ""מטבע דיגיטלי שמונפק על ידי בנק מרכזי"", ""הבלוק הראשון של בלוקצ'יין הביטקוין"", ""חוזה חכם אוטומטי""]",0,,,,,,
course_232_la_blockchain_et_les_cryptomonnaies,course_232_la_blockchain_et_les_cryptomonnaies_q9,mcq,"ב-2021, איזו מדינה הייתה הראשונה בעולם לאמץ ביטקוין כהילך חוקי?","בשנת 2021 הפכה אל סלבדור למדינה הראשונה בעולם שאימצה ביטקוין כהילך חוקי, לצד הדולר האמריקאי.","[""אל סלבדור"", ""ונצואלה"", ""שוויץ"", ""מלטה""]",0,,,,,,
course_233_le_droit_d_asile_explique,course_233_le_droit_d_asile_explique_q1,numericSlider,באיזו שנה נחתמה אמנת פליטים ז'נבה?,"אמנת פליטים ז'נבה נחתמה ב-1951, לאחר מלחמת העולם השנייה.",,,,1951.0,1900.0,2000.0,3.0,
course_233_le_droit_d_asile_explique,course_233_le_droit_d_asile_explique_q2,mcq,"על פי אמנת ז'נבה, איזו עילה אינה מאפשרת לך לקבל מעמד של פליט?","ההגדרה של פליט אינה כוללת קורבנות של אסונות טבע או רעב, שאינם מהווים רדיפה במשמעות האמנה.","[""אסון טבע או רעב"", ""רדיפה דתית"", ""רדיפה פוליטית"", ""רדיפה הקשורה ללאום""]",0,,,,,,
course_233_le_droit_d_asile_explique,course_233_le_droit_d_asile_explique_q3,mcq,איזה עיקרון אוסר לשלוח אדם למקום שבו הוא מסתכן בעינויים או במוות?,עקרון אי-ההחזרה אוסר על החזרת אדם למקום שבו הוא יסתכן בעינויים או במוות.,"[""אי החזרה"", ""תקנת דבלין"", ""הזכות למקלט זמני"", ""הקומפקט העולמי בנושא הגירה""]",0,,,,,,
course_233_le_droit_d_asile_explique,course_233_le_droit_d_asile_explique_q4,percentageSlider,איזה חלק מהפליטים בעולם מתארחים במדינות בעלות הכנסה נמוכה ובינונית?,כ-75% מהפליטים בעולם מתארחים במדינות בעלות הכנסה נמוכה ובינונית הממוקמות בסמוך לאזורי סכסוך.,,,,75.0,0.0,100.0,10.0,%
course_233_le_droit_d_asile_explique,course_233_le_droit_d_asile_explique_q5,mcq,מה ההבדל בין פליט למהגר כלכלי?,"מהגר כלכלי עוזב את ארצו מרצונו כדי לחפש חיים טובים יותר, ואמנת ז'נבה, השמורה לאנשים נרדפים, אינה חלה עליו.","[""המהגר הכלכלי עוזב את ארצו מרצונו, ללא רדיפה להוכחה"", ""לפליט לעולם אין זכות לעבוד"", ""המהגר הכלכלי נהנה אוטומטית מאמנת ז'נבה"", ""אין הבדל משפטי בין השניים""]",0,,,,,,
course_233_le_droit_d_asile_explique,course_233_le_droit_d_asile_explique_q6,numericSlider,"ב-2015, כמה מיליוני אנשים חצו את הים התיכון כדי להגיע לאירופה?","ב-2015 יותר ממיליון בני אדם חצו את הים התיכון, רובם נמלטו ממלחמת האזרחים בסוריה.",,,,1.0,0.0,4.0,0.5,מיליון
course_233_le_droit_d_asile_explique,course_233_le_droit_d_asile_explique_q7,mcq,"מהן הביקורות על תקנת דבלין, שחשפה משבר ההגירה של 2015?","תקנת דבלין מחייבת את מדינת ההגעה הראשונה לטפל בכל בקשה, מה שהעמיס על יוון ואיטליה במהלך המשבר של 2015.","[""זה מחייב את מדינת ההגעה הראשונה לטפל בכל בקשת מקלט"", ""זה מונע מכל מדינה אירופית לקבל את פני הפליטים"", ""זה נותן לפליטים את הבחירה החופשית של המדינה המארחת שלהם"", ""הוא בוטל ב-2015""]",0,,,,,,
course_233_le_droit_d_asile_explique,course_233_le_droit_d_asile_explique_q8,trueFalse,נכון או שקר: מעמדו של פליט אקלים מוכר היום על ידי אמנת ז'נבה.,"מעמד של פליט אקלים אינו קיים במשפט הבינלאומי, משום שאנשים אלו אינם יכולים להוכיח רדיפה כמשמעותה של אמנת 1951.","[""נכון"", ""לא נכון""]",1,,,,,,
course_233_le_droit_d_asile_explique,course_233_le_droit_d_asile_explique_q9,chronological,שים את שלבי המקלט האלה בסדר כרונולוגי.,"שלבים אלה משתרעים על פני 1951 עד 2024: אמנת ז'נבה, האוניברסלציה שלה על ידי פרוטוקול 1967, משבר ההגירה של 2015, הסכם האיחוד האירופי-טורקיה משנת 2016, ואז האמנה האירופית של 2024.",,,"[""חתימה על אמנת ז'נבה לפליטים"", ""פרוטוקול הופך את האמנה לאוניברסלית"", ""משבר הגירה רחב היקף באירופה"", ""הסכם בין האיחוד האירופי לטורקיה"", ""הסכם אירופי חדש בנושא הגירה""]",,,,,
course_234_la_securite_alimentaire_mondiale,course_234_la_securite_alimentaire_mondiale_q1,percentageSlider,איזה חלק מאוכלוסיית העולם סובלת היום מרעב?,"כ-800 מיליון אנשים סובלים מרעב, או אחד מכל עשרה אנשים בעולם.",,,,10.0,0.0,100.0,5.0,%
course_234_la_securite_alimentaire_mondiale,course_234_la_securite_alimentaire_mondiale_q2,mcq,"לפי הקורס, רעב בעולם הוא בעיקר בעיה של...","האנושות מייצרת מספיק מזון לכולם: הרעב נובע בעיקר מבעיה של הפצה וגישה, לא מכמות.","[""הפצה וגישה למזון"", ""כמות לא מספקת של מזון מיוצרת"", ""מחסור בקרקע חקלאית"", ""חוסר בטכנולוגיות חקלאיות""]",0,,,,,,
course_234_la_securite_alimentaire_mondiale,course_234_la_securite_alimentaire_mondiale_q3,mcq,"מה המשמעות של ""רעב נסתר"", המשפיע על כ-2 מיליארד אנשים?","""רעב נסתר"" מתייחס למחסור במיקרו-נוטריינטים כמו ויטמינים או מינרלים, המשפיעים על כ-2 מיליארד אנשים ברחבי העולם.","[""מחסור בויטמינים או מינרלים חיוניים"", ""חוסר מוחלט בקלוריות"", ""השמנת יתר הקשורה למזון מעובד"", ""תלות ביבוא חיטה""]",0,,,,,,
course_234_la_securite_alimentaire_mondiale,course_234_la_securite_alimentaire_mondiale_q4,trueFalse,"נכון או לא נכון: מאז שנות ה-2010, השמנת יתר ומחלות הקשורות למשקל עודף הורגות יותר אנשים ברחבי העולם מדי שנה מאשר תת-תזונה.","מאז שנות ה-2010, השמנת יתר ומחלות הקשורות למשקל עודף הרגו יותר אנשים מדי שנה מאשר תת-תזונה, נקודת מפנה היסטורית לבריאות הציבור העולמית.","[""נכון"", ""לא נכון""]",0,,,,,,
course_234_la_securite_alimentaire_mondiale,course_234_la_securite_alimentaire_mondiale_q5,percentageSlider,כמה מייצור המזון בעולם הולך לאיבוד או מבוזבז מדי שנה?,"כשליש מייצור המזון העולמי, 1.3 מיליארד טון, הולך לאיבוד או מבוזבז מדי שנה.",,,,33.0,0.0,100.0,10.0,%
course_234_la_securite_alimentaire_mondiale,course_234_la_securite_alimentaire_mondiale_q6,percentageSlider,איזה חלק מיצוא החיטה העולמי אוקראינה ורוסיה אחראיות יחד?,"אוקראינה ורוסיה ביחד מהוות כמעט 30% מיצוא החיטה העולמי, מה שהופך מדינות רבות לפגיעות מאוד לחסימה הקלה ביותר.",,,,30.0,0.0,100.0,8.0,%
course_234_la_securite_alimentaire_mondiale,course_234_la_securite_alimentaire_mondiale_q7,mcq,"מה פירוש המושג ""כוח מזון""?","כוח מזון מתייחס לשימוש מרצון בייצוא מזון כאמצעי ללחץ דיפלומטי, או אפילו כסנקציה נגד מדינה מתנגדת.","[""השימוש בייצוא מזון כאמצעי לחץ דיפלומטי"", ""טכניקה חקלאית המגדילה את התשואות"", ""סוכנות מזון של האו\""ם"", ""תזונה עשירה בחלבון""]",0,,,,,,
course_234_la_securite_alimentaire_mondiale,course_234_la_securite_alimentaire_mondiale_q8,mcq,"איזה גל של טכניקות חקלאיות, שהושק בשנות ה-60, הגדיל את היבול אך הגביר את התלות בדשנים כימיים?","המהפכה הירוקה של שנות ה-60 הגדילה מאוד את התשואות החקלאיות, אך גם גרמה לחקלאים להיות תלויים בדשנים כימיים.","[""המהפכה הירוקה"", ""אגרואקולוגיה"", ""התפלה"", ""כוח מזון""]",0,,,,,,
course_235_l_eau_prochaine_source_de_conflits,course_235_l_eau_prochaine_source_de_conflits_q1,percentageSlider,"איזה חלק מכל המים על פני כדור הארץ הוא מים מתוקים נוזליים, נגישים בקלות (אגמים, נהרות, טבלאות מים רדודים)?","מים מתוקים נוזליים ונגישים מהווים פחות מ-1% מכלל המים על פני כדור הארץ, השאר מלוחים או קפואים.",,,,1.0,0.0,100.0,2.0,%
course_235_l_eau_prochaine_source_de_conflits,course_235_l_eau_prochaine_source_de_conflits_q2,numericSlider,"ב-2024, כמה מיליארד אנשים חיים לפחות חודש בשנה במצב של לחץ מים?","בשנת 2024, כ-4 מיליארד אנשים חיים לפחות חודש בשנה במצב של לחץ מים.",,,,4.0,0.0,8.0,1.0,מיליארד
course_235_l_eau_prochaine_source_de_conflits,course_235_l_eau_prochaine_source_de_conflits_q3,mcq,מהו נהר חוצה גבולות?,"נהר חוצה גבולות חוצה מספר מדינות, ויוצר תלות בין המדינות הממוקמות במעלה הזרם לאלו הממוקמות במורד הזרם.","[""נהר שחוצה מספר מדינות"", ""נהר לגמרי תת קרקעי"", ""נהר המשמש רק להשקיה"", ""נהר שמקורו מלאכותי""]",0,,,,,,
course_235_l_eau_prochaine_source_de_conflits,course_235_l_eau_prochaine_source_de_conflits_q4,mcq,מדוע סכר ה-GERD שנבנה על ידי אתיופיה מדאיג את מצרים?,מצרים תלויה בנילוס עבור 95% מהמים שלה: כל מטר מעוקב המוחזק במעלה הזרם על ידי סכר GERD נתפס כאיום ישיר על ביטחונה.,"[""מצרים תלויה בנילוס 95% עבור המים שלה"", ""הסכר מייצר חשמל למצרים"", ""מצרים מימנה את בנייתו"", ""הנילוס אינו זורם דרך מצרים""]",0,,,,,,
course_235_l_eau_prochaine_source_de_conflits,course_235_l_eau_prochaine_source_de_conflits_q5,trueFalse,"נכון או שקר: הסכם נהר האינדוס, שנחתם ב-1960 בין הודו לפקיסטן, נשבר בכל אחת משלוש המלחמות בין שתי המדינות.","הסכם האינדוס שרד שלוש מלחמות בין הודו לפקיסטן מבלי להישבר, הוכחה לכך שמים יכולים להיות גם כלי לשלום.","[""נכון"", ""לא נכון""]",1,,,,,,
course_235_l_eau_prochaine_source_de_conflits,course_235_l_eau_prochaine_source_de_conflits_q6,percentageSlider,כמה ממי השתייה מייצרת ישראל באמצעות מתקני התפלה?,ישראל מייצרת יותר מ-80% ממי השתייה שלה באמצעות מתקני התפלת מי ים.,,,,80.0,0.0,100.0,10.0,%
course_235_l_eau_prochaine_source_de_conflits,course_235_l_eau_prochaine_source_de_conflits_q7,mcq,מה עושה השקיה בטפטוף?,"השקיה בטפטוף מספקת מים ישירות לשורשי הצמח, ומפחיתה את הצריכה החקלאית ב-30 עד 70 אחוזים.","[""צמצום צריכת מים חקלאיים ב-30 עד 70%"", ""תפוקה חקלאית כפולה באופן מיידי"", ""בטל לחלוטין את הצורך בהשקיה"", ""הפיכת מי ים למים מתוקים""]",0,,,,,,
course_235_l_eau_prochaine_source_de_conflits,course_235_l_eau_prochaine_source_de_conflits_q8,mcq,"מה פירוש המושג ""מים וירטואליים""?",מים וירטואליים מתייחסים לכמות המים הדרושה לייצור מוצר: יבוא חיטה פירושו גם ייבוא המים המשמשים לטיפוחה.,"[""כמות המים הדרושה לייצור מוצר"", ""מים ממוחזרים ממי שפכים"", ""מים הכלולים במי תהום"", ""מי מלח שהשתנו על ידי התפלה""]",0,,,,,,
course_235_l_eau_prochaine_source_de_conflits,course_235_l_eau_prochaine_source_de_conflits_q9,numericSlider,כמה ליטר מים צריך כדי לייצר קילוגרם בודד של בשר בקר?,"נדרשים כ-15,000 ליטר מים כדי לייצר קילוגרם בודד של בשר בקר, לעומת 1,500 ליטר לק""ג חיטה אחד.",,,,15000.0,5000.0,30000.0,2000.0,ליטר
course_236_le_soft_power_americain,course_236_le_soft_power_americain_q1,numericSlider,באיזו שנה המציא מדען המדינה ג'וזף ניי את המושג כוח רך?,"ג'וזף ניי המציא את המושג כוח רך בשנת 1990, בספרו Bound to Lead.",,,,1990.0,1960.0,2020.0,3.0,
course_236_le_soft_power_americain,course_236_le_soft_power_americain_q2,mcq,"לפי ג'וזף ניי, על אילו שלושה עמודים נשען כוחה הרך של מדינה?","לדברי ניי, כוח רך מבוסס על שלושה עמודי תווך: תרבות, ערכים פוליטיים המיושמים בבית ומדיניות חוץ הנתפסת כלגיטימית.","[""תרבות, ערכים פוליטיים ומדיניות חוץ"", ""הצבא, סנקציות כלכליות ודיפלומטיה"", ""מסחר, כסף וטכנולוגיה"", ""דת, שפה ודמוגרפיה""]",0,,,,,,
course_236_le_soft_power_americain,course_236_le_soft_power_americain_q3,percentageSlider,"איזה חלק מההכנסות מהקולנוע העולמי תופסים סרטים אמריקאים, למרות מספר נמוך יותר של סרטים מבוליווד?","סרטים אמריקאים תופסים כ-70% מהכנסות הקולנוע העולמיות, הוכחה לכך שהשפעה תלויה בעיקר בשליטה ברשתות ההפצה.",,,,70.0,0.0,100.0,10.0,%
course_236_le_soft_power_americain,course_236_le_soft_power_americain_q4,mcq,איזה אירוע ב-2003 פגע לצמיתות בתדמיתה של ארצות הברית בעולם?,"בשנת 2003, הפלישה לעיראק, שבוצעה ללא הסכמת האו""ם ומוצדקת בראיות נשק כוזבות, פגעה לצמיתות בתדמיתה של ארצות הברית.","[""הפלישה לעיראק ללא הסכם של האו\""ם"", ""יצירת הוליווד"", ""השקת האינטרנט"", ""חתימה על הסכם שלום""]",0,,,,,,
course_236_le_soft_power_americain,course_236_le_soft_power_americain_q5,trueFalse,נכון או שקר: ההסתערות על הקפיטול בינואר 2021 חיזקה את תדמיתה של ארצות הברית כמודל של דמוקרטיה יציבה.,"ההסתערות על הקפיטול בינואר 2021, להיפך, החלישה את תדמיתה של ארצות הברית כמודל של דמוקרטיה יציבה.","[""נכון"", ""לא נכון""]",1,,,,,,
course_236_le_soft_power_americain,course_236_le_soft_power_americain_q6,mcq,"מהו ""אפקט בריסל""?","אפקט בריסל מתייחס לעובדה שהכללים הנוקשים של האיחוד האירופי, במיוחד בנושא נתונים או סביבה, הופכים לעתים קרובות לסטנדרטים המיושמים על ידי חברות ברחבי העולם.","[""כללים נוקשים של האיחוד האירופי הופכים לסטנדרטים המיושמים ברחבי העולם"", ""ההשפעה התרבותית שהפעילה בלגיה"", ""דעיכת הכוח הרכה האמריקאי באירופה"", ""הסכם צבאי בין מדינות אירופה""]",0,,,,,,
course_236_le_soft_power_americain,course_236_le_soft_power_americain_q7,mcq,"מה שמו של גל התרבות הדרום קוריאני שכובש קהל עולמי (מוזיקה, סדרות, קולנוע)?","Hallyu מתייחס לגל התרבות הדרום קוריאני (מוזיקה, סדרות, קולנוע) שכובש קהל עולמי.","[""האליו"", ""ליגת הקיסוס"", ""הגמוניה תרבותית"", ""הכוח הרך 30""]",0,,,,,,
course_236_le_soft_power_americain,course_236_le_soft_power_americain_q8,mcq,איזה כוח יש להשקיע במכוני תרבות ובפרויקטי תשתית ענקיים כדי להציע מודל פיתוח חלופי?,"סין משקיעה במכוני תרבות ובפרויקטי תשתית ענקיים ברחבי אסיה ואפריקה, כדי להציע מודל פיתוח חלופי.","[""סין"", ""יפן"", ""רוסיה"", ""הודו""]",0,,,,,,
course_236_le_soft_power_americain,course_236_le_soft_power_americain_q9,mcq,"בדירוג Soft Power 30, מי עקף את ארצות הברית למקום הראשון בתקופת הנשיאות של דונלד טראמפ?","ארצות הברית עקפה צרפת או גרמניה בדירוג Soft Power 30 במהלך כהונתו של דונלד טראמפ, הוכחה לקשר בין מדיניות חוץ לתדמית של מדינה.","[""צרפת או גרמניה"", ""סין"", ""רוסיה"", ""יפן""]",0,,,,,,
course_237_les_gafam_puissance_et_derives,course_237_les_gafam_puissance_et_derives_q1,numericSlider,"ב-2024, כמה מיליארדי דולרים יהיו שוות חמש חברות GAFAM ביחד?","בשנת 2024, חמש חברות GAFAM יהיו שוות יחד יותר מ-10,000 מיליארד דולר, סכום השווה לתמ""ג המשולב של כמה מעצמות אירופאיות גדולות.",,,,10000.0,3000.0,20000.0,2000.0,מיליארד
course_237_les_gafam_puissance_et_derives,course_237_les_gafam_puissance_et_derives_q2,mcq,"איזו חברת GAFAM הפכה להיות הראשונה שחרוגה משווי שווי של 3,000 מיליארד דולר?",אפל הפכה לחברה הראשונה שעולה על 3 טריליון דולר בהערכת שוק.,"[""תפוח"", ""גוגל"", ""אמזונה"", ""מיקרוסופט""]",0,,,,,,
course_237_les_gafam_puissance_et_derives,course_237_les_gafam_puissance_et_derives_q3,mcq,"מהו ""אפקט הרשת"", מנגנון מפתח של שליטת GAFAM?","אפקט הרשת אומר שככל שיש לשירות יותר משתמשים, כך הוא הופך להיות יותר חיוני להיות חלק ממנו, מה שמרתיע את הגעתם של מתחרים.","[""ככל שיש לשירות יותר משתמשים, כך הופך להיות יותר חיוני להיות חלק ממנו."", ""רשת של כבלים תת ימיים בבעלות גוגל"", ""חוק אירופאי המגביל את GAFAM"", ""אלגוריתם שמזהה חדשות מזויפות""]",0,,,,,,
course_237_les_gafam_puissance_et_derives,course_237_les_gafam_puissance_et_derives_q4,numericSlider,"ב-2012, כמה מיליארדי דולרים שילמה פייסבוק כדי לקנות אינסטגרם?","פייסבוק רכשה את אינסטגרם במיליארד דולר ב-2012, כאשר לאפליקציה היו רק תריסר עובדים.",,,,1.0,0.0,10.0,1.0,מיליארד
course_237_les_gafam_puissance_et_derives,course_237_les_gafam_puissance_et_derives_q5,numericSlider,"ב-2014, כמה מיליארדי דולרים שילמה פייסבוק כדי לקנות וואטסאפ?","פייסבוק רכשה את וואטסאפ ב-2014 תמורת 22 מיליארד דולר, וסגרה איום מתחרה מתפתח.",,,,22.0,5.0,50.0,3.0,מיליארד
course_237_les_gafam_puissance_et_derives,course_237_les_gafam_puissance_et_derives_q6,percentageSlider,כמה מכבלי סיבים אופטיים תת-ימיים בעולם מחזיקה גוגל?,גוגל לבדה מחזיקה בכ-10% מכלל כבלי הסיבים האופטיים התת ימיים בעולם.,,,,10.0,0.0,100.0,5.0,%
course_237_les_gafam_puissance_et_derives,course_237_les_gafam_puissance_et_derives_q7,mcq,"ב-2022, איזה טקסט אירופאי דורש שהפלטפורמות הדיגיטליות הגדולות ביותר יהיו פתוחות יותר?","בשנת 2022, אירופה אימצה את חוק השווקים הדיגיטליים, המחייב את הפלטפורמות הגדולות ביותר להיות פתוחות יותר, כגון יכולת פעולה הדדית של הודעות.","[""חוק השווקים הדיגיטליים"", ""תקנת דבלין"", ""הסכם פריז"", ""GDPR""]",0,,,,,,
course_237_les_gafam_puissance_et_derives,course_237_les_gafam_puissance_et_derives_q8,trueFalse,"נכון או שקר: בשנת 2024, האיחוד האירופי יהפוך לארגון הראשון בעולם שמסדיר בינה מלאכותית חוקית.","בשנת 2024, האיחוד האירופי יהפוך למעשה לארגון הראשון בעולם שמסדיר בינה מלאכותית חוקית.","[""נכון"", ""לא נכון""]",0,,,,,,
course_237_les_gafam_puissance_et_derives,course_237_les_gafam_puissance_et_derives_q9,mcq,מדוע חברות רב לאומיות גדולות מיישמות לרוב חוקים דיגיטליים אירופאים ברחבי העולם?,"לרב לאומי קל יותר ליישם את הכלל המחמיר ביותר בכל מקום מאשר ליצור גרסה שונה לכל מדינה, מה שמסביר את הטווח הגלובלי של הכללים האירופיים.","[""קל יותר ליישם את הכלל המחמיר ביותר בכל מקום מאשר ליצור חוק שונה לכל מדינה"", ""האיחוד האירופי אוסר על כל פעילות מחוץ לגבולותיו"", ""החוקים האמריקאיים נוקשים יותר מהחוקים האירופיים"", ""GAFAM מבוססים באופן חוקי באירופה""]",0,,,,,,
course_237_les_gafam_puissance_et_derives,course_237_les_gafam_puissance_et_derives_q10,chronological,שים את ההשתלטות והתקנות האלה על העולם של GAFAM בסדר כרונולוגי.,"האירועים הללו משתרעים על פני 2012 עד 2024: ההשתלטות על אינסטגרם, זו של WhatsApp, אימוץ חוק השווקים הדיגיטליים, ולאחר מכן הפיקוח המשפטי על בינה מלאכותית על ידי האיחוד האירופי.",,,"[""השתלטות פייסבוק על אינסטגרם"", ""השתלטות פייסבוק על WhatsApp"", ""אימוץ חוק השווקים הדיגיטליים באירופה"", ""מסגרת חוקית לבינה מלאכותית על ידי האיחוד האירופי""]",,,,,
course_238_la_transition_energetique,course_238_la_transition_energetique_q1,numericSlider,באיזו שנה נחתם הסכם האקלים של פריז?,"הסכם פריז נחתם ב-2015, והציב יעד להגביל את ההתחממות מתחת ל-1.5 מעלות צלזיוס במידת האפשר.",,,,2015.0,1990.0,2025.0,2.0,
course_238_la_transition_energetique,course_238_la_transition_energetique_q2,mcq,מהי ניטרליות פחמן?,"ניטרליות פחמן מתייחסת לאיזון בין גזי חממה הנפלטים מפעילות אנושית לבין ספיגתם על ידי יערות, קרקעות, אוקיינוסים או טכנולוגיות לכידה.","[""איזון בין גזי חממה הנפלטים לבין ספיגתם"", ""הפסקה מוחלטת של כל פליטת CO2"", ""מס על דלקים מאובנים"", ""איסור פחם עולמי""]",0,,,,,,
course_238_la_transition_energetique,course_238_la_transition_energetique_q3,percentageSlider,כמה ירדה עלות האנרגיה הסולארית בין 2010 ל-2020?,"עלות האנרגיה הסולארית ירדה ב-90% בין 2010 ל-2020, ירידה מהירה יותר כמעט מכל טכנולוגיה אחרת בהיסטוריה הכלכלית.",,,,90.0,0.0,100.0,10.0,%
course_238_la_transition_energetique,course_238_la_transition_energetique_q4,percentageSlider,"בשנת 2023, איזה חלק מיכולות החשמל החדשות שהותקנו ברחבי העולם כבר הגיעו מאנרגיות מתחדשות?","בשנת 2023, כמעט 90% מקיבולת החשמל החדשה המותקנת ברחבי העולם כבר תגיע מאנרגיות מתחדשות.",,,,90.0,0.0,100.0,10.0,%
course_238_la_transition_energetique,course_238_la_transition_energetique_q5,mcq,"מהו האתגר הטכני העיקרי של אנרגיית השמש והרוח, שאינם מייצרים חשמל באופן רציף?","שמש ורוח סובלים מסירוגין, כלומר אינם מייצרים חשמל באופן רציף, ומכאן החשיבות של סוללות אחסון.","[""לסירוגין"", ""עלות הייצור"", ""היעדר רוח"", ""זיהום אוויר""]",0,,,,,,
course_238_la_transition_energetique,course_238_la_transition_energetique_q6,percentageSlider,כמה מהפאנלים הסולאריים בעולם מייצרת סין כיום?,"סין מייצרת כיום יותר מ-80% מהפאנלים הסולאריים בעולם, מה שהופך את מעבר האנרגיה המערבי לתלוי בשרשרת הייצור שלה.",,,,80.0,0.0,100.0,10.0,%
course_238_la_transition_energetique,course_238_la_transition_energetique_q7,mcq,"לקראת איזו תלות חדשה המעבר האנרגטי מסיט את העולם, מחליף את הנפט?",המעבר האנרגטי מעביר את העולם מתלות בנפט לתלות בכדורי אדמה נדירים ומתכות אחרות כמו ליתיום או קובלט.,"[""אדמה ומתכות נדירות כגון ליתיום או קובלט"", ""פחם"", ""גז טבעי"", ""אורניום""]",0,,,,,,
course_238_la_transition_energetique,course_238_la_transition_energetique_q8,mcq,לאילו מגזרים נראה שהמימן הירוק הוא פתרון מפתח לשחרור פחמן?,"נראה כי מימן ירוק הוא מרכיב מפתח להפחתת הפחמן של המגזרים הקשים ביותר, כגון ייצור פלדה או תעופה, שבהם חשמל לבדו אינו מספיק.","[""ייצור פלדה ותעופה"", ""חימום ביתי בלבד"", ""סמארטפונים"", ""חקלאות אורגנית""]",0,,,,,,
course_239_le_futur_du_travail,course_239_le_futur_du_travail_q1,numericSlider,באיזו שנה הציג הנרי פורד את שבוע העבודה של 40 שעות?,"הנרי פורד הקים את שבוע 40 השעות ב-1926, בחירה שמונעת מהרעיון שגם עובדים עם זמן פנוי הופכים ללקוחות.",,,,1926.0,1880.0,1970.0,5.0,
course_239_le_futur_du_travail,course_239_le_futur_du_travail_q2,mcq,"לפי הכלכלן ג'ון מיינרד קיינס ב-1930, כמה שעות בשבוע נאלצו נכדיו לעבוד הודות לקידמה הטכנולוגית?","ב-1930 חזה קיינס כי נכדיו יעבדו רק 15 שעות בשבוע הודות להתקדמות הטכנולוגית, תחזית שלא התממשה.","[""15:00"", ""40 שעות"", ""4 שעות"", ""60 שעות""]",0,,,,,,
course_239_le_futur_du_travail,course_239_le_futur_du_travail_q3,numericSlider,"כמה מיליוני עובדים בארצות הברית מוכרים היום את שירותיהם באמצעות פלטפורמות דיגיטליות, בכלכלת ההופעות?","יותר מ-57 מיליון עובדים בארצות הברית מוכרים כעת את שירותיהם באמצעות פלטפורמות דיגיטליות, מחוץ לתעסוקה מסורתית.",,,,57.0,10.0,150.0,15.0,מיליון
course_239_le_futur_du_travail,course_239_le_futur_du_travail_q4,mcq,איזה מושג של הכלכלן ג'וזף שומפטר מתאר את העובדה שמהפכה טכנולוגית הורסת מקצועות ישנים אך יוצרת חדשים?,"ההרס היצירתי של שומפטר מתאר את העובדה שכל מהפכה טכנולוגית הורסת מקצועות ישנים, אך בסופו של דבר יוצרת חדשים, לעתים קרובות יותר מוסמכים.","[""הרס יצירתי"", ""הכנסה אוניברסלית"", ""כלכלת ההופעות"", ""השבוע בן 4 הימים""]",0,,,,,,
course_239_le_futur_du_travail,course_239_le_futur_du_travail_q5,percentageSlider,"בשנת 2023, מחקר הראה שבינה מלאכותית תפקדה טוב יותר מאיזה אחוז מבני האדם במבחן יצירתיות?","בשנת 2023, מחקר הראה כי בינה מלאכותית הצליחה יותר מ-99% מבני האדם במבחן יצירתיות.",,,,99.0,0.0,100.0,5.0,%
course_239_le_futur_du_travail,course_239_le_futur_du_travail_q6,mcq,מה מציעה הכנסה בסיסית אוניברסלית?,"ההכנסה הבסיסית האוניברסלית מציעה לשלם סכום קבוע לכל אזרח, ללא תנאים, כדי להבטיח קורסי חיים במשק שבו העבודה הופכת לסירוגין.","[""לשלם סכום קבוע לכל אזרח, ללא תנאים"", ""להפחית את זמן העבודה ל-4 ימים בשבוע"", ""החלף את כל המשרות בבינה מלאכותית"", ""לבטל מיסי הון""]",0,,,,,,
course_239_le_futur_du_travail,course_239_le_futur_du_travail_q7,mcq,"מאיפה באה המילה ""עבודה"", שהתייחסה במקור לכלי עינויים?","המילה ""עבודה"" מגיעה מהטריפליום הלטיני, מכשיר עינויים עם שלושה יתדות, מקור המזכיר שהוא נתפס זמן רב כסבל.","[""מלטינית טריפליום"", ""מהארגון היווני"", ""מעבודה באנגלית"", ""מעבודה לטינית""]",0,,,,,,
course_239_le_futur_du_travail,course_239_le_futur_du_travail_q8,trueFalse,"נכון או שקר: על פי התרחיש האופטימי שהוזכר בקורס, בינה מלאכותית יכולה לשחרר בני אדם ממשימות שחוזרות על עצמן הודות לעלייה בפריון.","התרחיש האופטימי מדמיין עלייה בפריון שתשחרר את בני האדם ממשימות שחוזרות על עצמן, בניגוד לתרחיש הפסימי שחושש מאבטלה מסיבית.","[""נכון"", ""לא נכון""]",0,,,,,,
course_23_la_guerre_d_algerie_1954_1962,course_23_la_guerre_d_algerie_1954_1962_q1,mcq,מדוע צרפת ראתה את אלג'יריה כחלק משטחה כבר זמן רב?,"אלג'יריה, שנכבשה מ-1830, חולקה למחלקות צרפתיות ב-1848: השארתה, עבור רבים, הסתכמה בכריתת השטח הלאומי.","[""כי הוא חולק למחלקות צרפתיות ב-1848"", ""מכיוון שהוא קיבל את עצמאותו ב-1848"", ""כי הוא מאוכלס רק באזרחים צרפתים"", ""מכיוון שהוא שייך לאו\""ם מאז 1945""]",0,,,,,,
course_23_la_guerre_d_algerie_1954_1962,course_23_la_guerre_d_algerie_1954_1962_q2,mcq,"איזו תנועה עוררה את המרד ב-1 בנובמבר 1954, ""יום כל הקדושים""?","ב-1 בנובמבר 1954, ה-FLN פתח בסביבות שישים התקפות, שסימנו את תחילת המרד.","[""ה-FLN, החזית הלאומית לשחרור"", ""ה-OAS, ארגון הצבא החשאי"", ""ה-NAACP"", ""המפלגה הקומוניסטית הצרפתית""]",0,,,,,,
course_23_la_guerre_d_algerie_1954_1962,course_23_la_guerre_d_algerie_1954_1962_q3,trueFalse,"נכון או שקר: צרפת הכירה רשמית במונח ""מלחמה"" לציון הסכסוך האלג'ירי מאז שנות ה-60.","עד 1999, המדינה הצרפתית סירבה באופן חוקי למילה ""מלחמה"" ודיברה על פעולות ""חוק וסדר"".","[""נכון"", ""לא נכון""]",1,,,,,,
course_23_la_guerre_d_algerie_1954_1962,course_23_la_guerre_d_algerie_1954_1962_q4,mcq,"מה מאפשרות ""הסמכויות המיוחדות"" שהצביעו על ידי הפרלמנט הצרפתי ב-1956?","הסמכויות המיוחדות מעניקות למשטרת הצבא סמכויות, כאשר קרוב ל-400,000 חיילים פרוסים להתמודד מול כוחות הגרילה של FLN.","[""הצבא מקבל סמכויות משטרה להילחם ב-FLN"", ""מתנחלים זוכים בזכויות הצבעה למוסלמים"", ""צרפת מעניקה אוטונומיה לאלג'יריה"", ""ה-FLN מקבל מושב באו\""ם""]",0,,,,,,
course_23_la_guerre_d_algerie_1954_1962,course_23_la_guerre_d_algerie_1954_1962_q5,mcq,מי הוביל את הצנחנים שפירקו את רשתות ה-FLN במהלך קרב אלג'יר ב-1957?,הגנרל ז'אק מאסו מפקד על הצנחנים שמפרקים את רשתות מפציצי ה-FLN באלג'יר.,"[""גנרל ז'אק מאסו"", ""גנרל שארל דה גול"", ""פרנסואה מיטראן"", ""גנרל פיליפ פטן""]",0,,,,,,
course_23_la_guerre_d_algerie_1954_1962,course_23_la_guerre_d_algerie_1954_1962_q6,trueFalse,"נכון או שקר: קרב אלג'יר, ב-1957, היה ניצחון צבאי צרפתי שלא גרם למחלוקת ביבשת צרפת.","זהו ניצחון צבאי אך תבוסה מוסרית: העינויים הופכים לכלי נפוץ, והשערורייה גוברת ביבשת צרפת.","[""נכון"", ""לא נכון""]",1,,,,,,
course_23_la_guerre_d_algerie_1954_1962,course_23_la_guerre_d_algerie_1954_1962_q7,mcq,איזה אירוע במאי 1958 החזיר את שארל דה גול לשלטון?,"ב-13 במאי 1958, אלג'יר מרד כדי לשמור על אלג'יריה הצרפתית, מה שעורר את שובו של דה גול ואת ייסוד הרפובליקה החמישית.","[""המרד באלג'יר לשמור על \""אלג'יריה הצרפתית\"""", ""הסכמי אוויאן"", ""הפוטש של הגנרלים"", ""עצמאות אלג'יריה""]",0,,,,,,
course_23_la_guerre_d_algerie_1954_1962,course_23_la_guerre_d_algerie_1954_1962_q8,mcq,מה עשה ה-OAS לאחר כישלון הפוטש של הגנרלים מאפריל 1961?,"לאחר כישלון הפוטש, ה-OAS, ארגון הצבא החשאי, הגביר את ההתקפות כדי למנוע כל משא ומתן לקראת עצמאות.","[""זה מכפיל התקפות כדי לחסום את כל המשא ומתן"", ""היא מצטרפת למחנה FLN"", ""היא ניהלה משא ומתן ישירות עם דה גול"", ""היא מארגנת את משאל העם לעצמאות""]",0,,,,,,
course_23_la_guerre_d_algerie_1954_1962,course_23_la_guerre_d_algerie_1954_1962_q9,numericSlider,כמה פיידס-נוארים בערך ברחו למטרופולין לאחר עצמאותה של אלג'יריה?,"קרוב למיליון פייד-נואר ברחו למטרופולין לאחר העצמאות, ונטשו את חייהם באלג'יריה.",,,,1000000.0,200000.0,2000000.0,200000.0,
course_23_la_guerre_d_algerie_1954_1962,course_23_la_guerre_d_algerie_1954_1962_q10,chronological,שים את האירועים הללו של מלחמת אלג'יריה בסדר כרונולוגי.,"מהמרד ב-FLN ב-1954 ועד להסכמי אוויאן ב-1962, אבני הדרך הללו משחזרות את שמונה השנים של מלחמת אלג'יריה.",,,"[""יום כל הקדושים, תחילת המרד של FLN"", ""הקרב על אלג'יר"", ""חזרתו של שארל דה גול לשלטון"", ""הסכמי אוויאן""]",,,,,
course_240_la_chine_et_son_modele_economique,course_240_la_chine_et_son_modele_economique_q1,numericSlider,"באיזו שנה השיק דנג שיאופינג את מדיניות ה""רפורמה והפתיחה""?","דנג שיאופינג השיק את מדיניות ה""רפורמה והפתיחה"" ב-1978, לאחר מותו של מאו דזה-דונג.",,,,1978.0,1950.0,2000.0,3.0,
course_240_la_chine_et_son_modele_economique,course_240_la_chine_et_son_modele_economique_q2,mcq,איזו עיר הפכה לסמל של האזורים הכלכליים המיוחדים שיצרה סין בחופיה?,"שנזן, כפר דייגים פשוט בשנות ה-70, הפך לסמל של האזורים הכלכליים המיוחדים של סין ולמגה-עיר טכנולוגית.","[""שנזן"", ""בייג'ין"", ""שנחאי"", ""הונג קונג""]",0,,,,,,
course_240_la_chine_et_son_modele_economique,course_240_la_chine_et_son_modele_economique_q3,percentageSlider,"בין 1978 ל-2018, מה היה קצב הצמיחה הכלכלי השנתי הממוצע של סין?","בין 1978 ל-2018, סין שמרה על צמיחה ממוצעת של 9.5% בשנה, קצב יוצא דופן.",,,,9.5,0.0,100.0,2.0,%
course_240_la_chine_et_son_modele_economique,course_240_la_chine_et_son_modele_economique_q4,numericSlider,"בארבעים שנה, כמה מיליוני אנשים אפשרה הצמיחה הסינית להיחלץ מעוני קיצוני?",הצמיחה הסינית אפשרה ליותר מ-800 מיליון בני אדם להיחלץ מעוני קיצוני בארבעים שנה.,,,,800.0,200.0,1500.0,100.0,מיליון
course_240_la_chine_et_son_modele_economique,course_240_la_chine_et_son_modele_economique_q5,mcq,"כיצד נכשיר את המודל הכלכלי הסיני, המשלב שוק דינמי ושליטה קפדנית של המדינה על מגזרים אסטרטגיים?","המודל הסיני מתואר כ""קפיטליזם ממלכתי"": כלכלת שוק דינמית למוצרי צריכה, אך שליטה קפדנית על אנרגיה, טלקומוניקציה ופיננסים.","[""קפיטליזם ממלכתי"", ""ליברליזם אינטגרלי"", ""הכלכלה המתוכננת הטהורה"", ""פרוטקציוניזם מוחלט""]",0,,,,,,
course_240_la_chine_et_son_modele_economique,course_240_la_chine_et_son_modele_economique_q6,numericSlider,באיזו שנה השיק שי ג'ינפינג את יוזמת החגורה והדרך?,"שי ג'ינפינג השיק את יוזמת החגורה והדרך ב-2013, אחד מפרויקטי ההשקעה בתשתיות הגדולים בהיסטוריה המודרנית.",,,,2013.0,1995.0,2024.0,2.0,
course_240_la_chine_et_son_modele_economique,course_240_la_chine_et_son_modele_economique_q7,mcq,"מה חשפה כמעט פשיטת הרגל של ענקית הנדל""ן אוורגרנדה ב-2021?","פשיטת הרגל הכמעט של אוורגרנדה ב-2021 חשפה את הפגמים של שוק הנדל""ן הסיני שהוגברו על ידי ספקולציות וחובות ניכרים.","[""הפגמים של שוק הנדל\""ן הסיני מוחזקים על ידי ספקולציות וחובות"", ""המוצקות המוחלטת של המערכת הפיננסית הסינית"", ""סוף השליטה של המפלגה הקומוניסטית בכלכלה"", ""ירידה בחוב הציבורי הסיני""]",0,,,,,,
course_240_la_chine_et_son_modele_economique,course_240_la_chine_et_son_modele_economique_q8,trueFalse,"נכון או לא נכון: אוכלוסיית סין החלה לרדת בשנת 2022, לאחר עשרות שנים של מדיניות של ילד אחד.","אוכלוסיית סין החלה למעשה לרדת בשנת 2022, תוצאה ארוכת טווח של מדיניות הילד האחד שנכפתה בין 1980 ל-2015.","[""נכון"", ""לא נכון""]",0,,,,,,
course_240_la_chine_et_son_modele_economique,course_240_la_chine_et_son_modele_economique_q9,mcq,"סביב איזה טריטוריה מתרכזים המתחים בין סין למערב, הקשורים לגישה למוליכים למחצה?","המתיחות בין סין למערב מתמקדת במיוחד סביב מעמדה של טייוואן וגישה למוליכים למחצה, החיוניים לתעשייה המודרנית.","[""טייוואן"", ""הונג קונג"", ""טיבט"", ""מונגוליה""]",0,,,,,,
course_240_la_chine_et_son_modele_economique,course_240_la_chine_et_son_modele_economique_q10,chronological,שים את השלבים האלה של ההיסטוריה הכלכלית הסינית האחרונה בסדר כרונולוגי.,"אבני הדרך הללו משתרעות בין 1978 ל-2022: רפורמה ופתיחה, יוזמת החגורה והדרך, משבר האוורגרנד, ואז תחילתה של ירידה דמוגרפית.",,,"[""השקת הרפורמה ומדיניות הפתיחה"", ""השקת יוזמת החגורה והכביש"", ""כמעט פשיטת רגל של קבוצת הנדל\""ן אוורגרנדה"", ""תחילתה של הירידה הדמוגרפית של האוכלוסייה הסינית""]",,,,,
course_24_la_bataille_de_dien_bien_phu_1954,course_24_la_bataille_de_dien_bien_phu_1954_q1,mcq,מי הוביל את כוחות הווייט מין במהלך הקרב על דין ביין פו?,"הגנרל Võ Nguyên Giáp, פרופסור להיסטוריה לשעבר, מוביל את כוחות הווייט-מינה ומביס את הצבא הצרפתי.","[""גנרל Võ Nguyên Giáp"", ""הו צ'י מין"", ""גנרל אנרי נווארה"", ""קולונל צ'ארלס פירות'""]",0,,,,,,
course_24_la_bataille_de_dien_bien_phu_1954,course_24_la_bataille_de_dien_bien_phu_1954_q2,trueFalse,נכון או שקר: הגנרל ג'יפ התאמן בבית ספר צבאי יוקרתי לפני שהפך לאסטרטג.,ג'יפ מעולם לא למד בבית ספר צבאי; הוא אמר שלמד אסטרטגיה על ידי קריאת מסעות הפרסום של נפוליאון בספריית האנוי.,"[""נכון"", ""לא נכון""]",1,,,,,,
course_24_la_bataille_de_dien_bien_phu_1954,course_24_la_bataille_de_dien_bien_phu_1954_q3,mcq,מה שמו של המבצע הצרפתי שהקים את הבסיס האווירי-יבשתי ב-Diên Bien Phu בנובמבר 1953?,מבצע קסטור התקין את הבסיס האווירי-יבשתי הצרפתי באגן Diên Bien Phu בצניחה בנובמבר 1953.,"[""מבצע קסטור"", ""מבצע דינמו"", ""מבצע אוברלורד"", ""מבצע נשר""]",0,,,,,,
course_24_la_bataille_de_dien_bien_phu_1954,course_24_la_bataille_de_dien_bien_phu_1954_q4,trueFalse,נכון או שקר: המטה הכללי הצרפתי האמין שהוויאט-מין לעולם לא יוכל להניף ארטילריה כבדה בג'ונגל המקיף את דין ביין פו.,"זה היה החישוב הצרפתי, אבל עשרות אלפי סבלים העבירו על גבם תותחים ותחמושת אל הרכסים המשקיפים על המחנה.","[""נכון"", ""לא נכון""]",0,,,,,,
course_24_la_bataille_de_dien_bien_phu_1954,course_24_la_bataille_de_dien_bien_phu_1954_q5,mcq,איזה קצין צרפתי מתאבד לאחר שהבטיח להשתיק את ארטילריה של וייט מין?,"קולונל שארל פירות, האחראי על הארטילריה הצרפתית, התאבד בימים הראשונים של המצור לאחר כישלון הבטחתו.","[""קולונל צ'ארלס פירות'"", ""גנרל אנרי נווארה"", ""גנרל דה קסטריס"", ""קולונל ביגירד""]",0,,,,,,
course_24_la_bataille_de_dien_bien_phu_1954,course_24_la_bataille_de_dien_bien_phu_1954_q6,numericSlider,"כמה ימים נמשך המצור על Dien Bien Phu, מ-13 במרץ עד 7 במאי 1954?","המצור נמשך 55 ימים, מ-13 במרץ עד 7 במאי 1954, לפני הכניעה הצרפתית.",,,,55.0,20.0,90.0,5.0,ימים
course_24_la_bataille_de_dien_bien_phu_1954,course_24_la_bataille_de_dien_bien_phu_1954_q7,mcq,איזו מדינה מסרבת להתערבות אווירית מסיבית כדי להציל את המחנה הצרפתי המבוצר?,"ארצות הברית סירבה להתערבות אווירית מסיבית, ואיפשרה לכוחות הצרפתיים להיכנע ב-7 במאי 1954.","[""ארצות הברית"", ""בריטניה"", ""ברית המועצות"", ""סין""]",0,,,,,,
course_24_la_bataille_de_dien_bien_phu_1954,course_24_la_bataille_de_dien_bien_phu_1954_q8,chronological,שים את השלבים האלה של קרב Dien Bien Phu בסדר כרונולוגי.,"מבצע קסטור (נובמבר 1953), המתקפה של ה-13 במרץ 1954, הכניעה של ה-7 במאי, ולאחר מכן הסכם ז'נבה (יולי 1954) סימנו את סופה של מלחמת הודו.",,,"[""התקנת הבסיס האווירי-יבשתי הצרפתי"", ""השמדת מסלול התעופה על ידי ארטילריה של וייט-מינה"", ""כניעה של המחנה הצרפתי המבוצר"", ""חתימה על הסכמי ז'נבה""]",,,,,
course_25_le_genocide_armenien_1915_1916,course_25_le_genocide_armenien_1915_1916_q1,mcq,איזו אימפריה ארגנה את השמדת חלק גדול מאוכלוסייתה הארמנית בין 1915 ל-1916?,ממשלת האימפריה העות'מאנית תזמרה את הגירוש וההשמדה של חלק גדול מאוכלוסייתה הארמנית.,"[""האימפריה העות'מאנית"", ""האימפריה הרוסית"", ""האימפריה האוסטרו-הונגרית"", ""האימפריה הפרסית""]",0,,,,,,
course_25_le_genocide_armenien_1915_1916,course_25_le_genocide_armenien_1915_1916_q2,trueFalse,נכון או שקר: מעשי הטבח בחמידים בשנים 1894-1896 נשפטו ונענשו על ידי השלטונות העות'מאניים.,"מעשי הטבח הללו, שגרמו ל-100,000 עד 300,000 הרוגים תחת הסולטאן עבדולחמיד השני, נותרו ללא עונש.","[""נכון"", ""לא נכון""]",1,,,,,,
course_25_le_genocide_armenien_1915_1916,course_25_le_genocide_armenien_1915_1916_q3,mcq,איזה אירוע ב-24 באפריל 1915 בקונסטנטינופול מסמן את ההתחלה הסמלית של רצח העם?,"תאריך זה, שהפך להיות זה של הנצחה עולמית, מציין את המעצר ולאחר מכן את הוצאתן להורג של האליטות הארמניות של הבירה.","[""מעצרם אז הוצאה להורג של יותר מ-200 אינטלקטואלים ובולטים ארמנים"", ""הרס הכנסיות הארמניות"", ""הכרזת חוק הגירוש"", ""הפיגוע בדיר א-זור""]",0,,,,,,
course_25_le_genocide_armenien_1915_1916,course_25_le_genocide_armenien_1915_1916_q4,mcq,מה התיר חוק הגירוש שעבר במאי 1915?,"חוק זה מספק מסגרת חוקית לגירוש כפוי למדבריות מסופוטמיה, שם מושמדים שיירות.","[""מסגרת חוקית לגירוש למדבריות מסופוטמיה"", ""אוטונומיה דתית של ארמנים"", ""הקמת צבא ארמני"", ""שובם של הגולים הארמנים""]",0,,,,,,
course_25_le_genocide_armenien_1915_1916,course_25_le_genocide_armenien_1915_1916_q5,trueFalse,"נכון או שקר: הדיפלומט האמריקאי הנרי מורגנטאו תיאר את אירועי 1915 כ""רצח גזע"".","הנרי מורגנטאו, דיפלומט ניטרלי המוצב באימפריה העות'מאנית, השתמש בביטוי זה כדי לתאר את מעשי הטבח.","[""נכון"", ""לא נכון""]",0,,,,,,
course_25_le_genocide_armenien_1915_1916,course_25_le_genocide_armenien_1915_1916_q6,mcq,"מי טבע את המילה ""רצח עם"", חושב במפורש על הארמנים?","המשפטן הפולני רפאל למקין המציא את המושג המשפטי של רצח עם מתוך מחשבה על גורלם של הארמנים; האו""ם עיגן את זה בחוק ב-1948.","[""רפאל למקין"", ""הנרי מורגנטאו"", ""וודרו ווילסון"", ""טלעת פאשה""]",0,,,,,,
course_25_le_genocide_armenien_1915_1916,course_25_le_genocide_armenien_1915_1916_q7,percentageSlider,איזה חלק מהארמנים באימפריה העות'מאנית נספו בין 1915 ל-1916?,"כשני שלישים מהארמנים באימפריה מתו בתקופה זו, בהתאם למהלך.",,,,67.0,0.0,100.0,10.0,%
course_25_le_genocide_armenien_1915_1916,course_25_le_genocide_armenien_1915_1916_q8,mcq,איזו עמדה נוקטת טורקיה של ימינו לגבי אירועי 1915-1916?,"טורקיה מכירה בסבל ובמעשי טבח בכאוס של מלחמה, אך דוחה את המונח רצח עם, בניגוד לצרפת (2001) או ארצות הברית (2021).","[""היא מכירה במעשי טבח אך דוחה את המונח רצח עם"", ""היא מכירה רשמית ברצח העם"", ""היא מכחישה כל אלימות כלפי ארמנים"", ""היא פרסמה התנצלות רשמית ב-1915""]",0,,,,,,
course_25_le_genocide_armenien_1915_1916,course_25_le_genocide_armenien_1915_1916_q9,chronological,שים את אבני הדרך הללו של רצח העם הארמני וההכרה בו בסדר כרונולוגי.,ארבע אבני הדרך הללו נעות מחוסר העונש של מעשי הטבח הראשונים (1894-1896) ועד להכרה המאוחרת ברצח העם על ידי מדינות מסוימות (2001 עבור צרפת).,,,"[""מעשי טבח חמידיאניים תחת הסולטן עבדולחמיד השני"", ""מעצר של אינטלקטואלים ארמנים בקונסטנטינופול"", ""גירושים ומעשי טבח המוניים באנטוליה"", ""הכרה רשמית ברצח העם על ידי צרפת""]",,,,,
course_26_la_creation_de_l_onu_1945,course_26_la_creation_de_l_onu_1945_q1,mcq,כמה מדינות חתמו על אמנת האומות המאוחדות בסן פרנסיסקו ב-26 ביוני 1945?,51 מדינות חתמו על אמנת האומות המאוחדות בסן פרנסיסקו ב-26 ביוני 1945.,"[""51"", ""26"", ""5"", ""193""]",0,,,,,,
course_26_la_creation_de_l_onu_1945,course_26_la_creation_de_l_onu_1945_q2,mcq,"איזה ארגון, אב קדמון של האו""ם, לא הצליח במיוחד לעצור את הפלישה האיטלקית לאתיופיה?","חבר הלאומים, בלי ארצות הברית ובלי אמצעי לחץ אמיתיים, לא יכול לעצור את יפן במנצ'וריה או את איטליה באתיופיה.","[""חבר הלאומים"", ""נאט\""ו"", ""קהילת הפחם והפלדה"", ""WHO""]",0,,,,,,
course_26_la_creation_de_l_onu_1945,course_26_la_creation_de_l_onu_1945_q3,trueFalse,נכון או לא נכון: ארצות הברית הצטרפה לחבר הלאומים לאחר מלחמת העולם הראשונה.,"הסנאט האמריקני, הקשור לבידוד, סירב להצטרף לחבר הלאומים, למרות השקתו על ידי הנשיא ווילסון.","[""נכון"", ""לא נכון""]",1,,,,,,
course_26_la_creation_de_l_onu_1945,course_26_la_creation_de_l_onu_1945_q4,mcq,"מהי סמכות הווטו במועצת הביטחון של האו""ם?",כל אחת מחמשת החברים הקבועים במועצת הביטחון יכולה לחסום החלטה באמצעות כוח הווטו שלה.,"[""היכולת של חבר קבוע לחסום החלטה"", ""זכות ההצבעה של כל המדינות החברות"", ""הסמכות לפזר את האסיפה הכללית"", ""הזכות להדיר מדינה מהאו\""ם""]",0,,,,,,
course_26_la_creation_de_l_onu_1945,course_26_la_creation_de_l_onu_1945_q5,mcq,אילו חמש מדינות הפכו לחברות קבועות במועצת הביטחון ב-1945?,"חמשת הזוכים של 1945, ארצות הברית, ברית המועצות, בריטניה, צרפת וסין, הפכו לחברים קבועים עם זכות וטו.","[""ארצות הברית, ברית המועצות, בריטניה, צרפת, סין"", ""ארצות הברית, גרמניה, יפן, איטליה, סין"", ""ברית המועצות, סין, הודו, ברזיל, גרמניה"", ""בריטניה, צרפת, ספרד, פורטוגל, סין""]",0,,,,,,
course_26_la_creation_de_l_onu_1945,course_26_la_creation_de_l_onu_1945_q6,trueFalse,נכון או לא נכון: פעולת ארגון הבריאות העולמית אפשרה את הדברת האבעבועות השחורות ב-1980.,"ארגון הבריאות העולמי, סוכנות של האו""ם, ריכז את המאמץ שהוביל למיגור האבעבועות השחורות ב-1980.","[""נכון"", ""לא נכון""]",0,,,,,,
course_26_la_creation_de_l_onu_1945,course_26_la_creation_de_l_onu_1945_q7,numericSlider,"כמה מדינות חברות היום באו""ם, לפי הקורס?","באו""ם יש היום 193 חברים, לעומת 51 חותמים ב-1945.",,,,193.0,150.0,220.0,5.0,
course_26_la_creation_de_l_onu_1945,course_26_la_creation_de_l_onu_1945_q8,mcq,"איזו ועידה בפברואר 1945, בין רוזוולט, צ'רצ'יל וסטלין, עיצבה את מבנה האו""ם?","ועידת יאלטה, בפברואר 1945, הפגישה את רוזוולט, צ'רצ'יל וסטלין ועיצבה את הארגון העתידי של האו""ם.","[""ועידת יאלטה"", ""ועידת סן פרנסיסקו"", ""ועידת פוטסדאם"", ""ועידת ז'נבה""]",0,,,,,,
course_27_la_naissance_de_l_ue_de_la_ceca_a_maastr,course_27_la_naissance_de_l_ue_de_la_ceca_a_maastr_q1,mcq,מהי המטרה של הצהרת שומאן ב-1950?,"ז'אן מונה ורוברט שומאן מציעים להציב פחם ופלדה צרפתיים-גרמניים תחת רשות עליונה משותפת, כדי להפוך את המלחמה לבלתי אפשרית מבחינה מהותית.","[""להציב את ייצור הפחם והפלדה הצרפתי-גרמני תחת סמכות משותפת"", ""צור מטבע אירופי אחד"", ""הקמת צבא אירופי משותף"", ""לכונן תנועה חופשית של אנשים""]",0,,,,,,
course_27_la_naissance_de_l_ue_de_la_ceca_a_maastr,course_27_la_naissance_de_l_ue_de_la_ceca_a_maastr_q2,mcq,"אילו מדינות מצטרפות לצרפת וגרמניה ב-ECSC, שנוצרה ב-1951?","איטליה, בלגיה, הולנד ולוקסמבורג (הבנלוקס) מצטרפות לצרפת וגרמניה ב-ECSC.","[""איטליה ובנלוקס"", ""בריטניה ואירלנד"", ""ספרד ופורטוגל"", ""פולין וצ'כוסלובקיה""]",0,,,,,,
course_27_la_naissance_de_l_ue_de_la_ceca_a_maastr,course_27_la_naissance_de_l_ue_de_la_ceca_a_maastr_q3,trueFalse,נכון או שקר: ECSC היא הפעם הראשונה שמדינות מאצילות חלק מריבונותן לגוף שחורג מהן.,ה-ECSC מסמנת התחלה היסטורית: מדינות מקבלות שרשות עליונה משותפת מחליטה מעליהן באזור תעשייה מרכזי.,"[""נכון"", ""לא נכון""]",0,,,,,,
course_27_la_naissance_de_l_ue_de_la_ceca_a_maastr,course_27_la_naissance_de_l_ue_de_la_ceca_a_maastr_q4,mcq,"מה יוצרים אמנות רומא, שנחתמו ב-25 במרץ 1957?","השישה חותמים על האמנות ברומא שיוצרות את הקהילה הכלכלית האירופית (EEC) ואת Euratom, עבור האטום האזרחי.","[""ה-EEC ו-Euratom"", ""ECSC ונאט\""ו"", ""האירו והבנק המרכזי האירופי"", ""הסכם מאסטריכט""]",0,,,,,,
course_27_la_naissance_de_l_ue_de_la_ceca_a_maastr,course_27_la_naissance_de_l_ue_de_la_ceca_a_maastr_q5,mcq,איזו אמנה הפכה את ה-EEC לאיחוד האירופי ב-1992?,"הסכם מאסטריכט (1992) יצר את האיחוד האירופי, עם אזרחות אירופאית ואיחוד כלכלי ומוניטארי.","[""הסכם מאסטריכט"", ""הסכם רומא"", ""הסכם ליסבון"", ""הצהרת שומאן""]",0,,,,,,
course_27_la_naissance_de_l_ue_de_la_ceca_a_maastr,course_27_la_naissance_de_l_ue_de_la_ceca_a_maastr_q6,trueFalse,נכון או לא נכון: מטבעות ושטרות אירו הוכנסו למחזור מיד עם חתימת אמנת מאסטריכט ב-1992.,"האירו הפך למציאות כתובה רק ב-1999, ואז הופץ במטבעות ובשטרות רק מה-1 בינואר 2002.","[""נכון"", ""לא נכון""]",1,,,,,,
course_27_la_naissance_de_l_ue_de_la_ceca_a_maastr,course_27_la_naissance_de_l_ue_de_la_ceca_a_maastr_q7,numericSlider,"מתי הצטרפו בריטניה, אירלנד ודנמרק ל-EEC?","בריטניה, אירלנד ודנמרק הצטרפו ל-EEC ב-1973, והרחיבו את המעגל התעשייתי הקטן הראשוני.",,,,1973.0,1950.0,2000.0,3.0,
course_27_la_naissance_de_l_ue_de_la_ceca_a_maastr,course_27_la_naissance_de_l_ue_de_la_ceca_a_maastr_q8,chronological,שים את השלבים האלה של הבנייה האירופית בסדר כרונולוגי.,"מהצהרת שומאן (1950) ועד ECSC (1951), ולאחר מכן מהסכמי רומא (1957) ועד מאסטריכט (1992), האינטגרציה האירופית מתקדמת בשלבים.",,,"[""הצהרת שומאן על פחם ופלדה"", ""הקמת ה-ECSC"", ""חתימה על הסכמי רומא"", ""חתימה על אמנת מאסטריכט""]",,,,,
course_28_le_genocide_rwandais_1994,course_28_le_genocide_rwandais_1994_q1,mcq,מי תיקן את האתניות ההוטו/טוצי בתעודת זהות ב-1933?,"בשנת 1933 קבע הממשל הבלגי את ההשתייכות האתנית בתעודת הזהות, למרות שבעבר זה היה בעיקר חברתי וכלכלי.","[""הממשל הקולוניאלי הבלגי"", ""ממשלת צרפת"", ""האו\""ם"", ""מלך רואנדה""]",0,,,,,,
course_28_le_genocide_rwandais_1994,course_28_le_genocide_rwandais_1994_q2,trueFalse,"נכון או שקר: לפני הקולוניזציה, הוטו מועשר בבעלי חיים יכול להפוך לטוטסי.","ההבחנה בין הוטו לטוטסי הייתה בעיקר חברתית וכלכלית לפני הקולוניזציה, ויכלה להתפתח עם עושר בבעלי חיים.","[""נכון"", ""לא נכון""]",0,,,,,,
course_28_le_genocide_rwandais_1994,course_28_le_genocide_rwandais_1994_q3,mcq,איזה אירוע ב-6 באפריל 1994 גרם לתחילתו של רצח העם?,ב-6 באפריל 1994 הופל המטוס הנשיאותי; תוך שעה הסכרים נסגרים ומתחיל רצח העם.,"[""מטוסו של הנשיא הביארימנה מופל"", ""הוכרזה על עצמאותה של רואנדה"", ""ה-RPF לוקח את קיגאלי"", ""רדיו דה מיל קולינס נוצר""]",0,,,,,,
course_28_le_genocide_rwandais_1994,course_28_le_genocide_rwandais_1994_q4,mcq,איזה תפקיד שיחק רדיו דה מיל קולינס לפני ובמהלכו רצח העם?,Radio des Mille Collines משדר מדי יום תעמולת שנאה שמכינה ומלווה את מעשי הטבח.,"[""היא מפזרת שנאה כל יום ומבצעת דה-הומניזציה של הטוטסי"", ""היא קוראת לפיוס לאומי"", ""היא מעבירה הודעות לעיתונות של האו\""ם"", ""הוא מצונזר על ידי משטר הביארימנה""]",0,,,,,,
course_28_le_genocide_rwandais_1994,course_28_le_genocide_rwandais_1994_q5,trueFalse,"נכון או שקר: רצח העם ברואנדה ב-1994 היה פיצוץ של אלימות ספונטנית, ללא ארגון מוקדם.","הטבח, שבוצע על ידי שכנים, עמיתים ורשויות מקומיות, היה תוצאה של מבצע מתוכנן, לא פיצוץ ספונטני.","[""נכון"", ""לא נכון""]",1,,,,,,
course_28_le_genocide_rwandais_1994,course_28_le_genocide_rwandais_1994_q6,mcq,מדוע האטה ארצות הברית כל התערבות ברואנדה ב-1994?,"בטראומה מהכישלון בסומליה, ארצות הברית מאטה כל התערבות ואף נמנעת מהמילה ""רצח עם"".","[""הם נותרו מסומנים בכישלון התערבותם בסומליה"", ""הם תומכים במשטר הביארימנה"", ""חסרים להם משאבים צבאיים זמינים"", ""הם מנהלים משא ומתן על הסכם סחר עם רואנדה""]",0,,,,,,
course_28_le_genocide_rwandais_1994,course_28_le_genocide_rwandais_1994_q7,mcq,"מי שם באופן קונקרטי קץ למעשי הטבח, בכך שלקח את קיגאלי ב-4 ביולי 1994?","לא האו""ם אלא מתקפת ה-RPF, בראשות פול קגאמה, היא ששמה קץ למעשי הטבח על ידי השתלטות על קיגאלי.","[""המתקפה של החזית הפטריוטית של רואנדה, בראשות פול קגאמה"", ""משלחת האו\""ם בפיקודו של רומיאו דאלר"", ""מבצע טורקיז הצרפתי"", ""ממשלת הביניים של רואנדה""]",0,,,,,,
course_28_le_genocide_rwandais_1994,course_28_le_genocide_rwandais_1994_q8,numericSlider,"כמה ימים נמשך רצח העם ברואנדה, בין אפריל ליולי 1994?","תוך 100 ימים בלבד, בין אפריל ליולי 1994, הותיר רצח העם מאות אלפים הרוגים.",,,,100.0,30.0,200.0,10.0,ימים
course_28_le_genocide_rwandais_1994,course_28_le_genocide_rwandais_1994_q9,chronological,שים את השלבים האלה של רצח העם ברואנדה בסדר כרונולוגי.,"מתעודת הזהות האתנית של 1933 ועד לכידת קיגאלי ב-4 ביולי 1994, אבני דרך אלו מסכמות את מכניקת רצח העם וסיומו.",,,"[""קיבוע זהויות אתניות על ידי הממשל הקולוניאלי הבלגי"", ""התקפה על מטוס נשיאותי"", ""מעשי טבח המוניים ברחבי השטח"", ""לכידת קיגאלי על ידי החזית הפטריוטית של רואנדה""]",,,,,
course_29_la_chute_du_mur_de_berlin_1989,course_29_la_chute_du_mur_de_berlin_1989_q1,mcq,כמה זמן חילקה חומת ברלין את העיר לפני שנפלה ב-1989?,"נבנתה ב-1961, החומה חילקה את ברלין למשך 28 שנים, עד לנפילתה בלילה שבין 9 ל-10 בנובמבר 1989.","[""בן 28"", ""10 שנים"", ""50 שנה"", ""5 שנים""]",0,,,,,,
course_29_la_chute_du_mur_de_berlin_1989,course_29_la_chute_du_mur_de_berlin_1989_q2,mcq,מדוע נבנתה חומת ברלין ב-1961?,בין 1949 ל-1961 ברחו למערב יותר מ-3 מיליון מזרח גרמנים; הקיר בנוי כדי לעצור את הדימום הזה.,"[""לעצור את הבריחה המסיבית של הגרמנים מהמזרח למערב"", ""למנוע הגעת פליטים מהמערב"", ""להגן על ברלין מפני פלישה סובייטית"", ""להפריד בין אזור הכיבוש האמריקאי לצרפת""]",0,,,,,,
course_29_la_chute_du_mur_de_berlin_1989,course_29_la_chute_du_mur_de_berlin_1989_q3,trueFalse,"נכון או שקר: המשטר במזרח גרמניה הציג את החומה באופן רשמי כ""חומת מגן אנטי-פשיסטית"".","המשטר טען שהוא מרחיק מרגלים, במקום להודות שמדובר בשמירה על אזרחיו.","[""נכון"", ""לא נכון""]",0,,,,,,
course_29_la_chute_du_mur_de_berlin_1989,course_29_la_chute_du_mur_de_berlin_1989_q4,mcq,איזה אירוע של מאי 1989 היווה את הפרצה האמיתית הראשונה במסך הברזל?,"במאי 1989, הונגריה פתחה את גבולה עם אוסטריה, וסיפקה את הפרצה האמיתית הראשונה במסך הברזל.","[""פתיחת הגבול בין הונגריה לאוסטריה"", ""נפילת חומת ברלין"", ""הקונצרט של ברוס ספרינגסטין במזרח ברלין"", ""המחליף של אריך הונקר""]",0,,,,,,
course_29_la_chute_du_mur_de_berlin_1989,course_29_la_chute_du_mur_de_berlin_1989_q5,mcq,איזו טעות של דובר גונטר שבובסקי זירזה את פתיחת המחסומים ב-9 בנובמבר 1989?,"שבובסקי הרפה ""מייד, ללא דיחוי"" למרות שהצעד היה אמור לחול עד למחרת, מה שגרם לנהירה של ברלינאים לעבר המחסומים.","[""הוא מודיע בטעות כי כללי הנסיעה החדשים חלים באופן מיידי"", ""הוא מכריז על התפטרותה של ממשלת מזרח גרמניה"", ""הוא מכריז על איחוד גרמניה מחדש"", ""הוא מורה לשומרי הגבול לפתוח את החומה""]",0,,,,,,
course_29_la_chute_du_mur_de_berlin_1989,course_29_la_chute_du_mur_de_berlin_1989_q6,trueFalse,"נכון או שקר: מיכאיל גורבצ'וב בחר לרסק צבאית את תנועות המחאה במזרח אירופה ב-1989, כמו ב-1968 בפראג.","גורבצ'וב, להיפך, מסרב לרסק את הלוויינים שלו כמו ב-1968, מה שמאפשר לתנועות המחאה לשגשג.","[""נכון"", ""לא נכון""]",1,,,,,,
course_29_la_chute_du_mur_de_berlin_1989,course_29_la_chute_du_mur_de_berlin_1989_q7,numericSlider,"כמה זמן חומת ברלין, בקילומטרים?","חומת ברלין, שנבנתה משנת 1961, משתרעת על פני 155 ק""מ.",,,,155.0,50.0,300.0,15.0,km
course_29_la_chute_du_mur_de_berlin_1989,course_29_la_chute_du_mur_de_berlin_1989_q8,chronological,שים את השלבים האלה בהיסטוריה של חומת ברלין בסדר כרונולוגי.,"מבניית החומה (1961) ועד לנפילתה (9 בנובמבר 1989), ואז איחודה מחדש (3 באוקטובר 1990), אבני דרך אלו מכסות כמעט שלושה עשורים.",,,"[""בניית החומה בין מזרח למערב ברלין"", ""פתיחת הגבול בין הונגריה לאוסטריה"", ""נפילת חומת ברלין"", ""איחוד רשמי של גרמניה""]",,,,,
course_2_l_appel_d_urbain_ii_et_la_1re_croisade_1,course_2_l_appel_d_urbain_ii_et_la_1re_croisade_1_q1,mcq,איזה אירוע התרחש במועצת קלרמון בנובמבר 1095?,"במועצת קלרמון, ב-27 בנובמבר 1095, קרא אורבן השני לנוצרים המערביים ללכת ולשחרר את ירושלים, בתמורה למחילה על חטאיהם.","[""האפיפיור אורבן השני קורא למסע צלב לשחרור ירושלים"", ""האפיפיור מנדה את הקיסר הביזנטי"", ""הטורקים הסלג'וקים פולשים לאיטליה"", ""הצלבנים מצאו את מדינות המזרח הלטיניות""]",0,,,,,,
course_2_l_appel_d_urbain_ii_et_la_1re_croisade_1,course_2_l_appel_d_urbain_ii_et_la_1re_croisade_1_q2,mcq,איזה אירוע דחף את הקיסר הביזנטי אלכסיוס הראשון קומננוס לבקש עזרה מהאפיפיור?,"בשנת 1071, במנצ'יקרט, הטורקים הסלג'וקים מחצו את הצבא הביזנטי ופתחו את אנטוליה, ודחפו את אלקסיוס הראשון קומננוס להגיש עתירה לרומא.","[""התבוסה של מנציקרט מול הטורקים הסלג'וקים"", ""כיבוש ירושלים על ידי המוסלמים"", ""השק של קונסטנטינופול"", ""מותו של קודמו""]",0,,,,,,
course_2_l_appel_d_urbain_ii_et_la_1re_croisade_1,course_2_l_appel_d_urbain_ii_et_la_1re_croisade_1_q3,trueFalse,"נכון או שקר: ""מסע הצלב של העניים"" בראשות פטר הנזיר היה צבא ממושמע שהגיע לירושלים ללא קושי.","ללא משמעת או אספקה, גוד זה של עניים שדד בדרכם והושמד באנטוליה לפני שהגיע לירושלים.","[""נכון"", ""לא נכון""]",1,,,,,,
course_2_l_appel_d_urbain_ii_et_la_1re_croisade_1,course_2_l_appel_d_urbain_ii_et_la_1re_croisade_1_q4,mcq,מה מבטיח עירוני ב' למי שיוצא למסע צלב?,אורבן ב' מבטיח פינוק במליאה: סליחה מוחלטת של חטאים למי שלוקח את הצלב.,"[""מחילה מלאה על העונשים עקב חטאיהם"", ""קרקע מובטחת בארץ הקודש"", ""משכורת שמשלמת הכנסייה"", ""תואר אצולה תורשתי""]",0,,,,,,
course_2_l_appel_d_urbain_ii_et_la_1re_croisade_1,course_2_l_appel_d_urbain_ii_et_la_1re_croisade_1_q5,trueFalse,נכון או שקר: לאחר כיבוש ירושלים הכריז גודפרי מבוליון על עצמו כמלך העיר.,"גודפרי מבויון סירב לתואר מלך והעדיף להיקרא מושבע של הקבר, מגן קברו של ישו.","[""נכון"", ""לא נכון""]",1,,,,,,
course_2_l_appel_d_urbain_ii_et_la_1re_croisade_1,course_2_l_appel_d_urbain_ii_et_la_1re_croisade_1_q6,chronological,שים את האירועים הללו בהיסטוריה של מסעי הצלב בסדר כרונולוגי.,"אבני הדרך הללו נעות בין 1071 ל-1187: התבוסה הביזנטית קודמת לפנייתו של האפיפיור, שקודמת לכיבוש ולאחר מכן לכבוש מחדש של ירושלים.",,,"[""תבוסה ביזנטית של מנציקרט מול הטורקים הסלג'וקים"", ""קריאה למסע צלב במועצת קלרמון"", ""כיבוש ירושלים על ידי הצלבנים"", ""חידוש ירושלים על ידי צלאח א-דין""]",,,,,
course_2_l_appel_d_urbain_ii_et_la_1re_croisade_1,course_2_l_appel_d_urbain_ii_et_la_1re_croisade_1_q7,numericSlider,באיזו שנה כבשו הצלבנים את ירושלים?,"ירושלים נפלה ב-15 ביולי 1099, לאחר יציאת המשלחת ב-1096 והמצור על אנטיוכיה.",,,,1099.0,1050.0,1150.0,5.0,
course_2_l_appel_d_urbain_ii_et_la_1re_croisade_1,course_2_l_appel_d_urbain_ii_et_la_1re_croisade_1_q8,mcq,איזה סולטן מוסלמי כובש מחדש את ירושלים ב-1187?,"בשנת 1187 כבש הסולטן צלאח א-דין את ירושלים מידי הצלבנים, והחל מחדש את מחזור מסעי הצלב.","[""צלאח א-דין"", ""אלפ ארסלן"", ""בוהמונד מטרנטו"", ""אלקסיוס אני קומננוס""]",0,,,,,,
course_2_l_appel_d_urbain_ii_et_la_1re_croisade_1,course_2_l_appel_d_urbain_ii_et_la_1re_croisade_1_q9,numericSlider,"באיזו שנה נפל סן-ז'אן-ד'אקר, המעוז האחרון של מדינות המזרח הלטיניות?",נפילת סן ז'אן ד'עכו ב-1291 מסמנת את סופה של הנוכחות הלטינית בארץ הקודש.,,,,1291.0,1200.0,1350.0,10.0,
course_30_la_blitzkrieg_1940,course_30_la_blitzkrieg_1940_q1,mcq,"מי המציא את המונח ""בליצקריג"" כדי לציין את האסטרטגיה הגרמנית של 1940?","המילה בליצקריג אינה רשמית בוורמאכט; הגרמנים מדברים על מלחמת תנועה, העיתונות האנגלו-סכסית היא שהמציאה את המונח.","[""העיתונות האנגלו-סכסית"", ""הפיקוד העליון הגרמני"", ""ממשלת צרפת"", ""וינסטון צ'רצ'יל""]",0,,,,,,
course_30_la_blitzkrieg_1940,course_30_la_blitzkrieg_1940_q2,mcq,איזה עיקרון גרמני מורכב מריכוז כל האמצעים בנקודה צרה כדי לשבור את חזית האויב?,"שוורפונקט מציין את ריכוז הכוחות בנקודה מסוימת, עיקרון מפתח של לוחמה ניידת גרמנית.","[""השוורפונקט"", ""הסיכלשניט"", ""קו מגינו"", ""הבליצקריג""]",0,,,,,,
course_30_la_blitzkrieg_1940,course_30_la_blitzkrieg_1940_q3,trueFalse,נכון או שקר: לצפירות של סטוקאס הגרמני היה שימוש צבאי של ממש בזיהוי עמדות אויב.,"לצפירות אלו, שכונו ""שופרות יריחו"", לא היה שימוש צבאי של ממש: הן שימשו רק כדי להטיל אימה על חיילים ואזרחים.","[""נכון"", ""לא נכון""]",1,,,,,,
course_30_la_blitzkrieg_1940,course_30_la_blitzkrieg_1940_q4,mcq,"איזה אזור, שנחשב בלתי עביר על ידי הצרפתים, נחצה על ידי רוב הפאנצרים הגרמנים במאי 1940?","בעצת הגנרל פון מנשטיין, תוכנית סיכלשניט הביאה את עיקר הפאנצרים הגרמנים על פני הארדנים, הנחשבים בלתי עבירים.","[""הארדנים"", ""הווז'"", ""נורמנדי"", ""פרובנס""]",0,,,,,,
course_30_la_blitzkrieg_1940,course_30_la_blitzkrieg_1940_q5,mcq,כמה חיילים צרפתים-בריטים פונו במהלך מבצע דינמו בדנקרק?,"מבצע דינמו מפנה לאנגליה 338,000 חיילים צרפתים-בריטים, ומציל את הצבא הבריטי.","[""338,000"", ""50,000"", ""1 מיליון"", ""10,000""]",0,,,,,,
course_30_la_blitzkrieg_1940,course_30_la_blitzkrieg_1940_q6,trueFalse,"נכון או לא נכון: שביתת הנשק של 1940 נחתמה באותה כרכרה כמו זו של שביתת הנשק של 1918, בקומפיין.","היטלר מוציא את העגלה ממוזיאון קומפיין כדי לביים את נקמתו, 22 שנים לאחר הכניעה הגרמנית ב-1918.","[""נכון"", ""לא נכון""]",0,,,,,,
course_30_la_blitzkrieg_1940,course_30_la_blitzkrieg_1940_q7,numericSlider,תוך כמה שבועות כבש הצבא הגרמני את צרפת ואת בנלוקס ב-1940?,"תוך שישה שבועות בלבד, מ-10 במאי עד 22 ביוני 1940, כבש הצבא הגרמני את צרפת, הולנד, בלגיה ולוקסמבורג.",,,,6.0,1.0,20.0,1.0,שבועות
course_30_la_blitzkrieg_1940,course_30_la_blitzkrieg_1940_q8,mcq,מאיזו עיר פתח הגנרל דה גול את הערעור שלו ב-18 ביוני 1940?,"ב-18 ביוני 1940, מלונדון, הגנרל דה גול פתח בפנייתו ל-BBC וקבע שצרפת הפסידה בקרב, לא במלחמה.","[""לונדון"", ""פריז"", ""וישי"", ""אלג'יר""]",0,,,,,,
course_30_la_blitzkrieg_1940,course_30_la_blitzkrieg_1940_q9,chronological,שים את השלבים הללו של מסע 1940 בסדר כרונולוגי.,"מהמתקפה של 10 במאי ועד שביתת הנשק ב-22 ביוני 1940, השלבים הללו מסכמים את תבוסת הברק של צרפת בשישה שבועות.",,,"[""מתקפה גרמנית במערב"", ""פריצת דרך של פנצר בסדאן"", ""פינוי כוחות בעלות הברית בדנקרק"", ""חתימה על שביתת הנשק הצרפתית-גרמנית""]",,,,,
course_31_le_plan_marshall_1947_1952,course_31_le_plan_marshall_1947_1952_q1,mcq,מי הכריז על תוכנית מרשל ביוני 1947?,ביוני 1947 הכריז שר החוץ האמריקני ג'ורג' מרשל על תוכנית סיוע חסרת תקדים לבנייה מחדש של אירופה.,"[""שר החוץ האמריקני ג'ורג' מרשל"", ""הנשיא הארי טרומן"", ""גנרל אייזנהאואר"", ""מזכ\""ל האו\""ם""]",0,,,,,,
course_31_le_plan_marshall_1947_1952,course_31_le_plan_marshall_1947_1952_q2,mcq,"מהי האסטרטגיה האמיתית מאחורי תוכנית מרשל, מעבר לבנייה מחדש?","סיוע רשמי לשיקום, התוכנית גם נועדה למנוע מעוני לדחוף את מערב אירופה לכיוון קומוניזם, מול ברית המועצות.","[""מניעת העוני מלדחוף את מערב אירופה לכיוון קומוניזם"", ""מימון צבא אירופי משותף"", ""לספח כלכלית את מערב אירופה"", ""לשלם את חובות המלחמה באירופה""]",0,,,,,,
course_31_le_plan_marshall_1947_1952,course_31_le_plan_marshall_1947_1952_q3,trueFalse,נכון או שקר: סטלין מקבל את סיוע תוכנית מרשל לברית המועצות ולמדינות בעלות הברית שלה.,"סטלין מסרב להצעה ואוסר על פולין וצ'כוסלובקיה לקבל אותה, חותך את היבשת לשניים.","[""נכון"", ""לא נכון""]",1,,,,,,
course_31_le_plan_marshall_1947_1952,course_31_le_plan_marshall_1947_1952_q4,mcq,איזה תנאי הציב מרשל לאירופים בנאומו בהרווארד ב-5 ביוני 1947?,מרשל דרש מהאירופאים להתארגן סביב תוכנית משותפת במקום לקבל סיוע מפוזר מדינה אחר מדינה.,"[""עליהם להסכים על תוכנית משותפת, במקום לקבל סיוע מפוזר"", ""עליהם להחזיר את הסיוע בריבית"", ""הם חייבים להצטרף לנאט\""ו"", ""הם חייבים לאמץ את הדולר כמטבע שלהם""]",0,,,,,,
course_31_le_plan_marshall_1947_1952,course_31_le_plan_marshall_1947_1952_q5,mcq,באיזו צורה מגיע הסיוע האמריקאי בעיקר לאירופה?,"הסיוע אינו מורכב בעיקר מכרטיסים, אלא ממוצרים חומריים: מכונות, פחם, טרקטורים, מזון.","[""מכונות, פחם, טרקטורים ומזון"", ""רק שטרות דולרים"", ""נשק ותחמושת"", ""הלוואות בנקאיות לטווח ארוך""]",0,,,,,,
course_31_le_plan_marshall_1947_1952,course_31_le_plan_marshall_1947_1952_q6,trueFalse,"נכון או שקר: בשנת 1952, הייצור התעשייתי במערב אירופה נותר מתחת לרמתו שלפני המלחמה.","עד 1952, הייצור התעשייתי עלה ב-35% מהרמות שלפני המלחמה, מה שסימן את הצלחתה הכלכלית של התוכנית.","[""נכון"", ""לא נכון""]",1,,,,,,
course_31_le_plan_marshall_1947_1952,course_31_le_plan_marshall_1947_1952_q7,numericSlider,כמה מיליארדי דולרים שלחה ארצות הברית לאירופה בין 1948 ל-1952?,"בין 1948 ל-1952 שלחה ארצות הברית כ-13 מיליארד דולר, או יותר מ-150 מיליארד כיום.",,,,13.0,1.0,50.0,2.0,מיליארד דולר
course_31_le_plan_marshall_1947_1952,course_31_le_plan_marshall_1947_1952_q8,mcq,איזה ארגון מקימות 16 מדינות מערב אירופה כדי לחלק סיוע אמריקאי?,"16 מדינות מערב אירופה מתכנסות ב-OEEC, הארגון האחראי על חלוקת הכספים של תוכנית מרשל.","[""OEEC"", ""ECSC"", ""נאט\""ו"", ""קרן המטבע הבינלאומית""]",0,,,,,,
course_32_la_guerre_du_vietnam_1955_1975,course_32_la_guerre_du_vietnam_1955_1975_q1,mcq,מה החליטו בהסכמי ז'נבה מ-1954 לגבי וייטנאם?,"הסכמי ז'נבה משנת 1954 חילקו זמנית את וייטנאם לשניים בקו הרוחב ה-17, עם הו צ'י מין בצפון ומשטר שנתמך על ידי וושינגטון בדרום.","[""חלוקת הארץ לשניים בקבלה י\""ז"", ""עצמאותה המיידית והמאוחדת של וייטנאם"", ""נסיגה מוחלטת של כוחות צרפת ללא כל הסכם טריטוריאלי"", ""יצירת פדרציה עם לאוס וקמבודיה""]",0,,,,,,
course_32_la_guerre_du_vietnam_1955_1975,course_32_la_guerre_du_vietnam_1955_1975_q2,mcq,איזו תיאוריה דוחפת את הנשיאים קנדי ואז את ג'ונסון להתערב בווייטנאם?,"לפי תיאוריה זו, אם מדינה אחת תיפול תחת הקומוניזם, שכנותיה ילכו בעקבותיה במפל, מה שמצדיק התערבות אמריקאית.","[""תורת הדומינו"", ""דוקטרינת טרומן"", ""תוכנית מרשל"", ""מדיניות הדלת הפתוחה""]",0,,,,,,
course_32_la_guerre_du_vietnam_1955_1975,course_32_la_guerre_du_vietnam_1955_1975_q3,trueFalse,נכון או שקר: תקרית מפרץ טונקין באוגוסט 1964 שימשה עילה להרחבת המחויבות הצבאית האמריקאית.,"התקרית הימית הזו, שג'ונסון עצמו התמודד עם המציאות שלה באופן פרטי, שימשה להצדיק הסלמה צבאית מ-1965.","[""נכון"", ""לא נכון""]",0,,,,,,
course_32_la_guerre_du_vietnam_1955_1975,course_32_la_guerre_du_vietnam_1955_1975_q4,mcq,איזו אסטרטגיה אימצו האמריקנים מבלי שהצליחו לנתק את האספקה של צפון וייטנאם?,"האסטרטגיה הזו של חיפוש ואחר כך השמדת האויב אינה מספיקה כדי לשבור את שביל הו צ'י מין, נתיב האספקה הצפוני.","[""חפש והרס"", ""המצור הימי המוחלט"", ""מלחמת תעלות"", ""בלימה דיפלומטית""]",0,,,,,,
course_32_la_guerre_du_vietnam_1955_1975,course_32_la_guerre_du_vietnam_1955_1975_q5,numericSlider,"ב-1969, כמה חיילים אמריקאים נכחו בוייטנאם?","ב-1969 נפרסו שם כ-543,000 חיילים אמריקאים, מבלי שהצליחו לשבור את ההתנגדות של צפון וייטנאם.",,,,543000.0,400000.0,700000.0,30000.0,חיילים
course_32_la_guerre_du_vietnam_1955_1975,course_32_la_guerre_du_vietnam_1955_1975_q6,percentageSlider,כמה מיערות דרום וייטנאם נהרסים על ידי חומרי הסרת בצק כמו הסוכן אורנג'?,יותר מ-80 מיליון ליטר של קוטלי עשבים הרסו כ-20% מיערות דרום וייטנאם.,,,,20.0,0.0,100.0,5.0,%
course_32_la_guerre_du_vietnam_1955_1975,course_32_la_guerre_du_vietnam_1955_1975_q7,mcq,מה שינתה מתקפת הטט בינואר 1968 בתפיסת הסכסוך?,"בשטח, ההתקפה נכשלה עבור הצפון, אך קנה המידה שלה בטלוויזיה בארצות הברית סתר את ההודעות האופטימיות מוושינגטון.","[""זה מנפץ את האשליה של ניצחון כמעט אמריקאי, למרות כישלון צבאי של הצפון"", ""זה מסמן את הניצחון הצבאי האמריקאי הראשון הבלתי מעורער"", ""זה מעורר את כניסתה של סין למלחמה בצד הדרום"", ""היא סיימה מיד את הלחימה עם שביתת נשק.""]",0,,,,,,
course_32_la_guerre_du_vietnam_1955_1975,course_32_la_guerre_du_vietnam_1955_1975_q8,chronological,שים את השלבים הללו של מלחמת וייטנאם בסדר כרונולוגי.,"אבני הדרך הללו נעות בין החלוקה של 1954 ועד נפילת סייגון ב-1975, שחתמה את איחודה מחדש של המדינה תחת הקומוניזם.",,,"[""חלוקת הארץ בקו רוחב י\""ז"", ""תקרית מפרץ טונקין"", ""טט התקפי"", ""חתימה על הסכמי פריז"", ""נפילת סייגון""]",,,,,
course_32_la_guerre_du_vietnam_1955_1975,course_32_la_guerre_du_vietnam_1955_1975_q9,mcq,איזה טבח שביצעו חיילים אמריקאים ב-1968 חושף כמה מפשעי המלחמה של הסכסוך?,"ב-My Lai, חיילים אמריקאים הרגו אזרחים וייטנאמים ב-1968, פרק שזעזע את הדעות האמריקניות המחולקות.","[""הטבח של My Lai"", ""טבח שארפוויל"", ""הטבח בקטין"", ""הטבח בבאבי יאר""]",0,,,,,,
course_33_le_proces_de_nuremberg_1945_1946,course_33_le_proces_de_nuremberg_1945_1946_q1,mcq,"איזה קו שורר בסופו של דבר בשיפוט המנהיגים הנאצים, הנתמכים על ידי המשפטן האמריקאי רוברט ג'קסון?","בשונה מההצעות של צ'רצ'יל (סיכומי הוצאות להורג) או סטאלין (משפט עם פסק דין קבוע), הקו האמריקאי מטיל משפט יריב של ממש.","[""משפט עם ראיות וזכויות הגנה"", ""הוצאות להורג סיכום ללא משפט"", ""משפט שפסק דינו כתוב מראש"", ""פסק דין דתי גרידא""]",0,,,,,,
course_33_le_proces_de_nuremberg_1945_1946,course_33_le_proces_de_nuremberg_1945_1946_q2,mcq,איזו קטגוריה משפטית חדשה יצרה לראשונה חוק לונדון משנת 1945?,"לצד קונספירציה, פשעים נגד שלום ופשעי מלחמה ידועים כבר, פשעים נגד האנושות מופיעים לראשונה במשפט הבינלאומי.","[""פשעים נגד האנושות"", ""פשעי מלחמה"", ""פשע רצח עם"", ""בגידה במדינה""]",0,,,,,,
course_33_le_proces_de_nuremberg_1945_1946,course_33_le_proces_de_nuremberg_1945_1946_q3,trueFalse,נכון או שקר: משפטי נירנברג הסתמכו בעיקר על הארכיונים הנאציים עצמם כראיה.,"עורך הדין רוברט ג'קסון משתמש בעיקר במיליוני דפי הארכיונים, התמונות והיומנים שהפיק המשטר הנאצי עצמו.","[""נכון"", ""לא נכון""]",0,,,,,,
course_33_le_proces_de_nuremberg_1945_1946,course_33_le_proces_de_nuremberg_1945_1946_q4,mcq,"מי שולט ברציף ביהירותו, כראש הלופטוואפה לשעבר?","הרמן גרינג, לשעבר ראש חיל האוויר הגרמני, בולט ביחסו הפרובוקטיבי לשופטים.","[""הרמן גרינג"", ""אלברט שפיר"", ""יוסף סטלין"", ""וינסטון צ'רצ'יל""]",0,,,,,,
course_33_le_proces_de_nuremberg_1945_1946,course_33_le_proces_de_nuremberg_1945_1946_q5,numericSlider,כמה נאשמים נשפטו במשפטי נירנברג?,24 מנהיגים נאצים המייצגים את מנגנון המשטר נשפטים בפני בית הדין הבינלאומי.,,,,24.0,10.0,40.0,2.0,
course_33_le_proces_de_nuremberg_1945_1946,course_33_le_proces_de_nuremberg_1945_1946_q6,mcq,מה אומרים עקרונות נירנברג על ציות לפקודות?,בית המשפט מאשר שאחריות הפרט קודמת: ביצוע פקודות אינו מהווה תירוץ תקף לפשע.,"[""ציות לממונה אינו פוטר אותך מפשע"", ""ציות לממונה פוטרת אותך לחלוטין מאחריות"", ""רק ראשי מדינות יכולים להישפט"", ""פקודות כתובות הן ההוכחה התקינה היחידה""]",0,,,,,,
course_33_le_proces_de_nuremberg_1945_1946,course_33_le_proces_de_nuremberg_1945_1946_q7,trueFalse,נכון או שקר: כל 24 הנאשמים ממשפטי נירנברג נידונו למוות.,"פסק הדין מבחין בין אחריות אישית: 12 עונשי מוות, 3 מאסרי עולם, 4 עונשי מאסר ו-3 זיכויים.","[""נכון"", ""לא נכון""]",1,,,,,,
course_33_le_proces_de_nuremberg_1945_1946,course_33_le_proces_de_nuremberg_1945_1946_q8,chronological,שים את השלבים הללו של משפטי נירנברג ואת מורשתו בסדר כרונולוגי.,"מחוק לונדון באוגוסט 1945 ועד להקמת בית הדין הפלילי הבינלאומי ב-2002, נירנברג פותחת את הדרך לצדק בינלאומי קבוע.",,,"[""חתימה על אמנת לונדון"", ""פתיחת המשפט בפני בית המשפט הבינלאומי"", ""הכרזה על פסק הדין הסופי"", ""הקמת בית הדין הפלילי הבינלאומי""]",,,,,
course_33_le_proces_de_nuremberg_1945_1946,course_33_le_proces_de_nuremberg_1945_1946_q9,mcq,"אילו מגבלות זכו לביקורת על משפטי נירנברג, בנוגע לפשעים שביצעו בעלות הברית עצמן?","הטבח בקטין, שבו נהרגו קצינים פולנים על ידי הסובייטים ב-1940, מעולם לא נשפט, מה שהזין את הרעיון של צדק גיאומטריה משתנה.","[""חוסר שיקול הדעת על הטבח בקטין, שביצע הסובייטים"", ""היעדר ראיות תיעודיות כלשהן"", ""סירוב למנות שופט אמריקאי"", ""החרם בבריטניה על המשפט""]",0,,,,,,
course_34_la_decolonisation_panorama_1945_1975,course_34_la_decolonisation_panorama_1945_1975_q1,mcq,"איזה טקסט משנת 1941, חתום על ידי רוזוולט וצ'רצ'יל, מתפרש מחדש על ידי תנועות עצמאות כדי לתבוע את ריבונותן?","למרות שצ'רצ'יל רצה להגביל את היקפו לאירופה, מנהיגי אפריקה ואסיה תפסו את ההבטחה הזו של זכות העמים לבחור בממשלתם.","[""האמנה האטלנטית"", ""אמנת סן פרנסיסקו"", ""הסכם ורסאי"", ""ההכרזה האוניברסלית בדבר זכויות האדם""]",0,,,,,,
course_34_la_decolonisation_panorama_1945_1975,course_34_la_decolonisation_panorama_1945_1975_q2,trueFalse,נכון או שקר: הממלכה המאוחדת מנהלת בדרך כלל משא ומתן על עצמאות המושבות שלה כדי לשמור על השפעה דרך חבר העמים.,"בניגוד לצרפת, הממלכה המאוחדת מעדיפה מעבר במשא ומתן תוך שמירה על קשרים דרך חבר העמים, מועדון של מושבות לשעבר.","[""נכון"", ""לא נכון""]",0,,,,,,
course_34_la_decolonisation_panorama_1945_1975,course_34_la_decolonisation_panorama_1945_1975_q3,mcq,"איזו מדינה הפכה למושבה הבריטית הראשונה באפריקה העצמאית שמדרום לסהרה ב-1957, בהנהגתו של קוואמי נקרומה?","קוואמי נקרומה השיג ריבונות על גאנה ב-1957, מה שסלל את הדרך לעצמאות אפריקאית.","[""גאנה"", ""קניה"", ""ניגריה"", ""דרום אפריקה""]",0,,,,,,
course_34_la_decolonisation_panorama_1945_1975,course_34_la_decolonisation_panorama_1945_1975_q4,mcq,איזו מלחמה קולוניאלית צרפתית גרמה לנפילת הרפובליקה הרביעית ב-1958?,"מלחמת אלג'יריה (1954-1962), האלימה במיוחד, גרמה למשבר הפוליטי ששם קץ לרפובליקה הרביעית.","[""מלחמת אלג'יריה"", ""מלחמת הודו"", ""מלחמת וייטנאם"", ""מלחמת הריף""]",0,,,,,,
course_34_la_decolonisation_panorama_1945_1975,course_34_la_decolonisation_panorama_1945_1975_q5,numericSlider,"כמה מושבות צרפתיות הפכו לריבוניות ב-1960, ""שנת אפריקה""?","ב-1960, 14 מושבות צרפתיות זכו לעצמאות בשנה אחת, תנועה חסרת תקדים.",,,,14.0,5.0,25.0,2.0,
course_34_la_decolonisation_panorama_1945_1975,course_34_la_decolonisation_panorama_1945_1975_q6,mcq,"מה קורה לפטריס לומומבה, ראש הממשלה הראשון של קונגו העצמאית?",עזיבתה המהירה של בלגיה את קונגו הובילה לכאוס פוליטי ולרצח של לומומבה.,"[""הוא נרצח לאחר עזיבה נמהרת של בלגיה שמובילה לכאוס"", ""הוא מנהל משא ומתן בדרכי שלום לתחזוקת בלגיה בשלטון"", ""הוא הופך לנשיא הראשון של האיחוד האפריקאי"", ""הוא ייסד את התנועה הלא-מזדהה בבנדונג""]",0,,,,,,
course_34_la_decolonisation_panorama_1945_1975,course_34_la_decolonisation_panorama_1945_1975_q7,mcq,על איזה עיקרון מגנות 29 המדינות שהתאספו בוועידת בנדונג ב-1955?,"מדינות אלה באסיה ובאפריקה, שנאספו יחדיו, דוגלות באי-התארגנות במקום בבחירה אוטומטית בין וושינגטון למוסקבה.","[""חוסר יישור, מסרב לבחור אוטומטית בצד של המלחמה הקרה"", ""חברות קולקטיבית במחנה הסובייטי"", ""יצירת מטבע אפריקאי ואסייתי משותף"", ""תחזוקה של אימפריות קולוניאליות בצורה פדרלית""]",0,,,,,,
course_34_la_decolonisation_panorama_1945_1975,course_34_la_decolonisation_panorama_1945_1975_q8,trueFalse,"נכון או לא נכון: המונח ""עולם שלישי"" נטבע על ידי הדמוגרף הצרפתי אלפרד סאובי ב-1952.","אלפרד סאובי המציא את המונח הזה ב-1952, באנלוגיה לאחוזה השלישית של 1789.","[""נכון"", ""לא נכון""]",0,,,,,,
course_34_la_decolonisation_panorama_1945_1975,course_34_la_decolonisation_panorama_1945_1975_q9,chronological,שים את שלבי הדה-קולוניזציה האלה בסדר כרונולוגי.,"אבני הדרך הללו נעות בין עצמאות הודו ב-1947 ועד לסוף האימפריות האיבריות ב-1975, שסיים את גל הדה-קולוניזציה.",,,"[""עצמאות הודו ופקיסטן"", ""ועידת בנדונג"", ""גל עצמאות דובר צרפתית באפריקה"", ""סוף מלחמת אלג'יריה"", ""עצמאות המושבות הפורטוגזיות""]",,,,,
course_35_l_apartheid_et_mandela_1948_1994,course_35_l_apartheid_et_mandela_1948_1994_q1,mcq,"מה פירוש המילה ""אפרטהייד"" באפריקנס?","""אפרטהייד"" פירושו ""הפרדה"" באפריקנס, שם המסכם את עיקרון השיטה שהוקמה ב-1948.","[""הפרדה"", ""שויון"", ""פיוס"", ""חופש""]",0,,,,,,
course_35_l_apartheid_et_mandela_1948_1994,course_35_l_apartheid_et_mandela_1948_1994_q2,mcq,איזה תפקיד ממלאים הבנטוסטנים במערכת האפרטהייד?,"אמורים להיות ""מרכזים לאומיים"", הבנטוסטנים מכסים רק 13% מהשטח ומשרתים בעיקר לשלול מהשחורים את אזרחותם הדרום אפריקאית.","[""הסר אזרחות דרום אפריקאית מאנשים שחורים על ידי הגבלה שלהם לשמורות קטנות"", ""להציע אוטונומיה כלכלית אמיתית לאוכלוסיות שחורות"", ""להבטיח את זכות ההצבעה לאוכלוסיות המסווגות כ-Métis"", ""צור אזורי סחר חופשי הפתוחים לכולם""]",0,,,,,,
course_35_l_apartheid_et_mandela_1948_1994,course_35_l_apartheid_et_mandela_1948_1994_q3,trueFalse,נכון או לא נכון: נלסון מנדלה האמין לראשונה באי אלימות לפני שהצטרף למאבק המזוין.,"מנדלה דבק בתחילה באי-אלימות, לפני ששינה אסטרטגיה לאחר טבח שארפוויל ב-1960.","[""נכון"", ""לא נכון""]",0,,,,,,
course_35_l_apartheid_et_mandela_1948_1994,course_35_l_apartheid_et_mandela_1948_1994_q4,mcq,מה קרה במהלך הטבח בשארפוויל במרץ 1960?,"המשטרה פתחה באש על מפגינים לא חמושים המתנגדים לשיטת המעבר, והרגה 69 בני אדם, מה שדחף את ה-ANC למאבק מזוין.","[""המשטרה יורה בהמון לא חמוש במחאה"", ""מתפרעים שורפים את המטה של המפלגה הלאומית"", ""צבא דרום אפריקה פולש למדינה השכנה"", ""מנדלה נעצר במהלך הפגנה שלווה""]",0,,,,,,
course_35_l_apartheid_et_mandela_1948_1994,course_35_l_apartheid_et_mandela_1948_1994_q5,numericSlider,כמה שנים בילה נלסון מנדלה בשבי לפני שחרורו?,"מנדלה, שנעצר ב-1962 ונידון למאסר עולם ב-1964, שוחרר לאחר 27 שנות מאסר בפברואר 1990.",,,,27.0,10.0,40.0,2.0,שנים
course_35_l_apartheid_et_mandela_1948_1994,course_35_l_apartheid_et_mandela_1948_1994_q6,mcq,"איזה נשיא דרום אפריקאי, שעלה לשלטון ב-1989, יזם את קץ האפרטהייד?",דה קלרק מבין שהישרדות המדינה מחייבת את סוף האפרטהייד ומתחיל במשא ומתן עם מנדלה.,"[""פרדריק וילם דה קלרק"", ""דזמונד טוטו"", ""יעקב זומה"", ""תאבו מבקי""]",0,,,,,,
course_35_l_apartheid_et_mandela_1948_1994,course_35_l_apartheid_et_mandela_1948_1994_q7,percentageSlider,עם איזה אחוז מהקולות נבחר נלסון מנדלה לנשיא באפריל 1994?,"בבחירות הרב-גזעיות הראשונות, ה-ANC ניצח ומנדלה הפך לנשיא עם 62.6% מהקולות.",,,,62.6,0.0,100.0,5.0,%
course_35_l_apartheid_et_mandela_1948_1994,course_35_l_apartheid_et_mandela_1948_1994_q8,mcq,"איזה עיקרון מציעה ועדת האמת והפיוס, בראשות דזמונד טוטו?","צדק מעבר זה מציע חנינה תמורת הודאות פומביות, כדי לבסס את האמת מבלי לפוצץ את המדינה.","[""חנינה נגד הודאות פומביות, לדעת את גורל הקורבנות"", ""הוצאה להורג שיטתית של פקידי אפרטהייד לשעבר"", ""אמנזיה קולקטיבית המוטלת על פי חוק"", ""משפט בינלאומי לכל המנהיגים הלבנים""]",0,,,,,,
course_35_l_apartheid_et_mandela_1948_1994,course_35_l_apartheid_et_mandela_1948_1994_q9,chronological,שים את השלבים הללו של האפרטהייד ונפילתו בסדר כרונולוגי.,"מהביסוס החוקי של ההפרדה ב-1948 ועד לבחירתו של מנדלה ב-1994, אבני הדרך הללו משתרעות על פני 46 שנות היסטוריה של דרום אפריקה.",,,"[""מיסוד האפרטהייד על ידי המפלגה הלאומית"", ""טבח שארפוויל"", ""שחרורו של נלסון מנדלה"", ""בחירות רב-גזעיות ובחירת מנדלה""]",,,,,
course_36_la_revolution_culturelle_en_chine_1966_1,course_36_la_revolution_culturelle_en_chine_1966_1_q1,mcq,איזה כישלון דחף את מאו לרצות להחזיר את השלטון על ידי השקת מהפכת התרבות?,"הקפיצה הגדולה קדימה (1958-1962) גרמה לרעב קטסטרופלי שהרעיד את יוקרתו של מאו, שהושמדו על ידי מנהיגים פרגמטיים יותר.","[""הכישלון של הקפיצה הגדולה קדימה, בסימן רעב ומיליוני הרוגים"", ""תבוסה צבאית נגד יפן"", ""אובדן טייוואן לידי הלאומנים"", ""כישלון הסכמי ז'נבה על הודו""]",0,,,,,,
course_36_la_revolution_culturelle_en_chine_1966_1,course_36_la_revolution_culturelle_en_chine_1966_1_q2,mcq,"מה מוקיע ה-Dazibao ""הפציץ את המטה"", שפורסם על ידי מאו ב-1966?",פוסטר קיר זה מציין את השקת מהפכת התרבות: מאו מכריז מלחמה על הממשל שלו.,"[""מנהיגי המפלגה הואשמו שהם \""רוויזיוניסטים\"""", ""הפלישה היפנית למנצ'וריה"", ""המדיניות הכלכלית של מעצמות המערב"", ""חוסר משמעת בצבא העם""]",0,,,,,,
course_36_la_revolution_culturelle_en_chine_1966_1,course_36_la_revolution_culturelle_en_chine_1966_1_q3,mcq,"איזו משימה הטיל מאו על המשמר האדום, המורכב ממיליוני תלמידי תיכון ואוניברסיטה?","חמושים בספר האדום הקטן, השומרים האדומים תוקפים את כל מה שמגלם את התרבות הישנה, משפילים מורים ואנשי מפלגה.","[""להרוס את \""ארבעת הדברים הישנים\"": רעיונות, תרבות, מנהגים והרגלים"", ""בנייה מחדש של תשתיות שנהרסו במלחמת האזרחים"", ""משא ומתן עם מעצמות המערב"", ""פיקוח על קולקטיביזציות חקלאיות חדשות""]",0,,,,,,
course_36_la_revolution_culturelle_en_chine_1966_1,course_36_la_revolution_culturelle_en_chine_1966_1_q4,trueFalse,נכון או לא נכון: משנת 1967 החלו הפלגים השונים של המשמר האדום להתנגש זה בזה.,"התנועה יוצאת משליטה ופלגים יריבים הורגים זה את זה, ומאלצים את מאו להזעיק את הצבא.","[""נכון"", ""לא נכון""]",0,,,,,,
course_36_la_revolution_culturelle_en_chine_1966_1,course_36_la_revolution_culturelle_en_chine_1966_1_q5,numericSlider,"כמה צעירים עירוניים נשלחו ""לחנך מחדש"" בכפר במהלך מהפכת התרבות?",כ-17 מיליון תושבי ערים צעירים נשלחים לאזור הכפרי כדי לסיים את הכאוס העירוני שנגרם על ידי המשמרות האדומים.,,,,17.0,5.0,40.0,3.0,מיליון
course_36_la_revolution_culturelle_en_chine_1966_1,course_36_la_revolution_culturelle_en_chine_1966_1_q6,mcq,"מי הרכיב את ""כנופיית הארבעה"", קבוצה רדיקלית שנלחמה על השלטון בסוף מהפכת התרבות?","ג'יאנג צ'ינג, אשתו של מאו, מובילה קבוצה זו של רדיקלים שנלחמים על רצף השלטון לאחר מותו של מאו.","[""קבוצה סביב ג'יאנג צ'ינג, אשתו של מאו"", ""קבוצה של גנרלים לאומנים שהוגלו לטייוואן"", ""מעגל של דיפלומטים סובייטים"", ""מנהיגים לשעבר טוהרו כמו ליו שאוקי""]",0,,,,,,
course_36_la_revolution_culturelle_en_chine_1966_1,course_36_la_revolution_culturelle_en_chine_1966_1_q7,mcq,איזו נוסחה מסכמת את התפנית הפרגמטית של דנג שיאופינג לאחר מהפכת התרבות?,"נוסחה זו ממחישה את הפרגמטיזם הכלכלי של דנג שיאופינג, המעדיף יעילות על פני אידיאולוגיה טהורה.","[""\""לא משנה אם החתול לבן או שחור, כל עוד הוא תופס עכברים\"""", ""\""לשרת את האנשים מעל הכל\"""", ""\""הכוח נמצא בקצה האקדח\"""", ""\""תנו למאה פרחים לפרוח\""""]",0,,,,,,
course_36_la_revolution_culturelle_en_chine_1966_1,course_36_la_revolution_culturelle_en_chine_1966_1_q8,mcq,איזה מחיר אנושי מוערך עבור מהפכת התרבות?,"ההערכות מציבות את המספר הישיר של בני אדם בין 500,000 ל-2 מיליון מקרי מוות, בלי לספור את חייהם שהתנפצו על ידי הרדיפה.","[""בין 500,000 ל-2 מיליון מקרי מוות ישירים"", ""פחות מ-10,000 מקרי מוות"", ""יותר מ-20 מיליון מקרי מוות, כמו במהלך הקפיצה הגדולה"", ""הערכה שנותרה לא ידועה לחלוטין""]",0,,,,,,
course_36_la_revolution_culturelle_en_chine_1966_1,course_36_la_revolution_culturelle_en_chine_1966_1_q9,chronological,שים את השלבים האלה של מהפכת התרבות בסדר כרונולוגי.,"מהפנייה של מאו ב-1966 ועד לרפורמות של דנג שיאופינג ב-1978, אבני הדרך הללו משתרעות על עשור של טיהורים ואחריהם שינוי כלכלי.",,,"[""קריאתו של מאו \""להפציץ את המפקדה\"""", ""עלייה באלימות בין פלגי המשמר האדום"", ""מותו של מאו ומעצרו של כנופיית הארבעה"", ""הרפורמות הכלכליות של דנג שיאופינג""]",,,,,
course_37_la_shoah_mecanismes_d_un_genocide,course_37_la_shoah_mecanismes_d_un_genocide_q1,mcq,"מה פירוש המילה ""שואה"" בעברית?","""שואה"" פירושו ""קטסטרופה"" בעברית, מונח שנבחר לציון רצח עם זה.","[""אסון"", ""לשחרר"", ""זכר"", ""התנגדות""]",0,,,,,,
course_37_la_shoah_mecanismes_d_un_genocide,course_37_la_shoah_mecanismes_d_un_genocide_q2,mcq,מה עשו חוקי נירנברג משנת 1935 ליהודי גרמניה?,"חוקים אלה משנת 1935 שללו מיהודי גרמניה אזרחות ואסרו על נישואי תערובת, צעד משפטי ראשון לקראת הדרה.","[""אובדן אזרחות ואיסור על איגודים מעורבים"", ""גירוש מיידי מגרמניה"", ""החרמת כל רכוש הדתי"", ""החובה לענוד כוכב צהוב""]",0,,,,,,
course_37_la_shoah_mecanismes_d_un_genocide,course_37_la_shoah_mecanismes_d_un_genocide_q3,trueFalse,"נכון או לא נכון: לאחר הפלישה לפולין ב-1939, הנאצים נעלו יהודים בגטאות כמו אלה בוורשה ובלודז'.","הגטאות כלא אוכלוסיות יהודיות בשכונות סגורות, וגרם לרעב ולמגיפות עוד לפני ההרג התעשייתי.","[""נכון"", ""לא נכון""]",0,,,,,,
course_37_la_shoah_mecanismes_d_un_genocide,course_37_la_shoah_mecanismes_d_un_genocide_q4,mcq,אילו יחידות ניידות של ה-SS רצחו קומוניסטים ואוכלוסיות יהודיות לאחר הפלישה לברית המועצות ב-1941?,קומנדו SS ניידים אלה עקבו אחר התקדמות הצבא הגרמני והרגו כמעט 1.5 מיליון בני אדם תוך כ-18 חודשים.,"[""האיינזצגרופן"", ""הוורמאכט"", ""השומרים האדומים"", ""הגסטאפו""]",0,,,,,,
course_37_la_shoah_mecanismes_d_un_genocide,course_37_la_shoah_mecanismes_d_un_genocide_q5,mcq,מדוע חיפש המשטר הנאצי מערכת שונה מירי המוני כמו בבאבי יאר?,"ירי המוני, כמו זה של באבי יאר שבו נהרגו 33,771 יהודים ביומיים, דוחפים את המשטר לעבר מערכת השמדה אנונימית יותר.","[""שיטה זו נחשבת לאטית מדי, גלויה מדי ותובענית מדי עבור המבצעים."", ""היריות לא הרגו מספיק קורבנות בבת אחת"", ""בעלות הברית איימו להפציץ את אתרי הירי"", ""עלות התחמושת הפכה להיות גבוהה מדי עבור הצבא""]",0,,,,,,
course_37_la_shoah_mecanismes_d_un_genocide,course_37_la_shoah_mecanismes_d_un_genocide_q6,mcq,מה החליטה ועידת ואנזה בינואר 1942?,עקרון ההשמדה כבר נקבע; הכנס מארגן בעיקר את הלוגיסטיקה של הגירוש בקנה מידה רחב יבשת.,"[""הארגון הלוגיסטי של גירוש כל יהודי אירופה"", ""עצם עקרון ההשמדה, הוחלט לראשונה"", ""סוף לרדיפת היהודים תמורת שלום נפרד"", ""הקמת מדינת ישראל לאחר המלחמה""]",0,,,,,,
course_37_la_shoah_mecanismes_d_un_genocide,course_37_la_shoah_mecanismes_d_un_genocide_q7,numericSlider,כמה בכירים נאצים השתתפו בוועידת ואנזה?,15 בכירים נאצים נפגשים ליד ברלין כדי לתאם את גירוש יהודי אירופה.,,,,15.0,5.0,40.0,3.0,
course_37_la_shoah_mecanismes_d_un_genocide,course_37_la_shoah_mecanismes_d_un_genocide_q8,percentageSlider,איזה חלק מאוכלוסיית יהודי אירופה לפני המלחמה נעלמה בשואה?,"מתוך כ-9 מיליון יהודי אירופה לפני המלחמה, כשני שליש נעלמו בשואה.",,,,66.0,0.0,100.0,8.0,%
course_37_la_shoah_mecanismes_d_un_genocide,course_37_la_shoah_mecanismes_d_un_genocide_q9,chronological,שים את שלבי השואה האלה בסדר כרונולוגי.,"מהדרה חוקית ב-1935 ועד לשחרור המחנות ב-1945, אבני דרך אלו מראות תהליך ממלכתי המחמיר בשלבים.",,,"[""אימוץ חוקי נירנברג למעט יהודי גרמניה"", ""ירי המוני של איינזצגרופן במזרח"", ""תיאום מנהלי של הגירוש לאנזה"", ""שחרור המחנות על ידי בעלות הברית""]",,,,,
course_38_le_11_septembre_2001,course_38_le_11_septembre_2001_q1,mcq,כמה מטוסים חטפו אנשי אל-קאעידה ב-11 בספטמבר 2001?,"19 חברי אל-קאעידה חוטפים באותו יום ארבעה מטוסים, שניים מהם פגעו במרכז הסחר העולמי.","[""ארבע"", ""דו"", ""שש"", ""שלושה""]",0,,,,,,
course_38_le_11_septembre_2001,course_38_le_11_septembre_2001_q2,mcq,מדוע החליט אוסאמה בן לאדן לפגוע במערב לאחר הנסיגה הסובייטית מאפגניסטן?,"לאחר הנסיגה הסובייטית, גינה בן לאדן את הנוכחות האמריקאית בסעודיה והחליט לפגוע במערב.","[""הוא מגנה את הנוכחות הצבאית האמריקאית בסעודיה"", ""הוא קורא לעצמאותה המיידית של אפגניסטן"", ""הוא רוצה להפיל את המשטר האיראני"", ""הוא מבקש לנקום את התבוסה הסובייטית באפגניסטן""]",0,,,,,,
course_38_le_11_septembre_2001,course_38_le_11_septembre_2001_q3,trueFalse,נכון או לא נכון: לפני 2001 לא היה שום סימן לאיום שהציב אל-קאעידה על האינטרסים האמריקאיים.,"כמה תקיפות קודמות (מרכז הסחר העולמי ב-1993, שגרירויות ב-1998, USS Cole ב-2000) כבר הכריזו על האיום, אך המידור בין ה-CIA וה-FBI מנעה את חיבור החוטים.","[""נכון"", ""לא נכון""]",1,,,,,,
course_38_le_11_septembre_2001,course_38_le_11_septembre_2001_q4,mcq,"מה קורה למטוס החטוף הרביעי, יונייטד 93?","נוסעי יונייטד 93 מתפרעים נגד החוטפים, וגורמים למטוס להתרסק בפנסילבניה לפני שהגיע ליעדו.","[""הוא מתרסק בפנסילבניה לאחר מרד הנוסעים"", ""הוא ביצע נחיתת חירום ללא נזק בוושינגטון"", ""הוא מתרסק לתוך הקפיטול בוושינגטון"", ""הוא הופל על ידי חיל האוויר האמריקאי.""]",0,,,,,,
course_38_le_11_septembre_2001,course_38_le_11_septembre_2001_q5,numericSlider,כמה אנשים מתו בפיגועים ב-11 בספטמבר 2001?,"ההתקפות הותירו 2,977 הרוגים, המספר הכבד ביותר של מתקפה על אדמת אמריקה.",,,,2977.0,1000.0,5000.0,200.0,
course_38_le_11_septembre_2001,course_38_le_11_septembre_2001_q6,mcq,"לאיזו מטרה שואף מבצע חופש מתמשך, שהושק באפגניסטן באוקטובר 2001?",מבצע זה נועד להשמיד את רשת אל-קאעידה ולהפיל את משטר הטליבאן שהגן על בן לאדן.,"[""להשמיד את אל-קאעידה ולהפיל את הטליבאן שחונן על בן לאדן"", ""להקים מונרכיה חוקתית באפגניסטן"", ""אבטח רק גבולות פקיסטן"", ""לנהל משא ומתן על הפסקת אש עם הטליבאן""]",0,,,,,,
course_38_le_11_septembre_2001,course_38_le_11_septembre_2001_q7,trueFalse,"נכון או לא נכון: מלחמת עיראק 2003 יצאה לדרך עם מנדט מפורש של האו""ם.","ארצות הברית פלשה לעיראק ב-2003 ללא מנדט של האו""ם, והאשימה כוזבת את סדאם חוסיין בהחזקת נשק להשמדה המונית.","[""נכון"", ""לא נכון""]",1,,,,,,
course_38_le_11_septembre_2001,course_38_le_11_septembre_2001_q8,mcq,היכן ומתי נהרג אוסאמה בן לאדן?,"בן לאדן נהרג ב-1 במאי 2011 בפקיסטן, במהלך פשיטה אמריקנית, כמעט עשר שנים לאחר הפיגועים.","[""בפקיסטן, מאי 2011"", ""באפגניסטן, ב-2003"", ""בעיראק, ב-2001"", ""בסעודיה, ב-2005""]",0,,,,,,
course_38_le_11_septembre_2001,course_38_le_11_septembre_2001_q9,chronological,שים את האירועים האלה של 11 בספטמבר 2001 בסדר כרונולוגי.,"שני המגדלים נפגעו תוך דקות אחד מהשני לפני שהתמוטט, המגדל הדרומי לפני המגדל הצפוני למרות שנפגע שני.",,,"[""המטוס הראשון פוגע במגדל הצפוני"", ""המטוס השני פוגע במגדל הדרומי"", ""המגדל הדרומי קורס"", ""המגדל הצפוני קורס""]",,,,,
course_39_la_democratie_athenienne,course_39_la_democratie_athenienne_q1,mcq,"מה עשה סולון, שנבחר בשנת 594 לפני הספירה, כדי לפתוח את העיר אתונה?","סולון שם קץ לעבדות החוב ומאפשר גישה לשיפוטים לפי עושר, ולא מלידה בלבד.","[""הוא מבטל את עבדות החוב ופותח שופטים לפי הון"", ""הוא קובע הגרלות לכל השופטים"", ""הוא יוצר את האקלזיה, אספה של כל האזרחים"", ""הוא מכריז על שוויון מוחלט בין גברים לנשים""]",0,,,,,,
course_39_la_democratie_athenienne,course_39_la_democratie_athenienne_q2,mcq,איזה מוסד הקים קלייסטנס בסביבות 508-507 לפני הספירה כדי לשבור את כוחם של החמולות?,"על ידי יצירת עשרה שבטים מעורבים והבולה, הקליסטנס החליש את סולידריות החמולות המסורתיות לטובת ארגון אזרחי חדש.","[""לה בול, מועצת חמש מאות שהוגרלה בהגרלה"", ""אספת האזרחים הכללית"", ""L'Héliée, בית משפט עממי"", ""נידוי, גלות זמנית של החזקים""]",0,,,,,,
course_39_la_democratie_athenienne,course_39_la_democratie_athenienne_q3,mcq,מה מבטיח איזגוריה בדמוקרטיה האתונאית תחת פריקלס?,"איסגוריה מבטיחה שלכל אזרח תהיה אותה זכות דיבור בפני האסיפה, עמוד תווך של דמוקרטיה ישירה.","[""שוויון דיבור בין אזרחים"", ""זכויות קניין לכל התושבים"", ""חופש דת למטיקים"", ""זכות הצבעה לנשים""]",0,,,,,,
course_39_la_democratie_athenienne,course_39_la_democratie_athenienne_q4,mcq,"מהי מטרת Misthos, קצבה יומית שהוקמה באתונה?","ללא פיצוי זה, אזרחים עניים לא היו יכולים להרשות לעצמם לנטוש את עבודתם כדי להשתתף בחיים הציבוריים.","[""אפשרו לאזרחים העניים ביותר לשבת במוסדות"", ""משלמים לחיילי הצבא האתונאי"", ""לממן את בניית הפרתנון"", ""מתגמל את הזוכים במשחקים האולימפיים""]",0,,,,,,
course_39_la_democratie_athenienne,course_39_la_democratie_athenienne_q5,trueFalse,"נכון או לא נכון: לנשים, עבדים ולמטיקים יש זכות הצבעה בקהלת.","רק לאזרחים גברים, בין 30,000 ל-50,000 מתוך כ-300,000 תושבים, יש זכות הצבעה.","[""נכון"", ""לא נכון""]",1,,,,,,
course_39_la_democratie_athenienne,course_39_la_democratie_athenienne_q6,numericSlider,"כמה פעמים בערך בשנה נפגשת הקהלת, אספת האזרחים, תחת פריקלס?","האקלזיה נפגשת כ-40 פעמים בשנה בגבעת פניקס כדי להצביע על חוקים, מלחמה, שלום ותקציב.",,,,40.0,10.0,100.0,5.0,פעמים
course_39_la_democratie_athenienne,course_39_la_democratie_athenienne_q7,mcq,"כיצד ממונים 6,000 המושבעים של הליה, בית המשפט העממי האתונאי?","הגרלה, באשר לבולה, מגבילה את המונופוליזציה של כוח שיפוטי על ידי אליטה, למעט תפקידים צבאיים.","[""בהגרלה אקראית"", ""בבחירה ישירה"", ""על פי מינוי האסטרטג הראשי"", ""לפי ירושה משפחתית""]",0,,,,,,
course_39_la_democratie_athenienne,course_39_la_democratie_athenienne_q8,mcq,"איזו תפיסה יש לאפלטון על הדמוקרטיה האתונאית, בסימן מותו של סוקרטס?","אפלטון, שסומן בגינויו של אדונו סוקרטס בשנת 399 לפני הספירה, מבקר דמוקרטיה שבה הרגש והדעה יכולים לגבור על התבונה.","[""הוא רואה את שלטון הדעות נגד האמת וסוג של עריצות של הרוב"", ""הוא רואה בזה משטר פוליטי מושלם ובלתי ניתן לגעת בו"", ""הוא מציע להרחיב אותו לכל ערי יוון"", ""הוא שיבח זאת בכמה נאומים פומביים""]",0,,,,,,
course_39_la_democratie_athenienne,course_39_la_democratie_athenienne_q9,chronological,שים את הרפורמות והאירועים הללו בדמוקרטיה האתונאית בסדר כרונולוגי.,"מסולון ועד מותו של סוקרטס, אבני הדרך הללו מכסות כמעט מאתיים שנים של בנייה, ואז פקפוק, של הדמוקרטיה האתונאית.",,,"[""הרפורמות של סולון"", ""הרפורמות של קלייסטנס"", ""אפוגי תחת פריקלס"", ""מותו של סוקרטס""]",,,,,
course_3_la_prise_de_rome_par_les_wisigoths_410,course_3_la_prise_de_rome_par_les_wisigoths_410_q1,mcq,מי הנהיג את הוויזיגותים במהלך כיבוש רומא בשנת 410?,"המלך אלאריק, קצין לשעבר בצבא הרומי, הנהיג את הוויזיגותים שכפו את שערי רומא באוגוסט 410.","[""אלאריק"", ""אודואקר"", ""אטילה"", ""רומולוס אוגוסטולוס""]",0,,,,,,
course_3_la_prise_de_rome_par_les_wisigoths_410,course_3_la_prise_de_rome_par_les_wisigoths_410_q2,trueFalse,"נכון או לא נכון: לפני 410, אף צבא אויב לא נכנס לרומא במשך כשמונה מאות שנים.","הכיבוש האחרון של רומא על ידי אויב מתוארך לשק הגאלי של 390 לפני הספירה. לפני הספירה, כמעט 800 שנה לפני הגעתו של אלאריק.","[""נכון"", ""לא נכון""]",0,,,,,,
course_3_la_prise_de_rome_par_les_wisigoths_410,course_3_la_prise_de_rome_par_les_wisigoths_410_q3,mcq,מדוע עזב הקיסר הונוריוס את רומא לרוונה בשנת 402?,"רוונה היא עיר באיטליה המוגנת על ידי הביצות שלה, מה שהופך אותה למקלט בטוח יותר עבור הקיסר מאשר רומא.","[""קל יותר להגן על רוונה, המוגנת על ידי הביצות שלה"", ""רומא בדיוק נהרסה בשריפה"", ""הסנאט הרומי גירש אותו מהעיר"", ""הוא רצה להתקרב לקונסטנטינופול""]",0,,,,,,
course_3_la_prise_de_rome_par_les_wisigoths_410,course_3_la_prise_de_rome_par_les_wisigoths_410_q4,mcq,מהו הפודוס הרומי המוזכר בקורס?,"כדי להחזיק בגבולותיה למרות המחסור בחיילים, האימפריה התיישבה עמים גרמניים על אדמתה בתמורה לשירותם הצבאי.","[""חוזה שבמסגרתו התיישבו עמים \""ברברים\"" בשטח רומא בתמורה לשירות צבאי"", ""מס שמשלמים המחוזות לרומא"", ""הסכם שלום שנחתם עם הפרסים"", ""חוק האוסר על גרמנים לשרת בצבא הרומי""]",0,,,,,,
course_3_la_prise_de_rome_par_les_wisigoths_410,course_3_la_prise_de_rome_par_les_wisigoths_410_q5,trueFalse,נכון או לא נכון: אלאריק היה קצין לשעבר בצבא הרומי לפני שנהפך למלך הוויזיגותים.,"אלאריק שירת בצבא הרומי לפני שהפך למנהיג הוויזיגותים, מה שמסביר את הידע שלו על המוסדות הרומיים.","[""נכון"", ""לא נכון""]",0,,,,,,
course_3_la_prise_de_rome_par_les_wisigoths_410,course_3_la_prise_de_rome_par_les_wisigoths_410_q6,mcq,איזו עבודה כתב אוגוסטינוס הקדוש כדי להגיב לזעזוע שגרם הוצאת רומא?,"מול עובדי האלילים המאשימים את הנצרות בכך שהחלישה את רומא, אוגוסטינוס מגיב ב""עיר האלוהים"" שאימפריות ארציות חולפות, אבל שהכנסייה נשארת.","[""עיר האלוהים"", ""הווידויים"", ""העיר העתיקה"", ""המלחמות הפוניות""]",0,,,,,,
course_3_la_prise_de_rome_par_les_wisigoths_410,course_3_la_prise_de_rome_par_les_wisigoths_410_q7,chronological,שים את האירועים הללו מנפילת האימפריה הרומית המערבית בסדר כרונולוגי.,"שלבים אלה נעים בין 402 ל-476: הנסיגה לרוונה מקדימה את השק הוויזיגות, ולאחר מכן את השק הונדלי ההרסני יותר, עד לסוף האימפריה המערבית.",,,"[""הונוריוס נוטש את רומא למען רוונה"", ""שק רומא על ידי אלאריק והוויזיגותים"", ""שק של רומא על ידי הוונדלים"", ""תצהיר של הקיסר המערבי האחרון""]",,,,,
course_3_la_prise_de_rome_par_les_wisigoths_410,course_3_la_prise_de_rome_par_les_wisigoths_410_q8,numericSlider,באיזו שנה בזזו אלאריק והוויזיגותים את רומא?,"השביתה של רומא על ידי הוויזיגותים התרחשה באוגוסט 410, הלם לכל העולם העתיק.",,,,410.0,350.0,500.0,5.0,
course_3_la_prise_de_rome_par_les_wisigoths_410,course_3_la_prise_de_rome_par_les_wisigoths_410_q9,numericSlider,באיזו שנה הודח הקיסר הרומי המערבי האחרון?,"בשנת 476, המנהיג אודוקר הדיח את רומולוס אוגוסטולוס, ובכך סיים את האימפריה הרומית המערבית.",,,,476.0,400.0,550.0,5.0,
course_40_la_guerre_de_secession_americaine_1861_1,course_40_la_guerre_de_secession_americaine_1861_1_q1,mcq,מה גרם לבחירתו של אברהם לינקולן בנובמבר 1860?,"לינקולן, רפובליקני המתנגד להרחבת העבדות, נבחר ללא קול דרומי אחד, מה שגרם להתנתקותן של שבע מדינות.","[""הפרידה של שבע מדינות דרום שייסדו את הקונפדרציה"", ""חתימה מיידית על הסכם שלום עם הדרום"", ""ביטול מיידי של העבדות בכל הארץ"", ""ברית צבאית בין צפון לדרום""]",0,,,,,,
course_40_la_guerre_de_secession_americaine_1861_1,course_40_la_guerre_de_secession_americaine_1861_1_q2,mcq,על איזו כלכלה התבסס הדרום בעיקר לפני מלחמת האזרחים?,"הדרום נותר כלכלה כפרית, המבוססת על ייצור כותנה על ידי כוח עבודה של 4 מיליון עבדים.","[""כותנה המיוצרת על ידי כ-4 מיליון עבדים"", ""תעשיית הטקסטיל המעסיקה עובדים בשכר"", ""סחר ימי עם אירופה"", ""כריית פחם""]",0,,,,,,
course_40_la_guerre_de_secession_americaine_1861_1,course_40_la_guerre_de_secession_americaine_1861_1_q3,trueFalse,"נכון או שקר: קרב אנטיאטם, בספטמבר 1862, נותר היום העקוב מדם בהיסטוריה הצבאית האמריקאית.","עם כ-23,000 נפגעים ב-12 שעות, אנטיאטם נותר היום הקטלני ביותר בהיסטוריה הצבאית של ארצות הברית.","[""נכון"", ""לא נכון""]",0,,,,,,
course_40_la_guerre_de_secession_americaine_1861_1,course_40_la_guerre_de_secession_americaine_1861_1_q4,mcq,מה השתנה בהצהרת האמנציפציה שנחתמה על ידי לינקולן ב-1 בינואר 1863?,"על ידי שחרור העבדים של מדינות המורדים, לינקולן הפך את המלחמה למען האיחוד למלחמת חירות, שסגרה את הדלת לתמיכה אירופית בדרום.","[""היא משחררת עבדים במדינות מרדניות והופכת את המלחמה למאבק על חירות"", ""היא מסיימת מיד את המלחמה עם שביתת נשק"", ""היא מעניקה זכות הצבעה לכל העבדים המשוחררים"", ""היא קובעת גיוס חובה בדרום""]",0,,,,,,
course_40_la_guerre_de_secession_americaine_1861_1,course_40_la_guerre_de_secession_americaine_1861_1_q5,numericSlider,כמה אנשים מתו בסך הכל במהלך מלחמת האזרחים?,"מלחמת האזרחים הותירה יותר מ-620,000 הרוגים, מספר ההרוגים שנותר הכבד ביותר בהיסטוריה הצבאית האמריקאית.",,,,620000.0,300000.0,900000.0,50000.0,
course_40_la_guerre_de_secession_americaine_1861_1,course_40_la_guerre_de_secession_americaine_1861_1_q6,mcq,"איזה גנרל של הקונפדרציה נכנע באפומטוקס ב-9 באפריל 1865, שסימן את סיום הלחימה?","רוברט אי לי, הגנרל המוביל של הקונפדרציה, נכנע ליוליסס גרנט באפומטוקס, ומסיים את המלחמה.","[""רוברט אי לי"", ""ג'פרסון דייויס"", ""ויליאם טקומסה שרמן"", ""יוליסס גרנט""]",0,,,,,,
course_40_la_guerre_de_secession_americaine_1861_1,course_40_la_guerre_de_secession_americaine_1861_1_q7,trueFalse,נכון או לא נכון: אברהם לינקולן נרצח לפני כניעתו של רוברט אי לי באפומטוקס.,"לינקולן נרצח על ידי ג'ון ווילקס בות' חמישה ימים לאחר כניעתו של לי באפומטוקס, לא לפני כן.","[""נכון"", ""לא נכון""]",1,,,,,,
course_40_la_guerre_de_secession_americaine_1861_1,course_40_la_guerre_de_secession_americaine_1861_1_q8,mcq,"מה עשה התיקון ה-13, שאומץ בדצמבר 1865?","התיקון ה-13 עיגן את ביטול העבדות בחוקה, והשלים את הצהרת האמנציפציה.","[""הוא ביטל את העבדות בכל הארץ"", ""הוא מעניק לנשים זכות בחירה"", ""הוא יצר את הקו קלוקס קלאן"", ""הוא הקים הפרדה חוקית בדרום""]",0,,,,,,
course_40_la_guerre_de_secession_americaine_1861_1,course_40_la_guerre_de_secession_americaine_1861_1_q9,chronological,שים את השלבים האלה של מלחמת האזרחים בסדר כרונולוגי.,"מבחירתו של לינקולן ב-1860 ועד לכניעתו של לי ב-1865, אבני הדרך הללו מכסות את כל הסכסוך ואת תפנית הביטול שלו.",,,"[""בחירתו של אברהם לינקולן"", ""הפצצת פורט סאמטר"", ""הכרזת האמנציפציה"", ""כניעה של רוברט אי לי באפומטוקס""]",,,,,
course_41_pourquoi_le_ciel_est_il_bleu,course_41_pourquoi_le_ciel_est_il_bleu_q1,mcq,מדוע השמיים נראים לנו כחולים?,גלים קצרים כמו כחול מפוזרים הרבה יותר על ידי מולקולות אוויר מאשר גלים ארוכים כמו אדום: זהו פיזור ריילי.,"[""מולקולות אוויר מפזרות אור כחול הרבה יותר מאור אדום"", ""השמש פולטת רק אור כחול"", ""האווירה עצמה נגועה בכחול"", ""העיניים שלנו מוסיפות באופן מלאכותי כחול למה שאנחנו מסתכלים עליו""]",0,,,,,,
course_41_pourquoi_le_ciel_est_il_bleu,course_41_pourquoi_le_ciel_est_il_bleu_q2,trueFalse,"נכון או לא נכון: על הירח, באור יום, השמיים נראים שחורים.","ללא אוויר כדי לפזר את האור, אין דבר שיצבע את שמי הירח: הם נשארים שחורים גם באור יום.","[""נכון"", ""לא נכון""]",0,,,,,,
course_41_pourquoi_le_ciel_est_il_bleu,course_41_pourquoi_le_ciel_est_il_bleu_q3,numericSlider,בערך פי כמה יותר מפוזר אור כחול מאור אדום על ידי האטמוספירה?,"לפי פיזור ריילי, כחול מפוזר בערך פי 9 יותר מאדום על ידי מולקולות אוויר.",,,,9.0,1.0,20.0,1.0,פעמים
course_41_pourquoi_le_ciel_est_il_bleu,course_41_pourquoi_le_ciel_est_il_bleu_q4,mcq,מי ניסח מתמטית את תופעת הדיפוזיה הזו ב-1871?,הפיזיקאי הבריטי לורד ריילי תיאר ב-1871 כיצד מולקולות אוויר מפזרות צבעים בצורה שונה בהתאם לאורך הגל שלהן.,"[""לורד ריילי"", ""אייזק ניוטון"", ""אלברט איינשטיין"", ""ג'יימס קלרק מקסוול""]",0,,,,,,
course_41_pourquoi_le_ciel_est_il_bleu,course_41_pourquoi_le_ciel_est_il_bleu_q5,mcq,"מדוע השמיים אינם סגולים, למרות שהסגול מפוזר אפילו יותר מכחול?","השמש שולחת יותר אור כחול מאשר סגול, וחרוט העין שלנו רגיש יותר לכחול: לכן המוח קולט שמיים כחולים.","[""השמש פולטת יותר כחול והעיניים שלנו רגישות יותר אליו"", ""הסגול נספג לחלוטין באוזון"", ""סגול לעולם אינו עובר באטמוספירה"", ""אין סגול באור השמש""]",0,,,,,,
course_41_pourquoi_le_ciel_est_il_bleu,course_41_pourquoi_le_ciel_est_il_bleu_q6,trueFalse,"נכון או לא נכון: בשקיעה, האור עובר בעובי אוויר גדול יותר מאשר בצהריים.","כשהשמש נמוכה, הקרניים שלה עוברות בשכבת אוויר ארוכה בהרבה, שמפזרת את כל הכחול ומאפשרת רק אדום וכתום לעבור.","[""נכון"", ""לא נכון""]",0,,,,,,
course_41_pourquoi_le_ciel_est_il_bleu,course_41_pourquoi_le_ciel_est_il_bleu_q7,mcq,"מהו הצבע השולט של השמיים על מאדים במהלך היום, בניגוד לכדור הארץ?","במאדים, אבק עשיר בתחמוצת ברזל מפזר את האור בצורה שונה מאשר בכדור הארץ: השמיים ורודים במהלך היום, אבל השקיעות כחולות.","[""רוזה, עקב אבק עשיר בברזל"", ""כחול תכלת כמו על כדור הארץ"", ""ירוק, בגלל מתאן"", ""שחור, כי למאדים אין אטמוספירה""]",0,,,,,,
course_41_pourquoi_le_ciel_est_il_bleu,course_41_pourquoi_le_ciel_est_il_bleu_q8,trueFalse,נכון או לא נכון: מולקולות החנקן והחמצן באוויר הן בעיקר שמפיצות את אור השמש.,"האוויר מלא במולקולות גז זעירות, בעיקר חנקן וחמצן, שמפזרות אור לכל הכיוונים.","[""נכון"", ""לא נכון""]",0,,,,,,
course_42_pourquoi_reve_t_on,course_42_pourquoi_reve_t_on_q1,mcq,באיזה שלב בשינה נולדים רוב החלומות הארוכים והנרטיביים?,"במהלך שינה פרדוקסלית, שבה המוח פעיל כמעט כמו שהוא ער, נולדים במיוחד חלומות ארוכים וסיפוריים.","[""שנת REM"", ""שינה עמוקה"", ""שינה קלה"", ""שנת צהריים""]",0,,,,,,
course_42_pourquoi_reve_t_on,course_42_pourquoi_reve_t_on_q2,trueFalse,"נכון או לא נכון: במהלך שנת REM, הגוף משותק בעוד המוח פעיל כמעט כמו שהוא ער.","שנת REM היא שלב שבו המוח מופעל מאוד בזמן שהגוף נשאר משותק, ומונע מהחלום להתנגן פיזית.","[""נכון"", ""לא נכון""]",0,,,,,,
course_42_pourquoi_reve_t_on,course_42_pourquoi_reve_t_on_q3,mcq,למה אנחנו שוכחים את רוב החלומות שלנו כל כך מהר אחרי שהתעוררנו?,"במהלך שינה פרדוקסלית, רמת הנוראדרנלין יורדת, מה שמותיר את החלום בזיכרון שביר מאוד, מוחלף במהירות על ידי גירויי ההתעוררות.","[""רמות הנוראפינפרין יורדות במהלך שנת REM, מה שמחליש את הזיכרון"", ""המוח מוחק מרצונו חלומות מיותרים"", ""חלומות לעולם אינם נרשמים בזיכרון"", ""אנחנו ישנים פחות חזק בסוף הלילה""]",0,,,,,,
course_42_pourquoi_reve_t_on,course_42_pourquoi_reve_t_on_q4,numericSlider,כמה שעות בערך אנחנו מבלים בחלום בכל לילה?,"אנו חולמים כשעתיים בכל לילה, מה שמייצג כמעט שש שנים מכל חיינו.",,,,2.0,0.0,6.0,0.5,שעות
course_42_pourquoi_reve_t_on,course_42_pourquoi_reve_t_on_q5,mcq,מהי הדרך הטובה ביותר להיזכר בחלום?,"זיכרון החלום שביר מאוד: ברגע שאנו זזים או חושפים את עצמנו לאור ולמחשבות של היום, הוא דועך, ולכן יש לציין זאת מיד.","[""רשום את זה מיד כשאתה מתעורר, לפני שתזוז"", ""עצום את העיניים בחוזקה תוך כדי ריכוז"", ""שתו כוס מים גדולה"", ""חכה לערב כדי לחשוב על זה""]",0,,,,,,
course_42_pourquoi_reve_t_on,course_42_pourquoi_reve_t_on_q6,mcq,"לפי רעיונות מחקר עדכניים, למה יכול לשמש לחלום?","שלושה אפיקים שולטים היום: מיון זיכרון, אימון לסכנה ללא סיכון ממשי, ועיכול הרגשות העזים של היום.","[""מיון זיכרון, אימון לסכנה ועיכול רגשות"", ""מגיעים למנוחה מוחלטת ללא כל פעילות מוחית"", ""חוזר רק על זיכרונות ילדות מוקדמים"", ""לייצר הורמוני גדילה""]",0,,,,,,
course_42_pourquoi_reve_t_on,course_42_pourquoi_reve_t_on_q7,mcq,מהו חלום צלול?,"בחלום צלול אנו הופכים מודעים לכך שאנו חולמים בעודנו ישנים, מה שמאפשר לעיתים להשפיע על החלום.","[""חלום שבו אתה מבין שאתה חולם בעודך ישן"", ""חלום שאתה זוכר בצורה מושלמת כשאתה מתעורר"", ""חלום שנגרם על ידי כדור שינה"", ""חלום שנמשך רק כמה שניות""]",0,,,,,,
course_42_pourquoi_reve_t_on,course_42_pourquoi_reve_t_on_q8,mcq,איזה אזור במוח מופעל מחדש מעט במהלך חלום צלול?,"קליפת המוח הקדם-מצחית, המעורבת בהיגיון ובהשתקפות עצמית, חוזרת מעט במהלך חלום צלול, ומאפשרת לאדם להבין שהוא חולם.","[""קליפת המוח הקדם-מצחית, מקושרת להיגיון ולהשתקפות עצמית"", ""המוח הקטן, שמנהל שיווי משקל"", ""סוס הים לבדו"", ""גזע המוח""]",0,,,,,,
course_43_pourquoi_la_glace_flotte_t_elle,course_43_pourquoi_la_glace_flotte_t_elle_q1,mcq,מדוע קרח צף על מים נוזליים?,"כשהם מתמצקים, המים יוצרים רשת משושה אוורירית יותר שמותירה יותר מרווח בין המולקולות, מה שהופך אותם לפחות צפופים ממים נוזליים.","[""הוא פחות צפוף, כי הרשת המולקולרית שלו משאירה יותר ריק"", ""זה קר יותר, ולכן קל יותר"", ""האוויר הכלוא בקרח הופך אותו לקל יותר"", ""המלח במים דוחף אותו כלפי מעלה""]",0,,,,,,
course_43_pourquoi_la_glace_flotte_t_elle,course_43_pourquoi_la_glace_flotte_t_elle_q2,trueFalse,"נכון או לא נכון: עבור רוב החומרים, המוצק צפוף יותר מהנוזל ושוקע.","מים הם יוצאי דופן: בניגוד לרוב החומרים, המוצק שלהם, הקרח, הוא פחות צפוף מהנוזל שלהם.","[""נכון"", ""לא נכון""]",0,,,,,,
course_43_pourquoi_la_glace_flotte_t_elle,course_43_pourquoi_la_glace_flotte_t_elle_q3,mcq,מהי צורת מולקולת המים שמסבירה את ההתנהגות המסוימת הזו?,"מולקולת המים יוצרת צורת V, המפזרת מטענים חשמליים בצורה לא אחידה ויוצרת קשרי מימן בין מולקולות שכנות.","[""V, עם אטום חמצן אחד ושני אטומי מימן"", ""קו ישר"", ""מעגל מושלם"", ""צלב ארבע קצוות""]",0,,,,,,
course_43_pourquoi_la_glace_flotte_t_elle,course_43_pourquoi_la_glace_flotte_t_elle_q4,mcq,מה יכול לקרות אם שמים בקבוק מים מלא במקפיא?,"מכיוון שקרח תופס יותר נפח ממים נוזליים, בקבוק מלא יכול להתפוצץ כשהוא קופא.","[""זה יכול להתפוצץ כי קרח תופס יותר נפח ממים נוזליים"", ""זה מתחמם מעט"", ""שום דבר מיוחד לא קורה"", ""הוא נהיה קל יותר מבלי לשנות את עוצמת הקול""]",0,,,,,,
course_43_pourquoi_la_glace_flotte_t_elle,course_43_pourquoi_la_glace_flotte_t_elle_q5,numericSlider,"באיזו טמפרטורה, במעלות צלזיוס, המים מתמצקים?","מים מתמצקים בסביבות 0°C, ויוצרים רשת משושה שצפופה פחות ממים נוזליים.",,,,0.0,-10.0,10.0,1.0,°C
course_43_pourquoi_la_glace_flotte_t_elle,course_43_pourquoi_la_glace_flotte_t_elle_q6,mcq,מדוע חיוני שהקרח צף ולא ישקע באגמים?,"קרח על פני השטח מבודד את המים שמתחת, שיכולים להישאר סביב 4 מעלות צלזיוס, מספיק לדגים וצמחי מים לשרוד את החורף.","[""הוא יוצר כיסוי מבודד המאפשר למים הנוזלים שמתחתיו להישאר חמים מספיק לחיים מימיים"", ""זה מונע כל אידוי מהאגם"", ""זה מחמם ישירות את קרקעית האגם"", ""הוא חוסם את זרמי הים שמסביב""]",0,,,,,,
course_43_pourquoi_la_glace_flotte_t_elle,course_43_pourquoi_la_glace_flotte_t_elle_q7,numericSlider,"בסביבות איזו טמפרטורה, במעלות צלזיוס, יכולים להישאר מים נוזליים מתחת לקרח של אגם קפוא?","מתחת לקרח המבודד, מים נוזליים יכולים להישאר בסביבות 4 מעלות צלזיוס, טמפרטורה מספקת לשרוד חיים מימיים.",,,,4.0,0.0,10.0,1.0,°C
course_43_pourquoi_la_glace_flotte_t_elle,course_43_pourquoi_la_glace_flotte_t_elle_q8,mcq,מהי ההשפעה האקלימית של הפשרת חבילת הקרח הלבנה?,"קרח לבן מחזיר את אור השמש לחלל; אם הוא נעלם, האוקיינוס האפל סופג יותר חום ומאיץ את ההתחממות.","[""האוקיינוס האפל סופג יותר חום, ומאיץ את ההתחממות"", ""זה מקרר את כדור הארץ כי יש יותר מים נוזליים"", ""אין לזה השפעה על האקלים"", ""זה רק מגדיל את כמות המלח באוקיינוסים""]",0,,,,,,
course_44_pourquoi_l_eau_de_mer_est_elle_salee,course_44_pourquoi_l_eau_de_mer_est_elle_salee_q1,mcq,מאיפה מגיע רוב המלח באוקיינוסים?,"גשם מעט חומצי שוחק סלעים, ונהרות נושאים מינרלים מומסים, בעיקר נתרן וכלור, לים.","[""משחיקת סלעים ביבשות, מובלים על ידי נהרות"", ""דגים מתפרקים ואצות ים"", ""גשם המכיל מלח מיד עם היווצרותו"", ""ריסוס נופל ישירות לים""]",0,,,,,,
course_44_pourquoi_l_eau_de_mer_est_elle_salee,course_44_pourquoi_l_eau_de_mer_est_elle_salee_q2,mcq,מדוע הנהרות המובילים מלח לים אינם מלוחים בעצמם?,"בנהרות, המלח נשאר מדולל מאוד והמים מתחדשים כל הזמן, שלא כמו באוקיינוס בו הם מצטברים.","[""המלח מדולל מאוד והמים מתחדשים כל הזמן"", ""הם למעשה אינם מכילים מינרלים"", ""מלח שוקע לקרקעית לפני שהוא מגיע לים"", ""דגי מים מתוקים סופגים את כל המלח""]",0,,,,,,
course_44_pourquoi_l_eau_de_mer_est_elle_salee,course_44_pourquoi_l_eau_de_mer_est_elle_salee_q3,mcq,מדוע מצטבר מלח בים עם הזמן?,בהשפעת השמש מי ים מתאדים ומשאירים אחריו מלח שהצטבר כבר מיליארדי שנים.,"[""המים מתאדים וחוזרים לשמים, אבל המלח נשאר"", ""מלח מופק ישירות על ידי הגלים"", ""מלח מגיע רק מהרי געש תת-מימיים"", ""דגים משחררים מלח למים""]",0,,,,,,
course_44_pourquoi_l_eau_de_mer_est_elle_salee,course_44_pourquoi_l_eau_de_mer_est_elle_salee_q4,numericSlider,כמה גרם מלח בערך יש בליטר מי ים?,ליטר מי ים מכיל בממוצע כ-35 גרם מלח.,,,,35.0,0.0,60.0,5.0,ז
course_44_pourquoi_l_eau_de_mer_est_elle_salee,course_44_pourquoi_l_eau_de_mer_est_elle_salee_q5,mcq,מה קורה כאשר מים עיליים קופאים בקטבים?,"כאשר מים עיליים קופאים, הם משחררים חלק מהמלח שלהם למים הנוזלים שמסביב, שהופכים צפופים יותר ושוקעים לתחתית.","[""המלח משתחרר בחלקו למים הנוזליים שמסביב, שהופכים צפופים יותר ושוקעים"", ""המלח מתאדה עם הקרח שנוצר"", ""המים שמסביב הופכים מיד לרכים"", ""המלח מתמוסס לחלוטין בתוך הקרח""]",0,,,,,,
course_44_pourquoi_l_eau_de_mer_est_elle_salee,course_44_pourquoi_l_eau_de_mer_est_elle_salee_q6,trueFalse,נכון או לא נכון: תנועה זו של צלילת מי מלח צפופים בקטבים עוזרת להניע זרמי אוקיינוס גדולים.,"מי המלח הצפופים הטובלים בקטבים משתתפים במחזור של זרמי אוקיינוס מרכזיים, המעבירים חום וחומרי מזון מסביב לכדור הארץ.","[""נכון"", ""לא נכון""]",0,,,,,,
course_44_pourquoi_l_eau_de_mer_est_elle_salee,course_44_pourquoi_l_eau_de_mer_est_elle_salee_q7,mcq,מדוע המליחות אינה זהה בכל מקום באוקיינוסים?,"ליד קו המשווה, אידוי חזק מרכז את המלח, בעוד ליד נהרות או קרח נמס המים רכים יותר.","[""זה תלוי באידוי מקומי ובתשומות מים מתוקים, כגון נהרות או קרח נמס."", ""זה תלוי רק בעומק המים"", ""זה אותו דבר בכל מקום, רק הטמפרטורה משתנה"", ""זה תלוי בצבע המים שם.""]",0,,,,,,
course_44_pourquoi_l_eau_de_mer_est_elle_salee,course_44_pourquoi_l_eau_de_mer_est_elle_salee_q8,percentageSlider,כמה משטח כדור הארץ מכוסה באוקיינוסים?,האוקיינוסים מכסים יותר מ-70% משטח כדור הארץ.,,,,70.0,0.0,100.0,5.0,%
course_45_pourquoi_y_a_t_il_des_saisons,course_45_pourquoi_y_a_t_il_des_saisons_q1,mcq,מה הסיבה האמיתית לעונות השנה?,"עונות השנה מגיעות מהטיה של ציר כדור הארץ, מה שאומר שחצי כדור מקבל אור שמש פחות או יותר ישירות בהתאם לתקופת השנה.","[""הטיית ציר הסיבוב של כדור הארץ"", ""המרחק המשתנה בין כדור הארץ לשמש"", ""מהירות הסיבוב של כדור הארץ על עצמו"", ""פעילות כתמי שמש""]",0,,,,,,
course_45_pourquoi_y_a_t_il_des_saisons,course_45_pourquoi_y_a_t_il_des_saisons_q2,trueFalse,נכון או לא נכון: בקיץ חם יותר כי כדור הארץ קרוב יותר לשמש.,"זה שקר: בינואר, כדור הארץ אפילו קצת יותר קרוב לשמש מאשר ביולי, למרות שחורף בחצי הכדור הצפוני.","[""נכון"", ""לא נכון""]",1,,,,,,
course_45_pourquoi_y_a_t_il_des_saisons,course_45_pourquoi_y_a_t_il_des_saisons_q3,numericSlider,כמה מעלות נוטה ציר כדור הארץ ביחס למסלולו?,"ציר כדור הארץ נוטה כ-23.5 מעלות ממסלולו, מה שגורם לעונות השנה.",,,,23.5,0.0,45.0,2.0,°
course_45_pourquoi_y_a_t_il_des_saisons,course_45_pourquoi_y_a_t_il_des_saisons_q4,mcq,מדוע חם יותר כאשר חצי כדור אחד נוטה לכיוון השמש?,"כאשר חצי כדור נוטה לכיוון השמש, הימים מתארכים והקרניים פוגעות בקרקע בצורה ישירה יותר, מה שמרכז את האנרגיה המתקבלת.","[""הימים ארוכים יותר והקרניים מגיעות בצורה ישירה יותר, ומרכזות את האנרגיה"", ""השמש גדלה בתקופה זו של השנה"", ""האווירה נעשית עדינה יותר במקום הזה"", ""כדור הארץ מסתובב מהר יותר על צירו""]",0,,,,,,
course_45_pourquoi_y_a_t_il_des_saisons,course_45_pourquoi_y_a_t_il_des_saisons_q5,mcq,"מה מוכיחה העובדה שבינואר כדור הארץ קרוב יותר לשמש מאשר ביולי, למרות שחורף בחצי הכדור הצפוני?","הבדל זה במרחק מראה בבירור שלא זה הוא הקובע את עונות השנה, אלא נטיית ציר כדור הארץ.","[""שהמרחק מהשמש אינו מסביר את עונות השנה"", ""שהשמש חלשה יותר בינואר"", ""שחצי הכדור הדרומי מקבל את כל החום מכדור הארץ"", ""שהעונות הן בעצם אקראיות""]",0,,,,,,
course_45_pourquoi_y_a_t_il_des_saisons,course_45_pourquoi_y_a_t_il_des_saisons_q6,mcq,"מה קורה ליד קו המשווה, שבו הטיית כדור הארץ משנה מעט את אורך היום?","ליד קו המשווה, אורך היום משתנה מעט בכל ימות השנה, מה שמעניק עונות יבשות ורטובות ולא ארבע עונות אמיתיות.","[""אין באמת ארבע עונות, אלא תקופות יבשות ולחות יותר"", ""יש קיץ תמידי בלי שום חורף"", ""ימים נמשכים שם פי שניים מאשר במקומות אחרים"", ""השמש לעולם לא נראית שם""]",0,,,,,,
course_45_pourquoi_y_a_t_il_des_saisons,course_45_pourquoi_y_a_t_il_des_saisons_q7,mcq,מה היה קורה אם ציר כדור הארץ לא היה מוטה כלל?,"ללא הטיה, כל מיקום יקבל כמות קבועה בערך של אור שמש כל השנה, וימחק את עונות השנה.","[""כל מקום יקבל בערך אותה כמות של אור שמש כל השנה, ללא קיץ או חורף אמיתיים"", ""העונות יהיו מסומנות פי שניים מהיום"", ""כדור הארץ כבר לא יסתובב סביב השמש"", ""ימים ולילות ייעלמו לחלוטין""]",0,,,,,,
course_45_pourquoi_y_a_t_il_des_saisons,course_45_pourquoi_y_a_t_il_des_saisons_q8,mcq,"בקטבים, מה ההשפעה הקיצונית של הטיית כדור הארץ?","בקטבים, הטיית כדור הארץ מייצרת השפעה קיצונית: מספר חודשים של יום רצוף בקיץ ומספר חודשי לילה בחורף.","[""מספר חודשים של יום רצוף בקיץ, מספר חודשים של לילה בחורף"", ""רעידות אדמה תכופות יותר"", ""היפוך של השדה המגנטי של כדור הארץ"", ""עונה אחת זהה כל השנה""]",0,,,,,,
course_46_comment_les_avions_volent_ils,course_46_comment_les_avions_volent_ils_q1,mcq,מהם ארבעת הכוחות העיקריים הפועלים על מטוס בטיסה?,"מטוס בטיסה חווה ארבעה כוחות עיקריים: דחף קדימה, גרירת בלימה, משקל כלפי מטה והרמה כלפי מעלה.","[""דחף, גרירה, משקל והרמה"", ""כוח הכבידה, חום, רוח ולחץ"", ""מהירות, מסה, צבע וצורה"", ""גובה, טמפרטורה, לחות ולחץ""]",0,,,,,,
course_46_comment_les_avions_volent_ils,course_46_comment_les_avions_volent_ils_q2,mcq,מדוע צורת הכנף יוצרת עילוי?,"הפרופיל הכיפתי של הכנף מאיץ את האוויר העובר מעליה, מה שמוריד את הלחץ ויוצר הפרש לחצים המרים את הכנף.","[""האוויר עובר מהר יותר מעל הכנף, מה שמוריד את הלחץ לעומת מתחת"", ""הכנף ממוגנטת על ידי האדמה"", ""המנוע נושף אוויר ישירות מתחת לכנף"", ""הכנף מחממת את האוויר העובר דרכה""]",0,,,,,,
course_46_comment_les_avions_volent_ils,course_46_comment_les_avions_volent_ils_q3,trueFalse,"נכון או לא נכון: מטוס טס כי הוא קל יותר מאוויר, כמו בלון הליום.","מטוס הוא הרבה יותר צפוף מאוויר: הוא טס כי הוא מאלץ את האוויר לשאת אותו, הודות למהירותו וצורת כנפיו.","[""נכון"", ""לא נכון""]",1,,,,,,
course_46_comment_les_avions_volent_ils,course_46_comment_les_avions_volent_ils_q4,mcq,למה מטוס צריך מסלול המראה ארוך כדי להמריא?,"ללא מספיק מהירות, האוויר העובר מעל הכנף אינו יוצר מספיק עילוי; המסלול הארוך מאפשר למנועים להאיץ את המטוס במידה מספקת.","[""עליך להשיג מהירות מספקת כדי ליצור מספיק עילוי"", ""לתת לנוסעים זמן להתמקם"", ""לקרר את המנועים לפני הטיסה"", ""כדי למנוע מערבולות בקרקע""]",0,,,,,,
course_46_comment_les_avions_volent_ils,course_46_comment_les_avions_volent_ils_q5,mcq,איך מטוס מסתובב הצידה?,"הגלגלים, חלקים נעים של הכנפיים, מאפשרים להטות את המטוס הצידה כדי לסובב אותו.","[""על ידי הטיית המטוס באמצעות הגלגלים, חלקים נעים של הכנפיים"", ""על ידי עצירת אחד משני המנועים"", ""על ידי שינוי צורת גוף המטוס"", ""על ידי פתיחת דשי הנחיתה""]",0,,,,,,
course_46_comment_les_avions_volent_ils,course_46_comment_les_avions_volent_ils_q6,mcq,מה עושים הדשים הנמשכים מהכנף בזמן הנחיתה?,"דשים מגדילים את הרמה של הכנף, ומאפשרים למטוס להישאר באוויר גם בעת האטה לנחיתה.","[""הם מגבירים את העילוי במהירויות נמוכות"", ""הם בלמו ישירות את המטוס על המסלול"", ""הם מצננים את המנועים"", ""הם מפחיתים את משקל המטוס""]",0,,,,,,
course_46_comment_les_avions_volent_ils,course_46_comment_les_avions_volent_ils_q7,mcq,מה ההבדל העיקרי בין ציפור למטוס כשמדובר בתנועה באוויר?,"גם כנפי הציפור וגם המטוס יוצרים עילוי, אבל הציפור מנפנפת בכנפיה כדי לנוע קדימה בזמן שהמטוס משתמש במנועיו.","[""הציפור מנפנפת בכנפיה כדי להתקדם, המטוס נע קדימה הודות למנועיו"", ""הציפור אינה זקוקה להרמה כדי לעוף"", ""למטוס אין כנפיים בכלל"", ""הציפור תמיד עפה מהר יותר ממטוס""]",0,,,,,,
course_46_comment_les_avions_volent_ils,course_46_comment_les_avions_volent_ils_q8,mcq,"בטיסת שיוט, מה קורה כאשר המטוס נע במהירות קבועה בערך?",בשיוט ההרמה מפצה בדיוק על המשקל ודחף המנועים מפצה על הגרר ששומר על מהירות יציבה.,"[""הרמה מאזנת משקל, ודחף מאזנת גרירה"", ""משקל המטוס הופך לאפס"", ""מנועים עוצרים לחלוטין"", ""הפס נעלם לחלוטין""]",0,,,,,,
course_47_pourquoi_baille_t_on,course_47_pourquoi_baille_t_on_q1,mcq,"למה אנחנו מפהקים, לפי ההסברים הנוכחיים המוצקים ביותר?","הרעיון החזק ביותר כיום הוא שפיהוק עוזר לווסת את טמפרטורת המוח, מה שהופך אותו לאוורר וקריר משהו.","[""כדי לעזור לווסת את טמפרטורת המוח"", ""למלא את הדם בחמצן"", ""לשחרור עודף פחמן דו חמצני"", ""למתוח רק את שרירי הצוואר""]",0,,,,,,
course_47_pourquoi_baille_t_on,course_47_pourquoi_baille_t_on_q2,trueFalse,נכון או לא נכון: ניסויים הראו שהגברת החמצן באוויר אינה מונעת פיהוק.,"ניסויים הראו שלא יותר חמצן ולא פחות פחמן דו חמצני מונעים פיהוק, ושוללים את הרעיון של חוסר פשוט באוויר.","[""נכון"", ""לא נכון""]",0,,,,,,
course_47_pourquoi_baille_t_on,course_47_pourquoi_baille_t_on_q3,mcq,מדוע פיהוק מדבק בבני אדם?,"לראות או לשמוע מישהו מפהק מפעילים מעגלים הקשורים לאמפתיה ונוירוני מראה, אשר בתורו מפעילים פיהוק.","[""זה משפיע על אמפתיה ומעגלים הקשורים לנוירוני מראה"", ""זה נגרם מחוסר אוויר משותף בחדר"", ""זה מועבר רק על ידי קול הנשימה"", ""זה לא ממש מדבק, זה צירוף מקרים""]",0,,,,,,
course_47_pourquoi_baille_t_on,course_47_pourquoi_baille_t_on_q4,numericSlider,מאיזה שבוע של ההריון בערך מתחיל העובר לפהק?,"עוברים מפהקים בסביבות השבוע האחד-עשר להריון, הרבה לפני שהם נושמים אוויר.",,,,11.0,1.0,20.0,2.0,שבועות
course_47_pourquoi_baille_t_on,course_47_pourquoi_baille_t_on_q5,mcq,"מדוע מפהק העובר מוכיח שזה לא בגלל ""חוסר חמצן""?","העובר מפהק למרות שריאותיו עדיין אינן נושמות אוויר, מה שמראה שפיהוק אינו קשור למחסור בחמצן.","[""כי בשלב זה הריאות שלו עדיין לא נושמות אוויר"", ""כי לעובר אין עדיין מוח"", ""כי העובר ישן כל הזמן"", ""כי העובר עדיין לא זז""]",0,,,,,,
course_47_pourquoi_baille_t_on,course_47_pourquoi_baille_t_on_q6,trueFalse,"נכון או לא נכון: ילדים צעירים רגישים מאוד לפיהוק מדבק, מלידה.","ילדים צעירים מפהקים מעט על ידי הדבקה: רגישות זו מגיעה מאוחר יותר, במקביל לכישורים חברתיים מסוימים.","[""נכון"", ""לא נכון""]",1,,,,,,
course_47_pourquoi_baille_t_on,course_47_pourquoi_baille_t_on_q7,mcq,"באילו עוד מצבים, מלבד עייפות, אנו מפהקים לעתים קרובות?","אנחנו גם מפהקים רגע לפני מבחן או כשאנחנו משועממים בזמן שאנחנו רוצים להישאר מרוכזים, מה שיכול לעזור לנו להישאר ערניים.","[""ממש לפני מבחן, או בזמן שעמום תוך כדי ניסיון להישאר מרוכז"", ""רק תוך כדי שינה עמוקה"", ""רק לאחר אכילת ארוחה גדולה"", ""רק בזמן מאמץ גופני אינטנסיבי""]",0,,,,,,
course_47_pourquoi_baille_t_on,course_47_pourquoi_baille_t_on_q8,mcq,"מה יכול לעזור לפתח פיהוק אצל העובר, לפי הקורס?","בעובר, פיהוק יכול לתרום להתפתחות שרירי הלסת והפנים.","[""שרירי הלסת והפנים"", ""היווצרות הריאות"", ""צמיחה של עצמות ארוכות"", ""פיתוח הראייה""]",0,,,,,,
course_48_comment_fonctionne_la_memoire,course_48_comment_fonctionne_la_memoire_q1,mcq,איך המוח פועל כשאנחנו זוכרים משהו?,"בניגוד לכונן קשיח, המוח משחזר באופן פעיל סצנה עם כל אחזור, מה שהופך את הזיכרון לעוצמתי אך ניתן לטעייה.","[""הוא משחזר באופן פעיל סצנה, במקום להשמיע אותה מחדש כהקלטה ללא נגיעה"", ""הוא משמיע מחדש קובץ המאוחסן ללא פגע, כגון כונן קשיח"", ""הוא מקרין תמונה קפואה מילדות"", ""הוא מעתיק את הזיכרון מאזור אחר במוח מבלי לשנות אותו""]",0,,,,,,
course_48_comment_fonctionne_la_memoire,course_48_comment_fonctionne_la_memoire_q2,mcq,מה ההבדל בין זיכרון עבודה לזיכרון לטווח ארוך?,"זיכרון עבודה שומר מידע למספר שניות, כמו מספר טלפון, בעוד הזיכרון לטווח ארוך שומר על עובדות וידע לאורך זמן.","[""זיכרון עבודה שומר מידע לכמה שניות והוא מוגבל, זיכרון לטווח ארוך שומר עובדות וידע לאורך זמן"", ""שניהם נמצאים רק בהיפוקמפוס"", ""זיכרון עבודה נמשך כל החיים, בניגוד לזיכרון לטווח ארוך"", ""למעשה יש רק סוג אחד של זיכרון""]",0,,,,,,
course_48_comment_fonctionne_la_memoire,course_48_comment_fonctionne_la_memoire_q3,mcq,איזה מבנה מוח ממלא תפקיד מפתח ביצירת זיכרונות חדשים של אירועים?,"ההיפוקמפוס, מבנה עמוק במוח, עוזר לגבש זיכרונות חדשים של אירועים.","[""סוס הים"", ""המוח הקטן"", ""קליפת הראייה"", ""חוט השדרה""]",0,,,,,,
course_48_comment_fonctionne_la_memoire,course_48_comment_fonctionne_la_memoire_q4,trueFalse,נכון או לא נכון: שינה עוזרת לגבש את מה שלמדנו במהלך היום.,"שלבים מסוימים של השינה עוזרים לגבש את הלמידה של היום, מה שהופך את התיקון ולאחר מכן השינה ליעילים לעתים קרובות יותר מאשר תיקון כל הלילה.","[""נכון"", ""לא נכון""]",0,,,,,,
course_48_comment_fonctionne_la_memoire,course_48_comment_fonctionne_la_memoire_q5,mcq,"מה פירוש הכלל של דונלד הב, ""מה מדליק יחד, נדבק ביחד""?","לפי הכלל של Hebb, כאשר נוירונים יורים בו זמנית, הקשרים ביניהם מתחזקים, מה שבונה את הזיכרון.","[""נוירונים שיורים יחד נוטים להתחבר חזק יותר"", ""הזכרונות האחרונים תמיד מוחקים את העתיקים ביותר"", ""המוח יכול לזכור רק פיסת מידע אחת בכל פעם"", ""שתי ההמיספרות של המוח לעולם אינן מתקשרות זו עם זו""]",0,,,,,,
course_48_comment_fonctionne_la_memoire,course_48_comment_fonctionne_la_memoire_q6,mcq,מה קורה כשאנחנו נזכרים בזיכרון?,החזרת זיכרון הופכת אותו לניתן באופן זמני: פרטים מההווה יכולים לחמוק לתוכו לפני שהוא מאוחסן שוב.,"[""זה הופך זמני לניתוק וניתן לשנות אותו עם פרטים של ההווה"", ""הוא נשאר קפוא ושלם, כמו בפעם הראשונה"", ""זה מוסר אוטומטית מהמוח"", ""זה הופך להיות בלתי אפשרי למצוא בפעם השנייה""]",0,,,,,,
course_48_comment_fonctionne_la_memoire,course_48_comment_fonctionne_la_memoire_q7,trueFalse,"נכון או לא נכון: יכולים להיות לנו זיכרונות כוזבים, כלומר סצינות שאנו מאמינים שהן נכונות, אך מעולם לא התרחשו כפי שאנו מספרים להן.","המוח יכול ליצור זיכרונות כוזבים, סצינות שמאמינים שהן נכונות אבל שמעולם לא התרחשו, או לא בדיוק כפי שאומרים להן.","[""נכון"", ""לא נכון""]",0,,,,,,
course_48_comment_fonctionne_la_memoire,course_48_comment_fonctionne_la_memoire_q8,mcq,למה שכחה היא לא תמיד כישלון?,"בלי לשכוח, היינו רוויים בפרטים חסרי תועלת: שכחה, להיפך, עוזרת להכליל, להחליט ולשמור על העיקר.","[""זה עוזר להכליל, להחליט ולשמור על המהותי במקום להיות רווי בפרטים מיותרים"", ""זה מוכיח בעקביות שהמוח פגום"", ""למעשה אין לזה תועלת."", ""זה נוגע רק לאנשים מבוגרים""]",0,,,,,,
course_49_pourquoi_a_t_on_des_frissons,course_49_pourquoi_a_t_on_des_frissons_q1,mcq,איזה אזור במוח פועל כתרמוסטט כאשר העור מזהה קור?,"כאשר העור מזהה קור, הוא מזהיר את ההיפותלמוס, אזור במוח שפועל כתרמוסטט גוף.","[""ההיפותלמוס"", ""המוח הקטן"", ""סוס הים"", ""הקורטקס הפרה-פרונטלי""]",0,,,,,,
course_49_pourquoi_a_t_on_des_frissons,course_49_pourquoi_a_t_on_des_frissons_q2,mcq,מדוע צמרמורת קרה מייצרת חום?,"צמרמורת נובעת מהתכווצויות שרירים מהירות וחוזרות, המייצרות חום לחימום הגוף.","[""השרירים מתכווצים מהר מאוד ושוב ושוב"", ""הדם מפסיק לזרום לרגע"", ""העור סופג ישירות חום מהאוויר"", ""הלב עוצר לכמה שניות""]",0,,,,,,
course_49_pourquoi_a_t_on_des_frissons,course_49_pourquoi_a_t_on_des_frissons_q3,trueFalse,נכון או לא נכון: עור אווז נובע מרפלקס ישן ששימש להעלאת השערות כדי לבודד טוב יותר מהקור.,"עור אווז הם רפלקס ישן שמעלה את השערות כדי לבודד טוב יותר את הגוף, גם אם זה כבר לא משרת הרבה מטרה בבני אדם עם מעט שיער.","[""נכון"", ""לא נכון""]",0,,,,,,
course_49_pourquoi_a_t_on_des_frissons,course_49_pourquoi_a_t_on_des_frissons_q4,mcq,איזה חומר משחררת מערכת העצבים הסימפתטית כשהיא מתמודדת עם איום?,"כאשר מתמודדים עם איום, מערכת העצבים הסימפתטית משחררת אדרנלין, אשר מותח את השרירים ומאיץ את הלב.","[""אדרנלין"", ""מלטונין"", ""אינסולין"", ""קולגן""]",0,,,,,,
course_49_pourquoi_a_t_on_des_frissons,course_49_pourquoi_a_t_on_des_frissons_q5,mcq,"למה אתה יכול לקבל עור ברווז בזמן צפייה בסרט אימה, נעים על הספה שלך?","מערכת העצבים הסימפתטית מגיבה לפחד המורגש בזמן הצפייה בסרט, גם ללא סכנה ממשית, מה שמעורר צמרמורת.","[""מערכת העצבים הערנית מגיבה לפחד, כאילו היה איום ממשי"", ""טמפרטורת החדר תמיד יורדת במהלך סרט מפחיד"", ""זו רק תגובה לרעש החזק בסרט"", ""הגוף מבלבל כימית בין סרט למציאות""]",0,,,,,,
course_49_pourquoi_a_t_on_des_frissons,course_49_pourquoi_a_t_on_des_frissons_q6,mcq,איזה חומר הקשור להנאה קשור לריגושים המורגשים בזמן האזנה למוזיקה מטרידה?,"ריגושים מוזיקליים מפעילים את מעגל התגמול של המוח, עם דופמין, חומר המקושר להנאה.","[""דופמין"", ""אדרנלין"", ""נוראדרנלין"", ""קורטיזול""]",0,,,,,,
course_49_pourquoi_a_t_on_des_frissons,course_49_pourquoi_a_t_on_des_frissons_q7,trueFalse,"נכון או לא נכון: צמרמורת הקור, הפחד והמוזיקה עוברים כולם באותו מנגנון, עם אותה מטרה.","הצמרמורות האלה חולקות את המילה אבל לא את המנגנון: קור מייצר חום, פחד מכין אותנו להגיב, מוזיקה נוגעת בהנאה רגשית.","[""נכון"", ""לא נכון""]",1,,,,,,
course_49_pourquoi_a_t_on_des_frissons,course_49_pourquoi_a_t_on_des_frissons_q8,mcq,מתי צמרמורת צריכה לעורר דאגה ולזכות לייעוץ רפואי?,"צמרמורות המלוות בחום גבוה, או צמרמורות קבועות ללא סיבה ברורה, עשויות לאותת על בעיה ולזכות לטיפול רפואי.","[""צמרמורת עם חום גבוה, או צמרמורת מתמדת ללא סיבה ברורה"", ""בכל פעם אנחנו רועדים בזמן האזנה למוזיקה"", ""בכל פעם שאנחנו מרגישים קר בחורף"", ""ברגע שאנחנו צופים בסרט נע""]",0,,,,,,
course_4_le_couronnement_de_charlemagne_800,course_4_le_couronnement_de_charlemagne_800_q1,mcq,"מי הכתיר את קרל הגדול ""קיסר הרומאים"" ביום חג המולד 800?","ב-25 בדצמבר 800, בבזיליקת פטרוס הקדוש ברומא, הניח האפיפיור ליאו השלישי את הכתר הקיסרי על ראשו של קרל הגדול.","[""האפיפיור ליאו השלישי"", ""האפיפיור אינוקנטיוס השלישי"", ""הקיסר הביזנטי אלכסיוס הראשון קומננוס"", ""הארכיבישוף אלקוין מיורק""]",0,,,,,,
course_4_le_couronnement_de_charlemagne_800,course_4_le_couronnement_de_charlemagne_800_q2,mcq,איזו אימפריה מתיימרת לשחזר הכתרת 800?,"המחווה של ליאו השלישי מתיימרת לשקם את האימפריה הרומית המערבית, שנעלמה מאז הפקדת רומולוס אוגוסטולוס ב-476.","[""האימפריה הרומית המערבית, נעלמה מאז 476"", ""האימפריה הביזנטית המזרחית"", ""האימפריה הפרסית הסאסאנית"", ""ממלכת איטליה הלומברדית""]",0,,,,,,
course_4_le_couronnement_de_charlemagne_800,course_4_le_couronnement_de_charlemagne_800_q3,trueFalse,נכון או לא נכון: קרל הגדול הוביל כשלושים שנות מלחמה נגד הסקסונים.,"קרל הגדול נלחם בסקסונים במשך שלושה עשורים, ובעיקר כפה את המרתם הכפויה לנצרות.","[""נכון"", ""לא נכון""]",0,,,,,,
course_4_le_couronnement_de_charlemagne_800,course_4_le_couronnement_de_charlemagne_800_q4,mcq,מהם ה-missi dominici שהקים קרל הגדול?,ה-missi dominici הם פקחים הנשלחים בזוגות למחוזות כדי לאמת את פעולתם של סופרים מקומיים.,"[""פקחים נשלחו בזוגות לשלוט במחוזות"", ""נזירים האחראים להעתקת טקסטים עתיקים"", ""חיילים שומרים על גבולות האימפריה"", ""סוחרים האחראים להטבעת מטבעות""]",0,,,,,,
course_4_le_couronnement_de_charlemagne_800,course_4_le_couronnement_de_charlemagne_800_q5,trueFalse,"נכון או שקר: בקונסטנטינופול, הכתרתו של קרל הגדול התקבלה כהכרה צודקת בכוחו.","עבור הביזנטים, היה רק קיסר רומי לגיטימי אחד: הכתרתו של קרל הגדול נתפסה כגזלה.","[""נכון"", ""לא נכון""]",1,,,,,,
course_4_le_couronnement_de_charlemagne_800,course_4_le_couronnement_de_charlemagne_800_q6,mcq,איזו כתיבה אימץ קרל הגדול כדי לתקן את הטקסטים שהועתקו ברחבי האימפריה?,"בית הספר לארמון של אקס-לה-שאפל הפיץ את הכתב של קרוליין, הנקרא בכל האימפריה.","[""הכתיבה של קרוליין"", ""האלפבית היווני"", ""הירוגליפים"", ""אלפבית קירילי""]",0,,,,,,
course_4_le_couronnement_de_charlemagne_800,course_4_le_couronnement_de_charlemagne_800_q7,chronological,שים את האירועים הללו בחייו של קרל הגדול בסדר כרונולוגי.,"אבני הדרך הללו עוברות מ-768 ל-843: מהצטרפותו של קרל הגדול לכיבוש הלומברדי, אחר כך להכתרה, ועד לחלוקת האימפריה בין נכדיו.",,,"[""הופעתה של הממלכה הפרנקית"", ""כיבוש הממלכה הלומברדית של צפון איטליה"", ""ההכתרה הקיסרית ברומא"", ""הסכם ורדן לחלוקת האימפריה""]",,,,,
course_4_le_couronnement_de_charlemagne_800,course_4_le_couronnement_de_charlemagne_800_q8,numericSlider,באיזו שנה הוכתר קרל הגדול כקיסר ברומא?,"ההכתרה התקיימה ב-25 בדצמבר, 800, בבזיליקת פטרוס הקדוש ברומא.",,,,800.0,750.0,850.0,5.0,
course_4_le_couronnement_de_charlemagne_800,course_4_le_couronnement_de_charlemagne_800_q9,numericSlider,באיזו שנה חילק חוזה ורדן את האימפריה בין נכדיו של קרל הגדול?,"בשנת 843, הסכם ורדן חילק את האימפריה הקרולינגית לשלוש ממלכות, מה שסימן את צרפת וגרמניה.",,,,843.0,800.0,900.0,5.0,
course_50_comment_le_savon_tue_t_il_les_virus,course_50_comment_le_savon_tue_t_il_les_virus_q1,mcq,מדוע סבון יעיל במיוחד נגד וירוסים כמו וירוסים או שפעת?,"לנגיף הקורונה ולנגיף השפעת יש מעטפה עשויה שומן, שהסבון יעיל במיוחד בהשמדתו.","[""לנגיפים האלה יש מעטפת שומנית שהסבון הורס"", ""סבון הוא חומצי ושורף ישירות את הנגיף"", ""סבון מעלה את טמפרטורת העור"", ""סבון מונע מהנגיף לנשום""]",0,,,,,,
course_50_comment_le_savon_tue_t_il_les_virus,course_50_comment_le_savon_tue_t_il_les_virus_q2,mcq,"מהן מולקולות סבון המכונות ""חומרי שטח""?","לחומרי שטח לסבון יש ראש שאוהב מים וזנב שנצמד לשומן, מה שמאפשר להם לקרוע לגזרים את ציפוי הווירוסים.","[""מולקולות עם ראש אוהב מים וזנב אוהב שומן"", ""מולקולות שמנטרלות רק חיידקים"", ""מולקולות המורכבות רק מאלכוהול"", ""מולקולות הדוחות מים ושומן כאחד""]",0,,,,,,
course_50_comment_le_savon_tue_t_il_les_virus,course_50_comment_le_savon_tue_t_il_les_virus_q3,trueFalse,"נכון או לא נכון: וירוסים ""עירומים"", ללא מעטפת שומנית, עמידים יותר לסבון מאשר וירוסים עטופים.","ללא מעטפת שומנית לתקוף, וירוסים עירומים עמידים יותר לסבון ואלכוהול מאשר וירוסים עטופים.","[""נכון"", ""לא נכון""]",0,,,,,,
course_50_comment_le_savon_tue_t_il_les_virus,course_50_comment_le_savon_tue_t_il_les_virus_q4,mcq,איך בעצם סבון משבית וירוס עטוף?,"הזנב השומני של מולקולות הסבון חופר במעילו של הנגיף ומפרק אותו, מנטרל אותו לפני שהמים שוטפים את הפסולת.","[""זנבו השומני שוקע במעטפת הנגיף וקורע אותו"", ""זה משנה את צבע הנגיף"", ""זה מקפיא את הנגיף באופן מיידי"", ""זה רק מנטרל את החומר הגנטי שלו""]",0,,,,,,
course_50_comment_le_savon_tue_t_il_les_virus,course_50_comment_le_savon_tue_t_il_les_virus_q5,numericSlider,כמה שניות של קרצוף מומלצות בדרך כלל לשטיפת ידיים יעילה?,מומלץ לשפשף כ-20 שניות כדי שהסבון יגיע לכל קמטי הידיים.,,,,20.0,0.0,40.0,5.0,שניות
course_50_comment_le_savon_tue_t_il_les_virus,course_50_comment_le_savon_tue_t_il_les_virus_q6,mcq,מדוע חיכוך חשוב בעת שטיפת ידיים?,"השפשוף מאפשר לסבון להגיע לכל פינה בידיים, שם יכולים להסתתר וירוסים.","[""לוקח זמן עד שהסבון מגיע לכל הקמטים, כמו בין האצבעות ומתחת לציפורניים"", ""זה מחמם את המים כדי להרוג וירוסים"", ""זה יוצר קצף אשר לבדו הורג וירוסים"", ""למעשה אין לזה השפעה מיוחדת""]",0,,,,,,
course_50_comment_le_savon_tue_t_il_les_virus,course_50_comment_le_savon_tue_t_il_les_virus_q7,percentageSlider,איזה אחוז מינימלי של אלכוהול צריך להכיל ג'ל הידרו-אלכוהולי כדי להרוס ביעילות וירוסים עטופים רבים?,ג'ל הידרו-אלכוהולי חייב להכיל לפחות 60% אלכוהול כדי להרוס ביעילות וירוסים עטופים רבים.,,,,60.0,0.0,100.0,5.0,%
course_50_comment_le_savon_tue_t_il_les_virus,course_50_comment_le_savon_tue_t_il_les_virus_q8,mcq,באיזה מקרה עדיפים מים וסבון על פני ג'ל הידרו-אלכוהולי?,"מול לכלוך או שומן גלוי, ג'ל הידרו-אלכוהולי פחות יעיל, מכיוון שלכלוך זה פועל כמסך: סבון ומים נשארים אז הבחירה הטובה ביותר.","[""כאשר יש לכלוך או שומן גלוי על הידיים"", ""כשהידיים כבר נקיות לחלוטין"", ""כשאנחנו בחוץ"", ""כשחסר לנו זמן""]",0,,,,,,
course_51_la_decouverte_de_la_penicilline_fleming,course_51_la_decouverte_de_la_penicilline_fleming_q1,mcq,מה הבחין אלכסנדר פלמינג ב-1928 על אחת מתיבות התרבות הנשכחות שלו?,"כשפלמינג חזר מהחופשה, הוא הבחין שעובש גדל על צלחת תרבית ושהחיידקים סביבו מתו.","[""עובש הרג את החיידקים סביבו"", ""כל החיידקים שרדו ללא כל שינוי"", ""הקופסה הייתה ריקה לחלוטין מכל החיים"", ""פטרייה לא ידועה הפכה חיידקים לעמידים יותר""]",0,,,,,,
course_51_la_decouverte_de_la_penicilline_fleming,course_51_la_decouverte_de_la_penicilline_fleming_q2,numericSlider,מתי גילה אלכסנדר פלמינג את הפניצילין?,"פלמינג גילה את הפניצילין במקרה בשנת 1928, בלונדון.",,,,1928.0,1850.0,1950.0,5.0,שנים
course_51_la_decouverte_de_la_penicilline_fleming,course_51_la_decouverte_de_la_penicilline_fleming_q3,mcq,לאיזה סוג שייך העובש שהתגלה על ידי פלמינג?,"העובש שנצפה על ידי פלמינג שייך לסוג פניציליום, ומכאן השם שניתן לחומר: פניצילין.","[""פניציליום"", ""סטרפטוקוקוס"", ""Escherichia"", ""אספרגילוס""]",0,,,,,,
course_51_la_decouverte_de_la_penicilline_fleming,course_51_la_decouverte_de_la_penicilline_fleming_q4,trueFalse,נכון או לא נכון: פלמינג לבדו הצליח לטהר את פניצילין מספיק כדי לטפל בחולים.,פלמינג לא הצליח לטהר פניצילין מספיק כדי לטפל בחולים: עבודה זו תיפול מאוחר יותר בידי פלורי וצ'יין.,"[""נכון"", ""לא נכון""]",1,,,,,,
course_51_la_decouverte_de_la_penicilline_fleming,course_51_la_decouverte_de_la_penicilline_fleming_q5,mcq,מי לקח והפך את התגלית של פלמינג לתרופה של ממש בתחילת שנות הארבעים?,"באוקספורד, הווארד פלורי וארנסט צ'יין בודדו, ריכזו ובחנו פניצילין, והפכו אותו לתרופה של ממש.","[""הווארד פלורי וארנסט צ'יין, באוקספורד"", ""לואי פסטר ורוברט קוך"", ""מארי קירי ופייר קירי"", ""ג'יימס ווטסון ופרנסיס קריק""]",0,,,,,,
course_51_la_decouverte_de_la_penicilline_fleming,course_51_la_decouverte_de_la_penicilline_fleming_q6,mcq,מדוע מלחמת העולם השנייה האיצה את התפתחות הפניצילין?,"המלחמה דחפה את היכולת לטפל בחיילים נגועים, מה שדחף את הפניצילין מהמעבדה לנושא אסטרטגי.","[""היה צורך לטפל בחיילים שנדבקו בדחיפות"", ""המעבדות האזרחיות נסגרו כולן"", ""מדענים חיפשו נשק כימי"", ""הממשלה רצתה למכור אותו למדינות אויב""]",0,,,,,,
course_51_la_decouverte_de_la_penicilline_fleming,course_51_la_decouverte_de_la_penicilline_fleming_q7,mcq,כיצד הופק פניצילין בכמות מספקת לטיפול במיליוני אנשים?,"במהלך המלחמה, ארצות הברית תיעשה את ייצור הפניצילין במיכלי ענק, כמו לבירה.","[""ארצות הברית תיעשה את ייצורה במיכלי ענק במהלך המלחמה"", ""כל בית חולים גידל את העובש שלו בנפרד"", ""זה היה מסונתז כימית ללא כל עובש"", ""הוא יובא בכמויות גדולות מאסיה""]",0,,,,,,
course_51_la_decouverte_de_la_penicilline_fleming,course_51_la_decouverte_de_la_penicilline_fleming_q8,chronological,סדר את השלבים האלה בהיסטוריה של פניצילין.,"פלמינג גילה את הפניצילין ב-1928, פלורי וצ'יין פיתחו אותו בתחילת שנות ה-40, הייצור נעשה מתועש במהלך המלחמה, ואז קיבלו שלושת החוקרים את פרס נובל ב-1945.",,,"[""פלמינג צופה בעובש שהרג חיידקים על צלחת תרבית"", ""פלורי וצ'יין מבודדים ובודקים פניצילין באוקספורד"", ""ארצות הברית תיעשה את ייצור הפניצילין במהלך המלחמה"", ""פלמינג, פלורי וצ'יין מקבלים פרס נובל""]",,,,,
course_51_la_decouverte_de_la_penicilline_fleming,course_51_la_decouverte_de_la_penicilline_fleming_q9,mcq,איזה סיכון כבר צפה פלמינג לגבי אנטיביוטיקה?,"פלמינג כבר הזהיר שחיידקים עלולים להיות עמידים לאנטיביוטיקה בשימוש לרעה, סיכון שהפך לממשי מאוד היום.","[""שחיידקים מסוימים עלולים להפוך לעמידים אם נעשה שימוש לא נכון באנטיביוטיקה"", ""הפניצילין הזה יהפוך לרעיל עם הזמן"", ""העובש הזה יכול להיעלם לחלוטין"", ""שמחיר התרופה יהפוך גבוה מדי""]",0,,,,,,
course_52_la_decouverte_de_l_electricite_et_ses_ap,course_52_la_decouverte_de_l_electricite_et_ses_ap_q1,mcq,מה הוכיח בנג'מין פרנקלין עם ניסוי הטפת העפיפונים שלו?,"פרנקלין הראה שברק וחשמל המופקים מחיכוך הם אותו כוח, רעיון מכונן למרות סכנת הניסוי.","[""שהברק הוא תופעה חשמלית"", ""החשמל הזה מגיע ישירות מהשמש"", ""שהרעם תמיד יקדים את הברק"", ""שהעננים עמוסים רק במים""]",0,,,,,,
course_52_la_decouverte_de_l_electricite_et_ses_ap,course_52_la_decouverte_de_l_electricite_et_ses_ap_q2,mcq,מה המטרה של מטה הברק שהומצא בעקבות עבודתו של פרנקלין?,"מטה הברק הוא מוט מתכת שמוביל ברק לקרקע ללא נזק, ומכניס חשמל להנדסה.","[""מתן ברק דרך בטוחה לקרקע"", ""למנוע לחלוטין נפילת ברק"", ""טען את העננים בחשמל"", ""מצננים את האוויר במהלך סופת רעמים""]",0,,,,,,
course_52_la_decouverte_de_l_electricite_et_ses_ap,course_52_la_decouverte_de_l_electricite_et_ses_ap_q3,mcq,מה גילה מייקל פאראדיי שאיפשר לייצר זרם חשמלי?,"זוהי אינדוקציה: מגנט נע ליד חוט יוצר זרם חשמלי, העיקרון העומד בבסיס כל הדינמות ותחנות הכוח המודרניות.","[""שמגנט נע ליד חוט יוצר זרם"", ""שחיכוך של שתי מתכות מייצר אור"", ""המים האלה מוליכים חשמל טוב יותר ממתכת"", ""את הברק הזה אפשר לאחסן בבקבוק""]",0,,,,,,
course_52_la_decouverte_de_l_electricite_et_ses_ap,course_52_la_decouverte_de_l_electricite_et_ses_ap_q4,trueFalse,נכון או לא נכון: מייקל פאראדיי החל את הקריירה שלו כפרופסור באוניברסיטה לפני שהפך למדען.,"פאראדיי הגיע מרקע צנוע והתחיל ככורך ספרים, למד מדעים על ידי קריאת מה שקשר.","[""נכון"", ""לא נכון""]",1,,,,,,
course_52_la_decouverte_de_l_electricite_et_ses_ap,course_52_la_decouverte_de_l_electricite_et_ses_ap_q5,mcq,"ביריבות של סוף המאה ה-19, על איזה סוג תנועה הגן ניקולה טסלה?","טסלה, עם חברת וסטינגהאוס, הגנה על זרם חילופין מפני הזרם הישר של אדיסון.","[""זרם חליפין"", ""זרם ישר"", ""זרם סטטי"", ""זרם מגנטי""]",0,,,,,,
course_52_la_decouverte_de_l_electricite_et_ses_ap,course_52_la_decouverte_de_l_electricite_et_ses_ap_q6,mcq,מדוע זרם חילופין חיוני לרשתות עירוניות?,"זרם חילופין מועבר בקלות רבה יותר למרחקים ארוכים, מה שאפשר לו לצבור כוח בערים.","[""קל יותר להובלה למרחקים ארוכים"", ""זה עולה פחות לייצר"", ""זה בטוח לחלוטין"", ""זה לא דורש שום תחנת כוח""]",0,,,,,,
course_52_la_decouverte_de_l_electricite_et_ses_ap,course_52_la_decouverte_de_l_electricite_et_ses_ap_q7,trueFalse,נכון או שקר: תומס אדיסון הוא שהגן על הזרם הישיר מול טסלה.,"אדיסון דחף זרם ישר, בעוד טסלה ווסטינגהאוס דגלו בזרם חילופין.","[""נכון"", ""לא נכון""]",0,,,,,,
course_52_la_decouverte_de_l_electricite_et_ses_ap,course_52_la_decouverte_de_l_electricite_et_ses_ap_q8,mcq,"היום, מה האתגר המרכזי סביב חשמל, לפי הקורס?","האתגר הוא כבר לא רק לייצר חשמל, אלא לעשות זאת בצורה נקייה ומהימנה עבור עולם מחובר לחלוטין.","[""הפק אותו בצורה נקייה ואמינה"", ""להבין איך לאחסן אותו באוויר"", ""המציאו סוג חדש של אטומים"", ""החלף את מוט הברק""]",0,,,,,,
course_53_la_decouverte_des_rayons_x_rontgen_1895,course_53_la_decouverte_des_rayons_x_rontgen_1895_q1,numericSlider,באיזו שנה גילה וילהלם רנטגן את קרני הרנטגן?,"זה היה ב-8 בנובמבר 1895, בווירצבורג, שרנטגן גילה את התגלית הזו.",,,,1895.0,1850.0,1950.0,5.0,
course_53_la_decouverte_des_rayons_x_rontgen_1895,course_53_la_decouverte_des_rayons_x_rontgen_1895_q2,mcq,מה מבחין רנטגן שמעלה אותו על שביל הרנטגן?,Röntgen שם לב שמסך ניאון זורח מרחוק למרות שאינו מושפע מאור נראה: קרינה בלתי נראית עוברת בחדר.,"[""מסך פלורסנט זוהר מבלי להיות מושפע מאור נראה"", ""ריח שריפה במעבדה שלו"", ""מכת חשמל בידו"", ""רעש יוצא דופן מגיע מהצינור""]",0,,,,,,
course_53_la_decouverte_des_rayons_x_rontgen_1895,course_53_la_decouverte_des_rayons_x_rontgen_1895_q3,mcq,"מה המשמעות של ה""X"" ב""קרני רנטגן""?","רנטגן קורא לקרינה הזו ""קרני רנטגן"", ה-X אומר ""לא ידוע"".","[""לא ידוע"", ""נסיוני"", ""יוצא דופן"", ""בחוץ""]",0,,,,,,
course_53_la_decouverte_des_rayons_x_rontgen_1895,course_53_la_decouverte_des_rayons_x_rontgen_1895_q4,mcq,מה צילם רנטגן בעוד כמה שבועות כדי להדגים את הגילוי שלו?,"רנטגן צילם את עצמות היד של אשתו, כולל טבעת הנישואין: זו הייתה לידת הרדיולוגיה.","[""עצמות היד של אשתו"", ""גולגולת של חולה בבית החולים"", ""מטבע מתכת"", ""חתיכת רקמה צמחית""]",0,,,,,,
course_53_la_decouverte_des_rayons_x_rontgen_1895,course_53_la_decouverte_des_rayons_x_rontgen_1895_q5,trueFalse,נכון או לא נכון: רנטגן הגיש פטנט על צילומי רנטגן כדי להרוויח מהם.,"רנטגן מעולם לא הגיש פטנט, הוא רצה שכל המדע יוכל להשתמש בתגלית שלו בחופשיות.","[""נכון"", ""לא נכון""]",1,,,,,,
course_53_la_decouverte_des_rayons_x_rontgen_1895,course_53_la_decouverte_des_rayons_x_rontgen_1895_q6,mcq,"לפני צילומי רנטגן, מה נדרש לעתים קרובות כדי ""לראות"" שבר או כדור בגוף?","לפני צילומי רנטגן, כדי לראות את פנים הגוף, לעתים קרובות היית צריך לנתח; איתם, אתה מקבל תמונה בלי לחתוך.","[""בדרך כלל היה צריך לפתוח בניתוח"", ""היית צריך לחכות לריפוי טבעי"", ""כבר השתמשנו באולטרסאונד"", ""היינו צריכים לקטוע באופן שיטתי""]",0,,,,,,
course_53_la_decouverte_des_rayons_x_rontgen_1895,course_53_la_decouverte_des_rayons_x_rontgen_1895_q7,trueFalse,"נכון או לא נכון: בתחילת הדרך, הסכנות של צילומי רנטגן היו ידועות ונמנעו.","בתחילה התעלמו מהסיכונים: המפעילים עשו צילומי רנטגן במשך שעות, עד שפיתחו כוויות ולאחר מכן סרטן.","[""נכון"", ""לא נכון""]",1,,,,,,
course_53_la_decouverte_des_rayons_x_rontgen_1895,course_53_la_decouverte_des_rayons_x_rontgen_1895_q8,mcq,"למה תרמו גם צילומי רנטגן, שיועיל מאוחר יותר לחקר ה-DNA?","קרני רנטגן אפשרו לחקור את מבנה הגבישים, טכניקה ששימשה מאוחר יותר כדי לצפות במבנה ה-DNA.","[""חקר המבנה של גבישים"", ""ייצור זכוכית"", ""תיארוך פחמן"", ""שימור מזון""]",0,,,,,,
course_54_la_decouverte_du_micro_ondes_par_acciden,course_54_la_decouverte_du_micro_ondes_par_acciden_q1,numericSlider,"באיזו שנה הבחין פרסי ספנסר שבר הממתקים שלו נמס ליד מכ""ם?","זה היה ב-1945 שספנסר, בזמן שעבד על מכ""ם, גילה את הגילוי המקרי הזה.",,,,1945.0,1900.0,2000.0,5.0,
course_54_la_decouverte_du_micro_ondes_par_acciden,course_54_la_decouverte_du_micro_ondes_par_acciden_q2,mcq,"למה פרסי ספנסר שם לב בזמן העבודה על מכ""ם?","ספנסר מבחין שבר הממתקים בכיסו נמס, לא מחום הגוף אלא מגלי מכ""ם.","[""בר ממתקים בכיסו נמס"", ""מד החום שלו מתפוצץ לפתע"", ""הרדאר מתקלקל ללא סיבה"", ""ידיו מתחממות במגע עם המתכת""]",0,,,,,,
course_54_la_decouverte_du_micro_ondes_par_acciden,course_54_la_decouverte_du_micro_ondes_par_acciden_q3,mcq,מה ספנסר בודק לאחר מכן כדי לאשר את הניחוש שלו?,"ספנסר בודק עם תירס: הפופקורן קופץ, ומאשר שמיקרוגלים יכולים לחמם מזון.","[""תירס, שמתפרץ לפופקורן"", ""מים, שמתחילים לרתוח מיד"", ""מתכת, נמס"", ""לחם, שהופך שחור""]",0,,,,,,
course_54_la_decouverte_du_micro_ondes_par_acciden,course_54_la_decouverte_du_micro_ondes_par_acciden_q4,mcq,"לפני השימוש לבישול, למה שימשו בעיקר מיקרוגלים במהלך המלחמה?",במהלך המלחמה שימשו בעיקר גלי מיקרו לרדאר לזיהוי מטוסים וספינות.,"[""מכ\""מים, לזיהוי מטוסים וסירות"", ""תקשורת רדיו למרחקים ארוכים"", ""הנעת טילים"", ""לייצור חשמל""]",0,,,,,,
course_54_la_decouverte_du_micro_ondes_par_acciden,course_54_la_decouverte_du_micro_ondes_par_acciden_q5,numericSlider,"באיזו שנה יצא תנור המיקרוגל המסחרי הראשון, הרדארנג'?","הרדארנג' שוחרר בסביבות 1947, אבל הוא היה ענק ויקר.",,,,1947.0,1900.0,2000.0,5.0,
course_54_la_decouverte_du_micro_ondes_par_acciden,course_54_la_decouverte_du_micro_ondes_par_acciden_q6,trueFalse,"נכון או לא נכון: המיקרוגל המסחרי הראשון היה קטן וזול, המיועד לשימוש ביתי.","הרדארנג' היה ענק ויקר, נועד יותר למסעדות או לסירות; ייקח עשרות שנים לעשות את זה במחיר סביר.","[""נכון"", ""לא נכון""]",1,,,,,,
course_54_la_decouverte_du_micro_ondes_par_acciden,course_54_la_decouverte_du_micro_ondes_par_acciden_q7,trueFalse,נכון או לא נכון: מיקרוגלים הופכים מזון לרדיואקטיבי.,"זוהי טעות נפוצה: מיקרוגלים מחממים מזון, הם לא הופכים אותו לרדיואקטיבי.","[""נכון"", ""לא נכון""]",1,,,,,,
course_54_la_decouverte_du_micro_ondes_par_acciden,course_54_la_decouverte_du_micro_ondes_par_acciden_q8,mcq,מה עושים מיקרוגלים בעיקר כדי לחמם מזון?,"מיקרוגלים מרעידים בעיקר מולקולות מים, ומעט שומנים וסוכרים, ויוצרים חום בתוך המזון.","[""הם גורמים למולקולות מים לרטוט"", ""הם שורפים את פני השטח במגע ישיר"", ""הם מייננים את האוויר סביב המנה"", ""תחילה הם מחממים את המיכל""]",0,,,,,,
course_54_la_decouverte_du_micro_ondes_par_acciden,course_54_la_decouverte_du_micro_ondes_par_acciden_q9,mcq,למה מנה עבה יכולה להיות חמה מבחוץ ופושרת במרכזה לאחר המיקרוגל?,"הגלים אינם חודרים למזון ללא הגבלת זמן, מה שמסביר מדוע צלחת עבה מתחממת בעיקר על פני השטח.","[""הגלים אינם חודרים לעומק האוכל עד אינסוף"", ""התנור מפזר חום גרוע עקב פגם בייצור"", ""המרכז מוגן על ידי לחות"", ""התבשיל מסתובב מהר מדי בתנור""]",0,,,,,,
course_55_la_theorie_de_la_gravitation_newton_1687,course_55_la_theorie_de_la_gravitation_newton_1687_q1,numericSlider,באיזו שנה פרסם אייזק ניוטון את ה-Principia ואת תיאוריית הכבידה האוניברסלית שלו?,"ניוטון פרסם את ה-Principia ב-1687, וטען כי הכבידה היא אוניברסלית.",,,,1687.0,1600.0,1750.0,10.0,
course_55_la_theorie_de_la_gravitation_newton_1687,course_55_la_theorie_de_la_gravitation_newton_1687_q2,mcq,"לפי ניוטון, מה מסביר מדוע הירח נשאר במסלול סביב כדור הארץ?","ניוטון מגיב במשיכה: כדור הארץ מושך את הירח, כפי שהשמש מושכת את כדור הארץ.","[""כוח משיכה בין שני הגופים"", ""חלל שדוחף את הירח החוצה"", ""השדה המגנטי של כדור הארץ"", ""דחיפה מתמדת מהשמש""]",0,,,,,,
course_55_la_theorie_de_la_gravitation_newton_1687,course_55_la_theorie_de_la_gravitation_newton_1687_q3,mcq,כיצד כוח הכבידה משתנה כאשר אנו מזיזים שני גופים זה מזה?,הכוח גדל עם מסת הגופים ויורד עם ריבוע המרחק המפריד ביניהם.,"[""הוא פוחת עם ריבוע המרחק"", ""הוא נשאר קבוע בכל המרחק"", ""זה גדל עם המרחק"", ""הוא נעלם פתאום מעבר לסף מסוים""]",0,,,,,,
course_55_la_theorie_de_la_gravitation_newton_1687,course_55_la_theorie_de_la_gravitation_newton_1687_q4,trueFalse,"נכון או לא נכון: בהתאם למהלך, סיפור התפוח שנפל על ראשו של ניוטון הוא עובדה היסטורית מתועדת היטב.",סיפורו של התפוח הוא מעל הכל סיפור בדיוני לעתים קרובות; הרעיון שהוא ממחיש הוא אמיתי מאוד.,"[""נכון"", ""לא נכון""]",1,,,,,,
course_55_la_theorie_de_la_gravitation_newton_1687,course_55_la_theorie_de_la_gravitation_newton_1687_q5,mcq,"למה הירח לא מתרסק לתוך כדור הארץ, למרות שהוא כל הזמן ""נופל"" לעברו?","הירח נופל כל הזמן לכיוון כדור הארץ, אבל המהירות הצידית הגבוהה שלו גורמת לו להסתובב במקום להתרסק: זה המסלול.","[""יש לה גם מהירות צידית נהדרת שגורמת לה להסתובב במקום להתרסק."", ""היא נדחתה על ידי השמש באותו זמן"", ""האווירה שלה מאטה אותה מספיק"", ""לכדור הארץ אין למעשה משיכה עליו.""]",0,,,,,,
course_55_la_theorie_de_la_gravitation_newton_1687,course_55_la_theorie_de_la_gravitation_newton_1687_q6,mcq,מה אומר חוק התנועה השלישי של ניוטון?,החוק השלישי של ניוטון קובע שכל פעולה מייצרת תגובה הפוכה בעוצמה שווה.,"[""לכל פעולה יש תגובה הפוכה"", ""עצם מאיץ ללא כוח שפועל עליו"", ""המסה של עצם משתנה בהתאם למהירותו"", ""כוחות חלים רק על עצמים שמימיים""]",0,,,,,,
course_55_la_theorie_de_la_gravitation_newton_1687,course_55_la_theorie_de_la_gravitation_newton_1687_q7,trueFalse,"נכון או לא נכון: בהתאם לקורס, התיאוריה של איינשטיין פסלה לחלוטין את זה של ניוטון, מה שכבר לא שימושי היום.","איינשטיין מתקן את ניוטון למקרים קיצוניים, אבל התיאוריה של ניוטון נותרה מצוינת לשיגור רקטה או הבנת גאות ושפל.","[""נכון"", ""לא נכון""]",1,,,,,,
course_55_la_theorie_de_la_gravitation_newton_1687,course_55_la_theorie_de_la_gravitation_newton_1687_q8,mcq,אילו מדענים כבר הניחו יסודות חשובים לפני הסינתזה של ניוטון?,"קפלר תיאר את מסלולי כוכבי הלכת וגלילאו חקר את נפילת הגופים, לפני שניוטון קישר בין השניים.","[""גלילאו וקפלר"", ""איינשטיין וקופרניקוס"", ""פאראדיי ופרנקלין"", ""דרווין ווואלאס""]",0,,,,,,
course_56_la_decouverte_de_la_radioactivite_marie,course_56_la_decouverte_de_la_radioactivite_marie_q1,mcq,מה ייחודי במארי קירי בין כל זוכי פרס נובל?,"מארי קירי היא האדם היחיד שקיבל שני פרסי נובל בשני מדעים שונים: פיזיקה, ואז כימיה.","[""היא האדם היחיד שקיבל שני פרסי נובל בשני מדעים שונים"", ""היא האישה היחידה שקיבלה אי פעם פרס נובל"", ""היא קיבלה שלוש פעמים את פרס נובל"", ""היא קיבלה את פרס נובל לשלום ולפיזיקה""]",0,,,,,,
course_56_la_decouverte_de_la_radioactivite_marie,course_56_la_decouverte_de_la_radioactivite_marie_q2,mcq,למה מארי קירי נסעה ללמוד בפריז ולא בפולין?,"נולדה בפולין, היא נסעה ללמוד בפריז מכיוון שאוניברסיטאות מקומיות סגרו דלתות רבות בפני נשים.","[""אוניברסיטאות מקומיות סגרו דלתות רבות בפני נשים"", ""היא רצתה לברוח מהמלחמה"", ""לא הייתה אוניברסיטה בפולין"", ""משפחתו כבר התגוררה בפריז""]",0,,,,,,
course_56_la_decouverte_de_la_radioactivite_marie,course_56_la_decouverte_de_la_radioactivite_marie_q3,numericSlider,באיזו שנה הבחין אנרי בקרל שאורניום מכסה לוחות צילום ללא אור?,"בשנת 1896 ערך בקארל את התצפית הזו, שדחפה את מארי קירי לחקור את התופעה בפירוט.",,,,1896.0,1850.0,1950.0,5.0,
course_56_la_decouverte_de_la_radioactivite_marie,course_56_la_decouverte_de_la_radioactivite_marie_q4,mcq,איזו מילה המציאה מארי קירי כדי לתאר את התופעה הזו?,"מארי קירי המציאה את המילה ""רדיואקטיביות"" כדי לתאר את הקרינה הספונטנית הזו של אטומים.","[""רדיואקטיביות"", ""פלואורסצנציה"", ""מגנטיות"", ""אלקטרומגנטיות""]",0,,,,,,
course_56_la_decouverte_de_la_radioactivite_marie,course_56_la_decouverte_de_la_radioactivite_marie_q5,mcq,אילו שני יסודות כימיים גילו מארי ופייר קירי ביחד?,"יחד הם גילו פולוניום, על שם פולין, ורדיום.","[""פולוניום ורדיום"", ""אורניום ופלוטוניום"", ""מימן והליום"", ""פחמן וחנקן""]",0,,,,,,
course_56_la_decouverte_de_la_radioactivite_marie,course_56_la_decouverte_de_la_radioactivite_marie_q6,trueFalse,"נכון או לא נכון: כדי לבודד פולוניום ורדיום, היה צורך לעבד כמויות אדירות של עפרות (pitchblende).",היה צורך לעבד טונות של פיץ'בלנד כדי לבודד רק כמה גרמים מהיסודות האלה.,"[""נכון"", ""לא נכון""]",0,,,,,,
course_56_la_decouverte_de_la_radioactivite_marie,course_56_la_decouverte_de_la_radioactivite_marie_q7,numericSlider,באיזו שנה קיבלה מארי קירי את פרס נובל בכימיה לבדה?,"ב-1911, לאחר שכבר קיבלה את פרס נובל לפיזיקה ב-1903, היא לבדה קיבלה את פרס נובל בכימיה.",,,,1911.0,1890.0,1930.0,5.0,
course_56_la_decouverte_de_la_radioactivite_marie,course_56_la_decouverte_de_la_radioactivite_marie_q8,chronological,שים את השלבים האלה בהיסטוריה של הרדיואקטיביות בסדר כרונולוגי.,"ציר הזמן הזה עובר מ-1896 עד 1911, בין הגילוי הראשוני של בקארל לבין הנובל השני של מארי קירי.",,,"[""אנרי בקרל מבחין שאורניום מכסה את לוחות הצילום"", ""מארי ופייר קירי מגלים פולוניום ורדיום"", ""פרס נובל לפיזיקה מתגמל את בקארל והקיוריז"", ""פייר קירי מת בטעות"", ""מארי קירי לבדה זוכה בפרס נובל לכימיה""]",,,,,
course_56_la_decouverte_de_la_radioactivite_marie,course_56_la_decouverte_de_la_radioactivite_marie_q9,mcq,מה עשתה מארי קירי במהלך מלחמת העולם הראשונה?,"היא מארגנת יחידות רנטגן ניידות, וחושפת את עצמה למינונים שהיום היינו יודעים שהם לא מקובלים.","[""היא מארגנת יחידות רנטגן ניידות לטיפול בפצועים"", ""היא מוותרת על מחקר כדי להתמסר למשפחתה"", ""היא עוזבת את צרפת לארצות הברית"", ""היא מגלה יסוד רדיואקטיבי חדש""]",0,,,,,,
course_57_l_invention_d_internet,course_57_l_invention_d_internet_q1,mcq,"מדוע צבא ארה""ב מממן את הפרויקט שיהפוך ל-ARPANET?","בעיצומה של המלחמה הקרה, המטרה היא לחבר מחשבים שממשיכים לתקשר גם אם חלק מהרשת נהרס.","[""כך שמחשבים ממשיכים לתקשר גם אם חלק מהרשת נהרס"", ""לרגל אחר תקשורת אזרחית"", ""ליצירת משחק וידאו צבאי"", ""להחלפת הטלפון במשרדים""]",0,,,,,,
course_57_l_invention_d_internet,course_57_l_invention_d_internet_q2,mcq,איך הודעות עוברות ב-ARPANET?,"הודעות מפוצלות למנות קטנות שלוקחות נתיבים שונים: אם נתיב אחד נכשל, אחר משתלט.","[""חותכים לאריזות קטנות שלוקחות בדרכים שונות"", ""נשלח כיחידה אחת באמצעות כבל יחיד"", ""מועבר רק באמצעות גלי רדיו"", ""מאוחסן על תקליטונים פיזיים""]",0,,,,,,
course_57_l_invention_d_internet,course_57_l_invention_d_internet_q3,mcq,מה מפתחים Vint Cerf ובוב Kahn?,"Cerf וקהן תכננו את פרוטוקול TCP/IP, שמספר כיצד לחתוך, לטפל ולחבר מחדש נתונים.","[""פרוטוקול TCP/IP, שפה נפוצה לרשתות"", ""דפדפן האינטרנט הראשון"", ""המחשב האישי הראשון"", ""לוויין התקשורת הראשון""]",0,,,,,,
course_57_l_invention_d_internet,course_57_l_invention_d_internet_q4,numericSlider,באיזו שנה עברה ARPANET רשמית ל-TCP/IP?,"ב-1 בינואר 1983, ARPANET אימצה רשמית את TCP/IP, תאריך שנחשב לעתים קרובות ללידה הטכנית של האינטרנט.",,,,1983.0,1960.0,2000.0,3.0,
course_57_l_invention_d_internet,course_57_l_invention_d_internet_q5,mcq,מי המציא את ה-World Wide Web ב-CERN?,טים ברנרס-לי המציא את ה-World Wide Web ב-CERN בתחילת שנות ה-90.,"[""טים ברנרס-לי"", ""Vint Cerf"", ""בוב קאן"", ""פרסי ספנסר""]",0,,,,,,
course_57_l_invention_d_internet,course_57_l_invention_d_internet_q6,trueFalse,"נכון או לא נכון: ללא האינטרנט, האינטרנט היה נשאר בעיקר כלי השמור למומחים.","האינטרנט מספק את השכבה הקלה (דפים, קישורים, דפדפנים) שהופכת את האינטרנט לנגיש לכולם, לא רק למומחים.","[""נכון"", ""לא נכון""]",0,,,,,,
course_57_l_invention_d_internet,course_57_l_invention_d_internet_q7,chronological,שים את שלושת השלבים העיקריים הללו בהיסטוריה של האינטרנט בסדר כרונולוגי.,"ARPANET נולד בסוף שנות ה-60, TCP/IP השתלט ב-1983, ואז הרשת הגיעה בתחילת שנות ה-90.",,,"[""יצירת רשת ARPANET על ידי הצבא האמריקאי"", ""אימוץ פרוטוקול TCP/IP הנפוץ"", ""המצאת ה-World Wide Web מאת טים ברנרס-לי""]",,,,,
course_57_l_invention_d_internet,course_57_l_invention_d_internet_q8,mcq,"לפי הקורס, אילו בעיות חדשות יצרה גם האינטרנט?","האינטרנט גם יצר בעיות חדשות: דיסאינפורמציה, מעקב, הפער הדיגיטלי.","[""דיסאינפורמציה, מעקב, פער דיגיטלי"", ""רק בעיות במהירות החיבור"", ""היעלמות מוחלטת של דואר"", ""הפסקת המחקר המדעי""]",0,,,,,,
course_58_la_structure_de_l_adn_watson_crick_1953,course_58_la_structure_de_l_adn_watson_crick_1953_q1,numericSlider,באיזו שנה פרסמו ווטסון וקריק את המודל שלהם של הסליל הכפול של ה-DNA?,דגם הסליל הכפול פורסם ב-1953.,,,,1953.0,1900.0,2000.0,5.0,
course_58_la_structure_de_l_adn_watson_crick_1953,course_58_la_structure_de_l_adn_watson_crick_1953_q2,mcq,מה המשמעות של DNA?,"DNA מייצג חומצה דאוקסיריבונוקלאית, המולקולה הארוכה המכילה את הקוד הגנטי.","[""חומצה דיאוקסיריבונוקלאית"", ""חומצה גרעינית"", ""חומצת נוקלאוטיד כפולה"", ""חומצה דיאזוט טבעית""]",0,,,,,,
course_58_la_structure_de_l_adn_watson_crick_1953,course_58_la_structure_de_l_adn_watson_crick_1953_q3,mcq,מה היה חסר למדענים בשנות ה-40 וה-50 כדי להבין כיצד משוכפל DNA?,"בלי לדעת את הצורה התלת-ממדית של ה-DNA, היה קשה להבין איך הקוד הזה יכול לשכפל את עצמו עם כל חלוקת תא.","[""הכרת צורתו בתלת מימד"", ""הכרת ההרכב הכימי הבסיסי שלו"", ""מיקרוסקופ חזק מספיק כדי לראות תאים"", ""עדות לכך שהורים מעבירים תכונות לילדיהם""]",0,,,,,,
course_58_la_structure_de_l_adn_watson_crick_1953,course_58_la_structure_de_l_adn_watson_crick_1953_q4,mcq,איזו תמונה מפורסמת שהושגה על ידי רוזלינד פרנקלין חושפת עדויות ברורות למבנה סליל?,תצלום רנטגן 51 המפורסם של רוזלינד פרנקלין מראה עדות ברורה למדחף.,"[""תמונה 51"", ""הקלישאה 12"", ""צלחת אלפא"", ""השלילי""]",0,,,,,,
course_58_la_structure_de_l_adn_watson_crick_1953,course_58_la_structure_de_l_adn_watson_crick_1953_q5,trueFalse,נכון או לא נכון: רוזלינד פרנקלין קיבלה את פרס נובל ב-1962 עם ווטסון וקריק על גילוי מבנה ה-DNA.,"פרנקלין מת ב-1958; נובל 1962 הלך לווטסון, קריק ווילקינס, לא לה.","[""נכון"", ""לא נכון""]",1,,,,,,
course_58_la_structure_de_l_adn_watson_crick_1953,course_58_la_structure_de_l_adn_watson_crick_1953_q6,mcq,"במבנה ה-DNA, כיצד מאורגנים שני הגדילים?","שני גדילים משלימים מתפתלים יחד, האותיות הכימיות שלהם פונות זו לזו בזוגות.","[""הם עוטפים זה את זה והאותיות שלהם פונות זו לזו בזוגות"", ""הם עצמאיים לחלוטין ולא נוגעים זה בזה"", ""הם יוצרים קובייה נוקשה ללא אפשרות הפרדה"", ""הם מתמזגים לגדיל אחד""]",0,,,,,,
course_58_la_structure_de_l_adn_watson_crick_1953,course_58_la_structure_de_l_adn_watson_crick_1953_q7,mcq,מדוע צורת הסליל הכפול עוזרת לנו להבין את העותק של ה-DNA?,"כאשר שני הגדילים נפרדים, כל אחד מהם משמש כתבנית לשחזור השני, מה שהופך את התורשה למובנת מבחינה כימית.","[""כאשר הגדילים נפרדים, כל אחד מהם יכול לשמש מודל לבנייה מחדש של השני"", ""כי זה מונע כל מוטציה גנטית"", ""כי זה הופך את ה-DNA לבלתי ניתן להריסה"", ""כי זה מקשר ישירות DNA למוח""]",0,,,,,,
course_58_la_structure_de_l_adn_watson_crick_1953,course_58_la_structure_de_l_adn_watson_crick_1953_q8,mcq,באיזה נושא אחר ביצעה גם רוזלינד פרנקלין עבודה מרכזית?,"פרנקלין גם עשה עבודה גדולה על וירוסים, תפקיד שלא מוערך מזמן בחשבונות פופולריים.","[""וירוסים"", ""חיידקים עמידים לאנטיביוטיקה"", ""הרי געש"", ""הכוכבים""]",0,,,,,,
course_59_la_decouverte_de_l_anesthesie,course_59_la_decouverte_de_l_anesthesie_q1,numericSlider,באיזו שנה התקיימה ההפגנה הפומבית הראשונה של הרדמת אתר בבוסטון?,"ב-16 באוקטובר 1846, בבוסטון, התקיימה ההפגנה הפומבית המשכנעת הראשונה של הרדמה.",,,,1846.0,1800.0,1900.0,5.0,
course_59_la_decouverte_de_l_anesthesie,course_59_la_decouverte_de_l_anesthesie_q2,mcq,"לפני ההרדמה, על סמך מה נשפטו המנתחים בעיקר?","ללא הרדמה, המנתחים נשפטו לפי מהירותם, כדי להגביל את סבלו של המטופל.","[""מהירות הביצוע שלהם"", ""העדינות שלהם כלפי המטופל"", ""מספר הניתוחים המוצלחים ללא הרדמה"", ""היכולת שלהם לגרום למטופל לדבר""]",0,,,,,,
course_59_la_decouverte_de_l_anesthesie,course_59_la_decouverte_de_l_anesthesie_q3,mcq,איזה מוצר שאף לוויליאם מורטון מטופל במהלך ההפגנה ב-1846?,רופא השיניים וויליאם מורטון גורם למטופל לשאוף אתר לפני הניתוח.,"[""אתר"", ""כלורופורם"", ""אופיום"", ""אלכוהול טהור""]",0,,,,,,
course_59_la_decouverte_de_l_anesthesie,course_59_la_decouverte_de_l_anesthesie_q4,mcq,מי המנתח המבצע את הגידול בצוואר במהלך ההדגמה הזו?,המנתח ג'ון וורן מנתח גידול בצוואר בזמן שהמטופל מטופל באתר.,"[""ג'ון וורן"", ""אנרי בקרל"", ""לואי פסטר"", ""וילהלם רנטגן""]",0,,,,,,
course_59_la_decouverte_de_l_anesthesie,course_59_la_decouverte_de_l_anesthesie_q5,trueFalse,"נכון או לא נכון: במהלך ההפגנה ב-1846, החולה צרח מכאבים במהלך כל הניתוח.","המטופל אינו צורח בזכות האתר, שמדהים את החדר כולו.","[""נכון"", ""לא נכון""]",1,,,,,,
course_59_la_decouverte_de_l_anesthesie,course_59_la_decouverte_de_l_anesthesie_q6,mcq,"איזה עוד מוצר הרדמה הפך אז לפופולרי, במיוחד בבריטניה?","כלורופורם הפך אז לפופולרי, במיוחד בבריטניה, לצד האתר.","[""כלורופורם"", ""מורפין"", ""חנקתי כסף"", ""יוד""]",0,,,,,,
course_59_la_decouverte_de_l_anesthesie,course_59_la_decouverte_de_l_anesthesie_q7,mcq,"איזו בעיה נותרה לפתור לאחר גילוי האתר, הוליד מומחיות רפואית חדשה?","עלינו ללמוד לנתח, לנטר את הנשימה והלב: זוהי לידתה של ההרדמה.","[""מינון הרדמה מבלי להרוג את המטופל, על ידי ניטור הנשימה והלב"", ""מצא מוצר נטול כאבים לחלוטין עבור הרופא המרדים"", ""לשכנע את המטופלים לקבל את הניתוח"", ""הכנת מכשירים כירורגיים חדים יותר""]",0,,,,,,
course_59_la_decouverte_de_l_anesthesie,course_59_la_decouverte_de_l_anesthesie_q8,trueFalse,"נכון או לא נכון: היום, הרדמה יכולה רק להרדים את כל הגוף, אף פעם לא רק אזור אחד.","כיום אנו יכולים להרדים את כל הגוף או רק אזור, באמצעות הרדמה מקומית או אזורית.","[""נכון"", ""לא נכון""]",1,,,,,,
course_5_la_magna_carta_1215,course_5_la_magna_carta_1215_q1,mcq,מדוע הטילו הברונים האנגלים את המגנה קרטה על המלך ג'ון לקלנד בשנת 1215?,"מול מסים, בני ערובה וקנסות שרירותיים שהטיל ג'ון לקלנד כדי לכבוש מחדש את אדמותיו, הברונים מורדים ומטילים טקסט המגביל את כוחו.","[""להגביל את השרירותיות המלכותית: מיסים, בני ערובה וקנסות פוגעניים"", ""לממן מסע צלב חדש בארץ הקודש"", ""לבטל את המלוכה האנגלית"", ""לבחור מלך חדש במקומו של ג'ון""]",0,,,,,,
course_5_la_magna_carta_1215,course_5_la_magna_carta_1215_q2,trueFalse,נכון או לא נכון: לפני 1215 איבד ג'ון לקלנד את נורמנדי למלך הצרפתי פיליפ השני אוגוסטוס.,"ב-1204 איבד ג'ון לקלנד את נורמנדי לפיליפ השני אוגוסטוס, נסיגה שהחלישה אותו לצמיתות.","[""נכון"", ""לא נכון""]",0,,,,,,
course_5_la_magna_carta_1215,course_5_la_magna_carta_1215_q3,mcq,מה אומר סעיף 39 של Magna Carta?,סעיף 39 קובע את העיקרון שאף אדם חופשי אינו יכול להיעצר או לכלוא ללא משפט ראוי של בני גילו.,"[""לא ניתן לעצור אדם חופשי ללא שיפוט של בני גילו"", ""המלך חייב להיבחר על ידי הברונים"", ""כל המסים המלכותיים מוסרים"", ""צמיתים הופכים אוטומטית לגברים חופשיים""]",0,,,,,,
course_5_la_magna_carta_1215,course_5_la_magna_carta_1215_q4,trueFalse,"נכון או שקר: המגנה כרטה משנת 1215 העניקה זכויות שוות לכל תושבי הממלכה, כולל צמיתים.","הטקסט של 1215 מופנה בעיקר ל""גברים חופשיים""; הצמיתים, איכרים הקשורים לאדמה, אינם נהנים ישירות.","[""נכון"", ""לא נכון""]",1,,,,,,
course_5_la_magna_carta_1215,course_5_la_magna_carta_1215_q5,mcq,"מה קרה באוגוסט 1215, זמן קצר לאחר החתימה של מגנה קרטה?","ג'ון השיג את ביטול הטקסט על ידי האפיפיור באוגוסט 1215, מה שהצית מחדש את הסכסוך עם הברונים.","[""ג'ון לקלנד ביטל את הטקסט על ידי האפיפיור ומלחמת האזרחים מתחדשת"", ""המלך מודח על ידי הברונים"", ""האמנה מיושמת מיד בכל הממלכה"", ""ג'ון לקלנד יוצא לגלות בצרפת""]",0,,,,,,
course_5_la_magna_carta_1215,course_5_la_magna_carta_1215_q6,mcq,איזו תבוסה צבאית ב-1214 בודדה באופן סופי את ג'ון לקלנד לפני מגנה קרטה?,"ב-1214, התבוסה של בובינס, שם פיליפ אוגוסט הביס קואליציה הכוללת את אנגליה, בודדה את ג'ון לקלנד.","[""התבוסה של בובינס"", ""אובדן גסקוניה"", ""השקת לונדון על ידי הברונים"", ""מרד הברונים הצפוניים""]",0,,,,,,
course_5_la_magna_carta_1215,course_5_la_magna_carta_1215_q7,chronological,שים את האירועים הללו מתקופת שלטונו של ג'ון לקלנד בסדר כרונולוגי.,"שלבים אלה עוברים מ-1204 ל-1216: אובדן נורמנדי קודם לתבוסה של בוביין, ולאחר מכן החתימה על האמנה והוצאה מחדש שלו על ידי הנרי השלישי.",,,"[""הפסד של נורמנדי מול פיליפ אוגוסט"", ""תבוסת בוביין"", ""חתימה על המגנה קארטה ב-Rannymede"", ""הוצאה מחודשת של האמנה מאת הנרי השלישי""]",,,,,
course_5_la_magna_carta_1215,course_5_la_magna_carta_1215_q8,numericSlider,באיזו שנה נחתם מגנה קרטה ברנימד?,"המלך ג'ון לקלנד הניח את החותם שלו על המגנה קארטה ביוני 1215, באחו ראנימד.",,,,1215.0,1150.0,1300.0,5.0,
course_5_la_magna_carta_1215,course_5_la_magna_carta_1215_q9,numericSlider,כמה סעיפים יש בטקסט של Magna Carta משנת 1215?,המסמך שנערך בהשפעת הארכיבישוף סטיבן לנגטון מכיל 63 סעיפים.,,,,63.0,0.0,120.0,8.0,
course_60_la_theorie_de_l_evolution_de_darwin_1859,course_60_la_theorie_de_l_evolution_de_darwin_1859_q1,numericSlider,"באיזו שנה פרסם צ'ארלס דרווין את ""על מוצא המינים""?",דרווין פרסם את עבודתו העיקרית ב-1859.,,,,1859.0,1800.0,1900.0,5.0,
course_60_la_theorie_de_l_evolution_de_darwin_1859,course_60_la_theorie_de_l_evolution_de_darwin_1859_q2,mcq,"באיזו ספינה נסע דרווין במשך שנים כדי לצפות בצמחים, מאובנים וציפורים?","דרווין עלה על הספינה ""ביגל"" ובילה שנים בהתבוננות בטבע ברחבי העולם.","[""הביגל"", ""הביגל השני"", ""המאמץ"", ""התגלית""]",0,,,,,,
course_60_la_theorie_de_l_evolution_de_darwin_1859,course_60_la_theorie_de_l_evolution_de_darwin_1859_q3,mcq,מה צפה דרווין בציפורים של איי גלפגוס?,"בגלפגוס, דארווין שם לב שלציפורים בקרבת מקום יש מקורים שונים בהתאם לתזונה שלהם, רמז חזק.","[""מקורים שונים בהתאם לאוכל שלהם"", ""צבעי נוצות זהים בכל מקום"", ""חוסר יכולת מוחלט לעוף"", ""תמיד באותו גודל לא משנה מה הציפור""]",0,,,,,,
course_60_la_theorie_de_l_evolution_de_darwin_1859,course_60_la_theorie_de_l_evolution_de_darwin_1859_q4,mcq,איך כינה דרווין את המנגנון שבאמצעותו התפשטו תכונות שימושיות להישרדות באוכלוסייה?,דרווין קורא למנגנון הזה ברירה טבעית: הסביבה שומרת במקום זאת על מה שעוזר לשרוד ולהתרבות.,"[""ברירה טבעית"", ""מוטציה מכוונת"", ""תורשה נרכשת"", ""הסתגלות מרצון""]",0,,,,,,
course_60_la_theorie_de_l_evolution_de_darwin_1859,course_60_la_theorie_de_l_evolution_de_darwin_1859_q5,trueFalse,"נכון או לא נכון: לפי דרווין, אנשים ""רוצים"" להתפתח כדי להסתגל לסביבתם.","זה לא רצון: זה מסנן, הסביבה דווקא שומרת על התכונות שעובדות, ללא כוונת היחידים.","[""נכון"", ""לא נכון""]",1,,,,,,
course_60_la_theorie_de_l_evolution_de_darwin_1859,course_60_la_theorie_de_l_evolution_de_darwin_1859_q6,mcq,"איזה עוד חוקר טבע מעלה רעיונות קרובים לאלו של דרווין, מה שדוחף אותו לפרסם את ספרו?","אלפרד ראסל וואלאס הגה רעיונות דומים, שדחפו את דרווין להוציא סוף סוף את ספרו.","[""אלפרד ראסל וואלאס"", ""גרגור מנדל"", ""לואי פסטר"", ""אנטואן לבואזיה""]",0,,,,,,
course_60_la_theorie_de_l_evolution_de_darwin_1859,course_60_la_theorie_de_l_evolution_de_darwin_1859_q7,mcq,מדוע רעיונותיו של דרווין זעזעו את החברה במאה ה-19?,"האמירה שמינים משתנים, ושבני אדם חולקים היסטוריה עם חיות אחרות, מטלטלת את הדת והחברה של אותה תקופה.","[""הם קוראים תיגר על הרעיון שמינים נוצרו כפי שהם, ומקרבים את בני האדם לבעלי חיים אחרים"", ""הם מוכיחים שכדור הארץ צעיר ממה שחשבנו"", ""הם מכריזים על סופה של החקלאות המסורתית"", ""הם מעמידים בספק את קיומם של מאובנים""]",0,,,,,,
course_60_la_theorie_de_l_evolution_de_darwin_1859,course_60_la_theorie_de_l_evolution_de_darwin_1859_q8,mcq,"לפי הקורס, איזו דוגמה עדכנית ממחישה אבולוציה ""חיה""?",המאבק בחיידקים עמידים לאנטיביוטיקה הוא דוגמה לאבולוציה שניתן לצפות בה ישירות.,"[""חיידקים עמידים לאנטיביוטיקה"", ""היעלמותם המוחלטת של הדינוזאורים"", ""היווצרותן של יבשות"", ""מחזור עונות השנה""]",0,,,,,,
course_61_le_big_bang,course_61_le_big_bang_q1,mcq,"מהו המפץ הגדול, לפי הקורס?","המפץ הגדול אינו פיצוץ בריק קיים: הוא החלל עצמו שמתחיל לצמוח, לוקח איתו חומר.","[""הרחבת החלל עצמו, לא פיצוץ לריק שכבר שם"", ""פיצוץ קלאסי שזרק חומר לחלל שכבר קיים"", ""התנגשות של שני כוכבי ענק"", ""תופעה שמתרחשת עד היום במרכז כל גלקסיה""]",0,,,,,,
course_61_le_big_bang,course_61_le_big_bang_q2,numericSlider,לפני כמה מיליארדי שנים התרחש המפץ הגדול?,מדענים מתארכים את המפץ הגדול לפני כ-13.8 מיליארד שנים.,,,,13.8,5.0,20.0,1.0,מיליארדי שנים
course_61_le_big_bang,course_61_le_big_bang_q3,mcq,"מי המציא את המונח ""המפץ הגדול"" ב-1949, בעצם רוצה לצחוק עליו?","האסטרופיזיקאי הבריטי פרד הויל טבע את המונח ב-1949 כדי ללעוג לרעיון, אבל הכינוי דבק.","[""פרד הויל"", ""אדווין האבל"", ""אלברט איינשטיין"", ""ארנו פנזיאס""]",0,,,,,,
course_61_le_big_bang,course_61_le_big_bang_q4,numericSlider,באיזו שנה ראה אדווין האבל שגלקסיות מתרחקות ככל שהן מהר יותר?,"בשנת 1929, האבל הראה שהיקום אינו סטטי: הוא גדל.",,,,1929.0,1900.0,1950.0,5.0,
course_61_le_big_bang,course_61_le_big_bang_q5,mcq,"מה תפסו ארנו פנזיאס ורוברט ווילסון ב-1965, ההוכחה העיקרית למפץ הגדול?","פנזיאס ווילסון לוכדים את רקע המיקרוגל הקוסמי, הד תרמי של היקום הצעיר שמגיע מכל הכיוונים.","[""רקע המיקרוגל הקוסמי, פצפוץ רדיו שמגיע מכל מקום"", ""גלי הכבידה הראשונים"", ""האור הישיר של הכוכבים הראשונים"", ""אות רדיו שנשלח על ידי ציוויליזציה אחרת""]",0,,,,,,
course_61_le_big_bang,course_61_le_big_bang_q6,percentageSlider,איזה חלק בערך של מימן נוצר בדקות הראשונות של היקום?,חישובים ותצפיות מצביעים על כ-75% מימן ו-25% הליום שנוצרו במהלך נוקלאוסינתזה ראשונית.,,,,75.0,0.0,100.0,5.0,%
course_61_le_big_bang,course_61_le_big_bang_q7,chronological,שים את השלבים העיקריים האלה בהיסטוריה של היקום בסדר כרונולוגי.,"ציר הזמן הזה עובר מהאינפלציה הראשונית להיווצרות השמש לפני 4.6 מיליארד שנים, דרך הליבות הראשונות כ-3 דקות והרקע המפוזר לפני כ-380,000 שנים.",,,"[""שלב האינפלציה, ממש לאחר תחילת היקום"", ""היווצרות גרעיני האטום הראשונים"", ""שחרור האור, במקור רקע המיקרוגל הקוסמי"", ""הופעת הכוכבים הראשונים"", ""היווצרות השמש""]",,,,,
course_61_le_big_bang,course_61_le_big_bang_q8,trueFalse,נכון או לא נכון: ביקום המתרחב יש נקודה מרכזית מדויקת שממנה הכל מתרחק.,"כמו בלון שמתנפח, אף נקודה ביקום אינה המרכז: כל הנקודות מתרחקות זו מזו.","[""נכון"", ""לא נכון""]",1,,,,,,
course_61_le_big_bang,course_61_le_big_bang_q9,percentageSlider,"לפי הקורס, כמה מתוכן היקום הוא אנרגיה אפלה?","אנרגיה אפלה מייצגת כ-68% מתכולת היקום, לעומת כ-5% לחומר רגיל.",,,,68.0,0.0,100.0,5.0,%
course_61_le_big_bang,course_61_le_big_bang_q10,mcq,מה צפינו ב-1998 הודות לסופרנובות רחוקות?,"בשנת 1998, התצפית על סופרנובות רחוקות הראתה כי התפשטות היקום מואצת, המיוחסת לאנרגיה אפלה מסתורית.","[""שההתפשטות של היקום תאיץ"", ""שהיקום הפסיק להתפשט"", ""שהיקום יתכווץ בקרוב"", ""שיש עוד גלקסיה זהה לשלנו""]",0,,,,,,
course_62_pourquoi_les_volcans_entrent_ils_en_erup,course_62_pourquoi_les_volcans_entrent_ils_en_erup_q1,mcq,מה קורה למאגמה ברגע שהיא מגיעה לאוויר הפתוח?,"ברגע באוויר הפתוח, המאגמה העולה אל פני הר געש הופכת ללבה.","[""לבה"", ""בזלת מוצקה"", ""אבן ספוג"", ""גרניט""]",0,,,,,,
course_62_pourquoi_les_volcans_entrent_ils_en_erup,course_62_pourquoi_les_volcans_entrent_ils_en_erup_q2,mcq,מה גורם להיווצרות מאגמה באזור ההפחתה?,"באזור הכרעה, הלוח השוקע נושא מים המורידים את נקודת ההיתוך של סלעים ויוצרים מאגמה.","[""מים מונעים על ידי לוח הצולל, המוריד את נקודת ההתכה של סלעים"", ""ההתקררות הפתאומית של הצלחת שצוללת"", ""היעלמות מוחלטת של קרום האוקיינוס"", ""ירידה פתאומית בלחץ האטמוספרי""]",0,,,,,,
course_62_pourquoi_les_volcans_entrent_ils_en_erup,course_62_pourquoi_les_volcans_entrent_ils_en_erup_q3,trueFalse,"נכון או לא נכון: מאגמה נוזלית, כמו זו של הוואי, מייצרת בדרך כלל התפרצויות נפץ.","מאגמה נוזלית מאפשרת לגזים לברוח בקלות: ההתפרצות נשפכת, הלבה זורמת, כמו בהוואי או בפיטון דה לה פורנז.","[""נכון"", ""לא נכון""]",1,,,,,,
course_62_pourquoi_les_volcans_entrent_ils_en_erup,course_62_pourquoi_les_volcans_entrent_ils_en_erup_q4,mcq,מה קובע אם התפרצות היא יותר שופעת או נפיצה יותר?,"מאגמה נוזלית מאפשרת לגזים לברוח ולזרום (התפרצות מתפרצת), בעוד שמאגמה דביקה לוכדת את הגזים עד שהיא מתפוצצת (התפרצות נפיצה).","[""צמיגות מאגמה"", ""טמפרטורת אוויר הסביבה"", ""הגובה של הר הגעש"", ""צבע הלבה""]",0,,,,,,
course_62_pourquoi_les_volcans_entrent_ils_en_erup,course_62_pourquoi_les_volcans_entrent_ils_en_erup_q5,percentageSlider,"כמה מהפעילות הוולקנית של העולם מתרחשת מתחת לאוקיינוסים, הרחק מעינינו?","כ-80% מהפעילות הוולקנית בעולם מתרחשת מתחת לאוקיינוסים, במיוחד ליד רכסים.",,,,80.0,0.0,100.0,5.0,%
course_62_pourquoi_les_volcans_entrent_ils_en_erup,course_62_pourquoi_les_volcans_entrent_ils_en_erup_q6,mcq,"איזו התפרצות געשית של 1815 באינדונזיה קיררה את האקלים העולמי וגרמה ל""שנה ללא קיץ"" ב-1816?","התפרצות טמבורה בשנת 1815 הייתה כה עוצמתית שהיא קיררה את האקלים העולמי, וגרמה ליבול הרות אסון בשנת 1816.","[""התפרצות טמבורה"", ""התפרצות וזוב"", ""התפרצות קרקטואה"", ""ההתפרצות של פינטובו""]",0,,,,,,
course_62_pourquoi_les_volcans_entrent_ils_en_erup,course_62_pourquoi_les_volcans_entrent_ils_en_erup_q7,mcq,"מהם ה""מעשנים השחורים"" שנמצאו ליד רכסים תת-מימיים?","מעשנים שחורים הם ארובות תת-מימיות שפולטות נוזלים חמים עשירים במינרלים, שסביבם חיות מערכות אקולוגיות חסרות אור.","[""ארובות הפולטות נוזלים בוערים עשירים במינרלים"", ""גייזרי קרח ספציפיים לאזורי קוטב"", ""ענני אפר וולקני על פני השטח"", ""רובוטים ששימשו לחקור הרי געש""]",0,,,,,,
course_62_pourquoi_les_volcans_entrent_ils_en_erup,course_62_pourquoi_les_volcans_entrent_ils_en_erup_q8,mcq,איזו עיר עתיקה נקברה בהתפרצות וזוב בשנת 79 לספירה? מודעה?,"בשנת 79 לספירה לפני הספירה, התפרצות וזוב, ליד נאפולי, קברה את העיר פומפיי באפר.","[""פומפיי"", ""אוסטיה"", ""קומאי"", ""רוונה""]",0,,,,,,
course_63_comment_se_forment_les_tremblements_de_t,course_63_comment_se_forment_les_tremblements_de_t_q1,mcq,מהי תקלה שגורמת לרעידת אדמה?,"רעידת אדמה מתרחשת לאורך שבר, שבר בין שני גושי סלע שבסופו של דבר מחליקים בפתאומיות.","[""שבר בין שני גושי סלע"", ""סוג של הר געש תת מימי"", ""שכבה של האטמוספירה של כדור הארץ"", ""מכשיר מדידה סיסמי""]",0,,,,,,
course_63_comment_se_forment_les_tremblements_de_t,course_63_comment_se_forment_les_tremblements_de_t_q2,mcq,"מדוע הלוחות הטקטוניים אינם גולשים ברציפות, למרות תנועתם המתמדת?","בגבולות הלוחות, החיכוך של הסלעים מעכב את ההחלקה: האנרגיה אז מצטברת בשקט עד לקרע.","[""החיכוך של הסלעים חוסם את ההחלקה שלהם בגבולות"", ""הם מוחזקים יחד על ידי השדה המגנטי של כדור הארץ"", ""כוח הכבידה מונע מהם לנוע"", ""מעטפת כדור הארץ מוצקה לחלוטין וחסרת תנועה""]",0,,,,,,
course_63_comment_se_forment_les_tremblements_de_t,course_63_comment_se_forment_les_tremblements_de_t_q3,mcq,מה ההבדל בין המוקד למוקד רעידת אדמה?,"הפוקוס מתייחס לנקודת השבירה בעומק, בעוד המוקד הוא הנקודה על פני השטח ממש מעל, שבה ההשפעות הן לרוב החזקות ביותר.","[""המוקד הוא נקודת השבירה בעומק, המוקד הוא הנקודה על פני השטח ממש מעל"", ""הפוקוס נמצא על פני השטח, המוקד עמוק"", ""אלו שני שמות שונים בדיוק לאותה נקודה."", ""מיקוד מודד גודל, מוקד מודד משך זמן""]",0,,,,,,
course_63_comment_se_forment_les_tremblements_de_t,course_63_comment_se_forment_les_tremblements_de_t_q4,trueFalse,נכון או לא נכון: כל מעלה נוספת בסולם הגודל מכפילה את האנרגיה המשתחררת בכ-32.,"סולם העוצמה הוא לוגריתמי: כל מעלה מכפילה את האנרגיה בכ-32, כך שרעידת אדמה בעוצמה 8 משחררת בערך פי 1,000 יותר אנרגיה מרעידת אדמה בעוצמה 6.","[""נכון"", ""לא נכון""]",0,,,,,,
course_63_comment_se_forment_les_tremblements_de_t,course_63_comment_se_forment_les_tremblements_de_t_q5,numericSlider,"מהו האורך המשוער של שבר סן אנדראס בקליפורניה, בקילומטרים?",שבר סן אנדראס משתרע כ-800 מייל לאורך קליפורניה.,,,,1300.0,500.0,2000.0,100.0,km
course_63_comment_se_forment_les_tremblements_de_t,course_63_comment_se_forment_les_tremblements_de_t_q6,mcq,איזה אסון התרחש בעקבות רעידת האדמה בעוצמה 9.1 ליד סומטרה ב-2004?,"רעידת האדמה של 2004 ליד סומטרה העלתה את קרקעית הים וגרמה לצונאמי שפגע ב-14 מדינות, והרג כ-227,000 בני אדם.","[""צונאמי שפגע ב-14 מדינות והרג כ-227,000 בני אדם"", ""התפרצות געשית גדולה באינדונזיה"", ""הפסקת חשמל בכל יבשת אסיה"", ""מכת קור קיצונית בדרום מזרח אסיה""]",0,,,,,,
course_63_comment_se_forment_les_tremblements_de_t,course_63_comment_se_forment_les_tremblements_de_t_q7,chronological,שים לפי סדר ההגעה את הסוגים השונים של גלים סיסמיים לאחר קרע של תקלה.,"לאחר הקרע מגיעים תחילה גלי P, אחריהם גלי S ולאחר מכן גלי שטח, הגורמים לתנודות הנראות ביותר בקרקע.",,,"[""גלי P, שדוחסים את הסלע כמו אקורדיון"", ""גלי S, איטיים יותר ולעיתים הרסניים יותר"", ""גלי פני השטח, הגורמים לאדמה להתנודד בצורה מאוד גלויה""]",,,,,
course_63_comment_se_forment_les_tremblements_de_t,course_63_comment_se_forment_les_tremblements_de_t_q8,mcq,למה משמשת הנדסת רעידת אדמה?,"הנדסה סיסמית מתכננת מבנים עם יסודות ניידים או בולמי זעזועים, המסוגלים לעמוד בפני רעידות.","[""לתכנן מבנים המסוגלים לספוג את האנרגיה של רעידות"", ""כדי לחזות את היום המדויק של רעידת אדמה עתידית"", ""כדי למנוע מהלוחות הטקטוניים לנוע"", ""למדוד את עוצמת רעידת אדמה לאחר מעשה""]",0,,,,,,
course_63_comment_se_forment_les_tremblements_de_t,course_63_comment_se_forment_les_tremblements_de_t_q9,trueFalse,נכון או לא נכון: היום אנחנו יודעים לחזות במדויק את היום המדויק של רעידת אדמה גדולה.,איננו יודעים עדיין כיצד לחזות את היום המדויק של רעידת אדמה גדולה; אנחנו יכולים רק למפות את אזורי הסיכון.,"[""נכון"", ""לא נכון""]",1,,,,,,
course_64_la_catastrophe_de_tchernobyl_1986,course_64_la_catastrophe_de_tchernobyl_1986_q1,mcq,מה הבדיקה הייתה משמרת הלילה של כור מס. 4 ביצוע לפני הפיצוץ?,"מהנדסים בדקו אם הטורבינות שעדיין מסתובבות יכולות להפעיל את משאבות הקירור במקרה של הפסקת חשמל, לפני שגנרטורי הדיזל מופעלים.","[""בדיקת בטיחות באספקת החשמל למשאבות הקירור במקרה של הפסקת חשמל"", ""בדיקת התנגדות סיסמית של הבניין"", ""בדיקת איכות המים של הנהר הסמוך"", ""תרגיל פינוי אוכלוסין""]",0,,,,,,
course_64_la_catastrophe_de_tchernobyl_1986,course_64_la_catastrophe_de_tchernobyl_1986_q2,mcq,"איזה סוג של כור, הידוע בחוסר היציבות שלו בהספק נמוך, שימש בצ'רנוביל?","הכור RBMK המקורר במים, המתון בגרפיט, הפך מאוד לא יציב בהספק נמוך, מה שתרם לתאונה.","[""כור RBMK הסובייטי"", ""כור המים הלחץ האמריקאי"", ""כור הנייטרונים המהיר הצרפתי"", ""כור המלח המותך הסיני""]",0,,,,,,
course_64_la_catastrophe_de_tchernobyl_1986,course_64_la_catastrophe_de_tchernobyl_1986_q3,trueFalse,"נכון או לא נכון: בצ'רנוביל, הפעלת מוטות הבקרה עצרה מיד את תגובת השרשרת.","בגלל התכנון שלהם, מוטות הבקרה גרמו תחילה לנחשול קצר לפני שהצליחו לעצור את התגובה, מה שגרם לפיצוץ.","[""נכון"", ""לא נכון""]",1,,,,,,
course_64_la_catastrophe_de_tchernobyl_1986,course_64_la_catastrophe_de_tchernobyl_1986_q4,numericSlider,כמה תושבים בערך היו לפריפיאט בזמן הפינוי?,"בפריפיאט היו כ-50,000 תושבים, שפונו תוך מספר שעות ב-27 באפריל 1986.",,,,50000.0,20000.0,80000.0,7000.0,תושבים
course_64_la_catastrophe_de_tchernobyl_1986,course_64_la_catastrophe_de_tchernobyl_1986_q5,mcq,"לאיזו רמה מגיע אסון צ'רנוביל בסולם INES, המדרג את תאונות הגרעין מ-1 עד 7?","צ'רנוביל הגיעה לרמה 7, המקסימום בסולם INES, כמו פוקושימה ב-2011.","[""רמה 7, המקסימום של הסולם"", ""רמה 5, דרגת ביניים"", ""רמה 3, אירוע קל"", ""אין קנה מידה לתאונה זו""]",0,,,,,,
course_64_la_catastrophe_de_tchernobyl_1986,course_64_la_catastrophe_de_tchernobyl_1986_q6,mcq,איך אנחנו קוראים למאות אלפי האנשים שגייסה ברית המועצות כדי להכיל את האסון?,"קרוב ל-600,000 בני אדם, המכונים מפרקים, גויסו לבלימת האסון: טייסים, עובדים, חיילים.","[""המפרקים"", ""המגינים"", ""הזיקוקים"", ""השומרים""]",0,,,,,,
course_64_la_catastrophe_de_tchernobyl_1986,course_64_la_catastrophe_de_tchernobyl_1986_q7,chronological,שים את השלבים האלה של אסון צ'רנוביל בסדר כרונולוגי.,"הפיצוץ אירע ב-26 באפריל 1986, פריפיאט פונתה למחרת, סרקופג ראשון נבנה ב-1986, ולאחר מכן הוחלף בקשת חדשה ב-2016.",,,"[""בדיקת בטיחות בכור מס' 4 משתבשת וגורמת לפיצוץ"", ""העיר פריפיאט פונה בדחיפות"", ""סרקופג בטון ראשון מבודד את הכור הפגוע"", ""קשת פלדה ענקית מכסה את כל האתר""]",,,,,
course_64_la_catastrophe_de_tchernobyl_1986,course_64_la_catastrophe_de_tchernobyl_1986_q8,trueFalse,נכון או לא נכון: אזור ההדרה סביב צ'רנוביל הוא כעת ביתם של חיות בר בשפע.,"ללא חקלאות או עיירות במשך עשרות שנים, אזור ההדרה רואה חיות בר בשפע מתפתחות שם: זאבים, איילים, סוסי פז'וולסקי.","[""נכון"", ""לא נכון""]",0,,,,,,
course_64_la_catastrophe_de_tchernobyl_1986,course_64_la_catastrophe_de_tchernobyl_1986_q9,mcq,מדוע קשת פלדה חדשה כיסתה את האתר ב-2016?,"סרקופג הבטון שנבנה בשנת 1986 לאחר שנחלש, הוא כוסה בשנת 2016 על ידי קשת חדשה שתוכננה להחזיק מעמד כ-100 שנים.","[""סרקופג הבטון הראשון שנבנה ב-1986 נחלש"", ""הסרקופג הראשון מעולם לא הסתיים"", ""זה עתה התגלתה דליפה רדיואקטיבית חדשה"", ""ממשלת אוקראינה רצתה לפתוח מחדש את המפעל""]",0,,,,,,
course_65_pourquoi_la_lune_ne_tombe_t_elle_pas_sur,course_65_pourquoi_la_lune_ne_tombe_t_elle_pas_sur_q1,mcq,"מדוע הירח לא מתרסק לתוך כדור הארץ, למרות שכוח הכבידה מושך אותו כל הזמן?","הירח אכן נופל לכיוון כדור הארץ, אך מהירותו הצידית גורמת לו להחמיץ ללא הרף את כדור הארץ: זה מה שאנו מכנים מסלול.","[""יש לו מהירות רוחבית שגורמת לו להתגעגע לכדור הארץ בכל רגע: זוהי נפילה חופשית קבועה"", ""הוא מוחזק על ידי שדה מגנטי בלתי נראה"", ""כוח המשיכה של כדור הארץ אינו פועל מעבר לאטמוספירה"", ""הירח אינו חווה כוח משיכה כלשהו""]",0,,,,,,
course_65_pourquoi_la_lune_ne_tombe_t_elle_pas_sur,course_65_pourquoi_la_lune_ne_tombe_t_elle_pas_sur_q2,mcq,מה דמיין אייזק ניוטון כדי להסביר את עקרון המסלול?,"ניוטון מדמיין תותח יורה כדור אופקית: במהירות מספקת, הכדור נופל מבלי לגעת בקרקע, מכיוון שכדור הארץ מתעקל מתחתיו באותו קצב.","[""תותח יורה כדור תותח מהר גבוה מספיק כדי להימלט מהאטמוספירה"", ""מטוטלת מתנדנדת בלי סוף בריק"", ""ניסוי עם שני מגנטים מנוגדים"", ""בלון מלא בהליום ששוחרר בגובה""]",0,,,,,,
course_65_pourquoi_la_lune_ne_tombe_t_elle_pas_sur,course_65_pourquoi_la_lune_ne_tombe_t_elle_pas_sur_q3,numericSlider,"עד כמה הירח מקיף את כדור הארץ בממוצע, בקילומטרים?","הירח מקיף כ-384,000 ק""מ מכדור הארץ.",,,,384000.0,320000.0,440000.0,15000.0,km
course_65_pourquoi_la_lune_ne_tombe_t_elle_pas_sur,course_65_pourquoi_la_lune_ne_tombe_t_elle_pas_sur_q4,trueFalse,"נכון או לא נכון: אם כוח המשיכה ייעלם פתאום, הירח היה נוסע בקו ישר לחלל.","על פי עקרון האינרציה, גוף שומר על מהירותו אם לא מאטים אותו: ללא כוח הכבידה שיעצור אותו, הירח היה הולך ישר.","[""נכון"", ""לא נכון""]",0,,,,,,
course_65_pourquoi_la_lune_ne_tombe_t_elle_pas_sur,course_65_pourquoi_la_lune_ne_tombe_t_elle_pas_sur_q5,mcq,מה יוצר כוחות גאות ושפל בין כדור הארץ לירח?,"כוח המשיכה של הירח מושך חזק יותר בצד כדור הארץ הפונה אליו, מה שמעוות את האוקיינוסים ויוצר בליטה של מים: גאות ושפל.","[""הירח מושך את הצד של כדור הארץ הפונה אליו חזק יותר מהצד הנגדי"", ""סיבוב כדור הארץ על עצמו"", ""החום של ליבת כדור הארץ"", ""רוח השמש שפוגעת באטמוספירה""]",0,,,,,,
course_65_pourquoi_la_lune_ne_tombe_t_elle_pas_sur,course_65_pourquoi_la_lune_ne_tombe_t_elle_pas_sur_q6,numericSlider,כמה סנטימטרים מתרחק הירח מכדור הארץ מדי שנה?,"עקב כוחות הגאות והשפל, הירח מתרחק כ-1.5 אינץ' בשנה.",,,,3.8,0.0,8.0,1.0,cm
course_65_pourquoi_la_lune_ne_tombe_t_elle_pas_sur,course_65_pourquoi_la_lune_ne_tombe_t_elle_pas_sur_q7,mcq,מדוע ליקוי חמה מלא אפשרי כיום?,"בצירוף מקרים גיאומטרי, השמש גדולה פי 400 וגם רחוקה פי 400 מהירח, מה שמקנה להם את אותו גודל לכאורה בשמים.","[""השמש גדולה פי 400 מהירח, אך גם רחוקה פי 400: לשניהם אותו גודל לכאורה"", ""הירח למעשה גדול יותר מהשמש"", ""השמש מתקרבת יותר ויותר לכדור הארץ"", ""הירח נייח ביחס לשמש""]",0,,,,,,
course_65_pourquoi_la_lune_ne_tombe_t_elle_pas_sur,course_65_pourquoi_la_lune_ne_tombe_t_elle_pas_sur_q8,trueFalse,"נכון או לא נכון: בעתיד הרחוק, הירח יתרחק לנקודה שבה לא יוכל עוד לגרום לליקוי חמה מלא.","בעוד כ-600 מיליון שנה, הירח יהיה רחוק מכדי להסתיר את השמש לחלוטין: רק ליקויים טבעתיים יישארו.","[""נכון"", ""לא נכון""]",0,,,,,,
course_66_y_a_t_il_de_la_vie_ailleurs_dans_l_unive,course_66_y_a_t_il_de_la_vie_ailleurs_dans_l_unive_q1,mcq,מהו פרדוקס הפרמי?,"פרדוקס הפרמי מתייחס לסתירה בין המספר העצום של כוכבי לכת אפשריים לבין היעדר, עד כה, של כל מגע מחוץ לכדור הארץ מאושר.","[""הסתירה בין המספר העצום של כוכבי לכת אפשריים לבין היעדר כל מגע מחוץ לכדור הארץ מאושר"", ""תיאוריה שמוכיחה שאין חיים בשום מקום אחר ביקום"", ""פרדוקס מתמטי שלא קשור לאסטרונומיה"", ""הוכחה שחייזרים כבר יצרו איתנו קשר""]",0,,,,,,
course_66_y_a_t_il_de_la_vie_ailleurs_dans_l_unive,course_66_y_a_t_il_de_la_vie_ailleurs_dans_l_unive_q2,mcq,"על אילו שני מרכיבים ידועים חיים ארציים מבוססים, הבסיס לחיפוש אחר חיים במקום אחר?","החיים על פני כדור הארץ מסתמכים בעיקר על הכימיה של פחמן ומים נוזליים, המאפשרת להתרחש תגובות כימיות.","[""כימיה של פחמן ומים נוזליים"", ""גז סיליקון וחנקן"", ""הליום ומתאן"", ""ברזל ואמוניה""]",0,,,,,,
course_66_y_a_t_il_de_la_vie_ailleurs_dans_l_unive,course_66_y_a_t_il_de_la_vie_ailleurs_dans_l_unive_q3,trueFalse,"נכון או לא נכון: יותר מ-5,000 כוכבי לכת חיצוניים התגלו מאז שנות ה-90.","מאז שנות ה-90, יותר מ-5,500 כוכבי לכת אקזו-כוכבים התגלו סביב כוכבים אחרים.","[""נכון"", ""לא נכון""]",0,,,,,,
course_66_y_a_t_il_de_la_vie_ailleurs_dans_l_unive,course_66_y_a_t_il_de_la_vie_ailleurs_dans_l_unive_q4,mcq,"מהי משוואת דרייק, שהוצעה ב-1961?","בשנת 1961, האסטרונום פרנק דרייק הציע נוסחה המכפילה מספר גורמים כדי להעריך את מספר הציוויליזציות המסוגלות לתקשר בגלקסיה שלנו.","[""נוסחה המכפילה מספר גורמים כדי להעריך את מספר הציביליזציות המתקשרות בשביל החלב"", ""נוסחה המחשבת את המרחק המדויק בין שתי גלקסיות"", ""חישוב שמוכיח את קיומם של חיים על מאדים"", ""משוואה המשמשת למדידת מהירות האור""]",0,,,,,,
course_66_y_a_t_il_de_la_vie_ailleurs_dans_l_unive,course_66_y_a_t_il_de_la_vie_ailleurs_dans_l_unive_q5,mcq,"כיצד יצליח הירח אירופה, סביב צדק, לשמור על אוקיינוס נוזלי מתחת לקרום הקרח שלו?","המשיכה העצומה של צדק מעוותת את אירופה ומחממת את חלקה הפנימי באמצעות חיכוך, מה שיאפשר לאוקיינוס להישאר נוזלי מתחת לקרח.","[""כוחות הגאות והשפל של צדק מחממים את חלקו הפנימי באמצעות חיכוך"", ""אווירה צפופה מאוד מגינה עליו מפני הקור"", ""הוא מחומם על ידי וולקניות פעילה משלו על פני השטח"", ""הוא מקבל אור שמש עז למרות המרחק""]",0,,,,,,
course_66_y_a_t_il_de_la_vie_ailleurs_dans_l_unive,course_66_y_a_t_il_de_la_vie_ailleurs_dans_l_unive_q6,mcq,מה גילתה בדיקת קאסיני על ירח שבתאי אנצלדוס?,"הגשושית Cassini זיהתה גייזרים ועדויות לפעילות הידרותרמית על קרקעית האוקיינוס של Enceladus, מקור לאנרגיה כימית המסוגלת להזין חיידקים.","[""עדות לפעילות הידרותרמית בקרקעית האוקיינוס שלו"", ""נוכחות של אווירה נושמת"", ""עקבות של צמחייה על פניו"", ""שדה מגנטי זהה לזה של כדור הארץ""]",0,,,,,,
course_66_y_a_t_il_de_la_vie_ailleurs_dans_l_unive,course_66_y_a_t_il_de_la_vie_ailleurs_dans_l_unive_q7,mcq,"מהי השערת ""המסנן הגדול""?","המסנן הגדול מציין צעד כמעט בלתי אפשרי לבצע באבולוציה, שכבר עברנו או שעדיין מחכה לנו.","[""צעד כמעט בלתי אפשרי לעשות בהתפתחות לקראת ציוויליזציה טכנולוגית מתקדמת"", ""מגן טבעי המגן על כדור הארץ מפני אסטרואידים"", ""מסנן המשמש טלסקופים רדיו ללכידת אותות"", ""המהירות המקסימלית שאליה יכולה רקטה להגיע""]",0,,,,,,
course_66_y_a_t_il_de_la_vie_ailleurs_dans_l_unive,course_66_y_a_t_il_de_la_vie_ailleurs_dans_l_unive_q8,numericSlider,באיזו שנה הציע פרנק דרייק את המשוואה שלו להערכת מספר הציביליזציות המתקשרות?,פרנק דרייק הציע את המשוואה שלו ב-1961.,,,,1961.0,1940.0,1980.0,5.0,
course_66_y_a_t_il_de_la_vie_ailleurs_dans_l_unive,course_66_y_a_t_il_de_la_vie_ailleurs_dans_l_unive_q9,trueFalse,נכון או לא נכון: הגשושיות של וויאג'ר נושאות דיסקים מוזהבים עם צלילים ותמונות של כדור הארץ מאז 1977.,"מאז 1977, גישושים של וויאג'ר נשאו דיסקים מזהב המיועדים לציוויליזציה מחוץ לכדור הארץ אפשרית, גם אם ההסתברות ליירוט היא כמעט אפסית.","[""נכון"", ""לא נכון""]",0,,,,,,
course_67_qu_est_ce_qu_un_trou_noir,course_67_qu_est_ce_qu_un_trou_noir_q1,mcq,איך אתה מגדיר חור שחור?,חור שחור הוא אזור במרחב-זמן שבו כוח הכבידה הוא כה אינטנסיבי עד שהמהירות הדרושה כדי להימלט עולה על זו של האור.,"[""אזור שבו כוח הכבידה כה עז שאפילו אור לא יכול לברוח"", ""מנהרה המחברת בין שתי נקודות רחוקות ביקום"", ""כוכב קר ואפל במיוחד"", ""ריק מוחלט נטול כל עניין""]",0,,,,,,
course_67_qu_est_ce_qu_un_trou_noir,course_67_qu_est_ce_qu_un_trou_noir_q2,mcq,כיצד נולד בדרך כלל חור שחור כוכבי?,"חור שחור כוכבי נולד לעתים קרובות מקריסה של הליבה של כוכב מסיבי, לפחות פי 20 עד 25 מהמסה של השמש, לאחר שהדלק שלו נגמר.","[""על ידי קריסת הליבה של כוכב מסיבי מאוד לאחר מיצוי הדלק שלו"", ""על ידי מיזוג של שני כוכבי לכת ענקיים"", ""על ידי התקררות הדרגתית של גמד לבן"", ""על ידי פיצוץ של שביט במהירות גבוהה""]",0,,,,,,
course_67_qu_est_ce_qu_un_trou_noir,course_67_qu_est_ce_qu_un_trou_noir_q3,trueFalse,"נכון או לא נכון: חור שחור שואב את כל מה שעובר בקרבת מקום, גם במרחק רב.","חור שחור לא שואב הכל ממרחק: כוח המשיכה שלו תלוי במסה שלו ובמרחק, כמו בכל עצם אחר.","[""נכון"", ""לא נכון""]",1,,,,,,
course_67_qu_est_ce_qu_un_trou_noir,course_67_qu_est_ce_qu_un_trou_noir_q4,mcq,מה שמו של החור השחור העל-מאסיבי שנמצא במרכז שביל החלב?,"החור השחור העל-מאסיבי בלב שביל החלב נקרא מזל קשת A*, עם כ-4 מיליון מסות שמש.","[""קשת A*"", ""אנדרומדה"", ""מסייר 87*"", ""Cygnus Prime""]",0,,,,,,
course_67_qu_est_ce_qu_un_trou_noir,course_67_qu_est_ce_qu_un_trou_noir_q5,mcq,מהו אופק האירועים של חור שחור?,"אופק האירועים הוא הגבול הבלתי נראה סביב החור השחור: לאחר חצייתו, לא ניתן לחזור.","[""הגבול הבלתי נראה שמעבר לו שום דבר לא יכול לברוח"", ""השם שניתן לאור הנפלט מהחור השחור"", ""האזור שבו רק נוצר דיסק ההצטברות"", ""מילה נרדפת לייחוד הכבידה""]",0,,,,,,
course_67_qu_est_ce_qu_un_trou_noir,course_67_qu_est_ce_qu_un_trou_noir_q6,numericSlider,באיזו שנה פורסמה התמונה הראשונה של חור שחור (M87*)?,"התמונה הראשונה של חור שחור, זו של הגלקסיה M87, פורסמה באפריל 2019 על ידי פרויקט Event Horizon Telescope.",,,,2019.0,2010.0,2024.0,2.0,
course_67_qu_est_ce_qu_un_trou_noir,course_67_qu_est_ce_qu_un_trou_noir_q7,mcq,מה הראה הפיזיקאי סטיבן הוקינג ב-1974?,"הוקינג הראה שבשל השפעות קוונטיות ליד האופק, חור שחור יפלוט קרינה חלשה מאוד ולאט לאט יאבד מסה.","[""שחור שחור יפלוט קרינה חלשה מאוד ובסופו של דבר יתנדף לאט"", ""שחורים שחורים לא באמת קיימים"", ""האור הזה יכול לברוח בקלות מחור שחור"", ""שלכל החורים השחורים יש בדיוק אותה מסה""]",0,,,,,,
course_67_qu_est_ce_qu_un_trou_noir,course_67_qu_est_ce_qu_un_trou_noir_q8,trueFalse,נכון או לא נכון: ליד חור שחור הזמן עובר מהר יותר עבור צופה מרוחק מאשר עבור מישהו שקרוב לחור השחור.,"זה הפוך: ליד חור שחור הזמן עובר לאט יותר, מה שנראה מואט למתבונן מרוחק.","[""נכון"", ""לא נכון""]",1,,,,,,
course_68_la_theorie_de_la_relativite_pour_tous,course_68_la_theorie_de_la_relativite_pour_tous_q1,mcq,"על אילו שני רעיונות מבוססת תורת היחסות הפרטית, שפורסמה ב-1905?","תורת היחסות הפרטית מבוססת על שני רעיונות: חוקי הטבע זהים לכל צופה במהירות קבועה, ומהירות האור בוואקום זהה לכולם.","[""חוקי הטבע זהים לכל צופה במהירות קבועה, ומהירות האור זהה לכולם"", ""כוח הכבידה אינו קיים והזמן קפוא לחלוטין"", ""החלל הוא אינסופי אבל הזמן עוצר בכל כוכב"", ""האור נע מהר יותר בהתאם לכיוון התנועה""]",0,,,,,,
course_68_la_theorie_de_la_relativite_pour_tous,course_68_la_theorie_de_la_relativite_pour_tous_q2,trueFalse,"נכון או שקר: ב-1905, כשפרסם את תורת היחסות הפרטית, איינשטיין כבר היה פרופסור מוכר באוניברסיטה.","ב-1905, איינשטיין לא היה פרופסור באוניברסיטה: הוא עבד כבוחן במשרד הפטנטים בברן, שוויץ.","[""נכון"", ""לא נכון""]",1,,,,,,
course_68_la_theorie_de_la_relativite_pour_tous,course_68_la_theorie_de_la_relativite_pour_tous_q3,mcq,מה מתארת הרחבת הזמן?,"הרחבת זמן פירושה שככל שעצם זז מהר יותר, כך עובר לו זמן איטי יותר בהשוואה למישהו במנוחה, השפעה הנמדדת בשעונים אטומיים.","[""ככל שעצם הולך מהר יותר, הזמן עובר לו איטי יותר בהשוואה לצופה במנוחה."", ""הזמן עוצר לחלוטין מעבר למהירות מסוימת"", ""הזמן רק מאט בוואקום של החלל"", ""הזמן מאיץ עבור כל חפץ נע""]",0,,,,,,
course_68_la_theorie_de_la_relativite_pour_tous,course_68_la_theorie_de_la_relativite_pour_tous_q4,mcq,מה המשמעות של הנוסחה E=mc²?,E=mc² מראה שמסה היא צורה מרוכזת מאוד של אנרגיה: מסה קטנה מאוד יכולה לשחרר אנרגיה ענקית.,"[""מסה היא צורה מרוכזת מאוד של אנרגיה"", ""לעולם לא ניתן להפוך אנרגיה למסה"", ""מהירות האור משתנה בהתאם למסת העצם"", ""רק אנרגיה קינטית נחשבת בפיזיקה""]",0,,,,,,
course_68_la_theorie_de_la_relativite_pour_tous,course_68_la_theorie_de_la_relativite_pour_tous_q5,mcq,איך תורת היחסות הכללית מתארת את כוח הכבידה?,"איינשטיין מציע שכוח המשיכה הוא עקמומיות של מרחב-זמן: מסה כמו השמש מחלילה את הבד הזה, וחפצים עוקבים אחר העקמומיות הזו.","[""כמו עקמומיות של מרחב-זמן הנגרמת מנוכחות מסה"", ""כמו כוח בלתי נראה המועבר באופן מיידי"", ""כמו שדה מגנטי שמייצר הכוכבים"", ""כמו תאוצה מתמדת פשוטה""]",0,,,,,,
course_68_la_theorie_de_la_relativite_pour_tous,course_68_la_theorie_de_la_relativite_pour_tous_q6,mcq,"מי אימת ב-1919, במהלך ליקוי חמה, שהאור מוסט על ידי כוח המשיכה של השמש?","בשנת 1919, ארתור אדינגטון הבחין במהלך ליקוי חמה כי המיקום הנראה של כוכבים מאחורי השמש הוסט, ואישש את התיאוריה של איינשטיין.","[""האסטרונום הבריטי ארתור אדינגטון"", ""הפיזיקאי אנריקו פרמי"", ""האסטרונום פרנק דרייק"", ""הפיזיקאי סטיבן הוקינג""]",0,,,,,,
course_68_la_theorie_de_la_relativite_pour_tous,course_68_la_theorie_de_la_relativite_pour_tous_q7,numericSlider,"ללא תיקונים רלטיביסטיים, כמה קילומטרים ביום יכול ה-GPS לטעות?","ללא תיקונים רלטיביסטיים, שגיאת מיקום ה-GPS יכולה להגיע לכ-11 ק""מ ליום.",,,,11.0,1.0,25.0,3.0,km
course_68_la_theorie_de_la_relativite_pour_tous,course_68_la_theorie_de_la_relativite_pour_tous_q8,trueFalse,"נכון או לא נכון: ברגע ששתי ההשפעות היחסיות משולבות, השעונים בלווייני GPS מתקדמים בכ-38 מיקרו-שניות ליום בהשוואה לאלו שעל הקרקע.","אפקט המהירות מאטה את השעונים בכ-7 מיקרו-שניות ליום, בעוד שאפקט הכבידה מקדם אותם בכ-45 מיקרו-שניות: התוצאה נטו היא התקדמות של כ-38 מיקרו-שניות ליום.","[""נכון"", ""לא נכון""]",0,,,,,,
course_68_la_theorie_de_la_relativite_pour_tous,course_68_la_theorie_de_la_relativite_pour_tous_q9,mcq,באיזה עשור התגלו לראשונה גלי כבידה שחזה איינשטיין ב-1916?,היינו צריכים לחכות עד 2015 ולמצפה הכוכבים LIGO כדי לזהות את גלי הכבידה שחזה איינשטיין ב-1916.,"[""בשנות ה-2010, על ידי מצפה הכוכבים LIGO"", ""בשנות העשרים של המאה הקודמת, ממש אחרי התחזית שלהם"", ""בשנות ה-70, הודות ללוויינים הראשונים"", ""הם מעולם לא התגלו בעבר""]",0,,,,,,
course_69_comment_se_forment_les_eclairs,course_69_comment_se_forment_les_eclairs_q1,mcq,מהיכן נובעים בעיקר ברקים?,"ברק מתרחש בעיקר בענני קומולונימבוס, שיכולים להגיע לגבהים של עד 15 ק""מ.","[""בקומולונימבוס ענני סערה גדולים מאוד"", ""בענני צירוס דקים"", ""רק מעל האוקיינוסים"", ""באטמוספירה העליונה, מעל 50 ק\""מ""]",0,,,,,,
course_69_comment_se_forment_les_eclairs,course_69_comment_se_forment_les_eclairs_q2,mcq,איך מטענים חשמליים נפרדים בתוך ענן הסערה?,"בענן, גבישי קרח עולים וגרגירי גשם יורדים מתנגשים ומחליפים מטענים חשמליים.","[""על ידי התנגשויות בין גבישי קרח עולים וגרגירי גשם יורדים"", ""על ידי חיכוך הענן נגד הקרקע"", ""על ידי אידוי מהיר של מים מהענן"", ""על ידי פעולה ישירה של קרני השמש""]",0,,,,,,
course_69_comment_se_forment_les_eclairs,course_69_comment_se_forment_les_eclairs_q3,trueFalse,"נכון או לא נכון: בענן סופת רעמים, החלק העליון של הענן הופך לשלילי למדי והבסיס חיובי למדי.","זה הפוך: החלק העליון של הענן הופך חיובי למדי, בעוד הבסיס הופך שלילי למדי.","[""נכון"", ""לא נכון""]",1,,,,,,
course_69_comment_se_forment_les_eclairs,course_69_comment_se_forment_les_eclairs_q4,chronological,עשה סדר בשלבים אלה של היווצרות ברק.,"המטענים נפרדים בתחילה בענן, אחר כך האוויר מיינן, הקשת החוזרת מאירה את השמים, והתפשטות האוויר המחומם הפתאומית מייצרת לבסוף רעם.",,,"[""התנגשויות בין גבישי קרח לבין גשם מפרידות בין מטענים חשמליים בענן"", ""האוויר בסופו של דבר מייננן בהשפעת מתח רב מדי"", ""הקשת החוזרת מאירה את השמיים מהאדמה ועד הענן"", ""האוויר המחומם באכזריות מתרחב ומייצר רעמים""]",,,,,
course_69_comment_se_forment_les_eclairs,course_69_comment_se_forment_les_eclairs_q5,numericSlider,"באיזו טמפרטורה בערך האוויר עולה דרך תעלת הברקים, במעלות צלזיוס?","האוויר בתעלת הברקים עולה לסביבות 30,000 מעלות צלזיוס, או בערך פי חמישה מטמפרטורת פני השמש של השמש.",,,,30000.0,10000.0,50000.0,5000.0,°C
course_69_comment_se_forment_les_eclairs,course_69_comment_se_forment_les_eclairs_q6,mcq,מדוע אנו שומעים רעמים לאחר שראינו ברק?,"האור מגיע כמעט מיד, בעוד שקול הרעם מתקדם רק בסביבות 340 מ""ש: ומכאן הפיגור.","[""הקול עובר הרבה יותר לאט מהאור"", ""הרעם תמיד מגיע מכמה קילומטרים יותר"", ""לאור הברק לוקח זמן לעבור דרך העננים"", ""רעם נוצר רק מספר שניות לאחר ברק""]",0,,,,,,
course_69_comment_se_forment_les_eclairs,course_69_comment_se_forment_les_eclairs_q7,mcq,איזה מקום בוונצואלה הוא אחד המקומות שנפגעו בברק על פני כדור הארץ?,"אגם Maracaibo, ונצואלה, חווה סערות כמעט מדי יום במשך רוב השנה.","[""אגם Maracaibo"", ""אגם טיטיקקה"", ""נהר האמזונס"", ""רכס הרי האנדים""]",0,,,,,,
course_69_comment_se_forment_les_eclairs,course_69_comment_se_forment_les_eclairs_q8,trueFalse,"נכון או לא נכון: בנוסף להיותו מסוכן, ברק עוזר גם להפרות את האדמה.",ברק עוזר לייצר תרכובות חנקן שמפרות קרקעות כשהן יורדות בגשם.,"[""נכון"", ""לא נכון""]",0,,,,,,
course_6_la_peste_noire_en_europe_1347_1353,course_6_la_peste_noire_en_europe_1347_1353_q1,mcq,אילו חיידקים גרמו למוות השחור?,"המוות השחור נגרם על ידי החיידק Yersinia pestis, המועבר לבני אדם על ידי פרעושים של חולדה.","[""Yersinia pestis"", ""Vibrio cholerae"", ""Bacillus anthracis"", ""Xenopsylla cheopis""]",0,,,,,,
course_6_la_peste_noire_en_europe_1347_1353,course_6_la_peste_noire_en_europe_1347_1353_q2,mcq,באיזה מסלול עוברת המגפה ממרכז אסיה לים התיכון?,"ה-Pax Mongolica מאבטחת את דרך המשי, ומספקת לחיידקים נתיב נסיעה מהיר בין מרכז אסיה לים התיכון.","[""דרך המשי, מאובטחת על ידי Pax Mongolica"", ""נתיבי ים ויקינגיים"", ""דרך הענבר"", ""מסלולי עליה לרגל לירושלים""]",0,,,,,,
course_6_la_peste_noire_en_europe_1347_1353,course_6_la_peste_noire_en_europe_1347_1353_q3,trueFalse,"נכון או לא נכון: לפי האגדה, במצור על קפא, עדר הזהב הזניק גופות נגועות מעל חומות העיר.","המצור של עדר הזהב על קפא מצוטט לעתים קרובות כאחת הדוגמאות המוקדמות ביותר ללוחמה ביולוגית, כאשר גופות נגועות הוזלו לתוך העיר.","[""נכון"", ""לא נכון""]",0,,,,,,
course_6_la_peste_noire_en_europe_1347_1353,course_6_la_peste_noire_en_europe_1347_1353_q4,mcq,"מהו הווקטור האמיתי של המגפה, שרופאי התקופה לא הצליחו לזהות?","רופאים מאמינים בתיאוריה של מיאזמה, אוויר פגום, כאשר הווקטור האמיתי הוא פרעוש החולדות, Xenopsylla cheopis.","[""פרעוש החולדה"", ""נראה מושחת"", ""מים באר"", ""יתושים""]",0,,,,,,
course_6_la_peste_noire_en_europe_1347_1353,course_6_la_peste_noire_en_europe_1347_1353_q5,trueFalse,"נכון או לא נכון: הצורה הריאותית של המגפה, המועברת מאדם לאדם, הורגת תוך 24 עד 48 שעות בלבד.","הצורה הריאותית היא ההרסנית ביותר: מועברת ישירות בין בני אדם, היא הורגת תוך 24 עד 48 שעות.","[""נכון"", ""לא נכון""]",0,,,,,,
course_6_la_peste_noire_en_europe_1347_1353,course_6_la_peste_noire_en_europe_1347_1353_q6,mcq,מדוע כוונו פוגרומים לקהילות יהודיות בין 1348 ל-1349?,"בהיעדר הסבר רציונלי למגפה, הקהילות היהודיות הואשמו בהרעלת בארות ונטבחו במספר אזורים.","[""הם מואשמים בהרעלת הבארות"", ""הם מסרבים לשלם מס מלכות"", ""הם מואשמים בכך שהכניסו את המגפה מאסיה"", ""הם מסרבים לקבל את פני הדגלנים""]",0,,,,,,
course_6_la_peste_noire_en_europe_1347_1353,course_6_la_peste_noire_en_europe_1347_1353_q7,chronological,שים את השלבים האלה של המוות השחור באירופה בסדר כרונולוגי.,שלבים אלה משתרעים בין 1346 ל-1353: מההגעה לקפה ועד שהמגיפה שוככת לאחר שהרסה את כל אירופה.,,,"[""המגפה מגיעה לעמדת המסחר הגנואית של קפא, בקרים"", ""גזיות גנואה מכניסות את הנגע לסיציליה"", ""המגיפה התפשטה לצרפת, אנגליה והאימפריה"", ""המגיפה מתפוגגת באירופה""]",,,,,
course_6_la_peste_noire_en_europe_1347_1353,course_6_la_peste_noire_en_europe_1347_1353_q8,numericSlider,"באיזו שנה הכניסו הגאליות הגנואיות את המגפה לאירופה, למסינה?","באוקטובר 1347 עגנו במסינה, סיציליה, גליות גנואה שנמלטו מקפה, והכניסו את המגפה לאירופה.",,,,1347.0,1300.0,1400.0,3.0,
course_6_la_peste_noire_en_europe_1347_1353,course_6_la_peste_noire_en_europe_1347_1353_q9,percentageSlider,"על פי ההערכות שניתנו בקורס, מהו החלק המקסימלי של האוכלוסייה האירופית שאבדה במות השחור בין 1347 ל-1353?","הקורס מעריך שהמוות השחור הרג בין 30 ל-60% מאוכלוסיית אירופה, או 25 עד 50 מיליון בני אדם.",,,,60.0,0.0,100.0,10.0,%
course_71_qu_est_ce_que_l_effet_de_serre_vraiment,course_71_qu_est_ce_que_l_effet_de_serre_vraiment_q1,mcq,מה בעצם קורה שגורם לאפקט החממה לחמם את כדור הארץ?,"האדמה שחוממה על ידי השמש מקרינה חום אינפרא אדום; גזים מסוימים סופגים אותו ומחזירים אותו לכל הכיוונים, כולל לכיוון הקרקע.","[""גזים סופגים חום אינפרא אדום המוחזר מהקרקע ושולחים אותו בחזרה אל עצמו"", ""השמש שולחת ישירות יותר חום בימים מסוימים"", ""האטמוספירה חוסמת את האור הנראה מהשמש"", ""האדמה מייצרת חום משלה ללא תלות בשמש""]",0,,,,,,
course_71_qu_est_ce_que_l_effet_de_serre_vraiment,course_71_qu_est_ce_que_l_effet_de_serre_vraiment_q2,numericSlider,"ללא אפקט החממה, לאיזו טמפרטורה ממוצעת כדור הארץ היה נופל?","ללא אפקט חממה טבעי, הטמפרטורה הגלובלית הממוצעת תרד לסביבות -18 מעלות צלזיוס, בהשוואה לסביבות +15 מעלות צלזיוס כיום.",,,,-18.0,-30.0,10.0,3.0,°C
course_71_qu_est_ce_que_l_effet_de_serre_vraiment,course_71_qu_est_ce_que_l_effet_de_serre_vraiment_q3,trueFalse,"נכון או לא נכון: חנקן וחמצן, הנמצאים ברובם באוויר, ממלאים תפקיד מרכזי באפקט החממה.","חנקן וחמצן כמעט ולא עושים את העבודה הזו: בעיקר אדי מים, CO2 ומתאן הם שסופגים חום אינפרא אדום.","[""נכון"", ""לא נכון""]",1,,,,,,
course_71_qu_est_ce_que_l_effet_de_serre_vraiment,course_71_qu_est_ce_que_l_effet_de_serre_vraiment_q4,mcq,איזה גז מסביר בעיקר את העלייה באפקט החממה מאז המהפכה התעשייתית?,"מאז המהפכה התעשייתית, שריפת הפחם, הנפט והגז שחררה לאוויר פחמן שנשאר קבור במשך מיליוני שנים.","[""CO2 משריפת פחם, נפט וגז"", ""חנקן המשוחרר על ידי החקלאות"", ""אוזון המיוצר על ידי מכוניות"", ""הליום מבלוני מזג אוויר""]",0,,,,,,
course_71_qu_est_ce_que_l_effet_de_serre_vraiment,course_71_qu_est_ce_que_l_effet_de_serre_vraiment_q5,numericSlider,בערך פי כמה מתאן מתחמם מ-CO2 במשך 20 שנה?,"גידול וגידול אורז מוסיף מתאן, חם פי 80 מ-CO2 במשך תקופה של 20 שנה.",,,,80.0,20.0,150.0,15.0,פעמים
course_71_qu_est_ce_que_l_effet_de_serre_vraiment,course_71_qu_est_ce_que_l_effet_de_serre_vraiment_q6,numericSlider,"כמה חלקים למיליון (ppm) עלה היום ריכוז ה-CO2 באוויר, לעומת 280 ppm לפני העידן התעשייתי?","ריכוז ה-CO2 עלה מכ-280 ליותר מ-420 חלקים למיליון, רמה שלא נראתה מזה כ-3 מיליון שנים.",,,,420.0,280.0,550.0,20.0,ppm
course_71_qu_est_ce_que_l_effet_de_serre_vraiment,course_71_qu_est_ce_que_l_effet_de_serre_vraiment_q7,mcq,"מהו IPCC, המוזכר בקורס?",ה-IPCC מסנתז את עבודתם של אלפי קלימטולוגים ומסיק שההתחממות מאז 1950 היא חסרת תקדים ומקורה אנושי.,"[""הקבוצה שמסנתז את עבודתם של אלפי קלימטולוגים"", ""חברת נפט בינלאומית"", ""אמנה בינלאומית על מגוון ביולוגי"", ""סוכנות חלל שעוקבת אחר האקלים""]",0,,,,,,
course_71_qu_est_ce_que_l_effet_de_serre_vraiment,course_71_qu_est_ce_que_l_effet_de_serre_vraiment_q8,mcq,מדוע הפשרת קרח מזרזת עוד יותר את ההתחממות?,"כשהקרח הלבן נעלם, האדמה הכהה והמים סופגים יותר אור שמש: זוהי הירידה באלבדו של כדור הארץ, שמאיצה עוד יותר את ההתחממות.","[""אדמה כהה ומים, שהתגלו, סופגים יותר אור שמש מאשר קרח לבן"", ""קרח נמס משחרר ישירות CO2"", ""מים נמסים תחילה מקררים את האטמוספירה ואז מחממים אותה יותר"", ""קרחונים פולטים מתאן בזמן שהם נמסים""]",0,,,,,,
course_71_qu_est_ce_que_l_effet_de_serre_vraiment,course_71_qu_est_ce_que_l_effet_de_serre_vraiment_q9,trueFalse,"נכון או לא נכון: על נוגה, האדמה חמה מספיק כדי להמיס עופרת.","על נוגה, אטמוספירה של 96% CO2 מביאה את טמפרטורת הקרקע לסביבות 460 מעלות צלזיוס, מספיק כדי להמיס עופרת.","[""נכון"", ""לא נכון""]",0,,,,,,
course_72_pourquoi_dort_on,course_72_pourquoi_dort_on_q1,numericSlider,"מתוך 75 שנות חיים, כמה שנים בערך אנחנו מבלים בשינה?","בחיים של 75 שנים, אנחנו ישנים כמעט 25 שנים: שינה היא לא הפסקה, אלא עבודה חיונית כמו שתייה או אכילה.",,,,25.0,10.0,40.0,3.0,שנים
course_72_pourquoi_dort_on,course_72_pourquoi_dort_on_q2,mcq,מה חשפה הניסיון של רנדי גרדנר של 11 ימים בלי שינה ב-1964?,"רנדי גרדנר הראה כי מוח חסר שינה קורס: הזיות, פרנויה ואובדן מיוחס לאחר מספר ימים.","[""המוח לא יכול לעמוד בלי מנוחה: הזיות, פרנויה, קריסת מוח"", ""גוף האדם יכול להסתדר בלי שינה בלי השלכות"", ""חוסר שינה משפיע רק על הזיכרון, לא על הרגשות"", ""לאחר 5 ימים ללא שינה, הגוף נרדם אוטומטית""]",0,,,,,,
course_72_pourquoi_dort_on,course_72_pourquoi_dort_on_q3,numericSlider,"אחרי השיא שלו, כמה שעות ברציפות רנדי גרדנר ישן?","לאחר 11 ימי השינה שלו, רנדי גרדנר ישן 14 שעות רצופות, לפני שדפוס השינה שלו חזר לקדמותו לאחר מספר שבועות.",,,,14.0,1.0,24.0,2.0,שעות
course_72_pourquoi_dort_on,course_72_pourquoi_dort_on_q4,trueFalse,"נכון או לא נכון: בחולדות, מחסור מוחלט בשינה יכול להרוג תוך 2 עד 3 שבועות, כמו רעב.","בחולדות, מחסור מוחלט בשינה הורג תוך 2 עד 3 שבועות, מסגרת זמן דומה לרעב.","[""נכון"", ""לא נכון""]",0,,,,,,
course_72_pourquoi_dort_on,course_72_pourquoi_dort_on_q5,mcq,מה עושה ההיפוקמפוס במהלך השינה?,"במהלך השינה, ההיפוקמפוס משחזר את אירועי היום ומעביר את המידע לניאוקורטקס, מה שמסביר מדוע אנו לומדים 20 עד 40% טוב יותר לאחר שנת לילה טובה.","[""הוא משחזר את היום ושולח את המידע לניאוקורטקס לאחסון מתמשך"", ""זה חוסם את כל פעילות המוח כדי לחסוך באנרגיה"", ""זה הורס זיכרונות מיותרים מהיום הקודם"", ""זה מייצר נוירונים חדשים עם כל מחזור שינה""]",0,,,,,,
course_72_pourquoi_dort_on,course_72_pourquoi_dort_on_q6,mcq,מהי מערכת הגלימפה המוזכרת בקורס?,"מערכת הגלימפה היא רשת ניקוז מוחי פעילה פי עשרה בלילה; הוא מפנה פסולת, כולל חלבונים הקשורים לסיכון לאלצהיימר.","[""רשת ניקוז מוחי, פעילה בערך פי עשרה בלילה, אשר מפנה פסולת מהמוח"", ""שם מחזור השינה של 90 דקות"", ""אזור המוח שמייצר חלומות"", ""המערכת המווסתת את טמפרטורת הגוף במהלך השינה""]",0,,,,,,
course_72_pourquoi_dort_on,course_72_pourquoi_dort_on_q7,trueFalse,נכון או לא נכון: דולפינים ישנים כשרק חצי כדור אחד של המוח שלהם פעיל בכל פעם.,"דולפינים ישנים עם חצי כדור אחד בלבד בכל פעם, כדי להישאר ערניים חלקית ולהמשיך לעלות לאוויר.","[""נכון"", ""לא נכון""]",0,,,,,,
course_72_pourquoi_dort_on,course_72_pourquoi_dort_on_q8,mcq,מה קורה לאחר כ-17 שעות של ערות רציפה?,"17 שעות של ערות שוות ערך לרמת אלכוהול בדם של 0.5 גרם לליטר; לאחר מכן המוח מאלץ מיקרו-שינה, הפסקות קצרות בהכרה.","[""היכולות יורדות לרמה של רמת אלכוהול בדם של 0.5 גרם/ליטר, עם מיקרו-שינה"", ""הגוף נכנס אוטומטית לשינה עמוקה"", ""הזיכרון לטווח ארוך משתפר באופן זמני"", ""קצב הלב מואט בחדות""]",0,,,,,,
course_72_pourquoi_dort_on,course_72_pourquoi_dort_on_q9,mcq,למה מסכים בערב מעכבים את ההירדמות?,"מסכים בערב מטעים את השעון הצירקדי ומעכבים את שחרור המלטונין, ההורמון שמכין את הגוף לשינה.","[""הם מתעתעים בשעון הפנימי ומאטים את שחרור המלטונין"", ""הם מעלים ישירות את טמפרטורת הגוף"", ""הם מגבירים לצמיתות את קצב הלב"", ""הם חוסמים את הייצור של ציטוקינים חיסוניים""]",0,,,,,,
course_73_comment_le_cerveau_stocke_t_il_les_souve,course_73_comment_le_cerveau_stocke_t_il_les_souve_q1,mcq,מהי סינפסה?,"סינפסה היא נקודת המגע בין שני נוירונים, שבה מועבר האות הבונה או מחזק זיכרון.","[""נקודת המגע בין שני נוירונים"", ""הגרעין המרכזי של נוירון"", ""אזור בקליפת המוח המוקדש לזיכרון"", ""חלבון המתקן את ה-DNA של נוירונים""]",0,,,,,,
course_73_comment_le_cerveau_stocke_t_il_les_souve,course_73_comment_le_cerveau_stocke_t_il_les_souve_q2,numericSlider,כמה מיליארד נוירונים בערך יש במוח האנושי?,במוח האנושי יש כ-86 מיליארד נוירונים ויותר מ-100 טריליון סינפסות.,,,,86.0,20.0,150.0,10.0,מיליארד
course_73_comment_le_cerveau_stocke_t_il_les_souve,course_73_comment_le_cerveau_stocke_t_il_les_souve_q3,mcq,מהי פוטנציציה לטווח ארוך?,"כאשר מידע חוזר על עצמו או מקושר לרגש חזק, אותם נוירונים מופעלים יחד והקישור שלהם הופך קל יותר להפעלה: זוהי פוטנציציה לטווח ארוך.","[""חיזוק הקשר בין שני נוירונים שלעתים קרובות מופעלים יחד"", ""הרס מתקדם של סינפסות שאינן בשימוש"", ""ייצור של נוירונים חדשים בבגרות"", ""האטה בפעילות המוח במהלך השינה""]",0,,,,,,
course_73_comment_le_cerveau_stocke_t_il_les_souve,course_73_comment_le_cerveau_stocke_t_il_les_souve_q4,mcq,איזה תפקיד ממלא ההיפוקמפוס ביצירת זיכרונות?,"ההיפוקמפוס קולט ומקודד זיכרונות, ואז מפיץ אותם מחדש לקליפת המוח: העברה זו, הנקראת קונסולידציה, מתרחשת בעיקר במהלך השינה.","[""הוא מקודד זיכרונות ואז מפיץ אותם מחדש לקליפת המוח במהלך איחוד"", ""זה בהחלט מאחסן את כל הזיכרונות של החיים"", ""זה מופעל רק בזמן חלומות"", ""זה מוחק זיכרונות שהפכו חסרי תועלת""]",0,,,,,,
course_73_comment_le_cerveau_stocke_t_il_les_souve,course_73_comment_le_cerveau_stocke_t_il_les_souve_q5,trueFalse,"נכון או לא נכון: ללא היפוקמפוס מתפקד, איננו יכולים עוד ליצור זיכרונות מודעים חדשים.","ללא היפוקמפוס מתפקד, אנו יכולים לחיות ברגע ההווה, אך איננו מחזיקים עוד זיכרונות מודעים חדשים.","[""נכון"", ""לא נכון""]",0,,,,,,
course_73_comment_le_cerveau_stocke_t_il_les_souve,course_73_comment_le_cerveau_stocke_t_il_les_souve_q6,mcq,"מה גילה המקרה של החולה ח.מ., שנותח ב-1953?","מטופל ח.מ. לא יצר עוד זיכרונות מודעים חדשים, אלא התקדם בכל יום בציור במראה: זיכרון המחוות שלו, הזיכרון הפרוצדורלי, נותר שלם.","[""הוא כבר לא יצר זיכרונות מודעים חדשים, אלא התקדם בציור במראה"", ""הוא איבד את כל הזיכרונות הישנים שלו, אבל הוא יצר חדשים בדרך כלל."", ""הוא רק איבד את זיכרון הפנים שלו"", ""הוא כבר לא יכול היה לדבר אבל שמר על כל זכרונו""]",0,,,,,,
course_73_comment_le_cerveau_stocke_t_il_les_souve,course_73_comment_le_cerveau_stocke_t_il_les_souve_q7,mcq,מה הראתה הפסיכולוגית אליזבת לופטוס?,"אליזבת לופטוס הראתה שבזיכרונות כוזבים אפשר להשתיל שאלות פשוטות, מה שמחייב זהירות כשעוסקים בעדות עדי ראייה.","[""ניתן להשתיל זיכרונות כוזבים בשאלות פשוטות"", ""הזיכרון האנושי תמיד אמין לחלוטין"", ""זיכרונות כוזבים נוגעים רק לילדים"", ""זיכרונות ישנים אמינים יותר מהאחרונים""]",0,,,,,,
course_73_comment_le_cerveau_stocke_t_il_les_souve,course_73_comment_le_cerveau_stocke_t_il_les_souve_q8,trueFalse,נכון או לא נכון: לזכור אירוע זה כמו השמעה חוזרת של סרטון נאמן מהעבר.,"החזרה של זיכרון אינה הפעלה חוזרת של סרטון: כל שחזור הופך את הזיכרון לניתנת לגיבוש, והמוח יכול לשנות אותו לפני הקלטתו מחדש.","[""נכון"", ""לא נכון""]",1,,,,,,
course_74_pourquoi_certaines_especes_sont_elles_im,course_74_pourquoi_certaines_especes_sont_elles_im_q1,numericSlider,"כמה שנים בערך חי צדפת המינג, שהוזכרה בקורס?","צדפת המינג חיה 507 שנים, דוגמה בולטת לאריכות ימים קיצונית בקרב בעלי חיים.",,,,507.0,200.0,700.0,30.0,שנים
course_74_pourquoi_certaines_especes_sont_elles_im,course_74_pourquoi_certaines_especes_sont_elles_im_q2,mcq,כיצד מדוזה Turritopsis dohrnii בורחת מהזדקנות?,"פצוע או מורעב, Turritopsis dohrnii הופך את התאים הבוגרים שלו לתאים בתולים ואז הופך שוב לפוליפ, שלב ההתחלה שלו: זה טרנסדיפרנציאציה.","[""הוא הופך את התאים הבוגרים שלו לתאים בתולים והופך שוב לפוליפ"", ""היא משבטת את עצמה באופן זהה לפני שהיא מתה"", ""הוא נמצא בתרדמה במשך כמה עשורים"", ""הוא משנה כל הזמן מינים מארח""]",0,,,,,,
course_74_pourquoi_certaines_especes_sont_elles_im,course_74_pourquoi_certaines_especes_sont_elles_im_q3,mcq,מה הם טלומרים?,"הטלומרים פועלים כמו קצות שרוכים בקצוות הכרומוזומים; עם כל חלוקת תא, הם מתקצרים, ואם הם קצרים מדי, התא מפסיק להתחלק.","[""מסתיים בקצוות הכרומוזומים, המתקצרים עם כל חלוקת תא"", ""חלבונים שמתקן DNA פגום"", ""תאי גזע קיימים רק בחסרי חוליות"", ""מולקולות המעוררות סרטן""]",0,,,,,,
course_74_pourquoi_certaines_especes_sont_elles_im,course_74_pourquoi_certaines_especes_sont_elles_im_q4,trueFalse,נכון או לא נכון: הטארדיגרד יכול לשרוד את ואקום החלל והקרינה הקיצונית על ידי ייבוש גופו.,"כשהיא מתייבשת, חילוף החומרים של הטארדיגרד יורד ל-99.99%, מה שמאפשר לו לשרוד את ואקום החלל או קרינה קיצונית.","[""נכון"", ""לא נכון""]",0,,,,,,
course_74_pourquoi_certaines_especes_sont_elles_im,course_74_pourquoi_certaines_especes_sont_elles_im_q5,mcq,כיצד ההידרה מחדשת את כל גופה מבלי להראות סימני הזדקנות?,"ההידרה, פוליפ קטן של מים מתוקים, מחדשת את כל גופו הודות למלאי כמעט בלתי מוגבל של תאי גזע, ללא הזדקנות מדידה.","[""הודות לאספקה כמעט בלתי מוגבלת של תאי גזע"", ""הודות למעטפת שמגינה עליו מפני נזקים"", ""על ידי הישארות דוממת כדי לחסוך באנרגיה"", ""על ידי ספיגת תאים של הידרות אחרות""]",0,,,,,,
course_74_pourquoi_certaines_especes_sont_elles_im,course_74_pourquoi_certaines_especes_sont_elles_im_q6,numericSlider,כמה שנים לערך יכול לחיות לווייתן קשת?,"לווייתן קשת יכול לעלות על 200 שנה, הודות לתיקון DNA יעיל במיוחד ועמידות חזקה לסרטן.",,,,200.0,100.0,300.0,25.0,שנים
course_74_pourquoi_certaines_especes_sont_elles_im,course_74_pourquoi_certaines_especes_sont_elles_im_q7,mcq,מדוע טלומרים של לובסטר כמעט אף פעם לא מתקצרים?,"לובסטרים מייצרים טלומראז בכל גופם, ולכן הטלומרים שלהם אינם מתקצרים; הם גדלים כל חייהם.","[""הם מייצרים טלומראז בכל הגוף"", ""הם אף פעם לא מתחלקים ברמה התאית"", ""הקליפה שלהם מגנה ישירות על ה-DNA שלהם"", ""הם מחליפים את התאים שלהם על ידי התמיינות, כמו המדוזה""]",0,,,,,,
course_74_pourquoi_certaines_especes_sont_elles_im,course_74_pourquoi_certaines_especes_sont_elles_im_q8,mcq,לאילו מכוונים הטיפולים הסנוליטיים שנדונו בקורס?,"סנוליטיקה שואפת לחסל תאי זומבים המצטברים ומשלהבים רקמות; בבעלי חיים, זה כבר הניע פונקציות מסוימות.","[""הסר תאי זומבים המצטברים עם הגיל"", ""להאיץ את החלוקה של כל התאים בגוף"", ""החלפת טלומרים מקוצרים בחדשים"", ""לחסום לחלוטין את מערכת החיסון""]",0,,,,,,
course_74_pourquoi_certaines_especes_sont_elles_im,course_74_pourquoi_certaines_especes_sont_elles_im_q9,trueFalse,"נכון או לא נכון: אפילו מין בן אלמוות ביולוגי יכול למות מטורפים, מחלות או אסון.","אלמוות ביולוגי מגן מפני הנזק הפנימי של ההזדקנות, אך לא מפני טורפים, מחלות או אסון.","[""נכון"", ""לא נכון""]",0,,,,,,
course_75_la_photosynthese_expliquee_simplement,course_75_la_photosynthese_expliquee_simplement_q1,mcq,מדוע עלים נראים לנו ירוקים?,"הכלורופיל לוכד בעיקר את הכחול והאדום של האור; הירוק מוחזר, מה שנותן את צבעם לעלים.","[""הכלורופיל סופג כחול ואדום, ומחזיר ירוק"", ""הכלורופיל עצמו מייצר אור ירוק"", ""ירוק הוא הצבע היחיד באור השמש"", ""עלים משקפים את כל הצבעים מלבד ירוק שנספגים באוויר""]",0,,,,,,
course_75_la_photosynthese_expliquee_simplement,course_75_la_photosynthese_expliquee_simplement_q2,mcq,היכן נכנס CO2 לעלה לצורך פוטוסינתזה?,"CO2 נכנס דרך נקבוביות זעירות הנקראות סטומה, בעוד מים עולים בנפרד מהשורשים.","[""דרך נקבוביות זעירות, הסטומטה"", ""בשורשים, עם מים"", ""ישירות דרך כלורופיל"", ""דרך פתחים הממוקמים רק על הפרחים""]",0,,,,,,
course_75_la_photosynthese_expliquee_simplement,course_75_la_photosynthese_expliquee_simplement_q3,mcq,מה מייצר שלב האור של הפוטוסינתזה?,"שלב האור מפרק מולקולות מים, משחרר חמצן ומאחסן את האנרגיה הנלכדת בשני תאים כימיים, ATP ו-NADPH.","[""ATP ו-NADPH, שבירת מולקולות מים ושחרור חמצן"", ""ישירות מגלוקוז מוכן לשימוש"", ""CO2 מיועד להשתחרר לאוויר"", ""כלורופיל טרי שיחליף את המשפיל""]",0,,,,,,
course_75_la_photosynthese_expliquee_simplement,course_75_la_photosynthese_expliquee_simplement_q4,mcq,מהו מחזור קלווין?,"מחזור קלווין, הקרוי על שם הכימאי מלווין קלווין, משתמש באנרגיה של ATP ו-NADPH כדי להרכיב פחמן מ-CO2 לגלוקוז.","[""השלב שבו הצמח מרכיב פחמן מ-CO2 לגלוקוז, תוך שימוש באנרגיה שכבר מאוחסנת"", ""השלב שבו האור שובר מולקולות מים"", ""שם הפיגמנט הלוכד אור כחול ואדום"", ""התהליך בו משתחרר חמצן לאוויר""]",0,,,,,,
course_75_la_photosynthese_expliquee_simplement,course_75_la_photosynthese_expliquee_simplement_q5,numericSlider,לפני כמה מיליארדי שנים בערך התרחש החמצון הגדול?,"לפני כ-2.4 מיליארד שנים, ציאנובקטריות החלו לשחרר חמצן באופן מסיבי: זהו החמצון הגדול.",,,,2.4,1.0,4.0,0.3,מיליארדי שנים
course_75_la_photosynthese_expliquee_simplement,course_75_la_photosynthese_expliquee_simplement_q6,trueFalse,"נכון או שקר: עבור אורגניזמים רבים באותה תקופה, החמצן ששחרר ציאנובקטריה היה רעל.","במהלך החמצון הגדול, החמצן ששוחרר באופן מסיבי על ידי ציאנובקטריה היה רעיל עבור אורגניזמים רבים באותה תקופה.","[""נכון"", ""לא נכון""]",0,,,,,,
course_75_la_photosynthese_expliquee_simplement,course_75_la_photosynthese_expliquee_simplement_q7,percentageSlider,"כמה מהחמצן של כדור הארץ מגיע בערך מהפיטופלנקטון באוקיינוסים, ולא מיערות?","כמחצית מהחמצן של כדור הארץ מגיע מפיטופלנקטון באוקיינוסים, לא רק מיערות.",,,,50.0,0.0,100.0,10.0,%
course_75_la_photosynthese_expliquee_simplement,course_75_la_photosynthese_expliquee_simplement_q8,percentageSlider,איזה אחוז בערך מהאנרגיה הסולארית המתקבלת הופך עלה לביומסה?,"עלה הופך רק 1 עד 3% מאנרגיית השמש המתקבלת לביומסה, תשואה צנועה אך מספקת בקנה מידה פלנטרי.",,,,2.0,0.0,100.0,3.0,%
course_75_la_photosynthese_expliquee_simplement,course_75_la_photosynthese_expliquee_simplement_q9,mcq,"מה מיוחד בשבלול הים Elysia chlorotica, המוזכר בקורס?","שבלול הים Elysia chlorotica מרחיק לכת עד כדי גניבת כלורופלסטים מהאצות שהוא אוכל, כדי לחיות במידת מה על אנרגיית השמש.","[""הוא גונב כלורופלסטים מאצות כדי לחיות מעט הודות לאנרגיה סולארית"", ""היא מייצרת כלורופיל משלה מאז הלידה"", ""הוא ניזון אך ורק מסוכר המיוצר על ידי עצים."", ""הוא הופך CO2 לחמצן דרך העור שלו""]",0,,,,,,
course_76_pourquoi_les_feuilles_changent_elles_de,course_76_pourquoi_les_feuilles_changent_elles_de_q1,mcq,מדוע העלים ירוקים מהאביב ועד סוף הקיץ?,"כל עוד הכלורופיל שולט, העלה נשאר ירוק, גם אם הוא כבר מכיל קרוטנואידים צהובים וכתומים, בלתי נראים מתחת לירוק.","[""הכלורופיל שולט ומסווה את שאר הפיגמנטים הקיימים בעלה"", ""עדיין לא מיוצרים קרוטנואידים"", ""העלים אינם מכילים פיגמנט מלבד כלורופיל"", ""אור קיץ הופך פיגמנטים אחרים לבלתי נראים""]",0,,,,,,
course_76_pourquoi_les_feuilles_changent_elles_de,course_76_pourquoi_les_feuilles_changent_elles_de_q2,mcq,מהו הטריגר האמיתי לשינוי צבע העלים בסתיו?,"לא בעיקר הקור הוא שמפעיל את הסתיו, אלא אורך הלילות, הנמדד לפי הפיטוכרומים של העצים.","[""לילות מתארכים, מזוהים על ידי פיטוכרומים"", ""הירידה הפתאומית בטמפרטורות"", ""כמות הגשם שירדו בסתיו"", ""הרוח שקורעת את העלים""]",0,,,,,,
course_76_pourquoi_les_feuilles_changent_elles_de,course_76_pourquoi_les_feuilles_changent_elles_de_q3,trueFalse,"נכון או לא נכון: פיגמנטים צהובים וכתומים, קרוטנואידים, מיוצרים רק בסתיו.","קרוטנואידים כבר קיימים בקיץ, אך בלתי נראים מתחת לירוק של הכלורופיל; הסתיו רק חושף אותם.","[""נכון"", ""לא נכון""]",1,,,,,,
course_76_pourquoi_les_feuilles_changent_elles_de,course_76_pourquoi_les_feuilles_changent_elles_de_q4,mcq,מהו אזור ההפרדה שנוצר בבסיס הפטוטרת?,"אזור ההפרדה יוצר פקק בבסיס הפטוטרת: המוהל עולה פחות, העלה מבודד את עצמו ומפרק את הכלורופיל שלו מהר יותר.","[""מעין פקק המפחית את זרימת המוהל ומבודד את העלה"", ""שכבת הגנה המונעת את נפילת העלה"", ""הנקודה בה מיוצר הכלורופיל בכמות הגדולה ביותר"", ""האזור שבו נוצרים אנתוציאנינים אדומים""]",0,,,,,,
course_76_pourquoi_les_feuilles_changent_elles_de,course_76_pourquoi_les_feuilles_changent_elles_de_q5,mcq,"מדוע העץ מייצר אנתוציאנינים, הפיגמנטים האדומים והסגולים, רגע לפני שהוא מאבד את העלים שלו?",אנתוציאנינים פועלים כמסנן שמש המגן על רקמות בזמן שהעץ משחזר חנקן וחומרי מזון יקרי ערך אחרים מהעלה.,"[""כדי להגן על רקמות עדיין פעילות במהלך מיחזור חומרי הזנה"", ""למשוך חרקים מאביקים בסתיו"", ""כדי להאיץ את נפילת העלים"", ""להחליף את הכלורופיל החסר ולהמשיך בפוטוסינתזה""]",0,,,,,,
course_76_pourquoi_les_feuilles_changent_elles_de,course_76_pourquoi_les_feuilles_changent_elles_de_q6,mcq,אילו תנאים מייצרים בדרך כלל את האדומים התוססים של הסתיו?,"האדומים היפים ביותר נולדים מימי שמש ולילות קרירים ללא כפור, המעדיפים את הפיכת הסוכר לאנתוציאנינים.","[""ימים שטופי שמש ואחריהם לילות קרירים וללא כפור"", ""סתיו אפור וגשום מתחילתו ועד סופו"", ""כפור מוקדם בתחילת העונה"", ""ימים סוערים ללא שמש""]",0,,,,,,
course_76_pourquoi_les_feuilles_changent_elles_de,course_76_pourquoi_les_feuilles_changent_elles_de_q7,trueFalse,נכון או לא נכון: כפור מוקדם הורג את העלים לפני שהם מספיקים לשנות את צבעם.,"כפור מוקדם הורג את העלים לפני הופעת הצבע, בניגוד לימי שמש ולילות קרירים שמעדיפים אדומים עזים.","[""נכון"", ""לא נכון""]",0,,,,,,
course_76_pourquoi_les_feuilles_changent_elles_de,course_76_pourquoi_les_feuilles_changent_elles_de_q8,mcq,"מה הם טאנינים, המוזכרים בסוף העונה?","בסופו של דבר, כל מה שנותר הוא הטאנינים, חומרים חומים האופייניים לקרקעית היער הסתיו.","[""חומרים חומים שנשארים בקרקעית היער לאחר שפיגמנטים אחרים התפרקו"", ""הפיגמנטים האחראים לאדום הבהיר ביותר"", ""המולקולות המגנות על העלה מפני הכפור"", ""הורמונים המעוררים נפילת עלים""]",0,,,,,,
course_77_qu_est_ce_que_la_matiere_noire,course_77_qu_est_ce_que_la_matiere_noire_q1,percentageSlider,כמה מהיקום מורכב מחומר אפל?,"החומר האפל מייצג כ-27% מהיקום, פי חמישה יותר מכל החומר הרגיל.",,,,27.0,0.0,100.0,5.0,%
course_77_qu_est_ce_que_la_matiere_noire,course_77_qu_est_ce_que_la_matiere_noire_q2,mcq,מה גילתה האסטרונומית ורה רובין בשנות ה-70?,"ורה רובין מדדה שכוכבים בקצוות של גלקסיות ספירליות מסתובבים במהירות כמו אלה שבמרכזן, עדות למסה בלתי נראית שמעכבת אותם.","[""כוכבים בפאתי הגלקסיות הסתובבו במהירות כמו אלו שבמרכזן"", ""גלקסיות ספירליות אינן מכילות כוכבים בפריפריה"", ""מהירות הסיבוב של הגלקסיות יורדת עם הזמן"", ""מערכת השמש מסתובבת באותה מהירות כמו גלקסיות ספירליות""]",0,,,,,,
course_77_qu_est_ce_que_la_matiere_noire,course_77_qu_est_ce_que_la_matiere_noire_q3,trueFalse,נכון או לא נכון: ורה רובין התמודדה עם מכשולים בגלל המגדר שלה בתחילת הקריירה.,"פרינסטון שלל מורה רובין דוקטורט באסטרונומיה משום שהייתה אישה, כלל שנשמר עד 1975.","[""נכון"", ""לא נכון""]",0,,,,,,
course_77_qu_est_ce_que_la_matiere_noire,course_77_qu_est_ce_que_la_matiere_noire_q4,mcq,"מהי WIMP, אחת מהדרכים הנחשבות לחומר אפל?","ה-WIMP יהיה חלקיק כבד מחוץ למודל הסטנדרטי של הפיזיקה, המבוקש במיוחד על ידי גלאי קסנון נוזלי הקבורים מתחת לאדמה.","[""חלקיק כבד שיתקיים מחוץ למודל הסטנדרטי של הפיזיקה"", ""כוכב בלתי נראה כי קר מכדי לזרוח"", ""חור שחור קטן מאוד"", ""סוג של גלקסיה שלא נצפה קודם לכן""]",0,,,,,,
course_77_qu_est_ce_que_la_matiere_noire,course_77_qu_est_ce_que_la_matiere_noire_q5,mcq,כיצד חומר אפל מסגיר את נוכחותו באמצעים אחרים מלבד סיבוב הגלקסיות?,"החומר האפל מכופף את החלל ויוצר עדשות כבידה, שמעוותות את תמונת הגלקסיות מאחוריו.","[""הוא מעקם את החלל ומעוות את תמונת הגלקסיות הממוקמות מאחוריו"", ""הוא פולט אור חלש מאוד אך ניתן לזיהוי"", ""הוא חוסם לחלוטין את אור הכוכבים שהוא מקיף"", ""היא משנה את צבע הכוכבים שהיא חוצה""]",0,,,,,,
course_77_qu_est_ce_que_la_matiere_noire,course_77_qu_est_ce_que_la_matiere_noire_q6,mcq,"כיצד פועלת אנרגיה אפלה, שהתגלתה ב-1998, בצורה הפוכה לחומר אפל?","חומר אפל מושך, בעוד שאנרגיה אפלה מאיצה את התפשטות היקום: גלקסיות מתרחקות זו מזו יותר ויותר מהר.","[""זה מאיץ את התפשטות היקום במקום למשוך חומר"", ""זה מושך חומר אפילו חזק יותר מאשר כוח המשיכה"", ""זה מאט את סיבוב הגלקסיות"", ""זה נוגע רק לפנים של גלקסיות, לעולם לא לרווח ביניהן""]",0,,,,,,
course_77_qu_est_ce_que_la_matiere_noire,course_77_qu_est_ce_que_la_matiere_noire_q7,percentageSlider,כמה בערך מהיקום הוא אנרגיה אפלה?,"אנרגיה אפלה מוערכת שמהווה כ-68% מהקוסמוס; עם חומר אפל, זה מהווה 95% מהיקום הבלתי נראה.",,,,68.0,0.0,100.0,5.0,%
course_77_qu_est_ce_que_la_matiere_noire,course_77_qu_est_ce_que_la_matiere_noire_q8,mcq,"מה יכולה לגרום לאנרגיה אפלה בעתיד הרחוק מאוד, לפי הקורס?","בעתיד הרחוק מאוד, אנרגיה אפלה עלולה להרחיק גלקסיות אחרות עד כדי הפיכתן לבלתי נראות משביל החלב.","[""הרחק גלקסיות אחרות עד כדי הפיכתן לבלתי נראות משביל החלב"", ""מביאים את כל הגלקסיות לנקודה מרכזית אחת"", ""הפיכת חומר אפל בהדרגה לחומר רגיל"", ""עצור לחלוטין את התפשטות היקום""]",0,,,,,,
course_77_qu_est_ce_que_la_matiere_noire,course_77_qu_est_ce_que_la_matiere_noire_q9,numericSlider,מתי התגלתה אנרגיה אפלה?,"אנרגיה אפלה התגלתה בשנת 1998, תוך כדי הבחינה כי התפשטות היקום מואצת במקום להאט.",,,,1998.0,1980.0,2015.0,3.0,
course_78_comment_fonctionne_l_electricite_dans_no,course_78_comment_fonctionne_l_electricite_dans_no_q1,mcq,"בגוף, מה מסתובב כדי ליצור אותות חשמליים, בניגוד לשקע בקיר?","בשקע בקיר, אלקטרונים מסתובבים; בגוף, אלו הם יונים, אטומים טעונים, הנכנסים ויוצאים מהתאים.","[""יונים, אטומים טעונים שנעים פנימה ויוצאים מהתאים"", ""אלקטרונים חופשיים במחזור הדם"", ""גלים מגנטיים המיוצרים על ידי המוח"", ""חשמל סטטי מצטבר בעור""]",0,,,,,,
course_78_comment_fonctionne_l_electricite_dans_no,course_78_comment_fonctionne_l_electricite_dans_no_q2,numericSlider,"מהו בערך פוטנציאל המנוחה של נוירון, במיליוולט?","הודות למשאבות נתרן-אשלגן, נוירון במנוחה שומר על פוטנציאל של בסביבות -70 מילי-וולט, כאשר החלק הפנימי שלילי יותר מהחוץ.",,,,-70.0,-100.0,-20.0,8.0,mV
course_78_comment_fonctionne_l_electricite_dans_no,course_78_comment_fonctionne_l_electricite_dans_no_q3,mcq,מהו פוטנציאל הפעולה של נוירון?,"כשמגיע גירוי, נתרן פתאום נכנס והקוטביות מתהפכת: זהו פוטנציאל הפעולה, אות של הכל או כלום שעובר במורד האקסון.","[""אות חשמלי של הכל או כלום שעובר לאורך האקסון כאשר נתרן פתאום נכנס"", ""רמת האנרגיה שהנוירון צורך במנוחה"", ""כמות הנוירוטרנסמיטורים המאוחסנת בנוירון"", ""הזמן שלוקח לנוירון להתחדש לאחר השימוש""]",0,,,,,,
course_78_comment_fonctionne_l_electricite_dans_no,course_78_comment_fonctionne_l_electricite_dans_no_q4,mcq,"איך נוירון מעביר את האות שלו על פני הסינפסה, החלל שמפריד בינו לבין הנוירון הבא?",האות החשמלי לא יכול לקפוץ לסינפסה: האקסון משחרר נוירוטרנסמיטורים הנצמדים לנוירון הבא כמו מפתח במנעול.,"[""על ידי שחרור נוירוטרנסמיטורים הנצמדים לנוירון הבא"", ""על ידי שליחת זרם חשמלי ישירות בחלל"", ""על ידי מיזוג זמני של הקרום שלו עם זה של הנוירון הבא"", ""על ידי שחרור יוני סידן שעוברים בחלל בחופשיות""]",0,,,,,,
course_78_comment_fonctionne_l_electricite_dans_no,course_78_comment_fonctionne_l_electricite_dans_no_q5,numericSlider,"כמה מהר בערך עוברים אותות עצבים מסוימים, במטרים לשנייה?","כמה אותות עצביים נעים בסביבות 120 מטר לשנייה, או יותר מ-430 קמ""ש, מספיק כדי להגיב כמעט מיידית לכוויה.",,,,120.0,20.0,250.0,20.0,גברת
course_78_comment_fonctionne_l_electricite_dans_no,course_78_comment_fonctionne_l_electricite_dans_no_q6,mcq,מהו צומת הסינוס בלב?,"באטריום הימני, צומת הסינוס מייצר דחפים חשמליים משלו, בערך 60 עד 100 פעמים בדקה במנוחה.","[""המבנה שבעצמו יוצר את הדחפים החשמליים של פעימות הלב"", ""המסתם המפריד בין הפרוזדורים לחדרים"", ""השריר העיקרי שמזרים דם לריאות"", ""העצב המחבר את הלב ישירות למוח""]",0,,,,,,
course_78_comment_fonctionne_l_electricite_dans_no,course_78_comment_fonctionne_l_electricite_dans_no_q7,trueFalse,נכון או לא נכון: הלב צריך פקודה מהמוח לכל פעימה.,הלב לא מחכה לפקודה מהמוח לכל פעימה: צומת הסינוס עצמו מייצר דחפים חשמליים משלו.,"[""נכון"", ""לא נכון""]",1,,,,,,
course_78_comment_fonctionne_l_electricite_dans_no,course_78_comment_fonctionne_l_electricite_dans_no_q8,numericSlider,כמה וולט יכול צלופח חשמלי לייצר?,"הצלופח החשמלי משתמש באותו עיקרון של תאים מעוררים כמו גוף האדם, אבל בסדרות, עד 600 וולט, מספיק כדי לשתק טרף.",,,,600.0,100.0,800.0,50.0,וולט
course_78_comment_fonctionne_l_electricite_dans_no,course_78_comment_fonctionne_l_electricite_dans_no_q9,mcq,מה עושה דפיברילציה?,"דפיברילציה שולחת הלם חיצוני המאפס את כל תאי הלב, כך שצומת הסינוס חוזר לקצב רגיל.","[""הוא שולח זעזוע שמאפס את כל תאי הלב כך שצומת הסינוס חוזר לקצב"", ""זה מגרה ישירות את המוח להחיות את הלב"", ""זה מחליף כימית את פעימות הלב בקצב מלאכותי קבוע"", ""זה חוסם לחלוטין את הפעילות החשמלית של הלב""]",0,,,,,,
course_79_pourquoi_certains_sons_nous_donnent_ils,course_79_pourquoi_certains_sons_nous_donnent_ils_q1,percentageSlider,איזה חלק בערך מהאנשים מרגישים צמרמורת כשהם מאזינים למוזיקה?,"כ-55 עד 70 אחוז מהאנשים חווים צמרמורת למוזיקה, תופעה שנקראת ריגוש אסתטי.",,,,60.0,0.0,100.0,10.0,%
course_79_pourquoi_certains_sons_nous_donnent_ils,course_79_pourquoi_certains_sons_nous_donnent_ils_q2,mcq,איזו מערכת מוחית מופעלת כשקטע מוזיקלי נוגע במישהו?,"יצירה נוגעת ללב מפעילה את מערכת התגמול של המוח, כמו לאוכל, מין או סמים מסוימים.","[""מערכת התגמול, זהה לאוכל או תרופות מסוימות"", ""מערכת החיסון, להילחם במתח"", ""המערכת המוטורית, השולטת בתנועות רצוניות"", ""מערכת העיכול, מקושרת לרגשות חזקים""]",0,,,,,,
course_79_pourquoi_certains_sons_nous_donnent_ils,course_79_pourquoi_certains_sons_nous_donnent_ils_q3,mcq,"מהי ההשפעה של נלטרקסון, תרופה החוסמת קולטנים לאופיואידים?","נלטרקסון, שחוסם קולטנים לאופיואידים, יכול כמעט למחוק הנאה מוזיקלית, עדות לכך שהמוח מייצר חומרי תגמול משלו.","[""זה כמעט יכול למחוק הנאה מוזיקלית, הוכחה לכך שהמוח מייצר חומרי גמול משלו"", ""זה מעצים מאוד את ההנאה המורגשת בעת האזנה למוזיקה"", ""אין לו השפעה מדידה על ההנאה המוזיקלית"", ""זה משפר את זיכרון המנגינות הנשמעות""]",0,,,,,,
course_79_pourquoi_certains_sons_nous_donnent_ils,course_79_pourquoi_certains_sons_nous_donnent_ils_q4,percentageSlider,איזה חלק בערך מהאנשים לא מרגישים הנאה ממוזיקה למרות שמיעה תקינה?,בסביבות 5% מהאנשים לא חווים הנאה ממוזיקה למרות שמיעה רגילה: זה נקרא אנהדוניה מוזיקלית ספציפית.,,,,5.0,0.0,100.0,5.0,%
course_79_pourquoi_certains_sons_nous_donnent_ils,course_79_pourquoi_certains_sons_nous_donnent_ils_q5,mcq,"מה מעורר לעתים קרובות ריגוש מוזיקלי, תלוי בקורס?","הריגוש נובע לעתים קרובות מהפרה של הציפייה המוזיקלית: המוח מנבא ללא הרף את התו הבא, והפתעה הרמונית מפעילה את ההתראה הרגשית.","[""הפרה של הציפייה המוזיקלית, כמו אפנון בלתי צפוי"", ""קצב קבוע לחלוטין מתחילתו ועד סופו"", ""שקט מוחלט לאורך כל השיר"", ""חזרה זהה על אותו תו""]",0,,,,,,
course_79_pourquoi_certains_sons_nous_donnent_ils,course_79_pourquoi_certains_sons_nous_donnent_ils_q6,mcq,למה יש שירים שעושים לך עור ברווז?,"עור אווז, או piloerection, הוא רפלקס ישן שמעלה את השערות כדי להיראות גבוהות יותר או להתחמם; המוזיקה מפעילה אותו בהפתעה.","[""זהו רפלקס ישן שמעלה את השערות כדי להיראות גבוהות יותר או להתחמם"", ""זה סימן שחסר חמצן בגוף."", ""זוהי תגובה הקשורה אך ורק לטמפרטורת החדר."", ""זוהי תופעת לוואי ישירה של תדרים נמוכים על העור""]",0,,,,,,
course_79_pourquoi_certains_sons_nous_donnent_ils,course_79_pourquoi_certains_sons_nous_donnent_ils_q7,mcq,מה הראה החוקר מתיו זאקס על אנשים שרגישים מאוד לריגושים מוזיקליים?,"מתיו זאקס הראה שלאנשים הנוטים לרעד יש לעתים קרובות יותר קשרים בין קליפת השמיעה, הקורטקס הפרה-פרונטלי והאינסולה.","[""יש להם יותר קשרים בין קליפת השמיעה, הקורטקס הפרה-פרונטלי והאינסולה"", ""יש להם שמיעה פיזית רגישה יותר מהממוצע"", ""הם מאזינים באופן שיטתי ליותר מוזיקה מאחרים"", ""יש להם מערכת תגמול פחות פעילה מהממוצע""]",0,,,,,,
course_79_pourquoi_certains_sons_nous_donnent_ils,course_79_pourquoi_certains_sons_nous_donnent_ils_q8,trueFalse,"נכון או לא נכון: מנקודת מבט אבולוציונית, ריגוש מוזיקלי מזין או מגן ישירות על הפרט.","ריגוש מוזיקלי הוא פרדוקס אבולוציוני: הוא אינו מזין או מגן ישירות, אך סינכרון רגשות של קבוצה עשוי לקדם לכידות חברתית.","[""נכון"", ""לא נכון""]",1,,,,,,
course_7_jeanne_d_arc_et_la_guerre_de_cent_ans_14,course_7_jeanne_d_arc_et_la_guerre_de_cent_ans_14_q1,mcq,בת כמה הייתה ז'ואן ד'ארק כשהצטרפה לדופין צ'רלס ב-1429?,ז'אן הייתה בת 17 כשעזבה את דורמי כדי לשכנע את הדופין להפקיד בה צבא.,"[""בן 17"", ""בן 25"", ""30 שנה"", ""בן 21""]",0,,,,,,
course_7_jeanne_d_arc_et_la_guerre_de_cent_ans_14,course_7_jeanne_d_arc_et_la_guerre_de_cent_ans_14_q2,mcq,מאיפה הגיעה ז'אן ד'ארק?,"ז'אן היא נערת איכרים מ-Domrémy, בלורין.","[""מ-Domrémy, בלורין"", ""מאורלינס"", ""מריימס"", ""מרואן""]",0,,,,,,
course_7_jeanne_d_arc_et_la_guerre_de_cent_ans_14,course_7_jeanne_d_arc_et_la_guerre_de_cent_ans_14_q3,trueFalse,נכון או שקר: מלחמת מאה השנים העמידה את מלכי צרפת מול מלכי ספרד.,"מלחמת מאה השנים העמידה את מלכי אנגליה, הפלנטג'נטס, מול מלכי צרפת, הוואלואה, לא ספרד.","[""נכון"", ""לא נכון""]",1,,,,,,
course_7_jeanne_d_arc_et_la_guerre_de_cent_ans_14,course_7_jeanne_d_arc_et_la_guerre_de_cent_ans_14_q4,mcq,מה מספק הסכם טרויה משנת 1420?,"הסכם טרויה מבטל את הירושה של הדופין שארל לטובת מלך אנגליה, ששלטונו מוכרז בפריז.","[""הדופין נושל בירושה לטובת מלך אנגליה"", ""צרפת מספחת את בורגונדי"", ""ז'אן ד'ארק הופכת לאביר"", ""הכתרתו המיידית של קרל השביעי בריימס""]",0,,,,,,
course_7_jeanne_d_arc_et_la_guerre_de_cent_ans_14,course_7_jeanne_d_arc_et_la_guerre_de_cent_ans_14_q5,mcq,איזו משימה ז'אן אומרת שקיבלה מקולותיה?,"קולותיו מצווים עליו להסיר את המצור על אורליאן, ואז להוביל את הדופין להכתרת ריימס, הטקס היחיד שממנה מלך אמיתי.","[""הסר את המצור על אורליאן ואז הוביל את הדופין להכתרת ריימס"", ""לגרש את הבורגונדים מפריז"", ""תתחתן עם הדופין צ'ארלס"", ""לכבוש מחדש את נורמנדי""]",0,,,,,,
course_7_jeanne_d_arc_et_la_guerre_de_cent_ans_14,course_7_jeanne_d_arc_et_la_guerre_de_cent_ans_14_q6,numericSlider,באיזו שנה העלתה ז'ואן ד'ארק את המצור על אורליאן?,"ג'ואן שברה את המצור על אורליאן במאי 1429, תוך תשעה ימים בלבד.",,,,1429.0,1400.0,1450.0,3.0,
course_7_jeanne_d_arc_et_la_guerre_de_cent_ans_14,course_7_jeanne_d_arc_et_la_guerre_de_cent_ans_14_q7,trueFalse,נכון או לא נכון: ז'ואן ד'ארק הרגה אויבים רבים במו ידיה במהלך הקרב.,ז'אן מעולם לא הרגה אויב במו ידיה; היא העדיפה לשאת את דגלה להוביל מבלי לשפוך דם בעצמה.,"[""נכון"", ""לא נכון""]",1,,,,,,
course_7_jeanne_d_arc_et_la_guerre_de_cent_ans_14,course_7_jeanne_d_arc_et_la_guerre_de_cent_ans_14_q8,chronological,שים את האירועים הללו בחייה של ז'אן ד'ארק בסדר כרונולוגי.,"אבני הדרך הללו נעות בין 1420 ל-1431: הסכם טרויה, לאחר מכן אורליאן ורימס ב-1429, הלכידה ב-1430 וההוצאה להורג ב-1431.",,,"[""הסכם טרויה מבטל את הדופין"", ""ג'ואן מסירה את המצור על אורליאן"", ""הכתרתו של קרל השביעי בריימס"", ""לכידת ז'אן בקומפיין"", ""מדורה של רואן""]",,,,,
course_80_pourquoi_les_saisons_existent_sur_d_autr,course_80_pourquoi_les_saisons_existent_sur_d_autr_q1,mcq,מהי האלכסון של כוכב לכת?,"אלכסון הוא הזווית בין ציר הסיבוב של כוכב לכת לבין הניצב למסלולו; ככל שהוא גדול יותר, כך העונות מסומנות יותר.","[""הזווית בין ציר הסיבוב שלו לאנך למסלולו"", ""המרחק הממוצע בין כוכב הלכת לשמש"", ""המהירות שבה כוכב הלכת מסתובב"", ""האורך הכולל של שנה על הפלנטה הזו""]",0,,,,,,
course_80_pourquoi_les_saisons_existent_sur_d_autr,course_80_pourquoi_les_saisons_existent_sur_d_autr_q2,numericSlider,"כמה מעלות נוטה אורנוס, המקרה הקיצוני ביותר במערכת השמש?","אורנוס נוטה בערך ב-98°, כמעט שוכב על צידו, מה שמקנה לו עונות קיצוניות.",,,,98.0,0.0,130.0,10.0,°
course_80_pourquoi_les_saisons_existent_sur_d_autr,course_80_pourquoi_les_saisons_existent_sur_d_autr_q3,numericSlider,"באורנוס, כמה שנים בערך נמשכת כל תקופה של יום רצוף בקוטב?","לאורנוס לוקח 84 שנים להקיף את השמש; לכן כל קוטב מקבל כמעט 42 שנים של יום רצוף, ולאחר מכן 42 שנים של לילה כולל.",,,,42.0,10.0,80.0,5.0,שנים
course_80_pourquoi_les_saisons_existent_sur_d_autr,course_80_pourquoi_les_saisons_existent_sur_d_autr_q4,mcq,מדוע ליופיטר ולמרקורי אין כמעט עונות?,"לצדק ולמרקורי יש ציר סיבוב כמעט ישר, שלא יוצר כמעט עונה, בניגוד לאורנוס או לכדור הארץ.","[""ציר הסיבוב שלהם כמעט ישר, מעט מאוד נוטה"", ""הם רחוקים מדי מהשמש מכדי להרגיש שינויים"", ""המסלול שלהם מעגלי לחלוטין, ללא כל וריאציה אפשרית"", ""הם לא מסתובבים על עצמם""]",0,,,,,,
course_80_pourquoi_les_saisons_existent_sur_d_autr,course_80_pourquoi_les_saisons_existent_sur_d_autr_q5,mcq,"במאדים, מדוע הקיץ בחצי הכדור הדרומי קצר יותר אך חם יותר?","מסלול המאדים הוא סגלגל; בחצי הכדור הדרומי, הקיץ נופל ליד פריהליון, וכתוצאה מכך קיץ קצר יותר אך חם יותר, לפעמים עם סופות אבק.","[""הם נופלים ליד פריהליון, הנקודה שבה מאדים הוא הקרוב ביותר לשמש"", ""האווירה של מאדים לוכדת חום כמו חממה ענקית"", ""הקוטב הדרומי מקבל פי שניים יותר אור מהקוטב הצפוני"", ""מאדים משנה את מהירות הסיבוב בהתאם לעונה""]",0,,,,,,
course_80_pourquoi_les_saisons_existent_sur_d_autr,course_80_pourquoi_les_saisons_existent_sur_d_autr_q6,trueFalse,"נכון או לא נכון: בשנת 2018, סופת אבק עונתית סיימה את משימתו של רובר ה-Opportunity.","ב-2018, סופת אבק עונתית של מאדים הסתירה את השמש ועצרה לצמיתות את רובר ה-Opportunity.","[""נכון"", ""לא נכון""]",0,,,,,,
course_80_pourquoi_les_saisons_existent_sur_d_autr,course_80_pourquoi_les_saisons_existent_sur_d_autr_q7,mcq,"מדוע הטמפרטורה של נוגה נשארת כמעט קבועה בכל מקום, למרות הטיה קיצונית של צירו?","למרות הטיה קיצונית, אפקט החממה המפלצתי של ונוס משווה את הטמפרטורה סביב 460 מעלות צלזיוס בכל מקום, כל הזמן.","[""אפקט החממה המפלצתי שלו משווה את הטמפרטורה לסביבות 460 מעלות צלזיוס בכל מקום"", ""לנוגה אין למעשה הטיה ניתנת למדידה"", ""סיבובו המהיר מאוד מפיץ את החום באופן שווה"", ""נוגה רחוקה מדי מהשמש מכדי להרגיש שינויים""]",0,,,,,,
course_80_pourquoi_les_saisons_existent_sur_d_autr,course_80_pourquoi_les_saisons_existent_sur_d_autr_q8,trueFalse,"נכון או לא נכון: בנוגה, יום, כלומר סיבוב שלם על עצמו, נמשך יותר משנה, כלומר מהפכה סביב השמש.","בנוגה, יום נמשך 243 ימי כדור הארץ, לעומת 225 ימי כדור הארץ לשנה: הסיבוב ארוך מהמהפכה.","[""נכון"", ""לא נכון""]",0,,,,,,
course_80_pourquoi_les_saisons_existent_sur_d_autr,course_80_pourquoi_les_saisons_existent_sur_d_autr_q9,mcq,איזה תפקיד ממלא הירח בעונות השנה של כדור הארץ?,"ללא הירח, נטיית כדור הארץ תתנודד בצורה כאוטית בין 0° ליותר מ-80°; הירח פועל כמייצב כבידה.","[""זה מייצב את הנטייה של ציר כדור הארץ, נמנע מתנודות כאוטיות"", ""זה מחמם ישירות את חצי הכדור שהוא מאיר בלילה"", ""הוא מאיץ את סיבוב כדור הארץ סביב השמש"", ""זה חוסם חלק מאור השמש בקיץ""]",0,,,,,,
course_81_l_odyssee_homere,course_81_l_odyssee_homere_q1,mcq,לאיזה גיבור יווני לקח עשר שנים לחזור הביתה אחרי מלחמת טרויה?,"לאודיסאוס, מלך איתקה, לוקח עשר שנים לחזור הביתה לאחר תום מלחמת טרויה: זה נושא האודיסאה.","[""יוליסס"", ""אכילס"", ""אגממנון"", ""אניאס""]",0,,,,,,
course_81_l_odyssee_homere,course_81_l_odyssee_homere_q2,mcq,"איך מתחיל סיפור האודיסאה, מבחינה נרטיבית?","הומר מתחיל את סיפורו באמצע הפעולה: אודיסאוס, המוחזק על ידי הנימפה קליפסו, ואז מספר על הרפתקאות העבר שלו בפלאשבק.","[""במדיה מילולית, באמצע האקשן, בעוד יוליסס מוחזק על ידי קליפסו"", ""לפי סיפור הולדתו של אודיסאוס"", ""עד תחילת מלחמת טרויה"", ""עם שובו של אודיסאוס לאיתקה""]",0,,,,,,
course_81_l_odyssee_homere,course_81_l_odyssee_homere_q3,trueFalse,נכון או לא נכון: יוליסס בורח מהקיקלופ פוליפמוס מבלי לחשוף את שמו.,"אודיסאוס צועק בגאווה את שמו האמיתי לאחר שסנוור את פוליפמוס, ואיפשר לקיקלופ להמעיט בנקמת אביו פוסידון בו.","[""נכון"", ""לא נכון""]",1,,,,,,
course_81_l_odyssee_homere,course_81_l_odyssee_homere_q4,mcq,איך פנלופה דוחה את המחזרים שמצורים עליה באיתקה?,"פנלופה קונה זמן על ידי הבטחה להתחתן בשנית לאחר השלמת התכריכים, אותה היא מבטלת כל לילה בסתר.","[""היא טווה תכריך ביום ומשחררת אותו כל לילה"", ""היא נועלת את עצמה במגדל בלתי חדיר"", ""היא מבקשת מאתנה להפוך אותם לאבן"", ""היא הולכת להתחבא בכרתים עם בנה""]",0,,,,,,
course_81_l_odyssee_homere,course_81_l_odyssee_homere_q5,mcq,"מי מזהה את אודיסאוס ראשון כשהוא חוזר לאיתקה, מחופש לקבצן?","הכלב ארגוס, מבוגר מאוד, מזהה את יוליסס לפני כל אחד אחר, ואחריו האחות שלו יוריקליה.","[""הכלב הזקן שלו ארגוס"", ""אשתו פנלופה"", ""בנו טלמכוס"", ""אחד המחזרים""]",0,,,,,,
course_81_l_odyssee_homere,course_81_l_odyssee_homere_q6,trueFalse,נכון או שקר: חוקרים מודרניים מאמינים שהאודיסאה נבעה ממסורת ארוכה בעל פה ולא מעטו של מחבר יחיד.,"עבודתו של מילמן פארי מלמדת שהטקסט מגיע ממסורת של זמרים, הפייטנים, שהלחינו בנוסחאות מוכנות.","[""נכון"", ""לא נכון""]",0,,,,,,
course_81_l_odyssee_homere,course_81_l_odyssee_homere_q7,numericSlider,כמה שירים (חלקים) בערך יש באודיסאה?,"באודיסאה יש 24 שירים וכ-12,000 פסוקים.",,,,24.0,10.0,40.0,2.0,שירים
course_81_l_odyssee_homere,course_81_l_odyssee_homere_q8,mcq,איזה סופר מהמאה ה-20 העביר את מסעו של יוליסס ליום אחד בדבלין?,"בשנת 1922, ג'יימס ג'ויס פרסם את הרומן שלו ""יוליסס"", שהופך את שיטוט הומרוס ליום אחד בדבלין.","[""ג'יימס ג'ויס"", ""מרסל פרוסט"", ""אלבר קאמי"", ""ויקטור הוגו""]",0,,,,,,
course_82_l_iliade_homere,course_82_l_iliade_homere_q1,mcq,בכמה ימים מתמקדת בעיקר פעולת האיליאדה?,"הומר ממקד את חשבונו ב-51 ימים של השנה העשירית למלחמה, לא בסכסוך כולו.","[""51 ימים בשנה העשירית למלחמה"", ""עשר השנים השלמות של מלחמת טרויה"", ""יום אחד של קרב"", ""עשרים שנות היעדרותו של יוליסס""]",0,,,,,,
course_82_l_iliade_homere,course_82_l_iliade_homere_q2,mcq,"מהו הנושא הראשון האמיתי של השיר, לפי הקורס?","השיר נפתח בכעס של אכילס, שעורר ההשפלה שהטיל אגממנון, עוד לפני שאלת טרויה.","[""זעמו של אכילס"", ""הטריק של יוליסס"", ""בניית הסוס הטרויאני"", ""פסק הדין של פריז""]",0,,,,,,
course_82_l_iliade_homere,course_82_l_iliade_homere_q3,trueFalse,נכון או לא נכון: אגממנון משפיל את אכילס בכך שהוא לוקח את בריסייס השבוי שלו.,"אגממנון לוקח את בריזיס מאכילס, מה שפוגע בזמן שלו, הכבוד בשל הכשרון שלו, ומעורר את כעסו.","[""נכון"", ""לא נכון""]",0,,,,,,
course_82_l_iliade_homere,course_82_l_iliade_homere_q4,mcq,מדוע פטרוקלוס שואל את השריון של אכילס?,"בלי שאכילס הוצא מהקרב, היוונים מתקפלים; פטרוקלוס שואל את השריון שלו כדי להפחיד את הטרויאנים בראשות הקטור.","[""להפחיד את הטרויאנים שמאיימים על הספינות היווניות"", ""להעמיד פנים שהוא אגממנון"", ""להשתתף במשחקי הלוויה"", ""לבקר את פריאם""]",0,,,,,,
course_82_l_iliade_homere,course_82_l_iliade_homere_q5,mcq,"מי הורג את פטרוקלוס, בעזרת האל אפולו?","פטרוקלוס לא מציית לפקודות אכילס ונהרג על ידי הנסיך הטרויאני הקטור, בסיוע אפולו.","[""הקטור"", ""פריז"", ""אגממנון"", ""פריאם""]",0,,,,,,
course_82_l_iliade_homere,course_82_l_iliade_homere_q6,trueFalse,"נכון או לא נכון: באיליאדה, האלים עלולים להיפגע גם על ידי בני תמותה.","הלוחם דיומדס פצע את אפרודיטה ביד, והאל ארס חייב לברוח בצרחות: אפילו האלים אינם בלתי פגיעים.","[""נכון"", ""לא נכון""]",0,,,,,,
course_82_l_iliade_homere,course_82_l_iliade_homere_q7,mcq,איך אכילס מתייחס לגופו של הקטור לאחר שהרג אותו?,"אכילס קושר את גופתו של הקטור למרכבתו וגורר אותה לפני חומות טרויה, לנגד עיני משפחתו, מסרב לטקסי ההלוויה.","[""הוא קושר אותו למרכבתו וגורר אותו דרך האבק"", ""הוא קבר אותו מיד בכבוד"", ""הוא מיד מחזיר אותו לפריאם"", ""הוא שורף אותו על מדורת לוויה יוונית""]",0,,,,,,
course_82_l_iliade_homere,course_82_l_iliade_homere_q8,mcq,מה מניע את אכילס להחזיר סוף סוף את גופתו של הקטור לפריאם?,"מול המלך הזקן פריאם שבא להתחנן אליו, אכילס חושב על אביו שלו ומחזיר לו את גופת בנו.","[""הוא חושב על אביו שלו כשהוא רואה את פריאם נשבר מכאב"", ""זאוס מזמין אותו ישירות בשדה הקרב"", ""היוונים מאיימים במרד"", ""הלנה מתערבת כדי לבקש שלום""]",0,,,,,,
course_82_l_iliade_homere,course_82_l_iliade_homere_q9,chronological,סדר את השלבים האלה של האיליאדה.,"ארבעת אבני הדרך הללו בונות את השיר: הוויכוח הראשוני, האבל שמחמש את אכילס, הדו-קרב המכריע, ואז זירת האנושות שהתגלתה מחדש.",,,"[""מחלוקת בין אכילס לאגממנון"", ""מותו של פטרוקלוס"", ""מותו של הקטור"", ""מפגש בין פריאם לאכילס""]",,,,,
course_82_l_iliade_homere,course_82_l_iliade_homere_q10,trueFalse,נכון או לא נכון: האיליאדה מסתיימת בפרק של הסוס הטרויאני.,השיר מסתיים בהלווייתו של הקטור; הסוס הטרויאני לא שם.,"[""נכון"", ""לא נכון""]",1,,,,,,
course_83_dipe_roi_sophocle,course_83_dipe_roi_sophocle_q1,mcq,איזו מגפה פוגעת בתבי בתחילת המחזה?,"תבאי נפגע ממגפה, והאורקל דורש להעניש את רוצחו של המלך לשעבר לאיוס.","[""מגפה"", ""רעב"", ""פלישה"", ""רעידת אדמה""]",0,,,,,,
course_83_dipe_roi_sophocle,course_83_dipe_roi_sophocle_q2,mcq,מה מבטיח אדיפוס לעיר תבאי?,"אדיפוס מבטיח למצוא את הרוצח של לאיוס, מבלי לדעת שהוא ימצא אותו בעצמו.","[""מצא והעניש את הרוצח של לאיוס"", ""לבנות מחדש את חומות העיר"", ""תתחתן עם בת המלך הקודם"", ""התייעץ עם אורקל אחר נוח יותר""]",0,,,,,,
course_83_dipe_roi_sophocle,course_83_dipe_roi_sophocle_q3,trueFalse,נכון או לא נכון: סופוקלס משכלל את הטרגדיה שירשה מאייסכילוס על ידי הוספת דמויות נוספות ומתח פסיכולוגי.,"סופוקלס מפתח את הז'אנר הטראגי בכך שהוא נותן יותר מקום לדמויות ולמתח הפנימי שלהן, המקהלה נשארת פרשן ולא כוח מניע מאחורי הפעולה.","[""נכון"", ""לא נכון""]",0,,,,,,
course_83_dipe_roi_sophocle,course_83_dipe_roi_sophocle_q4,mcq,את מי חוקר אדיפוס ראשון בחקירתו על רצח לאיוס?,"אדיפוס שואל תחילה את מגיד העתידות טירסיאס, ולאחר מכן את אשתו יוקסטה, אלמנתו של לאיוס, לפני שהרמזים נסגרים על עצמו.","[""מגיד העתידות טירסיאס"", ""אשתו יוקסטה"", ""הבן שלו"", ""הספינקס""]",0,,,,,,
course_83_dipe_roi_sophocle,course_83_dipe_roi_sophocle_q5,mcq,"לפי אריסטו, מהן שתי ההשפעות המרכזיות שהוא מעריץ באדיפוס רקס?","אריסטו מתפעל מהפריפטיה, מההיפוך הפתאומי של המצב, ומהאננוריזיס, הרגע שבו אדיפוס מבין מי הוא.","[""המהפך וההכרה"", ""מתח והומור"", ""אלימות ומחזה"", ""שיח פוליטי ומוסר""]",0,,,,,,
course_83_dipe_roi_sophocle,course_83_dipe_roi_sophocle_q6,mcq,מה עושה אדיפוס כשהאמת יוצאת לאור לגמרי?,"כשהאמת יוצאת לאור ויוקאסטה מתאבד, אדיפוס מוציא את עיניו, הוא שראה את העיר מסרב כעת להסתכל על העולם.","[""הוא מוציא את עיניו"", ""הוא מיד הגלה את עצמו בלי מילה"", ""הוא הורג את יוקאסטה בייאוש"", ""הוא מתפטר וממנה יורש""]",0,,,,,,
course_83_dipe_roi_sophocle,course_83_dipe_roi_sophocle_q7,trueFalse,"נכון או לא נכון: באדיפוס המלך, ככל שהגיבור מחפש את האמת בצורה ברורה יותר, כך הוא מתקרב לנפילתו שלו.",זו האירוניה הטרגית של המחזה: הרצון של אדיפוס להיות צודק וצלול מאיץ את אובדנו במקום להגן עליו מפניו.,"[""נכון"", ""לא נכון""]",0,,,,,,
course_83_dipe_roi_sophocle,course_83_dipe_roi_sophocle_q8,mcq,מה המשמעות של אדיפוס עבור העיר ברגע שהאמת ידועה?,"אדיפוס הופך לפארמקוס: המגפה בהיותו סימן לפשע לא מטוהר, הוא גורש כדי לטהר את העיר.","[""הפרמקוס, זה שגורש כדי לטהר את הקהילה"", ""מלך שחוגג כמושיע"", ""עד פשוט ללא אחריות"", ""שופט שאחראי להעניש אשמים אחרים""]",0,,,,,,
course_83_dipe_roi_sophocle,course_83_dipe_roi_sophocle_q9,mcq,איזה הוגה דעות מהמאה ה-20 קורא מחדש את המיתוס של אדיפוס באמצעות פסיכואנליזה?,"פרויד רואה במיתוס אדיפוס את התסביך הנושא את שמו, אחד הקורא בין היתר את ההיקף הרחב יותר של המחזה.","[""פרויד"", ""מרקס"", ""ניטשה"", ""דרווין""]",0,,,,,,
course_84_antigone_sophocle,course_84_antigone_sophocle_q1,mcq,מה קריאון מסרב להעניק לאחד משני האחים שמתו זה בזה?,"קריאון מצווה לכבד את אחד האחים ואת השני לא לקבור, מה שאנטיגונה מסרבת.","[""קבר"", ""פסק דין שלאחר מותו"", ""כס המלכות של תבי"", ""מחילה של האלים""]",0,,,,,,
course_84_antigone_sophocle,course_84_antigone_sophocle_q2,mcq,מה עושה אנטיגונה נגד צו המלך קריאון?,אנטיגונה מסרבת לגזירת קריאון ובעצמה קוברת את גופתו של אחיה שנותר לא קבור.,"[""היא קוברת את גופת אחיה"", ""היא יוצאת לגלות מרצון"", ""היא מארגנת מרד מזוין"", ""היא דורשת בוררות מהאלים בבית המקדש""]",0,,,,,,
course_84_antigone_sophocle,course_84_antigone_sophocle_q3,trueFalse,נכון או לא נכון: אנטיגונה היא בתו של אדיפוס.,"אנטיגונה שייכת למשפחתו המקוללת של אדיפוס, שמכבידה על המחזה כולו.","[""נכון"", ""לא נכון""]",0,,,,,,
course_84_antigone_sophocle,course_84_antigone_sophocle_q4,mcq,לאיזה ניגוד ערכים אנטיגונה מתנגדת לקריאון?,"אנטיגונה מפעילה חוק ישן יותר מהצו המלכותי, בעוד קריאון מגן על החוק החיובי שזה עתה קבע.","[""החוק הטבעי של החובות כלפי המתים כנגד החוק החיובי של העיר"", ""דמוקרטיה מול מונרכיה"", ""עושר מול עוני"", ""נוער מול זקנה""]",0,,,,,,
course_84_antigone_sophocle,course_84_antigone_sophocle_q5,mcq,מי זה הימון במחזה?,"הימון, בנו של קריאון וארוסה של אנטיגונה, מתחנן בפני אביו לשווא להתנער מגזר הדין.","[""בנו של קריאון, ארוסה של אנטיגונה"", ""אחיה של אנטיגונה נהרג בקרב"", ""מגיד עתידות שמנבא אסון"", ""שומר שמגלה את הפשע של אנטיגונה""]",0,,,,,,
course_84_antigone_sophocle,course_84_antigone_sophocle_q6,mcq,איזה פגם בקריאון מדגיש סופוקלס דרך החלטתו להיות עקשן?,"קריאון ממשיך למרות הפצרות, מגלם היבריס, העודף שמעוור ומוביל לאסון.","[""היבריס, העודף הגאה שמעוור"", ""פחדנות מול העם"", ""נדיבות יתרה"", ""חוסר מודיעין פוליטי""]",0,,,,,,
course_84_antigone_sophocle,course_84_antigone_sophocle_q7,trueFalse,"נכון או שקר: כשקריאון סוף סוף נכנע ומוותר על החלטתו, עדיין יש זמן להציל את כולם.","קריאון נכנע מאוחר מדי: אנטיגונה, ואז האימון והמלכה אורידיקה מתים למרות שינוי דעתו.","[""נכון"", ""לא נכון""]",1,,,,,,
course_84_antigone_sophocle,course_84_antigone_sophocle_q8,mcq,"כיצד מגיבה אחותה של אנטיגונה, איסמנה, לגזירת קריאון?","איסמנה מהססת לנוכח האיסור המלכותי, בעוד שאנטיגונה מקבלת בגלוי את פעולתה.","[""היא מהססת, בניגוד לאנטיגונה שבוחרת במעשה"", ""היא מגנה את אחותה בפני המלך"", ""היא קוברת את הגופה במקומה"", ""היא נוטלת נשק נגד קריאון""]",0,,,,,,
course_84_antigone_sophocle,course_84_antigone_sophocle_q9,mcq,איזה פילוסוף מהמאה ה-19 קורא באנטיגונה סכסוך בין שתי זכויות לגיטימיות באותה מידה?,"הגל מנתח את המחזה כעימות בין שתי זכויות לגיטימיות, הסדר הציבורי ואדיקות המשפחה, מבלי ששתיהן טועים לחלוטין.","[""הגל"", ""דקארט"", ""קאנט"", ""רוסו""]",0,,,,,,
course_85_le_banquet_platon,course_85_le_banquet_platon_q1,mcq,באיזה הקשר מתקיים הדיאלוג של המשתה?,"המשתה מתקיים במהלך סימפוזיון, סעודת אזרח שבה שותים, דנים ומתחרים ברהיטות.","[""ארוחה של אזרחים אתונאים, סימפוזיון"", ""בית דין לעם"", ""שיעור באקדמיה"", ""מקדש במהלך טקס דתי""]",0,,,,,,
course_85_le_banquet_platon,course_85_le_banquet_platon_q2,mcq,באיזה נושא על האורחים של המשתה להתייחס בנאומם?,"הנושא המוטל של הערב הוא ארוס, וכל אורח מציע את תיאוריית האהבה שלו.","[""ארוס, אהבה-רצון"", ""צדק בעיר"", ""מוות ואלמוות הנשמה"", ""טבעם של האלים""]",0,,,,,,
course_85_le_banquet_platon,course_85_le_banquet_platon_q3,mcq,מה אומרים האנדרוגינים בנאומו של אריסטופנס?,"אריסטופנס אומר שבני האדם היו פעם כפולים ושזאוס חתך אותם לשניים כדי להעניש אותם, כל אחד מחפש את החצי האבוד שלו מאז.","[""בני אדם היו פעם כפולים, לפני שזאוס חתך אותם לשניים"", ""האלים יצרו את האנושות מחימר"", ""גברים הם צאצאים מאב קדמון בודד בן אלמוות"", ""אוהבים היו במקור אויבים""]",0,,,,,,
course_85_le_banquet_platon,course_85_le_banquet_platon_q4,trueFalse,"נכון או לא נכון: מיתוס האנדרוגינים של אריסטופנס נתן לצרפתית את הביטוי ""חבר נפש"".","הסיפור הזה של בני אדם חתוכים לשניים נתן השראה לביטוי הצרפתי ""חבר נפש"", המציין את החצי שאנו מנסים למצוא.","[""נכון"", ""לא נכון""]",0,,,,,,
course_85_le_banquet_platon,course_85_le_banquet_platon_q5,mcq,"מי מלמד את סוקרטס את תורת האהבה כמתווך, או דיימון?","סוקרטס מדווח על תורתו של דיוטימה, זר חכם, שארוס הוא דיימון, מתווך שחפץ במה שחסר לו.","[""דיוטימה"", ""אריסטופנס"", ""אלקיביאדס"", ""אגאתון""]",0,,,,,,
course_85_le_banquet_platon,course_85_le_banquet_platon_q6,mcq,"לפי הוראת דיוטימה, באילו שלבים מתקדם האוהב?","המאהב מתחיל מהגוף היפה, עובר לנשמות יפות, ואז לפעולות יפות, לפני שהוא מגיע ליופי בעצמו: זהו קנה המידה של ארוס אפלטוני.","[""מגופים יפים לנשמות יפות, ואז לפעולות יפות, עד יופי בפני עצמו"", ""מחברות לשנאה ועד סליחה"", ""מנישואים לבדידות ואז לחוכמה"", ""מעושר לעוני ועד סגולה""]",0,,,,,,
course_85_le_banquet_platon,course_85_le_banquet_platon_q7,mcq,"מי מתפרץ פנימה, שיכור, בסוף הסימפוזיון כדי לשבח את סוקרטס?","אלקיביאדס, צעיר שאפתן שיכור, מתפרץ פנימה ומשבח את סוקרטס כסאטיר מטריד, ומראה שתשוקה פילוסופית אינה מבטלת צרות.","[""אלקיביאדס"", ""קריאון"", ""יוקסטה"", ""דיוטימה""]",0,,,,,,
course_85_le_banquet_platon,course_85_le_banquet_platon_q8,trueFalse,"נכון או לא נכון: בשפה היומיומית, לאהבה ""אפלטונית"" יש משמעות זהה לאפלטון עצמו.","בשפה היומיומית, ""אפלטוני"" פירושו ללא בשר, בעוד שאצל אפלטון הגוף נשאר נקודת מוצא לגיטימית, לא בושה.","[""נכון"", ""לא נכון""]",1,,,,,,
course_86_la_republique_platon,course_86_la_republique_platon_q1,mcq,איזו שאלה מרכזית מבקש אפלטון לפתור ברפובליקה?,"הרפובליקה מתחילה משאלה פשוטה: מהו צדק? כדי לענות על כך, סוקרטס מדמיין עיר אידיאלית.","[""מהו צדק?"", ""איך לנצח במלחמה?"", ""מהו מקור האלים?"", ""איך מחברים טרגדיה?""]",0,,,,,,
course_86_la_republique_platon,course_86_la_republique_platon_q2,mcq,כיצד מחלק אפלטון את נשמת האדם ברפובליקה?,"אפלטון מבחין בין תשוקה (אפיתומיה), אומץ לב (תומוס) ותבונה (לוגוס), אותם הוא מציב במקביל לשלושת המעמדות של העיר האידיאלית.","[""בשלושה חלקים: רצון, אומץ והיגיון"", ""בשני חלקים: גוף ונפש"", ""בארבעה יסודות טבעיים"", ""בחמישה חושים""]",0,,,,,,
course_86_la_republique_platon,course_86_la_republique_platon_q3,mcq,"מי צריך לשלוט בעיר האידיאלית, לפי אפלטון?","השליטים האידיאליים הם מלכים-פילוסופים, שהוכשרו זמן רב במתמטיקה ודיאלקטיקה, החיים ללא רכוש פרטי מוגזם.","[""המלכים-פילוסופים, שאוהבים אמת יותר מכוח"", ""האזרחים העשירים ביותר"", ""הלוחמים הטובים ביותר"", ""כוהני המקדש""]",0,,,,,,
course_86_la_republique_platon,course_86_la_republique_platon_q4,trueFalse,נכון או שקר: אפלטון סומך על הדמוקרטיה האתונאית כמשטר הטוב ביותר.,"אפלטון, להיפך, חושד בדמוקרטיה האתונאית, שלדבריו גינתה את סוקרטס, אדם צודק.","[""נכון"", ""לא נכון""]",1,,,,,,
course_86_la_republique_platon,course_86_la_republique_platon_q5,mcq,מה רואים האסירים הכבולים במיתוס המערה?,"אסירי המיתוס רואים רק צללים על קיר, וטוענים באשליות אלה במציאות היחידה שהם מכירים.","[""רק צללים מוטלים על קיר"", ""השמש ישירות"", ""פסלי אלים"", ""השתקפות משלהם במים""]",0,,,,,,
course_86_la_republique_platon,course_86_la_republique_platon_q6,mcq,"מה קורה כשאסיר משוחרר חוזר להזהיר את האחרים, במיתוס המערה?",האסיר המשוחרר שחוזר להודיע לשמש את מה שראה מטופל כמשוגע על ידי אלה שנותרו בשלשלאות.,"[""קוראים לו משוגע"", ""כולם מיד הולכים אחריו לכיוון היציאה"", ""הוא נקרא מלך המערה"", ""האחרים מודים לו ויוצאים איתו""]",0,,,,,,
course_86_la_republique_platon,course_86_la_republique_platon_q7,mcq,איזה פילוסוף מהמאה ה-20 מאשים את הרפובליקה בהכרזה על טוטליטריות?,"קרל פופר מאשים את הרפובליקה בפתיחת הדרך לטוטליטריות, בעוד שאחרים רואים בה יותר אוטופיה חינוכית.","[""קארל פופר"", ""זיגמונד פרויד"", ""ז'אן פול סארטר"", ""פרידריך ניטשה""]",0,,,,,,
course_86_la_republique_platon,course_86_la_republique_platon_q8,chronological,החזירו את המשטרים הפוליטיים הללו לסדר הניוון שתיאר אפלטון.,"אפלטון מתאר התדרדרות מתקדמת של משטרים, כל אחד נולד מהרשעות של הקודם, מאצולה לעריצות.",,,"[""אצולה"", ""טימוקרטיה"", ""אוליגרכיה"", ""דמוקרטיה"", ""עריצות""]",,,,,
course_86_la_republique_platon,course_86_la_republique_platon_q9,mcq,"על פי תורת הרעיונות, מה מייצג העולם ההגיוני שאנו תופסים?","עבור אפלטון, העולם ההגיוני הוא רק צל בהשוואה לעולם האידיאות, אותו ממחיש מיתוס המערה.","[""צל של העולם האמיתי של רעיונות"", ""המציאות היחידה שקיימת"", ""יצירה מושלמת של האלים"", ""חלום קולקטיבי חסר חשיבות""]",0,,,,,,
course_87_l_apologie_de_socrate_platon,course_87_l_apologie_de_socrate_platon_q1,numericSlider,באיזו שנה נשפט סוקרטס ונידון למוות באתונה?,"סוקרטס נשפט והורשע בשנת 399 לפני הספירה, משפט שהפך לזירת היסוד של הפילוסופיה המערבית.",,,,399.0,380.0,420.0,5.0,אב. מודעה
course_87_l_apologie_de_socrate_platon,course_87_l_apologie_de_socrate_platon_q2,mcq,במה מואשם סוקרטס במהלך משפטו?,סוקרטס מואשם בכך שלא כיבד את אלי העיר ובהשחתת הנוער בנאומיו.,"[""לא לכבד את אלי העיר ולהשחית את הצעירים"", ""על בגידה צבאית נגד אתונה"", ""גניבת רכוש ציבורי"", ""על העלבת שופט בפומבי""]",0,,,,,,
course_87_l_apologie_de_socrate_platon,course_87_l_apologie_de_socrate_platon_q3,trueFalse,"נכון או שקר: בבית המשפט, סוקרטס מתחנן לרחמים כדי לקבל חנינה מהשופטים.",סוקרטס מסרב לשחק את הנאשם החוזר בתשובה: הוא הופך את בית הדין לבחינה של העיר עצמה במקום להתחנן לרחמים.,"[""נכון"", ""לא נכון""]",1,,,,,,
course_87_l_apologie_de_socrate_platon,course_87_l_apologie_de_socrate_platon_q4,mcq,"מה מגלה האורקל של דלפי לסוקרטס, לפי חשבונו?","האורקל מדלפי קובע שאף אחד אינו חכם יותר מסוקרטס, אשר אז מבין שחוכמתו מורכבת מהידיעה שהוא לא יודע.","[""שאף אחד לא חכם ממנו"", ""שהוא חייב לברוח מאתונה"", ""שהוא יהפוך למלך"", ""שהוא חייב להפוך לסופיסט""]",0,,,,,,
course_87_l_apologie_de_socrate_platon,course_87_l_apologie_de_socrate_platon_q5,mcq,"איך קוראים לשיטת הדיאלוג של סוקרטס, בהשוואה ללידה?",מיאוטיקה סוקרטית משווה דיאלוג ללידה: יצירת מחשבות ברורות יותר אצל האחר באמצעות שאלות עוקבות.,"[""מילדות"", ""הדיאלקטיקה המטריאליסטית"", ""רטוריקה סופיסטית"", ""קתרזיס""]",0,,,,,,
course_87_l_apologie_de_socrate_platon,course_87_l_apologie_de_socrate_platon_q6,mcq,"מה סוקרטס מציע כעונש לאחר שנמצא אשם, ומכעיס את השופטים?","במקום גלות זהירה, סוקרטס מציע להאכיל את הפריטנאוס, פרובוקציה שגורמת לשופטים להצביע בעד מוות.","[""להאכיל בפריטנאום, כבוד השמור למיטיבים"", ""גלות מרצון מיידית"", ""קנס ששילם תלמידיו"", ""שנה של עבודות ציבוריות""]",0,,,,,,
course_87_l_apologie_de_socrate_platon,course_87_l_apologie_de_socrate_platon_q7,mcq,מי כתב את ההתנצלות של סוקרטס?,"ההתנצלות נכתבת על ידי אפלטון, תלמידו של סוקרטס, המתאר את משפטו של אדונו.","[""אפלטון, תלמידו"", ""סוקרטס בעצמו"", ""אריסטו"", ""קסנופון בלבד""]",0,,,,,,
course_87_l_apologie_de_socrate_platon,course_87_l_apologie_de_socrate_platon_q8,trueFalse,"נכון או לא נכון: בהתאם לקורס, סוקרטס מובחן בבירור מהסופיסטים, אם כי דעת הקהל לפעמים מבלבלת ביניהם.","הסופיסטים הם מורים בשכר לרטוריקה שמהם בולט סוקרטס, גם אם הדעה האתונאית נוטה לערבב ביניהם.","[""נכון"", ""לא נכון""]",0,,,,,,
course_88_la_poetique_aristote,course_88_la_poetique_aristote_q1,mcq,מה מבקש אריסטו לנתח בפואטיקה?,"הפואטיקה מנתחת טרגדיה ומבקשת להבין כיצד סיפור מייצר פחד ורחמים, ומדוע האפקט הזה גורם לנו להרגיש טוב.","[""איך טרגדיה יוצרת פחד ורחמים, ולמה היא גורמת לנו להרגיש טוב"", ""איך מחברים נאום פוליטי"", ""איך להקים עיר אידיאלית"", ""כיצד לנהל חקירה שיפוטית""]",0,,,,,,
course_88_la_poetique_aristote,course_88_la_poetique_aristote_q2,mcq,איך שם אריסטו לחיקוי האמנותי שהוא משקם לנוכח חוסר האמון של אפלטון בדימויים?,"אריסטו משקם מימזיס, חיקוי אמנותי, שאותו הוא משווה לדרך שבה ילד מחקה כדי להבין את העולם.","[""מימזיס"", ""מילדות"", ""הדיאלקטיקה"", ""היבריס""]",0,,,,,,
course_88_la_poetique_aristote,course_88_la_poetique_aristote_q3,trueFalse,"נכון או שקר: עבור אריסטו, הטרגדיה חייבת לכבד מעל הכל את הדיוק התיעודי של עובדות אמיתיות.","עבור אריסטו, הקריטריון אינו התיעודי האמיתי אלא הסביר וההכרחי, מה שהיה צריך לקרות בסיפור הזה.","[""נכון"", ""לא נכון""]",1,,,,,,
course_88_la_poetique_aristote,course_88_la_poetique_aristote_q4,mcq,מה המשמעות של קתרזיס לפי אריסטו?,"קתרזיס מתייחס לאופן שבו הטרגדיה מסדרת את השפעותינו של רחמים ופחד, גם אם המשמעות המדויקת של המונח נותרה שנויה במחלוקת.","[""סוג של טיהור של רגשות הרחמים והפחד"", ""תרגיל זיכרון לשחקנים"", ""טכניקת בימוי"", ""טקס דתי לפני ההופעה""]",0,,,,,,
course_88_la_poetique_aristote,course_88_la_poetique_aristote_q5,mcq,"לפי אריסטו, מה מהווה את לב הדרמה, יותר מהדמויות?","אריסטו מציב את המותוס, התככים, בלב הדרמה, ומעריך את ההרפתקה וההכרה יותר מאשר הדמויות עצמן.","[""המותוס, התככים"", ""התפאורה"", ""מוזיקת מקהלה"", ""תחפושת השחקנים""]",0,,,,,,
course_88_la_poetique_aristote,course_88_la_poetique_aristote_q6,mcq,איזה מחזה מביא אריסטו כדוגמה כוכבת לפריפטיה והכרה?,"אריסטו לוקח את אדיפוס המלך כדוגמה כוכבת: הגיבור מגלה מאוחר מדי מי הוא, בהיפוך מופתי.","[""אדיפוס המלך"", ""אנטיגונה"", ""הפרסים"", ""הצפרדעים""]",0,,,,,,
course_88_la_poetique_aristote,course_88_la_poetique_aristote_q7,mcq,איזה סוג גיבור מעדיף אריסטו לטרגדיה מוצלחת?,"אריסטו מעדיף טעות, המארטיה, על פני רשע טהור: הגיבור אינו טוב לחלוטין ואינו מפלצתי, מה שהופך את נפילתו להגיונית ואיומה.","[""גיבור שעושה טעות, לא טוב לגמרי ולא מפלצתי"", ""גיבור סגולה מושלם נענש ללא סיבה"", ""גיבור רשע לחלוטין שמקבל את עונשו"", ""גיבור נעדר מהפעולה המרכזית""]",0,,,,,,
course_88_la_poetique_aristote,course_88_la_poetique_aristote_q8,trueFalse,"נכון או לא נכון: לפי אריסטו, השירה אומרת את הפרטיקולרי בעוד שההיסטוריה אומרת את הכללי.","זה הפוך: אצל אריסטו, השירה מדברת על הכלל, בעוד שההיסטוריה מדברת על הפרטיקולרי.","[""נכון"", ""לא נכון""]",1,,,,,,
course_89_les_travaux_et_les_jours_hesiode,course_89_les_travaux_et_les_jours_hesiode_q1,mcq,אל מי פונה הסיוד את שירו פועלים וימים?,"השיר מופנה לפרס, אחיו של הסיוד, הנאשם בבגד בחלוקת ירושה.","[""לאחיו פרס"", ""לבתו"", ""למלך זר"", ""למוזה עצמה""]",0,,,,,,
course_89_les_travaux_et_les_jours_hesiode,course_89_les_travaux_et_les_jours_hesiode_q2,trueFalse,"נכון או לא נכון: בניגוד להומרוס, דמות מעורפלת, הסיוד מגלם את עצמו בשירו.","הסיוד מדבר על הכפר שלו, אביו שהגיע מאסיה הקטנה ומשפטו נגד פרס, קול אישי המנוגד לאנונימיות של הפייטן ההומרי.","[""נכון"", ""לא נכון""]",0,,,,,,
course_89_les_travaux_et_les_jours_hesiode,course_89_les_travaux_et_les_jours_hesiode_q3,mcq,מה עושה פרומתאוס במיתוס שסיפר הסיוד כדי להסביר את חומרת החיים?,"הסיוד מספר כי פרומתאוס גונב אש, מעשה שמביא לעונש אלוהי ועוזר להסביר את חומרת המצב האנושי.","[""הוא גונב את האש"", ""הוא יוצר את האנשים הראשונים בחימר"", ""הוא משחרר את הטיטאנים הכלואים"", ""הוא מתחתן עם פנדורה""]",0,,,,,,
course_89_les_travaux_et_les_jours_hesiode,course_89_les_travaux_et_les_jours_hesiode_q4,mcq,"מה משחרר הצנצנת של פנדורה, לפי המיתוס שסיפר הסיוד?",הצנצנת של פנדורה משחררת את הרעות שתקפו מאז את האנושות.,"[""הרעות שפוקדות את האנושות"", ""אוצרות לצדיקים"", ""האש שנגנבה על ידי פרומתאוס"", ""חמשת העידנים של האנושות""]",0,,,,,,
course_89_les_travaux_et_les_jours_hesiode,course_89_les_travaux_et_les_jours_hesiode_q5,mcq,"לפי חמשת העידנים של האנושות שתיאר הסיודוס, באיזה גיל אנו חיים?","הסיוד מציב את זמנו בתקופת הברזל, האחרונה והגרוע מחמשת העידנים, שבה הצדק מתערער.","[""תקופת הברזל, הגרועה ביותר, שבה הצדק מתנדנד"", ""תור הזהב, הכי מאושר"", ""עידן הכסף, שליו וארוך"", ""עידן הגיבורים, המפואר והצודק""]",0,,,,,,
course_89_les_travaux_et_les_jours_hesiode,course_89_les_travaux_et_les_jours_hesiode_q6,mcq,"איזה שיר אחר, המיוחס להסיוד, מספר על הולדת האלים?","התיאוגוניה, שיר נוסף של הסיוד, מספר על הולדת האלים, בעוד יצירות וימים יורדים מהשמים אל המחרשה.","[""תיאוגוניה"", ""האודיסאה"", ""הגיאורגים"", ""האיליאדה""]",0,,,,,,
course_89_les_travaux_et_les_jours_hesiode,course_89_les_travaux_et_les_jours_hesiode_q7,mcq,איזו התנגדות מוסרית מבנה את לב השיר?,"השיר מתנגד לדיקה, צדק, להיבריס, עודף יהיר: מלכים לא צודקים מאוימים על ידי זאוס, בעוד שלאיכר הישר יש סיכוי.","[""דיקה, צדק, נגד היבריס, עודף יהיר"", ""עושר מול עוני"", ""העיר מול הכפר"", ""נוער מול זקנה""]",0,,,,,,
course_89_les_travaux_et_les_jours_hesiode,course_89_les_travaux_et_les_jours_hesiode_q8,mcq,איזה משורר לטיני ישאב מאוחר יותר השראה מיצירות וימים בגיאורגיקה שלו?,"וירגיליוס יזכור את שירו של הסיוד בגיאורגיקה שלו, עוד טקסט פואטי גדול המוקדש לחיי החקלאות.","[""וירג'יל"", ""אובידיוס"", ""הוראס"", ""קיקרו""]",0,,,,,,
course_89_les_travaux_et_les_jours_hesiode,course_89_les_travaux_et_les_jours_hesiode_q9,trueFalse,"נכון או לא נכון: לפי הסיודוס, כל צורה של יריבות בין שכנים היא גרועה ויש להימנע ממנה.","הסיוד מבדיל בין אריס הטוב, יריבות שימושית שדוחפת אדם לעבוד טוב יותר, לבין אריס הרע, זו של שנאה ומשפט.","[""נכון"", ""לא נכון""]",1,,,,,,
course_8_la_chute_de_constantinople_1453,course_8_la_chute_de_constantinople_1453_q1,numericSlider,באיזו שנה נפלה קונסטנטינופול בידי העות'מאנים?,"קונסטנטינופול נפלה ב-29 במאי 1453, לאחר 53 ימי מצור.",,,,1453.0,1420.0,1480.0,3.0,
course_8_la_chute_de_constantinople_1453,course_8_la_chute_de_constantinople_1453_q2,mcq,מי הוביל את המצור והכיבוש של קונסטנטינופול ב-1453?,היה זה הסולטן העות'מאני הצעיר מהמד השני שהוביל את המצור ותפיסתה של העיר.,"[""הסולטן העות'מאני מהמד השני"", ""הקיסר הביזנטי קונסטנטינוס ה-11"", ""צלבנים של מסע הצלב הרביעי"", ""מלך צרפת שארל השביעי""]",0,,,,,,
course_8_la_chute_de_constantinople_1453,course_8_la_chute_de_constantinople_1453_q3,trueFalse,"נכון או שקר: לפני 1453, חומות תיאודוסיאן מעולם לא נכפו על ידי כדור הארץ במשך אלף שנים.","חומה משולשת זו מהמאה ה-5 התנגדה לכל התקפות יבשתיות במשך אלפי שנים, עד הארטילריה העות'מאנית של 1453.","[""נכון"", ""לא נכון""]",0,,,,,,
course_8_la_chute_de_constantinople_1453,course_8_la_chute_de_constantinople_1453_q4,mcq,מה החליש לתמיד את האימפריה הביזנטית לפני 1453?,"צלבנים נוצרים מהמערב בזזו את העיר בשנת 1204, והותירו את האימפריה הביזנטית ללא דם.","[""השקת קונסטנטינופול במסע הצלב הרביעי ב-1204"", ""מגיפת אבעבועות שחורות"", ""רעידת אדמה גדולה"", ""אובדן מצרים""]",0,,,,,,
course_8_la_chute_de_constantinople_1453,course_8_la_chute_de_constantinople_1453_q5,mcq,מה שמו של התותח הענק שעשה המייסד אורבן עבור מהמד השני?,"עירוני מחשל עבור מהמד השני תותח באורך 8 מטר הנקרא בזיליקה, המסוגל לירות כדורי תותח במשקל 600 ק""ג.","[""הבזיליקה"", ""הפצצה המלכותית"", ""הלוויתן"", ""ברטה הגדולה""]",0,,,,,,
course_8_la_chute_de_constantinople_1453,course_8_la_chute_de_constantinople_1453_q6,numericSlider,כמה מגינים עמד הקיסר הביזנטי האחרון קונסטנטינוס ה-11 מול העות'מאנים?,"מול עשרות אלפי עות'מאנים, לקונסטנטין ה-11 היו רק כ-7,000 מגנים.",,,,7000.0,1000.0,15000.0,1000.0,מגינים
course_8_la_chute_de_constantinople_1453,course_8_la_chute_de_constantinople_1453_q7,chronological,שים את האירועים הללו של נפילת קונסטנטינופול בסדר כרונולוגי.,"ארבעת השלבים הללו עוברים מ-1204 עד 1453: היחלשות ביזנטיון, עלייתו לשלטון של מחמד השני, המצור, ואז הנפילה.",,,"[""הוצאת העיר על ידי מסע הצלב הרביעי"", ""הצטרפותו של מהמד השני כסולטן"", ""תחילתו של המצור העות'מאני"", ""כיבוש העיר והפיכתה לבירה עות'מאנית""]",,,,,
course_8_la_chute_de_constantinople_1453,course_8_la_chute_de_constantinople_1453_q8,mcq,מה קרה לאגיה סופיה לאחר כיבוש העיר?,מהמד השני המיר את איה סופיה הגדולה למסגד לאחר הכיבוש.,"[""מסגד"", ""ארמון אימפריאלי עות'מאני"", ""ספריה"", ""היא נהרסה""]",0,,,,,,
course_8_la_chute_de_constantinople_1453,course_8_la_chute_de_constantinople_1453_q9,mcq,מהי אחת ההשלכות האירופיות של נפילת קונסטנטינופול?,"על ידי מיסוי כבד על הנתיבים המזרחיים, העות'מאנים דחפו את פורטוגל וספרד לחפש את האוקיינוס האטלנטי, ופתחו את הדרך לתגליות הגדולות.","[""כשנתיבים למזרח חסומים, אירופה מחפשת נתיבים אחרים לאסיה"", ""אנגליה מספחת את יוון"", ""האפיפיור מעביר את בירתו לקונסטנטינופול"", ""האימפריה הרומית המערבית נולדת מחדש""]",0,,,,,,
course_90_medee_euripide,course_90_medee_euripide_q1,mcq,מדוע ג'ייסון עוזב את מדיאה בקורינתוס?,"בקורינתוס, ג'ייסון נוטש את מדיאה כדי להתחתן עם בת המלך, מה שמעורר את נקמתה של מדיאה.","[""להתחתן עם בתו של מלך קורינתוס"", ""כי היא איבדה את כוחות הקסם שלה"", ""כי האלים דורשים את זה"", ""לחזור לקולכיס לבד""]",0,,,,,,
course_90_medee_euripide,course_90_medee_euripide_q2,mcq,מה הביאה מדיאה לג'ייסון לפני שהתגרש ממנה?,"ללא הלחשים של מדיאה, ג'ייסון לעולם לא היה משיג את גיזת הזהב: אוריפידס מתעקש על חוסר הכרת הטוב של האדם ה""מתורבת"".","[""עזרתו הקסומה בהשגת גיזת הזהב"", ""הון אישי לא מבוטל"", ""צבא לכבוש את קורינתוס"", ""ממלכה בקולכיס""]",0,,,,,,
course_90_medee_euripide,course_90_medee_euripide_q3,trueFalse,"נכון או לא נכון: בעיני היוונים מדיאה נחשבת לברברית, זרה לעולם ההלני.","מדיאה מגיעה מקולצ'יס, מחוץ לעולם היווני, ומעמד זה כזר הופך למרכזי כאשר ג'ייסון דוחה אותה.","[""נכון"", ""לא נכון""]",0,,,,,,
course_90_medee_euripide,course_90_medee_euripide_q4,mcq,כיצד אוריפידס מייצג את החלטתה של מדיאה להרוג את ילדיה?,"מדיאה מהססת, אבל החלטתה להרוג את ילדיה מוסברת בנאום צלול: זה לא מעשה שקט של טירוף.","[""כמו בחירה ברורה, המוצגת בנאום מהורהר"", ""כמו תאונה לגמרי לא מכוונת"", ""כמו פקודה ישירה מהאלים"", ""כמו מעשה שמיד התחרט ובטל""]",0,,,,,,
course_90_medee_euripide,course_90_medee_euripide_q5,mcq,איך מסתיים המחזה עבור מדיאה?,"דאוס אקס מכינה מאפשרת למדיאה לברוח על מרכבה מכונפת שנשלחה על ידי סבה השמש, ללא עונש מיידי.","[""היא בורחת על מרכבה מכונפת ששלח סבה השמש"", ""זה מוצא להורג בפומבי בקורינתוס"", ""היא מתאבדת כמו יוקסטה באדיפוס המלך"", ""היא נסלחת על ידי ג'ייסון ונשארת בקורינתוס""]",0,,,,,,
course_90_medee_euripide,course_90_medee_euripide_q6,trueFalse,"נכון או לא נכון: בהתאם למהלך, אוריפידס בבירור מנסה לתרץ את הפעולה של מדיאה.","אוריפידס אינו מתרץ רצח תינוקות, אך הוא מכריח את הקהל לשמוע את קולו של מי שמבצע אותו.","[""נכון"", ""לא נכון""]",1,,,,,,
course_90_medee_euripide,course_90_medee_euripide_q7,mcq,"כיצד נחשב אוריפידס ל""מודרני"" ביותר מבין שלושת הטרגדיות היווניות הגדולות?","לצד אייסכילוס וסופוקלס, אוריפידס חוקר את פנימיותן של דמויות המפקפקות וסותרות את עצמן, מה שגורם לו לקרוא כגאון פסיכולוגי.","[""הוא חוקר את פנימיותן של דמויות שמפקפקות וסותרות את עצמן"", ""הוא נמנע מכל דיאלוג לטובת פעולה טהורה"", ""הוא נוטש את הפזמון בכל יצירותיו"", ""הוא מסרב לנושאים מיתולוגיים""]",0,,,,,,
course_90_medee_euripide,course_90_medee_euripide_q8,mcq,"מעבר לנקמה אישית נגד ג'ייסון, מה מדיאה הורסת גם על ידי הריגת ילדיה, לפי הקורס?","על ידי השמדת השושלת שלה, מדיאה פוגעת גם בעתידה של העיר, מחיר פוליטי שהקורס מדגיש.","[""עתיד השושלת, עם מחיר פוליטי לעיר"", ""המוניטין של קורינתוס בחו\""ל"", ""כס המלכות של קולכיס"", ""מקדש אפולו""]",0,,,,,,
course_91_les_miserables_victor_hugo,course_91_les_miserables_victor_hugo_q1,mcq,על איזה פשע נידון ז'אן ולז'אן למאסר לתשע-עשרה שנים?,ולז'אן מורשע בגניבת פרוסת לחם ומבלה תשע עשרה שנים בכלא לפני שחרורו.,"[""גניבה של חתיכת לחם"", ""הונאה פיננסית"", ""התקפה מזוינת"", ""עריקה צבאית""]",0,,,,,,
course_91_les_miserables_victor_hugo,course_91_les_miserables_victor_hugo_q2,mcq,מי מציע לוולז'אן הזדמנות שנייה בכך שהוא גורם לו להאמין שקיבל את כלי הכסף שלו במתנה?,"הבישוף מיריאל מציע לז'אן הזדמנות שנייה בכך שהוא נותן לו להאמין שקיבל את כלי הכסף שלו במתנה, במקום לדווח עליו על גניבה.","[""הבישוף מיריאל"", ""המפקח ג'ברט"", ""פאנטין"", ""קוזט""]",0,,,,,,
course_91_les_miserables_victor_hugo,course_91_les_miserables_victor_hugo_q3,mcq,באיזו זהות הופך ולז'אן לראש עיר ותעשיין פילנתרופי?,"תחת זהותו של מסייה מדלן, ולז'אן הופך לראש עיר פילנתרופי, לפני שג'אוורט בסופו של דבר מזהה אותו.","[""מר מדלן"", ""מר ת'נרדייה"", ""מר ג'ברט"", ""מר מיריאל""]",0,,,,,,
course_91_les_miserables_victor_hugo,course_91_les_miserables_victor_hugo_q4,trueFalse,נכון או שקר: המפקח ג'ברט מגלם ברומן צדק חסר רחמים שצד ללא הפוגה את ולז'אן.,"ג'ברט מייצג צדק בלתי גמיש, שאינו מסוגל ליישב חוק וחסד, מה שיוביל אותו להתאבדות.","[""נכון"", ""לא נכון""]",0,,,,,,
course_91_les_miserables_victor_hugo,course_91_les_miserables_victor_hugo_q5,mcq,מדוע פנטין שוקעת בעוני?,"פאנטין מתרוששת ומקריבה את עצמה כדי לשלם את הפנסיה של בתה קוזט, שנותרה בידיהם של בני הזוג ת'נרדיירים.","[""לשלם את הפנסיה של בתו קוזט, שהופקדה בידי הת'נרדיירים"", ""לממן את לימודי אחיו"", ""כדי לשלם חוב הימורים"", ""לברוח מהמשטרה לאחר גניבה""]",0,,,,,,
course_91_les_miserables_victor_hugo,course_91_les_miserables_victor_hugo_q6,mcq,איזה אירוע היסטורי פריזאי מבנה את שיאו של הרומן?,"הסיפור עובר לפריז עם המרד של יוני 1832, בהנהגת הנוער הרפובליקאי של ידידי ה-ABC.","[""המרד הרפובליקאי של יוני 1832"", ""סערת הבסטיליה"", ""הכתרת נפוליאון"", ""הקומונה של פריז""]",0,,,,,,
course_91_les_miserables_victor_hugo,course_91_les_miserables_victor_hugo_q7,mcq,"מי מת על המתרס, והופך לסמל של התמימות שהוקרבה?","גברוצ'ה, ילד רחוב, מת על המתרס והופך לסמל התמימות שהוקרבה על ידי אלימות ההיסטוריה.","[""Gavroche"", ""מריוס"", ""קוזט"", ""ג'ברט""]",0,,,,,,
course_91_les_miserables_victor_hugo,course_91_les_miserables_victor_hugo_q8,trueFalse,"נכון או לא נכון: המפקח ג'אברט מתאבד בסופו של דבר, לא מסוגל ליישב חוק וחסד לאחר שניצל על ידי ולז'אן.","ניצל על ידי ולז'אן, ג'ברט לא יכול ליישב את זיקתו לחוק עם החסד שקיבל זה עתה, ומתאבד.","[""נכון"", ""לא נכון""]",0,,,,,,
course_91_les_miserables_victor_hugo,course_91_les_miserables_victor_hugo_q9,chronological,עשה סדר בשלבים האלה של הסיפור של Les Miserables.,"הוגו התחיל את הרומן ב-1845, לקח את כתב היד בגלות לאחר ההפיכה של 1851, לפני שהספר הופיע בבריסל ב-1862.",,,"[""הוגו מתחיל לכתוב את הרומן תחת הכותרת \""Les Misères\"""", ""ההפיכה קוטעת ואז מתחילה לכתוב מחדש בגלות"", ""הרומן סוף סוף מופיע בבריסל""]",,,,,
course_91_les_miserables_victor_hugo,course_91_les_miserables_victor_hugo_q10,numericSlider,"באיזו שנה פורסם סוף סוף עלובי החיים, לאחר שבע עשרה שנות עבודה?","Les Miserables הופיע ב-1862 בבריסל, לאחר שבע עשרה שנות עבודה החל מ-1845.",,,,1862.0,1840.0,1880.0,3.0,
course_92_madame_bovary_flaubert,course_92_madame_bovary_flaubert_q1,mcq,מי היא המחברת של מאדאם בובארי?,"גוסטב פלובר פרסם את מאדאם בובארי בשנת 1857, ומציין את הולדתו של הריאליזם המודרני.","[""גוסטב פלובר"", ""סטנדל"", ""אונורה דה בלזק"", ""אמיל זולה""]",0,,,,,,
course_92_madame_bovary_flaubert,course_92_madame_bovary_flaubert_q2,mcq,עם מי אמה מתחתנת בתחילת הרומן?,"אמה מתחתנת עם צ'רלס בובארי, רופא פרובינציאלי ישר אך משעמם, איתו היא מתיישבת ביונוויל.","[""צ'ארלס בובארי, רופא פרובינציאלי"", ""רודולף, בעלים עשיר"", ""לאון, פקיד נוטריון"", ""הומאיס, הרוקח""]",0,,,,,,
course_92_madame_bovary_flaubert,course_92_madame_bovary_flaubert_q3,mcq,"איזה תהליך סיפורי ממציא פלובר ברומן זה, מערבב את קולו של המספר עם זה של דמות ללא מרכאות?","פלובר ממציא את הסגנון הבלתי ישיר החופשי: קולו של המספר מתמזג עם זה של אמה, תוך שמירה על ריחוק אירוני.","[""הסגנון הבלתי ישיר החופשי"", ""המונולוג הפנימי"", ""הסיפור האפיסולירי"", ""קריינות בגוף ראשון""]",0,,,,,,
course_92_madame_bovary_flaubert,course_92_madame_bovary_flaubert_q4,trueFalse,נכון או שקר: פלובר הורשע במהלך משפטו ב-1857 עבור מאדאם בובארי.,"פלובר זוכה מאשמה של ""זעם על המוסר הציבורי"" ב-1857.","[""נכון"", ""לא נכון""]",1,,,,,,
course_92_madame_bovary_flaubert,course_92_madame_bovary_flaubert_q5,mcq,"מה דוחף את אמה לעבר חלומות וניאוף, לפי הרומן?","אמה, שגדלה במנזר עם רומנים סנטימנטליים, מבלבלת בין החיים האמיתיים לבין הסיפורת שהיא קראה, מה שמזין את חוסר שביעות הרצון שלה.","[""הרומנים הסנטימנטליים שהיא קראה במנזר"", ""העצה של אמה"", ""השאיפה הפוליטית שלו"", ""התשוקה שלו לציור""]",0,,,,,,
course_92_madame_bovary_flaubert,course_92_madame_bovary_flaubert_q6,mcq,מי דוחף את אמה לחובות על ידי מכירת הסחורה שלה באשראי?,"הסוחר Lheureux דוחף את אמה להיכנס ליותר ויותר חובות, עד לחורבן הכלכלי של בני הזוג.","[""הסוחר Lheureux"", ""דוקטור צ'ארלס"", ""רוקח הומייס"", ""הכומר לאון""]",0,,,,,,
course_92_madame_bovary_flaubert,course_92_madame_bovary_flaubert_q7,mcq,איך אמה מתאבדת בסוף הרומן?,"אמה מתאבדת עם הארסן שהיא גונבת מבית המרקחת הומאיס, בלי יכולת להתמודד עם חובותיה והתפכחותה.","[""היא בולעת ארסן שנגנב מבית המרקחת Homais"", ""הוא זורם לתוך הסיין"", ""היא מתה מצער"", ""היא נהרגת על ידי צ'ארלס""]",0,,,,,,
course_92_madame_bovary_flaubert,course_92_madame_bovary_flaubert_q8,numericSlider,כמה שנים בילה פלובר בכתיבת מאדאם בובארי?,"פלובר בודד את עצמו בקרואסט והקדיש חמש שנים, מ-1851 עד 1856, לכתיבת הרומן הזה.",,,,5.0,1.0,12.0,1.0,שנים
course_92_madame_bovary_flaubert,course_92_madame_bovary_flaubert_q9,mcq,איזה מונח טבע הפילוסוף ז'ול דה גוטייה כדי לציין את חוסר שביעות הרצון הכרוני של אמה?,"ז'ול דה גוטייה טבע את המונח ""בובארייזם"" כדי לציין את חוסר שביעות הרצון של מי שמעדיף פנטזיה על מציאות.","[""בובארייזם"", ""רומנטיקה"", ""העצב"", ""האבסורד""]",0,,,,,,
course_93_le_rouge_et_le_noir_stendhal,course_93_le_rouge_et_le_noir_stendhal_q1,mcq,"מיהו המחבר של Le Rouge et le Noir, ששמו האמיתי הוא אנרי בייל?","סטנדל, ששמו האמיתי היה אנרי בייל, פרסם את Le Rouge et le Noir ב-1830.","[""סטנדל"", ""אונורה דה בלזק"", ""גוסטב פלובר"", ""ויקטור הוגו""]",0,,,,,,
course_93_le_rouge_et_le_noir_stendhal,course_93_le_rouge_et_le_noir_stendhal_q2,mcq,"מהו מקורו החברתי של ז'וליאן סורל, גיבור הרומן?","לג'וליאן סורל, בנו של נגר מבוזה, יש אינטליגנציה נדירה וחולם לעלות בחברה סגורה בפניו.","[""בן של נגר, הוא רוצה לעלות בחברה"", ""בן של אציל הרוס"", ""בן של סוחר עשיר"", ""בנו של גנרל נפוליאון""]",0,,,,,,
course_93_le_rouge_et_le_noir_stendhal,course_93_le_rouge_et_le_noir_stendhal_q3,mcq,מה מסמלים האדום והשחור בכותרת?,"האדום של המדים הצבאיים והשחור של הלבוש הכנסייתי היו, תחת הרסטורציה, גורמי הכוח היחידים לפשוטי העם המשכיל.","[""המדים הצבאיים והלבוש הכנסייתי, הדרכים היחידות להתעלות לפשוטי העם"", ""דם ואבל"", ""תשוקה ומוות"", ""צבעי הרסטורציה""]",0,,,,,,
course_93_le_rouge_et_le_noir_stendhal,course_93_le_rouge_et_le_noir_stendhal_q4,trueFalse,"נכון או לא נכון: סטנדל מכנה את הסגנון היבש והבלתי מודגש שלו ""בייליזם"".","סטנדל טוען לסגנון יבש שהושפע מהקריירה הצבאית שלו, שהוא עצמו מכנה בייליזם.","[""נכון"", ""לא נכון""]",0,,,,,,
course_93_le_rouge_et_le_noir_stendhal,course_93_le_rouge_et_le_noir_stendhal_q5,mcq,עבור מי ז'וליאן הופך למורה בווריירס?,"ז'וליאן נכנס לסמינר ואז הפך למורה לילדים של מר וגברת דה רנל, בווריירס.","[""אצל משפחתו של רנל"", ""במרקיז דה לה מולה"", ""אצל הבישוף של בזנסון"", ""בביתו של סוחר עשיר""]",0,,,,,,
course_93_le_rouge_et_le_noir_stendhal,course_93_le_rouge_et_le_noir_stendhal_q6,mcq,"בפריז, את מי מפתה ז'וליאן לשירות המרקיז דה לה מולה?","ז'וליאן הופך למזכירו של המרקיז דה לה מול ומפתה את בתו מתילדה, אריסטוקרטית גאה שאוהבת סכנה.","[""מתילד דה לה מול"", ""גברת דה רנל"", ""שחקנית פריזאית"", ""בת של שר""]",0,,,,,,
course_93_le_rouge_et_le_noir_stendhal,course_93_le_rouge_et_le_noir_stendhal_q7,mcq,מה גורם לנפילתו הסופית של ג'וליאן?,"בזמן שג'וליאן מתכונן להתחתן עם מתילד, מכתב ממדאם דה רנל חושף את שקרי העבר שלו ושובר את עלייתו.","[""מכתב מאת מאדאם דה רנל המגנה את שקריה"", ""מגלים את מקורותיו"", ""חוב הימורים שלא שולם"", ""דו קרב אבוד מול יריבה""]",0,,,,,,
course_93_le_rouge_et_le_noir_stendhal,course_93_le_rouge_et_le_noir_stendhal_q8,mcq,איזה סיפור חדשותי אמיתי העניק השראה לעלילה של הרומן?,"סטנדל שואב השראה מהמקרה של אנטואן ברטה, סמינר שנידון למוות ב-1827.","[""פרשת אנטואן ברטה, סמינר נידון למוות"", ""משפטו של פלובר"", ""ההתנקשות בדוכס ברי"", ""פרשת דלפין דלמאר""]",0,,,,,,
course_93_le_rouge_et_le_noir_stendhal,course_93_le_rouge_et_le_noir_stendhal_q9,numericSlider,"באיזו שנה יצא לאור ""האדום והשחור""?","הרומן הופיע ב-1830, זמן קצר לפני הטרויה גלוריוס.",,,,1830.0,1810.0,1840.0,3.0,
course_93_le_rouge_et_le_noir_stendhal,course_93_le_rouge_et_le_noir_stendhal_q10,trueFalse,"נכון או לא נכון: מול המוות, ג'וליאן מכפיל את מאמציו להימלט מהפיגום בתחבולות.","בכלא, ג'וליאן מפסיק לחשב: מול המוות הוא מסרב להציל את ראשו באמצעות תככים ומקבל את גורלו.","[""נכון"", ""לא נכון""]",1,,,,,,
course_94_candide_voltaire,course_94_candide_voltaire_q1,mcq,מי המחבר של קנדיד?,"וולטייר פרסם את Candide ou l'Optimisme בשנת 1759, יצירת מופת של סיפור פילוסופי.","[""וולטייר"", ""דידרו"", ""רוסו"", ""מונטסקייה""]",0,,,,,,
course_94_candide_voltaire,course_94_candide_voltaire_q2,mcq,איזה אירוע אמיתי בשנת 1755 זעזע את וולטייר והניע את הכתיבה של קנדיד?,"רעידת האדמה בליסבון ב-1 בנובמבר 1755, שבה נהרגו כ-60,000 בני אדם, ריסקה את ביטחונו של וולטייר בעולם מסודר לחלוטין.","[""רעידת האדמה בליסבון"", ""המהפכה הצרפתית"", ""מלחמת שבע השנים"", ""התפרצות וזוב""]",0,,,,,,
course_94_candide_voltaire,course_94_candide_voltaire_q3,mcq,איזו תיאוריה פילוסופית תוקף וולטייר דרך דמותו של פנגלוס?,פנגלוס היא קריקטורה של לייבניץ: וולטייר תוקף את הרעיון שכל רוע הוא מצבו של טוב עליון.,"[""האופטימיות של לייבניץ"", ""הספקנות של מונטן"", ""הרציונליזם של דקארט"", ""האמפיריות של לוק""]",0,,,,,,
course_94_candide_voltaire,course_94_candide_voltaire_q4,trueFalse,"נכון או לא נכון: לפי פנגלוס, לכל אירוע, אפילו נורא, יש סיבה מועילה.","פנגלוס טוענת שלכל אירוע, זוועתי ככל שיהיה, יש סיבה מועילה, ומרחיקה לכת עד כדי טענה שעגבת חיונית לשוקולד.","[""נכון"", ""לא נכון""]",0,,,,,,
course_94_candide_voltaire,course_94_candide_voltaire_q5,mcq,למה קנדיד גורפת מהטירה בתחילת הסיפור?,"קנדיד נסלק מהטירה בגלל שאהבה את קונגונדה, בתו של הברון, מה שמעורר את שיטוטו ברחבי העולם.","[""כי הוא אוהב את Cunégonde"", ""כי הוא העליב את הברון"", ""כי הוא גויס בכפייה"", ""כי הוא בגד בפנגלוס""]",0,,,,,,
course_94_candide_voltaire,course_94_candide_voltaire_q6,mcq,מה אלדורדו מדגים בסיפור?,"אלדורדו, אוטופיה דרום אמריקאית רציונלית, מוכיחה שאופטימיות יכולה לעבוד, אבל קנדיד עוזבת את הכל כדי למצוא את קונגונדה.","[""האופטימיות הזו יכולה לעבוד בחברה רציונלית"", ""הכסף הזה תמיד עושה אותך מאושר"", ""שדת חיונית לאושר"", ""המלחמה הזו הכרחית להתקדמות""]",0,,,,,,
course_94_candide_voltaire,course_94_candide_voltaire_q7,mcq,"מה דוחף את גורלו של ""הכושי מסורינם"", עבד שהושחת לסוכר אירופי, קנדיד לעשות?","מול העבד המום הזה, קנדיד סוף סוף מגדירה אופטימיות כ""הזעם לטעון שהכל טוב כשאדם רע"".","[""הגדירו אופטימיות כ\""הזעם לטעון שהכל טוב כשאנחנו רעים\"""", ""לנטוש את Cunégonde לצמיתות"", ""הצטרף לאינקוויזיציה"", ""חזרה לאלדורדו""]",0,,,,,,
course_94_candide_voltaire,course_94_candide_voltaire_q8,mcq,איזה משפט מפורסם מסיים את הסיפור?,"הסיפור מסתיים ב""עלינו לטפח את הגינה שלנו"": וולטייר נוטש את הספקולציות המטפיזיות לטובת פעולה קונקרטית.","[""\""אנחנו חייבים לטפח את הגינה שלנו\"""", ""\""הכל טוב שנגמר בטוב\"""", ""\""החיים הם חלום\"""", ""\""גיהנום זה אנשים אחרים\""""]",0,,,,,,
course_94_candide_voltaire,course_94_candide_voltaire_q9,numericSlider,באיזו שנה פורסם קנדיד?,"קנדיד הופיע ב-1759, ללא שם המחבר, ארבע שנים לאחר רעידת האדמה בליסבון.",,,,1759.0,1740.0,1780.0,3.0,
course_94_candide_voltaire,course_94_candide_voltaire_q10,trueFalse,נכון או לא נכון: קנדיד נאסר על ידי הפרלמנט של פריז אך עדיין מסתובב בחשאי.,"למרות האיסור על ידי הפרלמנט של פריז, הסיפור הופץ מתחת לאדמה, עם יותר מ-20,000 עותקים בשנה הראשונה.","[""נכון"", ""לא נכון""]",0,,,,,,
course_95_les_confessions_rousseau,course_95_les_confessions_rousseau_q1,mcq,מיהו מחבר הווידויים?,"ז'אן-ז'אק רוסו כתב את הווידויים, שפורסם לאחר מותו בין 1782 ל-1789.","[""ז'אן ז'אק רוסו"", ""וולטייר"", ""דידרו"", ""שאטובריאנד""]",0,,,,,,
course_95_les_confessions_rousseau,course_95_les_confessions_rousseau_q2,mcq,איזה ז'אנר ספרותי המציאו The Confessions?,"הווידויים מסמנים את לידתה של האוטוביוגרפיה המודרנית: ה""אני"" הופך למושא חקירה ספרותית.","[""אוטוביוגרפיה מודרנית"", ""הרומן האפיסטולרי"", ""הסיפור הפילוסופי"", ""הטרגדיה הקלאסית""]",0,,,,,,
course_95_les_confessions_rousseau,course_95_les_confessions_rousseau_q3,mcq,"לפי האמנה האוטוביוגרפית של רוסו, מדוע הוא מספר את סיפור חייו?","רוסו כותב: ""אני מקים חברה שמעולם לא הייתה לה דוגמה""; הוא מספר את חייו למענם, לא כדי לפאר את ההיסטוריה.","[""לעצמה, לא להאדיר את ההיסטוריה באמצעותה"", ""להוקיע את אויביו הפוליטיים"", ""לקבל סליחה מהכנסייה"", ""לחנך אצילים צעירים""]",0,,,,,,
course_95_les_confessions_rousseau,course_95_les_confessions_rousseau_q4,trueFalse,"נכון או שקר: כמו בווידויים של אוגוסטינוס, שופט ההודאה נשאר אלוהים ברוסו.","בניגוד לאוגסטינוס, השופט אינו עוד אלוהים אלא הקורא: רוסו מחילן את הווידוי וממציא את האותנטיות כערך העליון.","[""נכון"", ""לא נכון""]",1,,,,,,
course_95_les_confessions_rousseau,course_95_les_confessions_rousseau_q5,mcq,איזה כינוי נותן רוסו למאדאם דה וורנס?,"רוסו מכנה את מאדאם דה וורנס ""מאמא"", מערכת יחסים שמציינת היטב את נעוריו.","[""\""אמא\"""", ""\""המוזה שלי\"""", ""\""הנדיבה שלי\"""", ""\""אחותי\""""]",0,,,,,,
course_95_les_confessions_rousseau,course_95_les_confessions_rousseau_q6,mcq,מה רוסו מתוודה על חמשת ילדיו?,"רוסו מודה שהפקיר את חמשת ילדיו ל""מפונדלינגס"", הודאה כואבת בלב מפעל הכנות שלו.","[""הוא נטש אותם ל-Foundlings"", ""הוא שלח אותם ללמוד בחו\""ל"", ""הוא הפקיד אותם בידי אחותו"", ""הוא התנער מהם בפומבי""]",0,,,,,,
course_95_les_confessions_rousseau,course_95_les_confessions_rousseau_q7,mcq,"מי חשף בפומבי, בחוברת אנונימית, את נטישת ילדיו של רוסו?","וולטייר חושף בחוברת אנונימית את נטישת ילדיו של רוסו, מה שמאלץ אותו לעשות וידוי פומבי בווידויים.","[""וולטייר"", ""דידרו"", ""ד'אלמברט"", ""הבישוף של פריז""]",0,,,,,,
course_95_les_confessions_rousseau,course_95_les_confessions_rousseau_q8,mcq,"איזה תפקיד ממלא הטבע ב""וידויים""?","עבור רוסו, הנוף הופך למראה של רגישות חדשה, שתהפוך לבסיס הרומנטיקה.","[""הוא הופך למראה של רגישות חדשה, במקור הרומנטיקה"", ""זה משמש כקישוט פשוט וחסר חשיבות."", ""זה רק מסמל עונש אלוהי"", ""זה מייצג את הציוויליזציה העירונית""]",0,,,,,,
course_95_les_confessions_rousseau,course_95_les_confessions_rousseau_q9,trueFalse,נכון או לא נכון: הווידויים פורסמו במהלך חייו של רוסו.,"הווידויים פורסמו לאחר מותו, בין 1782 ל-1789, לאחר מותו של רוסו ב-1778.","[""נכון"", ""לא נכון""]",1,,,,,,
course_96_l_etranger_camus,course_96_l_etranger_camus_q1,mcq,מי המחבר של הזר?,"אלבר קאמי פרסם את ""הזר"" ב-1942, הרומן הראשון שלו.","[""אלבר קאמי"", ""ז'אן פול סארטר"", ""אנדרה מלרו"", ""ז'ורז' ברנאנוס""]",0,,,,,,
course_96_l_etranger_camus,course_96_l_etranger_camus_q2,mcq,"מה תפקידו של מירסו, המספר של הרומן?","Meursault הוא עובד משרד באלג'יר, שאדישותו למוסכמות מובילה לנפילתו.","[""עובד משרד באלג'יר"", ""רופא קולוניאלי"", ""פרופסור לפילוסופיה"", ""עורך דין""]",0,,,,,,
course_96_l_etranger_camus,course_96_l_etranger_camus_q3,mcq,"מה מורסו מסרב לעשות, בהלוויה של אמו וביחסיו עם מארי?","מורסו מסרב לשקר לגבי רגשותיו, חי את ההווה ואת תחושותיו הפיזיות יותר מהמוסר המצופה.","[""משקר לגבי הרגשות שלך"", ""השתתף באירועים חשובים"", ""דבר על העבר שלך"", ""עזוב את אלג'יר""]",0,,,,,,
course_96_l_etranger_camus,course_96_l_etranger_camus_q4,mcq,באילו נסיבות הורג Meursault אדם על החוף?,"מסונוור מהשמש על החוף, מירסו יורה באדם במחווה שהרומן מציג כצירוף מקרים טרגי, ללא שנאה או נקמה.","[""מסונוור מהשמש, במחווה ללא שנאה או נקמה"", ""לנקום בחבר"", ""במהלך טיסה כושלת"", ""במקרה, תוך כדי טיפול בנשק""]",0,,,,,,
course_96_l_etranger_camus,course_96_l_etranger_camus_q5,mcq,במה מאשימה התובעת גם את מירסו במהלך המשפט?,התובע מאשים את Meursault בכך ששתה קפה au lait מול ארונה של אמו ושהלך לקולנוע יום לאחר ההלוויה.,"[""על שתיית קפה עם חלב מול הארון של אמו"", ""על איומים על שוטר"", ""על זה ששיקר לגבי זהותו"", ""להיות בעל עבר פלילי""]",0,,,,,,
course_96_l_etranger_camus,course_96_l_etranger_camus_q6,trueFalse,נכון או שקר: מורסו נידון רק על הרצח שביצע.,"החברה מגנה במיוחד את Meursault על סירובו לטקסים קולקטיביים, כאילו קבר את אמו ""בלבו של פושע"".","[""נכון"", ""לא נכון""]",1,,,,,,
course_96_l_etranger_camus,course_96_l_etranger_camus_q7,mcq,איזה מושג פילוסופי מכניס הרומן לספרות?,הזר מכניס לבדיה את האבסורד בקאמי: הגירושים בין הערעור שלנו על המשמעות לבין שתיקת העולם.,"[""האבסורד בקאמי"", ""אקזיסטנציאליזם סרטריאני"", ""ניהיליזם ניטשיאני"", ""סטואיות עתיקה""]",0,,,,,,
course_96_l_etranger_camus,course_96_l_etranger_camus_q8,trueFalse,"נכון או שקר: עבור קאמי, האבסורד חייב להוביל לניהיליזם ולוויתור.","עבור קאמי, האבסורד אינו מוביל לניהיליזם אלא למרד: מדובר בחיים למרות היעדר משמעות.","[""נכון"", ""לא נכון""]",1,,,,,,
course_96_l_etranger_camus,course_96_l_etranger_camus_q9,numericSlider,באיזה גיל קיבל קאמי את פרס נובל לספרות?,"קאמי קיבל את פרס נובל לספרות ב-1957, בגיל 44.",,,,44.0,30.0,60.0,3.0,שנים
course_96_l_etranger_camus,course_96_l_etranger_camus_q10,mcq,"איזה סופר אלג'יראי בן זמננו קורא מחדש את הזר מנקודת מבטו של הקורבן האלמוני, ב""Meursault, חקירה נגדית""?","כאמל דאוד קורא מחדש את הזר מנקודת מבטו של הקורבן האלמוני ברומן שלו ""Meursault, contre-investigation"".","[""כאמל דאוד"", ""יסמינה חדרה"", ""אסיה ג'באר"", ""קטב יאסין""]",0,,,,,,
course_97_le_mythe_de_sisyphe_camus,course_97_le_mythe_de_sisyphe_camus_q1,mcq,מיהו המחבר של המיתוס של סיזיפוס?,"אלבר קאמי פרסם את המיתוס של סיזיפוס ב-1942, חיבור מכונן על המחשבה על האבסורד.","[""אלבר קאמי"", ""ז'אן פול סארטר"", ""סימון דה בובואר"", ""עמנואל לוינס""]",0,,,,,,
course_97_le_mythe_de_sisyphe_camus,course_97_le_mythe_de_sisyphe_camus_q2,mcq,באיזו אמירה מפורסמת פותח קאמי את החיבור שלו?,קאמי פותח את חיבורו בטענה שהבעיה הפילוסופית הרצינית היחידה היא לשפוט האם שווה לחיות את החיים.,"[""\""יש רק בעיה פילוסופית רצינית אחת, והיא התאבדות\"""", ""\""גיהנום זה אנשים אחרים\"""", ""\""אלוהים מת\"""", ""\""קיום קודם למהות\""""]",0,,,,,,
course_97_le_mythe_de_sisyphe_camus,course_97_le_mythe_de_sisyphe_camus_q3,mcq,"היכן שוכן האבסורד, לפי קאמי?","עבור קאמי, האבסורד אינו בעולם ולא באדם בלבד, אלא בהתמודדות ביניהם: המוח שואף לסדר, העולם שותק.","[""בעימות בין השאיפה האנושית לסדר לבין שתיקת העולם"", ""רק במוח האנושי"", ""רק בכאוס של העולם שבחוץ"", ""בהיעדר מוחלט של שכל באדם""]",0,,,,,,
course_97_le_mythe_de_sisyphe_camus,course_97_le_mythe_de_sisyphe_camus_q4,mcq,"מהי, לפי קאמי, התגובה האותנטית היחידה לאבסורד?","התגובה האותנטית היחידה היא מרד אבסורדי: עמידה מול שתיקת העולם, ללא נחמה או בריחה.","[""המרד האבסורדי"", ""התאבדות"", ""אמונה דתית"", ""אדישות מוחלטת""]",0,,,,,,
course_97_le_mythe_de_sisyphe_camus,course_97_le_mythe_de_sisyphe_camus_q5,trueFalse,"נכון או שקר: עבור קאמי, התאבדות פילוסופית מורכבת מבריחה לעבר האמונה או הלא-רציונלי.","התאבדות פילוסופית, או ""קפיצה"" לפי קירקגור, בורחת מהאבסורד לעבר האמונה או הלא רציונלי במקום להתעמת איתה.","[""נכון"", ""לא נכון""]",0,,,,,,
course_97_le_mythe_de_sisyphe_camus,course_97_le_mythe_de_sisyphe_camus_q6,mcq,"מדוע מוקיע סיזיפוס, במיתוס היווני שנלקח על ידי קאמי?","סיזיפוס, מלך קורינתוס, נידון לגלגל לנצח סלע לפסגה, משם הוא יורד תמיד בחזרה.","[""לגלגל לנצח סלע שתמיד יורד בחזרה"", ""לשאת את העולם על כתפיו"", ""לנדוד בלי סוף מהממלכה שלו"", ""להתמודד מול מפלצות ים""]",0,,,,,,
course_97_le_mythe_de_sisyphe_camus,course_97_le_mythe_de_sisyphe_camus_q7,mcq,באיזה רגע בדיוק מתעניין קאמי במיתוס של סיזיפוס?,קאמי מתעניין ברגע הירידה: סיזיפוס עדיף על גורלו כי הוא מודע לו לחלוטין.,"[""ברגע הירידה, כאשר סיזיפוס מודע לגורלו"", ""כאשר סיזיפוס דוחף את הסלע כלפי מעלה"", ""בזמן גינוי שלו על ידי האלים"", ""בזמן מותו""]",0,,,,,,
course_97_le_mythe_de_sisyphe_camus,course_97_le_mythe_de_sisyphe_camus_q8,mcq,איזה משפט מפורסם מסיים את החיבור?,"החיבור מסתיים ב""עלינו לדמיין את סיזיפוס מאושר"": אושר שנולד מתוך צלילות וקבלת המאבק.","[""\""אתה צריך לדמיין את סיזיפוס מאושר\"""", ""\""סיזיפוס הוא אדם נענש\"""", ""\""הסלע הוא קללה\"""", ""\""עלינו לברוח מההר\""""]",0,,,,,,
course_97_le_mythe_de_sisyphe_camus,course_97_le_mythe_de_sisyphe_camus_q9,mcq,על אילו מחזאים של תיאטרון האבסורד קאמי משפיע?,"המיתוס של סיזיפוס משפיע על תיאטרון האבסורד מאת סמואל בקט ויוג'ן יונסקו, שבו הדמויות מסתובבות בלופ.","[""סמואל בקט ויוג'ין יונסקו"", ""ז'אן רסין ומולייר"", ""ברטולט ברכט ואנטונין ארטו"", ""ז'אן אנויל וז'אן ז'ירו""]",0,,,,,,
course_98_a_la_recherche_du_temps_perdu_proust,course_98_a_la_recherche_du_temps_perdu_proust_q1,mcq,מי המחבר של בחיפוש אחר זמן אבוד?,מרסל פרוסט כתב בחיפוש אחר זמן אבוד בין 1913 ל-1927.,"[""מרסל פרוסט"", ""אנדרה ז'יד"", ""מרסל פגנול"", ""אנטול צרפת""]",0,,,,,,
course_98_a_la_recherche_du_temps_perdu_proust,course_98_a_la_recherche_du_temps_perdu_proust_q2,mcq,"איזה סוג זיכרון, המופעל על ידי תחושה, מציב פרוסט במרכז הרומן?","פרוסט מבדיל בין זיכרון רצוני וקר מזיכרון בלתי רצוני, המעורר תחושה ואשר מקים לתחייה את העבר בשלמותו הרגשית.","[""זיכרון לא רצוני"", ""זיכרון קולקטיבי"", ""זיכרון מרצון"", ""זיכרון צילומי""]",0,,,,,,
course_98_a_la_recherche_du_temps_perdu_proust,course_98_a_la_recherche_du_temps_perdu_proust_q3,mcq,איזה אוכל טבול בתה מעורר את הזיכרון המפורסם ביותר ברומן?,המדלן הטבולה בתה מחזירה לחיים אצל המספר את כל הזיכרונות הרגשיים של קומבריי.,"[""המדלן"", ""הקרואסון"", ""הבריוש"", ""עוגיות זנגביל""]",0,,,,,,
course_98_a_la_recherche_du_temps_perdu_proust,course_98_a_la_recherche_du_temps_perdu_proust_q4,mcq,למה פרוסט מרפד את החדר שלו בפקק?,פרוסט בודד את עצמו לאחר מות אמו וריפד את חדרו בפקק כדי להגן על עצמו מפני רעש ואבקה.,"[""להגנה מפני רעש ואבקה"", ""כדי לשמוע טוב יותר רעשי רחוב"", ""כדי לקשט את הפנים שלך"", ""כדי לבודד את כתבי היד שלך מלחות""]",0,,,,,,
course_98_a_la_recherche_du_temps_perdu_proust,course_98_a_la_recherche_du_temps_perdu_proust_q5,trueFalse,"נכון או שקר: הכרך הראשון, בצד של סוואן, התקבל מיד על ידי המוציאים לאור.",בצד של סוואן סבל מכמה סירובים והיה צריך להתפרסם באופן עצמאי ב-1913.,"[""נכון"", ""לא נכון""]",1,,,,,,
course_98_a_la_recherche_du_temps_perdu_proust,course_98_a_la_recherche_du_temps_perdu_proust_q6,mcq,איזה סופר מודה מאוחר יותר שעשה טעות חמורה כשסירב לכתב היד של פרוסט?,"אנדרה ז'יד, שבז לכתב היד, יודה מאוחר יותר שעשה טעות חמורה.","[""אנדרה ז'יד"", ""אנטול צרפת"", ""פול ולרי"", ""אמיל זולה""]",0,,,,,,
course_98_a_la_recherche_du_temps_perdu_proust,course_98_a_la_recherche_du_temps_perdu_proust_q7,mcq,מה הכרך השביעי והאחרון מגלה למספר?,Time Recovered חושף בפני המספר את ייעודו כסופר: לכתוב את היצירה שהקורא קרא זה עתה.,"[""הייעוד שלו כסופר, זה של כתיבת העבודה שזה עתה קראנו"", ""זהותו האמיתית של סוואן"", ""סוד משפחתי חבוי מילדות"", ""הבגידה של גילברט""]",0,,,,,,
course_98_a_la_recherche_du_temps_perdu_proust,course_98_a_la_recherche_du_temps_perdu_proust_q8,numericSlider,כמה כרכים יש בחיפוש אחר זמן אבוד?,"לרומן שבעה כרכים, שפורסמו בין השנים 1913-1927.",,,,7.0,3.0,12.0,1.0,כרכים
course_98_a_la_recherche_du_temps_perdu_proust,course_98_a_la_recherche_du_temps_perdu_proust_q9,mcq,איזו דמות מציגה ברומן נושאים טאבו עד כה?,מסייה דה שרלוס מציג נושאים שהיו בעבר טאבו בספרות ב-La Recherche.,"[""מסייה דה שרלוס"", ""סוואן"", ""הברון דה גרמנטס"", ""דוקטור קוטארד""]",0,,,,,,
course_98_a_la_recherche_du_temps_perdu_proust,course_98_a_la_recherche_du_temps_perdu_proust_q10,mcq,איזה פרס ספרותי קיבל פרוסט ב-1919?,פרוסט קיבל את פרס גונקור בשנת 1919 עבור בצל נערות צעירות בפרחים.,"[""פרס גונקור"", ""פרס נובל"", ""פרס פמינה"", ""פרס אינטראלי""]",0,,,,,,
course_99_le_pere_goriot_balzac,course_99_le_pere_goriot_balzac_q1,mcq,מי המחבר של Père Goriot?,Honoré de Balzac פרסם את Le Père Goriot ב-1835.,"[""אונורה דה בלזק"", ""ויקטור הוגו"", ""גוסטב פלובר"", ""סטנדל""]",0,,,,,,
course_99_le_pere_goriot_balzac,course_99_le_pere_goriot_balzac_q2,mcq,לאיזו קבוצה רומנטית שייך האב גוריוט?,"האב גוריוט הוא הציר של הקומדיה הומיין, שבה מציג בלזק לראשונה את חזרתן של דמויות חוזרות.","[""הקומדיה האנושית"", ""הרוגון-מקארטס"", ""אגדת המאות"", ""סיפורים מצחיקים""]",0,,,,,,
course_99_le_pere_goriot_balzac,course_99_le_pere_goriot_balzac_q3,mcq,בשביל מי אבא גוריות מקריב את כל הונו?,"גוריוט, יצרן ורמיצ'לי לשעבר, הקריב הכל עבור בנותיו אנסטאז' ודלפין, שנטשו אותו לאחר שהתעשרו.","[""בנותיו אנסטאז' ודלפין"", ""הבן היחיד שלו"", ""עובדיו לשעבר"", ""כנסיית הקהילה שלו""]",0,,,,,,
course_99_le_pere_goriot_balzac,course_99_le_pere_goriot_balzac_q4,mcq,"היכן גר האב גוריות, בזמן שהמשאבים שלו אוזלים?","גוריוט יורד מקומה לקומה בפנסיון ווקר כשהמשאבים שלו מותשים, עד לחדר הצנוע ביותר.","[""בפנסיון Vauquer"", ""בבית מלון פרטי"", ""אצל בתו דלפין"", ""במנזר""]",0,,,,,,
course_99_le_pere_goriot_balzac,course_99_le_pere_goriot_balzac_q5,trueFalse,נכון או שקר: בנותיו של גוריות נשארו ליד מיטתו עד מותו.,בנותיו חוזרות רק לבקש כסף והולכות לנשף בזמן שאביהן מת לבד בפנסיון.,"[""נכון"", ""לא נכון""]",1,,,,,,
course_99_le_pere_goriot_balzac,course_99_le_pere_goriot_balzac_q6,mcq,"מיהו ווטרין, דמות שמציעה ברית צינית לרסטיניאק?","ואטרין, ששמו האמיתי הוא ז'אק קולין, הוא אסיר נמלט שמציע לרסטיניאק לעשות את הונו באמצעות רצח.","[""אסיר נמלט, שמו האמיתי ז'אק קולין"", ""נוטריון לשעבר הרוס"", ""אציל שנפל"", ""רופא חסר מצפון""]",0,,,,,,
course_99_le_pere_goriot_balzac,course_99_le_pere_goriot_balzac_q7,mcq,מה מציעה Vautrin ב-Rastignac כדי להרוויח הון במהירות?,"ווטרין מציעה לראסטיניאק הסכם ציני: לעשות הון ע""י ארגון רצח, שבסופו של דבר רסטיניאק מסרב.","[""להרוויח הון באמצעות רצח"", ""תתחתן עם יורשת עשירה"", ""לגנוב מקרן הפנסיה Vauquer"", ""חיסול משחק קלפים""]",0,,,,,,
course_99_le_pere_goriot_balzac,course_99_le_pere_goriot_balzac_q8,mcq,מה אומר רסטיניאק מבית הקברות פר-שז בסוף הרומן?,"מ-Père-Lachaise, לאחר מותו של גוריוט, פתח ראסטיניאק את האתגר שלו לפריז: ""עכשיו זה שנינו!""","[""\""שנינו עכשיו!\"""", ""\""אני מקלל אותך, פריז!\"""", ""\""להתראות, אבא שלי!\"""", ""\""ווטרין צדק!\""""]",0,,,,,,
course_99_le_pere_goriot_balzac,course_99_le_pere_goriot_balzac_q9,mcq,איזו טכניקה רומנית חונכת בלזק עם הרומן הזה?,"האב גוריוט חונך בקומדיה הומיין את שובן של הדמויות, המופיעות מחדש מרומן אחד לאחר.","[""שובן של דמויות מרומן אחד לאחר"", ""המונולוג הפנימי"", ""הרומן האפיסטולרי"", ""קריינות בגוף ראשון""]",0,,,,,,
course_99_le_pere_goriot_balzac,course_99_le_pere_goriot_balzac_q10,numericSlider,כמה דמויות שואף בלזק ליצור בכל הקומדיה הומאיין?,"בלזק רוצה לאחסן את כל הסוגים החברתיים של זמנו באמצעות 90 רומנים וכ-2,000 דמויות.",,,,2000.0,1000.0,3000.0,200.0,תווים
course_9_l_empire_azteque,course_9_l_empire_azteque_q1,numericSlider,באיזו שנה מצאו המקסיקה את טנוכטיטלן?,"המקסיקה הקימה את Tenochtitlán בשנת 1325, על איון באגם טקסקוקו.",,,,1325.0,1280.0,1380.0,10.0,
course_9_l_empire_azteque,course_9_l_empire_azteque_q2,mcq,"איזה סימן מחפשים המקסיקה כדי לייסד את בירתם, על פי האל שלהם Huitzilopochtli?","משפחת מקסיקה מצאה את השלט הזה על איון באגם טקסקוקו, שם הם הקימו את Tenochtitlán בשנת 1325.","[""נשר זולל נחש על קקטוס"", ""שביט חוצה את השמים"", ""ליקוי חמה מלא"", ""יגואר לבן""]",0,,,,,,
course_9_l_empire_azteque,course_9_l_empire_azteque_q3,mcq,"מהן צ'ינמפאס, ששולמו על ידי האצטקים?",איים מלאכותיים פוריים במיוחד אלה עוזרים להאכיל את בירת האגם טנוכטיטלן.,"[""איים מלאכותיים פוריים עשויים מבוץ וצמחים"", ""מקדשים המוקדשים לשמש"", ""כבישים סלולים המחברים בין המחוזות"", ""אגרני תירס תת-קרקעיים""]",0,,,,,,
course_9_l_empire_azteque,course_9_l_empire_azteque_q4,trueFalse,נכון או לא נכון: האצטקים השתמשו בסוסים ובשוורים כדי להעביר את אבני הפירמידות שלהם.,לאצטקים לא היה גלגל להובלה ולא חיית משא; ובכל זאת הם הזיזו מיליוני טונות של אבן.,"[""נכון"", ""לא נכון""]",1,,,,,,
course_9_l_empire_azteque,course_9_l_empire_azteque_q5,mcq,"מהי הברית המשולשת, שהוקמה בשנת 1428?","בשנת 1428, טנוצ'טיטלן התחברה עם טקסוקו וטלקופן, ויצרה את הברית המשולשת ששלטה במהרה באזור.","[""האיחוד של טנוכטיטלן, טקסקוקו וטלקופן"", ""ברית בין האצטקים לספרדים"", ""הסכם שלום עם הטלקסקלטקים"", ""קואליציה נגד Moctezuma II""]",0,,,,,,
course_9_l_empire_azteque,course_9_l_empire_azteque_q6,mcq,"לפי הקוסמוגוניה של חמש השמשות, מדוע האצטקים נהגו בהקרבת קורבנות אדם?","המיתוס הזה אומר שהשמש שורדת רק כשהיא ניזונה מדם אנושי, מה שמקריב קורבנות להמשכיות העולם.","[""להאכיל את השמש בדם ולשמור על העולם"", ""להעניש את פושעי האימפריה"", ""להפחיד את עמי האויב"", ""כדי לחגוג את הקציר השנתי""]",0,,,,,,
course_9_l_empire_azteque,course_9_l_empire_azteque_q7,mcq,מה היה הגורם העיקרי לנפילתה המהירה של האימפריה האצטקית לידי הספרדים?,"הרוצח האמיתי הוא אבעבועות שחורות, מחלה אירופאית שאינה מוכרת לאוכלוסיות המקומיות, אשר מחסלת את האצטקים הרבה יותר מהנשק הספרדי.","[""אבעבועות שחורות, מחלה שלא הייתה לאצטקים חסינות נגדה"", ""היעדר לוחמים אצטקים"", ""היעדר בירה מבוצרת"", ""סירובם של האצטקים להילחם""]",0,,,,,,
course_9_l_empire_azteque,course_9_l_empire_azteque_q8,numericSlider,כמה ימים נמשך המצור האחרון על טנוצ'טיטלן ב-1521?,"טנוצ'טיטלן נפל ב-1521 לאחר 80 ימי מצור, מורעב ונפגע ממחלות.",,,,80.0,20.0,150.0,10.0,ימים
course_9_l_empire_azteque,course_9_l_empire_azteque_q9,chronological,שים את השלבים האלה בהיסטוריה האצטקית בסדר כרונולוגי.,"ארבע אבני הדרך הללו עוברות מ-1325 ל-1521: ייסוד הבירה, ההתפשטות האימפריאלית, הגעתם של הספרדים, ואז הנפילה הסופית.",,,"[""ייסוד טנוכטיטלן באגם טקסקוקו"", ""הקמת הברית המשולשת"", ""הגעתו של קורטס למקסיקו"", ""נפילת טנוצ'טיטלן""]",,,,,
