Nom du cours,Classification,Terme,Explication
The birth of Islam (622),Historical reference,The Byzantine and Sassanid Empires,"The two powers surrounding the Arabian Peninsula in the 7th century. Byzantium (Eastern Roman Empire) and the Sassanids (Zoroastrian Persian Empire) were exhausting themselves in an endless war, clearing the way for Arab conquests."
The birth of Islam (622),Concept,The Ummah,"Community of Muslim believers, transcending tribal boundaries. All Muslims form a single body regardless of their origin."
The birth of Islam (622),Concept,Jihad,"Arabic term literally meaning ""effort"". Refers to the inner effort for self-improvement and the armed defense of the community."
Urban II's call and the 1st Crusade (1095),Related event,The Schism of 1054,"Definitive break between the Roman Catholic Church and the Orthodox Church, over papal authority and the Filioque question. This schism made relations between Byzantium and Rome complex at the time when Alexios I was requesting military aid."
Urban II's call and the 1st Crusade (1095),Figure,Alexios I Komnenos,Byzantine Emperor who sent an embassy to Pope Urban II to request mercenaries against the Seljuk Turks. His modest request unintentionally triggered the massive mobilization of the first crusade.
Urban II's call and the 1st Crusade (1095),Concept,Plenary indulgence,"Total remission of the punishments due to sins, granted by the Pope. Urban II promised one to all crusade participants - a powerful driver for mobilization in a deeply religious society."
The Sack of Rome by the Visigoths (410),Historical reference,The Huns,"Nomadic people from Central Asia who swept into Europe around 370, pushing the Goths and other Germanic peoples to cross Roman borders to flee. Their leader Attila would ravage Europe in the 450s."
The Sack of Rome by the Visigoths (410),Concept,The Roman foedus,"Treaty by which Rome authorized a Barbarian people to settle on its territory in exchange for military service. The Visigoths obtained a foedus in 382, but Rome did not respect it, which explains Alaric's revolt."
The Sack of Rome by the Visigoths (410),Related event,The division of the Empire in 395,"Upon the death of Theodosius I, the Empire was shared between his two sons: Honorius in the West (capital Ravenna) and Arcadius in the East (Constantinople). This permanent division weakened the response to invasions."
The coronation of Charlemagne (800),Concept,The Holy Roman Empire,"Politics entity born from The Coronation of Charlemagne (800), claiming to embody the continuity of the Roman Empire in the West under Christian authority. It lasted until 1806 and structured the Germanic space for a thousand years."
The coronation of Charlemagne (800),Concept,The missi dominici,"Carolingian ""envoys of the master"": royal inspectors sent in pairs (one bishop, one layman) to control local administration and render justice in the name of the emperor. Key instrument of Carolingian government over an immense territory."
The coronation of Charlemagne (800),Figure,Alcuin of York,"English scholar brought in by Charlemagne to lead the Palatine School in Aachen. He oversaw the reform of writing and education, training a generation of literate administrators who maintained the empire."
The Magna Carta (1215),Concept,The feudal system,Medieval organization based on personal ties: the suzerain grants land (fief) in exchange for military service and loyalty. The Magna Carta (1215) was extracted within this contractual framework: the barons reminded the king of his obligations.
The Magna Carta (1215),Related event,The loss of Normandy (1204),"Major Event where John Lackland lost his possessions to Philip II Augustus, provoking the fiscal crisis at the origin of the Magna Carta (1215)."
The Magna Carta (1215),Concept,Habeas corpus,"Legal principle protecting against arbitrary arrests: any person arrested must be presented to a judge. Direct heritage of clause 39 of the Magna Carta (1215), it has become a pillar of Anglo-Saxon law."
The Black Death in Europe (1347-1353),Concept,Miasma theory,Medieval medical belief that diseases were caused by impure vapors emanating from stagnant waters and corpses. It explains the total helplessness of medicine against the Plague - one could not treat what one did not understand.
The Black Death in Europe (1347-1353),Place / institution,The Italian maritime republics,"Genoa and Venice, whose commercial ships linked the Black Sea to Europe, were the vectors of the epidemic. Genoese ships introduced the plague to Sicily in 1347, spreading the bacteria through their Mediterranean trade networks."
The Black Death in Europe (1347-1353),Related event,The Jewish pogroms (1348-1349),"Accused of poisoning wells, tens of thousands of Jews were massacred in Germany and France during the Plague. Pope Clement VI defended them but was little heard in devastated cities looking for scapegoats."
Joan of Arc and the Hundred Years' War (1429),Event,The Treaty of Troyes (1420),"Agreement by which Charles VI of France disinherits his son, the Dauphin Charles, in favor of the King of England Henry V, creating a Franco-English dynastic union."
Joan of Arc and the Hundred Years' War (1429),Concept,The coronation at Reims,"Ceremony by which the King of France was anointed with holy oil, conferring upon him a quasi-sacred character. Only a king crowned in Reims was fully legitimate in the eyes of the Church and the people - hence the urgency for Joan to lead Charles VII there."
Joan of Arc and the Hundred Years' War (1429),Historical reference,The Burgundians,"French faction allied with the English, led by the Duke of Burgundy (Philip the Good in 1429). Their alliance with England was broken by the Treaty of Arras in 1435."
The Fall of Constantinople (1453),Related event,The sack of Constantinople by the 4th Crusade (1204),"The crusaders, diverted by Venice, looted Christian Constantinople for three days in 1204. This trauma permanently weakened Byzantium and explains Byzantine mistrust of the West during the siege of 1453."
The Fall of Constantinople (1453),Historical reference,The Greek diaspora and the Renaissance,"Greek scholars fleeing Constantinople brought their manuscripts to Italy, contributing decisively to the Renaissance. The fall of Byzantium paradoxically accelerated the intellectual revival of the West."
The Fall of Constantinople (1453),Concept,Byzantine law and Roman heritage,"Constantinople had preserved and transmitted Roman law, Greek philosophy, and Christian theology for a thousand years. Its fall put an end to this living continuity between Antiquity and the modern world."
The Aztec Empire,Concept,The Five Suns Cosmogony,"Aztec myth: the universe has already been created and destroyed four times. The current fifth sun is only kept alive through human sacrifices. This cosmology made sacrifices cosmically necessary - without them, the sun would stop."
The Aztec Empire,Concept,The chinampas,"""Floating gardens"" created in Lake Texcoco: artificial islands of mud and vegetation allowing for highly productive agriculture. Tenochtitlán was surrounded by a network of canals and cultivated lands that fed 200,000 inhabitants."
The Aztec Empire,Place / institution,Tenochtitlán and Mexico City,"Aztec capital founded in 1325 on an islet in Lake Texcoco, where Mexico City is located today. It was one of the largest cities in the world in 1519, with a sophisticated network of aqueducts and canals."
The Discovery of America (1492),Event,The Spanish Reconquista (1492),The triumph of the capture of Granada released resources and created a momentum of national ambition that explains Isabella of Castile's support for Columbus.
The Discovery of America (1492),Figure,Amerigo Vespucci,Florentine navigator who understood that the discovered lands were an unknown continent. The continent was named in his honor in 1507.
The Discovery of America (1492),Event,The Treaty of Tordesillas (1494),Agreement arbitrated by the Pope dividing the world into two spheres of influence between Spain (west) and Portugal (east).
The Storming of the Bastille (1789),Concept,The Ancien Régime and the three estates,"French society divided into three estates: Clergy (1st), Nobility (2nd), and Third Estate (97% of the population, 3rd). At the Estates General, each estate had only one vote out of three, despite the overwhelming demographic representativeness of the Third Estate."
The Storming of the Bastille (1789),Concept,The lettre de cachet,"Royal order of imprisonment without trial or explanation, signed by the king. The Bastille symbolized this royal arbitrariness, even though in July 1789 it contained only 7 prisoners - its value was purely symbolic."
Napoleon's strategy at Ulm (1805),Concept,The Napoleonic Army Corps,"An autonomous military unit of 15,000 to 30,000 men including all arms, capable of fighting alone for several days. This organizational innovation allowed for the speed of maneuver that was Napoleon's strength."
Napoleon's strategy at Ulm (1805),Related event,"The Battle of Trafalgar (October 21, 1805)","Nelson's decisive naval victory over the Franco-Spanish fleet, the same week as Ulm. It put an end to the plans to invade England and explains why Napoleon could never defeat British maritime power."
Napoleon's strategy at Ulm (1805),Concept,The Continental System,"Napoleonic economic politics (1806) forbidding all European trade with England, to ruin it economically. Its imperfect application forced Napoleon to invade the Iberian Peninsula and then Russia."
The Battle of Waterloo (1815),Related event,The Congress of Vienna (1814-1815),"Meeting of European powers to rebuild the post-Napoleonic order. It redrew the map of Europe, restored monarchies, and created the ""European Concert"" which maintained a relative peace for almost a century."
The Battle of Waterloo (1815),Concept,The Holy Alliance,"Pact signed in 1815 between Russia, Austria, and Prussia to defend monarchical principles against revolutionary ideas. It was the instrument for suppressing liberal uprisings of the 1820s-1830s."
The Battle of Waterloo (1815),Figure,Marshal Ney,"Nicknamed ""the bravest of the brave,"" he led the French cavalry at Waterloo. His disastrous charge against the British squares, launched too early without artillery support, was one of the fatal tactical mistakes of the day."
The Paris Commune (1871),Related event,The Franco-Prussian War (1870-1871),"Conflict triggered by Napoleon III, ending with the crushing defeat at Sedan and the capture of the Emperor. The humiliating capitulation and the siege of Paris created the breeding ground for the Commune."
The Paris Commune (1871),Figure,Adolphe Thiers,"Head of the provisional government in Versailles who ordered the crushing of the Commune during the ""Bloody Week"" (May 21-28, 1871). A former journalist and historian, he was the first president of the Third Republic."
The Paris Commune (1871),Place / institution,The International Workingmen's Association (First International),"Organization founded in London in 1864, bringing together trade unions and workers' parties from several countries. Although the Commune was not its direct work, Marx celebrated it as the first experience of workers' power."
The Belle Époque (1871-1914),Related event,The Dreyfus Affair (1894-1906),"A Jewish officer, Alfred Dreyfus, was wrongly convicted of espionage by an anti-Semitic general staff. The affair tore France apart between Dreyfusards and anti-Dreyfusards, revealing deep tensions within French society."
The Belle Époque (1871-1914),Related event,The Berlin Conference (1884-1885),"Meeting of European powers to settle the partition of Africa without war among themselves. In a few decades, Europe colonized 90% of the African continent, drawing arbitrary borders that still cause conflicts today."
The Belle Époque (1871-1914),Concept,Auguste Comte's Positivism,"Philosophy according to which science will solve all human problems. The dominant doctrine of the Belle Époque, it explains the optimism of this period and its brutal shattering by the war of 1914."
The Battle of Verdun (1916),Related event,The Battle of the Somme (1916),"Franco-British offensive launched on July 1, 1916, to relieve Verdun. It caused 60,000 British casualties on the first day alone — the deadliest day in British military history."
The Battle of Verdun (1916),Concept,Trench warfare,"Since 1914, the Western Front had stabilized into a network of trenches from the North Sea to Switzerland. This positional warfare explains why battles like Verdun were fought over a few square kilometers for months."
The Battle of Verdun (1916),Concept,The heavy artillery of the Great War,"Artillery accounted for 60-70% of First World War casualties. Technical progress since 1870 had made offensive weapons far more powerful than defenses, creating the trench impasse."
The Russian Revolution (1917),Figure,Rasputin,A Siberian healer monk who gained the influence of Tsarina Alexandra by relieving the hemophilic crises of Tsarevich Alexei. His alleged political interference and scandalous image deeply discredited the imperial court.
The Russian Revolution (1917),Concept,Marxism-Leninism,"An ideology combining Marx's economic theories (class struggle, exploitation of the proletariat) and Lenin's tactical innovations (disciplined avant-garde party, organized revolution). This was the ideology of the Bolsheviks who took power in October 1917."
The Russian Revolution (1917),Concept,The Petrograd Soviet,"A council of workers' and soldiers' delegates, elected in factories and barracks. In 1917, it effectively controlled the streets and the army, creating an unstable ""double power"" in the face of the legal provisional government."
The Great Depression (1929),Concept,The Gold Standard,"A monetary system where currencies were convertible into gold at a fixed rate, limiting the ability of states to create money. It mechanically spread the American crisis to the entire World: when the United States reduced their money supply, all countries linked to gold suffered."
The Great Depression (1929),Related event,Roosevelt's New Deal (1933),"A set of American programs combining economic stimulus (large-scale public works), financial reform (FDIC, SEC), and social protection. It did not end the crisis but created the foundations of the American Providence State."
The Great Depression (1929),Concept,Purchasing stocks on margin,"The practice of borrowing from one's bank to buy shares, betting on their rise. Very widespread in the 1920s, it amplified the bubble and, during the crash, forced millions of Americans to sell urgently to repay their loans."
The Battle of Stalingrad (1942-1943),Related event,"Operation Barbarossa (June 22, 1941)","The invasion of the USSR by Germany: 3 million soldiers on a 3,000 km front - the largest military operation in history. The failure to take Moscow in 1941 forced Hitler to refocus his effort towards the south and Caucasian oil in 1942."
The Battle of Stalingrad (1942-1943),Figure,Friedrich Paulus,"Commander of the surrounded German 6th Army. Hitler made him Field Marshal on January 30, 1943, to encourage him to die rather than surrender. Paulus capitulated the following day, becoming the first German Field Marshal to be captured alive."
The Battle of Stalingrad (1942-1943),Concept,Operation Uranus,"Soviet counter-offensive (November 19, 1942) that encircled the 300,000 soldiers of the 6th Army in a giant pincer movement. Planned by Zhukov and Vasilevsky, it transformed the fierce defense of Stalingrad into a decisive strategic victory."
Hiroshima and Nagasaki (1945),Concept,Nuclear fission,"A reaction in which the nucleus of a heavy atom (uranium 235, plutonium 239) splits, releasing colossal energy and new neutrons that trigger a chain reaction. This is the principle of the atomic bomb."
Hiroshima and Nagasaki (1945),Related event,"The Soviet invasion of Manchuria (August 9, 1945)","Stalin declared war on Japan exactly on the day of the Nagasaki bomb, invading Manchuria. Some historians believe that this Soviet threat was as decisive as the bombs in the Japanese decision to surrender."
Hiroshima and Nagasaki (1945),Concept,Radiation sickness (acute radiation syndrome),"A syndrome caused by exposure to radiation: nausea, hair loss, internal hemorrhaging, immune failure. Tens of thousands of survivors died in the following weeks from this disease, which was then unknown to doctors."
Rosa Parks and Montgomery (1955),Place / institution,The NAACP,"National Association for the Advancement of Colored People, founded in 1909 to defend civil rights through legal means. Rosa Parks was an active member and had undergone civil disobedience training long before her famous gesture."
Rosa Parks and Montgomery (1955),Concept,Jim Crow laws,"Set of state laws establishing racial segregation in the American South after 1877. Their name comes from a stereotypical minstrel show Figure. They organized total separation in schools, transportation, hospitals and all public spaces."
Rosa Parks and Montgomery (1955),Related event,Brown v. Board of Education (1954),US Supreme Court ruling declaring segregation in public schools unconstitutional. This decision gave legal momentum to the Civil Rights Movement and explains why Montgomery was then also challenged in the courts.
The Cuban Missile Crisis (1962),Concept,Mutually Assured Destruction (MAD),Nuclear doctrine stating that neither the United States nor the USSR could survive a nuclear war. This logic of balanced terror deterred everyone from attacking and structures the entire dynamic of the Cuban crisis.
The Cuban Missile Crisis (1962),Related event,The Bay of Pigs Invasion (April 1961),"Failed invasion attempt of Cuba by Cuban exiles trained by the CIA. The humiliating failure weakened Kennedy, encouraged Khrushchev to take risks and strengthened Castro, creating the conditions for the 1962 crisis."
The Cuban Missile Crisis (1962),Historical reference,Jupiter missiles in Turkey,"American nuclear missiles installed in Turkey in 1961, within reach of the USSR. The final secret agreement included their discreet withdrawal - a concession that Kennedy kept secret for decades so as not to appear to be yielding to Soviet blackmail."
The Algerian War (1954-1962),Concept,French department status,"Unlike the protectorates (Morocco, Tunisia), Algeria had been three French departments since 1848. Any independence therefore legally amounted to an amputation of national territory - hence the intensity of the politics conflict in the metropole."
The Algerian War (1954-1962),Related event,The generals' putsch (April 1961),"Coup d'état attempt by four generals opposed to independence. De Gaulle crushed it in four days thanks to a radio speech. It was followed by the creation of the OAS, a pro-French Algeria terrorist organization."
The Algerian War (1954-1962),Historical reference,The Pieds-noirs,"Nickname for settlers of European origin living in Algeria. Nearly a million of them had to leave the country in 1962 under traumatic conditions, abandoning their homes under the threat 'the suitcase or the coffin'."
The Battle of Dien Bien Phu (1954),Concept,Guerrilla warfare,"Strategy of weak forces against a technically superior army: avoid pitched battles, harass the enemy, use the terrain and popular support, exhaust the opponent over the long term. The Viet-Minh excelled at it throughout the Indochina War."
The Battle of Dien Bien Phu (1954),Related event,The Geneva Accords (July 1954),"Accords ending the Indochina War: Vietnam was divided at the 17th parallel. Reunification elections scheduled for 1956 were never held, sowing the seeds of the American war that was to follow."
The Battle of Dien Bien Phu (1954),Figure,General Võ Nguyên Giáp,"General-in-chief of the Viet-Minh, former self-taught history teacher in strategy. His genius was to have dozens of heavy cannons transported by hand and bicycle up the hills overlooking Dien Bien Phu - a logistical feat considered impossible."
The Armenian Genocide (1915-1916),Historical reference,The Young Turks (Committee of Union and Progress),"Turkish nationalist Movement that overthrew Sultan Abdul Hamid II in 1908. The Enver-Talaat-Cemal triumvirate, extremist nationalists, organized the genocide in the context of the war, in a project for an ""ethnically pure Turkey""."
The Armenian Genocide (1915-1916),Related event,The Hamidian massacres (1894-1896),"First wave of Armenian massacres under Sultan Abdul Hamid II, causing between 100,000 and 300,000 deaths. This unsanctioned precedent showed future Ottoman authorities that such crimes could go unpunished."
The Armenian Genocide (1915-1916),Concept,The legal definition of genocide,"The term ""genocide"" was coined by legal scholar Raphael Lemkin in 1944 specifically with Armenians in mind. The UN Convention (1948) defines it as the intent to destroy ""in whole or in part"" a national, ethnical, racial or religious group."
The creation of the UN (1945),Related event,The Yalta Conference (February 1945),"Meeting between Roosevelt, Churchill and Stalin laying the foundations of the post-war world order: division of Europe into zones of influence, conditions for Soviet entry against Japan, structure of the UN to be created."
The creation of the UN (1945),Concept,Veto power in the Security Council,"Each of the 5 permanent members can block any Council resolution with a single ""no"" vote. This mechanism paralyzed the Council during the Cold War and continues with Russia and China on many contemporary crises."
The creation of the UN (1945),Place / institution,The International Court of Justice (ICJ),"The UN's judicial organ based in The Hague, which settles disputes between States. Unlike the ICC (which judges individuals), it judges States. Its decisions are binding but it has no enforcement mechanism."
The birth of the EU: from the ECSC to Maastricht,Concept,Franco-German reconciliation,"After three wars in 70 years, France and Germany had made their rivalry the main driver of European conflicts. The ECSC and then the Élysée Treaty (1963) sealed a friendship that became the engine of all European integration."
The birth of the EU: from the ECSC to Maastricht,Related event,The Maastricht Treaty (1992),"Founding treaty of the European Union creating European citizenship, launching the single currency process (the euro in 2002), establishing a common foreign policy and strict economic convergence criteria."
The birth of the EU: from the ECSC to Maastricht,Concept,The four freedoms of the single market,"Free movement of goods, people, services, and capital - foundations of the common market of the Treaty of Rome. They represent the deepest economic integration ever achieved between sovereign States."
The Rwandan genocide (1994),Related event,The Arusha Accords (August 1993),"Peace agreement between the Hutu government and the RPF (Rwandan Patriotic Front). Hutu extremists, refusing any power-sharing, organized the genocide to prevent it from being implemented."
The Rwandan genocide (1994),Place / institution,UNAMIR and General Dallaire,"The UN Mission commanded by the Canadian general Roméo Dallaire had 2,500 soldiers on site. Dallaire warned the UN as early as January 1994 of an impending genocide, but was forbidden to act. Its inaction is today considered a historical failure."
The Rwandan genocide (1994),Historical reference,Radio Télévision Libre des Mille Collines (RTLM),"Hutu extremist radio station that, during the genocide, broadcast live lists of people to be killed and called for the extermination of Tutsis, described as ""cockroaches."" It constituted a major tool for coordinating the massacres."
The fall of the Berlin Wall (1989),Concept,Glasnost and Perestroika,"Gorbachev's reforms starting from 1986: glasnost (transparency) allowed criticism of the Soviet regime, perestroika (restructuring) attempted to reform the economy. They unintentionally destabilized the entire Soviet bloc."
The fall of the Berlin Wall (1989),Related event,The Prague Spring (August 1968),"Liberal reform of communism in Czechoslovakia, crushed by the invasion of Soviet tanks. Gorbachev's decision not to repeat this intervention in 1989 was therefore historically revolutionary."
The fall of the Berlin Wall (1989),Figure,Erich Honecker,"General Secretary of the GDR since 1971, he had declared that the Wall would last ""another 50 or 100 years."" Replaced on October 18, 1989, just before the fall of the Wall, he died in exile in Chile in 1994."
The Blitzkrieg (1940),Historical reference,The Maginot Line,"Line of fortifications built by France in the 1930s along the Franco-German border. The Blitzkrieg bypassed it through the Belgian Ardennes, supposed to be impassable for tanks - making the Maginot Line totally useless."
The Blitzkrieg (1940),Concept,The Sichelschnitt plan (sickle cut),"General von Manstein's plan: concentrate armored units in the Ardennes to break through the center and reach the English Channel, encircling the Franco-British armies engaged in Belgium. Bold and risky, this plan was a total success."
The Blitzkrieg (1940),Related event,Operation Dynamo (Dunkirk),"Maritime evacuation of 338,000 Franco-British soldiers surrounded at Dunkirk by an improvised flotilla of military and civilian vessels. This ""miracle"" allowed Great Britain to continue the war, but left France without an army."
The Marshall Plan (1947-1952),Concept,The Truman Doctrine,"Truman's speech (March 1947) asserting that the United States would support any people resisting ""subjugation by outside pressures."" It marked the official beginning of the Cold War and the politics of containment of communism."
The Marshall Plan (1947-1952),Related event,The Kominform (1947),"International communist organization created by Stalin in response to the Marshall Plan, to coordinate European communist parties. It forced Czechoslovakia and Poland, which had accepted Marshall aid, to refuse it."
The Marshall Plan (1947-1952),Concept,The German Wirtschaftswunder,"""Economic miracle"" of West Germany: between 1950 and 1960, its GDP tripled, moving from an economy in ruins to the leading European economic power. Partly funded by the Marshall Plan and favored by the 1948 monetary reform."
The Vietnam War (1955-1975),Concept,The domino theory,"American foreign politics theory according to which if one country became communist, its neighbors would fall one after another. It justified the commitment in Vietnam to ""stop communist progression in Southeast Asia."""
The Vietnam War (1955-1975),Related event,The Tet Offensive (January 1968),"Simultaneous attack by the Viet Cong on more than 100 American cities during the Vietnamese New Year. Militarily a failure for Hanoi, it destroyed the credibility of the Johnson administration in the United States."
The Vietnam War (1955-1975),Figure,Ho Chi Minh,"Nationalist and communist leader, founder of the Viet-Minh (1941), first president of North Vietnam. His popular legitimacy as a liberator against the Japanese then the French gave him a politics advantage that the United States could never match."
The Nuremberg trials (1945-1946),Concept,Crimes against humanity,"Legal category invented at Nuremberg to designate the persecution and extermination of civilians. Unlike war crimes, they apply even in times of peace and have no statute of limitations. Nuremberg distinguished them for the first time."
The Nuremberg trials (1945-1946),Concept,Individual responsibility in international law,"Principle established at Nuremberg: individuals can be judged for international crimes even if they were acting on behalf of a State. ""Obeying orders"" is not an admissible defense - a founding principle of international criminal law."
The Nuremberg trials (1945-1946),Place / institution,The International Criminal Court (ICC),"Heir to the Nuremberg Principles, created in 2002 by the Rome Statute to judge genocide, crimes against humanity and war crimes. 124 countries have ratified it, but not the United States, Russia or China."
Decolonization: an overview (1945-1975),Concept,The Atlantic Charter (1941),"Joint Roosevelt-Churchill declaration affirming the right of peoples to self-determination. Used by independence movements as an argument against their colonizers, it created an ideological contradiction that empires could not resolve."
Decolonization: an overview (1945-1975),Related event,The Bandung Conference (1955),"First meeting of independent Asian and African countries (29 nations), affirming the principles of non-alignment and anti-colonialism. It marked the birth of the ""Third World"" as an international politics force."
Decolonization: an overview (1945-1975),Concept,Neocolonialism,"Term describing the forms of economic and politics domination exercised by former colonial powers over their formally independent ex-colonies, via multinationals, debt, and military bases."
Apartheid and Mandela (1948-1994),Concept,The bantustans,"""Homelands"" to which Black people were assigned according to their ethnic group under apartheid. These non-viable territories represented 13% of South African territory for 80% of the population - a total geographical segregation."
Apartheid and Mandela (1948-1994),Related event,The Sharpeville massacre (March 1960),"Police opened fire on a peaceful demonstration against pass laws, killing 69 people. The global shock led to the banning of the ANC and pushed Mandela to create the armed wing of the resistance."
Apartheid and Mandela (1948-1994),Concept,The Truth and Reconciliation Commission (TRC),"Instituted after 1994, it allowed perpetrators of apartheid crimes to obtain amnesty in exchange for a full public confession. Presided over by Desmond Tutu, it chose national reconciliation rather than trials."
The Cultural Revolution in China (1966-1976),Concept,The Great Leap Forward (1958-1962),Program of forced collectivization launched by Mao which caused the greatest famine in human history: between 15 and 55 million deaths. Its failure explains Mao's political sidelining and his need to regain control via the Cultural Revolution.
The Cultural Revolution in China (1966-1976),Concept,The Red Guards,"Revolutionary youth mobilized by Mao to attack the ""four olds"". They humiliated millions of teachers, doctors, intellectuals, and Party cadres during public sessions of criticism and forced self-confession."
The Cultural Revolution in China (1966-1976),Figure,Deng Xiaoping,"Twice purged during the Cultural Revolution, he became the de facto leader of China after Mao's death (1976) and the father of economic reforms. His pragmatism transformed China into a global power."
The Holocaust: mechanisms of a genocide,Related event,The Wannsee Conference (January 1942),"A meeting of 15 high-ranking Nazi officials where the ""Final Solution"" was planned and coordinated: the systematic extermination of Europe's Jews through death camps. It showed that the genocide was a bureaucratically organized state decision."
The Holocaust: mechanisms of a genocide,Concept,The Einsatzgruppen,"SS mobile extermination units that followed the army during the invasion of the USSR. They shot approximately 1.5 million Soviet Jews. The Babi Yar massacre (33,771 deaths in two days) is the most famous example."
The Holocaust: mechanisms of a genocide,Concept,"The ""banality of evil"" (Hannah Arendt)","A philosophical concept developed during the Eichmann trial: the worst crimes can be committed by ordinary, bureaucratic individuals who ""do their job"" without reflecting on the moral consequences of their actions."
"September 11, 2001",Historical reference,The Soviet-Afghan War (1979-1989),"The United States armed the Afghan mujahideen to fight the Soviets. These Islamist networks, particularly Bin Laden's, trained and financed during the Cold War, subsequently became Al-Qaeda."
"September 11, 2001",Place / institution,Al-Qaeda,A terrorist organization founded by Osama bin Laden in 1988 to fight the Soviets in Afghanistan. Its vision: a global war against the West and the corrupt Arab regimes supported by it. September 11 was its largest operation.
"September 11, 2001",Related event,The Iraq War (2003),"American invasion based on false information about weapons of mass destruction. It destabilized the Middle East, dismantled Iraqi state structures, and created the vacuum in which the Islamic State (ISIS) emerged."
Athenian democracy,Figure,Solon,"Athenian statesman elected archon in 594 BC to resolve a social crisis. He canceled debts, abolished debt slavery, and reorganized the city by wealth rather than birth - the first step toward democracy."
Athenian democracy,Figure,Cleisthenes,"Athenian reformer (508-507 BC) considered the true founder of democracy. He reorganized the city into 10 mixed geographical tribes, breaking traditional family solidarities in favor of political citizenship."
Athenian democracy,Concept,Ostracism,"Athenian procedure by which citizens could vote to exile for 10 years a man deemed dangerous to democracy. Names were written on pottery shards (ostrakon). Its objective was preventive, not punitive."
The American Civil War (1861-1865),Related event,"The Emancipation Proclamation (January 1st, 1863)","Lincoln's decree freeing slaves in the Confederate States. It transformed the war into a moral crusade against slavery, prevented Great Britain from recognizing the Confederacy, and opened the army to Black soldiers."
The American Civil War (1861-1865),Concept,States' rights vs. the federal government,Fundamental tension in American politics: Southern states claimed their right to decide for themselves on slavery against federal authority. This question structured the U.S. Constitution and continues to define American political debate.
The American Civil War (1861-1865),Related event,Reconstruction (1865-1877),Post-war period where the Southern states were placed under federal military control and the civil rights of former slaves were established. Its abandonment in 1877 led to the Jim Crow laws which lasted until the 1960s.
Why is the sky blue?,Concept,Rayleigh scattering,"Phenomenon by which small molecules in the atmosphere scatter short wavelengths (blue, violet) much more than long ones (red). Described by Lord Rayleigh in 1871, it also explains why sunsets are red and orange."
Why is the sky blue?,Concept,The visible light spectrum,White sunlight is composed of all the colors of the rainbow (from 380 nm for violet to 700 nm for red). Each color corresponds to a different wavelength that interacts differently with matter.
Why do we dream?,Concept,REM sleep (Rapid Eye Movement),"Sleep phase characterized by rapid eye movements, muscle paralysis, and intense brain activity close to wakefulness. This is the phase where the majority of dreams occur and where memory consolidation is most active."
Why do we dream?,Concept,The Freudian theory of dreams,"For Freud (The Interpretation of Dreams, 1900), dreams express repressed desires in symbolic form. This theory is now widely criticized by neurosciences, which instead attribute them a role in memory and emotional consolidation."
Why does ice float?,Concept,Hydrogen bonds,"Weak forces of attraction between water molecules, due to the polarity of the H₂O molecule. They establish themselves in an orderly fashion in ice, creating an airy crystalline structure — more voluminous than liquid water, and therefore less dense."
Why does ice float?,Concept,The anomalous expansion of water,"Contrary to almost all substances, water is denser at 4°C than at 0°C. When cooling from 4°C to 0°C, it expands. This anomaly is essential to aquatic life: ice floats and insulates the liquid water beneath it."
Why is seawater salty?,Concept,The hydrological cycle and salt accumulation,"Water evaporates from the oceans, leaving salts behind. It falls back as rain, dissolves minerals from rocks, and transports them back to the oceans via rivers. This accumulation process has been ongoing for 4 billion years."
Why is seawater salty?,Concept,Thermohaline circulation,"Global system of deep ocean currents driven by differences in temperature and salinity. Dense salinity causes cold water to sink, creating a ""conveyor belt"" that transports heat around the globe and regulates the climate."
Why are there seasons?,Concept,Earth's axial tilt (23.5°),"Earth's axis tilted at 23.5° relative to its orbital plane - and not the distance to the Sun - causes the seasons. The same tilt always points toward the North Star, creating alternatively solstices and equinoxes."
Why are there seasons?,Concept,Perihelion and aphelion,"Orbital points closest (perihelion, in January) and farthest (aphelion, in July) from the Sun. The difference in distance is 5%, too small to explain the seasons. Paradoxically, the northern winter coincides with the perihelion."
How do planes fly?,Concept,The airfoil,"The cross-sectional shape of the wing, with a curved upper surface and a flatter lower surface. This asymmetry forces the air to move faster above than below, creating a pressure difference that generates lift."
How do planes fly?,Concept,Bernoulli's principle,"In a fluid in movement, where the speed increases, the pressure decreases. The air moving faster on the upper surface of the wing exerts less pressure than on the lower surface, creating an upward ""suction"" that lifts the plane."
Why do we yawn?,Concept,Cerebral thermoregulation,Most serious current Theory: yawning cools the brain by inhaling fresh air and stretching cranial vessels. This would explain why we yawn more when the ambient temperature is high.
Why do we yawn?,Concept,Mirror neurons and contagiousness,"Contagious yawning is linked to mirror neurons and contagiousness that mimic observed behaviors. Humans are more sensitive to the yawns of people they know, and autistic children are less sensitive to them - evidence of a link with empathy."
How does memory work?,Concept,The hippocampus,"A sea-horse-shaped brain structure in the temporal lobe, essential for the formation of new conscious memories. Its surgical removal (case H.M.) results in a total inability to form new memories, without erasing old ones."
How does memory work?,Concept,Working memory,"Cognitive system that temporarily maintains a small amount of information (7±2 items) available for current processing. Managed by the Prefrontal cortex, it is limited in capacity and duration (a few seconds without repetition)."
Why do we get chills?,Concept,The sympathetic nervous system,"Branch of the autonomic nervous system that prepares the body for action (""fight or flight""). Faced with a threat, it triggers adrenaline, accelerates the heart, dilates the pupils, and contracts the arrector pili muscles - the chills of fear."
How does soap kill viruses?,Concept,The amphiphilic soap molecule,A molecule with one hydrophilic end (water-loving) and one hydrophobic end (fat-loving). This dual nature allows it to insert itself into the lipid membranes of viruses and physically disintegrate them.
How does soap kill viruses?,Concept,The viral lipid envelope,"Certain viruses (coronavirus, influenza, HIV) are surrounded by a fatty membrane. This is their weak point: soap dissolves it, destroying the virus. Non-enveloped viruses (norovirus, poliovirus) are more resistant to soap."
"The discovery of penicillin (Fleming, 1928)",Figure,Howard Florey and Ernst Boris Chain,"Oxford researchers who purified penicillin starting in 1939 and tested it on humans in 1941. Without their work, Fleming's discovery would have remained a laboratory curiosity. They shared the 1945 Nobel Prize with Fleming."
"The discovery of penicillin (Fleming, 1928)",Concept,Antibiotic resistance,"An evolutionary phenomenon by which bacteria develop mechanisms to resist antibiotics. Predicted by Fleming as early as 1945, it now kills 1.27 million people per year - one of the main health threats of the 21st century."
The discovery of electricity and its applications,Figure,Michael Faraday,Self-taught British physicist who discovered electromagnetic induction (1831): a varying magnetic field generates an electric current. This principle is the basis of all modern electric generators and transformers.
The discovery of electricity and its applications,Related event,The War of Currents (Edison vs. Tesla),"Edison championed direct current (DC), Tesla and Westinghouse alternating current (AC). AC won because it can be transported over long distances. Edison organized public electrocutions of animals to demonstrate the ""danger"" of AC."
"The discovery of X-rays (Röntgen, 1895)",Concept,Radioactivity and early risks,Röntgen and his first users were unaware of the dangers of X-rays. Doctors developed cancers after years of exposure. Marie Curie herself died of aplastic anemia caused by her years of contact with radioactive materials.
"The discovery of X-rays (Röntgen, 1895)",Related event,"The ""Little Curies"" during World War I","Marie Curie equipped 20 mobile radiography trucks that traveled the French front, saving countless lives by making it possible to locate bullets without exploratory surgery. These vehicles were nicknamed ""little Curies""."
The discovery of the microwave (by accident),Figure,Percy Spencer,"A self-taught engineer at Raytheon, orphaned at 18 months, with no degree. His curiosity led him to test magnetrons on food after feeling his chocolate bar melt. He filed several hundred patents during his career."
"The theory of gravitation (Newton, 1687)",Figure,Johannes Kepler,"Astronomer (1571-1630) who empirically established the three laws of planetary Movement: elliptical orbits, equal areas, Period Square proportional to the semi-major axis. Newton built his Law of gravitation by providing the unifying theoretical explanation."
"The theory of gravitation (Newton, 1687)",Concept,Relativistic gravitation (Einstein),"General Relativity (1915) surpassed Newton: gravity is not a force but a curvature of space-time caused by mass. It predicts phenomena that Newton could not explain: the precession of Mercury, the deflection of light, gravitational waves."
The discovery of radioactivity (Marie Curie),Figure,Henri Becquerel,French physicist who discovered radioactivity in 1896 almost by accident: uranium salts had fogged a photographic plate through black paper. He shared the 1903 Nobel Prize with the Curies.
The discovery of radioactivity (Marie Curie),Concept,Radioactive decay,"Spontaneous phenomenon by which an unstable atomic nucleus transforms by emitting particles (alpha, beta) or radiation (gamma). Marie Curie understood that radioactivity was a property of the atom itself, not a chemical reaction."
The invention of the Internet,Concept,The TCP/IP protocol,"A set of rules defining how data is broken down into packets, addressed, transmitted, and reassembled. Invented by Cerf and Kahn (1974), it is the ""universal language"" that allows heterogeneous networks to communicate with each other."
The invention of the Internet,Related event,The launch of Sputnik (1957),"The first Soviet artificial satellite, its launch created a shockwave in the United States. This fear led to the creation of ARPA and, indirectly, ARPANET - the ancestor of the Internet - to maintain decentralized communications in the event of a nuclear attack."
"The structure of DNA (Watson & Crick, 1953)",Figure,Rosalind Franklin,"A crystallographer whose Photo 51 (an X-ray diffraction image of DNA) was passed to Watson and Crick without her consent. She had understood the helical structure, but the data was ""borrowed"" from her. Having died in 1958, she could not receive the 1962 Nobel Prize."
"The structure of DNA (Watson & Crick, 1953)",Concept,DNA replication,The process by which the double helix unwinds and each strand serves as a template for the synthesis of a complementary strand. This mechanism ensures the faithful transmission of genetic information during each cell division.
The discovery of anesthesia,Figure,William Morton,"An American dentist who performed the first public demonstration of ether anesthesia in 1846. He attempted to patent it under a code name, but the process was too simple - it spread freely throughout the World in a few months."
The discovery of anesthesia,Concept,Antisepsis (Semmelweis and Lister),"Even before anesthesia, post-operative infections were killing patients. Semmelweis (1847) then Lister (1867) imposed hygiene: hand washing, sterilized instruments. These two revolutions - anesthesia and antisepsis - transformed surgery."
Darwin's theory of evolution (1859),Figure,Alfred Russel Wallace,A naturalist who independently developed a Theory identical to Darwin's in 1858. His letter precipitated the publication of On the Origin of Species. Their joint presentation to the Linnean Society established their shared priority - Wallace is often forgotten.
Darwin's theory of evolution (1859),Concept,Natural selection,"Darwinian mechanism: individuals carrying advantageous variations survive and reproduce better, passing these traits to their offspring. Over millennia, this process creates adaptations and new species."
The Big Bang,Concept,The cosmic microwave background (CMB),"Fossil radiation emitted 380,000 years after the Big Bang, when the universe cooled sufficiently. Detected by Penzias and Wilson in 1965 (Nobel 1978), it is one of the most direct proofs of the Big Bang - a sort of ""echo"" of the birth of the universe."
The Big Bang,Concept,The accelerated expansion of the universe,"Discovered in 1998, the expansion of the universe is accelerating instead of slowing down. This acceleration is attributed to ""dark energy"" (68% of the total content of the universe), which remains completely misunderstood by current physics."
Why do volcanoes erupt?,Concept,Plate tectonics,"Theory established in the 1960s: the Earth's surface is divided into rigid plates that move. Volcanoes form at plate boundaries (subduction zones, ridges) or above hotspots like Hawaii."
Why do volcanoes erupt?,Concept,Subduction,"Process by which an oceanic plate sinks beneath a lighter continental plate. As it descends, it melts and generates magma that rises to the surface. The Pacific ""Ring of Fire"" results from subduction all around the ocean."
How do earthquakes form?,Concept,The San Andreas Fault,"A 1,300 km fault running through California: the Pacific plate slides northwest relative to the North American plate at 6 cm/year. Los Angeles is moving closer to San Francisco - they will be neighbors in 15 million years."
How do earthquakes form?,Concept,The magnitude scale (Richter/Moment),"Logarithmic measurement of the energy released by an earthquake. Each degree represents 31.6 times more energy: a magnitude 8 earthquake releases 1,000 times more energy than a 6."
The Chernobyl disaster (1986),Concept,The Soviet RBMK reactor,"Water-cooled and graphite-moderated nuclear reactor. Its design included a fatal flaw: at low power, it became unstable and could run away. This flaw, known to Soviet engineers, was concealed for ideological reasons."
The Chernobyl disaster (1986),Concept,The 30 km exclusion zone,"Area evacuated in an emergency after the accident. Paradoxically, 40 years later, it has become one of the most important nature reserves in Europe: the total absence of human activity benefits wildlife despite residual contamination."
Why doesn't the Moon fall onto Earth?,Concept,Newton's law of universal gravitation,"Every mass attracts every other mass, with a force inversely proportional to the square of the distance. The same force explains the falling of the apple and the Moon's orbit - Newton unified terrestrial and celestial physics for the first time."
Why doesn't the Moon fall onto Earth?,Concept,Tidal forces,"Since lunar gravity is stronger on the side of the Earth facing it, it creates ocean tides. Conversely, the Earth has slowed the Moon's rotation until synchronization occurred - which is why we always see the same face of the Moon."
Is there life elsewhere in the Universe?,Concept,The habitable zone (Goldilocks zone),"Region around a star where the temperature allows water to exist in liquid form on the surface of a planet. Neither too close nor too far - ""just like Goldilocks"". Our solar system has three potential planets: Venus, Earth, Mars."
Is there life elsewhere in the Universe?,Concept,The Drake equation,"Probabilistic formula by Frank Drake (1961) to estimate the number of communicating civilizations in our galaxy. It multiplies factors (stars, habitable planets, duration of civilizations...) - all very uncertain values, making the equation more philosophical than scientific."
What is a black hole?,Concept,The event horizon,"The ""boundary"" of a black hole beyond which nothing can return, not even light. It is not a physical surface but a mathematical limit: the speed required to escape exceeds that of light."
What is a black hole?,Concept,The gravitational singularity,Point at the center of a black hole where density theoretically becomes infinite. The equations of known physics cease to function there - a quantum theory of gravity (not yet developed) would be necessary to describe what happens there.
The theory of relativity for everyone,Concept,E=mc²,"Equivalence between mass and energy: a small mass corresponds to an enormous energy, amplified by the square of the speed of light (300,000 km/s). This is the principle behind the atomic bomb and nuclear energy."
The theory of relativity for everyone,Concept,Time dilation,"Time flows more slowly for an Object in rapid Movement or in an intense gravitational field. GPS systems correct for this time dilation (45 microseconds/day) - without this correction, their accuracy would degrade by 11 km per day."
How does lightning form?,Concept,Charge separation in cumulonimbus clouds,"In storm clouds, updrafts push ice crystals upward and heavy droplets downward. Their friction creates a potential difference of 100 to 300 million volts between the bottom of the cloud and the ground."
How does lightning form?,Concept,Air ionization,"For lightning to form, the electric field must be intense enough to strip electrons from air molecules, making it conductive. This channel forms in a few microseconds, heated to 30,000°C - five times the surface of the Sun."
How does a vaccine work?,Concept,B lymphocytes and antibodies,"White blood cells that produce antibodies - proteins capable of recognizing and neutralizing a specific pathogen. After vaccination, some become ""memory cells"" that sometimes persist for a lifetime."
How does a vaccine work?,Concept,Herd immunity,"When a sufficient proportion of the population is immunized, the pathogen can no longer spread and indirectly protects non-immunized people. The threshold varies from 80% to 95% depending on the disease."
What is the greenhouse effect (really)?,Concept,Greenhouse gases (GHG),"Gases that absorb infrared radiation emitted by the Earth and re-emit it, warming the atmosphere. The main ones are: water vapor (natural), CO₂, methane (CH₄, 80x more powerful than CO₂ over 20 years), and N₂O."
What is the greenhouse effect (really)?,Concept,Terrestrial albedo,"The ability of a surface to reflect solar radiation. Ice and snow have a high Albedo (reflect a lot), whereas oceans have a low Albedo (absorb more). The melting of ice reduces the global terrestrial albedo, accelerating warming."
Why do we sleep?,Concept,The glymphatic system,"A network of brain channels that opens during deep sleep to drain metabolic waste from the brain, notably beta-amyloid proteins linked to Alzheimer's disease. Chronic lack of sleep is correlated with an increased risk of dementia."
Why do we sleep?,Concept,Circadian rhythms and melatonin,"An internal 24-hour clock regulated by the brain's suprachiasmatic nucleus. Melatonin, produced at night, signals that it is time to sleep. Artificial night light disrupts this rhythm and degrades sleep quality."
How does the brain store memories?,Concept,Long-term potentiation (LTP),"The lasting strengthening of synapses between neurons that activate together: ""neurons that fire together, wire together"". This is the molecular mechanism of learning, notably involving the NMDA receptor."
How does the brain store memories?,Concept,Procedural memory,A form of automatic memory that allows for the learning of gestures and motor skills without a conscious effort of recall.
Why are some species immortal?,Concept,Telomeres,"Repeated DNA sequences at the ends of chromosomes, which shorten with each cell division. When they become too short, the cell stops dividing and dies. Telomerase can lengthen them - cancer cells use it to make themselves ""immortal""."
Why are some species immortal?,Figure,Turritopsis dohrnii (immortal jellyfish),A tiny jellyfish capable of returning to its juvenile polyp stage after the adult stage - and starting over indefinitely. This process of cellular transdifferentiation is unique and inspires research on cellular reprogramming.
Photosynthesis explained simply,Concept,Chlorophyll,"A green pigment contained in chloroplasts. It absorbs red and blue light (reflecting green, hence the color of plants) to power the light-dependent phase of photosynthesis."
Photosynthesis explained simply,Concept,The Calvin cycle,"The ""dark"" phase of photosynthesis, occurring in the stroma of chloroplasts. It uses the ATP produced during the light phase to reduce atmospheric CO₂ into glucose - the central reaction of plant nutrition."
Why do leaves change color?,Concept,Anthocyanins,"Red and purple pigments synthesized in the autumn in leaves. Unlike the carotenoids already present, anthocyanins are newly produced. Their probable role: to protect the leaf during nutrient recovery before it falls."
Why do leaves change color?,Concept,The separation zone (abscission),"A layer of cells that forms at the base of the petiole in autumn, blocking the circulation of nutrients. In response to the shortening of days, it develops progressively until it causes the leaf to fall."
What is dark matter?,Concept,The galaxy rotation curve,"A measurement of the speed of stars at different distances from the center. According to Newton, peripheral stars should rotate more slowly. However, they rotate at the same speed - evidence of an invisible mass ""gluing"" the stars together."
What is dark matter?,Concept,Dark energy,"A mysterious force responsible for the acceleration of the expansion of the universe, representing 68% of its total content. Distinct from dark matter (27%), it acts as a repulsive energy of the vacuum, which is still completely misunderstood."
How does electricity work in our bodies?,Concept,The neuronal action potential,"An all-or-nothing electrical signal triggered when the depolarization of a neuron exceeds a threshold. It propagates along the axon at 1 to 100 m/s depending on myelination. It is the ""click"" of information that the neuron sends."
How does electricity work in our bodies?,Concept,Neurotransmitters,"Chemical molecules released in the synapse that transmit the signal between neurons. The main ones: glutamate (excitatory), GABA (inhibitory), dopamine, serotonin. Psychoactive drugs act on these systems."
Why do certain sounds give us chills?,Concept,Musical expectation violation,"Key mechanism of chills: the brain constantly anticipates the continuation of a melody. When this expectation is violated in a satisfying way (unexpected chord, sudden surge), an emotional release occurs."
Why do certain sounds give us chills?,Concept,Openness to experience (personality),"A personality trait associated with curiosity and the appreciation of beauty. People who are highly ""open"" have an auditory cortex more connected to emotional areas and are significantly more likely to experience musical chills."
Why do seasons exist on other planets?,Concept,The axial tilt of Uranus (97.8°),"Uranus's axis is almost lying flat on its orbital plane. Each pole receives about 42 years of continuous sunlight followed by 42 years of total darkness - extreme and very long-lasting seasons, with no equivalent in our solar system."
Why do seasons exist on other planets?,Concept,The orbital eccentricity of Mars,"Mars's orbit is significantly more elliptical than Earth's: the Sun-Mars distance varies from 207 to 249 million km. The Martian southern hemisphere has short, hot summers and long, cold winters - much more pronounced than here."
"The Odyssey, Homer",Concept,The Homeric Question,Were the Iliad and the Odyssey composed by a single poet named Homer or are they the result of a long collective oral tradition? Most researchers today believe in one or two authors who fixed an older tradition.
"The Odyssey, Homer",Concept,The Homeric formula and the oral epic,"The Homeric epics were composed orally before being written. Repeated formulas (""Rosy-fingered Dawn"", ""Resourceful Odysseus"") facilitated memorization and improvised composition - a technique studied by Milman Parry in the 20th century."
"The Iliad, Homer",Concept,Mênis (wrath) in Greek culture,"Achilles' wrath is not a simple emotion: it is a quasi-cosmic power. The first word of the Iliad, ""Mênis"", announces this central theme. This divine wrath, which demands reparation, destabilizes the order of the World."
"The Iliad, Homer",Concept,Homeric aristeia,A literary genre of the epic: a long sequence where a hero performs superhuman exploits. Every great warrior of the Iliad has his aristia. These passages allowed for the development of the hero's character and linked his lineage to the gods.
"Oedipus Rex, Sophocles",Concept,Fate and free will in Greek tragedy,Tragedy explores the tension between inevitable fate (predicted by oracles) and human choices. Oedipus fulfills his tragic destiny precisely by trying to flee from it — a paradox at the heart of the human condition according to the Greeks.
"Oedipus Rex, Sophocles",Concept,The Oedipus complex (Freud),"Freud borrowed the myth of Oedipus to name the child's unconscious desire for the parent of the opposite sex. This central psychoanalytic concept has very little to do with the reflection of Sophocles, which dealt with fate and free will."
"Antigone, Sophocles",Concept,Natural law vs. positive law,"A tension at the heart of Antigone: divine and moral law (burying the dead) against the human law of Creon. This conflict runs through all of political philosophy, from Plato to Rousseau and the theorists of modern natural rights."
"Antigone, Sophocles",Concept,Hybris in Greek tragedy,"Hybris (excess, excessive pride) is the Greek tragic sin par excellence. Creon commits hybris by believing that his law takes precedence over that of the gods — he will lose everything he loved as punishment for this presumption."
"The Symposium, Plato",Concept,Platonic Eros,"Plato distinguishes between physical love and spiritual love aspiring to absolute Beauty. Diotima's speech describes a ""ladder of love"": starting from a beautiful body, then loving the beauty of souls, then ideal Beauty-in-itself."
"The Symposium, Plato",Concept,The Athenian symposion,"A Greek masculine banquet following dinner, combining the consumption of diluted wine and intellectual discussions. Respectable women were excluded from it. It was within this framework that much of Athenian philosophy developed."
"The Republic, Plato",Concept,Plato's theory of Forms,Sensible realities are imperfect copies of perfect and eternal Forms. Philosophy is the effort to contemplate these Forms. The allegory of the cave illustrates this fundamental distinction between appearances and true reality.
"The Republic, Plato",Concept,The philosopher-kings,"Only the philosopher — the one who has contemplated the Form of the Good — is fit to rule, according to Plato. His ideal city is a radical intellectual meritocracy, very far from the Athenian democracy that he deeply despised."
"The Apology of Socrates, Plato",Concept,Socratic maieutics,"Socrates' method of teaching through interrogation: asking questions to lead the interlocutor to discover the truth for themselves. Socrates compared himself to a midwife who helps to ""give birth"" to ideas already latent in the mind."
"The Apology of Socrates, Plato",Concept,“I know that I know nothing”,"The Oracle of Delphi declared that Socrates was the wisest of the Athenians. Socrates concluded that this was because he alone knows that he knows nothing, while others believe they know without having verified it. This humility founds all philosophical pursuit."
"Poetics, Aristotle",Concept,Catharsis,"A key term for Aristotle: tragedy provokes pity and terror which achieve a ""purification"" of these emotions in the spectator. A 2,500-year debate: emotional purge, intellectual clarification, or aesthetic pleasure?"
"Poetics, Aristotle",Concept,Aristotelian mimesis,"For Aristotle, art is an improved imitation (mimesis) of nature — a selective imitation that shows things not as they are but as they could be. Unlike Plato, he sees a positive value in it."
"Works and Days, Hesiod",Concept,The five ages of mankind (Hesiod),"Hesiod describes five successive eras of humanity, each worse than the last: the ages of gold, silver, bronze, heroes, and iron (our own). It is one of the first pessimistic visions of the course of human history."
"Works and Days, Hesiod",Historical reference,Hesiod's Theogony,"Hesiod's other great poem, telling the genealogy of the Greek gods from the original Chaos. These two works, along with Homer, constitute the founding texts of Greek religion and mythology."
"Medea, Euripides",Concept,The figure of the stranger in Greek tragedy,"Medea is a barbarian (from Colchis), a sorceress, a woman — a triple otherness in the Greek city. Euripides uses this external figure to criticize Athenian values regarding women, marriage, and the Law."
"Medea, Euripides",Concept,Revenge and honor in the Greek world,"Honor (timē) was a fundamental value in Greece. Betrayal demanded reparation. Medea cannot accept the dishonor of being repudiated: her revenge follows a logic of reciprocity which, pushed to the extreme, becomes monstrous."
"Les Misérables, Victor Hugo",Concept,The penal colonies and the penal system in the 19th century,"The penal colonies of Toulon, Brest, and Rochefort were places of forced labor where convicts suffered dehumanizing living conditions, illustrating the severity of a justice system that criminalized poverty."
"Les Misérables, Victor Hugo",Figure,Inspector Javert,"An incorruptible and legalistic policeman who hunts Valjean throughout his life. Born in prison to a prostitute mother, he has made the Law his only religion. He represents the blind rigor of a justice without mercy or the possibility of redemption."
"Madame Bovary, Flaubert",Concept,Bovarysm,"A state of chronic dissatisfaction born from the disproportion between dreams nourished by the imagination (reading, fantasies) and lived reality."
"Madame Bovary, Flaubert",Concept,Free indirect speech,"A narrative Technique allowing the reporting of a Figure's words or thoughts in the indirect style but without an introductory verb, creating a confusion between the narrator and the Figure."
"The Red and the Black, Stendhal",Concept,The symbolism of The Red and the Black,Debated since 1830: red would symbolize the Napoleonic army (the path of success) and black the priestly robe (the Other path under the Restoration). Julien Sorel navigates between these two paths - neither truly suits him.
"The Red and the Black, Stendhal",Historical reference,The French Restoration (1815-1830),"A Period where the Bourbons were restored to the throne after Waterloo. Society was dominated by the nobility and the Church, hostile to revolutionary values. Stendhal saw it as a society of hypocrisy and provincial mediocrity."
"Candide, Voltaire",Concept,Leibniz's optimism,"Philosophy according to which God created the best of all possible worlds and that apparent evil serves a higher good. Voltaire wrote Candide in response, notably to the Lisbon earthquake (1755) which killed 60,000 people in a few minutes."
"Candide, Voltaire",Concept,The Enlightenment philosophy,"18th-century intellectual Movement based on reason, the critique of prejudice, and progress. Voltaire, Rousseau, Diderot, Hume, and Kant questioned religious and Politics authority - intellectually paving the way for future revolutions."
"The Confessions, Rousseau",Concept,"Rousseauism and the ""noble savage""","Rousseau postulated that man is naturally good and that it is society that corrupts him. This idea, opposed to Hobbes, deeply influenced the French Revolution and romanticism."
"The Confessions, Rousseau",Figure,Mme de Warens,"Woman from the Savoyard nobility who welcomed the young Rousseau at age 16, converted him to Catholicism, and became his protectress and then his mistress. Rousseau calls her ""Maman"" in The Confessions, mixing filial affection and a romantic relationship."
"The Stranger, Camus",Concept,The absurd in Camus,A feeling born from the clash between the human desire for meaning and the silence of the universe. Camus does not see the absurd as a cosmic truth but as a lived experience - the response is not suicide but lucid and conscious revolt.
"The Stranger, Camus",Historical reference,Colonial Algeria as a context,The Stranger takes place in French Algeria during the 1940s. The Arab whom Meursault kills remains nameless in the novel - a major postcolonial critique: the novel is said to reproduce the invisibility of Arabs in French colonial Literature.
"The Myth of Sisyphus, Camus",Concept,The absurd revolt,"An attitude of living to the peak of one's consciousness while refusing any hope of transcendent meaning, thus transforming finitude into freedom."
"The Myth of Sisyphus, Camus",Concept,"The philosophical ""leap"" (Kierkegaard)","Camus critiques the ""leap"" that some philosophers take when faced with the absurd: leaping into faith (Kierkegaard) or revolutionary hope (Marx). These ""philosophical suicides"" avoid the absurd instead of confronting it honestly."
"In Search of Lost Time, Proust",Concept,Involuntary memory,"A memory suddenly triggered by a sensation (taste, smell) resurrects a lived past in its emotional entirety, unlike voluntary memory, which is cold and intellectual. The madeleine is the canonical example."
"In Search of Lost Time, Proust",Concept,Time regained through art,"In the final volume, the narrator understands that only art can snatch lived moments from the destruction of time. Literature can restore the past - this is the justification for the entire Recherche and its final revelation."
"Le Père Goriot, Balzac",Concept,Balzac's Human Comedy,A project of 90 interconnected novels and short stories describing the whole of French society. Characters return from one novel to another - an innovation unheard of at the time. Rastignac appears in about twenty works of the cycle.
"Le Père Goriot, Balzac",Figure,Vautrin (Jacques Collin),"An escaped convict and criminal genius, he is the cynical mentor to Rastignac. A recurring figure in the Comédie humaine, he represents out-of-law society - powerful, lucid and without illusions about the respectable world."
"Les Fleurs du Mal, Baudelaire",Concept,Symbolism and Baudelaire's legacy,"Baudelaire is the father of symbolism: he sought not to describe reality but to suggest secret correspondences between sensations, emotions and ideas. Verlaine, Rimbaud and Mallarmé, then the entire Poetics of the 20th century, claim his heritage."
"Les Fleurs du Mal, Baudelaire",Concept,"Baudelairean ""spleen""","Cosmic boredom, a feeling of the futility of the world, an inability to find meaning or joy - faced with an inaccessible ideal. Spleen and ideal are the two opposing poles between which all the poetry of Les Fleurs du Mal oscillates."
"1984, George Orwell",Concept,Newspeak (Newspeak),"The official language of Oceania whose objective is to make dissident thought impossible by eliminating the words that would allow it to be formulated. The more the vocabulary is reduced, the more complex ideas become unthinkable."
"1984, George Orwell",Historical reference,Soviet totalitarianism as a model,"Orwell had observed Stalinism in Spain during the Civil War and experienced the Blitz in London. 1984 is inspired by Staline but embodies a universal totalitarianism: the claim to control not only bodies but reality itself (""2+2=5"")."
"Animal Farm, George Orwell",Concept,The allegory of the Russian Revolution,"Old Major = Marx/Lenin, Napoleon = Stalin, Snowball = Trotsky, Squealer = propaganda. The commands, progressively modified, illustrate the betrayal of revolutionary ideals by the bureaucracy in power."
"Animal Farm, George Orwell",Concept,Stalinism,"Soviet regime under Stalin (1924-1953): cult of personality, political terror (Gulag, Great Purges), planned economy, forced collectivization. The Farm was written in 1943-1944, while the USSR was an ally of Great Britain."
"Hamlet, Shakespeare",Concept,Elizabethan revenge and honor,Revenge is a central theme of Elizabethan theater. A man of honor had to avenge an offense to his family - but this duty conflicted with the Law and Christian morality. This paradox fuels Hamlet's fundamental hesitation.
"Hamlet, Shakespeare",Concept,Melancholy in the 16th century,"In Shakespeare's time, melancholy was a medical ""humor"" (black bile) associated with people of intellect, creativity, and inaction. Hamlet's hesitation corresponds to this medical diagnosis of the period, which explains his inability to act."
"Romeo and Juliet, Shakespeare",Concept,Medieval courtly love,A literary tradition glorifying the secret and suffering love of a knight for a lady (often married). Romeo begins the play in this stereotypical role (in love with Rosalind) before his love for Juliet becomes real and tragic.
"Romeo and Juliet, Shakespeare",Historical reference,The Italian source of the narrative,"Romeo and Juliet is based on a novella by Matteo Bandello (1554), itself inspired by earlier tales. Shakespeare adapted it by tightening the timeframe (from months to a few days) to intensify the tragedy's fatality."
"Brave New World, Aldous Huxley",Concept,Fordism and Taylorism,Methods of industrial organization that rationalized production through the extreme division of tasks and the assembly line. Huxley applies them to human reproduction and conditioning - Ford is the deity of the novel.
"Brave New World, Aldous Huxley",Concept,Soma,Fictional drug in the novel that brings happiness and oblivion without side effects. It symbolizes all forms of chemical or technological addiction allowing individuals to endure a meaningless existence—foreshadowing social media.
"Frankenstein, Mary Shelley",Concept,The creator's responsibility (Modern Prometheus),"Subtitle of the novel: ""The Modern Prometheus"". Victor Frankenstein creates something extraordinary without accepting the consequences. The real monster may not be the creature but its creator who abandons it at birth."
"Frankenstein, Mary Shelley",Related event,"The ""year without a summer"" (1816)","The eruption of Mount Tambora in 1815 projected ash that darkened the global atmosphere, causing a freezing summer in Europe in 1816. In this apocalyptic context, Mary Shelley (18 years old) wrote Frankenstein during a stay on the shores of Lake Geneva."
"Crime and Punishment, Dostoevsky",Concept,Russian nihilism of the 1860s,Intellectual movement rejecting all moral and religious authority in the name of reason and science. Real-life nihilists assassinated Tsar Alexander II in 1881. Raskolnikov embodies a tragic and individualized version of this ideology.
"Crime and Punishment, Dostoevsky",Concept,Redemption through suffering,"Central theme in Dostoyevsky: it is accepted suffering and voluntary humiliation that purify the soul. Raskolnikov will heal not through reason but through humiliating confession and the love of Sonia, a figure of Christ-like sacrifice."
"The Trial, Kafka",Concept,The Kafkaesque,"Adjective that has entered every language to describe an absurd bureaucratic situation where an individual is crushed by an impersonal and incomprehensible system, with no possible recourse. It often precedes the knowledge of the novel itself."
"The Trial, Kafka",Concept,Existential guilt,"Josef K. is perhaps guilty simply of existing, in a world whose rules are incomprehensible. This existential reading of Kafka influenced Sartre and Camus in their own explorations of the human condition."
"Don Quixote, Cervantes",Concept,Metafiction and narrative reflexivity,"Don Quixote is one of the first novels to comment on itself: in the second part (1615), the figures have read the first part (1605) and discuss it. This game with the reality of the novel anticipates literary postmodernism by several centuries."
"Don Quixote, Cervantes",Related event,The Battle of Lepanto (1571) and Cervantes' captivity,"Cervantes fought at the Battle of Lepanto and was wounded (losing the use of his left hand). Captured by pirates in 1575, he was an enslaved person in Algiers for five years. These experiences forged the writer and nourish the humor and depth of the novel."
"The Grapes of Wrath, Steinbeck",Related event,The Dust Bowl (1930-1936),"Agricultural disaster in the Great Plains caused by drought and destructive farming practices. Dust storms blackened the sky as far as New York, forcing hundreds of thousands of families (the ""Okies"") to migrate to California."
"The Grapes of Wrath, Steinbeck",Concept,The American labor movement of the 1930s,"The Great Depression radicalized American workers: the rise of the CIO, massive strikes, socialism. Steinbeck's novel is part of this context of social struggle that influenced Roosevelt's New Deal."
"To Kill a Mockingbird, Harper Lee",Concept,Jim Crow laws and the segregated South,Jim Crow laws (1877-1965) organized segregation in the South. A Black man accused by a white woman was practically condemned in advance by all-white juries — a central reality of justice in the novel.
"To Kill a Mockingbird, Harper Lee",Figure,Atticus Finch,"Fictional lawyer who became the archetype of American moral integrity. His defense of Tom Robinson, whom he knows is innocent but cannot save, illustrates the tragedy of a society where law and justice do not coincide."
"The Great Gatsby, Fitzgerald",Concept,The American Dream and its corruption,The novel is the most famous critique of the American Dream: the idea that one can rise through merit alone. Gatsby succeeds but discovers that social class and the past are insurmountable — old money despises the nouveau riche.
"The Great Gatsby, Fitzgerald",Historical reference,Prohibition (1920-1933),Constitutional ban on the manufacture and sale of alcohol. It gave rise to organized crime and allowed men like Gatsby to make a fortune quickly via bootlegging — the glittering facade of a morally corrupt era.
"The Lord of the Rings, Tolkien",Concept,Tolkienian sub-creation,"Tolkien developed the Concept of ""sub-creation"": the writer creates a secondary World with its own laws and internal coherence. The reader enters it through ""secondary belief"" - the voluntary suspension of disbelief. Tolkien saw it as a quasi-divine act."
"The Lord of the Rings, Tolkien",Historical reference,Norse and Anglo-Saxon mythologies,"Tolkien, a professor of Old English at Oxford, was deeply inspired by Beowulf, the Norse Edda, and the Finnish Kalevala. His avowed goal: to create a Mythology for England, which did not possess one like Greece or Scandinavia."
"Fahrenheit 451, Bradbury",Concept,McCarthyism (1950-1954),"A Period of anti-communist witch hunts. Artists and writers were blacklisted. Bradbury was concerned about Censorship through fear, social and politics pressure on thought - much more than through the books themselves."
"Fahrenheit 451, Bradbury",Concept,The entertainment society and fragmented attention,"Bradbury anticipated self-censorship through entertainment: people so saturated with fast media that they no longer wish to read. The ""parlors"" (wall-screens) in the novel anticipate television and later smartphones."
"One Hundred Years of Solitude, García Márquez",Concept,Magical realism,"A literary style that presents magical events with the same naturalness as real events, without surprise or explanation. Emerging from a Latin American tradition where the marvelous is part of daily life."
"One Hundred Years of Solitude, García Márquez",Historical reference,"The United Fruit Company and the ""banana republics""",The banana company in the novel refers to the American United Fruit Company which economically dominated several Central American countries. A massacre of striking workers that it caused inspired a key scene in the novel.
The Italian Renaissance,Concept,Renaissance humanism,"An intellectual Movement centering reflection on the human being, drawing inspiration from rediscovered Greek and Roman texts. Humanists (Petrarch, Erasmus) valued liberal education, human dignity, and the development of individual faculties."
The Italian Renaissance,Concept,Linear perspective in painting,"A Technique developed by Brunelleschi around 1415: parallel lines converge toward a vanishing point, creating an illusion of depth on a flat surface. This revolution in gaze radically distinguishes Renaissance painting from medieval Art."
The birth of Impressionism,Concept,The official Paris Salon,"Annual exhibition of the Academy of Fine Arts, the only showcase for art in France in the 19th century. Being rejected meant commercial invisibility."
The birth of Impressionism,Concept,Paint tubes and the plein air,"The invention of metal paint tubes (1841) allowed painters to work outdoors. Without the tubes, paint oxidized quickly. This banal Technique innovation was a material condition for the impressionist revolution."
Caravaggio and chiaroscuro,Concept,Baroque painting,"17th-century artistic style characterized by Movement, dramatic contrast, theatricality, and a strong emotional charge aiming to impress the viewer."
Caravaggio and chiaroscuro,Figure,Artemisia Gentileschi,"Major Italian painter (1593-1656), follower of Caravaggism, famous for her scenes of strength and female vengeance with striking realism."
Rembrandt and the Flemish school,Concept,The Dutch Golden Age,"In the 17th century, the United Provinces became the world's leading commercial power. This prosperity created a wealthy Protestant middle class that wanted portraits, genre scenes, and landscapes - a market that allowed Rembrandt and Vermeer to exist."
Rembrandt and the Flemish school,Concept,Rembrandt's bankruptcy (1656),"Rembrandt went bankrupt at the height of his reputation, after spending lavishly on Art collections. His possessions were sold at auction. This ruin forced him to paint under the names of his wife Hendrickje and his son Titus."
Cubism: Picasso and Braque,Concept,African and Oceanic art as influence,Picasso's discovery of African masks around 1906-1907 was a revelation: an art that did not seek to imitate reality but to provide a symbolic and structural representation of it. Decisive for the Demoiselles d'Avignon.
Cubism: Picasso and Braque,Concept,Collage (papiers collés),"Innovation of synthetic Cubism (1912): Braque and Picasso pasted pieces of newspapers and wallpaper into their paintings. By integrating fragments of reality into the work of art, they blurred the boundary between representation and reality."
Surrealism: Dalí and Magritte,Concept,Freudian psychoanalysis as a source,"Surrealism was directly inspired by Freud: the unconscious as a reservoir of repressed images, dreams as the royal road to the unconscious, free association. André Breton had met Freud in 1921 and wanted to liberate the unconscious in art."
Surrealism: Dalí and Magritte,Concept,Automatic writing,"Surrealist Technique: writing or painting without conscious control, letting the flow of the unconscious express itself directly. Breton used it as a Poetics tool. Dalí developed his own pictorial variant with the paranoiac-critical method."
Expressionism: Munch and The Scream,Concept,"German Expressionism (Die Brücke, Der Blaue Reiter)","German artistic movements (1905-1920) pushing expressionism to the extreme: radical deformation of forms, garish colors, distressing themes. Kirchner, Kandinsky, Nolde were reacting to modernization and foreshadowing the trauma of 1914."
Expressionism: Munch and The Scream,Related event,The eruption of Krakatoa (1883) and the red sky,"The catastrophic eruption of Krakatoa projected ash that colored sunsets blood-red around the World for months. Munch noted in his diary having seen a sky of ""blood and fire"" — likely this phenomenon."
Abstract Art: Kandinsky and Mondrian,Concept,The Bauhaus and the art-industry synthesis,School of Art and design founded in Weimar in 1919 which attempted to reconcile the major arts and applied arts. Kandinsky and Klee taught there. Its minimalist and functional aesthetic is omnipresent in contemporary design.
Abstract Art: Kandinsky and Mondrian,Concept,Mondrian's Neoplasticism (De Stijl),"Dutch movement founded in 1917: reducing art to its purest elements - horizontal and vertical lines, primary colors, white and black. Mondrian sought a universal visual language beyond any specific culture."
Pop Art: Warhol and Lichtenstein,Concept,American consumer society of the 1950s-60s,"After the war, the American economy produced unprecedented abundance. Advertising and mass media created a culture of standardized images that Pop Art used as artistic material, questioning the boundary between art and product."
Pop Art: Warhol and Lichtenstein,Concept,The aura and mechanical reproduction (Walter Benjamin),"Benjamin (1935) analyzed how technical reproduction destroys the ""aura"" of the unique work. Warhol radicalized this idea: by mechanically reproducing popular images, he questioned the very notion of original and author."
The birth of electronic music,Concept,The Theremin,"First electronic instrument (1920), played without physical contact: two antennas detect the position of the hands and control pitch and volume. Its ethereal sound was used in 1950s horror films and by the Beach Boys."
The birth of electronic music,Concept,Chicago house and Detroit techno,Chicago house (1984) used drum machines and deep bass. Detroit techno (1986-1988) was colder and more mechanical. Both emerged from marginalized Black and Latino communities and became global phenomena.
Bob Dylan and protest folk,Concept,The American folk revival (Woody Guthrie),Rediscovery of traditional American music by urban artists in the 1950s-60s. Pete Seeger and Woody Guthrie made folk the soundtrack of the labor and civil rights movements. Dylan was its prodigal heir.
Bob Dylan and protest folk,Concept,Music as a political tool,"In the Guthrie tradition, protest folk used accessible melodies to spread political messages. Dylan's ""Blowin' in the Wind"" and ""The Times They Are A-Changin'"" became anthems of the Civil Rights Movement."
Hip-hop: birth of a culture,Concept,Robert Moses's highway policy,"New York urban planner who built urban highways devastating working-class neighborhoods in the Bronx during the 1950s-60s. The Cross-Bronx Expressway destroyed 60,000 housing units, creating the conditions of dereliction in which hip-hop was born."
Hip-hop: birth of a culture,Concept,Musical sampling,"Technique consisting of using extracts from existing records as the basis for a new Work. Legally problematic, sampling was recognized as a form of legitimate artistic creation after long legal battles."
Verdi's opera,Concept,The Italian Risorgimento,"Movement for Italy's national reunification (circa 1815-1871). Verdi's operas - notably ""Va, pensiero"" from Nabucco - became nationalist anthems. Verdi himself was a symbol: his name was used as an acronym for Vittorio Emanuele, Re D'Italia."
Verdi's opera,Concept,Opera seria vs. opera buffa,"Two Italian genres: opera seria (noble subjects, tragedy) and opera buffa (comic subjects, ordinary characters). Verdi excelled in opera seria but renewed the genres by integrating realistic psychological drama and social tension."
Mozart: child prodigy and tragic life,Concept,The status of the musician in the 18th century,"Social status where the musician is considered a servant attached to a nobleman or a prelate, having to compose and play according to the desires of his patron."
Mozart: child prodigy and tragic life,Historical reference,Freemasonry and The Magic Flute,"The Magic Flute (1791) is a masonic allegory: Tamino's initiatory trials, the struggle between light/darkness reflect the masonic rituals and ideals of the Enlightenment to which Mozart had adhered since 1784."
Beethoven: genius and deafness,Concept,"""Absolute"" music vs. program music","Absolute music (Beethoven) expresses pure emotions without external reference. Program music (Berlioz, Liszt) tells a story. This distinction structures the great aesthetic debate of the romantic 19th century."
Beethoven: genius and deafness,Concept,The Ode to Joy and the European anthem,"The last Movement of the 9th Symphony, based on Schiller's poem, became the official anthem of the European Union in 1985. The universalism of its message (brotherhood of humanity) makes it the symbol of the European ideal of unity."
The birth of rock 'n' roll,Concept,Segregation in the American music industry,"American radio stations in the 1940s and 50s refused to broadcast ""race music"" (blues, R&B) on ""white"" stations. The birth of rock'n'roll occurred largely when white artists covered Black styles, raising questions of cultural appropriation."
The birth of rock 'n' roll,Concept,Rhythm and blues (R&B),"A 1940s genre combining electrified blues, jazz, and gospel, created by Black artists. Rhythm and blues was the direct foundation of rock'n'roll: Elvis and Chuck Berry were directly inspired by it."
Bach and Baroque music,Concept,Counterpoint and fugue,"Counterpoint is the art of combining several independent melodies according to harmonic rules. The fugue is its most elaborate form: a theme is presented by different voices in turn, then developed in increasingly complex combinations."
Bach and Baroque music,Concept,Equal temperament,"Bach's ""Well-Tempered Clavier"" (48 preludes and fugues in all keys) demonstrated that a uniform tuning allowed playing in all keys without sounding out of tune. This system is the one used by all modern instruments."
The birth of American jazz,Concept,Congo Square in New Orleans,"Place where Louisiana law allowed enslaved people to gather on Sundays to play and dance. This unique location in North America allowed for the preservation of African musical traditions which, combined with European harmony, gave birth to jazz."
The birth of American jazz,Concept,Improvisation in jazz,"Unlike classical music, jazz makes improvisation its heart: the musician invents their melodic line in real time, over an agreed-upon harmonic grid, in response to others. It is both total freedom and a demanding discipline."
The blues: roots of all modern music,Concept,The 12-bar structure,"The founding harmonic architecture of the blues: a sequence of 12-bar in three parts (tonic, subdominant, dominant) that repeats. This infinitely variable structure is the grid upon which the blues is improvised and is found in rock, jazz, and pop."
The blues: roots of all modern music,Concept,Blue notes,"""Bent"" notes between two notes of the standard scale, played slightly below their usual pitch. These microtonal inflections come from the African vocal tradition and give blues its specific expressive and poignant character."
The birth of photography,Concept,William Fox Talbot's calotype,Photographic process on paper (circa 1840) allowing for several prints to be made from a negative - unlike the unique daguerreotype. It is the direct ancestor of film photography used until the digital age.
The birth of photography,Concept,The impact of photography on figurative painting,Photography freed painting from its documentary function. Painters no longer had to immortalization faces or battles - photography did it better and for less. This liberation is one of the conditions for impressionism and then abstraction.
Charlie Chaplin and silent cinema,Historical reference,The Lumière brothers and early cinema,"Cinema was born in France (Enlightenment, 1895) but became industrialized in the United States. Hollywood established itself in the 1910s-1920s thanks to the Californian sun, the diversity of landscapes, and the massive immigration of European talent."
Charlie Chaplin and silent cinema,Concept,Slapstick,"A comic genre of silent cinema based on physical gags, falls, chases, and grotesque violence. The term comes from a theater prop. Charlot brought this genre to its perfection by adding emotional depth and social criticism."
Orson Welles and Citizen Kane,Concept,Depth of field (deep focus),"Cinematographic technique where all planes of the image (foreground, middle ground, background) are sharp simultaneously, allowing for complex action within a single frame."
Orson Welles and Citizen Kane,Figure,William Randolph Hearst,American press tycoon of the early 20th century whose life served as a model for the figure of Charles Foster Kane.
The French New Wave,Concept,Auteur theory,"Theory by Truffaut in the Cahiers du Cinéma (1954): the true author of a film is the director, who expresses his personal vision. It promoted Hollywood filmmakers like Hitchcock or Hawks whom French academic critics despised."
The French New Wave,Concept,Shooting on location and the lightweight camera,"The Nouvelle Vague technically reinvented cinema: lightweight portable cameras, fast film stocks allowing filming without artificial lighting. These budgetary constraints became a revolutionary aesthetic - cinema ""taken to the streets""."
Kubrick: 2001: A Space Odyssey,Figure,Arthur C. Clarke,"British science fiction author who co-wrote the screenplay for 2001 from the short story ""The Sentinel"" (1948). He invented the concept of the geostationary communication satellite in 1945 - long before its technical realization."
Kubrick: 2001: A Space Odyssey,Concept,Artificial intelligence and HAL 9000,"HAL 9000 is one of the first depictions of a conscious AI in conflict with its creators. Its anthropomorphism (calm voice, relentless logic, self-preservation) foreshadows current debates on AI safety."
Hitchcock and suspense,Concept,The MacGuffin,"Hitchcock's term for the object that all characters pursue (the suitcase, the secret plans) but whose content has no importance for the viewer. What matters is the desire it arouses and the narrative dynamics it generates."
Hitchcock and suspense,Concept,Subjective camera (point of view shot),"Technique where the camera adopts the point of view of a character, making the viewer experience exactly what they see. In Vertigo, Scottie's vertigo is transmitted by a zoom-out/dolly-in technique invented for the film."
Gothic architecture: cathedrals,Concept,The flying buttress and the rib vault,"Structural innovations of Gothic architecture. The rib vault distributes weight onto ribs rather than the entire walls. The flying buttress transfers the thrust outwards, allowing walls to be opened into windows without the building collapsing."
Gothic architecture: cathedrals,Concept,The theology of light (Abbot Suger),"Suger theorized that divine light, channeled through colored stained glass, elevated the soul toward God. This ""metaphysics of light"" inspired Gothic architecture in its pursuit of ever larger windows and ever higher arches."
The Bauhaus,Concept,Functionalism in design,Principle of The Bauhaus: form follows function. A well-designed Object is beautiful because it perfectly fulfills its use - without superfluous ornamentation. This principle structures modern industrial design.
The Bauhaus,Event,Shutdown by the Nazis (1933),"Hitler closed The Bauhaus in 1933, considering its aesthetics as ""degenerate"". Its teachers emigrated to the United States (Gropius to Harvard, Mies van der Rohe to Chicago), where they profoundly influenced American architecture and design."
The Mona Lisa,Concept,Leonardian sfumato,Technique by Leonardo da Vinci: very thin layers of translucent glaze (sometimes 40 layers) create imperceptible transitions between light and shadow. It is this sfumato that makes the smile of The Mona Lisa so ambiguous and elusive.
The Mona Lisa,Related event,The theft of the Mona Lisa (1911),"Vincenzo Peruggia, a Louvre employee, stole The Mona Lisa and kept it at his home in Florence for two years. This theft made headlines around the World and transformed The Mona Lisa, then little known to the general public, into the most famous painting in the World."
"The Starry Night, Van Gogh",Concept,Art as inner expression,Central Concept for Van Gogh where the Work does not seek to reproduce physical reality but the painter's emotions and visions.
"The Starry Night, Van Gogh",Related event,The Arles drama with Gauguin,"Van Gogh invited Gauguin to share his yellow house in Arles. After two months of difficult coexistence, a violent argument precipitated Van Gogh's crisis, who cut off his ear and was voluntarily institutionalized in Saint-Rémy."
"Guernica, Picasso",Related event,The Spanish Civil War (1936-1939),Conflict between the Spanish Republic and the Francoist uprising supported by Nazi Germany and Fascist Italy. Spain was the testing ground for the new bombing tactics of the coming Second World War.
"Guernica, Picasso",Concept,The Condor Legion,Air military unit of the Luftwaffe sent to Spain to support Franco and test new saturation bombing tactics. The bombing of Guernica was its first massive use against a civilian city.
"Liberty Leading the People, Delacroix",Related event,"The Three Glorious Days (July 27-29, 1830)","Three revolutionary days that overthrew King Charles X, who wanted to suppress freedom of the press and reduce voting rights. Louis Philippe I took the constitutional throne in his place."
"Liberty Leading the People, Delacroix",Concept,"Marianne, symbol of the Republic","An allegorical female figure embodying the French Republic since the Revolution. Her Phrygian cap (a symbol of ancient freedom) is her distinctive attribute. Delacroix's Liberty is its founding image, reproduced in every town hall in France."
"The Creation of Adam, Michelangelo",Concept,Fresco as a mural technique,"Painting done on fresh plaster (fresco = fresh in Italian). The pigments integrate into the plaster as it dries, making the color permanent and resistant over centuries. Michelangelo had to work in daily sections (giornata) on his back from a scaffold."
"The Creation of Adam, Michelangelo",Concept,"The ""brain cape"" theory","Theory by Frank Meshberger (1990): the shape of the red cloak surrounding God is said to exactly reproduce the anatomical cross-section of a human brain. If intentional, Michelangelo would have symbolized that God is a creation of the human mind."
"Impression, Sunrise, Monet",Figure,"Louis Leroy and the birth of the term ""impressionism""","An art critic for ""Le Charivari"", Louis Leroy wrote a sarcastic article in 1874: ""Impression, I was certain of it!"". He intended to mock — the term ""impressionists"" was adopted by the artists themselves with pride, turning the insult around."
"Impression, Sunrise, Monet",Historical reference,The industrialized port of Le Havre in the 19th century,"Le Havre was the leading French commercial port, transformed by industrialization. Monet shows precisely this industrial modernity (steam, cranes, small boats) in the morning mist — a fleeting vision of modernity in progress."
"Nighthawks, Hopper",Concept,American urban alienation,"Nighthawks was painted in 1942, a few weeks after Pearl Harbor. The isolation of the characters in the American night reflects a profound unease: the individualism of American society, the lack of community, the emptiness behind material abundance."
"Nighthawks, Hopper",Concept,The American diner,"Cultural Institution: restaurant open 24/7, fast counter service, anonymous passing clientele. An ultimate Place of collective solitude, it feeds the iconography of American literature, cinema (film noir), and painting."
"Les Demoiselles d'Avignon, Picasso",Concept,Primitivism in modern art,An early 20th-century trend seeking a lost vitality in African and Oceanic arts. Picasso found there a radical freedom of representation that broke the conventions of perspective held since the Renaissance.
"Les Demoiselles d'Avignon, Picasso",Place / institution,Le Bateau-Lavoir (Montmartre),"A dilapidated building in Montmartre where Picasso lived and worked from 1904 to 1909, surrounded by artists and poets (Max Jacob, Apollinaire, Braque). It was there, in a studio without water or heating, that he painted the Demoiselles d'Avignon."
"The Persistence of Memory, Dalí",Concept,Soft time and Bergsonian philosophy,"Bergson distinguished between physical time (measurable) and lived time (subjective, elastic). Dalí's soft watches visually illustrate this ""Bergsonian time"": in dreams, time expands, contracts, and loses all rigidity."
"The Persistence of Memory, Dalí",Place / institution,Cap de Creus (Catalonia),A rocky coastal landscape of the Costa Brava visible in many of Dalí's paintings. The characteristic eroded granite geological formations of this cape fueled his imagination for ambiguous and melting forms.
Greek tragedy and ancient theater,Concept,The chorus in Greek tragedy,"A group of 12 to 15 citizens who sing, dance, and comment on the action between episodes. The chorus represents the voice of the community and provides a moral perspective on the heroes' actions. Its role gradually diminished under Sophocles and Euripides."
Greek tragedy and ancient theater,Place / institution,The Theatre of Epidaurus,"An ancient theater from the 4th century BC, capable of seating 14,000 spectators. Its extraordinary acoustics (a coin drop can be heard from any seat) remain mysterious and surpass the capabilities of modern acoustic engineering."
The theater of Shakespeare,Concept,The Globe Theatre (1599),"A theater built on the south bank of the Thames, outside the limits of the City of London (which banned performances). Octagonal and open to the sky, it hosted 3,000 spectators standing (the ""groundlings"") or seated in the covered galleries."
The theater of Shakespeare,Concept,Shakespearean blank verse,Unrhymed 10-syllable line (iambic pentameter) used by Shakespeare for noble Figures. Commoners spoke in prose. This social distinction through language is a convention of Elizabethan theater.
Freedom of the press and photojournalism,Concept,The ethics of photojournalism,Fundamental tension: how far should a photographer get involved? Kevin Carter photographed a vulture waiting for a Sudanese child to die (1993) and was accused of not helping. He received the Pulitzer then committed suicide three months later.
Freedom of the press and photojournalism,Figure,Henri Cartier-Bresson,"French photographer, founder of the Magnum agency (1947) and theorist of the ""decisive moment"": the unique instant where form and content coincide perfectly. His Work with the Leica is considered the pinnacle of humanist photojournalism."
"The birth of the Greek gods (Cronus, Zeus, Olympus)",Concept,Hesiod's Theogony,"Poem (circa 700 BC) recounting the origin and genealogy of the Greek gods since Chaos. Our main source on Greek cosmogony, it presents passionate and violent gods, subjected like men to the forces of destiny."
"The birth of the Greek gods (Cronus, Zeus, Olympus)",Concept,Greek divine anthropomorphism,"Greek gods are entirely human in their emotions (jealousy, love, anger) but immortal and supernatural. Xenophanes already criticized this vision: ""if horses had gods, they would represent them as horses""."
Prometheus: the thief of fire,Concept,The Promethean myth in modern culture,"Prometheus has become the symbol of human emancipation through knowledge, defying the limits set by the gods. Goethe, Shelley (Frankenstein), Marx claimed him as a symbol - he embodies the modernity rebelling against the established order."
Prometheus: the thief of fire,Figure,Epimetheus (brother of Prometheus),"His name means ""the one who thinks after"". He accepted without thinking Pandora's gift sent by Zeus. His recklessness introduced evils into the World. The Prometheus-Epimetheus pair illustrates the opposition between foresight and impulsivity."
Pandora and the box,Concept,Misogyny in Greek mythology,"The myth of Pandora is often read as a mythological justification for the Greeks' mistrust of women: it is a woman who introduces evil into the World, through curiosity or disobedience. A myth parallel to Eve in the Bible."
Pandora and the box,Concept,Elpis (Hope),"In Hesiod's version, Hope remains in the jar when Pandora closes it. A fundamental ambiguity: is it the last benevolent gift of the gods, or an additional evil (false hope, illusion) that tortures men by making them believe that things will improve?"
Demeter and Persephone (the seasons),Concept,The Eleusinian Mysteries,"Secret initiation ceremonies celebrated at Eleusis for over a millennium (600 BC - 400 AD). Based on the myth of Persephone, they promised initiates a blissful life after death. Plato and Marcus Aurelius were initiated into them."
Demeter and Persephone (the seasons),Concept,The agricultural cycle in Greek religion,"The myth of Persephone is a mythological explanation of the vegetative cycle: when she descends into the Underworld (autumn-winter), the earth is sterile; when she ascends (spring), the vegetation is reborn. Greek religion was linked to agricultural rhythms."
Orpheus and Eurydice,Concept,Catabasis: the descent into the Underworld,"A recurring mythological motif: the hero descends into the Underworld alive (Heracles, Odysseus, Aeneas, Orpheus). This ""catabasis"" symbolizes the initiatory journey into death and the confrontation with the unconscious."
Orpheus and Eurydice,Concept,Orphism: Greek mystery religion,"A religious movement inspired by the myth of Orpheus, advocating for the purification of the soul and metempsychosis (transmigration of souls). It influenced Pythagoras and Plato in their conception of the immortality of the soul."
Narcissus and Echo,Concept,Narcissism in psychology,"A term coined by Freud (1914): excessive love of oneself, inability to love others. In the myth, Narcissus cannot love Echo because he loves only his own image. Freud distinguished primary narcissism (healthy) from pathological narcissism."
Narcissus and Echo,Concept,The echo in acoustic physics,"The repercussion of a sound on a surface and its return to its source. The word ""echo"" comes directly from the nymph in the myth, condemned to only repeat the last words heard. This myth explained the natural acoustic phenomenon to the Greeks."
Icarus and Daedalus,Concept,Hybris and excess,Icarus embodies classic Hybris: failing to respect human limits and seeking to rise to the gods. This transgression is always punished in Greek mythology - the Greeks saw in hubris the tragic fault par excellence.
Icarus and Daedalus,Concept,The labyrinth as a symbol,"Daedalus's construction imprisoning the Minotaur. Beyond the myth, the Labyrinth has become a universal symbol of wandering, of the quest and the impossible return - of the unconscious or of inextricable destiny."
Sisyphus: eternal punishment,Concept,The absurd in Camus and Sisyphus,"In The Myth of Sisyphus (1942), Camus chooses this myth because Sisyphus knows his fate and continues anyway. Camus concludes that ""one must imagine Sisyphus happy"" - only the refusal of resignation makes the absurd bearable."
Sisyphus: eternal punishment,Concept,The hubris of Sisyphus,"Sisyphus was punished for having cheated death twice and revealed secrets of the gods. In Greek mythology, mortals who defied the divine order or claimed immortality received eternal and exemplary punishments."
Tantalus and his torment,Concept,"The ""tantalizing punishment"" as archetype",Expression describing any situation where what one desires is almost within reach but always inaccessible. This universal symbol of frustration and temptation has crossed all cultures and is found in psychological theories on desire.
Tantalus and his torment,Concept,"The chemical element tantalum (Ta, 73)",Named as such in 1802 by Ekeberg because it is insoluble in acids - like Tantalus who can swallow nothing. It is used in capacitors for smartphones and in biocompatible medical prostheses.
Medusa and Perseus,Concept,The Gorgoneion,"Representation of the head of Medusa used as an Apotropaic amulet (to ward off evil) throughout ancient Greece. It was found on temples, shields, rings, mosaics. It passed into Roman Art and then into medieval coats of arms."
Medusa and Perseus,Concept,"Pegasus, born from Medusa's blood","When Perseus decapitates Medusa, the winged horse Pegasus is born from her blood. He would be captured by Bellerophon with the help of Athena and would allow him to defeat the Chimera. Pegasus has become the universal symbol of poetic inspiration."
Hercules and his 12 labors,Concept,Greek heroism vs. Christian heroism,"Greek heroism (Hercules, Achilles) values strength, warrior glory, and prowess - even if Hercules acts out of penance. Christian heroism values humility, sacrifice, and accepted suffering. This tension structures Western culture."
Hercules and his 12 labors,Concept,The Pillars of Hercules,"Promontories of Gibraltar that ancient tradition considered the boundaries of the known world. The expression ""nec plus ultra"" was associated with them. Columbus crossed them in 1492, pushing back the limits of the known World towards the West."
Theseus and the Minotaur,Concept,The Labyrinth of Knossos in Crete,"Excavations at Knossos revealed the Minoan palace, with its complex layout evoking a labyrinth. The Minoan civilization (2700-1450 BC) and its bull cult are likely at the origin of the myth of the Minotaur."
Theseus and the Minotaur,Concept,Ariadne's thread,"An expression that has entered every language to designate a landmark allowing one to find their way in a complex situation. Ariadne gives Theseus a thread to exit the labyrinth - a symbol of memory, method, and the help of the Other."
Odysseus and the Cyclops,Concept,Metis (cunning) in Greek culture,"Practical intelligence, cunning, the ability to reverse an unfavorable situation. Odysseus embodies metis par excellence - his Homeric epithet is ""of many wiles."" It is opposed to biē (brute force) embodied by Ajax."
Odysseus and the Cyclops,Concept,The Cyclopes in Greek mythology,"One-eyed beings, sons of Uranus and Gaia: divine blacksmiths who forged the lightning of Zeus. In Homer, Polyphemus and his kind are wild shepherds ignorant of the gods and laws - an embodiment of barbarism."
Jason and the Golden Fleece,Concept,Colchis (modern-day Georgia),"Region east of the Black Sea, described in Greek myths as the end of the eastern World. Shepherds there used sheep fleeces to filter gold from the gold-bearing rivers of the Caucasus - the ""golden fleece"" may have been real."
Jason and the Golden Fleece,Figure,Medea and Jason's betrayal,"Daughter of the king of Colchis, she betrayed her father and sacrificed her brother for Jason. When Jason abandoned her for a politics alliance in Corinth, her revenge - killing their own children - is the most terrible act in all of Greek Mythology."
Achilles: the heel and invulnerability,Concept,Greek kleos (posthumous glory),Supreme value of heroic culture: immortal glory acquired through warlike exploits and transmitted by poets. Achilles deliberately chooses a short but glorious life over a long life without glory - a fundamental choice of Greek heroic ethics.
Achilles: the heel and invulnerability,Concept,The Myrmidons,"Achilles' elite warriors, legendarily created by Zeus from ants (myrmex = ant in Greek). In the Iliad, they are the most feared soldiers. Their absolute loyalty to Achilles illustrates the unbreakable bond between a hero and his men."
Oedipus and the Sphinx,Concept,The Sphinx in world iconography,"Hybrid creature present in many cultures: Egyptian Sphinx (lion, human head, royal symbol) and Greek Sphinx (female, winged, poser of deadly riddles). The same image takes on opposite meanings depending on the culture."
Oedipus and the Sphinx,Concept,Incest as a fundamental transgression,"Oedipus's (unintentional) incest represents the ultimate transgression of social order: the confusion of generations. For the Greeks, it caused a defilement (miasma) affecting the entire community, visible in the pestilence striking Thebes."
Antigone: family duty vs. state law,Concept,The Hegelian dialectic of Antigone,"Hegel was the first (1807) to theorize that in Antigone, both protagonists are each right according to their own principles - family vs State, divine Law vs human Law. It is not a matter of good and evil but of two incompatible goods: the very definition of the tragic."
Antigone: family duty vs. state law,Related event,Jean Anouilh's Antigone (1944),"Play performed in Paris under the Nazi Occupation. Anouilh deliberately left its Politics reading ambiguous: Creon could represent the Germans or Vichy, Antigone the Resistance. Both sides found what they were looking for in the Work - genius or opportunism?"
The Trojan War and the wooden horse,Concept,Troy (Hisarlik) and archaeology,"Schliemann located Troy in 1870 at Hisarlik, Turkey. Excavations revealed nine successive cities. Troy VIIa (around 1184 BC) shows traces of fire compatible with the Homeric account - the Trojan War may have actually taken place."
The Trojan War and the wooden horse,Concept,The return of the heroes (Nostoi),"After the Trojan War, Greek heroes experience tragic returns: Agamemnon is murdered, Ajax dies. Only Menelaus finds Helen again. These ""Nostoi"" formed an epic cycle (now lost) that was as important as the Iliad for the ancient Greeks."
Thor and Loki (Norse mythology),Work,The Prose Edda (Snorri Sturluson),"An Icelandic Poetics and Mythology treatise from the 13th century. Although written in a Christian context, it constitutes the most structured source on Norse beliefs, intended to preserve the Art of ancient poetry."
Thor and Loki (Norse mythology),Concept,Mjolnir and the swastika cross,"Thor's hammer was the most widespread symbol of protection in medieval Scandinavia. Linked to a solar symbol (Norse swastika), it was misappropriated by the Nazis in the 20th century - giving this unfortunate symbol a lasting connotation."
Ragnarök: the end of the Norse world,Concept,"Yggdrasil, the world tree","Norse cosmic ash tree connecting the nine worlds. Its roots delve into the realms of the gods, the Giants, and the dead. The Norns (weavers of fate) live at its base. The cosmic tree is an almost universal mythological archetype."
Ragnarök: the end of the Norse world,Concept,Comparative apocalypticism,"The vision of Ragnarök shares traits with other eschatologies: the Christian Last Judgment, the Hindu Kali Yuga. These apocalyptic visions reflect a universal concern for the end of times and, often, the Renaissance that follows."
Osiris and Set (Egyptian mythology),Concept,The concept of Ma'at,"Fundamental principle of Egyptian thought: cosmic order, truth and justice. The pharaoh was responsible for maintaining Ma'at against chaos. Osiris presides over the judgment of the dead, weighing their heart against the feather of Ma'at."
Osiris and Set (Egyptian mythology),Concept,The Book of the Dead,"A collection of magical spells accompanying deceased Egyptians into the afterlife. It guided the soul through the trials of the underworld, notably the judgment before Osiris. Some illustrated papyri are among the most beautiful Works of Egyptian Art."
Gilgamesh: history's first hero,Concept,"The Mesopotamian civilization (Sumer, Babylon)","A collective term for the civilizations of the Fertile Crescent between the Tigris and Euphrates rivers (modern Iraq). They invented cuneiform writing, codified Law (Code of Hammurabi), sexagesimal mathematics and astronomy."
Gilgamesh: history's first hero,Concept,The Flood narrative in the Epic,Tablet XI of the Epic contains a universal Flood myth earlier than the biblical Deluge: Utnapishtim builds a boat and brings all the animals on board. This parallel stunned biblical scholars when it was discovered in 1872.
Romulus and Remus: the founding of Rome,Concept,Ab Urbe Condita (753 BC),"The traditional Date of the founding of Rome, calculated by Varro in the 1st century BC. The Romans counted years ""from the founding of the city"" (AUC). This legendary Date corresponded to the monarchy of the seven kings of Rome."
Romulus and Remus: the founding of Rome,Concept,The Capitoline Wolf,"A bronze statue of a she-wolf suckling Romulus and Remus, symbol of Rome. Long believed to be Etrusque (5th century BC), recent studies date it to the Middle Ages. The human twins were added by Pollaiolo in the 15th century."
Vishnu and Shiva (Hindu mythology),Concept,Samsara and karma,Samsara: the cycle of soul reincarnations. Karma: the Law of moral causality - every action has consequences for future lives. Vishnu descends to the World in avatars specifically to restore the disturbed cosmic Karma.
Vishnu and Shiva (Hindu mythology),Concept,The Bhagavad Gita,"Central philosophical text of Hinduism extracted from the Mahabharata: Krishna (avatar of Vishnu) explains to Arjuna the meaning of duty (dharma) and selfless action before the battle. Admired by Thoreau, Emerson, Gandhi, and Oppenheimer."
The Valkyries and Valhalla,Concept,Norse warrior eschatology,"Norse warriors sought to die with weapons in hand to be chosen by the Valkyries. Dying of illness (""straw death"") did not open the gates of Valhalla - this vision of a warrior paradise structured Viking culture."
The Valkyries and Valhalla,Historical reference,The Ride of the Valkyries (Wagner),"Richard Wagner set Norse mythology to music in Der Ring des Nibelungen (1848-1874). ""The Ride of the Valkyries"" is among the best-known works of classical music in the world, often associated with American cinema."
The Phoenix across cultures,Concept,The Phoenix in medieval alchemy,"The Phoenix bird was adopted by alchemists as a symbol of transmutation: as it is reborn from its ashes, base metals can be transformed into gold. Its presence is recurrent in hermetic and esoteric literature."
The Phoenix across cultures,Concept,The Chinese Fenghuang,"Chinese mythological bird symbol of virtue and grace, associated with the Empress (as the dragon is with the Emperor). Its reappearance announced a virtuous and just reign. It embodies the five Confucian virtues."
The Titans vs the Gods (Titanomachy),Concept,Order and chaos in Greek mythology,"The Titanomachy represents the victory of Olympian order (Zeus, reason, law) over the primordial chaos of the Titans. This narrative structure - a cosmic struggle between order and chaos - is found in all major world mythologies."
The Titans vs the Gods (Titanomachy),Concept,Atlas holding up the sky,"Titan condemned to carry the heavens (and not the Earth, contrary to popular belief) on his shoulders for eternity. His name gave ""Atlas"" to map collections as early as the 16th century (Mercator illustrated him on the cover)."
Dionysus: the god of wine and excess,Concept,The birth of theater from Dionysus,Greek tragedies and comedies were born from Dionysian rituals. Thespis (6th century) was the first to introduce an actor distinct from the chorus - the founding act of Western theater. The theater of Athens was itself a place of worship for Dionysus.
Dionysus: the god of wine and excess,Concept,The Apollonian and the Dionysian (Nietzsche),Philosophical opposition between order/reason (Apollo) and chaos/intoxication (Dionysos) as drivers of artistic creation.
B,Figure,Andromeda,Ethiopian princess saved by Perseus from a sea monster and who became his wife.
Aeneas and the founding of Rome (Virgil),Concept,Roman pietas,"Fundamental virtue according to Virgil: devotion to the gods, the homeland, and the family. Aeneas is the ""pious Aeneas"" - he escapes from Troy carrying his old father on his back. This value embodies the Roman ideal in opposition to Greek hybris."
Aeneas and the founding of Rome (Virgil),Concept,Augustan propaganda,"The Aeneid was written as a commission for Augustus to legitimize the imperial regime by placing Rome within a divine destiny. The lineage of Aeneas, son of Venus, becomes the lineage of Caesar and Augustus himself - a narrative of founding politics as much as literary."
Aztec gods and human sacrifices,Concept,The cosmology of the Five Suns and the cosmic debt,The gods had sacrificed their blood to create the fifth sun. Humans were in perpetual debt and had to repay with blood. This logic of cosmic exchange made sacrifices morally necessary in the Aztec vision of the World.
Aztec gods and human sacrifices,Concept,"Huitzilopochtli, the sun god","God of the Sun and war, protector of the Mexica. As the sun must ""fight"" darkness every morning, he needs the blood of captured warriors to complete his daily journey and rise again."
The Mahabharata,Concept,The Bhagavad Gita as a philosophical text,"The 18 chapters of dialogue between Krishna and Arjuna constitute a major philosophical text, independent of the rest of the epic. Krishna teaches selfless action (karma yoga), devotion (bhakti) and knowledge (jnana) as paths to liberation."
The Mahabharata,Concept,Orality and the transmission of Indian epics,"Like Homer, The Mahabharata was first an oral epic memorized and recited by griots. Its transcription spanned several centuries. These texts are still recited and sung throughout India, as alive as ever."
"Lancelot, Guinevere and the Round Table",Concept,Medieval courtly love (fin'amor),"A social code glorifying the secret and inaccessible love of a knight for a lady (often married). Lancelot and Guinevere are the perfect example of this. This adulterous passion, destructive yet sublime, is at the heart of medieval literature."
"Lancelot, Guinevere and the Round Table",Concept,The Quest for the Grail and medieval Christianity,"The Grail was christianized: the chalice of the Last Supper or the cup that collected the blood of Christ. The quest becomes a spiritual quest for purity. Only Galaad - pure and without sin - can reach it. Lancelot, defiled by his love for Guinevere, fails."
Merlin the Enchanter,Concept,The figure of the archmage in literature,"Merlin is the prototype of the archmage: Gandalf (Tolkien), Dumbledore (Rowling) are direct descendants. The wise old man with mysterious powers who guides the hero is a near-universal narrative archetype."
Merlin the Enchanter,Concept,Prophecy in medieval culture,"The prophecies of Merlin compiled by Geoffrey of Monmouth (1136) became an autonomous literary genre, very popular in the Middle Ages. They were reinterpreted at every major politics Event - like the Apocalypse of John in the Christian World."
One Thousand and One Nights (Scheherazade),Concept,European Orientalism,"Fascination and idealization of the Orient by Europeans, often stereotyped. One Thousand and One Nights, notably in the translation by Antoine Galland (1704), fueled this Orientalism: harems, Caliph, genies became the standard image of the Arab World in Europe."
One Thousand and One Nights (Scheherazade),Concept,Embedded stories (frame narrative),"Narrative Technique: stories are nested within one another. Inherited from the Indian tradition, it was brought to its peak by Scheherazade and would influence Boccaccio, Chaucer, Cervantes, then Borges and postmodern narrative."
Sinbad the Sailor,Concept,Medieval Arab trade routes,"From the 7th to the 14th century, Arab merchants dominated maritime trade in the Indian Ocean. The adventures of Sinbad reflect these real networks, exotic goods (spices, silk, porcelain) and the dangers of long-distance navigation."
Sinbad the Sailor,Figure,Marco Polo as a Western parallel,Marco Polo (1254-1324) made the inverse journey of Sinbad: from Venice to the China of Kublai Khan. His accounts seemed as fabulous as those of Sinbad. The Book of the Marvels of the World directly influenced Columbus in his plans to travel to Asia.
The Titans vs the Gods: the complete Titanomachy,Concept,The Gigantomachy (sequel to the Titanomachy),"After the Titanomachy, the Olympians had to face the Giants (born from the blood of Uranus), who were nearly invincible. This second war of the gods foreshadows the permanent tensions between Olympian order and the primordial forces of chaos."
The Titans vs the Gods: the complete Titanomachy,Figure,Non-combatant Prometheus,"Prometheus did not participate in the Titanomachy, having foreseen through prophecy that Zeus would win. This neutrality preserved his freedom - which subsequently allowed him to steal fire for humans. His particular position explains his unique role."
Ra and the creation of the world (Egypt),Concept,The Heliopolitan cosmogony,"Theological system centered on Heliopolis (""city of the sun""), asserting that Atum/Ra was the primary creator god. It competed with other centers (Memphis: Ptah, Thebes: Amun) whose theologies coexisted and merged."
Ra and the creation of the world (Egypt),Concept,Egyptian divine syncretism,"Egyptian gods could merge: Ra-Atum, Amun-Ra, Osiris-Ra. This syncretism allowed for the integration of local deities without eliminating them. Egyptian religion was thus inclusive and in perpetual evolution over 3,000 years."
The birth of the Israeli-Palestinian conflict,Concept,Zionism,"Political Movement founded by Theodor Herzl (The Jewish State, 1896) advocating for the creation of a Jewish national home in response to European antisemitism. He initially proposed Argentina or Uganda before settling on historical Palestine."
The birth of the Israeli-Palestinian conflict,Related event,The Balfour Declaration (1917),"Letter from the British minister Balfour promising British support for ""the establishment of a national home for the Jewish people"" in Palestine, while preserving the rights of ""non-Jewish communities"". This foundational tension has never been resolved."
The China–United States rivalry,Concept,Trade war and customs duties,"Starting in 2018, the United States (Trump) imposed massive customs duties on Chinese products, which China responded to in kind. This trade war reflects a technological and geopolitical rivalry deeper than mere trade."
The China–United States rivalry,Concept,"Technological ""decoupling""",American strategy aiming to separate technological supply chains between the two countries. Sanctions on Huawei and the ban on sales of advanced semiconductors to China reflect the fear of military use of American technologies.
Tensions around Taiwan,Concept,TSMC (Taiwan Semiconductor Manufacturing Company),"Taiwanese manufacturer producing about 92% of the World's most advanced chips. This global dependence explains why a Chinese invasion would cause a global economic catastrophe - Taiwan's ""silicon shield""."
Tensions around Taiwan,Concept,American strategic ambiguity,"American politics which recognizes ""one China"" without recognizing Beijing's sovereignty over Taiwan, and sells weapons without explicitly promising a military defense. This deliberate ambiguity is supposed to deter invasion while avoiding provoking Beijing."
"The concept of a ""multipolar"" world",Concept,"Krauthammer's ""unipolar moment""","Krauthammer described (1990) the post-Cold War era as a ""unipolar moment"" with the United States as the sole superpower. He predicted it would last 30 to 40 years - an accurate prediction, as the ""unipolar moment"" ended around 2008-2010."
"The concept of a ""multipolar"" world",Concept,The BRICS,"Acronym referring to Brazil, Russia, India, China, South Africa, expanded to several countries since 2024. This grouping embodies multipolarity: powers that reject the Western liberal order without necessarily forming a coherent alternative bloc."
Oil as a source of conflict,Concept,"The ""resource curse""","Economic paradox: countries rich in natural resources (oil, diamonds) often experience lower growth and more frequent conflicts. The oil ""rent"" creates predatory states and discourages economic diversification."
Oil as a source of conflict,Concept,Peak oil,"Hubbert's theory (1956) predicting that global oil production would reach a summit and then decline. The American shale oil revolution pushed back this limit, but the debate over resource depletion remains central."
The Suez Canal: why it is strategic,Concept,The Suez Crisis (1956),"When Nasser nationalized the canal, France, Great Britain, and Israel invaded Egypt. Under American pressure (Eisenhower threatened to collapse the pound sterling), they had to withdraw - marking the end of Franco-British colonial power."
The Suez Canal: why it is strategic,Related event,The Ever Given (March 2021),"A 400 m container ship that ran aground across the canal for 6 days, blocking 400 ships. It cost the global economy 400 million dollars per hour, perfectly illustrating the strategic importance of the canal in global chains."
NATO: what is its purpose today?,Concept,Article 5 of the North Atlantic Treaty,"Collective defense clause: an attack against one member is an attack against all. Invoked only once in NATO's history - on September 12, 2001, after 9/11. Its exact scope remains deliberately ambiguous."
NATO: what is its purpose today?,Concept,NATO's eastward expansion,"Since 1991, NATO has welcomed 14 new members, including former Soviet republics. Russia considers this expansion as an existential threat - an argument used to justify the invasion of Ukraine in 2022."
The UN: powerful or powerless?,Concept,The Responsibility to Protect (R2P),"Principle adopted by the UN in 2005: the international community can intervene in a sovereign state to protect civilians in danger. Developed in the 1990s after the inaction in Rwanda and Bosnia, its application remains very selective."
The UN: powerful or powerless?,Place / institution,Specialized agencies of the UN,"The UN includes agencies with specific mandates: WHO (global health), UNICEF (children), FAO (food), UNESCO (culture), UNHCR (refugees). These agencies often achieve concrete results where the Security Council is blocked by a veto."
Putin's Russia,Concept,The KGB and the FSB,"The Soviet KGB was dissolved in 1991 and replaced by the FSB (domestic) and the SVR (foreign). Putin, a former KGB officer in Dresden, has extensively promoted former KGB members (the “siloviki”) to key positions of power in Russia."
Putin's Russia,Concept,“Sovereign democracy”,"Concept developed by the ideologue Vladislav Surkov: Russia has its own form of democracy adapted to its history, not subject to Western liberal standards. Criticism: this concept actually justifies authoritarianism by rebranding it as “cultural sovereignty”."
The war in Ukraine explained,Concept,The Budapest Memorandum (1994),"Agreement by which Ukraine gave up the 1,900 inherited Soviet nuclear warheads in exchange for security guarantees from Russia, the United States, and the United Kingdom. Russia violated it as early as 2014, which haunts Ukrainian security discussions."
The war in Ukraine explained,Concept,The Donbas and the separatist republics,"An industrial region in eastern Ukraine where pro-Russian separatists proclaimed “republics” with Russian military support in 2014. This “low-intensity” conflict (14,000 deaths) preceded the full-scale invasion on February 24, 2022."
How do oil prices work?,Concept,Oil futures market,"Contracts by which buyers and sellers commit to a future transaction at a price fixed today. Speculators with no intention of physical delivery represent the vast majority of transactions, amplifying price fluctuations."
How do oil prices work?,Event,The American shale oil revolution,"Massive boom in American production in the 21st century thanks to hydraulic fracturing, altering the global geopolitical energy balance."
Tax havens explained,Concept,Swiss banking secrecy,"Switzerland maintained absolute banking secrecy for decades, criminally protecting bankers who refused to disclose their clients' identities. This secrecy, eroded since 2010 under international pressure, had made Switzerland the world's leading tax haven."
Tax havens explained,Concept,Transfer pricing,"Tax optimization mechanism: a subsidiary in a normal country ""buys"" services from a subsidiary in a tax haven at overvalued prices. Profits are thus transferred to the low-tax jurisdiction, reducing the overall tax bill."
Corporate tax evasion by multinationals,Concept,"The ""Double Irish"" (Dutch Sandwich)","Tax structure using Irish and Dutch subsidiaries to transfer intellectual property rights to Bermuda. Apple, Google, and Facebook used it until its phase-out (2020), paying effective rates of less than 2%."
Corporate tax evasion by multinationals,Concept,"The 15% global minimum tax (OECD, 2021)","Agreement signed by 136 countries to impose a minimum rate of 15% on the profits of multinationals, regardless of their country of filing. The first major international tax agreement in history, it aims to end the tax ""race to the bottom."""
The crisis of the Welfare State,Concept,The Beveridge Report (1942),"Document by British economist Beveridge laying the foundations of the Welfare State: universal protection against the ""five giants"" (poverty, disease, ignorance, squalor, idleness). It inspired the creation of the NHS and post-war social systems."
The crisis of the Welfare State,Concept,Pay-as-you-go vs funded pension systems,"By pay-as-you-go: the active workforce finances current retirees. With aging, fewer active workers finance more retirees. By capitalization (funded): individual savings subject to market fluctuations. The debate on the ""right"" reform is universal in developed countries."
North-South inequalities,Concept,"The ""elephant curve"" (Milanovic)","Graph by economist Milanovic: between 1988 and 2008, the Asian middle class and the global ultra-rich progressed the most, while the working class in rich countries stagnated. This curve partly explains the rise of Western populism."
North-South inequalities,Concept,Unequal terms of trade,"Poor countries export raw materials at low prices and import expensive manufactured goods. This structure inherited from colonialism perpetuates economic dependence: when commodity prices drop, these countries become even poorer."
Global debt,Concept,Keynesian debt theory,"For Keynes (1936), the State must borrow to spend during recessions. Public debt is an economic management tool, not a moral issue. This Theory justifies stimulus plans like the New Deal or post-COVID stimulus."
Global debt,Concept,Modern Monetary Theory (MMT),"An approach stating that a State borrowing in its own currency (United States, Japan) cannot technically go bankrupt - it can always create money. The only risk is inflation. It justifies significant deficits as long as inflation remain under control."
"The platform economy [Uber, Airbnb...]",Concept,Network effects,"A platform becomes more valuable as the number of users increases. Facebook, Uber, Amazon: the more users there are, the better the service, which attracts even more users - creating almost insurmountable natural monopolies."
"The platform economy [Uber, Airbnb...]",Concept,The gig economy and uberization,"An economy of ""gig work"" where individuals offer their services via platforms without permanent contracts. It weakens traditional social protections (retirement, unemployment) while offering flexibility for workers."
"The role of data (the ""oil of the 21st century"")",Concept,The European GDPR (2018),"General Data Protection Regulation - the most ambitious personal data protection Law. It gives European citizens the right to access their data, correct them and delete them. Global companies are subject to its rules."
"The role of data (the ""oil of the 21st century"")",Concept,Surveillance capitalism (Zuboff),"Concept by Shoshana Zuboff: GAFAM created a model based on capturing human behaviors to sell them as predictions to advertisers. Humans become the ""raw material"" of an invisible economic market."
The global digital divide,Concept,Kenyan M-Pesa,"Mobile payment service (2007) allowing money to be sent via SMS without a bank account. Having become the dominant payment system in Kenya and several African countries, it shows that developing countries can ""leapfrog"" certain technological stages."
The global digital divide,Concept,Starlink (SpaceX),A constellation of satellites offering high-speed Internet in areas without terrestrial infrastructure. It can transform Internet access in rural areas of developing countries but remains expensive. Also used by Ukraine in its war against Russia.
Disinformation and fake news,Concept,Filter bubbles,"Social media algorithms personalize content based on past preferences, creating ""bubbles"" where each user only sees what confirms their beliefs. This polarizes debates and promotes large-scale disinformation."
Disinformation and fake news,Concept,The Russian Internet Research Agency (IRA),"A Saint Petersburg troll farm funded by Prigozhin, employing hundreds of people to create fake accounts and manipulate American and European public opinion. Brought to light during the Mueller investigation into the 2016 election."
The ozone layer hole (and its recovery),Concept,Chlorofluorocarbons (CFCs),"Synthetic chemical compounds invented in the 1920s, used as refrigerants and aerosol propellants. Chemically stable, they rise into the Stratosphere where they destroy ozone — an effect ignored for decades after their invention."
The ozone layer hole (and its recovery),Related event,The Montreal Protocol (1987),"An international treaty phasing out CFCs, ratified by 197 countries — the only treaty in history ratified by all UN member states. Considered the greatest success of environmental diplomacy."
The biodiversity crisis,Concept,Ecosystem services,"Benefits that ecosystems provide for free: pollination, water purification, climate regulation, flood prevention. The Dasgupta Review (2021) estimates them at 125 trillion dollars per year — far more than the global GDP."
The biodiversity crisis,Concept,Ecological tipping points,"Thresholds in natural systems beyond which rapid and irreversible changes occur: Arctic ice melt, death of coral reefs, forest dieback. Once these points are passed, returning to the previous state becomes impossible."
The circular economy,Concept,"The 3Rs rule (Reduce, Reuse, Recycle)","Waste management hierarchy in order of priority. First reduce consumption, then reuse existing products, and finally recycle as a last resort. The order is crucial: recycling consumes a lot of energy and does not solve overconsumption."
The circular economy,Concept,Planned obsolescence,"Industrial strategy consisting of designing products intended to be replaced quickly. Apple, Samsung and many electronic manufacturers are accused of this practice - non-replaceable parts, non-removable batteries, updates forcing the purchase of new devices."
Why are bees vital?,Concept,Colony collapse disorder,"Phenomenon documented since 2006: entire hives disappear without explanation, bees leaving the hive and not returning. The causes are multifactorial: neonicotinoids pesticides, Varroa destructor, loss of habitat, combined pathogens."
Why are bees vital?,Concept,Neonicotinoids,"Pesticides absorbed by the entire plant, including nectar and pollen, paralyzing the nervous system of insects. Banned for certain crops in Europe since 2018, despite resistance from the agro-industry, they remain authorized in many countries."
Rising sea levels,Concept,Arctic sea ice and the albedo effect,"Unlike sea ice (the melting of which does not raise water levels), the melting of ice from Greenland and Antarctica makes the oceans rise directly. Furthermore, the dark water replacing the white ice absorbs more heat, accelerating warming."
Rising sea levels,Concept,Storm surges and hundred-year floods,"Storms combined with sea level rise create temporary ""storm surges"" much higher than the average level. A rise in water levels of 50 cm can multiply the frequency of floods that were described as ""100-year floods"" by 10 - rare events become common."
AI and employment,Concept,The Luddites (1811-1816),"English weaving workers who destroyed mechanical weaving machines. Often caricatured as anti-progress, they were actually protesting against the degradation of their working conditions and wages caused by mechanization without social protections."
AI and employment,Concept,Universal Basic Income (UBI),"Regular payment of a fixed sum to all citizens, without conditions. Seen as a response to automation. Experiments in Finland, Kenya and California give encouraging results but their generalization remains highly debated economically."
Populism: why is it rising everywhere?,Concept,The cultural (values) vs economic (class) cleavage,"Inglehart and Norris show that populism is as much cultural as economic: the ""losers"" of globalization and the cultural revolution find themselves in parties that defend their traditional values against a cosmopolitan elite perceived as contemptuous."
Populism: why is it rising everywhere?,Concept,Illiberal democracies (Orbán),"A concept claimed by Hungarian Prime Minister Viktor Orbán (2014): a democratically elected regime that restricts checks and balances (press, justice, NGOs). This model, also practiced by Erdogan and Modi, challenges the notion of liberal democracy."
Mental health as a societal issue,Concept,Burnout (occupational exhaustion),"A syndrome of chronic exhaustion caused by overwork, recognized by the WHO since 2019 as an occupational phenomenon. It is characterized by emotional exhaustion, depersonalization, and a reduced sense of accomplishment."
Mental health as a societal issue,Concept,The smartphone and mental health hypothesis (Haidt),Psychologist Jonathan Haidt argues that the massive adoption of smartphones by adolescents starting in 2012 is the primary cause of the epidemic of depression and anxiety among young people. The scientific debate remains intense.
The EU: how does it really work?,Concept,The European Commission and the monopoly of legislative initiative,"Only the Commission (unelected, appointed by governments) can propose European laws. The elected Parliament can amend or reject, but cannot propose legislation itself. This democratic deficit is one of the major structural criticisms of the EU."
The EU: how does it really work?,Concept,Unanimity in the Council of the EU,"In many areas (taxation, foreign policy), decisions require the unanimity of the 27 Member States. A single state can block – which makes the EU difficult to govern during crises and explains its often-criticized slow decision-making process."
Press freedom around the world,Place / institution,Reporters Without Borders (RSF),An NGO founded in 1985 that publishes the annual World Press Freedom Index evaluating 180 countries. Its 2024 index places Norway at the top and North Korea and Eritrea at the bottom.
Press freedom around the world,Concept,Media concentration and editorial independence,"In many democracies, billionaires (Murdoch, Bolloré) have bought up media outlets, raising questions about their independence. In France in 2024, the vast majority of the press is owned by a dozen billionaires."
Climate migration,Concept,"The legal vacuum of the ""climate refugee""",The Geneva Convention does not recognize climate displacement as a ground for asylum. People fleeing Sea level rise have no international legal protection - one of the most urgent challenges in current international law.
Climate migration,Related event,The Maldives and nations in danger of extinction,"The Maldive islands, with a maximum altitude of 1.5 m, are threatened with disappearance this century. The Maldivian government has purchased land in Australia as a national relocation plan B - a unique and tragic case in the History of states."
Blockchain and cryptocurrencies,Concept,Proof of Work [Proof of Work],Mechanism by which Bitcoin miners solve complex calculations to validate transactions. This process consumes as much electricity as some countries and is criticized for its colossal environmental footprint.
Blockchain and cryptocurrencies,Figure,Satoshi Nakamoto,"Pseudonym of the inventor (or group of inventors) of Bitcoin, who published the founding white paper in 2008 and disappeared in 2010. Their identity remains unknown."
The right to asylum explained,Concept,The Geneva Convention (1951),"Founding treaty of refugee law, signed after the displacements of the Second World War. It defines the refugee and establishes the principle of non-refoulement - the prohibition of expelling someone to a country where their life is threatened."
The right to asylum explained,Concept,The principle of non-refoulement,"Cardinal principle of refugee law: no state can return a person to a territory where their life or liberty would be threatened. Recognized as a peremptory norm of international law, it applies even to states that have not ratified the Geneva Convention."
Global food security,Place / institution,The FAO (Food and Agriculture Organization),"UN agency founded in 1945 whose mandate is to eradicate hunger and ensure Global food security. It collects agricultural statistics, coordinates emergency food aid and promotes sustainable agricultural practices."
Global food security,Concept,The Green Revolution,"Agricultural innovations of the 1960s-70s (new high-yield varieties, chemical fertilizers, irrigation) that multiplied global food production. Norman Borlaug received the 1970 Nobel Peace Prize - The Green Revolution saved hundreds of millions of lives."
Water: the next source of conflict?,Concept,Water stress,"A situation where water demand exceeds available resources or when water quality limits its use. We speak of severe scarcity below the threshold of 1,000 m³ per inhabitant/year."
Water: the next source of conflict?,Related event,The Grand Ethiopian Renaissance Dam (GERD),"Dam built by Ethiopia on the Blue Nile since 2011, which will reduce the flow towards Egypt and Sudan. Egypt threatened to go to war if construction continued - an illustration of rising tensions over transboundary water resources."
American soft power,Concept,Cultural hegemony (Gramsci),Concept by theorist Antonio Gramsci: a dominant class maintains its power by making its values accepted as natural and universal. Joseph Nye adapted this idea to international relations with the concept of soft power.
American soft power,Concept,"The ""Brussels effect""","European regulatory standards (GDPR, food standards, environmental standards) are adopted globally by multinationals wishing to access the market of 450 million consumers. The EU thus exercises considerable regulatory soft power."
GAFAM: power and abuses,Concept,Network effects and natural monopolies,Digital platforms tend toward natural monopolies: each new user reinforces the value for all others. Competing with Facebook or Amazon becomes almost impossible because their network advantage is insurmountable for a new competitor.
GAFAM: power and abuses,Concept,The European Digital Markets Act (DMA) (2022),"European law aiming to regulate the ""gatekeepers"" of digital markets. It mandates interoperability and prohibits favoritism of its own services. It is the most ambitious regulation of GAFAM in the world."
The energy transition,Concept,The Paris Agreement (2015) and climate goals,Treaty signed by 196 countries to limit warming to 1.5°C above pre-industrial levels. Each country sets its own targets (NDC) - current ambitions lead to approximately 2.5°C of warming according to current projections.
The energy transition,Concept,Green hydrogen,"Hydrogen produced by water electrolysis powered by renewable energies. It allows for energy storage and the decarbonization of sectors that are difficult to electrify (steel, cement, aviation). Costly today, it is seen as key for 2050 carbon neutrality."
The future of work,Concept,Creative destruction (Schumpeter),"Each innovation destroys obsolete jobs and creates new ones. History seems to prove Schumpeter right (from the farmer to the driver). The question is whether AI, which also affects skilled jobs, will reproduce this pattern or break it for good."
The future of work,Concept,The 4-day week (32 hours),"Reduction of the work week while maintaining salary. Experiments in Iceland, Japan, Spain, and Great Britain show positive results: productivity maintained or improved, increased well-being, reduced absenteeism."
China and its economic model,Concept,The Chinese Communist Party (CCP),"Single party in power since 1949, with 98 million members. It controls the State, the army, the media, and increasingly the economy. The General Secretary (Xi Jinping since 2012) is the true leader of the country."
China and its economic model,Concept,"Chinese ""state capitalism""","Unique model: the State directs the market economy via public enterprises, state-owned banks, and five-year plans. Neither pure socialism nor liberal capitalism, it combines market mechanisms with the political control of the Communist Party."
The birth of Islam (622),Other,Bedouins,"Arab nomads living in the desert, organized into tribes bonded by kinship ties."
The birth of Islam (622),Other,razzias,Rapid attacks led by tribes against caravans or enemy camps to seize livestock or goods.
The birth of Islam (622),Concept,Dhimma,Legal status of 'protected' granted to monotheistic non-Muslims living under Islamic authority.
The birth of Islam (622),Other,jizya,Annual tax paid by non-Muslim populations (subject to the Dhimma) in exchange for the protection of the State.
The birth of Islam (622),Institution,Constitution of Medina,"Edict issued by Muhammad shortly after the Hegira, governing the relations between monotheists (Muslims and Jews) and the clans of the Medina oasis."
Urban II's call and the 1st Crusade (1095),Event,Battle of Manzikert,"Major defeat of the Byzantine Empire against the Seljuk Turks in 1071, causing the loss of Anatolia and the military decline of Byzantium."
Urban II's call and the 1st Crusade (1095),Concept,Peace of God,Spiritual and social Movement initiated by the Church in the 10th and 11th centuries to limit feudal violence and protect non-combatants.
Urban II's call and the 1st Crusade (1095),Event,Council of Clermont,Ecclesiastical assembly of 1095 during which Urban II launched his call to the crusade.
Urban II's call and the 1st Crusade (1095),Figure,Peter the Hermit,"Popular preacher who led the 'Crusade of the Poor', a disorganized wave preceding that of the barons."
Urban II's call and the 1st Crusade (1095),Figure,Bohemond of Taranto,"Norman prince from Southern Italy and one of the primary military leaders of the first crusade, founder of the Principality of Antioch."
Urban II's call and the 1st Crusade (1095),Other,Advocate of the Holy Sepulchre,"Title held by Godfrey of Bouillon, who refused the title of King of Jerusalem out of religious humility."
Urban II's call and the 1st Crusade (1095),Institution,Templars,"Religious and military order founded in 1119 to protect pilgrims in the Holy Land, becoming a major financial power."
Urban II's call and the 1st Crusade (1095),Figure,Saladin,Sultan of Kurdish origin who unified the Muslim world and retook Jerusalem from the Crusaders in 1187.
The Sack of Rome by the Visigoths (410),Concept,Arian,"A branch of early Christianity, deemed heretical by the Council of Nicaea, which considered that Christ was not equal to God the Father."
The Sack of Rome by the Visigoths (410),Figure,Saint Jerome,"Church Father and translator of the Bible into Latin (the Vulgate), witness to the psychological shock caused by the fall of Rome."
The Sack of Rome by the Visigoths (410),Historical reference,Vandals,Germanic people who seized Roman North Africa and sacked Rome in turn in 455 in a much more devastating manner than Alaric.
The Sack of Rome by the Visigoths (410),Historical reference,Franks,"Federation of Germanic peoples settled on the lower Rhine, which eventually conquered Gaul under Clovis after the collapse of the Empire."
The Sack of Rome by the Visigoths (410),Historical reference,Heruli,"Germanic people from whom came Odoacer, the military leader who deposed the last Western Emperor."
The coronation of Charlemagne (800),Movement,Lombard,"Germanic people established in Northern Italy from the 6th century onwards, whose kingdom was conquered by Charlemagne in 774."
The coronation of Charlemagne (800),Movement,Avars,"Nomadic horse-riding people originally from Central Asia, settled in the Danube plain, whose empire was destroyed by Carolingian armies."
The coronation of Charlemagne (800),Location,Roncevaux Pass,"Pyrenean pass where the rear-guard of Charlemagne's army was massacred in 778 by the Vascons, an event which inspired the famous 'Song of Roland'."
The coronation of Charlemagne (800),Institution,Counts,"High local dignitaries appointed by the sovereign to administer a province (the county) in his name, possessing military and judicial powers."
The coronation of Charlemagne (800),Other,Silver denarius,"Reference currency imposed by Charlemagne's monetary reform, replacing gold with silver as the basis of the European economic system for several centuries."
The Magna Carta (1215),Figure,Philip II Augustus,King of France (1180-1223) who dismantled the Plantagenet empire by taking Normandy and Maine back from John Lackland.
The Magna Carta (1215),Event,Bouvines,"Decisive battle of 1214 where Philip II Augustus defeated a coalition including England, sealing the fate of John Lackland."
The Magna Carta (1215),Work,Bill of Rights,"The first ten amendments to the United States Constitution, guaranteeing individual liberties and limiting federal power."
The Magna Carta (1215),Figure,Eleanor Roosevelt,First Lady of the United States and a key figure in the drafting of the 1948 Universal Declaration of Human Rights.
The Black Death in Europe (1347-1353),Concept,Pax Mongolica,"A period of relative economic and politics stability in Eurasia under the Mongol Empire during the 13th and 14th centuries, which unintentionally facilitated the spread of the plague."
The Black Death in Europe (1347-1353),Location,Silk Road,"A network of trade routes connecting Asia to Europe, the primary vector for the spread of the plague from the East to the Black Sea trading posts."
The Black Death in Europe (1347-1353),Location,Caffa,A Genoese trading post in Crimea (modern-day Feodosia). The siege of the city by the Mongols in 1346 is considered the gateway for the plague into the Mediterranean.
The Black Death in Europe (1347-1353),Figure,Galen,"Ancient Greek physician whose theories (notably the theory of humors) dominated medieval medicine, preventing an understanding of the bacterial origin of the plague."
The Black Death in Europe (1347-1353),Other,Xenopsylla cheopis,"The scientific name for the rat flea, the actual vector of transmission for the Yersinia pestis bacterium from animals to humans."
The Black Death in Europe (1347-1353),Movement,Flagellants,"A fanatical religious movement whose members publicly flogged themselves as a sign of penance to end the epidemic, which was seen as divine punishment."
The Black Death in Europe (1347-1353),Figure,Clement VI,Pope residing in Avignon during the Black Death. He distinguished himself by protecting Jews from pogroms and by commissioning medical reports on the scourge.
The Black Death in Europe (1347-1353),Figure,Boccaccio,"Italian writer who witnessed the plague in Florence. His masterpiece, the Decameron, accurately describes the social and psychological impact of the epidemic on his contemporaries."
Joan of Arc and the Hundred Years' War (1429),Concept,Providentialism,Belief according to which God intervenes directly in human history and politics to fulfill his will.
Joan of Arc and the Hundred Years' War (1429),Figure,Pierre Cauchon,"Bishop of Beauvais and supporter of the English, he was the architect of the trial sentencing Joan of Arc in Rouen."
Joan of Arc and the Hundred Years' War (1429),Event,Castillon,Decisive battle of 1453 which marks the effective end of the Hundred Years' War and the near-total expulsion of the English from the kingdom of France.
The Fall of Constantinople (1453),Figure,Constantine XI Palaiologos,"Last Byzantine emperor (1449-1453), he died in combat during the final assault on Constantinople."
The Fall of Constantinople (1453),Institution,Janissaries,"Elite corps of the Ottoman infantry, originally composed of converted Christian prisoners, renowned for their discipline and loyalty to the Sultan."
The Fall of Constantinople (1453),Location,Istanbul,"Name given to Constantinople after the Ottoman conquest, although the official name did not become Istanbul until the 20th century."
The Aztec Empire,Location,Aztlán,"Mythical place of origin of the Aztec peoples, often located in northern present-day Mexico or the southwestern United States."
The Aztec Empire,Other,Tlaxcaltecs,Fierce enemy people of the Aztecs who became the main military ally of Hernán Cortés during the conquest.
The Aztec Empire,Other,Smallpox,Infectious disease of European origin which was the main agent of mortality during the fall of the Aztec empire.
The Aztec Empire,Other,Nahuatl,Language spoken by the Aztecs and still practiced by many communities in Mexico today.
The Aztec Empire,Institution,New Spain,Name given to the Spanish colony established on the ruins of the Aztec empire after 1521.
The Discovery of America (1492),Figure,Eratosthenes,Greek scholar from the 3rd century BC who was the first to calculate the circumference of the Earth with remarkable precision thanks to the shadow cast by the sun.
The Discovery of America (1492),Institution,Capitulations of Santa Fe,"Contract signed in April 1492 between Christopher Columbus and the Catholic Monarchs, setting the financial conditions and honorary titles of the navigator in case of success."
The Discovery of America (1492),Figure,Pinzón,"A family of wealthy Spanish shipowners, including the brothers Martín Alonso and Vicente Yáñez, who were the true technical and financial supporters of the 1492 expedition."
The Discovery of America (1492),Other,Taínos,Indigenous people inhabiting the Greater Antilles at the time of Columbus's arrival; they were the first to suffer the consequences of Spanish colonization.
The birth of Islam (622),Other,Quraysh,Powerful merchant tribe that controlled Mecca and the Kaaba at the time of Muhammad.
The birth of Islam (622),Concept,Caliph,Successor to Muhammad as head of the Muslim community and the Islamic empire (caliphate).
Urban II's call and the 1st Crusade (1095),Institution,Crusader States,"Four Christian states (County of Edessa, Principality of Antioch, County of Tripoli, Kingdom of Jerusalem) created by the crusaders in the Near East at the end of the 11th century."
The Sack of Rome by the Visigoths (410),Figure,Alaric I,"King of the Visigoths and former officer in the Roman army, he led his people to the capture of Rome in 410 after the failure of negotiations with the Empire."
The Sack of Rome by the Visigoths (410),Figure,Honorius,Western Roman Emperor (395-423) who moved the capital to Ravenna and was unable to prevent the sack of Rome.
The Sack of Rome by the Visigoths (410),Location,Ravenna,Italian city that became the capital of the Western Empire in 402 due to its strategic position protected by marshes.
The Sack of Rome by the Visigoths (410),Work,The City of God,Theological and philosophical treatise by Saint Augustine written following the sack of Rome to justify Christianity against pagan criticism.
The Sack of Rome by the Visigoths (410),Figure,Romulus Augustulus,"Last Western Roman emperor, deposed at about 15 years of age by the leader Odoacer in 476."
The Sack of Rome by the Visigoths (410),Figure,Odoacer,Heruli military leader who overthrew the Western Empire in 476 and established himself as King of Italy under the nominal suzerainty of Constantinople.
The Magna Carta (1215),Figure,Innocent III,Extremely powerful Pope (1198-1216) who excommunicated John Lackland before becoming his ally and annulling the Magna Carta at his request.
The Magna Carta (1215),Figure,Stephen Langton,Archbishop of Canterbury whose appointment was at the origin of the conflict between John Lackland and the Pope. He played the role of mediator and intellectual architect of the Charter.
The Magna Carta (1215),Figure,Edward Coke,17th-century English jurist who reactivated the use of the Magna Carta to oppose the royal absolutism of the Stuarts.
The Black Death in Europe (1347-1353),Other,Little Ice Age,"Period of climatic cooling beginning in the 14th century, responsible for poor harvests and famines that weakened the immune resistance of Europeans before the plague."
The Black Death in Europe (1347-1353),Institution,Golden Horde,"Mongol empire established on the Russian and Central Asian steppes, whose armies besieged Caffa and introduced the plague to European trading posts."
Joan of Arc and the Hundred Years' War (1429),Historical reference,Armagnacs,Faction of the French nobility faithful to the House of Orléans and to the legitimacy of the Valois (Charles VII) during the civil war against the Burgundians.
The Fall of Constantinople (1453),Location,Golden Horn,"Estuary flowing into the Bosphorus, forming a protected natural harbor that separated the city of Constantinople from its suburb of Galata."
The Fall of Constantinople (1453),Other,Theodosian Walls,"System of land fortifications of Constantinople erected in the 5th century, famous for its complexity and historical invincibility until 1453."
The Aztec Empire,Concept,Huitzilopochtli,"God of the sun and war among the Aztecs, spiritual guide of the Mexica migration and main beneficiary of human sacrifices."
The Aztec Empire,Figure,Moctezuma II,Last great Aztec ruler reigning during the arrival of Cortés. His hesitant management of the invasion facilitated the capture of Tenochtitlán.
The Aztec Empire,Location,Templo Mayor,"Double pyramid in the center of Tenochtitlán dedicated to Huitzilopochtli and Tlaloc (god of rain), the religious and political heart of the empire."
The Storming of the Bastille (1789),Related event,American Revolutionary War,Conflict (1775-1783) during which France helped the American colonies free themselves from British rule. The financial cost of this support was one of the major causes of the French monarchy's bankruptcy.
The Storming of the Bastille (1789),Event,The Great Fear,"A wave of panic and peasant revolt that spread across the French countryside between July and August 1789, leading to the destruction of manorial records."
Napoleon's strategy at Ulm (1805),Location,Black Forest,Mountain range in southwestern Germany from where Mack expected to see Napoleon arrive.
Napoleon's strategy at Ulm (1805),Institution,Grande Armée,Name given by Napoleon to the French military forces he personally commanded between 1805 and 1814.
The Battle of Waterloo (1815),Concept,Central position,"Napoleon's tactical maneuver consisting of positioning himself between two enemy armies to face them separately, thus avoiding being overwhelmed by their combined strength."
The Battle of Waterloo (1815),Other,Grand Battery,Massive concentration of cannons advocated by Napoleon to break through enemy lines through intensive bombardment on a specific point.
The Battle of Waterloo (1815),Concept,Legitimacy,Post-1815 diplomatic principle aimed at restoring royal dynasties to their thrones at the expense of regimes resulting from the Revolution or the Empire.
The Battle of Waterloo (1815),Concept,Square,"Infantry defensive formation composed of several ranks of soldiers forming a rectangle, with bayonnets facing outward to break cavalry charges."
The Paris Commune (1871),Institution,National Guard,"Citizen militia composed mainly of Parisians, with its own weapons and elected leaders. In 1871, it becomes the armed wing of the Commune."
The Paris Commune (1871),Other,Fédérés,"Name given to the supporters of the Paris Commune, as they claimed to belong to a federation of autonomous communes."
The Paris Commune (1871),Figure,Louise Michel,"Nicknamed the 'Red Virgin', she is one of the major figures of the Commune, an anarchist activist and ambulance driver on the barricades."
The Belle Époque (1871-1914),Event,Franco-Prussian War,"Conflict of 1870-1871 which led to the fall of Napoleon III and the unification of Germany, creating lasting French resentment (the loss of Alsace-Lorraine)."
The Belle Époque (1871-1914),Event,First World War,Global conflict from 1914 to 1918 that ended European hegemony and radically transformed borders and national societies.
The Belle Époque (1871-1914),Figure,Sigmund Freud,"Austrian physician, founder of psychoanalysis. His work 'The Interpretation of Dreams' (1900) marks a major breakthrough in the understanding of the human psyche."
The Belle Époque (1871-1914),Concept,Relativity,"Physical Theory published by Albert Einstein in 1905, overturning the concepts of space and time inherited from classical physics."
The Belle Époque (1871-1914),Movement,Art Nouveau,"Artistic style of the late 19th century characterized by curved lines and patterns inspired by nature, affecting architecture and decoration."
The Belle Époque (1871-1914),Movement,Fauvism,French pictorial movement of the early 20th century favoring bright and arbitrary colors to express emotions rather than reality.
The Belle Époque (1871-1914),Movement,Cubism,"Artistic avant-garde Movement initiated by Picasso and Braque, breaking down objects into simple geometric shapes."
The Battle of Verdun (1916),Event,Gericht,"Codename of the German operation on Verdun, meaning ""court"" or ""judgment"" in German, illustrating Falkenhayn's will to judge and annihilate the French army."
The Battle of Verdun (1916),Location,Bar-le-Duc,"Town located behind the Verdun front, starting point of the Sacred Way through which supply trucks passed."
The Battle of Verdun (1916),Concept,Noria,"System of troop rotation established by Pétain at Verdun, consisting of rotating divisions to the front for a short period to maintain their combat effectiveness."
The Battle of Verdun (1916),Location,Red Zones,Territories so devastated by fighting and polluted by unexploded ordnance that the French State prohibited all agricultural activity or Reconstruction there after the war.
The Russian Revolution (1917),Event,First World War,"Global conflict (1914-1918) that caused the collapse of several empires, including the Russian Empire, which was unable to keep up with the industrial pace of the conflict."
The Russian Revolution (1917),Institution,Douma,"The Russian parliament created after the 1905 revolution. In 1917, it was largely ignored by Tsar Nicholas II."
The Russian Revolution (1917),Other,Julian calendar,"Calendar used in Russia until 1918, which was 13 days behind the Western Gregorian calendar (hence the discrepancy between February/March and October/November)."
The Russian Revolution (1917),Concept,April Theses,"Political program presented by Lenin upon his return from exile, advocating for the immediate transition from the bourgeois revolution to the socialist revolution."
The Russian Revolution (1917),Figure,Leon Trotsky,Marxist revolutionary and organizer of the Red Army. He was the technical mastermind of the October 1917 insurrection.
The Russian Revolution (1917),Event,Brest-Litovsk,"Peace treaty signed in March 1918 between Bolshevik Russia and Germany, formalizing the Russian withdrawal from the war at the cost of heavy territorial losses."
The Great Depression (1929),Concept,overproduction,"A situation where the supply of goods exceeds consumer demand, leading to a drop in prices and an accumulation of useless stock."
The Great Depression (1929),Concept,overvalued,Refers to a financial asset (stock or real estate) whose market price is significantly higher than its actual economic value.
The Great Depression (1929),Concept,bank runs,"A phenomenon where a large number of a bank's customers simultaneously withdraw their deposits for fear of bankruptcy, effectively causing the collapse of the **Institution**."
The Great Depression (1929),Figure,Herbert Hoover,"31st President of the United States (1929-1933), often criticized for his inability to act effectively at the onset of the crisis."
The Great Depression (1929),Concept,deflation,"A generalized and lasting fall in prices and wages, which often worsens the crisis by increasing the real burden of debt."
The Great Depression (1929),Location,Weimar,"Republican regime in place in Germany between 1919 and 1933, destabilized by economic instability and the rise of extremes."
The Great Depression (1929),Concept,laissez-faire,Liberal economic principle advocating for the absence of state intervention in market mechanisms.
The Great Depression (1929),Concept,recovery,Economic **politics** aimed at stimulating demand and production through increased public spending.
The Battle of Stalingrad (1942-1943),Event,Case Blue,The codename for the **Wehrmacht**'s summer offensive in 1942 targeting the oil fields of the Caucasus.
The Battle of Stalingrad (1942-1943),Institution,Luftwaffe,"The German air force, which played a crucial role in the initial bombings of Stalingrad."
The Battle of Stalingrad (1942-1943),Figure,Hermann Göring,"Head of the Luftwaffe, he wrongly promised Hitler that his aircraft could resupply the encircled 6th Army by air."
Hiroshima and Nagasaki (1945),Figure,Leó Szilárd,Hungarian-born physicist who conceived the idea of a nuclear chain reaction and convinced Einstein to write to Roosevelt to launch the American atomic program.
Hiroshima and Nagasaki (1945),Location,Jornada del Muerto,"New Mexico desert where the Trinity test was conducted, chosen for its geographical isolation."
Hiroshima and Nagasaki (1945),Movement,Kamikazes,Suicide attack units of the Imperial Japanese Army that crashed their planes into Allied ships to cause as much damage as possible.
Hiroshima and Nagasaki (1945),Event,Potsdam,"Conference held in July 1945 where the Allies (Truman, Stalin, Churchill/Attlee) discussed the fate of Japan and postwar Europe."
Hiroshima and Nagasaki (1945),Other,Bockscar,"Name of the B-29 bomber that dropped the 'Fat Man' atomic bomb on Nagasaki on August 9, 1945."
Hiroshima and Nagasaki (1945),Location,Kokura,"Primary target designated for the second atomic bombing, saved by weather conditions that forced the pilot to head towards Nagasaki."
Hiroshima and Nagasaki (1945),Event,Gyokuon-hōsō,"Radio address recorded by Emperor Hirohito and broadcast on August 15, 1945, announcing the unconditional surrender of Japan."
Hiroshima and Nagasaki (1945),Concept,Hibakusha,"Japanese term referring to the survivors of the atomic bombings of Hiroshima and Nagasaki, victims of physical after-effects and discrimination."
Hiroshima and Nagasaki (1945),Concept,Nuclear deterrence,Strategic doctrine based on the threat of using nuclear weapons to prevent an adversary from launching an attack.
Rosa Parks and Montgomery (1955),Related event,Plessy v. Ferguson,1896 Supreme Court ruling that validated segregationist laws under the 'separate but equal' principle.
Rosa Parks and Montgomery (1955),Place / institution,Highlander Folk School,Socialist training and civil rights education center in Tennessee where Rosa Parks learned methods of non-violent resistance.
Rosa Parks and Montgomery (1955),Law,Civil Rights Act of 1964,Historic federal law that ended all forms of racial segregation in public places and banned employment discrimination.
The Cuban Missile Crisis (1962),Other,Anadyr,"Codename for the secret Soviet operation to deploy troops, aircraft, and nuclear missiles to Cuba in 1962."
The Cuban Missile Crisis (1962),Concept,Détente,"Period of the Cold War (1962-1979) characterized by a desire for dialogue, peaceful coexistence and nuclear arms limitation treaties."
The Cuban Missile Crisis (1962),Location,Turkey,"NATO member country where the United States had installed Jupiter missiles, constituting one of the reasons for the Soviet response in Cuba."
The Cuban Missile Crisis (1962),Other,SS-4,"Soviet intermediate-range ballistic missiles deployed in Cuba, capable of reaching most of the American territory."
The Algerian War (1954-1962),Concept,French departments,"Unlike the protectorates (Morocco, Tunisia), Algeria had been divided since 1848 into three French departments attached to the Ministry of the Interior. Any independence was therefore legally considered a secession from the national territory."
The Algerian War (1954-1962),Institution,special powers,Law passed in 1956 by the French Parliament entrusting the army with full police powers in Algeria to fight against the nationalist insurrection.
The Algerian War (1954-1962),Concept,guerrilla warfare,"Asymmetric combat Technique practiced by the FLN, based on ambushes, attacks and the use of the population as a refuge, faced with a more powerful conventional army."
The Algerian War (1954-1962),Event,Generals' putsch,"Failed coup attempt in Algiers in April 1961 by four generals (Challe, Jouhaud, Zeller, Salan) opposed to Charles de Gaulle's politics of self-determination."
The Algerian War (1954-1962),Movement,OAS,Organisation de l'Armée Secrète. Clandestine terrorist organization supporting French Algeria which increased the number of attacks to prevent independence between 1961 and 1962.
The Algerian War (1954-1962),Other,ceasefire,Official end of military hostilities between two warring forces.
The Algerian War (1954-1962),Historical reference,harkis,"Muslim fighters recruited as auxiliaries in the French army. Abandoned by France in 1962, thousands were massacred in Algeria or confined to camps in mainland France."
The Battle of Dien Bien Phu (1954),Figure,Ho Chi Minh,"Founder of the Vietnamese Communist Party and the Viet Minh league. A leading figure in Vietnam's independence, he became the president of the Democratic Republic of Vietnam."
The Battle of Dien Bien Phu (1954),Location,Tonkin,"Northern part of present-day Vietnam, centered around Hanoi. It was the historical heart of the Viet Minh resistance during the Indochina War."
The Battle of Dien Bien Phu (1954),Other,monsoon,"System of seasonal winds in Southeast Asia causing torrential rainfall from May to October, turning the Dien Bien Phu terrain into an impassable swamp."
The Battle of Dien Bien Phu (1954),Event,Vietnam War,"Conflict (1955-1975) pitting North Vietnam (communist) against South Vietnam (supported by the United States), prolonging the tensions born from the 1954 division."
The Armenian Genocide (1915-1916),Other,millet,"Ottoman administrative system organizing populations by religious denominations, offering a certain autonomy to minorities protected by the sultan."
The Armenian Genocide (1915-1916),Movement,Young Turks,Nationalist political party (Committee of Union and Progress) that took power in 1908 and radicalized its politics towards a Pan-Turkism excluding Christian minorities.
The Armenian Genocide (1915-1916),Concept,diaspora,Dispersion of a people across the World after exile from their homeland. The Armenian diaspora was born from the flight of genocide survivors.
The Armenian Genocide (1915-1916),Concept,genocide,"Physical, intentional, systematic, and programmed extermination of a human group because of its ethnic, religious, or social origins."
The creation of the UN (1945),Concept,Global governance,Attempt to regulate international relations through common rules and shared institutions to solve problems that cross the borders of a single State.
The creation of the UN (1945),Other,Blue Helmets,Military personnel made available to the UN by member States to conduct peacekeeping operations in conflict zones.
The creation of the UN (1945),Concept,Isolationism,Foreign politics doctrine consisting of a State not intervening in the affairs of the World in order to preserve its independence and its immediate interests.
The birth of the EU: from the ECSC to Maastricht,Event,Schuman Declaration,"Speech delivered on May 9, 1950, by Robert Schuman, considered the birth certificate of European construction."
The birth of the EU: from the ECSC to Maastricht,Concept,CAP,"Common Agricultural Policy, set up in 1962 to ensure Europe's food self-sufficiency and modernize its agriculture."
The birth of the EU: from the ECSC to Maastricht,Institution,High Authority,"Supranational executive body of the ECSC, ancestor of the current European Commission, independent of national governments."
The birth of the EU: from the ECSC to Maastricht,Concept,common market,"Economic area without customs borders where the four freedoms of movement (goods, people, services, capital) apply."
The Rwandan genocide (1994),Movement,Rwandan Patriotic Front (RPF),"Political and military movement formed by Tutsi exiles in Uganda. Led by Paul Kagame, it launched the offensive that ended the genocide in July 1994."
The Rwandan genocide (1994),Movement,Hutu Power,"Extremist ideology advocating Hutu supremacy and the physical elimination of Tutsis, considered foreign invaders."
The Rwandan genocide (1994),Location,Somalia,"Reference to the Battle of Mogadishu (1993) where American soldiers were killed, which cooled any willingness for American military intervention in Africa."
The Rwandan genocide (1994),Event,Turquoise,"French military operation launched in June 1994 under a UN mandate, officially humanitarian, but whose role regarding fleeing perpetrators of the genocide remains controversial."
The Rwandan genocide (1994),Location,Zaire,"Former name of the Democratic Republic of the Congo (DRC), where millions of Hutus (refugees and perpetrators of the genocide) fled after the victory of the RPF."
The Rwandan genocide (1994),Institution,Gacaca,Rwandan community courts established to judge the perpetrators of the genocide and promote national reconciliation.
The Rwandan genocide (1994),Institution,International Criminal Tribunal for Rwanda (ICTR),Jurisdiction established by the UN based in Arusha (Tanzania) to try the high-ranking officials responsible for the genocide.
The fall of the Berlin Wall (1989),Institution,GDR,"German Democratic Republic, a socialist state created in 1949 in the Soviet occupation zone, with East Berlin as its capital."
The fall of the Berlin Wall (1989),Concept,Iron Curtain,Expression popularized by Winston Churchill referring to the physical and ideological border separating Europe under Soviet influence from Western Europe.
The fall of the Berlin Wall (1989),Event,Velvet Revolution,Peaceful protest Movement in Czechoslovakia (November-December 1989) which led to the end of the communist regime without major violence.
The Blitzkrieg (1940),Institution,Wehrmacht,"Name of the German army between 1935 and 1945, including the land army, the navy, and the air force."
The Blitzkrieg (1940),Concept,Schwerpunkt,"Main application point of military effort during an offensive, aiming to concentrate force on a narrow area to break the front."
The Marshall Plan (1947-1952),Institution,ERP,"European Recovery Program, official name of the reconstruction program better known as the Marshall Plan."
The Marshall Plan (1947-1952),Institution,OEEC,"Organisation for European Economic Co-operation, created in 1948 to coordinate the distribution of Marshall Plan aid among recipient countries."
The Marshall Plan (1947-1952),Institution,EEC,"European Economic Community, the predecessor of the European Union, whose beginnings of economic cooperation date back to the collective management of the Marshall Plan."
The Vietnam War (1955-1975),Event,Indochina War,"Conflict (1946-1954) pitting France against the communist Viet Minh, resulting in French defeat and the independence of its former colonies."
The Vietnam War (1955-1975),Event,Rolling Thunder,Massive aerial bombardment campaign conducted by the US Air Force against North Vietnam between 1965 and 1968.
The Vietnam War (1955-1975),Concept,search and destroy,Military strategy aiming to flush out insurgents in the jungle to eliminate them through firepower rather than holding territorial positions.
The Vietnam War (1955-1975),Institution,Pentagon,"Headquarters of the United States Department of Defense, by extension the American military command."
The Vietnam War (1955-1975),Event,My Lai,"Massacre of hundreds of Vietnamese civilians by American soldiers in 1968, the revelation of which shocked world opinion."
The Nuremberg trials (1945-1946),Concept,International Law,"Body of rules governing relations between States and, since Nuremberg, defining individual responsibilities before the international community."
The Nuremberg trials (1945-1946),Institution,Luftwaffe,"Name of the German air force under the Third Reich, led by Hermann Göring."
The Nuremberg trials (1945-1946),Date,London Charter,"Agreement signed on August 8, 1945, establishing the procedural rules for the International Military Tribunal in Nuremberg."
The Nuremberg trials (1945-1946),Concept,Non-retroactivity,Legal principle according to which someone cannot be condemned for an act that was not illegal at the time it was committed.
The Nuremberg trials (1945-1946),Event,Katyn,"Massacre of Polish officers by the Soviets in 1940, which the USSR attempted to blame on the Germans during the Nuremberg trials."
The Nuremberg trials (1945-1946),Concept,Nuremberg Principles,"Set of guidelines codified by the UN in 1950, notably asserting that no one is above international law, even a head of state."
Decolonization: an overview (1945-1975),Institution,Commonwealth,"Intergovernmental organization composed mainly of former territories of the British Empire, facilitating economic and politics cooperation."
Decolonization: an overview (1945-1975),Figure,Kwame Nkrumah,"Independence leader of Ghana and leading figure of Pan-Africanism, he became the country's first president in 1957."
Decolonization: an overview (1945-1975),Institution,Fourth Republic,French political regime (1946-1958) that collapsed under the pressure of the Algerian War.
Decolonization: an overview (1945-1975),Figure,Patrice Lumumba,"Hero of the independence of the Belgian Congo, assassinated in 1961 with the alleged complicity of Western secret services."
Decolonization: an overview (1945-1975),Institution,Organisation of African Unity,"Created in 1963 to promote the unity of African countries, it was replaced by the African Union in 2002."
Apartheid and Mandela (1948-1994),Concept,apartheid,"Afrikaans term meaning 'separateness'. Political regime in force in South Africa from 1948 to 1994, based on systematic segregation and the domination of the white minority."
Apartheid and Mandela (1948-1994),Institution,ANC,"African National Congress. South African political movement founded in 1912 to defend the rights of Black people, which became a political party after 1994."
Apartheid and Mandela (1948-1994),Concept,transitional justice,A set of judicial or non-judicial measures (such as the TRC) implemented to remedy mass human rights violations during a regime change or after a conflict.
The Cultural Revolution in China (1966-1976),Other,Dazibao,"Hand-written wall poster in large characters, used in China for propaganda, political criticism, or public denunciation."
The Cultural Revolution in China (1966-1976),Figure,Liu Shaoqi,"President of the People's Republic of China and number 2 of the regime, he was Mao's main target during the Cultural Revolution. Humiliated and tortured, he died in prison in 1969."
The Cultural Revolution in China (1966-1976),Institution,People's Liberation Army,Armed forces of the People's Republic of China (PLA). It intervened starting in 1968 to end the chaos created by the Red Guards.
The Cultural Revolution in China (1966-1976),Figure,Jiang Qing,Last wife of Mao Zedong and influential member of the Gang of Four. She was the architect of the radical cultural politics during the Revolution.
The Cultural Revolution in China (1966-1976),Institution,Gang of Four,Group of radical leaders who directed the purges of the Cultural Revolution. Their arrest in 1976 marks the end of the Maoist era.
The Holocaust: mechanisms of a genocide,Concept,pogrom,"Term of Russian origin designating a violent, often deadly, attack led by a population against a Jewish community, with the tacit or active complicity of the authorities."
The Holocaust: mechanisms of a genocide,Concept,ghettoization,"Forced process of isolation and grouping of a population in a closed and guarded neighborhood. Under the Nazis, ghettos served to isolate Jews before their deportation."
The Holocaust: mechanisms of a genocide,Other,Gypsies,"Generic term (grouping Roma and Sinti) designating populations persecuted by the Nazis on a racial basis. Between 250,000 and 500,000 of them were exterminated."
The Holocaust: mechanisms of a genocide,Location,Yad Vashem,"International institute for the memory of the Holocaust located in Jerusalem, dedicated to the study of the genocide and to honoring the victims as well as the Righteous Among the Nations."
"September 11, 2001",Location,Saudi Arabia,"Kingdom housing Islam's holy sites (Mecca, Medina). Bin Laden considered the stationing of American troops on this soil in 1990 as a sacrilege, triggering his total hostility towards the United States."
"September 11, 2001",Movement,Taliban,Islamist fundamentalist Movement that ruled Afghanistan from 1996 to 2001. They provided refuge and training bases to Al-Qaeda before being overthrown by the coalition led by the United States.
"September 11, 2001",Event,Enduring Freedom,"Name of the military operation launched by the United States in October 2001 in response to the September 11 attacks, aiming to dismantle Al-Qaeda in Afghanistan."
"September 11, 2001",Location,Guantanamo,"Military prison located on an American base in Cuba. It was created after September 11 to detain, outside the classical American legal framework, individuals suspected of terrorism."
"September 11, 2001",Figure,Saddam Hussein,"Dictator of Iraq from 1979 to 2003. Although he had no link with Al-Qaeda, he was overthrown by the United States in 2003 under the pretext of possessing weapons of mass destruction."
Athenian democracy,Concept,Politics,From the Greek 'polis' (the city). Refers to the art of managing the city's affairs and the space for common deliberation between citizens.
Athenian democracy,Institution,Boule,Council composed of 500 citizens drawn by lot (50 per tribe) responsible for studying draft laws before their presentation to the Ecclesia.
Athenian democracy,Concept,Misthos,"Financial allowance paid to Athenian citizens to compensate for the loss of income linked to the exercise of public duties (courts, assembly)."
Athenian democracy,Concept,Isegoria,The equal right for every citizen to speak before the assembly of the people (Ecclesia).
Athenian democracy,Institution,Heliaia,"The supreme popular court of Athens, whose members were chosen by lot from among volunteer citizens."
Athenian democracy,Concept,Demagogue,An orator seeking to win the people's favor by flattering their passions rather than by appealing to their reason.
The American Civil War (1861-1865),Figure,Jefferson Davis,"An American statesman, he was the sole president of the Confederate States of America (1861-1865) during the Civil War."
The American Civil War (1861-1865),Figure,Ulysses Grant,"General-in-chief of the Union armies at the end of the war, he accepted Lee's surrender before becoming the 18th president of the United States."
The American Civil War (1861-1865),Figure,Robert E. Lee,"The most famous Confederate general. Despite his tactical genius, he had to surrender at Appomattox in the face of the North's numerical and industrial superiority."
The American Civil War (1861-1865),Date,The 13th Amendment,"An amendment to the United States Constitution ratified in December 1865, officially abolishing slavery and involuntary servitude."
The American Civil War (1861-1865),Movement,Ku Klux Klan,White supremacist terrorist organization founded in 1865 in Tennessee to violently oppose the rights of African Americans.
Why is the sky blue?,Concept,Mie scattering,"Phenomenon of light scattering by particles larger than the wavelength (dust, water droplets), explaining the white appearance of clouds or misty skies."
Why do we dream?,Concept,Muscle atonia,"Temporary inhibition of voluntary muscle activity during REM sleep, aimed at preventing the body from mimicking dream movements."
Why do we dream?,Location,Limbic system,"Group of brain structures playing a major role in emotion management and memory formation, highly active during dreaming."
Why do we dream?,Location,Prefrontal cortex,"Anterior part of the brain responsible for executive functions (logic, planning) which is usually deactivated during dreaming, except during lucid dreams."
Why do we dream?,Concept,Norepinephrine,"Neurotransmitter linked to stress and arousal, whose absence during REM sleep explains both the forgetting of dreams and their emotional therapeutic dimension."
Why do we dream?,Concept,Encoding,Process of transforming external or internal information into a stable memory trace in the nervous system.
Why does ice float?,Concept,Benzene,"Liquid organic compound whose solid state is denser than its liquid state, illustrating the 'normal' behavior of substances unlike water."
Why does ice float?,Concept,Microorganisms,"Microscopic living beings (bacteria, plankton) whose winter survival depends directly on the insulating layer formed by ice on the surface."
Why does ice float?,Concept,Albedo,"The reflective power of a surface. Ice has a high albedo, reflecting solar energy back into space, which cools the planet."
Why is seawater salty?,Concept,Magma,"Molten rock located beneath the Earth's surface, whose heat feeds underwater hydrothermal vents."
Why is seawater salty?,Concept,Rock salt,"A solid sedimentary deposit formed by the evaporation of ancient seas or lagoons, also known as halite."
Why is seawater salty?,Location,Gulf Stream,A warm surface ocean current originating in the Gulf of Mexico that warms the climate of Western Europe.
Why is seawater salty?,Location,Jordan Rift Valley,"A tectonic depression home to the Jordan River and the Dead Sea, located between Israel, Jordan, and Palestine."
Why are there seasons?,Concept,Ellipse,"The geometric shape of the Earth's orbit, resembling a slightly flattened circle."
Why are there seasons?,Concept,Ecliptic,The imaginary plane containing Earth's orbit around the Sun.
Why are there seasons?,Date,Solstice,"The time of year when the Sun reaches its northernmost or southernmost position relative to the equator, marking the start of summer or winter."
Why are there seasons?,Concept,Photoperiod,The ratio between the length of day and the length of night over 24 hours.
How do planes fly?,Figure,Bernoulli,"Daniel Bernoulli (1700-1782), a Swiss mathematician whose principle explains how the speed of a fluid influences its pressure."
How do planes fly?,Concept,Air deflection,"The action of the wing forcing the airflow downward, generating an upward thrust by reaction (Newton's 3rd Law)."
How do planes fly?,Concept,Stall,"A sudden loss of lift occurring when the angle of attack is too high, causing the separation of airflow on the upper surface."
How do planes fly?,Other,Joystick,Side control stick used by the pilot to transmit instructions to the electric flight systems.
Why do we yawn?,Figure,Andrew Gallup,Researcher in evolutionary psychology who formalized the brain thermoregulation theory as the primary function of yawning.
Why do we yawn?,Other,Frontal sinuses,Air-filled cavities located in the forehead bones. The air circulating there while yawning is thought to help cool the blood vessels near the brain.
Why do we yawn?,Concept,Synaptogenesis,Process of forming synapses between neurons in the nervous system. Fetal yawning is thought to help stimulate this development.
Why do we yawn?,Concept,Biomarker,Measurable biological indicator (such as the frequency of a Movement) used to assess the health status or developmental stage of an organism.
Why do we yawn?,Concept,Autonomic nervous system,"Part of the nervous system responsible for the body's automatic functions (heart rate, digestion, breathing)."
How does memory work?,Concept,Neuroplasticity,"The brain's ability to modify the organization of its neural networks based on experience, notably by strengthening or weakening synaptic connections."
How does memory work?,Location,Neocortex,"Outer part of the cerebral hemisphere involved in higher cognitive functions (language, consciousness, long-term storage)."
Why do we get chills?,Concept,Chills,A series of rapid and involuntary muscle contractions intended to produce heat or reflecting strong nervous excitement.
Why do we get chills?,Concept,The autonomic nervous system,"Part of the nervous system responsible for the body's automatic functions (digestion, heart rate, temperature) without voluntary control."
Why do we get chills?,Location,Hypothalamus,"Structure located at the base of the brain that regulates vital functions such as hunger, thirst, or body temperature (the biological thermostat)."
Why do we get chills?,Concept,Dopamine,"Chemical neurotransmitter in the brain playing a central role in the reward circuit, pleasure, and motivation."
How does soap kill viruses?,Concept,Capsid,"Rigid protein shell that protects the genetic material of viruses, particularly resistant in so-called 'naked' viruses."
How does soap kill viruses?,Concept,surfactants,"Substances capable of modifying the surface tension between two surfaces, allowing soap to mix water and fatty substances."
How does soap kill viruses?,Other,sebum,"Oily substance secreted by the skin's sebaceous glands, in which viruses and bacteria can remain trapped."
How does soap kill viruses?,Concept,micelles,Spherical clusters of soap molecules trapping fatty substances (or viral debris) at their center to isolate them from water.
"The discovery of penicillin (Fleming, 1928)",Figure,Howard Florey,"Australian pharmacologist who, with Ernst Chain, transformed Fleming's observation into a stable and injectable medicine on an industrial scale."
"The discovery of penicillin (Fleming, 1928)",Other,Syphilis,"A serious sexually transmitted infection, once an incurable plague, which was the first major successful target of penicillin."
"The discovery of penicillin (Fleming, 1928)",Other,Staphylococcus,"A genus of bacteria responsible for various infections in humans, some strains of which are now famous for their resistance to treatments."
The discovery of electricity and its applications,Other,elektron,"An ancient Greek term referring to yellow amber, whose property of attraction after friction gave electricity its name."
The discovery of electricity and its applications,Other,brine,An aqueous solution of salt (sodium chloride) used by Volta in his battery to allow the passage of electrical charges between the metal disks.
"The discovery of X-rays (Röntgen, 1895)",Concept,cathode,A negative electrode from which electrons are emitted in a vacuum tube.
"The discovery of X-rays (Röntgen, 1895)",Concept,anode,A positive electrode that receives electrons and emits X-rays after thermal shock.
"The discovery of X-rays (Röntgen, 1895)",Other,gangrene,Necrosis of living tissue caused by an infection or a cessation of blood supply.
"The discovery of X-rays (Röntgen, 1895)",Other,radiodermatitis,Skin lesion caused by excessive exposure to ionizing radiation.
"The discovery of X-rays (Röntgen, 1895)",Other,leukemias,"Blood and bone marrow cancers, often linked at the time to chronic irradiation."
"The discovery of X-rays (Röntgen, 1895)",Concept,radioactivity,Natural physical phenomenon by which unstable atomic nuclei spontaneously transform by emitting radiation.
"The discovery of X-rays (Röntgen, 1895)",Concept,black holes,"Celestial objects so dense that their gravitational force prevents any matter or light from escaping, emitting violent X-rays during the absorption of matter."
"The discovery of X-rays (Röntgen, 1895)",Event,supernovae,"Massive stellar explosions signaling the death of a very massive star, releasing colossal energy in the form of X-ray radiation."
The discovery of the microwave (by accident),Concept,microwaves,"Electromagnetic waves with a wavelength intermediate between infrared and radio waves, used for both telecommunications and heating food."
The discovery of the microwave (by accident),Other,standard frequency,"The 2.45 GHz frequency, adopted worldwide for domestic ovens to ensure sufficient energy penetration into biological tissues without major interference."
The discovery of the microwave (by accident),Concept,water molecules,Polar molecules (H2O) that react to the alternating electromagnetic field of microwaves by rotating on themselves.
"The theory of gravitation (Newton, 1687)",Work,Philosophiae Naturalis Principia Mathematica,Newton's work (1687) laying the foundations of classical physics and introducing the Law of universal gravitation.
"The theory of gravitation (Newton, 1687)",Concept,Geocentrism,"Astronomical model inherited from Antiquity placing the Earth, motionless, at the center of the universe."
"The theory of gravitation (Newton, 1687)",Figure,Tycho Brahe,Danish astronomer (1546-1601) whose precise observations of the planets allowed Kepler to establish his laws.
"The theory of gravitation (Newton, 1687)",Other,Hypotheses non fingo,"Latin phrase by Newton meaning 'I feign no hypotheses', expressing his refusal to speculate on the hidden nature of gravity without mathematical proof."
"The theory of gravitation (Newton, 1687)",Figure,Albert Einstein,Theoretical physicist (1879-1955) whose theories of special and general Relativity complemented and surpassed Newton's mechanics.
The discovery of radioactivity (Marie Curie),Institution,Flying University,"Clandestine educational organization in Poland at the end of the 19th century, intended to brave Russian Censorship and allow the education of women."
The discovery of radioactivity (Marie Curie),Other,Pitchblende,Black and dark uranium ore from which the Curies isolated polonium and radium.
The discovery of radioactivity (Marie Curie),Concept,Curietherapy,Medical Technique using radioactive sources placed internally or in the immediate vicinity of the area to be treated (often cancers).
The discovery of radioactivity (Marie Curie),Other,Aplastic leukemia,"Rare and serious disease where the bone marrow stops producing enough new blood cells, often caused by prolonged exposure to radiations."
The invention of the Internet,Institution,CERN,"European Organization for Nuclear Research, located in Geneva, where the Web was invented to facilitate data sharing between physicists."
The invention of the Internet,Concept,Globalization,"Process of market integration and interdependence of economies and cultures on a global scale, greatly facilitated by the Internet."
The invention of the Internet,Event,Sputnik,"First artificial satellite sent into space by the USSR in 1957, provoking the American reaction that would lead to the creation of ARPA."
The discovery of anesthesia,Concept,sciences,"Set of knowledge and studies of universal value, characterized by a determined Object and method, and based on verifiable objective relationships."
The discovery of anesthesia,Concept,traumatic shock,"State of acute circulatory failure caused, in this context, by pain of an intensity unbearable for the nervous system."
The discovery of anesthesia,Concept,mesmerization,"Technique of animal magnetism developed by Franz-Friedrich-Anton Mesmer, ancestor of hypnosis, sometimes used in the 19th century to try to reduce pain."
The discovery of anesthesia,Other,sulfuric ether,Colorless and flammable liquid whose inhaled vapors were the first effective general anesthetic agent used in surgery.
The discovery of anesthesia,Other,chloroform,"Liquid chemical compound discovered in 1831, used as a general anesthetic after ether, notably for its potency and speed of action."
The discovery of anesthesia,Figure,James Young Simpson,Scottish physician who popularized the use of chloroform in obstetrics and surgery starting in 1847.
The discovery of anesthesia,Figure,Queen Victoria,Sovereign of the United Kingdom whose use of chloroform during her childbirths in 1853 and 1857 helped lift religious taboos on anesthesia.
"The structure of DNA (Watson & Crick, 1953)",Figure,Friedrich Miescher,"Swiss biologist who first isolated a substance he called ""nuclein"" (DNA) in the nuclei of white blood cells in 1869."
"The structure of DNA (Watson & Crick, 1953)",Concept,X-ray crystallography,Analytical technique used to determine the atomic structure of a crystal by observing how it deflects a beam of X-rays.
"The structure of DNA (Watson & Crick, 1953)",Concept,genome sequencing,"Method used to determine the precise order of nitrogenous bases (A, T, C, G) all along a DNA molecule."
"The structure of DNA (Watson & Crick, 1953)",Figure,Linus Pauling,"Genius American chemist, rival to Watson and Crick, who mistakenly proposed a triple helix structure for DNA shortly before 1953."
Darwin's theory of evolution (1859),Other,HMS Beagle,Royal Navy ship that served as the base for Charles Darwin's scientific tour of the world between 1831 and 1836.
Darwin's theory of evolution (1859),Other,finches,"Nicknamed 'Darwin's finches', these thirteen species of birds from the Galápagos served as crucial evidence to demonstrate the adaptation of species to their environment."
Darwin's theory of evolution (1859),Figure,Samuel Wilberforce,"Anglican Bishop of Oxford, famous for his virulent opposition to Darwin's theory during a historical debate in 1860."
Darwin's theory of evolution (1859),Figure,Thomas Huxley,British biologist nicknamed 'Darwin's bulldog' for his zeal in defending and spreading the theory of evolution.
Darwin's theory of evolution (1859),Concept,DNA,"Molecule carrying genetic information, the understanding of which allowed for the validation and explanation of the mechanisms of hereditary transmission theorized by Darwin."
The Big Bang,Concept,singularity,"Point in space-time where density and curvature become infinite, making current laws of physics inapplicable."
The Big Bang,Other,primordial nucleosynthesis,"Process that took place during the first minutes of the universe, leading to the formation of light atomic nuclei (hydrogen, helium, lithium)."
The Big Bang,Other,supernovae,"Titanic explosions marking the death of certain stars, used as 'standard candles' to measure cosmic distances and expansion."
Why do volcanoes erupt?,Location,ridges,"Underwater mountain ranges located at the boundary of two tectonic plates that are moving apart, allowing magma to rise and create new oceanic crust."
Why do volcanoes erupt?,Concept,pyroclastic flows,"A mixture of hot gases, ash, and rock fragments that rushes down the flanks of a volcano at speeds exceeding 100 km/h during explosive eruptions."
Why do volcanoes erupt?,Concept,supervolcano,"A volcanic structure capable of producing eruptions with a volume greater than 1,000 km3, often characterized by an immense caldera rather than a classic cone."
Why do volcanoes erupt?,Location,black smokers,Hydrothermal vents located on the seabed that discharge fluids rich in minerals and metals at very high temperatures.
How do earthquakes form?,Concept,Subduction,A geodynamic process where an oceanic tectonic plate sinks beneath another plate (oceanic or continental) before plunging into the Earth's mantle.
How do earthquakes form?,Location,The asthenosphere,"The ductile part of the Earth's upper mantle located beneath the rigid lithosphere, allowing for the movement of tectonic plates."
How do earthquakes form?,Concept,Earthquake engineering,Field of civil engineering studying the design and construction of buildings capable of withstanding seismic tremors without collapsing.
The Chernobyl disaster (1986),Concept,INES,"International Nuclear Event Scale, ranging from 1 (anomaly) to 7 (major accident). Chernobyl and Fukushima are the only two level 7 events."
The Chernobyl disaster (1986),Other,liquidators,Name given to the civil and military personnel dispatched to the site after the explosion to decontaminate the area and build the first sarcophagus.
The Chernobyl disaster (1986),Figure,Mikhail Gorbachev,"Last leader of the USSR (1985-1991), he admitted that Chernobyl had been one of the triggering factors of the collapse of the Soviet Union."
The Chernobyl disaster (1986),Institution,WANO,"World Association of Nuclear Operators, an organization created in 1989 to promote global nuclear safety through the exchange of information between operators."
Why doesn't the Moon fall onto Earth?,Concept,Orbital velocity,Minimum velocity a body must reach to stay in orbit around a celestial body without crashing into it or escaping from it.
Why doesn't the Moon fall onto Earth?,Concept,Inertia,"Property of a body to maintain its speed and direction in the absence of external force, pushing it to move in a straight line in space."
Why doesn't the Moon fall onto Earth?,Concept,Equilibrium speed,Precise speed at which the centrifugal force exactly compensates for the gravitational attraction force.
Is there life elsewhere in the Universe?,Concept,Exobiology,"Scientific discipline that studies the conditions and processes allowing life to appear in the Universe, as well as its detection."
Is there life elsewhere in the Universe?,Concept,Tidal forces,"Gravitational effects exerted by a massive celestial body on another, causing deformations and internal heating through friction."
Is there life elsewhere in the Universe?,Concept,Biosignatures,"Substances, structures, or phenomena providing scientific evidence of past or present life (e.g., simultaneous oxygen and methane in an atmosphere)."
Is there life elsewhere in the Universe?,Concept,Great Filter,"Hypothesis according to which an extremely difficult evolutionary barrier exists, explaining the rarity of advanced civilizations."
Is there life elsewhere in the Universe?,Concept,Zoo hypothesis,"Theory suggesting that advanced civilizations observe us from a distance without interfering, to let us evolve naturally."
Is there life elsewhere in the Universe?,Concept,Spectroscopy,Study of the light spectrum to determine the chemical and physical composition of the matter that is emitting or being passed through.
What is a black hole?,Concept,Accretion disk,"Structure of gas and dust rotating around a massive object (such as a black hole), heated by friction and shining intensely."
What is a black hole?,Other,Interferometry,Technique consisting of combining signals from several distant telescopes to obtain a resolution equivalent to that of a giant telescope.
What is a black hole?,Concept,Hawking radiation,"Theoretical thermal radiation emitted by black holes due to quantum effects, leading to their very slow evaporation."
The theory of relativity for everyone,Figure,Newton,"English physicist (1643-1727) who formulated the Law of universal gravitation, seeing gravity as a force of attraction between masses."
The theory of relativity for everyone,Concept,nuclear physics,"Branch of physics studying the nucleus of atoms and the resulting reactions, based on mass-energy equivalence (E=mc²)."
The theory of relativity for everyone,Concept,black holes,Celestial objects so dense that their gravitational field prevents any form of matter or radiation from escaping.
The theory of relativity for everyone,Other,radio astronomy,Branch of astronomy that studies celestial bodies by observing the radio waves they emit.
The theory of relativity for everyone,Theory,Big Bang,Cosmological model describing the origin and evolution of the Universe from a phase of extreme density and temperature.
How does lightning form?,Concept,cumulonimbus,"Cloud of great vertical development, anvil-shaped, responsible for storm phenomena, hail, and lightning."
How does lightning form?,Concept,sleet,"Ice particle smaller and denser than hail, formed by the freezing of raindrops, playing a key role in cloud electrification."
How does lightning form?,Concept,triboelectric effect,Phenomenon of electrostatic charging created by friction or collision between two materials of different natures.
How does lightning form?,Concept,Sprites,"Red-colored lightning occurring above thunderstorms in the mesosphere, very brief and difficult to observe with the naked eye."
How does lightning form?,Concept,Elves,"Rapidly expanding luminous disks appearing in the upper atmosphere during powerful lightning strikes, due to electromagnetic pulses."
How does a vaccine work?,Concept,B cells,"White blood cells that produce antibodies - proteins capable of recognizing and neutralizing a specific pathogen. After vaccination, some become ""memory cells"" that sometimes persist for a lifetime."
How does a vaccine work?,Concept,T cells,Type of white blood cells capable of directly destroying body cells infected by viruses or those that have become cancerous.
How does a vaccine work?,Concept,Adjuvants,"Substances added to certain vaccines to stimulate and prolong the body's immune response, making the vaccine more effective."
How does a vaccine work?,Figure,Edward Jenner,British physician (1749-1823) considered the father of immunology for creating the first vaccine against smallpox.
What is the greenhouse effect (really)?,Institution,IPCC,"Intergovernmental Panel on Climate Change, created in 1988 to assess scientific information related to climate change."
What is the greenhouse effect (really)?,Concept,permafrost,"Part of a soil permanently frozen for at least two consecutive years, storing huge amounts of organic carbon."
What is the greenhouse effect (really)?,Date,Pliocene,"Geological epoch spanning from approximately 5.3 to 2.5 million years before the present, often used as a comparison point for current CO2 levels."
What is the greenhouse effect (really)?,Concept,greenhouse effect,"Natural warming process of a planet by its atmosphere, where certain gases adsorb and re-emit thermal radiation from the surface."
Why do we sleep?,Concept,Microsleeps,"Involuntary sleep episodes lasting from fractions of a second to 30 seconds, occurring during severe sleep deprivation."
Why do we sleep?,Location,Neocortex,"Outer area of the brain involved in higher functions (perception, reasoning, language) where long-term memories are stored."
Why do we sleep?,Concept,Cytokines,Cell signaling substances produced notably during sleep to regulate the immune response against infections.
Why do we sleep?,Concept,REM sleep,"Sleep phase characterized by intense brain activity, rapid eye movement, and muscle paralysis, associated with dreams."
Why do we sleep?,Concept,Synaptogenesis,"Process of forming synapses (connections) between neurons, particularly intense during sleep in newborns."
How does the brain store memories?,Location,temporal lobe,"Region of the brain located behind the temples, housing the hippocampus and involved in processing memories and auditory information."
Why are some species immortal?,Concept,mTOR,"Acronym for 'mammalian Target of Rapamycin', a protein that regulates cell growth in response to nutrients. Its overactivity is linked to premature aging."
Why are some species immortal?,Concept,stem cells,Undifferentiated cells capable of dividing indefinitely and specializing into different types of cells to repair tissues.
Why are some species immortal?,Concept,epigenetics,"Study of modifications that influence gene expression without changing the DNA sequence, often compared to a 'software layer' that alters with age."
Why do leaves change color?,Concept,phytochromes,"Protein photoreceptors in plants used to detect light variations and adjust their biological cycle (flowering, leaf drop)."
Why do leaves change color?,Concept,tannins,Brown and bitter phenolic substances that remain in dead leaves once all other pigments have degraded.
Why do leaves change color?,Other,aphids,"Parasitic insects of plants; according to the honest signal theory, autumn colors deter them from settling on the tree."
Why do leaves change color?,Other,nitrogen,Essential nutrient that the tree seeks to reclaim from its leaves before winter to ensure its growth the following spring.
What is dark matter?,Concept,Standard Model,"Physical theory that describes elementary particles (quarks, electrons, etc.) and three of the four fundamental forces, but fails to explain dark matter."
What is dark matter?,Concept,Halo,"Invisible spherical structure surrounding a galaxy, composed mostly of dark matter and explaining its rotational stability."
What is dark matter?,Concept,Gravitational lensing,Effect of light distortion from a distant object as it passes near a massive object (such as a dark matter cluster) that curves space-time.
What is dark matter?,Concept,Baryonic,"Refers to ordinary matter composed of protons and neutrons, as opposed to dark matter whose nature is non-baryonic."
Photosynthesis explained simply,Other,stomata,"Small adjustable openings on the epidermis of leaves that allow gas exchange (CO2, O2) and plant transpiration."
Photosynthesis explained simply,Concept,ATP,Adenosine triphosphate. A universal molecule that serves as the primary energy carrier within living cells.
Photosynthesis explained simply,Concept,NADPH,High-energy electron carrier molecule used in the chemical reactions of glucose synthesis.
How does electricity work in our bodies?,Concept,sodium-potassium pumps,Membrane proteins that use cellular energy (ATP) to maintain the ionic concentration gradients necessary for the resting potential.
How does electricity work in our bodies?,Concept,glutamate,"The primary excitatory neurotransmitter of the central nervous system, playing a crucial role in neuronal plasticity and memory."
How does electricity work in our bodies?,Concept,resting potential,Stable state of the electrical voltage across a neuron's membrane when it is not transmitting a signal (approximately -70 millivolts).
Why do certain sounds give us chills?,Figure,Matthew Sachs,"Researcher in neurosciences, author of pioneering studies (2016-2017) on structural brain differences in people who experience musical chills."
Why do certain sounds give us chills?,Concept,Subcortical,"Refers to the deep regions of the brain (such as the striatum or amygdala) located below the cortex, responsible for instinctive and emotional functions."
Why do certain sounds give us chills?,Concept,Harmonic resolution,The transition from an unstable chord (tension) to a stable chord (rest) in classical music Theory.
Why do seasons exist on other planets?,Concept,Obliquity,The angle between a planet's rotation axis and the perpendicular to its orbital plane; it is the major cause of seasons.
Why do seasons exist on other planets?,Concept,<perihelion>,The point in the orbit of a celestial body where the distance of this body from the Sun is minimal.
Why do seasons exist on other planets?,Location,<rings of Saturn>,"A system of planetary rings composed of ice and dust encircling Saturn, whose appearance varies according to the planet's seasons."
Why do seasons exist on other planets?,Location,<exoplanets>,"Planets located outside the solar system, orbiting a star other than the Sun."
Why do seasons exist on other planets?,Concept,Retrograde rotation,"The rotation direction of a planet that rotates from East to West, contrary to the majority of planets in the solar system."
"The Odyssey, Homer",Other,aedes,Poet-singers of ancient Greece who improvised or recited epics while traditionally accompanying themselves with a lyre (the phorminx).
"The Odyssey, Homer",Movement,Homeridae,Brotherhood or guild of singers and poets who claimed to be descendants of Homer and ensured the transmission of his works.
"The Odyssey, Homer",Figure,Milman Parry,"American philologist who proved, through the study of Balkan bards, that Homer's works were based on a technique of improvised oral composition."
"The Odyssey, Homer",Concept,oral tradition,"Mode of cultural transmission through speech, without written support, relying on specific memorization techniques."
"The Odyssey, Homer",Other,Homeric Greek,"Archaic and artificial literary language used by Homer, mixing different Greek dialects for reasons of meter and rhythm."
"The Odyssey, Homer",Concept,dactyl,"Unit of measurement of the Greek verse (the dactylic hexameter) composed of one long syllable followed by two shorts, imitating the rhythm of a gallop."
"The Odyssey, Homer",Concept,in media res,"Latin phrase meaning 'in the midst of things', designating a narrative process where the story begins in the heart of the plot."
"The Odyssey, Homer",Concept,analepsis,Technical term designating a move back in time within a narrative (flashback).
"The Odyssey, Homer",Concept,nekyia,Ritual episode during which the hero invokes the dead to question their shadows about the future.
"The Odyssey, Homer",Figure,James Joyce,"Major 20th-century Irish writer, author of the experimental novel 'Ulysses' (1922)."
"The Iliad, Homer",Concept,timē,"In Ancient Greece, the honor or public recognition granted to a hero based on his exploits. It is the lack of timē inflicted by Agamemnon that causes Achilles' withdrawal."
"The Iliad, Homer",Event,Trojan Horse,Famous stratagem by Odysseus consisting of introducing Greek soldiers into Troy via a huge wooden horse. This episode is not told in the Iliad but in the Odyssey and the Aeneid.
"Oedipus Rex, Sophocles",Work,Poetics,"Treatise by Aristotle analyzing the rules of tragedy and epic, making Oedipus Rex the model of the genre."
"Oedipus Rex, Sophocles",Work,Antigone,"Tragedy by Sophocles telling the fate of the daughter of Oedipus, confronted with the conflict between divine laws and human laws."
"Oedipus Rex, Sophocles",Work,Oedipus at Colonus,"Last play by Sophocles describing the death of the exiled Oedipus, who became a sacred figure after his sufferings."
"Oedipus Rex, Sophocles",Concept,tritagonist,"Third actor introduced by Sophocles, allowing the dramatic play to be enriched beyond a simple one-on-one."
"Oedipus Rex, Sophocles",Other,loimos,Greek term referring to the plague or a religious pollution striking a city as punishment for a sin.
"Oedipus Rex, Sophocles",Figure,Tiresias,Blind seer of Thebes who possesses dual knowledge (past and future) and reveals his fault to Oedipus.
"Oedipus Rex, Sophocles",Concept,anagnorisis,Moment in the tragedy where a character moves from ignorance to knowledge (the recognition).
"Oedipus Rex, Sophocles",Concept,peripeteia,"The sudden reversal of a character's situation, turning from happiness to extreme misfortune."
"Oedipus Rex, Sophocles",Concept,pharmakos,"Scapegoat in Ancient Greece, purging the city of its evil through their expulsion or sacrifice."
"Oedipus Rex, Sophocles",Other,ainigma,"Greek word meaning enigma, referring to a game of the mind but also the obscure speech of oracles."
"Antigone, Sophocles",Event,Seven Against Thebes,Military expedition led by Polynices and six other leaders against their own city of Thebes to reclaim the throne from Eteocles.
"Antigone, Sophocles",Location,Hades,"The realm of the dead in Greek mythology, where souls reside after receiving funeral rites."
"Antigone, Sophocles",Concept,peripeteia,Sudden change of situation in a theater play that leads the action towards its resolution.
"The Symposium, Plato",Concept,androgynes,"Mythical beings possessing both masculine and feminine characteristics. In Aristophanes' account, they represent one of the three original forms of humanity before being split by the gods."
"The Symposium, Plato",Concept,daimon,"In Greek mythology and in Plato's work, an intermediary being between gods and mortals, serving as a messenger or mediator. Eros is described as a daemon because he links human desire to divine perfection."
"The Symposium, Plato",Concept,Eros,"Greek divinity of Love and desire. In Plato's work, he symbolizes the force of attraction that pushes the soul towards beauty and knowledge."
"The Symposium, Plato",Figure,Alcibiades,"Athenian politics figure and general famous for his charisma, beauty, and instability. His crashing entrance at the end of the Symposium offers a vivid portrait of Socrates."
"The Republic, Plato",Concept,Epithumia,"In Plato's psychology, the desiring part of the soul linked to biological needs and material appetites."
"The Republic, Plato",Concept,Thumos,"The 'irascible' or 'spirited' part of the soul, the seat of courage, noble anger, and strength of character."
"The Republic, Plato",Concept,Logos,"The rational part of the soul, capable of accessing the truth and guiding the other parts toward harmony."
"The Republic, Plato",Location,Kallipolis,"Name meaning 'beautiful city', designating the ideal city constructed by Socrates and his interlocutors in The Republic."
"The Republic, Plato",Figure,Karl Popper,"20th-century philosopher and author of 'The Open Society and Its Enemies', a radical critic of the Platonic model which he deems a precursor to totalitarianism."
"The Republic, Plato",Figure,Alfred North Whitehead,British philosopher and mathematician famous for his quote emphasizing the hegemonic influence of Plato on the history of thought.
"The Apology of Socrates, Plato",Concept,apologia,"Greek term meaning 'defense'. In the ancient context, it refers to a speech intended to justify one's actions during a trial, rather than to express regret."
"The Apology of Socrates, Plato",Movement,sophists,"Masters of rhetoric and eloquence in Ancient Greece who taught the art of persuasion for a fee, often criticized by Socrates for their lack of concern for absolute truth."
"The Apology of Socrates, Plato",Location,Prytaneum,Public building in Athens where magistrates sat and where deserving citizens and victorious athletes were fed at the city's expense.
"Works and Days, Hesiod",Location,Boeotia,"A region of central Greece, north of Attica, whose capital was Thebes. Perceived by the Athenians as a land of boorish peasants, it is the homeland of Hesiod."
"Works and Days, Hesiod",Concept,Hubris,"A Greek notion referring to hubris, the insane pride that drives man to believe he is the equal of the gods. It is the supreme crime that triggers divine punishment (Nemesis)."
"Works and Days, Hesiod",Figure,Erasmus,"Renaissance humanist who, by translating Hesiod into Latin, replaced the Greek term 'pithos' (jar) with 'pyxis' (box), thus creating the erroneous but famous expression 'Pandora's box'."
"Works and Days, Hesiod",Work,Georgics,"A Latin didactic poem by Virgil dealing with agriculture, directly inspired by the work of Hesiod."
"Medea, Euripides",Figure,Aeschylus,"The oldest of the three great authors of Greek tragedies, known for the religious and collective dimension of his plays."
"Medea, Euripides",Figure,Sophocles,"Greek tragedian, author of Oedipus Rex, who introduced the third actor and focused on heroic solitude."
"Medea, Euripides",Concept,Barbarian,"For the Greeks, this refers to anyone who does not speak Greek and is foreign to their culture. The term was not initially insulting but marks a radical state of otherness."
"Medea, Euripides",Institution,Argonauts,"A group of heroes who, according to Mythology, accompanied Jason on the ship Argo to seek the Golden Fleece."
"Medea, Euripides",Concept,Thumos,"Greek Concept referring to the irascible soul, the seat of anger, courage, and the sense of honor."
"Medea, Euripides",Concept,Deus ex machina,Theatrical technique consisting of having a god or a divine force intervene at the end of a play to resolve an inextricable situation.
"Les Misérables, Victor Hugo",Concept,Digressions,"Interruption of the main narrative by the author to address a historical, philosophical, or sociological subject (e.g., Waterloo in Les Misérables)."
"Les Misérables, Victor Hugo",Location,Sewers of Paris,Subterranean world of the capital used by Hugo as a metaphor for the social unconscious and the site of Jean Valjean's heroic escape.
"Les Misérables, Victor Hugo",Movement,ABC,"Name of the fictional secret society of republican students led by Enjolras, whose name is a pun on 'les abaissés' (the downtrodden)."
"Les Misérables, Victor Hugo",Concept,Engaged literature,"Type of Work where the author puts their Art at the service of a politics, social, or ethical cause to transform society."
"Madame Bovary, Flaubert",Movement,realism,"19th-century literary Movement aiming to represent social and human reality in the most faithful way possible, without idealizing it."
"Madame Bovary, Flaubert",Figure,Homais,"Pharmacist of Yonville, a figure of the triumphant, pedantic, and mediocre bourgeoisie, who stands in contrast to Emma's distress through his social success."
"The Red and the Black, Stendhal",Historical reference,Vulgate,"Latin translation of the Bible, used by the Catholic Church. Mastering this text by heart was a sign of immense biblical erudition, used by Julien Sorel to impress the clergy and the nobles."
"The Red and the Black, Stendhal",Other,Chronicle of 1830,Alternative title and subtitle of the novel highlighting Stendhal's desire to anchor his narrative in the burning social and politics news of his time.
"The Red and the Black, Stendhal",Concept,Beylism,"Stendhal's philosophy of life and writing, combining a lucid analysis of the World, the quest for individual happiness, and the rejection of romantic emphasis."
"Candide, Voltaire",Event,Seven Years' War,"Major conflict (1756-1763) primarily opposing France and Great Britain. Voltaire uses it to denounce the ""heroic butchery"" of battles."
"Candide, Voltaire",Institution,Inquisition,"Ecclesiastical court responsible for hunting down heresy. In Candide, it illustrates the religious fanaticism that Voltaire fights."
"Candide, Voltaire",Concept,Auto-da-fé,Public penance ceremony where heretics are sometimes burned. Voltaire turns it into a demonstration of superstitious absurdity.
"Candide, Voltaire",Figure,Leibniz,"Gottfried Wilhelm Leibniz (1646-1716), a German philosopher whose Theodicy defends the idea that God created the 'best of all possible worlds'."
"The Confessions, Rousseau",Concept,autobiographical pact,"Concept theorized by Philippe Lejeune referring to the author's commitment to telling the truth about themselves, creating an identity between the author, the narrator, and the character."
"The Confessions, Rousseau",Movement,Romanticism,"European cultural Movement emphasizing the expression of feelings, imagination, and the exaltation of nature, of which Rousseau is considered one of the spiritual fathers."
"The Stranger, Camus",Institution,Gallimard,Prestigious French publishing house that published The Stranger in 1942 and for which Camus would later become one of the influential readers.
"The Stranger, Camus",Movement,Nuveau Roman,"Literary Movement of the 1950s that rejected the conventions of the traditional novel (plot, character psychology), finding a precursor in Camus's neutral style."
"The Stranger, Camus",Figure,Kamel Daoud,"Contemporary Algerian writer, author of 'Meursault, contre-enquête', who gives an identity and a voice to the brother of the Arab killed by Meursault."
"The Stranger, Camus",Concept,postcolonial,"Critical studies analyzing the cultural, politics, and social consequences of colonization, focusing notably on the representation of the Other in Art."
"The Myth of Sisyphus, Camus",Movement,Theatre of the Absurd,"Theatrical trend of the 1950s (Beckett, Ionesco) that breaks with naturalism to stage the meaninglessness of the human condition and the failure of language."
"In Search of Lost Time, Proust",Other,Salons,"Places of sociability for high society where people gather to discuss politics, art, and literature, decisive in the narrator's social apprenticeship."
"In Search of Lost Time, Proust",Figure,André Gide,French writer and major figure of the NRF who initially refused Proust's manuscript before becoming one of his greatest admirers.
"In Search of Lost Time, Proust",Figure,Monsieur de Charlus,"Central and complex Figure of the Recherche, a cultivated aristocrat whose destiny Proust uses to explore homosexuality and social decline."
"1984, George Orwell",Institution,POUM,Workers' Party of Marxist Unification. Anti-Stalinist revolutionary organization in Spain in which Orwell fought.
"1984, George Orwell",Concept,Censorship,"Action of limiting or prohibiting the dissemination of ideas, information, or works by a public or religious authority."
"1984, George Orwell",Concept,Doublethink,"Ability to accept two contradictory beliefs as true at the same time, allowing one to ignore physical reality in favor of the Party's doctrine."
"Animal Farm, George Orwell",Date,Second World War,Global conflict (1939-1945) during which the USSR was the ally of Great Britain and the United States against Nazi Germany.
"Animal Farm, George Orwell",Concept,proletariat,Social class composed of workers who do not own the means of production and sell their labor power to survive.
"Animal Farm, George Orwell",Figure,Tsar Nicholas II,"The last Emperor of Russia, overthrown during the 1917 Revolution, represented by farmer Jones in the novel."
"Animal Farm, George Orwell",Concept,Newspeak,Orwellian concept designating a simplified and manipulated language aimed at preventing any critical or oppositional thought.
"Animal Farm, George Orwell",Event,Russian Revolution,Events of 1917 that led to the overthrow of the tsarist regime and the seizure of power by the Bolsheviks led by Lenin.
"Romeo and Juliet, Shakespeare",Work,Romeo and Juliet,"Tragedy by William Shakespeare written around 1595, recounting the passion of two lovers whose feuding families prevent their union."
"Romeo and Juliet, Shakespeare",Figure,Matteo Bandello,16th-century Italian writer whose novella served as the primary source for Shakespeare for his plot.
"Romeo and Juliet, Shakespeare",Concept,Vendetta,"Hereditary hatred or vengeance between two families or clans, the driving force of the tragedy in the play."
"Romeo and Juliet, Shakespeare",Concept,Cynic,"Here, an attitude that consists of mocking ideal values and feelings through a critical or disillusioned spirit, as Mercutio does."
"Romeo and Juliet, Shakespeare",Concept,Peripateticism,"In the broad sense in theater, the art of developing a thought through the action and movement of the figures."
"Romeo and Juliet, Shakespeare",Work,West Side Story,Famous 1957 musical that adapts the plot of Shakespeare to the conflict between two gangs in New York.
"Brave New World, Aldous Huxley",Work,1984,"George Orwell's novel published in 1949 describing a totalitarian dystopia based on constant surveillance, repression and the manipulation of language (Newspeak)."
"Brave New World, Aldous Huxley",Concept,Bokanovsky's Process,"In the novel, a technique consisting of using thermal or chemical shocks to cause multiple buddings from a single egg, allowing the creation of up to 96 identical twins."
"Brave New World, Aldous Huxley",Work,Brave New World Revisited,"An essay published by Aldous Huxley in 1958 where he analyzes, 27 years later, the evolution of society in relation to his own fictional predictions."
"Frankenstein, Mary Shelley",Concept,Galvanism,"Physical Theory of Luigi Galvani in the 18th century suggesting that animal muscles are activated by an electrical fluid, opening up the imagination to the reanimation of the dead."
"Frankenstein, Mary Shelley",Movement,Romanticism,"Literary and artistic movement of the 19th century prioritizing the expression of feelings, imagination, wild nature and the torments of the soul."
"Frankenstein, Mary Shelley",Concept,Hubris,"Greek term designating the excessive pride of a human who seeks to equal the gods, leading inevitably to their downfall."
"Frankenstein, Mary Shelley",Concept,Tabula rasa,"Philosophical concept according to which the human mind is born blank of all knowledge or moral inclination, and is built only through experience and education."
"Frankenstein, Mary Shelley",Concept,Posthumanism,Current of thought exploring the idea of a humanity transformed or surpassed by technological and biological progress.
"Frankenstein, Mary Shelley",Concept,Social determinism,Principle according to which an individual's social conditions and environment determine their behavior and fate.
"Frankenstein, Mary Shelley",Work,Paradise Lost,"Epic poem by John Milton dealing with the fall of man and Satan's revolt against God, a key book that the creature reads to understand its own condition."
"Crime and Punishment, Dostoevsky",Work,Crime and Punishment,"Novel by Fyodor Dostoyevsky published in 1866, a pillar of Russian literature exploring themes of guilt, morality, and redemption."
"Crime and Punishment, Dostoevsky",Movement,Petrashevsky Circle,"Russian intellectual discussion group of socialist inspiration to which Dostoyevsky belonged, which earned him a death sentence."
"Crime and Punishment, Dostoevsky",Location,Omsk Fortress,"Place of detention in Siberia where Dostoyevsky spent four years of forced labor, an experience that forged his vision of human suffering."
"Crime and Punishment, Dostoevsky",Concept,Forensic psychology,"Investigative method used by the Figure of Porfiri Petrovitch, consisting of analyzing the suspect's nervous and mental reactions rather than physical evidence."
"Crime and Punishment, Dostoevsky",Other,Resurrection of Lazarus,"Episode from the Gospel according to John where Jesus brings Lazarus back to life, a central symbol of Raskolnikov's spiritual renewal in the novel."
"The Trial, Kafka",Location,Austro-Hungarian Empire,Multicultural political entity in Central Europe ruled by the Habsburgs from 1867 until its dissolution in 1918 after the First World War.
"The Trial, Kafka",Work,Before the Law,"Key episode located at the end of The Trial, told by a priest to Josef K., illustrating the impenetrability of the Law and human helplessness."
"Don Quixote, Cervantes",Figure,James Joyce,"Major 20th-century Irish writer, author of Ulysses, whose complex narrative structure and exploration of human psychology are direct heirs to the structural innovations established by Cervantes."
"The Grapes of Wrath, Steinbeck",Location,Hoovervilles,"Name given to the shantytowns built by homeless people in the United States during the Great Depression, in ironic reference to President Herbert Hoover, held responsible for the crisis."
"To Kill a Mockingbird, Harper Lee",Concept,white savior,"Narrative trope where a white character comes to the aid of non-white individuals in a desperate situation, often used to criticize the white-centered perspective in racial struggle narratives."
"To Kill a Mockingbird, Harper Lee",Work,Go Set a Watchman,"Second novel by Harper Lee published in 2015. Written before 'To Kill a Mockingbird', it presents an older and more ambiguous version of Atticus Finch."
"To Kill a Mockingbird, Harper Lee",Figure,Gregory Peck,American actor who won the Academy Award for Best Actor in 1963 for his iconic portrayal of Atticus Finch on screen.
"The Great Gatsby, Fitzgerald",Concept,Hidden God,"Recurring theme in the novel linked to T.J. Eckleburg's billboard, suggesting a modern world where spirituality has been replaced by commerce and where morality only persists as a simulacrum."
"The Lord of the Rings, Tolkien",Movement,High Fantasy,"Subgenre of fantasy taking place in a completely imaginary world, involving epic stakes of the struggle between good and evil and strong mythological consistency."
"The Lord of the Rings, Tolkien",Other,Old English,"Also called Anglo-Saxon, it is the ancient form of the English language spoken between the 5th and 11th centuries, of which Tolkien was a world expert."
"The Lord of the Rings, Tolkien",Concept,Maia,"In Tolkien's mythology, divine spirits of lower rank than the Valar (the gods). Sauron and Gandalf are Maiar."
"The Lord of the Rings, Tolkien",Location,Gondor,"The principal kingdom of Men in the south of Middle-earth, the bastion of resistance against Sauron."
"The Lord of the Rings, Tolkien",Institution,Inklings,"Informal literary circle at Oxford centered around Tolkien and C.S. Lewis, where members read their works currenty in progress."
"Fahrenheit 451, Bradbury",Work,1984,Novel by George Orwell (1949) describing a totalitarian dictatorship based on surveillance and the direct repression of thought by the State.
"Fahrenheit 451, Bradbury",Concept,mass consumption,"Economic and social model that appeared in the 20th century, characterized by the standardization of products and the permanent stimulation of the desire to buy among citizens."
"One Hundred Years of Solitude, García Márquez",Work,One Hundred Years of Solitude,"Novel by Gabriel García Márquez published in 1967, considered one of the summits of 20th-century world literature."
"One Hundred Years of Solitude, García Márquez",Other,Sanskrit,Classical language of ancient India used by Melquíades in the novel to encode the prophecies about the Buendía family.
"One Hundred Years of Solitude, García Márquez",Figure,Mario Vargas Llosa,"Peruvian writer, major figure of the Latin American Literature Boom and friend (then rival) of García Márquez."
"The Metamorphosis, Kafka",Work,The Metamorphosis,Major novella of world literature (1915) relating the sudden transformation of Gregor Samsa into an insect.
"The Metamorphosis, Kafka",Figure,Max Brod,"Close friend and literary executor of Kafka who, contrary to his wishes, published his manuscripts posthumously."
"The Metamorphosis, Kafka",Concept,Kafkaesque,"Adjective designating a situation that is absurd, oppressive, and illogical, typical of the bureaucratic and distressing universe described by the author."
"The Metamorphosis, Kafka",Other,boarders,Individuals who rent a room and take their meals in a private home; their presence at the Samsas' accelerates Gregor's exclusion.
"Moby Dick, Melville",Movement,American literature,"The body of literary works produced in the United States, marked in the 19th century by the emergence of a national voice distinct from Europe."
"Moby Dick, Melville",Location,Marquesas,"An archipelago in French Polynesia where Melville stayed in 1842 after deserting his whaleship, an experience that inspired his first novels."
"Moby Dick, Melville",Work,Typee,"Melville's first novel (1846), a semi-autobiographical account of his adventures among a cannibalistic tribe, which was his greatest success during his lifetime."
"Moby Dick, Melville",Concept,Literary canon,"A collection of works considered fundamental, exemplary, and worthy of being taught within a given culture."
"Moby Dick, Melville",Location,New Bedford,A coastal city in Massachusetts that was the whaling industry capital of the world in the mid-19th century.
"Moby Dick, Melville",Figure,Queequeg,"Tattooed Polynesian harpooner of the Pequod, Ishmael's loyal friend, representing savage nobility and pre-Christian wisdom."
"Moby Dick, Melville",Figure,Starbuck,"First mate of the Pequod, a pragmatic and courageous Quaker who opposes Ahab's vengeful madness in the name of common sense."
"Moby Dick, Melville",Figure,Stubb,"Second mate of the Pequod, characterized by his jovial phlegm and his pipe, facing the dangers of the sea with indifference."
"Moby Dick, Melville",Figure,Flask,"Third mate of the Pequod, nicknamed 'King-Post', seeing the whale as mere prey to be killed without any sentiment."
"Moby Dick, Melville",Other,Cetology,"Branch of zoology that studies cetaceans (whales, sperm whales, dolphins)."
"Moby Dick, Melville",Other,Sperm whale,"Large toothed marine mammal, hunted in the 19th century for its oil and the spermaceti located in its head."
"Moby Dick, Melville",Other,Spermaceti,"Or spermaceti, a waxy substance located in the head of the sperm whale, used to make high-quality candles."
"Moby Dick, Melville",Concept,Leviathan,"Marine monster from Biblical Mythology, often used to refer to a creature or structure of colossal and terrifying power."
"Moby Dick, Melville",Concept,Malignity,"Propensity to do evil, deliberate wickedness. In the novel, Ahab projects this intention onto the animal."
"The Little Prince, Saint-Exupéry",Location,New York,"City of exile for Saint-Exupéry between 1940 and 1943, where he wrote The Little Prince."
"The Little Prince, Saint-Exupéry",Location,Long Island,Island near New York where Saint-Exupéry resided while writing the tale.
"The Little Prince, Saint-Exupéry",Institution,Reynal & Hitchcock,American publishing house that published the very first edition of The Little Prince in 1943.
"The Little Prince, Saint-Exupéry",Other,Lockheed P-38 Lightning,Twin-engine reconnaissance aircraft model piloted by Saint-Exupéry during his final mission.
"The Little Prince, Saint-Exupéry",Other,baobabs,"Giant trees that, in the tale, symbolize dangers or bad thoughts that must be rooted out as soon as they appear."
"The Little Prince, Saint-Exupéry",Location,B-612,Name given to a real asteroid as a tribute to asteroid B-612 from The Little Prince.
"The Little Prince, Saint-Exupéry",Institution,Aéropostale,French airmail company where Saint-Exupéry worked.
"The Alchemist, Paulo Coelho",Work,The Alchemist,"Novel by Paulo Coelho published in 1988, telling the initiatory quest of a shepherd named Santiago."
"The Alchemist, Paulo Coelho",Figure,Raul Seixas,Famous Brazilian rocker from the 1970s with whom Paulo Coelho collaborated as a lyricist.
"The Alchemist, Paulo Coelho",Location,Santiago de Compostela,"Famous Catholic pilgrimage that Coelho walked, inspiring his spiritual renewal and his writing."
"The Alchemist, Paulo Coelho",Institution,Rocco,Major Brazilian publishing house that took over the publication of The Alchemist and made it a success.
"The Alchemist, Paulo Coelho",Concept,mainstream culture,Dominant cultural movements aimed at the widest possible audience and benefiting from massive distribution.
"The Alchemist, Paulo Coelho",Location,Tangier,Port city in Morocco where Santiago arrives at the beginning of his African journey.
"The Alchemist, Paulo Coelho",Location,Sahara,"The largest hot desert in the world, which Santiago must cross to reach Egypt."
"The Alchemist, Paulo Coelho",Concept,Maktub,"Arabic expression meaning 'it was written', highlighting the conviction that certain events are predestined."
"The Alchemist, Paulo Coelho",Movement,personal development,Movement of thought and Literature aimed at improving the quality of life and realizing one's potential.
"Poetics, Aristotle",Figure,Abu Bishr Matta ibn Yunus,10th-century Christian philosopher and translator who enabled the transmission of the Poetics in the Arab World.
"Poetics, Aristotle",Figure,Averroes,12th-century Andalusian philosopher and theologian whose commentaries on Aristotle strongly influenced medieval Europe.
"Poetics, Aristotle",Location,Theatre of Epidaurus,"One of the best-preserved theaters of ancient Greece, renowned for its exceptional acoustics."
"Le Père Goriot, Balzac",Concept,World,"Balzacian term designating high society, the Parisian elite (aristocracy and upper bourgeoisie) with its ruthless codes, its Salons, and its permanent concern for appearances."
"The Master and Margarita, Bulgakov",Institution,NKVD,"NKVD of the USSR under Stalin, ancestor of the KGB, responsible for the repression and surveillance of citizens."
"The Master and Margarita, Bulgakov",Movement,Samizdat,"System of clandestine distribution of writings banned by the Soviet power, reproduced by hand or by typewriter."
"The Master and Margarita, Bulgakov",Movement,Socialist realism,Official artistic doctrine of the USSR requiring art to serve the party and represent reality in a heroic and pro-communist light.
"Hamlet, Shakespeare",Work,"Hamlet, Prince of Denmark","Tragedy by William Shakespeare published around 1603, considered one of the pinnacles of world literature for its psychological depth."
"Hamlet, Shakespeare",Location,Wittenberg,"German city famous for its university where Hamlet is supposed to have studied, a highly symbolic place as the cradle of the Protestant Reformation."
"Hamlet, Shakespeare",Concept,lex talionis,"Principle of punitive justice consisting of inflicting upon the guilty the same damage they caused (an eye for an eye, a tooth for a tooth)."
"Hamlet, Shakespeare",Concept,Oedipus complex,"Psychoanalytic concept theorized by Freud, often applied to Hamlet to explain his troubled relationship with Gertrude and his hesitation to kill Claudius."
"Les Fleurs du Mal, Baudelaire",Movement,Romanticism,"Literary and artistic movement of the early 19th century emphasizing the expression of feelings, lyricism, and the relationship with nature, from which Baudelaire detached himself through his refusal of idealization."
"Les Fleurs du Mal, Baudelaire",Work,Madame Bovary,"Novel by Gustave Flaubert published in 1857, famous for its realism and having undergone, like Les Fleurs du Mal, a trial for immorality that same year."
"Les Fleurs du Mal, Baudelaire",Concept,Modernity,"Baudelairean concept consisting of finding the beautiful and the eternal within the ephemeral and contemporary urban life, rather than in ancient models."
"Les Fleurs du Mal, Baudelaire",Figure,Baron Haussmann,"Prefect of the Seine under Napoleon III, responsible for the major transformation works of Paris that inspired Baudelaire's 'Tableaux parisiens'."
"Les Fleurs du Mal, Baudelaire",Concept,Prose poem,"Poetic form without rhymes or measured verse, of which Baudelaire was the pioneer with 'Le Spleen de Paris', seeking a musical prose adapted to the shocks of urban life."
"Les Fleurs du Mal, Baudelaire",Work,Le Spleen de Paris,Posthumous collection of short prose poems where Baudelaire continues his exploration of modernity and urban wandering.
The Italian Renaissance,Concept,Patronage,"Financial and politics support provided by a powerful figure (the patron) to artists or writers, often in exchange for the production of works to their glory."
The Italian Renaissance,Figure,Pico della Mirandola,"Italian humanist philosopher, author of the 'Oration on the Dignity of Man', a founding text that places human freedom at the heart of creation."
The Italian Renaissance,Other,Tempera,"Medieval painting Technique using egg yolk to bind pigments, replaced during the Renaissance by oil painting, which was more flexible and luminous."
The birth of Impressionism,Concept,avant-garde,Artistic or intellectual Movement that breaks with the conventions of the past to explore new aesthetic paths.
The birth of Impressionism,Figure,Michel-Eugène Chevreul,French chemist whose 'Law of simultaneous contrast of colors' (1839) theoretically founded the use of complementary colors by the impressionists.
The birth of Impressionism,Location,Café Guerbois,"Famous Parisian establishment where the avant-garde (Manet, Monet, Renoir, Zola) met to debate modern painting."
The birth of Impressionism,Figure,Paul Durand-Ruel,"Bold art dealer who financially supported the impressionists and enabled their international success, particularly in the United States."
The birth of Impressionism,Movement,Japanese prints,"Woodblock prints (Ukiyo-e) that arrived in Europe in the 19th century, whose asymmetrical framing and flat areas of color fascinated Degas and Monet."
The birth of Impressionism,Movement,Neo-Impressionism,"Movement succeeding impressionism, led by Georges Seurat, scientifically applying the decomposition of color in the form of dots."
Caravaggio and chiaroscuro,Figure,Michelangelo Merisi,"Birth name of Caravaggio, which he abandoned in favor of the name of his home village to avoid confusion with Michelangelo (Buonarroti)."
Caravaggio and chiaroscuro,Location,Porto Ercole,"Coastal town in Tuscany where Caravaggio died of illness and exhaustion in 1610, while attempting to return to Rome to obtain his pardon."
Caravaggio and chiaroscuro,Movement,Counter-Reformation,"Movement of the Catholic Church aiming to strengthen faith and respond to the Protestant Reformation, notably using Art as a tool of persuasion and emotion."
Caravaggio and chiaroscuro,Movement,Mannerism,"Artistic style of the late Renaissance characterized by elongated forms, complex compositions and a deliberate rejection of naturalism in favor of artifice."
Rembrandt and the Flemish school,Concept,chiaroscuro,Pictorial Technique playing on violent contrasts between light and shadow areas to create volume and dramatic depth.
Rembrandt and the Flemish school,Event,personal bankruptcy,"In 1656, following massive debts related to his lifestyle and collections, Rembrandt was declared insolvent, losing all his material possessions."
Rembrandt and the Flemish school,Location,Kloveniersdoelen,"Headquarters of the Amsterdam musketeers, where the large group portraits of the civic guards were originally displayed."
Rembrandt and the Flemish school,Figure,Vermeer,"Dutch painter contemporary of Rembrandt, famous for his quiet interior scenes and his masterful use of natural light."
"Romanticism in painting [Delacroix, Géricault]",Movement,neoclassicism,"Dominant style in France from the Revolution until the 1820s: clarity, noble subjects from Antiquity, primacy of drawing over color. The Revolution and Napoleon made it their official style."
"Romanticism in painting [Delacroix, Géricault]",Figure,Shakespeare,English playwright (1564-1616) whose tragic and passionate works were a major source of inspiration for romantic painters.
"Romanticism in painting [Delacroix, Géricault]",Figure,Byron,"Lord Byron (1788-1824), a British poet embodying the tormented and committed romantic hero, who died during the Greek War of Independence."
"Romanticism in painting [Delacroix, Géricault]",Concept,abolitionist,"A current of thought aimed at the abolition of slavery, a cause supported by Géricault in his portraits of Black men."
"Romanticism in painting [Delacroix, Géricault]",Event,July Revolution,"The Parisian revolution of July 27, 28, and 29, 1830, which overthrew King Charles X in favor of Louis-Philippe I."
"Romanticism in painting [Delacroix, Géricault]",Movement,orientalism,"A 19th-century artistic movement fascinated by the cultures of North Africa and the Near East, often fantasized or discovered during expeditions."
Cubism: Picasso and Braque,Date,Quattrocento,"Refers to the 15th century in Italy, a period marked by the invention of linear perspective and the renewal of the arts."
Cubism: Picasso and Braque,Concept,passages,"A pictorial technique initiated by Cézanne, consisting of sliding planes into one another to break the continuity of volumes."
Cubism: Picasso and Braque,Concept,African and Oceanic arts,"A collection of ritual works (masks, sculptures) whose geometric and symbolic structure inspired Picasso to move away from European realism."
Cubism: Picasso and Braque,Location,Trocadéro,Former Parisian museum of ethnography where avant-garde artists discovered non-Western arts at the beginning of the 20th century.
Cubism: Picasso and Braque,Figure,Apollinaire,"French poet and art critic (1880-1918), tireless defender of Cubism and author of 'The Cubist Painters'."
Cubism: Picasso and Braque,Movement,Puteaux Group,"Collective of Cubist artists (Duchamp, Léger, Delaunay) who favored a more theoretical and colorful approach than that of Picasso."
Cubism: Picasso and Braque,Concept,graphic design,Discipline that uses imagery and typography to communicate; it inherited the deconstruction of layout from Cubism.
Surrealism: Dalí and Magritte,Concept,Exquisite Corpse,"Collective game invented by the surrealists consisting of composing a sentence or a drawing by several people, without any of them being able to take into account the previous collaboration or collaborations."
Surrealism: Dalí and Magritte,Movement,Magical realism,"Pictorial or literary style that integrates marvelous or irrational elements into a realistic framework, creating a sense of strangeness without shifting into pure fantasy."
Expressionism: Munch and The Scream,Concept,disenchantment,Process of breaking with traditional beliefs and the sense of loss of meaning in the face of the rationalization and modernization of society.
Expressionism: Munch and The Scream,Concept,subjectivity,"Character of that which belongs to the subject as opposed to the Object. In Art, prioritizing personal and emotional perception over factual observation."
Expressionism: Munch and The Scream,Concept,nothingness,"Absence of meaning or foundation of existence, a central theme of existentialist philosophy that finds a visual echo in the Work of Munch."
Expressionism: Munch and The Scream,Location,Ekeberg,"Hill overlooking Oslo where Munch was walking when he had the visual epiphany that inspired ""The Scream""."
Expressionism: Munch and The Scream,Institution,National Gallery of Oslo,"Norwegian museum holding the most famous version (1893) of the painting ""The Scream""."
Expressionism: Munch and The Scream,Movement,surrealism,"Artistic Movement exploring the mechanisms of the unconscious and dreams, partly influenced by the freedom of expression found in expressionism."
Abstract Art: Kandinsky and Mondrian,Concept,mimesis,Greek term designating the imitation of nature or the real World in Art. Abstraction is the first total break with this several-millennia-old principle.
Abstract Art: Kandinsky and Mondrian,Other,decantation,Metaphorical process by which an artist like Mondrian progressively purifies his vision of reality to keep only its essential lines of force.
Abstract Art: Kandinsky and Mondrian,Movement,lyrical abstraction,"Trend in abstract Art, initiated by Kandinsky, which favors the direct expression of emotions and interiority through organic forms and free color play."
Abstract Art: Kandinsky and Mondrian,Figure,Walter Gropius,"German architect (1883-1969), founder of the Bauhaus. He advocated rationalist architecture and the marriage between craftsmanship and industrial methods."
Pop Art: Warhol and Lichtenstein,Movement,Independent Group,"Collective of British artists, architects and critics formed in 1952 in London, considered the precursor of Pop Art through its interest in American popular culture."
Pop Art: Warhol and Lichtenstein,Concept,Screen printing,"Printing technique using a silk screen as a stencil. Andy Warhol used it to produce series of works of art, challenging the unique nature of painting."
Pop Art: Warhol and Lichtenstein,Concept,Ben-Day,"Industrial printing process created by Benjamin Day in 1879, consisting of small colored dots. Lichtenstein reproduced them by hand to imitate the aesthetic of comic books."
The birth of electronic music,Other,charts,Weekly rankings of best-selling or most-played records.
The birth of electronic music,Concept,sampling,Process of extracting a sound snippet (sample) to reintegrate it into a new composition.
The birth of electronic music,Concept,DAW software,"Digital Audio Workstation. A set of digital tools for composing, recording and mixing music on a computer."
Bob Dylan and protest folk,Movement,Beat Generation,"Literary and artistic movement born in the 1950s (Kerouac, Ginsberg) advocating sexual liberation, spiritual quest and spontaneous writing. It strongly influenced Dylan's writing."
Bob Dylan and protest folk,Institution,Columbia Records,"One of the oldest and most powerful American record labels, which signed Bob Dylan in 1961."
Bob Dylan and protest folk,Other,Fender Stratocaster,Iconic electric guitar model. The one used by Dylan at Newport in 1965 became one of the most famous instruments in the history of rock.
Hip-hop: birth of a culture,Location,Cross-Bronx Expressway,"A major highway crossing the Bronx, whose construction between 1948 and 1972 physically and socially restructured the neighborhood."
Hip-hop: birth of a culture,Figure,Robert Moses,"New York urban planner whose massive infrastructure projects favored automobiles, leading to the economic decline of working-class neighborhoods like the Bronx."
Hip-hop: birth of a culture,Concept,Real estate speculation,"Financial practice aimed at profiting from price variations of goods; in the Bronx of the 1970s, it led to intentional fires to collect insurance money."
Hip-hop: birth of a culture,Concept,Scratching,"DJ technique consisting of manipulating a vinyl record by hand to produce rhythmic, percussive sounds."
Hip-hop: birth of a culture,Figure,The Notorious B.I.G.,"Iconic East Coast (New York) rapper in the 1990s, recognized for his technical virtuosity and autobiographical narratives."
Hip-hop: birth of a culture,Figure,Tupac Shakur,"Central figure of West Coast rap, poet and actor, who became a global icon after his tragic death in 1996."
Verdi's opera,Movement,Bel canto,"Italian singing style favoring the beauty of the timbre, the fluidity of melodic lines and technical virtuosity, sometimes at the expense of dramatic veracity."
Verdi's opera,Concept,Recitative,"A form of declaimed singing, close to speech, used in opera to move the action forward between two more melodic arias."
Verdi's opera,Movement,Verismo,"A trend in late 19th-century Italian opera (Puccini, Mascagni) that seeks to represent social reality in a raw and violent way."
Verdi's opera,Figure,Cavour,"Camillo Benso, Count of Cavour (1810-1861), Piedmontese statesman and the politics architect of Italian unification."
Mozart: child prodigy and tragic life,Movement,Romanticism,"19th-century artistic movement favoring the expression of feelings and individuality, of which Mozart is considered a precursor due to his sensitivity."
Mozart: child prodigy and tragic life,Figure,Gregorio Allegri,"17th-century Italian composer, author of the famous 'Miserere' which Mozart transcribed from memory at the age of 14."
Mozart: child prodigy and tragic life,Institution,Freemasonry,Fraternal organization with initiatory rituals whose ideals of liberty and equality strongly influenced the philosophy and the final works of Mozart.
Mozart: child prodigy and tragic life,Movement,classicism,"Period of the history of music (1750-1820) characterized by clarity, balanced forms, and restraint, of which Mozart is the most accomplished representative."
Beethoven: genius and deafness,Figure,Mozart,Prodigious Austrian composer (1756-1791) whose immediate successor Beethoven's father wanted his son to become.
Beethoven: genius and deafness,Figure,Brahms,"German composer (1833-1897) who took more than twenty years to complete his first symphony, crushed by the monumental shadow of Beethoven."
Beethoven: genius and deafness,Figure,Mahler,Composer and conductor (1860-1911) who pushed the symphony genre to its expressive and structural limits after Beethoven.
Beethoven: genius and deafness,Concept,absolute music,"Aesthetic concept designating music that does not depend on any external narrative or visual support, existing for its own sonic structures."
The birth of rock 'n' roll,Movement,Gospel,"Christian vocal music of Afro-American tradition, characterized by rich harmonies and strong emotional intensity."
The birth of rock 'n' roll,Figure,Sam Phillips,"Founder of the Sun Records studio in Memphis, he is the producer who discovered Elvis Presley and was looking for a white man capable of singing the blues."
The birth of rock 'n' roll,Concept,Segregation,Social and politics process of physical and institutional separation of populations according to their racial origin in force in the United States until the 1960s.
The birth of rock 'n' roll,Institution,Jim Crow laws,Set of state and local laws enforcing racial segregation in the Southern United States between 1877 and 1964.
The birth of rock 'n' roll,Concept,Covers,"Practice of re-recording an original song by another artist, often used in the 1950s to have Black hits performed by White artists."
The birth of rock 'n' roll,Event,Civil Rights Movement,Politics and social struggle in the United States (1954-1968) to end racial segregation and guarantee voting rights for African Americans.
Bach and Baroque music,Institution,cantor,"Title given to the director of music and choirs of a church or religious school in Germany, responsible for liturgical music."
Bach and Baroque music,Institution,Collegium Musicum,"Musical ensemble founded in Leipzig by Telemann and directed by Bach, composed of students and professionals performing secular concerts in coffee houses."
Bach and Baroque music,Movement,style galant,"Musical aesthetic of the mid-18th century favoring simplicity, melodic clarity, and elegance, opposing the Baroque complexity of Bach."
Bach and Baroque music,Concept,numerology,Practice of assigning numbers to letters or notes to insert hidden meanings or names into a score.
Bach and Baroque music,Other,Golden Record,"Disk onboard the Voyager probes containing sounds and images from Earth, including Bach's Prelude and Fugue No. 1."
The birth of American jazz,Location,New Orleans,"City in Louisiana, a major cultural crossroads where the blend of French, Spanish, African, and Caribbean influences allowed for the birth of jazz."
The birth of American jazz,Concept,blue notes,"Characteristic notes of blues and jazz whose frequency is lowered by a semitone, creating an expressive and melancholic tension."
The birth of American jazz,Institution,Jim Crow laws,Series of state and local laws in the United States imposing racial segregation between 1877 and 1964.
The birth of American jazz,Movement,modal jazz,"Style of jazz based on the use of modes (scales) rather than rapid chord changes, favoring a freer and more melodic improvisation."
The birth of American jazz,Movement,free jazz,"avant-garde movement born in the 1960s seeking to break the conventional structures of jazz (tempo, fixed chords)."
The birth of American jazz,Movement,jazz fusion,Style combining jazz improvisation with rock electric instruments and funk rhythms.
The birth of American jazz,Concept,swing,"Balanced rhythmic effect produced by shifted accentuation of beats, creating a propulsion sensation characteristic of jazz."
The blues: roots of all modern music,Location,Deep South,"Sociocultural and geographical region of the southeastern United States (Mississippi, Alabama, Georgia...), the historical heart of slavery and the birthplace of African-American music."
The blues: roots of all modern music,Concept,Field hollers,"A cappella calls or songs improvised by Black workers on plantations, vocal precursors to the blues used to express emotion or communicate."
The blues: roots of all modern music,Concept,Work songs,"Collective work songs structured by a regular rhythm, helping to coordinate repetitive Movement (cotton picking, track laying) and to endure the hardship."
The blues: roots of all modern music,Other,Bottleneck,"Literally ""bottle neck"". Object slid onto a finger to play the guitar, producing a sliding and mournful sound typical of Delta blues."
The blues: roots of all modern music,Concept,Spirituals,"Christian religious songs created by African-American slaves, blending spiritual fervor and the hope for earthly liberation."
The blues: roots of all modern music,Other,Fingerpicking,"Guitar Technique consisting of plucking the strings directly with the fingers rather than with a plectrum, allowing the bass and melody to be played simultaneously."
The blues: roots of all modern music,Location,Crossroads,"The 'intersection', a symbolic Place in African-American folklore where the physical and spiritual World meet, central to the myth of Robert Johnson's pact."
The blues: roots of all modern music,Concept,Sampling,"Process consisting of isolating a sound excerpt from a pre-existing recording to reuse it in a new composition, the technical basis of hip-hop."
The birth of photography,Concept,Camera obscura,Optical device (camera obscura) consisting of a closed box with a small hole letting light through to project an inverted image of the outside world onto a wall.
The birth of photography,Other,Bitumen of Judea,Natural photosensitive substance used by Niépce for the first photograph; it has the property of hardening under the action of light.
The birth of photography,Concept,Carte-de-visite,"Portrait photograph format patented by Disdéri in 1854, allowing multiple prints to be made on the same plate and drastically reducing prices."
The birth of photography,Movement,Impressionism,"Pictorial movement born in reaction to photography, favoring the rendering of light sensations and the moment rather than the precision of the line."
The birth of photography,Movement,Cubism,"Artistic movement from the early 20th century that deconstructs objects into geometric shapes, definitively breaking with realistic perspective."
The birth of photography,Concept,Visual culture,"Set of ways in which a society perceives, interprets, and consumes images, which became predominant with the advent of photography."
Charlie Chaplin and silent cinema,Other,Cinematograph,Apparatus invented by the Lumière brothers serving as both a shooting camera and a cinema projector.
Charlie Chaplin and silent cinema,Figure,Georges Méliès,"French filmmaker and illusionist, pioneer of special effects and creator of the famous film 'A Trip to the Moon' (1902)."
Charlie Chaplin and silent cinema,Movement,music-hall,"Variety show (songs, gags, acrobatics) very popular in the United Kingdom where Chaplin got his start on stage."
Charlie Chaplin and silent cinema,Institution,FBI,"American Federal Bureau of Investigation which, under the leadership of J. Edgar Hoover, tracked Chaplin for his politics deemed too far-left."
Charlie Chaplin and silent cinema,Event,Cold War,"Period of geopolitical tensions between the United States and the USSR (1947-1991), marked by anti-communist paranoia in America."
Charlie Chaplin and silent cinema,Institution,United Artists,Film studio founded in 1919 by Chaplin and other artists to maintain total control over their works and their income.
Orson Welles and Citizen Kane,Concept,Final Cut,Sovereign right granted to a director to validate the editing and the definitive version of his film without intervention from the production studio.
Orson Welles and Citizen Kane,Institution,RKO Pictures,One of the major studios of the Hollywood Golden Age which took the risk of producing Citizen Kane by offering total freedom to Orson Welles.
Orson Welles and Citizen Kane,Movement,French New Wave,French film Movement of the 1950s-60s that rehabilitated Citizen Kane and theorized the director's role as the sole author of his Work.
Orson Welles and Citizen Kane,Location,Xanadu,"Gigantic and melancholy fictional estate built by Kane, inspired by Hearst Castle, symbolizing both material success and emotional isolation."
The French New Wave,Figure,André Bazin,"Influential French film critic and theorist, co-founder of Cahiers du Cinéma, he was the spiritual mentor of the Nouvelle Vague."
The French New Wave,Concept,fourth wall,Imaginary boundary separating the actors from the audience. Looking or speaking directly to the camera 'breaks' it.
The French New Wave,Other,Éclair Caméflex,"Portable and lightweight camera model that appeared after the war, essential for the Nouvelle Vague's outdoor filming."
The French New Wave,Movement,Cinema Novo,"Brazilian film Movement of the 1960s influenced by the Nouvelle Vague, focused on social criticism and realism."
The French New Wave,Movement,Dogme 95,"Movement launched in 1995 by Lars von Trier advocating for a return to the purity of cinema (no special effects, handheld cameras)."
The French New Wave,Figure,Jean-Paul Belmondo,"French actor discovered in 'Breathless', who became the face of the freedom and insolence of the Nouvelle Vague."
The French New Wave,Figure,Jean-Pierre Léaud,"François Truffaut's favorite actor, he portrays Antoine Doinel in several films, becoming the director's alter ego."
Hitchcock and suspense,Technique,sequence shot,"A film sequence composed of a single, continuous shot, without any visible editing cuts."
Hitchcock and suspense,Technique,Dolly Zoom,An effect of spatial distortion achieved by combining a zoom in and a camera dolly back (or vice versa).
Gothic architecture: cathedrals,Concept,flying buttress,An architectural element outside the building that supports the nave wall by transferring the thrust of the vaults to an abutment pier.
Gothic architecture: cathedrals,Figure,Abbot Suger,"Abbot of Saint-Denis and advisor to the kings of France, considered the father of Gothic art through his Reconstruction of the Basilica of Saint-Denis."
The Bauhaus,Figure,Wassily Kandinsky,"Russian painter and one of the pioneers of abstract Art. A master at the Bauhaus, he taught the Theory of form and color, linking artistic spirituality with geometric rigor."
The Bauhaus,Movement,De Stijl,Dutch artistic Movement (which included Mondrian) advocating the use of straight lines and primary colors. Its aesthetic profoundly influenced the modernist turning point of The Bauhaus.
The Bauhaus,Location,White City of Tel Aviv,"Architectural ensemble in Israel built between 1930 and 1948 according to the principles of The Bauhaus, adapted to the Mediterranean climate. It is the largest ensemble of this style in the World."
The Bauhaus,Concept,sans-serif,Category of typefaces without serifs (the small extensions at the end of letters). The Bauhaus popularized this streamlined typography for its modern legibility.
The Mona Lisa,Figure,Lisa Gherardini,"Most likely identity of the model of The Mona Lisa, she was the wife of the silk merchant Francesco del Giocondo."
The Mona Lisa,Concept,Aerial perspective,"Pictorial Technique consisting in creating an illusion of depth by making distant objects blurrier, lighter, and bluer, simulating the thickness of the air."
The Mona Lisa,Concept,Peripheral vision,"Part of the vision located outside the central fixation point, capable of perceiving shapes and movements but less precise regarding colors and sharp details."
The Mona Lisa,Figure,Guillaume Apollinaire,"Famous French poet, arrested and imprisoned for a week in 1911 as part of the investigation into the theft of The Mona Lisa."
The Mona Lisa,Figure,Pablo Picasso,"Major painter of the 20th century, questioned by the police in 1911 because he had bought statuettes stolen from the Louvre by a close associate of Apollinaire."
The Mona Lisa,Object,Bulletproof glass,High-resistance security device protecting the Work from physical aggression and climatic variations since the 1950s.
"The Starry Night, Van Gogh",Location,Netherlands,"Van Gogh's native country, whose architecture (notably church steeples) unconsciously influences his Provençal landscapes."
"The Starry Night, Van Gogh",Work,The Great Wave off Kanagawa,Famous Japanese print by Hokusai whose curvilinear dynamism deeply influenced the structure of Van Gogh's swirls.
"The Starry Night, Van Gogh",Movement,Fauves,"Artistic Movement from the early 20th century (Matisse, Derain) using pure and violent colors, a direct heir to Van Gogh's research."
"Guernica, Picasso",Institution,Second Spanish Republic,"Democratic regime in place in Spain from 1931 to 1939, overthrown by the military coup and the civil war led by Franco."
"Guernica, Picasso",Period,Cold War,Period of global geopolitical tensions (1947-1991) during which Guernica became a symbol of struggle against oppression beyond the Spanish conflict.
"Guernica, Picasso",Institution,UN,"United Nations organization, where a reproduction of the painting reminds the leaders of the World of the horror of armed conflicts."
"Liberty Leading the People, Delacroix",Movement,Romanticism,"19th-century Art Movement favoring the expression of feelings, imagination, and dynamism over classical rigor. Delacroix is its main representative in painting."
"Liberty Leading the People, Delacroix",Other,Restoration,Period in French History (1814-1830) marked by the return of the Bourbon dynasty (Louis XVIII then Charles X) after the fall of Napoleon.
"Liberty Leading the People, Delacroix",Figure,Gavroche,"Childlike and heroic Figure from Victor Hugo's 'Les Misérables', inspired by the young boy with pistols in the work by Delacroix."
"The Creation of Adam, Michelangelo",Date,Cinquecento,"Italian term referring to the 16th century, the height of The Italian Renaissance marked by artists such as Michelangelo, Raphael, and Leonardo da Vinci."
"The Creation of Adam, Michelangelo",Movement,sculpteur_florentin,"Artistic identity of Michelangelo, trained in Florence according to a tradition favoring volume, line, and physical strength over color alone."
"The Creation of Adam, Michelangelo",Figure,Bramante,"Architect and rival of Michelangelo, he purportedly suggested that the Pope entrust the vault to the latter to put him in a difficult Technique situation."
"The Creation of Adam, Michelangelo",Concept,mollezza,"Italian aesthetic Concept referring to the softness or fluidity of a body, used here to emphasize Adam's lack of vital energy before the divine intervention."
"The Creation of Adam, Michelangelo",Concept,dissection_anatomique,"Scientific practice consisting of opening cadavers to study muscles and organs, essential to the realism of bodies in Michelangelo's work."
"The Creation of Adam, Michelangelo",Movement,manière_moderne,"Stage of Renaissance painting characterized by a perfect mastery of anatomy and perspective, combined with an unprecedented dramatic force."
"Impression, Sunrise, Monet",Figure,Nadar,Famous photographer who lent his studio for the first independent exhibition of the impressionists in 1874.
"Impression, Sunrise, Monet",Concept,plein air,"Pictorial practice consisting of painting outside the studio, directly in front of the subject, facilitated by the invention of flexible paint tubes."
"Nighthawks, Hopper",Figure,Robert Henri,"American painter, leader of the Ashcan School, who was the teacher of Hopper and encouraged him to paint real and raw urban life."
"Nighthawks, Hopper",Event,Pearl Harbor,"Surprise attack on December 7, 1941, by Japanese forces, leading to the entry of the United States into the Second World War and creating a climate of national anxiety at the time Hopper painted his canvas."
"Nighthawks, Hopper",Figure,Ridley Scott,British director who explicitly cited 'Nighthawks' as a major visual influence for recreating the nocturnal and rainy atmosphere of the film Blade Runner.
"Nighthawks, Hopper",Figure,Wim Wenders,German filmmaker fascinated by Hopper; he staged a tableau vivant of 'Nighthawks' in his film 'The End of Violence'.
"Les Demoiselles d'Avignon, Picasso",Concept,mimesis,Aesthetic Concept originating from Greek philosophy (Aristotle) referring to the imitation of nature by the artist.
"Les Demoiselles d'Avignon, Picasso",Movement,analytical cubism,First phase of Cubism (1908-1912) aiming to break down objects into simple geometric shapes and represent them from several simultaneous points of view.
"Les Demoiselles d'Avignon, Picasso",Concept,arts premiers,"Term historically used to designate the artistic productions of traditional societies in Africa, Oceania, and America, from which Picasso drew expressive power."
"Les Demoiselles d'Avignon, Picasso",Movement,Cubism,"Revolutionary artistic Movement founded by Picasso and Braque, characterized by the deconstruction of forms and the rejection of classical perspective."
"The Persistence of Memory, Dalí",Movement,Surrealism,20th-century artistic and literary Movement seeking to release the unconscious and dreams from the control of reason.
"The Persistence of Memory, Dalí",Concept,paranoiac-critical method,Technique invented by Dalí consisting of using his own obsessions and delusions to create images with multiple meanings.
"The Persistence of Memory, Dalí",Concept,Theory of relativity,Physical Theory by Albert Einstein postulating that time and space are linked and can warp according to speed and gravity.
"The Persistence of Memory, Dalí",Concept,Popular culture,Set of cultural practices and objects widely distributed and shared by the majority of a society.
"The Persistence of Memory, Dalí",Movement,Renaissance,Period of art history marked by a return to ancient models and the invention of geometric perspective.
Greek tragedy and ancient theater,Concept,catharsis,"Concept theorized by Aristotle referring to the purgation of passions (fear, pity) in the spectator during a tragic performance."
Greek tragedy and ancient theater,Movement,satyrs,"Mythological creatures, half-man half-goat, companions of Dionysus, as whom actors would dress for the first theatrical rites."
Greek tragedy and ancient theater,Other,hypocrite,"From the Greek 'hypokritès', a term designating the actor who 'responds' to the choir."
Greek tragedy and ancient theater,Institution,choregia,Private tax by which a wealthy Athenian citizen financed the equipment and training of a dramatic choir.
Greek tragedy and ancient theater,Location,orchestra,Central circular space of the Greek theater where the choir stood to dance and sing.
Greek tragedy and ancient theater,Concept,hubris,"The excessive pride or hubris of a hero who defies the divine order, causing their downfall."
Greek tragedy and ancient theater,Concept,deus ex machina,Theatrical Technique consisting of having a deity intervene (via a crane) to miraculously resolve a blocked plot.
The theater of Shakespeare,Other,Groundlings,"The least wealthy spectators of Elizabethan theater who, for a penny, attended the performance standing in the open-air pit."
The theater of Shakespeare,Work,First Folio,"The first printed collection of Shakespeare's plays, published in 1623 by his colleagues John Heminges and Henry Condell. Without it, half of his Work would be lost."
Freedom of the press and photojournalism,Location,Tiananmen,"Large square in the center of Beijing, theater in 1989 of a student protest Movement brutally suppressed by the Chinese army."
Freedom of the press and photojournalism,Concept,collective memory,"Set of memories shared by a social group or a nation, often crystallized around iconic images or traumatic events."
Kubrick: 2001: A Space Odyssey,Institution,Zeiss,Famous German manufacturer of high-precision optics. Its lenses were used by Kubrick to film by candlelight in 'Barry Lyndon'.
Kubrick: 2001: A Space Odyssey,Concept,Slit-scan,Special photographic Technique effect used by Douglas Trumbull to create the psychedelic light trails at the end of 2001.
Kubrick: 2001: A Space Odyssey,Institution,NASA,American space agency. Its research and engineers served as consultants to ensure the technical realism of the film 2001.
Kubrick: 2001: A Space Odyssey,Figure,Richard Strauss,German composer (1864-1949) whose symphonic poem 'Also Sprach Zarathustra' opens the film during key moments of evolution.
Kubrick: 2001: A Space Odyssey,Figure,Johann Strauss,"19th-century Austrian composer, author of 'The Blue Danube', used by Kubrick to pace the space ballets."
"The birth of the Greek gods (Cronus, Zeus, Olympus)",Concept,adamant,"Legendary metal of invincible hardness (sometimes associated with diamond or steel), used by the gods to forge weapons capable of wounding immortal beings."
"The birth of the Greek gods (Cronus, Zeus, Olympus)",Location,Dicté,"Mountain range in Crete home to the cave where, according to tradition, Zeus was hidden and raised to escape the voracity of his father Cronus."
"The birth of the Greek gods (Cronus, Zeus, Olympus)",Figure,Curetes,Minor deities who protected the infant Zeus by making noise with their shields and spears to hide his cries from the ear of Cronus.
Prometheus: the thief of fire,Other,Ferule,"Mediterranean plant with a tall stem whose pith, once dry, burns slowly without consuming the bark, explaining how Prometheus was able to transport the fire."
Prometheus: the thief of fire,Figure,Gaston Bachelard,French philosopher who analyzed the 'Prometheus complex' as the will to know and to surpass one's masters through scientific curiosity.
Prometheus: the thief of fire,Figure,Aeschylus,"One of the three great Greek tragic playwrights, author of a trilogy dedicated to the Titan of which 'Prometheus Bound' is the only surviving part."
Prometheus: the thief of fire,Location,Mecone,"Mythical Place where the division of an ox between gods and men took place, the starting point of the discord between Zeus and Prometheus."
Pandora and the box,Figure,Prometheus,"Titan who created men from clay and who stole fire from the gods to offer it to them, provoking the wrath of Zeus."
Pandora and the box,Figure,Erasmus of Rotterdam,Humanist of the Renaissance whose translation error from Greek to Latin is the origin of the term 'Pandora's box'.
Pandora and the box,Concept,Misogyny,"Contempt or hostility towards women, often illustrated in this myth by the creation of Pandora as a punishment."
Demeter and Persephone (the seasons),Location,Telesterion,The great hall of assembly in Eleusis where the supreme initiation took place during the Mysteries.
Demeter and Persephone (the seasons),Concept,biocenosis,Set of living beings coexisting in a defined space; here used to illustrate the interdependence of the divine and biological World.
Orpheus and Eurydice,Figure,Virgil,"Latin poet of the 1st century BC, author of the 'Georgics' where he delivers one of the most famous and melancholy versions of the myth of Orpheus."
Orpheus and Eurydice,Figure,Ovid,"Latin poet and author of the 'Metamorphoses', a monumental Work compiling Greek and Roman myths, including that of Orpheus."
Orpheus and Eurydice,Figure,Jason,"Greek hero and leader of the Argonauts' expedition, who set out in search of the Golden Fleece with the help of Orpheus."
Orpheus and Eurydice,Figure,Aristaeus,Son of Apollo and hunter whose attraction to Eurydice indirectly caused the young woman's death while she was fleeing from him.
Orpheus and Eurydice,Location,Styx,"One of the rivers of the Underworld separating the World of the living from that of the dead, crossed by Charon the ferryman."
Orpheus and Eurydice,Other,Cerberus,Monstrous three-headed dog guarding the entrance to the Underworld to prevent the dead from leaving and the living from entering.
Orpheus and Eurydice,Figure,Charon,The ferryman of the Underworld responsible for transporting the souls of the deceased on his boat in exchange for an obolus.
Orpheus and Eurydice,Other,Erinyes,"Persecuting deities who punish crimes, particularly parricides, known for their inflexibility."
Orpheus and Eurydice,Other,Maenads,"Women belonging to the retinue of Dionysus, devoted to rituals of trance and wild fury."
Orpheus and Eurydice,Location,Hebrus,River of Thrace (modern-day Bulgaria/Greece) into which the head of Orpheus was thrown after he was torn apart by the Maenads.
Orpheus and Eurydice,Figure,Maurice Blanchot,20th-century French writer and philosopher whose essay 'The Gaze of Orpheus' analyzes the link between myth and literary creation.
Orpheus and Eurydice,Figure,Jean Cocteau,Multidisciplinary French artist who reinterpreted the myth of Orpheus in cinema through a famous trilogy.
Narcissus and Echo,Figure,Ovid,"Latin poet of the 1st century BC, author of the 'Metamorphoses', the main Work that transmitted the myth of Narcissus and Echo to posterity."
Narcissus and Echo,Work,Metamorphoses,Epic poem by Ovid telling the History of the World through the transformations of gods and mortals from Mythology.
Narcissus and Echo,Concept,Oread,"Type of nymph associated with mountains and caves, to which Echo belonged."
Narcissus and Echo,Figure,Nemesis,"Goddess of righteous anger and divine vengeance, responsible for punishing the excessive pride (hubris) of mortals."
Narcissus and Echo,Concept,Naiads,"Aquatic nymphs living in springs, fountains, and rivers."
Narcissus and Echo,Concept,Dryads,Nymphs of trees and forests in Greek mythology.
Sisyphus: eternal punishment,Figure,Homer,"Legendary poet of ancient Greece, presumed author of the Iliad and the Odyssey, who cites Sisyphus as a model of cunning."
Sisyphus: eternal punishment,Figure,Asopus,"River god of Greek mythology whose daughter, Aegina, was abducted by Zeus."
Sisyphus: eternal punishment,Figure,Hades,Greek god presiding over the realm of the dead (the Underworld) and husband of Persephone.
Sisyphus: eternal punishment,Concept,absurd hero,Camusian concept designating the individual who acts and lives with full awareness of the absence of meaning in existence.
Sisyphus: eternal punishment,Figure,Prometheus,Titan punished by Zeus for stealing the sacred fire to give it to men.
Tantalus and his torment,Figure,Persephone,"Daughter of Demeter and queen of the Underworld, whose abduction by Hades caused her mother such grief that she lost her vigilance during the banquet of Tantalus."
Tantalus and his torment,Location,Tartarus,"The deepest region of the Greek Underworld, serving as a prison for souls who committed exceptional crimes or defied the gods."
Tantalus and his torment,Other,ivory,"Hard and white substance from elephant tusks; in the myth, it was used to craft Pelops' replacement shoulder after Demeter had eaten a part of it."
Medusa and Perseus,Concept,Gorgon,"Malevolent fantastic creature from Greek mythology, whose name means 'frightening'. There are three of them: Stheno, Euryale, and Medusa."
Medusa and Perseus,Concept,Apotropaic,"Refers to an object, a rite, or a representation (such as the Gorgoneion) intended to ward off bad luck or deflect evil influences."
Medusa and Perseus,Work,Metamorphoses,Latin epic poem by Ovid (1st century AD) that retraces the history of the world through the transformations of gods and mortals.
Medusa and Perseus,Other,Harpe,Type of saber or sickle with a curved blade used by Perseus to slice through Medusa's scaly neck.
Medusa and Perseus,Other,Kynee,"Helmet of invisibility belonging to Hades, forged by the Cyclops during the Titanomachy."
Medusa and Perseus,Other,Kibisis,Magic scrip intended to contain the head of Medusa without its power passing through the fabric.
Medusa and Perseus,Figure,Chrysaor,"Brother of Pegasus and son of Poseidon and Medusa, often represented as a giant warrior holding a golden sword."
Hercules and his 12 labors,Figure,Hera,"Queen of the gods and wife of Zeus. Jealous of her husband's infidelities, she pursues Heracles with her hatred, notably causing his madness."
Hercules and his 12 labors,Figure,Zeus,King of the gods and father of Heracles. He wishes for his son to become a great protector of men.
Hercules and his 12 labors,Concept,Miasma,"In ancient Greek religion, a ritual pollution contracted after a blood crime (such as murder). It requires purification or expiation."
Hercules and his 12 labors,Concept,Leonte,Skin of the Nemean lion worn by Heracles as armor. It is his main attribute in iconography.
Hercules and his 12 labors,Location,Alpheus,River of the Peloponnese that Heracles diverts to clean the Augean stables.
Hercules and his 12 labors,Figure,Atlas,Titan condemned by Zeus to carry the celestial vault on his shoulders. Heracles encounters him during his labor involving the golden apples.
Hercules and his 12 labors,Concept,Centaur,"Mythological creature half-man, half-horse. The blood of the centaur Nessus will cause the physical death of Heracles."
Theseus and the Minotaur,Figure,Daedalus,"Legendary architect and inventor, creator of the Labyrinth of Crete. His name became a common noun synonymous with labyrinth."
Theseus and the Minotaur,Concept,Thalassocracy,Politics power primarily based on the domination of the seas. Minos' Crete is often cited as the first historical (or mythical) example.
Theseus and the Minotaur,Concept,Synoecism,"Founding act unifying several villages into a single city-state (Polis), attributed to Theseus for the birth of Athens."
Theseus and the Minotaur,Institution,Panathenaia,"Annual religious and social festivals celebrated in Athens in honor of the goddess Athena, reorganized according to the myth by Theseus."
Theseus and the Minotaur,Movement,Amazons,"People of female warriors from Greek Mythology that Theseus reportedly fought and whose queen, Antiope, he is said to have married."
Theseus and the Minotaur,Location,Labyrinth,"Complex building constructed by Daedalus to imprison the Minotaur, designed so that anyone entering could never leave without help."
Odysseus and the Cyclops,Concept,xenia,"Greek concept of sacred hospitality. It obliges the host to welcome the stranger and the guest to respect the home, under penalty of incurring the wrath of Zeus Xenios."
Odysseus and the Cyclops,Concept,hubris,"Pride or excess that pushes man to believe he is the equal of the gods, inevitably leading to divine punishment (Nemesis)."
Odysseus and the Cyclops,Concept,kleos,The glory and fame that ensure a hero's immortality in the memory of men through the telling of their exploits.
Odysseus and the Sirens,Concept,Sirens,"Hybrid creatures (bird-women for the Greeks, fish-women as of the Middle Ages) whose divine and omniscient song caused the downfall of sailors."
Odysseus and the Sirens,Concept,Metis,"A form of cunning and practical intelligence, characteristic of Odysseus, allowing for triumph over complex situations through ingenuity."
Odysseus and the Sirens,Event,Trojan War,"Mythical conflict between the Greeks and the Trojans, the starting point of Odysseus' Odyssey."
Odysseus and the Sirens,Concept,Nudge,A concept of behavioral economics designating an indirect proposal allowing for the influence of individuals' behavior without coercion.
Jason and the Golden Fleece,Figure,Pelias,Uncle of Jason and usurper king of Iolcos whose tragic death is orchestrated by Medea.
Jason and the Golden Fleece,Movement,Argonauts,Crew of Greek heroes (including Heracles and Orpheus) who sailed aboard the Argo to conquer the Golden Fleece.
Jason and the Golden Fleece,Figure,Chiron,"Wise centaur and educator of many Greek heroes, including Jason and Achilles."
Jason and the Golden Fleece,Figure,Hera,"Queen of the gods, she protects Jason because Pelias neglected her worship."
Jason and the Golden Fleece,Other,Argo,"Legendary ship capable of speaking, designed for the expedition to Colchis."
Jason and the Golden Fleece,Location,Dodona,"Oldest oracle in Greece, dedicated to Zeus, famous for its sacred oaks, a piece of which was used for the Argo."
Jason and the Golden Fleece,Figure,Ares,"God of war, owner of the field that Aeetes forces Jason to plow."
Jason and the Golden Fleece,Figure,Aphrodite,Goddess of love who sends Eros to strike Medea so that she helps Jason.
Jason and the Golden Fleece,Figure,Hecate,"Goddess of the moon and witchcraft, protector of Medea."
Achilles: the heel and invulnerability,Figure,Statius,"Latin poet of the 1st century AD, author of the Achilleid, who popularized the version of the bath in the Styx and of the physical invulnerability of Achilles."
Achilles: the heel and invulnerability,Figure,Briseis,Trojan captive whose confiscation by Agamemnon causes the anger and withdrawal of Achilles from the battles in the Iliad.
Achilles: the heel and invulnerability,Concept,Aristeia,The highlight of an epic tale where a hero shines through their warrior exploits and absolute superiority on the battlefield.
Achilles: the heel and invulnerability,Concept,Hubris,Greek notion designating the excess of pride or the hubris of a human who believes themselves to be the equal of the gods and ends up being punished.
Achilles: the heel and invulnerability,Figure,Hephaestus,Greek god of fire and the forge who manufactures the weapons and the divine armor of Achilles at the request of Thetis.
Achilles: the heel and invulnerability,Other,Achilles' heel,"Modern anatomical term designating the tendon that connects the calf muscle to the heel bone, in direct reference to the myth."
Oedipus and the Sphinx,Figure,Creon,Jocasta's brother and regent of Thebes. He promises the throne and his sister's hand to anyone who solves the Sphinx's riddle.
Oedipus and the Sphinx,Concept,dialectics,"Method of reasoning that proceeds through dialogue, argumentation, or the confrontation of opposing theses."
Oedipus and the Sphinx,Concept,plot twist,"In dramaturgy, a moment where the action abruptly shifts in an opposite direction (peripeteia)."
Oedipus and the Sphinx,Concept,Oedipus complex,Psychoanalytic Concept theorized by Freud referring to a child's unconscious desire for the parent of the opposite sex and rivalry with the parent of the same sex.
Antigone: family duty vs. state law,Location,Thebes,"Powerful Greek city-state, setting for many tragic myths including those of Oedipus and Antigone."
Antigone: family duty vs. state law,Location,Styx,River of the Greek Underworld that the souls of the deceased must cross to find rest.
Antigone: family duty vs. state law,Concept,Natural law,Set of moral principles considered innate and superior to the written laws of governments.
The Trojan War and the wooden horse,Location,Ilium,"Other name for the city of Troy in Antiquity, which gave its title to the Iliad by Homer."
The Trojan War and the wooden horse,Location,Troad,"Natural region surrounding the ancient city of Troy, located in the northwest of Asia Minor (present-day Turkey)."
The Trojan War and the wooden horse,Location,Scamander,"Coastal river of the Troad flowing near the city of Troy, witness to many battles between the Greeks and the Trojans."
The Trojan War and the wooden horse,Figure,Priam,"Last mythical king of Troy, father of Hector and Paris, symbol of the wise sovereign whose lineage is destroyed by war."
The Trojan War and the wooden horse,Concept,Metis,"Form of practical intelligence among the Greeks, mixing cunning, skill and prudence, of which Odysseus is the representative par excellence."
The Trojan War and the wooden horse,Location,Tenedos,Island located near the coasts of Troy where the Greek fleet hid to make the Trojans believe in their definitive departure.
The Trojan War and the wooden horse,Concept,Lares,Roman deities of Etruscan origin responsible for protecting the home and family; Aeneas carries them away in his flight from Troy.
Thor and Loki (Norse mythology),Work,Poetic Edda,"Medieval manuscript containing a collection of mythological and heroic poems in Old Norse, considered a complementary and often older source than the Prose Edda."
Thor and Loki (Norse mythology),Concept,Yggdrasil,The world-tree (often depicted as an ash tree) whose branches and roots connect the nine worlds of Norse cosmology.
Thor and Loki (Norse mythology),Concept,Sleipnir,"Odin's eight-legged horse, renowned for its exceptional speed, born to Loki while the latter had taken the form of a mare."
Ragnarök: the end of the Norse world,Work,Götterdämmerung,"German translation of 'Ragnarök', popularized by Richard Wagner to designate the end of the gods' reign in his lyrical Work."
Ragnarök: the end of the Norse world,Concept,Mjölnir,"Thor's hammer, the most powerful weapon in Asgard, capable of shattering mountains and systematically returning to the thrower's hand."
Ragnarök: the end of the Norse world,Location,Muspelheim,"World of fire, located to the south of the primordial abyss, guarded by the giant Surtr and source of the forces of destruction by heat."
Ragnarök: the end of the Norse world,Concept,Naglfar,"Mythical ship built from the nails of the dead, destined to transport the armies of chaos to the final battlefield."
Ragnarök: the end of the Norse world,Figure,Heimdall,"Guardian god of the Bifröst bridge, possessing prodigious hearing and sight, who blows the horn Gjallarhorn to announce the beginning of Ragnarök."
Osiris and Set (Egyptian mythology),Figure,Anubis,"Jackal-headed god, protector of embalmers and guardian of necropolises, he helps Isis create the first mummy."
Osiris and Set (Egyptian mythology),Other,Oxyrhynchus,"Species of Nile fish which, according to the myth, supposedly swallowed the phallus of Osiris after his dismemberment by Set."
Osiris and Set (Egyptian mythology),Location,Khemmis,Marshes of the Nile delta where Isis hid and secretly raised Horus to protect him from Set's search.
Osiris and Set (Egyptian mythology),Figure,Thoth,"God of wisdom and writing who healed the eye of Horus broken by Set, restoring its integrity."
Osiris and Set (Egyptian mythology),Figure,Ra,"Solar god, ruler of the gods, who presides over the tribunal deciding the Legitimacy of Horus against Set."
Osiris and Set (Egyptian mythology),Figure,Apophis,"Gigantic serpent embodying absolute chaos, seeking every night to swallow the sun (Ra)."
Osiris and Set (Egyptian mythology),Figure,Ammit,"Hybrid creature (lion, hippopotamus, crocodile) that devours the hearts of the deceased judged unworthy during the weighing ceremony."
Gilgamesh: history's first hero,Figure,Sîn-lēqi-unninni,Sumerian scribe considered to be the author or compiler of the standard (most complete) version of the Epic of Gilgamesh in the 12th century BC.
Gilgamesh: history's first hero,Figure,Ashurbanipal,Last great king of Assyria who built a massive library in Nineveh where the tablets of the epic were rediscovered in the 19th century.
Gilgamesh: history's first hero,Figure,Aruru,Mother goddess in Mesopotamian mythology who created Enkidu from a piece of clay.
Gilgamesh: history's first hero,Concept,droit de seigneur,Custom (legendary in this context) allowing the sovereign to have sexual relations with a bride on her wedding night; here a symbol of Gilgamesh's tyranny.
Gilgamesh: history's first hero,Location,Mashu,"Mythical mountains guarded by scorpion-men, located at the edge of the world, which Gilgamesh must cross during his quest."
Gilgamesh: history's first hero,Figure,Joseph Campbell,"American mythologist famous for his analysis of the 'hero's journey', of which Gilgamesh is one of the first historical examples."
Romulus and Remus: the founding of Rome,Institution,vestal virgin,"Priestess of the goddess Vesta sworn to chastity, responsible for tending the sacred fire of Rome. Breaking her vow was punishable by death."
Romulus and Remus: the founding of Rome,Location,Ficus Ruminalis,"Wild fig tree located in front of the entrance to a cave (the Lupercal) where, according to legend, the basket containing Romulus and Remus washed ashore."
Romulus and Remus: the founding of Rome,Concept,augurs,"Roman divinatory practice consisting of interpreting signs sent by the gods, notably the flight and song of birds."
Romulus and Remus: the founding of Rome,Concept,pomoerium,"Sacred boundary of the city of Rome, ritually traced with a plow, separating civil territory from military territory."
Romulus and Remus: the founding of Rome,Other,Quirites,"Name borne by Roman citizens in their civil functions, emphasizing the union between Romans and Sabines."
Vishnu and Shiva (Hindu mythology),Concept,Brahman,"Supreme, absolute, and infinite principle of the universe in Hinduism, of which all deities are manifestations."
Vishnu and Shiva (Hindu mythology),Concept,Trimurti,"Hindu trinity grouping the three fundamental forces: creation (Brahma), preservation (Vishnu), and destruction (Shiva)."
Vishnu and Shiva (Hindu mythology),Concept,Dharma,"Cosmic order, natural law, and moral duty that every being must follow to maintain the harmony of the World."
Vishnu and Shiva (Hindu mythology),Concept,Dashavatar,The ten main incarnations (avatars) of Vishnu that appear on Earth during different cosmic eras.
Vishnu and Shiva (Hindu mythology),Date,Kali Yuga,"The fourth and final age of the current cosmic cycle, characterized by moral and spiritual decline."
Vishnu and Shiva (Hindu mythology),Location,Kailash,Sacred mountain of the Himalayas considered as the home of Shiva and a major pilgrimage Place.
Vishnu and Shiva (Hindu mythology),Other,Damaru,"Small hourglass-shaped drum held by Shiva, whose sound symbolizes the rhythm of the original creation."
The Valkyries and Valhalla,Location,Asgard,"The celestial realm of the Aesir gods, linked to the World of men (Midgard) by the rainbow bridge Bifröst."
The Valkyries and Valhalla,Event,Ragnarök,"The ""consumption of powers"", a prophecy of the end of the World where gods, Giants and monsters kill each other, marking the destruction of the current universe."
The Valkyries and Valhalla,Work,Poetic Edda,"Collection of Old Norse poems constituting the main source of Scandinavian Mythology, written primarily in the 13th century."
The Valkyries and Valhalla,Figure,Sigrun,"Famous Valkyrie of heroic poetry, lover of the hero Helgi, illustrating the recurring theme of love between warrior goddesses and mortals."
The Valkyries and Valhalla,Other,Gullinkambi,"A gold-combed rooster who lives in Valhalla and whose song announces every day the awakening of the warriors, and one day that of the Ragnarök."
The Valkyries and Valhalla,Location,Idavoll,The plain located in the center of Asgard where the gods gather and where the Einherjar practice combat.
The Valkyries and Valhalla,Figure,Andhrímnir,"The cook of the gods and the Einherjar, responsible for preparing the eternal stew of the boar Sæhrímnir."
The Valkyries and Valhalla,Other,Heidrun,"A magical goat living on the roof of Valhalla, feeding on the leaves of the tree Yggdrasil to produce the mead for the warriors."
The Phoenix across cultures,Location,Heliopolis,"Ancient Egyptian city, a major center of sun worship, where the Bennu was venerated and where the Greek Phoenix was set to deposit its ashes."
The Phoenix across cultures,Location,Kyoto,"Former imperial capital of Japan, home to many temples such as Kinkaku-ji where the Hōō bird is a central architectural motif."
The Phoenix across cultures,Concept,transmutation,"In alchemy, the process of changing one substance into another, often compared to the rebirth of the Phoenix."
The Phoenix across cultures,Concept,nigredo,The 'blackening' phase in alchemy symbolizing the death and decomposition necessary before spiritual rebirth.
The Titans vs the Gods (Titanomachy),Figure,Themis,"Titaness of justice and divine Law. She remained neutral during the Titanomachy and later became one of the wives of Zeus, symbolizing moral order."
The Titans vs the Gods (Titanomachy),Figure,Typhon,Monstrous creature fathered by Gaia to avenge the Titans. He is considered the last and most fearsome adversary of Zeus before the definitive establishment of the Olympian order.
The Titans vs the Gods (Titanomachy),Figure,Martin Heinrich Klaproth,"German chemist (1743-1817) who named titanium in 1795, drawing inspiration from the strength of the Titans of Greek Mythology."
The Titans vs the Gods (Titanomachy),Figure,Mercator,"Gerard Mercator (1512-1594), Flemish cartographer whose use of an image of the Titan Atlas on his maps popularized the term 'atlas' to describe a collection of geography."
Dionysus: the god of wine and excess,Concept,Theatre,"Performance space born in the 6th century BC in Athens as a religious act dedicated to Dionysus, aiming for the purification of emotions (catharsis)."
Dionysus: the god of wine and excess,Figure,Apollo,"God of light, the arts, prophecy, and measure. He is the rational and ordered counterpart to Dionysus in Greek and Nietzschean thought."
Dionysus: the god of wine and excess,Concept,Mysteries,Secret and initiatory religious rites guaranteeing the faithful a direct experience of the divine or a favorable fate in the afterlife.
Dionysus: the god of wine and excess,Concept,Catharsis,Aristotelian term designating the purgation or purification of passions (pity and fear) in the spectator of a tragedy.
Dionysus: the god of wine and excess,Movement,Dithyramb,"Lyrical and passionate choral song in honor of Dionysus, considered the direct ancestor of the theater genre."
Dionysus: the god of wine and excess,Figure,Semele,"Daughter of Cadmus and mortal mother of Dionysus, consumed by the radiance of Zeus while she was pregnant."
B,Concept,Moira,Greek Concept of destiny from which even the gods cannot escape.
B,Other,tholos,"Circular-plan building, used here to designate the underground chamber where Danae was imprisoned."
B,Figure,Graeae,"Three divine sisters born old, sharing only one eye and one tooth between them, guardians of the path to the Gorgon."
B,Other,wallet,B
B,Other,Kynee,B
B,Figure,Nereids,B
B,Other,Cetus,Sea monster sent by Poseidon to devastate the kingdom of Cepheus.
B,Concept,Providence,"Superior force that guides human events toward a determined end, often identified here with divine will."
B,Figure,Fates,"Deities in charge of human destiny, represented as spinners (Roman equivalent of the Moirai)."
Aztec gods and human sacrifices,Concept,Nahui Ollin,"The name of the fifth sun in which we live according to the Aztecs, meaning '4-Movement'."
Aztec gods and human sacrifices,Concept,Five Suns,The Aztec myth explaining that the world underwent four previous creations and destructions before the current era.
Aztec gods and human sacrifices,Concept,Tlaloc,"God of Rain and fertility, feared for his ability to send lightning or famine."
Aztec gods and human sacrifices,Concept,Quetzalcoatl,"The 'Feathered Serpent', god of wisdom, wind, and arts, opposed to Tezcatlipoca."
Aztec gods and human sacrifices,Concept,Tezcatlipoca,"The 'Smoking Mirror', omnipotent god of destiny, night, and warriors, often associated with black magic."
Aztec gods and human sacrifices,Concept,Coatlicue,"Goddess of the Earth and birth, mother of Huitzilopochtli, represented by a skirt of snakes."
Aztec gods and human sacrifices,Concept,Xochiyaoyotl,"Name of the 'flower wars', ritual conflicts whose objective was the capture of prisoners for sacrifice."
Aztec gods and human sacrifices,Concept,chalchihuatl,"Nahuatl term meaning 'precious water', used to designate human blood offered to the gods."
Quetzalcoatl,Location,Teotihuacán,"“The city of the gods”, a major metropolis in central Mexico (1st-7th century) where the first great temples dedicated to the Feathered Serpent were built."
Quetzalcoatl,Concept,Kukulkán,"Mayan name for Quetzalcoatl. At Chichén Itzá, during the equinoxes, the shadow cast by the pyramid mimics the descent of a serpent along the steps."
Quetzalcoatl,Other,Nahuatl,"Language of the Aztecs (and other peoples of central Mexico), still spoken today by more than a million people."
Quetzalcoatl,Concept,quetzal,"Tropical bird with long iridescent green and red feathers, more precious than gold to Mesoamericans. The name Quetzalcoatl (""quetzal serpent"") combines the snake (earth) and the bird (sky) into a cosmic being uniting both dimensions."
Quetzalcoatl,Concept,Five Suns Cosmogony,"Aztec myth explaining that the universe went through four eras (suns) before our own, with Quetzalcoatl having presided over one of these cycles."
Quetzalcoatl,Location,Mictlán,"The underworld or the realm of the dead in Aztec mythology, guarded by Mictlantecuhtli."
Quetzalcoatl,Figure,Tlaloc,"God of rain and lightning, often associated with Quetzalcoatl (Ehecatl) to fertilize the lands."
Quetzalcoatl,Other,Conquistadors,Spanish soldiers and explorers of the 16th century who conquered large territories in America.
Quetzalcoatl,Location,Tenochtitlán,"Capital of The Aztec Empire, built on an island in Lake Texcoco, at the current site of Mexico City."
The Mahabharata,Location,Hastinapura,"Legendary capital of the Kuru kingdom, at the heart of the power struggles between the Pandavas and the Kauravas."
The Mahabharata,Concept,Somme,A work that exhaustively gathers all knowledge on a specific subject or field.
The Mahabharata,Institution,Brahmanism,"Religious and social system of ancient India, based on the Veda texts and the predominant role of the Brahman caste."
The Mahabharata,Concept,Dharma,"Universal Law, order of things and moral or religious duty that every individual must follow according to their condition."
"Lancelot, Guinevere and the Round Table",Event,the ordeal of the sword,"Founding episode where Arthur proves his royal blood by removing the sword Excalibur (or an anonymous sword depending on sources) from a rock or an anvil, proving his divine Legitimacy."
"Lancelot, Guinevere and the Round Table",Concept,Siege Perilous,Empty seat at the Round Table reserved for the knight who must find the Grail. Anyone who sits there without being the chosen one is swallowed by the earth.
"Lancelot, Guinevere and the Round Table",Concept,Rex Quondam Rexque Futurus,"Latin expression meaning 'Once and Future King', referring to the myth of the sovereign who does not die but waits for his time to return and rule."
Merlin the Enchanter,Concept,Incubus demon,"In medieval demonology, a male demon supposed to take human form to seduce women during their sleep."
Merlin the Enchanter,Concept,Baptism,"Christian sacrament marking the entry into the community of believers and the washing away of original sin; for Merlin, it cancels out his demonic nature."
Merlin the Enchanter,Location,Celyddon,"Ancient Welsh name referring to the Caledonian Forest, the wandering Place of the mad bard Myrddin Wyllt."
Merlin the Enchanter,Work,Excalibur,"Mythical sword of King Arthur, symbol of his Legitimacy and divine protection, often associated with the Lady of the Lake."
Merlin the Enchanter,Figure,Utherpendragon,"Father of Arthur and King of Britain, whose name means 'Dragon's Head'."
Merlin the Enchanter,Concept,Siege Perilous,Seat at the Round Table reserved for the knight destined to complete the Grail quest; any Other who sits there is swallowed up.
Merlin the Enchanter,Concept,Druidic,"Relating to the druids, members of the priestly class of Celtic peoples, holders of religious and legal knowledge."
One Thousand and One Nights (Scheherazade),Work,Hazār Afsāna,"Persian title meaning 'Thousand tales', considered the original core that served as the basis for the One Thousand and One Nights before their Arabization."
One Thousand and One Nights (Scheherazade),Institution,Abbasids,"Dynasty of Caliphs who reigned from 750 to 1258. Under their rule, Baghdad became the world center of culture and the Place of the Arabization of the tales."
One Thousand and One Nights (Scheherazade),Institution,Mamluks,"Dynasty that ruled over Egypt and Syria (1250-1517), a Period during which the collection of the One Thousand and One Nights was stabilized and enriched with numerous urban tales."
One Thousand and One Nights (Scheherazade),Figure,Hanna Diyab,"Syrian Maronite storyteller who orally told Antoine Galland tales such as Aladdin and Ali Baba, allowing their integration into the collection."
One Thousand and One Nights (Scheherazade),Concept,cliffhanger,Narrative device consisting of interrupting a story at a moment of high tension to encourage the audience to find out what happens next.
Sinbad the Sailor,Concept,Islamic cosmology,"Medieval world view integrating Greek geographical knowledge, sailors' accounts, and the symbolic structures of the Quran (such as the seven heavens)."
Sinbad the Sailor,Location,Serendib,"Ancient Arabic name for the island of Ceylon (modern-day Sri Lanka), renowned in the tales of Sinbad for its precious stones and natural wonders."
Sinbad the Sailor,Movement,Adventure novel,"Literary genre based on action and a change of scenery, of which Sinbad is considered one of the major ancestors for its structure centered on travel and the unexpected."
Sinbad the Sailor,Location,Basra,"Historic Iraqi port located on the Shatt al-Arab, the starting point for the great Arab maritime expeditions towards the Indian Ocean during the Abbasid era."
The Titans vs the Gods: the complete Titanomachy,Figure,Gaia,"Mother goddess personifying the Earth, she first helps Zeus to overthrow Cronus before turning against him during the Gigantomachy."
The Titans vs the Gods: the complete Titanomachy,Other,Kynee,Helmet of invisibility forged by the Cyclops for Hades during the Titanomachy.
The Titans vs the Gods: the complete Titanomachy,Figure,Iapetus,"Second-generation Titan, father of Atlas, Prometheus and Epimetheus, often representing the ancestor of men."
The Titans vs the Gods: the complete Titanomachy,Other,Giants,"Monstrous creatures born from Gaia, whose defeat during the Gigantomachy requires the joint intervention of the gods and a mortal."
The Titans vs the Gods: the complete Titanomachy,Figure,Heracles,"Mortal hero, son of Zeus, whose participation was essential to the victory of the gods during the Gigantomachy."
Ra and the creation of the world (Egypt),Location,Duat,"The underworld in Egyptian mythology, crossed every night by Ra and the place of judgment for the souls of the deceased."
Ra and the creation of the world (Egypt),Figure,Sekhmet,"Lioness-headed goddess representing the destructive fury of the eye of Ra, capable of devastating humanity."
Ra and the creation of the world (Egypt),Location,Karnak Temple,"Immense religious complex in Thebes (Luxor) dedicated mainly to Amun-Ra, testifying to the power of the solar cult."
Icarus and Daedalus,Concept,Metis,"Form of Greek intelligence characterized by cunning, technical skill and the ability to adapt to complex situations. It is the hallmark of Daedalus and Odysseus."
Icarus and Daedalus,Figure,Pasiphae,"Wife of King Minos who, cursed by Poseidon, fell in love with a white bull and gave birth to the Minotaur with the help of a machine invented by Daedalus."
Icarus and Daedalus,Concept,Sophia,"Wisdom or skill that includes the knowledge of measure and human limits, as opposed to the blindness of hybris."
Icarus and Daedalus,Location,Ikaria,"Greek island in the Aegean Sea where, according to legend, Icarus' body was washed up by the waves and buried by Heracles."
Aeneas and the founding of Rome (Virgil),Other,Dactylic hexameters,"The classical verse form of Greek and Latin epic poetry, composed of six rhythmic units (feet)."
Aeneas and the founding of Rome (Virgil),Concept,Tibicines,"A term meaning 'proppings,' referring to the verses that Virgil left unfinished in his manuscript while waiting to find a perfect formulation."
Aeneas and the founding of Rome (Virgil),Concept,Penates,Roman deities responsible for watching over the household and provisions; Aeneas takes them from Troy to ensure the protection of his future nation.
Aeneas and the founding of Rome (Virgil),Figure,Jupiter,"The king of the gods in Roman mythology (Zeus for the Greeks), guarantor of order and Aeneas' destiny."
Aeneas and the founding of Rome (Virgil),Event,Punic Wars,Series of three major conflicts between Rome and Carthage for dominance of the western Mediterranean (3rd-2nd centuries BC).
Aeneas and the founding of Rome (Virgil),Institution,Julii,"One of the oldest patrician families in Rome, claimed by Julius Caesar and to which Augustus belonged by adoption."
Aeneas and the founding of Rome (Virgil),Work,The Divine Comedy,Major poem by Dante Alighieri (14th century) where Virgil appears as the narrator's guide through Hell and Purgatory.
Aeneas and the founding of Rome (Virgil),Figure,Juno,"Queen of the gods and wife of Jupiter, she is the divine antagonist of the Aeneid, seeking by all means to prevent the founding of Rome."
Aeneas and the founding of Rome (Virgil),Event,Trojan War,"Legendary conflict between the Greek States and the Trojans, serving as the chronological starting point for the Aeneid."
Aeneas and the founding of Rome (Virgil),Location,Alba Longa,"City founded by Ascanius (Iulus), son of Aeneas, which became the seat of the Latin royalty before the founding of Rome."
The birth of the Israeli-Palestinian conflict,Institution,League of Nations,"International organization created after the First World War to maintain peace, replaced by the UN in 1945."
The birth of the Israeli-Palestinian conflict,Institution,Jewish Agency,Organization created to facilitate Jewish immigration to Palestine and the administration of Jewish communities under the British Mandate.
The birth of the Israeli-Palestinian conflict,Concept,Aliyah,Hebrew term referring to Jewish immigration to the Land of Israel.
The birth of the Israeli-Palestinian conflict,Institution,UNRWA,"United Nations Relief and Works Agency for Palestine Refugees in the Near East, established in 1949."
The China–United States rivalry,Concept,bipolarity,Structure of the international system where power is primarily shared between two dominant poles (here China and the United States).
The China–United States rivalry,Concept,Thucydides Trap,"Theory by Graham Allison stating that when an emerging power threatens to displace an established power, the risk of war becomes almost inevitable."
The China–United States rivalry,Concept,national security,"Politics aimed at protecting territorial integrity and the economic or technological interests of a state against external threats, often used to justify sanctions."
The China–United States rivalry,Concept,systemic competition,"Rivalry that is not limited to a specific field but encompasses political models, ideological values, and international norms."
The China–United States rivalry,Movement,Cold War,Period of tensions (1947-1991) between the USA and the USSR without direct confrontation. The term is used again today to describe Sino-American technological tension.
Tensions around Taiwan,Movement,Kuomintang,Chinese nationalist party that governed China before 1949 and established an authoritarian regime in Taiwan until the democratic reforms of the 1980s.
Tensions around Taiwan,Concept,Direct universal suffrage,"Voting system where all citizens vote directly to choose their representatives, adopted by Taiwan for the first time in 1996."
Tensions around Taiwan,Location,SEZ,Air Defense Identification Zone: airspace beyond national territory where a state requires the identification of aircraft for security reasons.
"The concept of a ""multipolar"" world",Figure,Krauthammer,"Charles Krauthammer (1950-2018), American intellectual and journalist, famous for theorizing the end of the Cold War as a Period of total domination by the United States."
"The concept of a ""multipolar"" world",Institution,NATO,"North Atlantic Treaty Organization, intergovernmental military alliance created in 1949, a pillar of Western power during and after the Cold War."
"The concept of a ""multipolar"" world",Concept,New Silk Road,"Vast infrastructure and investment project launched by China in 2013 to link Asia, Europe, and Africa, strengthening its global geopolitical weight."
"The concept of a ""multipolar"" world",Concept,Global South,"Term designating developing or emerging countries (often from Africa, Latin America, and Asia) seeking to emancipate themselves from Western influence."
"The concept of a ""multipolar"" world",Figure,John Mearsheimer,"American political scientist, leader of the neorealist school, known for his thesis on the inevitability of conflict between rising powers and established powers."
"The concept of a ""multipolar"" world",Concept,friend-shoring,A commercial practice consisting of prioritizing supply chains and trade with allied countries or those sharing the same political values to reduce strategic risks.
Oil as a source of conflict,Figure,Edwin Drake,"Pioneer of the American oil industry, known for having drilled the first mechanized oil well in 1859 in Titusville."
Oil as a source of conflict,Figure,Mohammad Mossadegh,Iranian Prime Minister who nationalized his country's oil industry in 1951 before being overthrown by a coup supported by the CIA and MI6.
Oil as a source of conflict,Event,Yom Kippur War,"A 1973 conflict between Israel and a coalition led by Egypt and Syria, serving as the trigger for the first oil crisis."
Oil as a source of conflict,Concept,shale oil,"Oil trapped in sedimentary rocks with low permeability, whose industrial extraction via hydraulic fracturing disrupted the global market as of 2010."
The Suez Canal: why it is strategic,Location,Cape of Good Hope,"A point located at the southern tip of Africa. Before the Suez Canal, ships had to bypass it to travel between Europe and Asia."
The Suez Canal: why it is strategic,Other,Khedive,"Title held by the rulers of Egypt between 1867 and 1914, while the country was officially under Ottoman suzerainty but increasingly influenced by European powers."
The Suez Canal: why it is strategic,Movement,Pan-Arabism,"Political Movement aiming for the unification of Arab peoples, of which Nasser was the main leader in the 1950s and 1960s."
The Suez Canal: why it is strategic,Movement,Houthis,"Shia rebel group in Yemen which, from 2023, disrupted maritime traffic in the Red Sea to protest against regional conflicts."
The Suez Canal: why it is strategic,Location,Bab-el-Mandeb,"Strait located at the south of the Red Sea, between Yemen and Djibouti, constituting the mandatory crossing point to access the Suez Canal from the Indian Ocean."
NATO: what is its purpose today?,Institution,North Atlantic Treaty,"Also called the Washington Treaty, it is the founding act signed on April 4, 1949, which defines the goals of NATO and the principle of solidarity among its members."
NATO: what is its purpose today?,Institution,Warsaw Pact,"Military alliance created in 1955 by the USSR in reaction to NATO, bringing together the communist countries of Eastern Europe. It disappeared in 1991."
NATO: what is its purpose today?,Location,Baltic states,"Geographical group composed of Estonia, Latvia, and Lithuania. Former Soviet republics, they are now members of NATO and the EU."
NATO: what is its purpose today?,Figure,Vladimir Putin,"President of the Russian Federation since 1999 (with an interruption as Prime Minister), he considers the extension of NATO as an aggression against Russian influence."
NATO: what is its purpose today?,Concept,Nuclear escalation,Process by which military tension intensifies until the use of atomic weapons. This is the major fear that hinders a direct NATO intervention in Ukraine.
NATO: what is its purpose today?,Concept,Cyberspace,"Immaterial domain of digital and computer networks, now considered by NATO as a full-fledged battlefield in the same way as land, air, and sea."
The UN: powerful or powerless?,Date,San Francisco Charter,"Founding treaty of the UN signed on June 26, 1945, by 50 States, defining the goals and principles of the organization."
The UN: powerful or powerless?,Institution,Security Council,"Main organ of the UN responsible for maintaining peace. It includes 15 members, 5 of whom are permanent and hold the power of veto."
The UN: powerful or powerless?,Institution,General Assembly,Main deliberative organ of the UN where each member State has an equal vote. Its resolutions are not legally binding.
The UN: powerful or powerless?,Institution,UN Charter,Constitutional text of the organization that defines the rights and obligations of member States and the structures of the institution.
Putin's Russia,Institution,Gazprom,"Russian state-owned gas giant, used by the Kremlin as an instrument of economic and diplomatic power (the energy weapon) as well as a tool for media control."
Putin's Russia,Concept,oligarch,Businessman who acquired immense wealth and considerable politics influence during the privatizations of the 1990s in Russia.
Putin's Russia,Concept,siloviki,"A term designating politics officials coming from the security services (KGB/FSB), the military, or the police, who form the inner circle of power under Putin."
Putin's Russia,Concept,civil society,"A set of non-governmental organizations (NGOs) and citizens acting independently of the State. Under Putin, it is increasingly repressed."
The war in Ukraine explained,Institution,SWIFT,A cooperative society under Belgian law that manages the international financial messaging network allowing secure cross-border payments.
The war in Ukraine explained,Institution,NATO,"North Atlantic Treaty Organization, an intergovernmental military alliance created in 1949 to ensure the collective defense of its members."
The war in Ukraine explained,Institution,USSR,"Union of Soviet Socialist Republics, a former federal state in Eurasia with a communist regime born in 1922 and dissolved in 1991."
How do oil prices work?,Institution,OPEC,"Organization of the Petroleum Exporting Countries, a cartel founded in 1960 aimed at coordinating the oil politics of its members to stabilize prices."
How do oil prices work?,Other,Brent,"Light oil from North Sea fields, serving as a major price benchmark for international markets, particularly in Europe and Africa."
How do oil prices work?,Other,WTI,"West Texas Intermediate, high-quality oil extracted in the United States serving as the main benchmark for the American market."
How do oil prices work?,Concept,Inelasticity,"In economics, a situation where the demand for a good varies little despite a strong variation in its price, because consumers cannot easily do without it."
Tax havens explained,Concept,Offshore,"A term designating financial activities or capital investments carried out outside the country of residence, generally in jurisdictions with advantageous taxation."
Tax havens explained,Concept,Beneficial owner,"The natural person who ultimately owns or controls a legal entity or for whom a transaction is carried out, as opposed to nominees."
Tax havens explained,Concept,Tax rulings,"A practice by which a tax administration confirms in advance to a company how it will be taxed, often allowing for the negotiation of very low rates."
Tax havens explained,Event,Panama Papers,A massive leak of 11.5 million documents in 2016 revealing the offshore assets of global figures managed by the law firm Mossack Fonseca.
Tax havens explained,Concept,Trust,"An Anglo-Saxon legal structure allowing for the transfer of ownership of assets to a third party who manages them for the benefit of a beneficiary, often ensuring anonymity."
Tax havens explained,Concept,Big data,"A set of technologies allowing for the analysis of immense volumes of data, used by tax authorities to detect sophisticated evasion patterns."
Corporate tax evasion by multinationals,Concept,transfer pricing,"Prices at which a company transfers tangible goods, intangible assets or provides services to associated companies (subsidiaries). Manipulating these prices allows profits to be shifted to lower-taxed areas."
Corporate tax evasion by multinationals,Concept,tax rulings,"Advance agreements between a national tax administration and a multinational, fixing in advance how tax will be calculated. They are often criticized for being disguised tax advantages."
Corporate tax evasion by multinationals,Movement,tax justice,"Current of thought and activism (led by NGOs such as Oxfam) advocating for a fair distribution of the tax burden, where multinationals and the wealthiest contribute proportionally to their actual capacity."
Corporate tax evasion by multinationals,Concept,permanent establishment,"Legal notion defining the minimum physical presence (office, branch) required for a State to have the right to tax the profits of a foreign company."
North-South inequalities,Concept,“elephant curve”,"Graph by economist Milanovic: between 1988 and 2008, the Asian middle class and the global very rich progressed the most, while the working class in rich countries stagnated. This curve partly explains the rise of Western populism."
North-South inequalities,Concept,terms of trade,"Ratio between the prices of a country's exports and the prices of its imports. When it deteriorates (raw materials sold for less against manufactured goods bought for more), the country becomes structurally poorer."
North-South inequalities,Concept,deterioration of the terms of trade,"Economic phenomenon where the prices of primary products decrease relative to the prices of manufactured products over the long term, penalizing raw material exporting countries."
North-South inequalities,Institution,official development assistance,All financial flows transferred by developed States to developing countries to promote the improvement of living conditions and economic growth.
Global debt,Institution,IMF,"The International Monetary Fund is an international organization overseeing global financial stability and lending to countries in difficulty, often in exchange for structural reforms."
Global debt,Date,Maastricht Treaty,"Signed in 1992, it sets convergence criteria for the European Union, including public debt limited to 60% of GDP and a deficit of 3%."
"The platform economy [Uber, Airbnb...]",Concept,Matching,The process of efficiently connecting a supplier and a requester on a digital marketplace.
"The platform economy [Uber, Airbnb...]",Concept,Algorithmic subordination,"A situation where a worker, although legally independent, is subject to the control, monitoring, and instructions of an algorithm (rating, pricing, disconnection)."
"The platform economy [Uber, Airbnb...]",Other,Reclassification,A legal decision transforming a service provision contract (independent) into an employment contract (salaried) after establishing a subordinate relationship.
"The platform economy [Uber, Airbnb...]",Institution,Digital taxation,"A fiscal mechanism (such as the GAFA tax) aimed at taxing the income of digital platforms in the place where they create value, and not only where they are domiciled."
"The role of data (the ""oil of the 21st century"")",Concept,machine learning,A field of study within artificial intelligence that uses statistical methods to enable computers to learn from data without being explicitly programmed for each task.
"The role of data (the ""oil of the 21st century"")",Institution,GAFAM,"Acronym for the five American Giants of technology: Google, Apple, Facebook (Meta), Amazon and Microsoft."
"The role of data (the ""oil of the 21st century"")",Institution,BATX,"Chinese equivalent of GAFAM, grouping Baidu, Alibaba, Tencent and Xiaomi."
"The role of data (the ""oil of the 21st century"")",Concept,digital sovereignty,"The capacity of a State or an organization to control its digital infrastructures, its data and its technologies in order not to depend on foreign powers."
The global digital divide,Concept,smartphone,Intelligent telephone equipped with an operating system allowing access to the Internet and the installation of applications.
The global digital divide,Concept,teleworking,Professional activity carried out remotely thanks to digital tools.
The global digital divide,Other,MOOC,(Massive Open Online Course) Educational course broadcast on the Internet and accessible to everyone for free or at a low cost.
The global digital divide,Concept,Big Data,Sets of data so large that they require specific computer tools to be analyzed and exploited.
Disinformation and fake news,Institution,MIT,"The Massachusetts Institute of Technology, a prestigious research university that conducts numerous studies on the impact of digital technologies on society."
Disinformation and fake news,Institution,AFP,"Agence France-Presse, a leading global news agency that has developed one of the largest fact-checking networks in the World."
Disinformation and fake news,Concept,Deepfakes,"Ultra-realistic audio or video recordings generated by artificial intelligence, allowing the face or voice of one person to be substituted by another to attribute imaginary words to them."
The ozone layer hole (and its recovery),Location,Antarctica,"Continent located at the South Pole, where extreme weather conditions in the Stratosphere in spring promote the massive destruction of ozone by CFCs."
The ozone layer hole (and its recovery),Concept,Stratosphere,"Second layer of the Earth's atmosphere, located between approximately 10 and 50 km in altitude, housing most of the ozone layer."
The ozone layer hole (and its recovery),Concept,Carbon dioxide (CO₂),"Gas naturally present in the atmosphere, but whose excess linked to human activities is the main driver of current global warming."
The biodiversity crisis,Institution,WWF,"World Wide Fund for Nature, one of the largest international non-governmental environmental protection organizations."
The biodiversity crisis,Institution,IPBES,"Intergovernmental Science-Policy Platform on Biodiversity and Ecosystem services, often described as the 'IPCC of biodiversity'."
The biodiversity crisis,Work,Dasgupta Review,"Major economic report (2021) commissioned by the British Treasury, which theorizes the integration of nature into global economic indicators."
The biodiversity crisis,Concept,planetary boundaries,Quantified thresholds that humanity should not exceed in order to avoid compromising the Earth's habitable conditions.
The biodiversity crisis,Event,COP15,"United Nations Biodiversity Conference held in 2022, which resulted in the historic '30 by 30' agreement for nature protection."
The biodiversity crisis,Concept,resilience,Capacity of an ecosystem to return to its normal functioning after undergoing a major disturbance.
The circular economy,Other,Bauxite,The main ore allowing the production of aluminum.
The circular economy,Concept,Industrial ecosystem,"Organizational model where companies within the same territory exchange their flows (energy, water, materials) so that the waste of some becomes the resources of others."
The circular economy,Other,Lithium,Alkali metal essential for the manufacturing of rechargeable batteries for electric vehicles and mobile devices.
The circular economy,Concept,Extended Producer Responsibility,"Legal principle according to which manufacturers and importers must take responsibility, financially or technically, for the end-of-life management of the products they put on the market."
The circular economy,Concept,Product-service system,Economic model prioritizing the use of a good (renting a service) rather than its ownership (buying the **Object**).
The circular economy,Concept,Digital product passport,Information tool storing the technical characteristics and composition of a product to facilitate its repair and future recycling.
Why are bees vital?,Concept,sonication,**Technique** of **pollination** used by certain insects (such as bumblebees) that vibrate their wing muscles to shake pollen from the anthers of specific flowers.
Why are bees vital?,Concept,pollination,"Process of transporting pollen grains from the male organs (stamens) to the female organs (pistil) of a flower, allowing fertilization and the production of seeds and fruits."
Why are bees vital?,Concept,entomofauna,All insect species living in a given environment.
Why are bees vital?,Concept,food chain,Sequence of feeding relationships between living beings that eat one another (food chain).
Why are bees vital?,Concept,agroecological infrastructures,"Non-productive elements of a farm (hedges, ponds, low walls, flowered strips) that provide shelter and resources for biodiversity."
Rising sea levels,Location,Ice sheet,"An immense glacier of vast extent, which can reach several kilometers in thickness, covering a continental landmass (such as in Greenland or Antarctica)."
Rising sea levels,Institution,IPCC,"Intergovernmental Panel on Climate Change, an UN body responsible for assessing the scientific knowledge on climate change."
Rising sea levels,Concept,Thermal expansion,Physical phenomenon by which a substance (in this case water) increases in volume due to a rise in its temperature.
Rising sea levels,Concept,Mangrove,A maritime marsh ecosystem including specific trees (mangroves) that stabilize coasts and protect against erosion and storm surges.
AI and employment,Concept,Generative AI,"A type of artificial intelligence capable of creating new content (text, images, code, sound) from learned examples, rather than simply analyzing existing data."
AI and employment,Concept,white-collar workers,"A term referring to office workers, managers, and professional roles, as opposed to 'blue-collar workers' who work in industry or manual labor."
AI and employment,Concept,Prompt engineer,A profession consisting of designing and refining the textual instructions given to a generative AI to obtain the most relevant and effective result possible.
Populism: why is it rising everywhere?,Figure,Jan-Werner Müller,"Political scientist and professor at Princeton, author of 'What is Populism?', who defines the phenomenon by its anti-pluralism and its claim to exclusivity of representation."
Populism: why is it rising everywhere?,Figure,Branko Milanović,"Serbian-American economist specializing in inequality, famous for his 'elephant curve' showing the distribution of global income gains."
Populism: why is it rising everywhere?,Concept,globalization,"Process of opening economic borders and accelerating global trade, whose unequal effects are a driver of the populist vote."
Populism: why is it rising everywhere?,Movement,Trumpism,"Political movement associated with Donald Trump, mixing populism, economic nationalism, and direct communication shaking up institutional norms."
Populism: why is it rising everywhere?,Concept,monism,"Political conception rejecting the diversity of opinions within the people, asserting that the popular will is one, indivisible, and embodied by a single leader."
Populism: why is it rising everywhere?,Concept,backlash,Violent reaction or resistance of a social group to rapid cultural or political changes perceived as a threat to its values.
Populism: why is it rising everywhere?,Institution,mass media,"Major traditional press outlets (TV, newspapers), often described as 'media elites' by populists to discredit them."
Populism: why is it rising everywhere?,Concept,normalization,Political strategy aimed at making a radical party more acceptable to the moderate electorate by smoothing its image and discourse.
Mental health as a societal issue,Concept,Upward social comparison,"Psychological process where an individual compares themselves to people they perceive as superior (beauty, wealth, success), often leading to a drop in self-esteem."
Mental health as a societal issue,Concept,Cyber-victimization,"Form of harassment occurring via digital tools, including insults, the spreading of rumors, or online social exclusion."
Mental health as a societal issue,Concept,Dopaminergic reinforcement,"Biological mechanism linked to the reward circuit in the brain, stimulated by notifications and 'likes' on social media, which can lead to addiction."
Mental health as a societal issue,Concept,Treatment gap,Significant gap between the number of people in need of mental health care and the number of people who actually receive it.
Mental health as a societal issue,Figure,Simone Biles,"Multi-medalist American gymnast who, by withdrawing from several events at the Tokyo 2021 Olympics to preserve her mental health, sparked a global debate on the subject."
Mental health as a societal issue,Concept,Eco-anxiety,Form of psychic distress linked to the feeling of helplessness in the face of climate change and future environmental threats.
Mental health as a societal issue,Concept,Artificial intelligence,Used here to refer to algorithms and conversational agents (chatbots) capable of performing a first level of psychiatric monitoring or sorting.
The EU: how does it really work?,Institution,Council of the EU,"Meeting of national ministers by field (e.g., agriculture, finance). It votes on laws with the Parliament and represents the interests of member governments."
The EU: how does it really work?,Institution,European Commission,"Executive body of the EU. It proposes laws, manages the budget, and ensures the application of treaties under the direction of 27 commissioners."
The EU: how does it really work?,Concept,interest groups,"Organizations (NGOs, companies, trade unions) seeking to influence politics decisions in Brussels by providing their technical expertise."
The EU: how does it really work?,Institution,conciliation committee,Body bringing together MEPs and Council representatives to reach a final agreement on a law in cases of persistent disagreement.
Press freedom around the world,Concept,media concentration,"Process by which a small number of owners or large industrial groups acquire the majority of press, television, and radio outlets."
Press freedom around the world,Figure,Viktor Orbán,Hungarian Prime Minister whose governance is marked by a strategy of indirect media control via economic allies.
Press freedom around the world,Concept,SLAPP,Strategic Lawsuit Against Public Participation; abusive legal proceedings launched by companies or politicians to financially exhaust a journalist.
Press freedom around the world,Concept,disinformation,Intentional diffusion of false information with the aim of deceiving public opinion or destabilizing an opponent.
Climate migration,Concept,forced settlement,Process by which nomadic populations (such as in the Sahel) are forced to settle permanently because their transhumance routes are destroyed by drought.
Climate migration,Location,Low-lying island states,"Archipelagic nations (Kiribati, Tuvalu, Maldives) whose average altitude is so low that they risk total submersion by the rising waters."
Climate migration,Concept,climate debt,"Politics principle asserting that industrialized countries, historically responsible for global warming, owe compensation and assistance to poor countries that suffer its first effects."
Climate migration,Concept,non-refoulement,Cardinal principle of refugee law prohibiting the expulsion of a person to a country where they face the risk of death or inhuman treatment.
Blockchain and cryptocurrencies,Concept,peers,"Users or computers connected in a network without a central hierarchy, where each has the same rights and responsibilities."
Blockchain and cryptocurrencies,Concept,hashing,Mathematical algorithm that transforms data of any size into a unique and irreversible fixed-size digital fingerprint.
Blockchain and cryptocurrencies,Concept,fiat money,Currency issued by a central bank (such as the Euro or the Dollar) whose value is based on public trust in the issuing Institution.
Blockchain and cryptocurrencies,Institution,CBDC,"Central Bank Digital Currency, a digital form of fiat money issued by a State to compete with private cryptocurrencies."
The right to asylum explained,Date,Geneva Convention,International treaty adopted in 1951 defining refugee status and the obligations of states towards them.
The right to asylum explained,Institution,UNHCR,"United Nations High Commissioner for Refugees, the UN agency responsible for protecting the rights of refugees and displaced persons."
The right to asylum explained,Institution,Dublin Regulation,"European Union text determining the Member State responsible for examining an asylum application, usually the first country of entry."
Global food security,Concept,micronutrient deficiencies,"Lack of vitamins (A, B12...) and minerals (iron, iodine, zinc) essential for the body's functioning, even if total caloric intake is sufficient."
Global food security,Institution,futures market,"Financial market where prices of raw materials (such as wheat) are traded for future delivery, influencing world prices."
Global food security,Concept,food power,Geopolitical strategy consisting of using the export or embargo of foodstuffs as a means of politics pressure.
Global food security,Location,arable areas,Land whose climate and soil quality allow for types of annual crops or artificial meadows.
Global food security,Location,groundwater tables,"Underground water reserves located at shallow depth, feeding wells and springs, and widely used for agricultural irrigation."
Global food security,Concept,agroecology,Agricultural practices that respect the environment and aim to maintain ecosystem balance while ensuring food production.
Water: the next source of conflict?,Concept,brine,"Aqueous solution with a very high salt concentration, discharged by desalination plants. Its massive discharge can suffocate local marine fauna and flora."
Water: the next source of conflict?,Location,Singapore,"Island city-state in Southeast Asia, which has become a world reference in water management (NEWater) to compensate for its lack of natural freshwater sources."
Water: the next source of conflict?,Concept,virtual water,Volume of water required to manufacture a product (agricultural or industrial) throughout its production chain. This concept helps to understand indirect water exchanges between countries.
American soft power,Acronym,GAFAM,"Acronym designating the Giants of the American web: Google, Apple, Facebook (Meta), Amazon and Microsoft."
American soft power,Institution,UN,"United Nations Organisation, created in 1945 to maintain international peace and security."
American soft power,Movement,Hallyu,"Term referring to the 'Korean wave', representing the massive export of South Korean Popular culture (K-pop, dramas, cinema) internationally."
American soft power,Other,Ivy League,"Group of eight private universities among the oldest and most prestigious in the Northeastern United States [Harvard, Yale, Princeton...]."
GAFAM: power and abuses,Concept,fake news,False information created and disseminated with the aim of deceiving the public or manipulating politics opinion.
GAFAM: power and abuses,Location,Silicon Valley,"Region of California south of San Francisco, which has become the global hub for high technology and the headquarters of most GAFAM."
GAFAM: power and abuses,Concept,attention span,Limited resource of users that platforms seek to capture and monetize through advertising using retention algorithms.
The energy transition,Concept,rare earth elements,"Group of 17 metals with unique electromagnetic properties, essential for manufacturing permanent magnets for wind turbines and electric car motors."
The energy transition,Concept,carbon neutrality,State of balance between emissions of greenhouse gases and absorption by natural or artificial sinks.
The energy transition,Concept,intermittency,"Irregular nature of energy production [solaire, éolien] which varies according to weather conditions and the day/night cycle."
The future of work,Figure,Henry Ford,"American industrialist of the early 20th century, pioneer of assembly-line work and standardization (Fordism), who normalized the 5-day week to create a middle class of consumers."
The future of work,Figure,Joseph Schumpeter,"20th-century Austrian economist, famous for his Theory of 'creative destruction' which explains how technological innovations replace old economic structures."
China and its economic model,Figure,Deng Xiaoping,"Leader of the People's Republic of China from 1978 to 1992, he was the architect of the economic reforms that opened the country to the global market."
China and its economic model,Figure,Xi Jinping,"General Secretary of the Chinese Communist Party since 2012, he has strengthened Party control over society and launched the Belt and Road Initiative."
China and its economic model,Location,Silicon Valley,"Major technological hub located in California, serving as the global benchmark for digital innovation that China seeks to compete with."
China and its economic model,Institution,Evergrande,Former Chinese real estate giant whose 2021 debt crisis revealed the systemic fragilities of the Chinese financial model.
China and its economic model,Location,Taiwan,"Island claimed by Beijing, a major friction point between China and the United States on both politics and technological levels."
China and its economic model,Concept,semiconductors,"Essential electronic components for modern industry, at the heart of the technological war between China and the West."
The crisis of the Welfare State,Institution,National Council of the Resistance,The body that led the various movements of the French Resistance during the Second World War and developed the social reform program of 1944.
The crisis of the Welfare State,Concept,gig economy,"Small job or digital platform economy (like Uber), characterized by short-term contracts and independent contractor status rather than employment."
The crisis of the Welfare State,Concept,flexicurity,"Social model combining ease of dismissal for companies (flexibility) and strong protections for workers in transition (security), typical of the Danish model."
The crisis of the Welfare State,Concept,CSG,Contribution Sociale Généralisée. French tax intended to diversify the financing of social protection beyond salary contributions alone.
The crisis of the Welfare State,Concept,uberization,"The phenomenon of challenging the traditional economic model through digital platforms that connect providers and clients directly, often to the detriment of classic employment."
How do earthquakes form?,Concept,Andromeda (Seismology),Name of an extensive European project and sensor network aiming to use existing undersea fiber optics to detect seismic vibrations on the ocean floor.
The Italian Renaissance,Concept,Chiaroscuro,Painting Technique consisting of producing violent contrasts between areas of light and areas of shadow to create volume and drama.
The Italian Renaissance,Movement,Mannerism,Artistic Movement from the end of the Renaissance (c. 1520-1580) characterized by the rejection of classical harmony in favor of elongated forms and complex compositions.
The birth of Impressionism,Institution,Academy of Fine Arts,"State Institution that managed artistic education and the Salon in Paris during the 19th century, imposing rigorous classical standards."
The birth of Impressionism,Figure,Napoleon III,"Emperor of the French who, faced with the artistic crisis of 1863, authorized the creation of the Salon des Refusés."
The birth of Impressionism,Event,Salon des Refusés,"Exhibition organized in 1863 to present the Works rejected by the official Salon jury, marking the beginning of the divide between modern and academic art."
The birth of Impressionism,Figure,Édouard Manet,"Painter and precursor of modernity, whose painting [Le Déjeuner sur l'herbe] caused a major scandal in 1863."
The birth of Impressionism,Figure,Claude Monet,"Leader of the impressionism movement, famous for his series exploring light such as [Les Nymphéas] or [La Cathédrale de Rouen]."
The birth of Impressionism,Concept,binocular vision,"Ability of the visual system to merge two images to perceive depth and, in the case of impressionism, to merge juxtaposed brushstrokes of color."
The birth of Impressionism,Concept,complementary colors,"Colors opposite each other on the chromatic circle (e.g., red/green). Their juxtaposition reinforces the vibrancy of each."
The birth of Impressionism,Figure,Berthe Morisot,"One of the major figures of impressionism, known for her scenes of bourgeois life and her clear touch."
The birth of Impressionism,Location,Musée d'Orsay,National museum in Paris housing the largest collection of impressionist and post-impressionist Works in the World.
Rembrandt and the Flemish school,Figure,Hals,"Frans Hals, great Dutch portraitist of the Golden Age, famous for his quick touch and for capturing the laughing psychology of his models."
Rembrandt and the Flemish school,Figure,Caravaggio,"Italian painter from the late 16th century, inventor of the tenebrist style which uses violent light contrasts to dramatize the scene."
Rembrandt and the Flemish school,Figure,Francis Bacon,"20th-century British painter, whose work on the deformation of flesh and the expression of pain is directly inspired by Rembrandt's technical freedom."
"Romanticism in painting [Delacroix, Géricault]",Figure,Géricault,"Théodore Géricault (1791-1824), French painter whose brief career laid the foundations of romanticism with dramatic Works rooted in reality."
"Romanticism in painting [Delacroix, Géricault]",Figure,Delacroix,"Eugène Delacroix (1798-1863), leader of the French Romantic school, famous for his bold use of color and his politics and exotic subjects."
"Romanticism in painting [Delacroix, Géricault]",Figure,Jean-Auguste-Dominique Ingres,"French painter (1780-1867), champion of Neoclassicism and great rival of Delacroix, favoring the perfection of line over colorful emotion."
Cubism: Picasso and Braque,Concept,collage,"Innovation consisting of integrating fragments of reality (newspapers, fabrics) into the Work, blurring the boundary between representation and reality."
Surrealism: Dalí and Magritte,Movement,Dadaism,"Artistic and literary Movement (1916-1923) born in reaction to the horror of the Great War, characterized by a radical questioning of conventions, meaning, and Institution."
Surrealism: Dalí and Magritte,Location,Port Lligat,"Small fishing village in Catalonia where Salvador Dalí established his primary residence and studio, whose rocky landscapes appear in many of his canvases."
Expressionism: Munch and The Scream,Concept,positivism,"19th-century philosophical doctrine which considers that only the knowledge of scientific facts and Law is real, rejecting metaphysics."
Expressionism: Munch and The Scream,Concept,mimesis,Aesthetic Concept from Antiquity designating the imitation or faithful representation of reality in Art.
Abstract Art: Kandinsky and Mondrian,Movement,Abstract Expressionism,"Post-war artistic Movement, primarily American, favoring the artist's instinctive gesture (action painting) and the raw expression of emotions."
Abstract Art: Kandinsky and Mondrian,Movement,Minimal Art,"Artistic current of the 1960s advocating extreme simplicity, often using simple geometric shapes and industrial materials."
Abstract Art: Kandinsky and Mondrian,Movement,Conceptual Art,Movement where the definition or the idea of the Work takes precedence over its aesthetics or material realization.
Pop Art: Warhol and Lichtenstein,Movement,Abstract Expressionism,"Dominant artistic Movement after the Second World War (Pollock, Rothko), prioritizing subjective expression, spontaneous gesture, and the rejection of figuration, which Pop Art would oppose through its return to mundane reality."
The birth of electronic music,Movement,Chicago house,"Musical genre born in the mid-1980s in Chicago clubs (such as the Warehouse), characterized by a repetitive 4/4 rhythm and soul and disco influences."
Mozart: child prodigy and tragic life,Work,The Magic Flute,"Mozart's last opera (1791), blending folk tale and Masonic symbolism, written in German for a popular theater."
Beethoven: genius and deafness,Figure,Napoleon Bonaparte,"General then Emperor of the French whose initial republican ideals fascinated Beethoven, before his imperial coronation provoked the composer's anger."
Beethoven: genius and deafness,Concept,heroic period,"Creative Period of Beethoven marked by grandiose works evoking struggle, victory, and resilience in the face of fate."
Beethoven: genius and deafness,Location,Bonn,"City in North Germany, capital of the Electorate of Cologne, where Beethoven was born and spent his youth."
Beethoven: genius and deafness,Location,Vienna,Capital of the Austrian Empire and world center of classical music where Beethoven spent most of his career.
Beethoven: genius and deafness,Movement,Romanticism,"19th-century artistic Movement emphasizing the expression of feelings, imagination, and subjectivity over classical rigor."
The birth of rock 'n' roll,Institution,Sun Records,"Independent record label founded in Memphis by Sam Phillips, specialized in blues and country, driving force behind the birth of rockabilly."
The birth of rock 'n' roll,Figure,Alan Freed,"Influential American disc jockey credited with popularizing the term ""rock'n'roll"" on the radio to describe this new hybrid style."
Bach and Baroque music,Institution,Thomasschule,"School attached to St. Thomas Church in Leipzig, where Bach taught music and Latin to the boys of the choir."
Bach and Baroque music,Concept,cantata,"Vocal musical genre composed of several movements (arias, recitatives, choruses) with instrumental accompaniment, central to the Lutheran liturgy."
The birth of American jazz,Movement,bebop,"Style of jazz that emerged in the 1940s, characterized by fast tempos, complex harmonies, and an orientation toward intellectual listening rather than dancing."
The birth of American jazz,Movement,Harlem Renaissance,"Renewal movement of African-American culture in the 1920s in New York, spanning literature, arts, and jazz music."
The birth of American jazz,Event,Great Migration,"Massive Movement of six million African Americans from the rural Southern United States to the industrial North and West between 1916 and 1970, encouraging the spread of jazz."
Charlie Chaplin and silent cinema,Location,Vevey,Swiss commune on the shores of Lake Geneva where Charlie Chaplin lived in exile from 1953 until his death in 1977.
Charlie Chaplin and silent cinema,Event,McCarthyism,Period of American History (early 1950s) characterized by an intense hunt for suspected communist sympathizers within the administration and the World of the arts.
Kubrick: 2001: A Space Odyssey,Work,“The Sentinel”,"Science fiction short story published by Arthur C. Clarke in 1948, whose idea of a cubic artifact left by extraterrestrials served as the basis for the screenplay of 2001."
Hitchcock and suspense,Figure,Bernard Herrmann,"Iconic composer whose Music defined the atmosphere of Hitchcock's films, notably through the tense use of strings in Psycho."
Hitchcock and suspense,Figure,François Truffaut,French filmmaker whose interviews with Hitchcock helped theorize the master's work and have him recognized as an auteur.
Hitchcock and suspense,Technique,editing,The assembly of a film's shots. Hitchcock used it to manipulate time and suggest actions without showing them explicitly.
Hitchcock and suspense,Concept,psychoanalysis,"A discipline exploring the unconscious, integrated by Hitchcock into his thrillers to deepen the psychological motivation of his characters."
Gothic architecture: cathedrals,Location,Basilica of Saint-Denis,Necropolis of the kings of France where Abbot Suger had the first Gothic choir built around 1140.
The Mona Lisa,Figure,Vincenzo Peruggia,"Italian employee of the Louvre who stole the Mona Lisa in 1911, claiming he wanted to return the Work to its country of origin."
"Guernica, Picasso",Concept,saturation bombing,"A military tactic aimed at destroying an entire area with a continuous carpet of bombs, without distinction between civilian and military targets."
"Guernica, Picasso",Location,MoMA,"Museum of Modern Art in New York, which housed Guernica for over forty years to protect it from the Francoist dictatorship."
"Liberty Leading the People, Delacroix",Figure,Louis-Philippe I,"The last King of the French (1830-1848), who came to power after the July Revolution; he purchased the painting by Delacroix before hiding it because he judged it too subversive."
"Liberty Leading the People, Delacroix",Institution,Salons,"Official exhibitions organized by the Academy of Fine Arts in Paris, where artists presented their works to the public and critics."
"Impression, Sunrise, Monet",Figure,Paul Durand-Ruel,"The primary art dealer for the Impressionists who financially supported the Movement and organized exhibitions abroad, saving the artists from poverty."
"The Persistence of Memory, Dalí",Place / institution,MoMA,"The Museum of Modern Art in New York, one of the most influential modern Art museums in the World, which has held the painting since 1934."
"The Persistence of Memory, Dalí",Figure,Salvador Dalí,"Spanish painter (1904-1989), one of the main representatives of surrealism, famous for his dreamlike imagery and provocative personality."
"The Persistence of Memory, Dalí",Figure,Gala,"Born Elena Ivanovna Diakonova, she was Salvador Dalí's wife, muse, and agent, playing a crucial role in his career and artistic production."
The theater of Shakespeare,Institution,Lord Chamberlain's Men,"theater company in which Shakespeare was a shareholder, actor, and lead playwright, protected by the English court."
Freedom of the press and photojournalism,Figure,Gerda Taro,"German photographer and partner of Robert Capa, she was the first woman photojournalist to die on the front lines, during the Spanish Civil War in 1937."
Freedom of the press and photojournalism,Figure,Nick Ut,"Vietnamese-American photographer, author of the famous photo 'The Terror of War' (1972) which earned him the Pulitzer Prize."
The birth of Islam (622),Historical reference,Byzantine and Sassanid Empires,"The two powers surrounding the Arabian Peninsula in the 7th century. Byzantium (Eastern Roman Empire) and the Sassanids (Zoroastrian Persian Empire) were exhausting themselves in an endless war, clearing the way for Arab conquests."
Urban II's call and the 1st Crusade (1095),Concept,Plenary indulgence,"Total remission of temporal punishment due to sins, granted by the Pope. Urban II promised one to all crusade participants — a powerful driver for mobilization in a deeply religious society."
The coronation of Charlemagne (800),Institution,Count,"High local dignitary appointed by the sovereign to administer a province (the county) in his name, holding military and judicial powers."
The Magna Carta (1215),Concept,Habeas corpus,"Legal principle protecting against arbitrary arrest: any person arrested must be brought before a judge. A direct legacy of clause 39 of the Magna Carta, it became a pillar of Anglo-Saxon law."
The Discovery of America (1492),Concept,Antisepsis (Semmelweis and Lister),"Even before anesthesia, post-operative infections were killing patients. Semmelweis (1847) then Lister (1867) imposed hygiene: hand washing and sterilized instruments. These two revolutions — anesthesia and antisepsis — transformed surgery."
The Storming of the Bastille (1789),Concept,Ancien Régime and the three estates,"French society divided into three estates: Clergy (1st), Nobility (2nd), and Third Estate (97% of the population, 3rd). At the Estates General, each order had only one out of three votes, despite the overwhelming demographic representativeness of the Third Estate."
The Paris Commune (1871),Place / institution,International Workingmen's Association (First International),"Organization founded in London in 1864, bringing together trade unions and workers' parties from several countries. Although the Commune was not its direct work, Marx celebrated it as the first experience of workers' power."
The Belle Époque (1871-1914),Related event,Dreyfus Affair (1894-1906),"A Jewish officer, Alfred Dreyfus, was wrongly convicted of espionage by an anti-Semitic general staff. The affair tore France apart between Dreyfusards and anti-Dreyfusards, revealing the deep tensions in French society."
The Battle of Verdun (1916),Concept,Heavy artillery of the Great War,"Artillery accounted for 60-70% of casualties in the First World War. Technical progress since 1870 had made offensive weapons far more powerful than defenses, creating the stalemate of the trenches."
The Great Depression (1929),Concept,Gold Standard,"Monetary system where currencies were convertible into gold at a fixed rate, limiting the ability of states to create money. It mechanically spread the American crisis to the entire World: when the United States reduced its money supply, all countries linked to gold suffered."
The Great Depression (1929),Concept,Buying stocks on margin,"Practice of borrowing from one's bank to buy shares betting on their rise. Very widespread in the 1920s, it amplified the bubble and, during the crash, forced millions of Americans to sell urgently to repay their loans."
The Battle of Stalingrad (1942-1943),Related event,"Operation Barbarossa (June 22, 1941)","The invasion of the USSR by Germany: 3 million soldiers on a 3,000 km front - the largest military operation in History. The failure to take Moscow in 1941 forced Hitler to refocus his effort towards the south and the Caucasus oil in 1942."
The Battle of Stalingrad (1942-1943),Concept,Operation Uranus,"Soviet counter-offensive (November 19 operations, 1942) which encircled the 300,000 soldiers of the 6th Army in a giant pincer movement. Planned by Zhukov and Vasilevsky, it transformed the fierce defense of Stalingrad into a decisive strategic victory."
Hiroshima and Nagasaki (1945),Related event,"Soviet invasion of Manchuria (August 9, 1945)","Stalin declared war on Japan exactly on the day of the Nagasaki bombing, invading Manchuria. Some historians believe that this Soviet threat was as decisive as the bombs in the Japanese decision to surrender."
The Algerian War (1954-1962),Concept,French department,"Unlike the protectorates (Morocco, Tunisia), Algeria had been divided since 1848 into three French departments attached to the Ministry of the Interior. Any independence was therefore legally considered a secession from the national territory."
The Rwandan genocide (1994),Place / institution,UNAMIR and General Dallaire,
The fall of the Berlin Wall (1989),Concept,Glasnost and Perestroika,"Gorbachev's reforms starting from 1986: glasnost (transparency) allowed criticism of the Soviet regime, while perestroika (restructuring) attempted to reform the economy. They unintentionally destabilized the entire Soviet bloc."
The Blitzkrieg (1940),Related event,Operation Dynamo (Dunkirk),"Maritime evacuation of 338,000 French and British soldiers surrounded at Dunkirk by an improvised flotilla of military and civilian vessels. This ""miracle"" allowed Great Britain to continue the war, but left France without an army."
The Vietnam War (1955-1975),Related event,Tet Offensive (January 1968),"Simultaneous Viet Cong attack on more than 100 American-held cities during the Vietnamese New Year. Militarily a failure for Hanoi, it destroyed the credibility of the Johnson administration in the United States."
Athenian democracy,Concept,Ostracism,"Athenian procedure by which citizens could vote to exile for 10 years a man judged dangerous for democracy. Names were inscribed on pottery shards (ostrakon). Its objective was preventive, not punitive."
Why does ice float?,Concept,Anomalous expansion of water,"Unlike almost all substances, water is denser at 4°C than at 0°C. As it cools from 4°C to 0°C, it expands. This density anomaly of water is essential for aquatic life: ice floats and insulates the liquid water beneath it."
Why is seawater salty?,Concept,Hydrological cycle and salt accumulation,"Water evaporates from the oceans, leaving salts behind. It falls back as rain, dissolves minerals from rocks, and carries them to the oceans via rivers. This accumulation process has been ongoing for 4 billion years."
Why are there seasons?,Concept,Earth's axial tilt (23.5°),"The 23.5° tilt of Earth's axis relative to its orbital plane - and not the distance from the Sun - causes the seasons. The same tilt always points toward the North Star, alternately creating solstices and equinoxes."
Why are there seasons?,Concept,Perihelion and aphelion,"The points in the orbit closest to (perihelion, in January) and farthest from (aphelion, in July) the Sun. The difference in distance is 5%, too small to explain the seasons. Paradoxically, the northern winter coincides with the perihelion."
Why do we yawn?,Concept,Mirror neurons and contagiousness,"Contagious yawning is linked to mirror neurons and contagiousness which mimic observed behaviors. Humans are more sensitive to the yawns of people they know, and autistic children are less sensitive to them - evidence of a link with empathy."
How does memory work?,Concept,hippocampus,"Seahorse-shaped brain structure in the temporal lobe, essential for forming new conscious memories. Its surgical removal (case H.M.) leads to a total inability to form new memories, without erasing old ones."
How does soap kill viruses?,Concept,Amphiphilic molecule,A molecule with one hydrophilic end (water-loving) and one hydrophobic end (fat-loving). This double nature allows it to insert itself into the lipid membranes of viruses and physically disintegrate them.
How does soap kill viruses?,Concept,Lipid envelope,"Some viruses (coronavirus, flu, HIV) are surrounded by a fatty membrane. This is their weak point: soap dissolves it, destroying the virus. Non-enveloped viruses (norovirus, poliovirus) are more resistant to soap."
"The discovery of penicillin (Fleming, 1928)",Concept,Radioactive decay,"A spontaneous phenomenon by which an unstable atomic nucleus transforms by emitting particles (alpha, beta) or radiation (gamma). Marie Curie understood that radioactivity was a property of the atom itself, not a chemical reaction."
"The discovery of X-rays (Röntgen, 1895)",Concept,Radioactivity and early risks,Röntgen and his first users were unaware of the dangers of X-rays. Doctors developed cancers after years of exposure. Marie Curie herself died of aplastic anemia caused by her years of contact with radioactive materials.
The discovery of radioactivity (Marie Curie),Concept,Antibiotic resistance,"An evolutionary phenomenon by which bacteria develop mechanisms to resist antibiotics. Predicted by Fleming as early as 1945, it now kills 1.27 million people per year - one of the main health threats of the 21st century."
The discovery of anesthesia,Event,Spanish Reconquista (1492),The triumph of the capture of Granada released resources and created a momentum of national ambition that explains Isabella of Castile's support for Columbus.
The discovery of anesthesia,Event,Treaty of Tordesillas (1494),An agreement arbitrated by the Pope dividing the world into two spheres of influence between Spain (west) and Portugal (east).
The discovery of anesthesia,Concept,Antisepsis (Semmelweis and Lister),"Even before anesthesia, post-operative infections killed patients. Semmelweis (1847) then Lister (1867) imposed hygiene: hand washing, sterilized instruments. These two revolutions - anesthesia and antisepsis - transformed surgery."
The discovery of anesthesia,Figure,Victoria (Queen),Sovereign of the United Kingdom whose use of chloroform during her childbirths in 1853 and 1857 helped to remove religious taboos regarding anesthesia.
Darwin's theory of evolution (1859),Other,Beagle (HMS),Royal Navy ship that served as a base for Charles Darwin for his scientific tour of the World between 1831 and 1836.
The Big Bang,Concept,accelerated expansion of the universe,"Discovered in 1998, the expansion of the universe is accelerating instead of slowing down. This acceleration is attributed to ""Dark energy"" (68% of the total content of the universe), which remains completely misunderstood by current physics."
How do earthquakes form?,Location,Asthenosphere,"Ductile part of the Earth's upper mantle located beneath the rigid lithosphere, allowing the movement of tectonic plates."
How do earthquakes form?,Concept,Earthquake engineering,Field of civil engineering studying the design and construction of buildings capable of resisting seismic shocks without collapsing.
Is there life elsewhere in the Universe?,Concept,Habitable zone,"Region around a star where the temperature allows water to exist in a liquid state on a planet's surface. Neither too close nor too far - ""like Goldilocks"". Our solar system has three potential planets: Venus, Earth, Mars."
Is there life elsewhere in the Universe?,Concept,Drake equation,"Probabilistic formula by Frank Drake (1961) to estimate the number of communicating civilizations in our galaxy. It multiplies factors (stars, habitable planets, duration of civilizations...) - all values being very uncertain, making the equation more philosophical than scientific."
What is a black hole?,Concept,Event horizon,"""Boundary"" of a black hole beyond which nothing can return, not even light. It is not a physical surface but a mathematical limit: the speed required to escape exceeds that of light."
How does lightning form?,Concept,ionization of the air,"For a lightning bolt to form, the electric field must be intense enough to strip electrons from air molecules, making it conductive. This channel forms in a few microseconds, heated to 30,000°C - five times the sun's surface."
How does a vaccine work?,Concept,B lymphocytes and antibodies,"White blood cells that produce antibodies - proteins capable of recognizing and neutralizing a specific pathogen. After vaccination, some become ""memory cells"" that sometimes persist for a lifetime."
How does a vaccine work?,Concept,Herd immunity,"When a sufficient proportion of the population is immunized, the pathogen can no longer spread, indirectly protecting non-immunized people. The threshold varies from 80% to 95% depending on the disease."
What is the greenhouse effect (really)?,Concept,Terrestrial albedo,"The ability of a surface to reflect solar radiation. Ice and snow have a high albedo (reflect a lot), oceans have a low albedo (absorb more). Melting ice reduces the global albedo, accelerating warming."
Why do we sleep?,Concept,Circadian rhythms and melatonin,"Internal clock set to 24 hours, regulated by the suprachiasmatic nucleus of the brain. Melatonin, produced at night, signals the need to sleep. Artificial nocturnal light disrupts this rhythm and degrades sleep quality."
Why are some species immortal?,Figure,Turritopsis dohrnii,A tiny jellyfish capable of returning to its juvenile polyp stage after the adult stage - and starting over indefinitely. This process of cellular transdifferentiation is unique and inspires research on cellular reprogramming.
What is dark matter?,Concept,Dark energy,"A mysterious force responsible for the acceleration of the universe's expansion, representing 68% of its total content. Distinct from dark matter (27%), it acts as a repulsive energy of the vacuum, still completely misunderstood."
What is dark matter?,Concept,Standard Model of physics,"Physics Theory that describes elementary particles (quarks, electrons, etc.) and three of the four fundamental forces, but fails to explain dark matter."
How does electricity work in our bodies?,Concept,Hippocampus,"Sea-horse-shaped brain structure in the temporal lobe, essential for the formation of new conscious memories. Its surgical removal (case H.M.) leads to a total inability to form new memories, without erasing old ones."
How does electricity work in our bodies?,Concept,Working memory,"Cognitive system that temporarily maintains a small amount of information (7±2 items) available for current processing. Managed by the prefrontal cortex, it is limited in capacity and duration (a few seconds without repetition)."
How does electricity work in our bodies?,Concept,Oil futures market,"Contracts by which buyers and sellers commit to a future transaction at a price fixed today. Speculators with no intention of physical delivery represent the vast majority of transactions, amplifying price fluctuations."
How does electricity work in our bodies?,Event,American shale oil revolution,"Massive boom in American production in the 21st century thanks to hydraulic fracturing, modifying the world's geopolitical energy balance."
Why do certain sounds give us chills?,Concept,Openness to experience (personality),"Personality trait associated with curiosity and the appreciation of beauty. People who are highly ""open"" have an auditory cortex more connected to emotional zones and are significantly more likely to feel musical chills."
Why do seasons exist on other planets?,Concept,Axial tilt of Uranus (97.8°),"Uranus's axis is almost lying flat on its orbital plane. Each pole receives about 42 years of continuous sunlight and then 42 years of total darkness - extreme seasons of very long duration, with no equivalent in our solar system."
Why do seasons exist on other planets?,Concept,Orbital eccentricity of Mars,"Mars's orbit is significantly more elliptical than Earth's: the Sun-Mars distance varies from 207 to 249 million km. The Martian southern hemisphere has short, hot summers and long, cold winters - much more marked than here."
"The Odyssey, Homer",Concept,Homeric formula,"The Homeric epics were composed orally before being written down. Repeated formulas (""Rosy-fingered Dawn"", ""Odysseus of many wiles"") facilitated memorization and improvised composition - a Technique studied by Milman Parry in the 20th century."
"The Iliad, Homer",Concept,Homeric Aristeia,Literary genre of the epic: a long sequence where a hero performs superhuman feats. Each great warrior of the Iliad has his aristeia. These passages allowed the hero's character to be developed and his lineage to be linked to the gods.
"Oedipus Rex, Sophocles",Concept,Fate and free will in Greek tragedy,Tragedy explores the tension between inevitable fate (predicted by oracles) and human choices. Oedipus fulfills his tragic destiny precisely while attempting to flee it - a paradox at the heart of the human condition according to the Greeks.
"Antigone, Sophocles",Concept,Natural law vs. positive law,"Tension at the heart of Antigone: divine and moral Law (burying the dead) against the human Law of Creon. This conflict runs through all political philosophy, from Plato to Rousseau and modern theorists of natural rights."
"Antigone, Sophocles",Concept,Hubris in Greek tragedy,"The hubris (excess, excessive pride) is the quintessential Greek tragic sin. Creon commits hubris by believing that his Law takes precedence over that of the gods - he will lose everything he loved as punishment for this presumption."
"The Symposium, Plato",Concept,Platonic Eros,"Plato distinguishes between physical love and spiritual love aspiring to absolute Beauty. Diotima's speech describes a ""ladder of love"": starting from a beautiful body, then loving the beauty of souls, then ideal Beauty-itself."
"The Republic, Plato",Figure,Graeae,"Three divine sisters born old, possessing only one eye and one tooth between them, guardians of the path to the Gorgon."
"The Republic, Plato",Figure,Nereids,"Sea nymphs, daughters of Nereus, offended by the vanity of Queen Cassiopeia."
"The Republic, Plato",Figure,Fates,"Divinities in charge of human destiny, represented as spinners (the Roman equivalent of the Moirai)."
"The Apology of Socrates, Plato",Location,Prytaneion,A public building in Athens where magistrates sat and where deserving citizens and victorious athletes were fed at the city's expense.
"Medea, Euripides",Concept,Revenge and honor in the Greek world,"Honor (timē) was a fundamental value in Greece. A betrayal demanded reparation. Medea cannot accept the dishonor of being repudiated: her revenge follows a logic of reciprocity which, pushed to the extreme, becomes monstrous."
"Les Misérables, Victor Hugo",Concept,Penal colony and the 19th-century penal system,"The penal colonies of Toulon, Brest, and Rochefort were hells of forced labor. Jean Valjean spent 19 years there for a stolen loaf of bread, illustrating the brutality of a system that did not distinguish between crime and poverty."
"Les Misérables, Victor Hugo",Figure,Inspector Javert,"The incorruptible police officer who pursues Jean Valjean. He personifies the strict and blind Law, incapable of conceiving of forgiveness or the moral evolution of a criminal."
"Candide, Voltaire",Concept,Leibnizian optimism,"The philosophy according to which God created the best of all possible worlds and that apparent evil serves a higher good. Voltaire wrote Candide in response, notably to the Lisbon earthquake (1755) which killed 60,000 people in a few minutes."
"The Stranger, Camus",Concept,The Absurd in Camus,A feeling born from the clash between the human desire for meaning and the silence of the universe. Camus does not see the absurd as a cosmic truth but as a lived experience - the response is not suicide but lucid and conscious rebellion.
"The Stranger, Camus",Historical reference,Colonial Algeria as context,The Stranger takes place in 1940s French Algeria. The Arab that Meursault kills remains nameless in the novel - a major postcolonial critique: the novel is said to reproduce the invisibility of Arabs in French colonial literature.
"Le Père Goriot, Balzac",Concept,The Human Comedy,A project of 90 interconnected novels and short stories describing the totality of French society. Figures return from one novel to another - an innovation that was unprecedented at the time. Rastignac appears in about twenty works within the cycle.
"Les Fleurs du Mal, Baudelaire",Concept,Symbolism and Baudelaire's legacy,"Baudelaire is the father of symbolism: he sought not to describe reality but to suggest secret correspondences between sensations, emotions, and ideas. Verlaine, Rimbaud, and Mallarmé, and later the entire Poetics of the 20th century, claim his influence."
"Animal Farm, George Orwell",Concept,Allegory of the Russian Revolution,"Old Major = Marx/Lenin, Napoleon = Stalin, Snowball = Trotsky, Squealer = propaganda. The progressively modified commandments illustrate the betrayal of revolutionary ideals by the bureaucracy in power."
"Hamlet, Shakespeare",Concept,Elizabethan revenge and honor,Revenge is a central theme of Elizabethan theater. A man of honor had to avenge an offense to his family - but this duty conflicted with the Law and Christian morality. This paradox fuels Hamlet's fundamental hesitation.
"Romeo and Juliet, Shakespeare",Concept,Medieval courtly love,A literary tradition glorifying the secret and suffering love of a knight for a lady (often married). Romeo begins the play in this stereotypical role (in love with Rosaline) before his love for Juliet becomes real and tragic.
"Romeo and Juliet, Shakespeare",Concept,Cynicism,"Here, an attitude that consists of mocking ideal values and feelings through a critical spirit or disillusionment, as Mercutio does."
"Brave New World, Aldous Huxley",Concept,Fordism and Taylorism,Industrial organization methods that rationalized production through extreme division of labor and the assembly line. Huxley applies them to human reproduction and conditioning - Ford is the deity of the novel.
"Frankenstein, Mary Shelley",Related event,Year Without a Summer (1816),"The 1815 eruption of Mount Tambora ejected ash that darkened the global atmosphere, causing a freezing summer in Europe in 1816. It was in this apocalyptic context that Mary Shelley (18 years old) wrote Frankenstein during a stay on the shores of Lake Geneva."
"Don Quixote, Cervantes",Concept,Metafiction and narrative reflexivity,"Don Quixote is one of the first novels to comment on itself: in the second part (1615), the figures have read the first part (1605) and discuss it. This play with the reality of the novel anticipates literary postmodernism by several centuries."
"Don Quixote, Cervantes",Related event,Battle of Lepanto (1571) and Cervantes' captivity,"Cervantes fought at Lepanto and was wounded (losing the use of his left hand). Captured by pirates in 1575, he was an enslaved person in Algiers for five years. These experiences forged the writer and nourished the humor and depth of the novel."
"The Grapes of Wrath, Steinbeck",Concept,Providence,"A superior force that guides human events toward a determined end, often identified here with divine will."
"The Grapes of Wrath, Steinbeck",Figure,Graeae,"Three divine sisters born old, sharing only one eye and one tooth between them, guardians of the path to the Gorgons."
"The Grapes of Wrath, Steinbeck",Figure,Nereids,"Sea nymphs, daughters of Nereus, offended by the vanity of Queen Cassiopeia."
"The Grapes of Wrath, Steinbeck",Figure,Fates,"Divinities in charge of human destiny, represented as spinners (the Roman equivalent of the Moirai)."
"Fahrenheit 451, Bradbury",Concept,entertainment society and fragmented attention,"Bradbury anticipated self-censorship through entertainment: people so saturated with fast-paced media that they no longer have the desire to read. The ""parlors"" (wall-screens) in the novel anticipate television and then smartphones."
"Fahrenheit 451, Bradbury",Concept,providence,"A superior force that guides human events toward a specific end, often identified here with divine will."
"The Metamorphosis, Kafka",Work,Metamorphosis (The),A major work of world Literature (1915) recounting the sudden transformation of Gregor Samsa into an insect.
"The Master and Margarita, Bulgakov",Figure,Graeae,"Three divine sisters born old, possessing only one eye and one tooth for the three of them, guardians of the path to the Gorgons."
"The Master and Margarita, Bulgakov",Figure,Nereids,"Sea nymphs, daughters of Nereus, offended by the vanity of Queen Cassiopeia."
"The Master and Margarita, Bulgakov",Concept,Providence,"A superior force that guides human events toward a specific end, often identified here with divine will."
"The Master and Margarita, Bulgakov",Figure,Fates,"Deities in charge of human destiny, represented as spinners (Roman equivalent of the Moirai)."
"Moby Dick, Melville",Concept,Providence,"A superior force that guides human events toward a specific end, often identified here with divine will."
"The Alchemist, Paulo Coelho",Work,Alchemist (The),"Novel by Paulo Coelho published in 1988, telling the initiatory quest of a shepherd named Santiago."
The Italian Renaissance,Concept,Renaissance Humanism,"Intellectual movement centering reflection on the human being, inspired by rediscovered Greek and Roman texts. Humanists (Petrarch, Erasmus) valued liberal education, human dignity, and the development of individual faculties."
The birth of Impressionism,Concept,paint tubes and plein air,The invention of metal paint tubes (1841) allowed painters to work outdoors. This innovation was a material condition for the Impressionist revolution.
Cubism: Picasso and Braque,Concept,African and Oceanic art as influence,Picasso's discovery of African masks around 1906-1907 was a revelation: an art that did not seek to imitate reality but to provide a symbolic and structural representation of it. Decisive for the Demoiselles d'Avignon.
Surrealism: Dalí and Magritte,Concept,Automatic writing,"Surrealist Technique: writing or painting without conscious control, letting the flow of the unconscious express itself directly. Breton used it as a Poetics tool. Dalí developed his own pictorial variant with the paranoiac-critical method."
Expressionism: Munch and The Scream,Concept,"German Expressionism (Die Brücke, Der Blaue Reiter)","German artistic currents (1905-1920) pushing expressionism to the extreme: radical distortion of forms, gaudy colors, distressing themes. Kirchner, Kandinsky, Nolde reacted to modernization and heralded the trauma of 1914."
Expressionism: Munch and The Scream,Related event,Eruption of Krakatoa (1883) and the red sky,"The catastrophic eruption of Krakatoa threw up ash that colored sunsets blood-red around the World for months. Munch noted in his diary having seen a red sky ""of blood and fire"" — likely this phenomenon."
Abstract Art: Kandinsky and Mondrian,Concept,Bauhaus,School of art and design founded in Weimar in 1919 which attempted to reconcile fine arts and applied arts. Kandinsky and Klee taught there. Its minimalist and functional aesthetic is omnipresent in contemporary design.
Pop Art: Warhol and Lichtenstein,Concept,Aura and mechanized reproduction (Walter Benjamin),"Benjamin (1935) analyzed how technical reproduction destroys the ""aura"" of the unique Work. Warhol radicalized this idea: by mechanically reproducing popular images, he questioned the very notion of original and author."
The birth of electronic music,Concept,Chicago house and Detroit techno,"House (Chicago, 1984) used drum machines and deep bass lines. Techno (Detroit, 1986-1988) was colder and more mechanical. Both emerged from marginalized Black and Latino communities and became world phenomena."
Verdi's opera,Concept,Opera seria vs opera buffa,"Two Italian genres: opera seria (noble subjects, tragic) and opera buffa (comic subjects, ordinary characters). Verdi excelled in opera seria but renewed the genres by integrating realistic psychological drama and social tension."
Beethoven: genius and deafness,Concept,"""Absolute"" music vs program music","The absolute music (Beethoven) expresses pure emotions without external reference. Program music (Berlioz, Liszt) tells a story. This distinction structures the great aesthetic debate of the romantic 19th century."
Beethoven: genius and deafness,Concept,Ode to Joy,"The last movement of the 9th Symphony, based on Schiller's poem, became the official anthem of the European Union in 1985. The universalism of its message (brotherhood of humanity) makes it the symbol of the European ideal of unity."
Bach and Baroque music,Concept,Counterpoint and fugue,"Counterpoint is the art of combining several independent melodies according to harmonic rules. The fugue is its most elaborate form: a theme is stated by different voices in turn, then developed in increasingly complex combinations."
The birth of American jazz,Concept,Improvisation in jazz,"Unlike classical music, jazz makes improvisation its heart: the musician invents their melodic line in real time, over an agreed harmonic grid, in response to the others. It is both total freedom and a demanding discipline."
The blues: roots of all modern music,Figure,Graeae,"Three divine sisters born old, possessing only one eye and one tooth between the three, guardians of the path to the Gorgons."
The birth of photography,Concept,Impact of photography on figurative painting,Photography liberated painting from its documentary function. Painters no longer had to immortalize faces or battles - photography did it better and cheaper. This liberation was one of the conditions for Impressionism and then abstraction.
The French New Wave,Concept,Filming on location and lightweight camera,"The French New Wave technically reinvented cinema: lightweight portable cameras, fast film allowing filming without artificial lighting. These budgetary constraints became a revolutionary aesthetic - cinema ""taking to the streets""."
Kubrick: 2001: A Space Odyssey,Concept,Artificial intelligence and HAL 9000,"HAL 9000 is one of the first representations of a conscious AI in conflict with its creators. Its anthropomorphism (calm voice, implacable logic, self-preservation) prefigures current debates about AI safety."
Gothic architecture: cathedrals,Concept,flying buttress and rib vault,"Structural innovations of Gothic architecture. The rib vault distributes the weight onto ribs rather than the entire walls. The flying buttress transfers the thrust outwards, allowing walls to be opened into windows without the building collapsing."
Gothic architecture: cathedrals,Figure,Abbot Suger,"Abbot of Saint-Denis and advisor to the kings of France, considered the father of Gothic art through his Reconstruction of the Basilica of Saint-Denis."
"The Starry Night, Van Gogh",Concept,Art as inner expression,Central Concept for Van Gogh where the Work does not seek to reproduce physical reality but the emotions and visions of the painter.
"Impression, Sunrise, Monet",Figure,Louis Leroy,"Art critic for ""Le Charivari"", Louis Leroy wrote a sarcastic article in 1874: ""Impression, I was certain of it!"". He wanted to mock them - the term ""impressionists"" was adopted by the artists themselves with pride, turning the insult around."
"Impression, Sunrise, Monet",Historical reference,Port of Le Havre (industrialization),"Le Havre was the leading French commercial port, transformed by industrialization. Monet shows precisely this industrial modernity (steam, cranes, small boats) in the morning mist - a fleeting vision of modernity on the move."
"Nighthawks, Hopper",Concept,American urban alienation,"Nighthawks was painted in 1942, a few weeks after Pearl Harbor. The isolation of the Figure in the American night translates a deep unease: the individualism of American society, the absence of community, the void behind material abundance."
"The Persistence of Memory, Dalí",Concept,Bergsonian philosophy,"Bergson distinguished between physical time (measurable) and lived time (subjective, elastic). The melting watches of Dalí visually illustrate this ""Bergsonian time"": in dreams, time expands, contracts, and loses all rigidity."
Freedom of the press and photojournalism,Concept,Ethics of photojournalism,Fundamental tension: how far should a photographer get involved? Kevin Carter photographed a vulture waiting for the death of a Sudanese child (1993) and was accused of not helping. He received the Pulitzer and then committed suicide three months later.
Freedom of the press and photojournalism,Concept,Media concentration and editorial independence,"In many democracies, billionaires (Murdoch, Bolloré) have bought up media outlets, raising questions about their independence. In France in 2024, the vast majority of the press is owned by a dozen billionaires."
Freedom of the press and photojournalism,Figure,Graeae,"Three divine sisters born old, possessing only one eye and one tooth for the three of them, guardians of the path to the Gorgon."
Freedom of the press and photojournalism,Concept,Providence,"A superior force that guides human Event to a determined end, often identified here with divine will."
Freedom of the press and photojournalism,Figure,Fates,"Divinities in charge of human destiny, represented as spinners (Roman equivalent of the Moirai)."
"The birth of the Greek gods (Cronus, Zeus, Olympus)",Concept,Greek divine anthropomorphism,"The Greek gods are entirely human in their emotions (jealousy, love, anger) but immortal and supernatural. Xenophanes already criticized this vision: ""if horses had gods, they would represent them as horses""."
Prometheus: the thief of fire,Figure,Epimetheus,"Brother of Prometheus whose name means ""the one who thinks after"". He thoughtlessly accepted Pandora's gift sent by Zeus. His recklessness introduced evils into the World. The Prometheus-Epimetheus pair illustrates the opposition between foresight and impulsivity."
Pandora and the box,Concept,Elpis (Hope),"In Hesiod's version, Hope remains in the jar when Pandora closes it. A fundamental ambiguity: is it the last benevolent gift from the gods, or an additional evil (false hope, illusion) that tortures men by making them believe things will improve?"
Orpheus and Eurydice,Concept,Catabasis,"The descent into the Underworld. A recurring mythological motif: the hero descends into the Underworld alive (Heracles, Odysseus, Aeneas, Orpheus). This journey symbolizes initiation through death and confrontation with the unconscious."
Orpheus and Eurydice,Concept,Orphism,"Greek mystic religion. A religious movement inspired by the myth of Orpheus, advocating for the purification of the soul and metempsychosis (transmigration of souls). It influenced Pythagoras and Plato in their conception of the immortality of the soul."
Narcissus and Echo,Concept,Narcissism (psychology),"Term coined by Freud (1914): excessive love for oneself, inability to love the Other. In the myth, Narcissus cannot love Echo because he only loves his own image. Freud distinguished primary narcissism (healthy) from pathological narcissism."
Narcissus and Echo,Concept,Echo (acoustic physics),"The repercussion of a sound against a surface and its return to its source. The word ""echo"" comes directly from the nymph of the myth, condemned to only repeat the last words heard. This myth explained the natural acoustic phenomenon to the Greeks."
Icarus and Daedalus,Concept,Hybris (and excess),Icarus embodies classic hubris: failing to respect human limits and seeking to rise to the gods' level. This transgression is always punished in Greek Mythology - the Greeks saw excess as the tragic fault par excellence.
Sisyphus: eternal punishment,Concept,Camus' Absurd and Sisyphus,"In The Myth of Sisyphus (1942), Camus chooses this myth because Sisyphus knows his fate and continues anyway. Camus concludes that ""one must imagine Sisyphus happy"" - only the refusal of resignation makes the absurd bearable."
Sisyphus: eternal punishment,Concept,Sisyphus' Hubris,"Sisyphus was punished for having cheated death twice and revealed secrets of the gods. In Greek Mythology, mortals who defied divine order or claimed immortality received eternal and exemplary punishments."
Tantalus and his torment,Concept,"chemical element tantalum (Ta, 73)",Named so in 1802 by Ekeberg because it is insoluble in acids - like Tantalus who cannot swallow anything. It is used in smartphone capacitors and in biocompatible medical prostheses.
Medusa and Perseus,Concept,Pegasus (birth of),"When Perseus beheads Medusa, the winged horse Pegasus is born from her blood. He would be captured by Bellerophon with the help of Athena and would allow him to defeat the Chimera. Pegasus has become the universal symbol of Poetics inspiration."
Hercules and his 12 labors,Concept,Greek heroism vs Christian heroism,"Greek heroism (Hercules, Achilles) values strength, warrior glory, and prowess - even if Hercules acts out of penitence. Christian heroism values humility, sacrifice, and accepted suffering. This tension structures Western culture."
Odysseus and the Cyclops,Concept,metis,"Practical intelligence, cunning, the ability to turn an unfavorable situation around. Odysseus embodies metis par excellence - his Homeric epithet is ""of many wiles"". It stands in opposition to bié (brute force) embodied by Ajax."
Odysseus and the Cyclops,Concept,Cyclopes,"One-eyed beings, sons of Ouranos and Gaia: divine blacksmiths who forged the thunderbolts of Zeus. In Homer, Polyphemus and his kind are wild shepherds ignorant of the gods and the laws - an embodiment of barbarism."
Odysseus and the Sirens,Concept,Precommitment,Decision-making strategy consisting of voluntarily restricting one's future options to counter an anticipated temptation.
Jason and the Golden Fleece,Concept,Colchis,"Region to the east of the Black Sea, described in Greek myths as the end of the eastern World. Shepherds there used sheep fleeces to filter gold from the gold-bearing rivers of the Caucasus - the ""golden fleece"" might have been real."
Achilles: the heel and invulnerability,Concept,Kleos,Supreme value of heroic culture: the immortal glory acquired through exploits in war and transmitted by poets. Achilles deliberately chooses a short but glorious life rather than a long life without glory - a fundamental choice of Greek heroic ethics.
Oedipus and the Sphinx,Concept,Incest as a fundamental transgression,"Oedipus's incest (unintentional) represents the ultimate transgression of social order: the confusion of generations. For the Greeks, it provoked a defilement (miasma) affecting the entire community, visible in the pestilence striking Thebes."
Antigone: family duty vs. state law,Related event,Antigone by Jean Anouilh (1944),"Play performed in Paris during the Nazi Occupation. Anouilh deliberately left its political reading ambiguous: Creon could represent the Germans or Vichy, Antigone the Resistance. Both sides found what they were looking for in the Work - genius or opportunism?"
The Trojan War and the wooden horse,Concept,Troy (Hisarlik) and archaeology,"Schliemann located Troy in 1870 at Hisarlik, Turkey. Excavations brought to light nine successive cities. Troy VIIa (around 1184 BC) shows traces of fire compatible with Homer's account - the Trojan War may have taken place."
The Trojan War and the wooden horse,Other,Tholos,"Circular plan building, used here to designate the underground chamber where Danaë was imprisoned."
Thor and Loki (Norse mythology),Work,Prose Edda (Snorri Sturluson),"13th-century Icelandic treatise on Poetics and Mythology. Although written in a Christian context, it constitutes the most structured source on Norse beliefs, intended to preserve the Art of ancient poetry."
Thor and Loki (Norse mythology),Work,Poetic Edda,"Medieval manuscript containing a collection of mythological and heroic poems in Old Norse, considered a complementary and often older source than the Prose Edda."
Ragnarök: the end of the Norse world,Concept,Yggdrasil,"Norse cosmic ash tree connecting the nine worlds. Its roots delve into the realms of the gods, the Giants, and the dead. The Norns (weavers of fate) live at its base. The cosmic tree is a near-universal mythological archetype."
Ragnarök: the end of the Norse world,Concept,Comparative apocalypticism,"The vision of Ragnarök shares traits with other eschatologies: the Christian Last Judgment, the Hindu Kali Yuga. These apocalyptic visions reflect a universal concern for the end of times and, often, the Renaissance that follows."
Osiris and Set (Egyptian mythology),Concept,Ma'at,"Fundamental principle of Egyptian thought: cosmic order, truth, and justice. The pharaoh was responsible for maintaining Ma'at against chaos. Osiris presides over the judgment of the dead, weighing their hearts against the feather of Ma'at."
Romulus and Remus: the founding of Rome,Concept,Ab Urbe Condita,"Traditional Date of the founding of Rome (753 BC), calculated by Varro in the 1st century BC. The Romans counted years ""since the founding of the city"" (AUC). This Legendary Date corresponded to the monarchy of the seven kings of Rome."
Vishnu and Shiva (Hindu mythology),Concept,Samsara and karma,Samsara: cycle of reincarnations of the soul. Karma: Law of moral causality - every action has consequences for future lives. Vishnu descends to Earth in avatars specifically to restore disrupted cosmic Karma.
The Valkyries and Valhalla,Concept,Norse warrior eschatology,"Norse warriors sought to die with weapons in hand to be chosen by the Valkyries. Dying of illness (""straw death"") did not open the gates of Valhalla—this vision of a warrior paradise structured Viking culture."
The Titans vs the Gods (Titanomachy),Concept,Order and chaos in Greek mythology,"The Titanomachy represents the victory of Olympian order (Zeus, reason, Law) over the primordial chaos of the Titans. This narrative structure—a cosmic struggle between order and chaos—is found in all the great World mythologies."
The Titans vs the Gods (Titanomachy),Concept,Gigantomachy (sequel to the Titanomachy),"After the Titanomachy, the Olympians had to face the Giants (born from the blood of Uranus), who were nearly invincible. This second war of the gods foreshadows the permanent tensions between Olympian order and the primordial forces of chaos."
Dionysus: the god of wine and excess,Concept,Apollonian and Dionysian (Nietzsche),Philosophical opposition between order/reason (Apollo) and chaos/drunkenness (Dionysus) as drivers of artistic creation.
Aeneas and the founding of Rome (Virgil),Event,Troy (War of),"Legendary conflict pitting the Greek states against the Trojans, serving as the chronological starting point for the Aeneid."
Aztec gods and human sacrifices,Concept,Cosmology of the Five Suns and cosmic debt,The gods had sacrificed their blood to create the fifth sun. Humans were in perpetual debt and had to repay it with blood. This logic of cosmic exchange made sacrifices morally necessary in the Aztec vision of the World.
The Mahabharata,Concept,Bhagavad Gita (Concept),"The 18 chapters of dialogue between Krishna and Arjuna constitute a major philosophical text, independent of the rest of the epic. Krishna teaches selfless action (Karma yoga), devotion (bhakti), and knowledge (jnana) as paths to liberation."
The Mahabharata,Concept,Orality and transmission of Indian epics (Concept),"Like Homer, The Mahabharata was originally an oral epic memorized and recited by griots. Its transcription stretched over several centuries. These texts are still recited and sung throughout India, as alive as ever."
"Lancelot, Guinevere and the Round Table",Concept,Medieval courtly love (fin'amor),"Social code glorifying the secret and inaccessible love of a knight for a lady (often married). Lancelot and Guinevere are the perfect example. This adulterous passion, destructive yet sublime, is at the heart of medieval Literature."
"Lancelot, Guinevere and the Round Table",Concept,Quest for the Holy Grail and medieval Christianity,"The Grail was christianized: chalice of the Last Supper or cup that collected the blood of Christ. The quest becomes a spiritual quest for purity. Only Galahad - pure and sinless - can achieve it. Lancelot, tainted by his love for Guinevere, fails."
"Lancelot, Guinevere and the Round Table",Event,Sword trial,"Founding episode where Arthur proves his royal blood by pulling the sword Excalibur (or an anonymous sword according to sources) from a rock or an anvil, proving his divine Legitimacy."
Merlin the Enchanter,Concept,"Archmage in literature, figure of the","Merlin is the prototype of the archmage: Gandalf (Tolkien), Dumbledore (Rowling) are direct descendants. The wise old man with mysterious powers who guides the hero is a quasi-universal narrative archetype."
One Thousand and One Nights (Scheherazade),Concept,European Orientalism,"Fascination and idealization of the East by Europeans, often stereotyped. One Thousand and One Nights, notably in Antoine Galland's translation (1704), fueled this orientalism: harems, Caliphs, genies became the standard image of the Arab World in Europe."
Sinbad the Sailor,Figure,Marco Polo (Western parallel),Marco Polo (1254-1324) made the opposite journey of Sinbad: from Venice to the China of Kublai Khan. His stories seemed as fabulous as those of Sinbad. The Book of Marvels directly influenced Columbus in his plans to travel to Asia.
The Titans vs the Gods: the complete Titanomachy,Concept,Order and chaos in Greek mythology,"The Titanomachy represents the victory of Olympian order (Zeus, reason, Law) over the primordial chaos of the Titans. This narrative structure - cosmic combat between order and chaos - is found in all major world mythologies."
The China–United States rivalry,Concept,Trade war and customs duties,"Starting in 2018, the United States (Trump) imposed massive customs duties on Chinese products, which China responded to in kind. This trade war reflects a technological and geopolitical rivalry deeper than mere exchanges."
Tensions around Taiwan,Concept,American strategic ambiguity,"American Politics which recognizes ""one China"" without recognizing Beijing's sovereignty over Taiwan, and sells weapons without explicitly promising a military defense. This deliberate strategic ambiguity is intended to deter invasion while avoiding provoking Beijing."
"The concept of a ""multipolar"" world",Concept,“Unipolar moment” (Krauthammer),"Krauthammer described (1990) the post-Cold War era as a ""unipolar moment"" with the United States as the sole superpower. He predicted it would last 30 to 40 years - an accurate prediction, as the ""unipolar moment"" ended around 2008-2010."
"The concept of a ""multipolar"" world",Concept,Silk Roads (New),"A vast infrastructure and investment project launched by China in 2013 to link Asia, Europe, and Africa, strengthening its global geopolitical weight."
Oil as a source of conflict,Concept,Resource curse (The),"Economic paradox: countries rich in natural resources (oil, diamonds) often experience slower growth and more frequent conflicts. The oil ""rent"" creates predatory states and discourages economic diversification."
The Suez Canal: why it is strategic,Related event,Ever Given (March 2021),"A 400m container ship that ran aground across the canal for 6 days, blocking 400 ships. It cost the World economy 400 million dollars per hour, perfectly illustrating the strategic importance of the canal in global chains."
NATO: what is its purpose today?,Concept,Article 5 of the North Atlantic Treaty,"Collective defense clause: an attack against one member is an attack against all. Invoked only once in the History of NATO - on September 12, 2001, after September 11. Its exact scope remains deliberately ambiguous."
NATO: what is its purpose today?,Concept,NATO's eastward expansion,"Since 1991, NATO has welcomed 14 new members, including former Soviet republics. Russia considers this enlargement an existential threat - an argument used to justify the invasion of Ukraine in 2022."
Putin's Russia,Concept,KGB and FSB,"The Soviet KGB was dissolved in 1991 and replaced by the FSB (domestic) and the SVR (foreign). Putin, a former KGB officer in Dresden, has extensively promoted former members of the KGB (the ""siloviki"") to key positions in Russian power."
The war in Ukraine explained,Concept,Donbas and separatist republics,"An industrial region in eastern Ukraine where pro-Russian separatists proclaimed ""republics"" with Russian military support in 2014. This ""low intensity"" conflict (14,000 deaths) preceded the full-scale invasion on February 24, 2022."
How do oil prices work?,Concept,Hippocampus,"A seahorse-shaped brain structure in the temporal lobe, essential for forming new conscious memories. Its surgical removal (case H.M.) leads to a total inability to form new memories without erasing old ones."
How do oil prices work?,Concept,Working memory,"A cognitive system that temporarily maintains a small amount of information (7±2 items) available for ongoing processing. Managed by the prefrontal cortex, it is limited in capacity and duration (a few seconds without rehearsal)."
How do oil prices work?,Concept,Neural action potential,"An all-or-nothing electrical signal triggered when the depolarization of a neuron exceeds a threshold. It propagates along the axon at 1 to 100 m/s depending on myelination. It is the ""click"" of information that the neuron sends."
How do oil prices work?,Concept,Neurotransmitters,"Chemical molecules released in the synapse that transmit signals between neurons. The main ones: glutamate (excitatory), GABA (inhibitory), dopamine, serotonin. Psychoactive drugs act on these systems."
Corporate tax evasion by multinationals,Concept,"15% global minimum tax (OECD, 2021)","An agreement signed by 136 countries to impose a 15% minimum rate on multinational profits, regardless of their country of filing. The first major international tax agreement in History, it aims to end the tax ""race to the bottom."""
Global debt,Concept,Keynesian theory,"For Keynes (1936), the state must borrow to spend during recessions. Public debt is an economic management tool, not a moral issue. This Theory justifies recovery plans such as the New Deal or post-COVID stimulus."
"The platform economy [Uber, Airbnb...]",Concept,Network effect,"A platform becomes more valuable as the number of users increases. Facebook, Uber, Amazon: the more users there are, the better the service, which attracts even more users - creating virtually insurmountable natural monopolies."
"The platform economy [Uber, Airbnb...]",Concept,Gig economy and uberization,"An economy of ""piecework"" where individuals offer their services via platforms without permanent contracts. It weakens traditional social protections (retirement, unemployment) while offering flexibility for workers."
"The platform economy [Uber, Airbnb...]",Other,Tholos,"Circular building, used here to designate the underground chamber where Danae was imprisoned."
"The platform economy [Uber, Airbnb...]",Other,Besace,Magic wallet (kibisis) capable of containing Medusa's head without her blood or power affecting the wearer.
Disinformation and fake news,Concept,Russian Internet Research Agency (IRA),"Saint Petersburg troll factory funded by Prigozhin, employing hundreds of people to create fake accounts and manipulate American and European public opinion. Highlighted during the Mueller investigation into the 2016 election."
The circular economy,Concept,Planned obsolescence,"Industrial strategy consisting of designing products intended to be replaced quickly. Apple, Samsung and many electronic manufacturers are accused of this practice - non-replaceable parts, non-removable batteries, updates forcing the purchase of new devices."
Why are bees vital?,Other,Tholos,"A building with a circular plan, here used to designate the underground chamber where Danaë was imprisoned."
Why are bees vital?,Other,Besace,Magic sac (kibisis) capable of containing Medusa's head without her blood or power affecting the wearer.
Rising sea levels,Concept,Arctic sea ice and albedo effect,"Unlike sea ice (the melting of which does not raise water levels), the melting of ice in Greenland and Antarctica raises the oceans directly. Furthermore, dark water replacing white ice absorbs more heat, accelerating warming."
Rising sea levels,Concept,Storm surges and hundred-year floods,"Storms combined with rising sea levels create temporary ""surges"" well above the average level. A 50 cm rise in sea levels can multiply the frequency of floods previously described as ""hundred-year floods"" by 10 - Rare events become common."
AI and employment,Concept,Generative Artificial Intelligence (AI),"Type of artificial intelligence capable of creating new content (text, images, code, sound) from learned examples, rather than simply analyzing existing data."
Mental health as a societal issue,Concept,Burn-out,"Chronic exhaustion syndrome caused by overwork, recognized by the WHO since 2019 as an occupational phenomenon. It is characterized by emotional exhaustion, depersonalization, and a reduced sense of accomplishment."
Mental health as a societal issue,Concept,Smartphones and mental health hypothesis (Haidt),Psychologist Jonathan Haidt argues that the massive adoption of smartphones by adolescents starting in 2012 is the primary cause of the epidemic of depression and anxiety among young people. The scientific debate remains intense.
The EU: how does it really work?,Concept,Unanimity in the Council of the EU,"In many areas (taxation, foreign politics), decisions require the unanimity of the 27 member states. A single state can block – which makes the EU difficult to govern during crises and explains its often-criticized slow decision-making."
Press freedom around the world,Concept,Ethics of photojournalism,Fundamental tension: how far should a photographer get involved? Kevin Carter photographed a vulture waiting for the death of a Sudanese child (1993) and was accused of not helping. He received the Pulitzer then committed suicide three months later.
Press freedom around the world,Concept,Media concentration and editorial independence,"In many democracies, billionaires (Murdoch, Bolloré) have bought up media outlets, raising questions about their independence. In France in 2024, the vast majority of the press is owned by a dozen billionaires."
Blockchain and cryptocurrencies,Figure,Graeae,"Three divine sisters born old, sharing only one eye and one tooth between the three, guardians of the path to the Gorgons."
American soft power,Concept,Cultural hegemony,Concept from theorist Antonio Gramsci: a dominant class maintains its power by making its values accepted as natural and universal. Joseph Nye adapted this idea to international relations with the concept of soft power.
American soft power,Concept,“Brussels Effect”,"European regulatory standards (GDPR, food standards, environmental standards) are adopted globally by multinationals wishing to access the market of 450 million consumers. The EU thus exercises considerable regulatory soft power."
GAFAM: power and abuses,Concept,Network effects and natural monopolies,Digital platforms tend toward natural monopolies: each new user increases the value for all others. Competing with Facebook or Amazon becomes almost impossible because their network advantage is insurmountable for a new competitor.
The energy transition,Concept,Paris Agreement (2015) and climate goals,Treaty signed by 196 countries to limit warming to 1.5°C above pre-industrial levels. Each country sets its own targets (NDCs) - current ambitions lead to approximately 2.5°C of warming according to current projections.
The energy transition,Concept,Green hydrogen,"Hydrogen produced through water electrolysis powered by renewable energies. It allows for energy storage and the decarbonization of sectors that are difficult to electrify (steel, cement, aviation). Currently expensive, it is seen as key for carbon neutrality 2050."