courseId,id,type,question,explanation,options_json,correctIndex,items_json,correctValue,sliderMin,sliderMax,tolerance,unit
course_100_les_fleurs_du_mal_baudelaire,course_100_les_fleurs_du_mal_baudelaire_q1,mcq,Kdo je autorem Les Fleurs du Mal?,"Charles Baudelaire vydal v roce 1857 Les Fleurs du Mal, rodný list moderní poezie.","[""Charles Baudelaire"", ""Paul Verlaine"", ""Stéphane Mallarmé"", ""Arthur Rimbaud""]",0,,,,,,
course_100_les_fleurs_du_mal_baudelaire,course_100_les_fleurs_du_mal_baudelaire_q2,mcq,Proč byly Les Fleurs du Mal v roce 1857 odsouzeny?,"Sbírka byla odsouzena za „urážku veřejné morálky“, což je skandál, který bude oficiálně zrušen až v roce 1949.","[""Za „urážku veřejné morálky“"", ""Za plagiátorství"", ""Za podněcování politického násilí"", ""Za ohrožení bezpečnosti státu""]",0,,,,,,
course_100_les_fleurs_du_mal_baudelaire,course_100_les_fleurs_du_mal_baudelaire_q3,numericSlider,Ve kterém roce bylo oficiálně rehabilitováno šest odsouzených básní z Les Fleurs du Mal?,"Šest básní odsouzených v roce 1857 bylo oficiálně rehabilitováno až v roce 1949, tedy o 92 let později.",,,,1949.0,1920.0,1970.0,5.0,
course_100_les_fleurs_du_mal_baudelaire,course_100_les_fleurs_du_mal_baudelaire_q4,mcq,Co představuje albatros v sekci „Slezina a ideál“?,"Albatros, majestátní v letu, ale směšný, jakmile byl položen na zem, představuje básníka ve světě, který mu nerozumí.","[""Básník, majestátní v letu, ale směšný na zemi"", ""Naprostá svoboda umělce"", ""Nevyhnutelná smrt"", ""Nedosažitelná krása""]",0,,,,,,
course_100_les_fleurs_du_mal_baudelaire,course_100_les_fleurs_du_mal_baudelaire_q5,mcq,Která část sbírky dělá z Paříže psychologickou krajinu?,"„Pařížské obrazy“ proměňují město v psychologickou krajinu. Básník se tam toulá jako kočárek, pozorovatel pařížského života za Haussmanna.","[""\""Pařížské malby\"""", ""“Slezina a ideální”"", ""“Víno”"", ""\""Smrt\""""]",0,,,,,,
course_100_les_fleurs_du_mal_baudelaire,course_100_les_fleurs_du_mal_baudelaire_q6,mcq,"Která báseň popisuje přírodu jako „chrám“ znaků spojujících vůně, barvy a zvuky?","„Korespondence“ popisuje přírodu jako chrám znamení. Smysly se tam mísí: parfémy, barvy a zvuky na sebe reagují.","[""\""korespondence\"""", ""\""Albatros\"""", ""\""Slezina\"""", ""\""Sbírka\""""]",0,,,,,,
course_100_les_fleurs_du_mal_baudelaire,course_100_les_fleurs_du_mal_baudelaire_q7,trueFalse,"Pravda nebo lež: Baudelaire zcela odmítá klasické poetické formy, jako je sonet.","Baudelaire naopak spojuje klasickou formu, jako je sonet a alexandrin, s radikálně novou poetickou vizí.","[""Pravda"", ""Nepravda""]",1,,,,,,
course_100_les_fleurs_du_mal_baudelaire,course_100_les_fleurs_du_mal_baudelaire_q8,mcq,"Jaký básnický pohyb našla poetika Baudelairovy korespondence, kterou následně nesli Verlaine a Mallarmé?","Tato poetika korespondence založila symbolismus, který následně nesli Verlaine a Mallarmé.","[""Symbolika"", ""Romantismus"", ""Naturalismus"", ""Klasicismus""]",0,,,,,,
course_100_les_fleurs_du_mal_baudelaire,course_100_les_fleurs_du_mal_baudelaire_q9,mcq,"Kterého amerického spisovatele, popisovaného jako „bratr duše“, přeložil Baudelaire?","Baudelaire přeložil Edgara Poea, kterého považoval za „bratra duše“, který sdílel jeho chuť na hrůzu.","[""Edgar Allan Poe"", ""Herman Melville"", ""Nathaniel Hawthorne"", ""Walt Whitman""]",0,,,,,,
course_100_les_fleurs_du_mal_baudelaire,course_100_les_fleurs_du_mal_baudelaire_q10,mcq,Jak Baudelaire shrnuje svou poetickou alchymii získávání krásy z bahna?,Baudelaire shrnuje svůj projekt tímto vzorcem: „Dal jsi mi své bahno a já jsem z něj udělal zlato“.,"[""\""Dal jsi mi své bahno a já z něj udělal zlato\"""", ""“Krása je věčná”"", ""„Zlo plodí zlo“"", ""„Umění pro umění“""]",0,,,,,,
course_101_1984_george_orwell,course_101_1984_george_orwell_q1,mcq,Jaké je skutečné jméno George Orwella?,George Orwell je pseudonym Erica Arthura Blaira.,"[""Eric Arthur Blair"", ""George Bernard Shaw"", ""Aldous Huxley"", ""Herbert George Wells""]",0,,,,,,
course_101_1984_george_orwell,course_101_1984_george_orwell_q2,mcq,Jaký konflikt bojoval Orwell před napsáním roku 1984?,"Orwell bojoval v letech 1936-1937 v milicích POUM během španělské občanské války, kde byl zraněn.","[""Španělská občanská válka"", ""První světová válka"", ""Búrská válka"", ""Alžírská válka""]",0,,,,,,
course_101_1984_george_orwell,course_101_1984_george_orwell_q3,mcq,"Co Orwella během této zkušenosti nejvíce zasáhlo, kromě násilí?","To, co Orwella nejvíce zasáhne, je vidět, jak noviny přepisují minulost a vymazávají bojovníky, což je posedlost státními lžemi, která pohání román.","[""Falšování faktů a minulosti prostřednictvím propagandy"", ""Nedostatek jídla"", ""Zrada jeho kamarádů"", ""Cenzura zahraničního tisku""]",0,,,,,,
course_101_1984_george_orwell,course_101_1984_george_orwell_q4,mcq,Jaký skutečný totalitní režim inspiruje systém Oceánie?,Systém Oceánie je jako vzor inspirován zejména sovětskou totalitou.,"[""sovětská totalita"", ""italský fašismus"", ""Vichystický režim"", ""Britské impérium""]",0,,,,,,
course_101_1984_george_orwell,course_101_1984_george_orwell_q5,mcq,"Jak se jmenuje jediná strana, která řídí Oceánii?","Oceánii řídí Ingsoc, která je založena na čtyřech paradoxních ministerstvech: Mír, Hojnost, Láska a Pravda.","[""Ingsoc"", ""Lidová strana"", ""Rudá liga"", ""Centrální blok""]",0,,,,,,
course_101_1984_george_orwell,course_101_1984_george_orwell_q6,mcq,Co dělá Winston Smith pro práci na Ministerstvu pravdy?,"Winston Smith pracuje na Ministerstvu pravdy, kde vymazává minulost, aby zapadla do přítomnosti definované Stranou.","[""Vymazává a přepisuje minulost, aby odpovídala přítomnosti Strany"", ""Sleduje občany přes televizní obrazovky"", ""Píše projevy Velkého bratra"", ""Trénuje nové členy strany""]",0,,,,,,
course_101_1984_george_orwell,course_101_1984_george_orwell_q7,mcq,"Co říkáte schopnosti přijmout dvě protichůdné pravdy najednou, v roce 1984?","Doublethink odkazuje na schopnost přijmout dvě protichůdné pravdy najednou, což je pilíř kontroly mysli Strany.","[""Doublethink"", ""Newspeak"", ""Televizní obrazovka"", ""Ingsoc""]",0,,,,,,
course_101_1984_george_orwell,course_101_1984_george_orwell_q8,mcq,Proč strana redukuje slovní zásobu prostřednictvím Newspeaku?,"Newspeak redukuje dostupnou slovní zásobu, aby bylo nemožné formulovat samotné kritické myšlení.","[""Znemožnit kritické myšlení"", ""Pro zjednodušení administrace"", ""Usnadnit mezinárodní obchod"", ""Ke sjednocení regionálních dialektů""]",0,,,,,,
course_101_1984_george_orwell,course_101_1984_george_orwell_q9,chronological,Dejte tyto etapy Orwellova života a díla do pořádku.,"Tyto čtyři etapy označují Orwellovu kariéru: španělská občanská válka (1936-1937), Farma zvířat (1945), 1984 (1949), poté jeho smrt v roce 1950.",,,"[""Orwell bojoval v milicích POUM během španělské občanské války"", ""Vydává Farma zvířat"", ""Vydal 1984"", ""Zemřel ve Skotsku krátce po vydání svého románu.""]",,,,,
course_101_1984_george_orwell,course_101_1984_george_orwell_q10,trueFalse,Pravda nebo lež: na konci románu Winston Smith skončí milováním Velkého bratra.,"Totalita vítězí na psychologické úrovni: Winston nejen poslouchá, ale začíná i milovat Velkého bratra.","[""Pravda"", ""Nepravda""]",0,,,,,,
course_102_la_ferme_des_animaux_george_orwell,course_102_la_ferme_des_animaux_george_orwell_q1,mcq,Jakou historickou událost zobrazuje Farma zvířat ve formě alegorie?,Orwell převádí hlavní fáze ruské revoluce a stalinistické zrady do zvířecí bajky.,"[""Ruská revoluce"", ""Francouzská revoluce"", ""Španělská občanská válka"", ""Anglická průmyslová revoluce""]",0,,,,,,
course_102_la_ferme_des_animaux_george_orwell,course_102_la_ferme_des_animaux_george_orwell_q2,mcq,Jaké zvíře představuje Stalin v Orwellově alegorii?,"Napoleon, prase, které převezme moc silou poté, co pronásleduje Snowball, modeluje postavu Stalina.","[""Napoleon"", ""Starý major"", ""Sněhová koule"", ""Malabar""]",0,,,,,,
course_102_la_ferme_des_animaux_george_orwell,course_102_la_ferme_des_animaux_george_orwell_q3,trueFalse,"Pravda nebo nepravda: Vydavatel T.S. Eliot odmítl vydat Orwellův rukopis v obavě, že by chytrá prasata urazila státníky.","T.S. Eliot, tehdejší redaktor, z tohoto důvodu rukopis ve skutečnosti odmítl.","[""Pravda"", ""Nepravda""]",0,,,,,,
course_102_la_ferme_des_animaux_george_orwell,course_102_la_ferme_des_animaux_george_orwell_q4,mcq,Co v alegorii představují Napoleonovi psi?,"Psi vycvičení Napoleonem, aby honili Snowball a terorizovali farmu, představují sovětskou tajnou policii.","[""Tajná policie"", ""Carova pravidelná armáda"", ""Revoltující rolníci"", ""Oficiální novináři""]",0,,,,,,
course_102_la_ferme_des_animaux_george_orwell,course_102_la_ferme_des_animaux_george_orwell_q5,mcq,Které zvíře ztělesňuje proletariát vykořisťovaný až do vyčerpání?,"Malabar, oddaný a neúnavný dříč, symbolizuje proletariát, který pracuje, aniž by kdy zpochybňoval autoritu.","[""Malabar, těžce pracující kůň"", ""Brille-Babil, propagandista"", ""Starý major"", ""Sněhová koule""]",0,,,,,,
course_102_la_ferme_des_animaux_george_orwell,course_102_la_ferme_des_animaux_george_orwell_q6,chronological,Dejte si do pořádku tyto kroky z Farmy zvířat.,Tato sekvence ukazuje postupný posun od rovnostářské revoluce k diktatuře prasat.,,,"[""Zvířata pronásledují farmáře Jonese"", ""Napoleon honí Snowball se svými psy"", ""Prasata tajně mění sedm přikázání"", ""Prasata začnou chodit po dvou nohách""]",,,,,
course_102_la_ferme_des_animaux_george_orwell,course_102_la_ferme_des_animaux_george_orwell_q7,mcq,Jaký závěrečný vzorec shrnuje na konci románu zradu rovnostářského ideálu?,"Tento paradoxní vzorec, vepsaný do zdi stodoly, prozrazuje, že hlásaná rovnost byla zbavena svého významu.","[""\""Všechna zvířata jsou si rovna, ale některá zvířata jsou si rovnější.\"""", ""\""Prasata musí sloužit jiným zvířatům\"""", ""“Napoleon má vždy pravdu”"", ""\""Mlýn bude naše spása\""""]",0,,,,,,
course_102_la_ferme_des_animaux_george_orwell,course_102_la_ferme_des_animaux_george_orwell_q8,trueFalse,Pravda nebo lež: na konci románu už ostatní zvířata nejsou schopna rozeznat prasata od lidí.,"Prasata chodí po dvou nohách, oblékají se a hodují s farmáři, čímž se hranice mezi nimi zcela stírá.","[""Pravda"", ""Nepravda""]",0,,,,,,
course_102_la_ferme_des_animaux_george_orwell,course_102_la_ferme_des_animaux_george_orwell_q9,numericSlider,"Kolik slov má Farma zvířat přibližně, záměrně velmi krátký text?","Orwell předává svou alegorii sotva 30 000 slovy, což posiluje účinnost bajky.",,,,30000.0,15000.0,50000.0,5000.0,slova
course_103_hamlet_shakespeare,course_103_hamlet_shakespeare_q1,mcq,"Kdo zavraždí dánského krále, Hamletova otce?","Claudius zabije svého bratra, krále, poté se ožení s královnou Gertrudou a převezme trůn.","[""Claudius"", ""Polonius"", ""Laertes"", ""Fortinbras""]",0,,,,,,
course_103_hamlet_shakespeare,course_103_hamlet_shakespeare_q2,mcq,Kdo řekne Hamletovi o vraždě jeho otce?,"Hamletovi se zjeví duch zesnulého krále, aby odhalil Claudiusův zločin.","[""Duch jeho otce"", ""Jeho matka Gertruda"", ""Ofélie"", ""Horatio""]",0,,,,,,
course_103_hamlet_shakespeare,course_103_hamlet_shakespeare_q3,mcq,"Jakou strategii Hamlet přijal, aby vyšetřoval zločin, aniž by se odhalil?","Hamlet předstírá šílenství, když sleduje dvůr, aniž by vzbudil podezření, což je strategie, která nakonec selže.","[""Simuluje šílenství"", ""Odchází do exilu ve Wittenbergu"", ""Veřejně obviňuje Claudia"", ""Připojuje se k divadelní skupině""]",0,,,,,,
course_103_hamlet_shakespeare,course_103_hamlet_shakespeare_q4,trueFalse,Pravda nebo lež: za vlády Alžběty I. ženské role jako Ofélie hrály na jevišti ženy.,"Ženám byl zakázán vstup na jeviště: ženské role hráli muži, často teenageři.","[""Pravda"", ""Nepravda""]",1,,,,,,
course_103_hamlet_shakespeare,course_103_hamlet_shakespeare_q5,mcq,"Co Hamlet uzákoní, aby chytil Claudia a potvrdil jeho vinu?","Hamlet hraje hru, v níž ztvárňuje vraždu svého otce, aby sledoval Claudiusovu reakci.","[""Místnost v místnosti, „past na myši“"", ""Veřejný souboj"", ""Proces u soudu"", ""Anonymní dopis""]",0,,,,,,
course_103_hamlet_shakespeare,course_103_hamlet_shakespeare_q6,mcq,Koho Hamlet omylem zabije a urychlí tak tragickou spirálu?,"Hamlet zabije Polonia, králova rádce, v domnění, že trefí špióna skrytého za závěsem.","[""Polonius"", ""Laertes"", ""Claudius"", ""Horatio""]",0,,,,,,
course_103_hamlet_shakespeare,course_103_hamlet_shakespeare_q7,mcq,Čím si podle tehdejší medicíny vysvětluje Hamletovu melancholii?,"Alžbětinská medicína přisuzovala melancholii přebytku černé žluči, takže subjekt byl jasný, ale paralyzovaný.","[""Přebytek černé žluči"", ""Démonické posednutí"", ""Horká krevní nerovnováha"", ""Rodinná kletba""]",0,,,,,,
course_103_hamlet_shakespeare,course_103_hamlet_shakespeare_q8,mcq,Jakou četbu Hamleta navrhuje Freud několik století po Shakespearovi?,Freud interpretuje Hamletovo váhání prostřednictvím Oidipova komplexu a popularizuje psychoanalytické čtení hry.,"[""Vidí to jako výraz oidipovského komplexu"", ""Vidí to jako kritiku nastupujícího kapitalismu"", ""Chápe to jako náboženskou alegorii"", ""Vnímá to jako prosbu za monarchii""]",0,,,,,,
course_103_hamlet_shakespeare,course_103_hamlet_shakespeare_q9,trueFalse,Pravda nebo lež: monolog „Být či nebýt“ zůstal nejslavnější existenciální otázkou západního divadla.,"Tento monolog se stal symbolem existenciálního tázání v divadle, proti akci a utrpení.","[""Pravda"", ""Nepravda""]",0,,,,,,
course_104_romeo_et_juliette_shakespeare,course_104_romeo_et_juliette_shakespeare_q1,mcq,O jaký zdroj se Shakespeare hlavně opíral při psaní Romea a Julie?,"Shakespeare čerpá inspiraci od italského vypravěče Mattea Bandella, ale děj stlačuje do pěti dnů, aby tragédii ještě umocnil.","[""Povídka Mattea Bandella"", ""Starověký řecký mýtus"", ""Hra od Christophera Marlowa"", ""Současná londýnská novinka""]",0,,,,,,
course_104_romeo_et_juliette_shakespeare,course_104_romeo_et_juliette_shakespeare_q2,numericSlider,Za kolik dní Shakespeare zhušťuje veškerou akci hry?,"Shakespeare během pěti dnů dotahuje děj, takže závěrečná katastrofa je o to nevyhnutelnější.",,,,5.0,1.0,14.0,1.0,dny
course_104_romeo_et_juliette_shakespeare,course_104_romeo_et_juliette_shakespeare_q3,mcq,Jaká událost posouvá vyznění hry od komedie k tragédii?,"Smrt Merkucia, zabitého Tybaltem, odstraňuje neopatrnost a definitivně posouvá hru do tragédie.","[""Smrt Merkucia"", ""Maskovaný ples Kapuletů"", ""Tajné manželství milenců"", ""Romeovo vyhnání""]",0,,,,,,
course_104_romeo_et_juliette_shakespeare,course_104_romeo_et_juliette_shakespeare_q4,mcq,"Kdo slaví tajný sňatek Romea a Julie v naději, že usmíří obě rodiny?","Bratr Laurent se tajně ožení s milenci v naději, že jejich spojení uklidní nenávist mezi klany.","[""Bratr Laurent"", ""Princ z Verony"", ""Mercutio"", ""Juliettina sestra""]",0,,,,,,
course_104_romeo_et_juliette_shakespeare,course_104_romeo_et_juliette_shakespeare_q5,mcq,"Co brání tomu, aby zpráva bratra Lawrence dorazila k Romeovi včas?","Epidemie moru zdrží posla zodpovědného za varování Romea, což urychlí poslední dvojitou sebevraždu.","[""Morová epidemie, která zdržuje posla"", ""Bouře na moři"", ""Zatčení posla princem"", ""Chyba adresy""]",0,,,,,,
course_104_romeo_et_juliette_shakespeare,course_104_romeo_et_juliette_shakespeare_q6,trueFalse,"Pravda nebo lež: v Bandellovi, Shakespearově italském zdroji, se Julie na rozdíl od hry probudí dříve, než Romeo zemře.","Shakespeare vymaže toto rozloučení přítomné v Bandellovi, aby byl konec hry krutější.","[""Pravda"", ""Nepravda""]",0,,,,,,
course_104_romeo_et_juliette_shakespeare,course_104_romeo_et_juliette_shakespeare_q7,mcq,Kdo zabije Tybalta a způsobí vyhnání Romea z Verony?,"Romeo zabije Tybalta, aby pomstil Mercutia, což má za následek jeho vyhoštění z města.","[""Romeo sám"", ""Mercutio"", ""Hrabě Paris"", ""Princ z Verony""]",0,,,,,,
course_104_romeo_et_juliette_shakespeare,course_104_romeo_et_juliette_shakespeare_q8,mcq,Které dílo 20. století přenáší konflikt klanů z Verony do ulic New Yorku?,West Side Story nahrazuje Montagues a Capulets gangy Sharks a Jets.,"[""West Side Story"", ""Tuk"", ""Kmotr"", ""Fury of Living""]",0,,,,,,
course_104_romeo_et_juliette_shakespeare,course_104_romeo_et_juliette_shakespeare_q9,trueFalse,Pravda nebo lež: Dante mluvil o rodech Montecchi a Cappelletti již dvě století před Shakespearem.,"Dante se o těchto dvou veronských rodinách zmiňuje ve svém díle, dávno předtím, než z nich Shakespeare udělal univerzální tragédii.","[""Pravda"", ""Nepravda""]",0,,,,,,
course_105_le_meilleur_des_mondes_aldous_huxley,course_105_le_meilleur_des_mondes_aldous_huxley_q1,mcq,"Jak se nadvláda, kterou si Huxley představoval, liší od té Orwellovy v roce 1984?","Tam, kde Orwell popisuje policejní teror, si Huxley představuje dobrovolné podřízení získané prostřednictvím potěšení a pohodlí.","[""Je založeno spíše na potěšení a pohodlí než na teroru"", ""Je založen na organizovaném hladomoru"", ""Je založen na permanentní válce"", ""Spoléhá na neustálý policejní dohled""]",0,,,,,,
course_105_le_meilleur_des_mondes_aldous_huxley,course_105_le_meilleur_des_mondes_aldous_huxley_q2,mcq,Jaký průmyslový model inspiroval Huxley k uspořádání své budoucí společnosti?,Huxley přenáší logiku montážních linek a průmyslové standardizace do samotné lidské reprodukce.,"[""Fordismus a taylorismus"", ""Britský kolonialismus"", ""pruský militarismus"", ""Tradiční řemesla""]",0,,,,,,
course_105_le_meilleur_des_mondes_aldous_huxley,course_105_le_meilleur_des_mondes_aldous_huxley_q3,trueFalse,Pravda nebo lež: původní název Brave New World ironicky cituje Shakespearovu hru.,"Název cituje Shakespearovu Bouři, jejíž naivní údiv zde maskuje odlidštěnou budoucnost.","[""Pravda"", ""Nepravda""]",0,,,,,,
course_105_le_meilleur_des_mondes_aldous_huxley,course_105_le_meilleur_des_mondes_aldous_huxley_q4,mcq,"Jak jsou v románu určeny společenské kasty, od Alfy po Epsilony?","Bokanovského proces umožňuje, aby každá kasta byla vyrobena a upravena již od početí tak, aby se jí líbil její stav.","[""Od designu, díky Bokanovského procesu"", ""Zkouškou složenou v dospělosti"", ""Podle rodinné dědičnosti"", ""Remízou při narození""]",0,,,,,,
course_105_le_meilleur_des_mondes_aldous_huxley,course_105_le_meilleur_des_mondes_aldous_huxley_q5,mcq,Jakou roli hraje soma v této společnosti?,"Soma je lék bez vedlejších účinků, který okamžitě rozpouští jakoukoli frustraci nebo bolest.","[""Je to uklidňující droga, která odstraňuje veškerou frustraci"", ""Je to palivo vyhrazené pro průmysl"", ""Je to povinná vakcína pro všechny"", ""Je to základní potravina na příděl""]",0,,,,,,
course_105_le_meilleur_des_mondes_aldous_huxley,course_105_le_meilleur_des_mondes_aldous_huxley_q6,mcq,Kdo je Savage John?,"John, narozený mimo systém na Rezervě, ztělesňuje humanistu schopného bolesti a extáze, vycvičeného četbou Shakespeara.","[""Muž narozený přirozeně v rezervaci, který četl Shakespeara"", ""Globální systémový ovladač"", ""Rebel Alfa vyrostlý v hlavním městě"", ""Vědec, který vytvořil soma""]",0,,,,,,
course_105_le_meilleur_des_mondes_aldous_huxley,course_105_le_meilleur_des_mondes_aldous_huxley_q7,mcq,"Co John tvrdí proti Mustaphovi Mondovi, světovému vládci?","John odmítá umělé pohodlí a nárokuje si právo trpět, tvořit a skutečně milovat.","[""Právo být nešťastný"", ""Právo vlastnit více soma"", ""Právo vládnout světu"", ""Právo žít v hlavním městě""]",0,,,,,,
course_105_le_meilleur_des_mondes_aldous_huxley,course_105_le_meilleur_des_mondes_aldous_huxley_q8,trueFalse,"Pravda nebo lež: na konci románu John souhlasí, že bude žít v pohodlí v Brave New World.",John odmítá somu a umělý ráj navržený Mondem: zabije se bez možného usmíření.,"[""Pravda"", ""Nepravda""]",1,,,,,,
course_105_le_meilleur_des_mondes_aldous_huxley,course_105_le_meilleur_des_mondes_aldous_huxley_q9,numericSlider,Ve kterém roce vydal Aldous Huxley Brave New World?,"Huxley vydal tento román v roce 1932 poté, co jej napsal předchozí rok.",,,,1932.0,1900.0,1960.0,3.0,
course_106_frankenstein_mary_shelley,course_106_frankenstein_mary_shelley_q1,mcq,Jaká klimatická událost přiměla Mary Shelley a její přátele zůstat zavření ve Villa Diodati v roce 1816?,Erupce Tambory v roce 1816 uvrhla Evropu do roku bez léta a přinutila skupinu zůstat uvězněna na břehu Ženevského jezera.,"[""Erupce sopky Tambora, která způsobila rok bez léta"", ""Epidemie cholery v Evropě"", ""Napoleonská válka"", ""Krutá, ale obvyklá zima""]",0,,,,,,
course_106_frankenstein_mary_shelley,course_106_frankenstein_mary_shelley_q2,mcq,Kdo pořádá soutěž Frankenstein Scary Story Contest?,"Byl to lord Byron, kdo navrhl tuto soutěž, aby zmírnil nudu během špatného počasí roku 1816.","[""Lord Byron"", ""Percy Shelley"", ""John Polidori"", ""Mary Shelley sama""]",0,,,,,,
course_106_frankenstein_mary_shelley,course_106_frankenstein_mary_shelley_q3,numericSlider,"Kolik let bylo Mary Shelley, když napsala Frankensteina?","Mary Shelleyové bylo pouhých 18 let, když tento román napsala, na křižovatce temného romantismu a vědeckých debat své doby.",,,,18.0,10.0,30.0,2.0,let
course_106_frankenstein_mary_shelley,course_106_frankenstein_mary_shelley_q4,mcq,Z jaké vědecké oblasti čerpá Mary Shelley inspiraci pro probuzení stvoření?,"Galvanismus, který jakoby oživoval mrtvou hmotu elektřinou, přímo inspiruje scénu stvoření tvora.","[""Galvanismus, tyto elektrické experimenty na mrtvé hmotě"", ""Vznikající průmyslová chemie"", ""Newtonovská astronomie"", ""Tropická medicína""]",0,,,,,,
course_106_frankenstein_mary_shelley,course_106_frankenstein_mary_shelley_q5,mcq,Proč Victor Frankenstein hledá tajemství života v Ingolstadtu?,"Victor je poháněn ambicí zpochybnit přirozený řád a stát se tvůrcem, „moderním Prometheem“.","[""Stát se moderním Prométheem, ne zbohatnout"", ""Vyléčit rodinnou nemoc"", ""Chcete-li získat finanční uznání"", ""Pomstít smrt svého otce""]",0,,,,,,
course_106_frankenstein_mary_shelley,course_106_frankenstein_mary_shelley_q6,mcq,Jak se stvoření učí lidskou řeč a pocity?,"Tvor se učí sám, tajně, pozorováním rolnické rodiny a čtením Ztraceného ráje.","[""Pozorováním rolnické rodiny a čtením Miltonova Ztraceného ráje"", ""Absolvováním kurzů na univerzitě v Ingolstadtu"", ""Čtení Victorových deníků"", ""Poslouchání cestujících kněží""]",0,,,,,,
course_106_frankenstein_mary_shelley,course_106_frankenstein_mary_shelley_q7,mcq,"Co stvoření žádá od Victora, který to odmítá?","Tvor žádá společníka, aby už nebyl sám; Victorovo odmítnutí spustí jeho destruktivní pomstu.","[""Společník jejího stavu"", ""Peníze na cestování"", ""Jméno, které má existovat společensky"", ""Veřejná milost za jeho zločiny""]",0,,,,,,
course_106_frankenstein_mary_shelley,course_106_frankenstein_mary_shelley_q8,trueFalse,"Pravda nebo nepravda: V románu jméno „Frankenstein“ odkazuje na stvořitele, zatímco tvor sám nemá jméno.","Tvor nikdy nemá vlastní jméno, což je známka Victorova popření otcovství: nazývat monstrum „Frankenstein“ je proto mylná interpretace.","[""Pravda"", ""Nepravda""]",0,,,,,,
course_106_frankenstein_mary_shelley,course_106_frankenstein_mary_shelley_q9,mcq,"Kde román končí, mezi Victorovou smrtí a zmizením tvora?","Román končí v ledu Arktidy, kde Victor umírá a tvor mizí v mlhách.","[""V Arktidě"", ""V Ženevě"", ""V Ingolstadtu"", ""Na otevřeném Středozemním moři""]",0,,,,,,
course_107_crime_et_chatiment_dostoievski,course_107_crime_et_chatiment_dostoievski_q1,mcq,"Co dělá Raskolnikov, aby otestoval svou teorii „supermana“?","Raskolnikov zavraždí starého lichváře, aby si ověřil, zda patří k „mimořádným“ bytostem oprávněným překračovat mravní zákon.","[""Zabije lichváře, kterého považuje za neužitečného pro společnost"", ""Vyloupí petrohradskou banku"", ""Nahlásí na policii nevinného muže"", ""Vyzve šlechtice na souboj""]",0,,,,,,
course_107_crime_et_chatiment_dostoievski,course_107_crime_et_chatiment_dostoievski_q2,mcq,"Koho Raskolnikov také zabije, aniž by to plánoval?","Raskolnikov také zabije Lizavetu, která dorazila překvapeně, což ještě zhorší jeho zločin nepromyšlené vraždy.","[""Lizaveta, nevinná sestra žraloka"", ""Soňa Marmeladová"", ""Jeho vlastní matka"", ""Soudce Porfiry Petrovič""]",0,,,,,,
course_107_crime_et_chatiment_dostoievski,course_107_crime_et_chatiment_dostoievski_q3,mcq,Kdo má podle Raskolnikovovy teorie právo porušovat mravní zákon?,"Raskolnikov rozděluje lidstvo na „obyčejné“ a „mimořádné“, z nichž ti poslední mohou překročit zákon za vyšším účelem.","[""„Mimořádní“ jedinci, jako Napoleon"", ""Urození šlechtici"", ""Kněží a řeholníci"", ""Bohatí obchodníci""]",0,,,,,,
course_107_crime_et_chatiment_dostoievski,course_107_crime_et_chatiment_dostoievski_q4,trueFalse,Pravda nebo lež: po vraždě Raskolnikov plně využil peněz ukradených lichvaři.,"Raskolnikov z ukradených peněz nemá prospěch: zjišťuje, že jeho svědomí nesnese prolitou krev.","[""Pravda"", ""Nepravda""]",1,,,,,,
course_107_crime_et_chatiment_dostoievski,course_107_crime_et_chatiment_dostoievski_q5,mcq,"Jaká osobní zkušenost změnila Dostojevského pohled na svět předtím, než napsal tento román?","Člen Petračevského kruhu Dostojevskij podstoupí falešnou popravu a poté se dostane do trestanecké kolonie Omsk, což je zkušenost, která změní jeho vidění světa.","[""Falešná střelba následovaná vězením na Sibiři"", ""Dlouhá studijní cesta do západní Evropy"", ""Nepovedené domluvené manželství"", ""Souboj, který těsně prohrává""]",0,,,,,,
course_107_crime_et_chatiment_dostoievski,course_107_crime_et_chatiment_dostoievski_q6,mcq,Kdo je Sonia Marmeladová v románu?,"Sonia, která se obětovala z lásky ke své rodině, otevírá Raskolnikovovi cestu k vykoupení spíše zpovědí než pýchou.","[""Mladá žena obětovaná, aby uživila svou rodinu, což tlačí Raskolnikova k přiznání"", ""Vyšetřující soudce odpovědný za vyšetřování"", ""Raskolnikovova sestra"", ""Kamarád z dětství lichváře""]",0,,,,,,
course_107_crime_et_chatiment_dostoievski,course_107_crime_et_chatiment_dostoievski_q7,mcq,"Jak se soudce Porfiri Petrovič chová k Raskolnikovovi, kterého silně podezírá?","Porfiri Petrovič, mistr forenzní psychologie, nechá Raskolnikova, aby se krůček po krůčku zradil skrze své vlastní svědomí.","[""Uhádne svou vinu, ale nechá ho obvinit se"", ""Bez důkazů ho okamžitě zatkne"", ""Nechá ho mučit, aby získal přiznání"", ""Až do soudu to zcela ignoruje""]",0,,,,,,
course_107_crime_et_chatiment_dostoievski,course_107_crime_et_chatiment_dostoievski_q8,trueFalse,"Pravda nebo lež: Raskolnikov zjišťuje, že snadno unese váhu prolité krve, což potvrzuje jeho teorii o supermanovi.","Naopak Raskolnikov zjišťuje, že jeho svědomí zločin nesnese: není tím nadčlověkem, za kterého si myslel, že je.","[""Pravda"", ""Nepravda""]",1,,,,,,
course_107_crime_et_chatiment_dostoievski,course_107_crime_et_chatiment_dostoievski_q9,mcq,Proti kterému intelektuálnímu hnutí bojuje Dostojevskij prostřednictvím tohoto románu konkrétně?,"Dostojevskij po návratu z exilu bojuje s nihilismem, který zmítá ruskou mládež v 60. letech 19. století, a ukazuje, jak myšlenka odříznutá od života vede ke zločinu.","[""Ruský nihilismus 60. let 19. století"", ""Německý romantismus"", ""Tradicionalistický katolicismus"", ""Anglický ekonomický liberalismus""]",0,,,,,,
course_108_le_proces_kafka,course_108_le_proces_kafka_q1,mcq,Co se stane s Josefem K. na samém začátku románu?,"Josef K. je jednoho rána bez jakéhokoli vysvětlení zatčen a zahajuje proces, jehož pravidla nikdy pořádně nepochopí.","[""Jednoho rána je zatčen, aniž by mu bylo vysvětleno proč"", ""Je předvolán k běžnému civilnímu procesu"", ""Náhle přijde o práci bankéře"", ""Je veřejně obviňován svými sousedy""]",0,,,,,,
course_108_le_proces_kafka,course_108_le_proces_kafka_q2,mcq,Jaký dvojí život vedl sám Kafka vedle své práce?,"Kafka přes den pracoval pro pojišťovnu v Praze, psal jen v noci.","[""Ve dne úředník pojišťovny, v noci spisovatel"", ""Ve dne právník, v noci malíř"", ""Ve dne učitel, v noci hudebník"", ""Ve dne lékař, v noci novinář""]",0,,,,,,
course_108_le_proces_kafka,course_108_le_proces_kafka_q3,trueFalse,"Pravda nebo lež: Kafka požádal svého přítele Maxe Broda, aby po jeho smrti spálil jeho rukopisy.","Kafka požádal Maxe Broda, aby zničil jeho rukopisy; Brod odmítl a v roce 1925 vydal Proces.","[""Pravda"", ""Nepravda""]",0,,,,,,
course_108_le_proces_kafka,course_108_le_proces_kafka_q4,numericSlider,Ve kterém roce vyšel posmrtně Proces od Maxe Broda?,"Proces vyšel v roce 1925, rok po Kafkově smrti, díky Maxi Brodovi, který uhodl pořadí kapitol.",,,,1925.0,1900.0,1950.0,3.0,
course_108_le_proces_kafka,course_108_le_proces_kafka_q5,mcq,Kde se v románu odehrávají soudní jednání?,"Soud sídlí na půdách obyčejných budov, což je znak spravedlnosti, která je všudypřítomná a nepolapitelná.","[""Na půdách oblíbených budov"", ""V impozantní soudní budově"", ""Ve státní věznici"", ""V izolovaném klášteře""]",0,,,,,,
course_108_le_proces_kafka,course_108_le_proces_kafka_q6,mcq,Co říká kněz Josefu K. v katedrále?,"Toto podobenství ze Zákona ilustruje marné očekávání a nemožnost dosáhnout spravedlnosti, která zůstává mimo dosah.","[""Podobenství o muži, který celý život čeká před zavřenými dveřmi"", ""Příběh jeho vlastní náboženské konverze"", ""Příběh procesu s dalším osvobozeným obviněným"", ""Proroctví o výsledku jeho vlastního soudu""]",0,,,,,,
course_108_le_proces_kafka,course_108_le_proces_kafka_q7,trueFalse,"Pravda nebo lež: ve svém profesním životě byl Kafka průměrným zaměstnancem, nadřízeným ho často kárali.","Je ironií, že Kafka byl vzorným zaměstnancem, který inicioval bezpečnostní opatření, jako jsou helmy pro dělníky.","[""Pravda"", ""Nepravda""]",1,,,,,,
course_108_le_proces_kafka,course_108_le_proces_kafka_q8,mcq,Které filozofické hnutí uznává Kafku jako hlavního předchůdce?,Sartre a Camus vidí v absurditě Procesu předobraz existencialismu 20. století.,"[""Existencialismus Sartra a Camuse"", ""Ortodoxní marxismus"", ""Německý romantismus"", ""Vědecký pozitivismus""]",0,,,,,,
course_108_le_proces_kafka,course_108_le_proces_kafka_q9,mcq,Jak končí život Josefa K. na konci románu?,"Josef K. je popraven, aniž by rozuměl jeho obvinění, jen zamumlal „Jako pes!“ "".","[""Provádí se za šeptání \""Jako pes!\"" »"", ""Soud ho nakonec zprostil viny"", ""Uteče a utíká do zahraničí"", ""Sám se stává soudcem soudu""]",0,,,,,,
course_109_don_quichotte_cervantes,course_109_don_quichotte_cervantes_q1,mcq,"Co si Don Quijote myslí, že vidí, když útočí na větrné mlýny?","Don Quijote, unešený četbou rytířských románů, bere obrům k boji větrné mlýny.","[""Obři"", ""draci"", ""Nepřátelská armáda"", ""Zlí čarodějové""]",0,,,,,,
course_109_don_quichotte_cervantes,course_109_don_quichotte_cervantes_q2,mcq,"Jaká osobní zkušenost poznamenala Cervantesův život předtím, než napsal Dona Quijota?","Cervantes byl zraněn v Lepantu v roce 1571, poté zajat a držen v zajetí po dobu pěti let v Alžíru, než zažil relativní chudobu ve Španělsku.","[""Byl zraněn v bitvě u Lepanta a poté byl pět let zajat v Alžíru."", ""Než přešel na psaní, stal se knězem"", ""Vede putovní divadelní soubor"", ""Zdědí majetek, který prohraje v hazardu""]",0,,,,,,
course_109_don_quichotte_cervantes,course_109_don_quichotte_cervantes_q3,trueFalse,"Pravda nebo nepravda: v roce 1614 vydal jiný autor falešné pokračování Dona Quijota, což přimělo Cervantese k napsání pravé druhé části.","Cervantes rozzuřený tímto falešným pokračováním vydal v roce 1615 svůj vlastní druhý díl, kde hrdinové objeví svou vlastní celebritu.","[""Pravda"", ""Nepravda""]",0,,,,,,
course_109_don_quichotte_cervantes,course_109_don_quichotte_cervantes_q4,mcq,"Jaké emblematické duo vynalezl Cervantes, aby postavil do kontrastu ideální a skutečné?","Don Quijote, snílek o rytířství, a Sancho Panza, pragmatický a připoutaný k žaludku, tvoří duo, které se stalo univerzálním.","[""Don Quijote a Sancho Panza"", ""Alonso Quijano a rytíř bílého měsíce"", ""Cervantes a jeho arabský vypravěč"", ""Dulcinea a Sancho Panza""]",0,,,,,,
course_109_don_quichotte_cervantes,course_109_don_quichotte_cervantes_q5,mcq,Jaký proces používá Cervantes k rozmazání hranice mezi fikcí a realitou?,"Cervantes předstírá, že je pouze překladatelem arabského rukopisu, což zpochybňuje samotnou spolehlivost příběhu.","[""Tvrdí, že přeložil arabský rukopis nalezený na trhu"", ""Píše pouze v první osobě jako Don Quijote"", ""Do příběhu vkládá skutečné dopisy čtenářů"", ""Odmítá jakoukoli formu uzavření románu""]",0,,,,,,
course_109_don_quichotte_cervantes,course_109_don_quichotte_cervantes_q6,mcq,Jak si ve druhé části románu někteří šlechtici dělají legraci z Dona Quijota?,"Šlechtici po přečtení jeho publikovaných dobrodružství organizují inscenace, aby se pobavili na rytířův účet, čímž dále stírají hranici mezi fikcí a realitou.","[""Po přečtení prvního dílu organizují scénáře, aby ho oklamali"", ""Jakmile se potkají, zavřou ho do blázince"", ""Odsuzují ho náboženským autoritám"", ""Najmou ho jako pravého rytíře do svých služeb""]",0,,,,,,
course_109_don_quichotte_cervantes,course_109_don_quichotte_cervantes_q7,mcq,Co dnes znamená pojem donkichotství?,"„Quixotismus“ označuje velkorysý idealismus, který přetrvává navzdory neúspěchu, zděděný od postavy Cervantese.","[""Velkorysý, někdy naivní idealismus"", ""Hluboký a destruktivní pesimismus"", ""Výrazná chuť k násilí"", ""Exkluzivní vášeň pro cestování""]",0,,,,,,
course_109_don_quichotte_cervantes,course_109_don_quichotte_cervantes_q8,mcq,Jak skončí život Dona Quijota na konci románu?,"Don Quijote, poražený rytířem Bílého měsíce, se zříká rytířství, získává zpět rozum a umírá pod svým skutečným jménem.","[""Poražen v souboji, získá zdravý rozum a umírá pod svým skutečným jménem Alonso Quijano"", ""Zemře v boji s posledním větrným mlýnem"", ""Se Sanchem se stává guvernérem ostrova"", ""Zmizí, aniž bychom znali jeho osud""]",0,,,,,,
course_109_don_quichotte_cervantes,course_109_don_quichotte_cervantes_q9,numericSlider,Ve kterém roce vydal Cervantes první díl Dona Quijota s okamžitým úspěchem?,První část Dona Quijota byla vydána v roce 1605 a setkala se s okamžitým úspěchem u veřejnosti.,,,,1605.0,1580.0,1630.0,5.0,
course_10_la_decouverte_de_l_amerique_1492,course_10_la_decouverte_de_l_amerique_1492_q1,numericSlider,Ve kterém roce dosáhl Kryštof Kolumbus Bahamy?,"Kolumbus přistál 12. října 1492 na ostrově na Bahamách, který pojmenoval San Salvador.",,,,1492.0,1450.0,1520.0,3.0,
course_10_la_decouverte_de_l_amerique_1492,course_10_la_decouverte_de_l_amerique_1492_q2,mcq,Jaký byl skutečný ekonomický účel Kolumbovy výpravy na západ?,"Kolumbus hledá západní cestu do Asie, aby obešel Osmany, kteří ovládají obchodní cesty Orientu.","[""Dostaňte se ke koření a hedvábí, aniž byste museli procházet cestami kontrolovanými Osmany"", ""Dokažte, že Země je kulatá"", ""Kolonizovat západní Afriku"", ""Hledání zlata k financování křížové výpravy""]",0,,,,,,
course_10_la_decouverte_de_l_amerique_1492,course_10_la_decouverte_de_l_amerique_1492_q3,trueFalse,"Pravda nebo lež: Kryštof Kolumbus se snažil především dokázat, že Země je kulatá, což byla myšlenka, kterou před ním neznal.",Kulovitost Země vypočítal již řecký učenec Eratosthenes ve 3. století před naším letopočtem. INZERÁT; Kolumbův cíl ​​byl ekonomický.,"[""Pravda"", ""Nepravda""]",1,,,,,,
course_10_la_decouverte_de_l_amerique_1492,course_10_la_decouverte_de_l_amerique_1492_q4,mcq,Jaké jsou tři lodě expedice z roku 1492?,Tyto tři lodě opustily Palos ve Španělsku 3. srpna 1492 s posádkou přibližně 90 mužů.,"[""La Pinta, la Niña a la Santa María"", ""Santa Fe, Reina a Isabela"", ""Victoria, Trinidad a Concepción"", ""Santa Clara, Gallega a Aztlán""]",0,,,,,,
course_10_la_decouverte_de_l_amerique_1492,course_10_la_decouverte_de_l_amerique_1492_q5,numericSlider,Kolik dní trvá cesta přes Atlantik do San Salvadoru?,"Přechod trval přibližně 70 dní, od začátku srpna do poloviny října 1492.",,,,70.0,30.0,120.0,7.0,dny
course_10_la_decouverte_de_l_amerique_1492,course_10_la_decouverte_de_l_amerique_1492_q6,mcq,"Jak Kolumbus nazval domorodé obyvatele, se kterými se setkal v přesvědčení, že jsou v Asii?","Columbus je přesvědčen, že dorazil do Indie, a nazývá Tainos, se kterými se setkává, „Indiáni“.","[""Indové"", ""Aztékové"", ""Barbaři"", ""Saracéni""]",0,,,,,,
course_10_la_decouverte_de_l_amerique_1492,course_10_la_decouverte_de_l_amerique_1492_q7,mcq,Co je kolumbijská burza?,"Tento přesun přináší brambory a rajčata do Evropy a pšenici, koně nebo dobytek do Ameriky a oba světy navždy mění.","[""Masivní přenos rostlin, zvířat a nemocí mezi Evropou a Amerikou"", ""Mírová smlouva mezi Španělskem a Portugalskem"", ""Obchod s otroky mezi Afrikou a Západní Indií"", ""Výměna válečných zajatců mezi Columbusem a Tainos""]",0,,,,,,
course_10_la_decouverte_de_l_amerique_1492,course_10_la_decouverte_de_l_amerique_1492_q8,percentageSlider,Jaký podíl původních obyvatel umírá na nemoci dovezené z Evropy za století?,"Pravé neštovice, spalničky a chřipka zabijí během století 50 až 90 % původních obyvatel, v závislosti na regionu.",,,,70.0,0.0,100.0,20.0,%
course_10_la_decouverte_de_l_amerique_1492,course_10_la_decouverte_de_l_amerique_1492_q9,mcq,Který kartograf dal v roce 1507 kontinentu jméno Amerika?,V roce 1507 pojmenoval kartograf Waldseemüller kontinent Amerika na poctu mořeplavci Amerigo Vespuccimu.,"[""Waldseemüller"", ""Vespucci"", ""Magellan"", ""Kolumbus""]",0,,,,,,
course_10_la_decouverte_de_l_amerique_1492,course_10_la_decouverte_de_l_amerique_1492_q10,chronological,Seřaďte tyto fáze Kolumbovy výpravy chronologicky.,"Tyto čtyři fáze probíhají od srpna 1492 do roku 1507: odjezd, příjezd na Bahamy, smlouva z Tordesillas, pak název daný kontinentu.",,,"[""Odplutí tří lodí z Palosu"", ""Přílet na ostrov na Bahamách"", ""Sdílení světa mezi Španělskem a Portugalskem"", ""Křest amerického kontinentu od Waldseemüllera""]",,,,,
course_110_les_raisins_de_la_colere_steinbeck,course_110_les_raisins_de_la_colere_steinbeck_q1,mcq,Proč je rodina Joadových vyhnána ze své země v Oklahomě?,Sucho v Dust Bowl a nahrazení padělků traktory přinutilo banky vystěhovat Joads.,"[""Kvůli suchu a zemědělské mechanizaci"", ""Kvůli místní občanské válce"", ""Kvůli epidemii, která decimuje region"", ""Kvůli žhářství""]",0,,,,,,
course_110_les_raisins_de_la_colere_steinbeck,course_110_les_raisins_de_la_colere_steinbeck_q2,mcq,Jak Steinbeck sbíral materiál pro svůj román?,"Steinbeck se ponoří do života migrantů a žije v provizorních táborech Hoovervilles, aby zachytil jejich jazyk a jejich zoufalství.","[""Cestoval s migranty a žil v Hoovervilles"", ""Vycházel pouze z vládních zpráv"", ""Vyzpovídal kalifornské bankéře"", ""Inspiraci čerpal z dětství v Dust Bowl""]",0,,,,,,
course_110_les_raisins_de_la_colere_steinbeck,course_110_les_raisins_de_la_colere_steinbeck_q3,trueFalse,"Pravda nebo lež: název románu pochází z věty z písně, kterou Steinbeckovi navrhla jeho žena Carol.","Název je převzat z řádku v The Battle Hymn of the Republic, nápad navrhla Steinbeckova manželka Carol.","[""Pravda"", ""Nepravda""]",0,,,,,,
course_110_les_raisins_de_la_colere_steinbeck,course_110_les_raisins_de_la_colere_steinbeck_q4,mcq,Jakou ikonickou cestou se rodina Joadových vydala na útěk na Západ?,"Joadsové jedou po Route 66, přezdívané „úniková cesta“, v přetíženém náklaďáku směrem do Kalifornie.","[""Cesta 66"", ""Cesta 40"", ""Oregonská stezka"", ""Dálnice I-95""]",0,,,,,,
course_110_les_raisins_de_la_colere_steinbeck,course_110_les_raisins_de_la_colere_steinbeck_q5,mcq,"Co Joadovi objeví, když dorazí do Kalifornie?","Kalifornská realita je v rozporu s letáky: na migranty čekají rozdrcené mzdy, nehygienické tábory a soukromé milice.","[""Rozdrcené platy a nehygienické tábory, daleko od slibovaného snu"", ""Úrodná půda a dobře placená práce pro všechny"", ""Vřelá pohostinnost od místních farmářů"", ""Opuštěný kraj bez jakýchkoli obyvatel""]",0,,,,,,
course_110_les_raisins_de_la_colere_steinbeck,course_110_les_raisins_de_la_colere_steinbeck_q6,mcq,Kdo pomáhá Tomovi Joadovi rozvíjet politické a kolektivní vědomí?,"Kontakt s Jimem Casym, potulným kazatelem, promění Toma, který se zpočátku soustředil pouze na své přežití.","[""Jim Casy, potulný kazatel"", ""Ma Joad, jeho vlastní matka"", ""Starostlivý kalifornský soudce"", ""Kající se šéf továrny""]",0,,,,,,
course_110_les_raisins_de_la_colere_steinbeck,course_110_les_raisins_de_la_colere_steinbeck_q7,trueFalse,Pravda nebo lež: Jim Casy umírá ve snaze zorganizovat odbory mezi migrujícími pracovníky.,"Casy umírá ve snaze organizovat migrující pracovníky, což Toma přinutí pochopit kolektivní rozměr jejich boje.","[""Pravda"", ""Nepravda""]",0,,,,,,
course_110_les_raisins_de_la_colere_steinbeck,course_110_les_raisins_de_la_colere_steinbeck_q8,mcq,Jaké gesto uzavírá román jako symbol absolutní solidarity?,"Rose of Sharon, jejíž dítě zemřelo na podvýživu, kojí starého muže umírajícího hlady a proměňuje intimní tragédii v symbol sdílení.","[""Rose of Sharon kojí hladovějícího starého muže"", ""Ma Joad rozdá všechny své úspory sousedům"", ""Tom Joad vstupuje do armády, aby ochránil svou rodinu"", ""Joadovi se vracejí do Oklahomy, aby znovu vybudovali svou farmu""]",0,,,,,,
course_110_les_raisins_de_la_colere_steinbeck,course_110_les_raisins_de_la_colere_steinbeck_q9,numericSlider,"Ve kterém roce byly vydány Hrozny hněvu, uprostřed Velké hospodářské krize?",Román vyšel v roce 1939 a v následujícím roce získal Pulitzerovu cenu.,,,,1939.0,1910.0,1960.0,5.0,
course_111_to_kill_a_mockingbird_harper_lee,course_111_to_kill_a_mockingbird_harper_lee_q1,mcq,Kdo vypráví příběh v Nestřílejte na Mockingbird?,"Román je vyprávěn očima Scout, šestileté dívky žijící v Maycombu v Alabamě.","[""Skautka, šestiletá holčička"", ""Atticus Finch, právník"", ""Boo Radley, samotářský soused"", ""Tom Robinson, obžalovaný""]",0,,,,,,
course_111_to_kill_a_mockingbird_harper_lee,course_111_to_kill_a_mockingbird_harper_lee_q2,mcq,"Za co Atticus Finch stojí u soudu, když ví, že prohraje?","Atticus souhlasí s tím, že bude Toma Robinsona bránit navzdory jistotě prohry, protože na segregačním Jihu váží barva pleti obviněného víc než důkazy.","[""Tom Robinson, černoch nespravedlivě obviněný"", ""Boo Radley, obviněný z tuláctví"", ""Jeho dcera Scout, obviněná z krádeže"", ""Kamarád právník hrozil vyhazovem""]",0,,,,,,
course_111_to_kill_a_mockingbird_harper_lee,course_111_to_kill_a_mockingbird_harper_lee_q3,trueFalse,"Pravda nebo lež: Truman Capote, přítel Harper Lee z dětství v Monroeville, inspiroval postavu Dilla.","Truman Capote, budoucí autor Chladnokrevně, byl přítelem z dětství Harper Lee a inspirací pro Dilla, chlapce, který každé léto navštěvuje Finche.","[""Pravda"", ""Nepravda""]",0,,,,,,
course_111_to_kill_a_mockingbird_harper_lee,course_111_to_kill_a_mockingbird_harper_lee_q4,mcq,"Co symbolizuje posměváček, kterého vám Atticus zakazuje zabíjet?","Neškodný posměváček představuje Toma Robinsona a Boo Radleyho: dvě bytosti, které společnost bezdůvodně pronásleduje nebo přeměňuje v monstra.","[""Nevinné bytosti jako Tom Robinson a Boo Radley"", ""Americká spravedlnost jako celek"", ""Samotné město Maycomb"", ""Odvaha jižanských právníků""]",0,,,,,,
course_111_to_kill_a_mockingbird_harper_lee,course_111_to_kill_a_mockingbird_harper_lee_q5,mcq,Kdo tajně zachrání Scout a Jem na konci románu?,"Boo Radley, poustevník, kterého se bojí celé okolí, zachrání děti a ukáže se, že je spíše bázlivým mužem než monstrem.","[""Boo Radley, samotářský soused"", ""Atticus Finch"", ""Tom Robinson"", ""Šerif z Maycombu""]",0,,,,,,
course_111_to_kill_a_mockingbird_harper_lee,course_111_to_kill_a_mockingbird_harper_lee_q6,trueFalse,Pravda nebo lež: Navzdory Atticusovým důkazům demonstrujícím fyzickou nemožnost zločinu je Tom Robinson usvědčen.,"Ačkoli Atticus prokáže, že Tom nemohl spáchat zločin, je usvědčen: spravedlnost selhává tváří v tvář rasismu poroty.","[""Pravda"", ""Nepravda""]",0,,,,,,
course_111_to_kill_a_mockingbird_harper_lee,course_111_to_kill_a_mockingbird_harper_lee_q7,mcq,"Který román, vydaný v roce 2015 krátce před smrtí Harper Lee, se ukázal být první verzí napsanou před tím z roku 1960?","Go and Post a Sentinel, publikovaný v roce 2015, je ve skutečnosti návrhem před konečnou verzí z roku 1960.","[""Jdi a pošli hlídku"", ""Ticho Maycomb"", ""Léto v Monroeville"", ""Atticovy zápisníky""]",0,,,,,,
course_111_to_kill_a_mockingbird_harper_lee,course_111_to_kill_a_mockingbird_harper_lee_q8,mcq,Jaké učení předává Atticus svým dětem po soudu?,"Atticus učí empatii: porozumění druhým vyžaduje postavit se na jejich místo a skutečná odvaha spočívá v boji, i když víte, že prohrajete.","[""Doopravdy někoho poznáte jen tak, že se vžijete do jeho kůže."", ""Nikdy neobhajujte ztracený případ"", ""Zákon je vždy správný"", ""Musíme co nejdříve uprchnout z Maycombu""]",0,,,,,,
course_111_to_kill_a_mockingbird_harper_lee,course_111_to_kill_a_mockingbird_harper_lee_q9,chronological,Seřaďte tyto etapy románové kariéry v chronologickém pořadí.,"Román se objevil v roce 1960, v roce 1961 obdržel Pulitzera, poté byl v roce 1962 adaptován pro kino s Gregorym Peckem.",,,"[""Vydání románu"", ""Pulitzerova cena udělena Harper Lee"", ""Vydání adaptace s Gregorym Peckem""]",,,,,
course_112_le_grand_gatsby_fitzgerald,course_112_le_grand_gatsby_fitzgerald_q1,mcq,"Kdo pořádá okázalé večírky, aby získal zpět Daisy Buchananovou?",Jay Gatsby pořádá ve svém sídle ve West Egg báječné večírky s jediným cílem získat zpět Daisy Buchananovou.,"[""Jay Gatsby"", ""Nick Carraway"", ""Tom Buchanan"", ""F. Scott Fitzgerald""]",0,,,,,,
course_112_le_grand_gatsby_fitzgerald,course_112_le_grand_gatsby_fitzgerald_q2,mcq,"Co symbolizuje zelené světlo, o kterém Gatsby každou noc uvažuje na konci nástupiště?","Zelené světlo na konci nástupiště Buchananů symbolizuje budoucnost, kterou Gatsby sleduje, aniž by se k ní kdy mohl dostat.","[""Budoucnost, kterou sleduje, je vždy mimo dosah"", ""Jeho dětský domov na Středozápadě"", ""Bohatství Toma Buchanana"", ""Maják, který vede lodě z přístavu""]",0,,,,,,
course_112_le_grand_gatsby_fitzgerald,course_112_le_grand_gatsby_fitzgerald_q3,trueFalse,"Pravda nebo lež: Když byl Velký Gatsby vydán v roce 1925, zaznamenal obrovský komerční úspěch.","Román jen prodával kolem 20,000 kopií po vydání; teprve po Fitzgeraldově smrti se stala klasikou.","[""Pravda"", ""Nepravda""]",1,,,,,,
course_112_le_grand_gatsby_fitzgerald,course_112_le_grand_gatsby_fitzgerald_q4,mcq,"Odkud se bere jmění Jaye Gatsbyho, narozeného Jamese Gatze, syna chudých farmářů?","Gatsby vybudoval své jmění v obchodu s alkoholem, který byl díky prohibici lukrativní, s jediným cílem získat zpět Daisy.","[""Obchodování s alkoholem během prohibice"", ""Nečekané rodinné dědictví"", ""Burzovní spekulace na Wall Street"", ""Námořní obchod s Evropou""]",0,,,,,,
course_112_le_grand_gatsby_fitzgerald,course_112_le_grand_gatsby_fitzgerald_q5,mcq,"Kdo vypráví příběh Gatsbyho, fascinovaně a znechuceně ho pozoruje?","Vypravěč Nick Carraway, Daisyin bratranec, pozoruje tento svět s fascinací Gatsbym a znechucením krutostí Buchananů.","[""Nick Carraway, Daisyin bratranec"", ""Sám Jay Gatsby"", ""Daisy Buchanan"", ""Tom Buchanan""]",0,,,,,,
course_112_le_grand_gatsby_fitzgerald,course_112_le_grand_gatsby_fitzgerald_q6,mcq,"Kdo je skutečně zodpovědný za smrt Myrtle Wilsonové, když ji srazilo auto?","Daisy omylem zabije Myrtle při řízení Gatsbyho auta, ale nechá ho, aby vzal vinu za nehodu.","[""Daisy Buchanan, která nechá Gatsbyho vzít vinu"", ""Jay Gatsby, který k ní úmyslně jel"", ""Tom Buchanan, žárlivý na jeho románek"", ""George Wilson, Myrtlin manžel""]",0,,,,,,
course_112_le_grand_gatsby_fitzgerald,course_112_le_grand_gatsby_fitzgerald_q7,trueFalse,Pravda nebo lež: Gatsbyho pohřbu se účastní mnoho přátel a známých.,"Na Gatsbyho pohřeb nikdo nepřijde a Nickovi neprozradí, že celý jeho společenský život byl jen přelud.","[""Pravda"", ""Nepravda""]",1,,,,,,
course_112_le_grand_gatsby_fitzgerald,course_112_le_grand_gatsby_fitzgerald_q8,mcq,"Co oči doktora T.J. Eckleburg, který symbolizuje hlídání údolí popela?","Tyto oči namalované na billboardu symbolizují nepřítomného boha, lhostejného k morální zkaženosti této země.","[""Nepřítomný bůh na zkažené zemi"", ""Policejní dohled nad prohibicí"", ""Kritický pohled Nicka Carrawaye"", ""Všudypřítomná reklama 20. let""]",0,,,,,,
course_112_le_grand_gatsby_fitzgerald,course_112_le_grand_gatsby_fitzgerald_q9,mcq,"Jaká událost umožnila románu, kterému se po jeho vydání vyhýbali, aby se po Fitzgeraldově smrti stal klasikou?","Román, znovuobjevený po roce 1945 díky distribuci vojákům během druhé světové války, se nakonec stal klasikou.","[""Jeho distribuce vojákům během druhé světové války"", ""Jeho překlad do mnoha jazyků"", ""Nová předmluva napsaná slavným kritikem"", ""Jeho bezprostřední adaptace do kina z roku 1926""]",0,,,,,,
course_113_le_seigneur_des_anneaux_tolkien,course_113_le_seigneur_des_anneaux_tolkien_q1,mcq,"Co byl J.R.R. Tolkienova profese, než se stal autorem Středozemě?",Tolkien byl profesorem staré angličtiny na Oxfordu a jeho specializace filologa je základem celého jeho vesmíru.,"[""Profesor staré angličtiny a filolog na Oxfordu"", ""Britský armádní důstojník v Indii"", ""Nakladatelství dětských knih v Londýně"", ""Historik specializující se na starověký Řím""]",0,,,,,,
course_113_le_seigneur_des_anneaux_tolkien,course_113_le_seigneur_des_anneaux_tolkien_q2,mcq,V jakém pořadí postavil Tolkien Středozem?,"Tolkien nejprve vynalezl jazyky jako quenyjština a sindarština, pak si představil lidi, kteří jimi mluví.","[""Nejprve vynalezl jazyky, pak si představil lidi, kteří jimi mluví"", ""Nejprve nakreslil mapu, pak vynalezl jazyky"", ""Nejprve psal dějiny, poté vytvářel jazyky jako poslední"", ""Překládal již existující starověké jazyky""]",0,,,,,,
course_113_le_seigneur_des_anneaux_tolkien,course_113_le_seigneur_des_anneaux_tolkien_q3,mcq,Kdo by měl zničit Jeden prsten na Mount Destiny?,"Frodo Pytlík, prostý hobit bez ambicí, má za úkol nést a zničit Jeden prsten na Hoře osudu.","[""Frodo Pytlík, prostý hobit"", ""Aragorn, dědic Gondoru"", ""Gandalf, čaroděj"", ""Sauron sám""]",0,,,,,,
course_113_le_seigneur_des_anneaux_tolkien,course_113_le_seigneur_des_anneaux_tolkien_q4,mcq,Kdo zfalšoval Jeden prsten?,"Jeden prsten byl ukován Sauronem, padlou Maiou, která na něj soustředila veškerou svou sílu.","[""Sauron, padlá Maia"", ""Aragorn, dědic Gondoru"", ""Glum, před jeho zkažením"", ""Trpaslíci z Morie""]",0,,,,,,
course_113_le_seigneur_des_anneaux_tolkien,course_113_le_seigneur_des_anneaux_tolkien_q5,trueFalse,Pravda nebo lež: Společenstvo prstenu sdružuje devět zástupců svobodných národů Středozemě.,Společenstvo prstenu má devět členů zastupujících různé svobodné národy Středozemě.,"[""Pravda"", ""Nepravda""]",0,,,,,,
course_113_le_seigneur_des_anneaux_tolkien,course_113_le_seigneur_des_anneaux_tolkien_q6,mcq,Proč je hobit prezentován jako ideální kandidát na nošení Prstenu?,"Prsten útočí na vůli svého nositele; hobit bez politických ambicí je proto ideálním kandidátem, aby odolal jeho pokušení.","[""Protože nemá žádné politické ambice"", ""Protože je fyzicky nejsilnější"", ""Protože je imunní vůči magii"", ""Protože je příbuzný se Sauronem""]",0,,,,,,
course_113_le_seigneur_des_anneaux_tolkien,course_113_le_seigneur_des_anneaux_tolkien_q7,mcq,Co neúmyslně dovolí lítost Gluma po jeho dopadení?,"Glum, ušetřen ze soucitu, nevědomky umožňuje konečné splnění úkolu, když Frodo zase nedokáže odhodit prsten.","[""Konečné splnění úkolu, kdy se samotnému Frodovi nepodaří odhodit prsten"", ""Frodovo okamžité zničení Prstenu"", ""Zajetí Saurona armádami Gondoru"", ""Samova zrada Froda""]",0,,,,,,
course_113_le_seigneur_des_anneaux_tolkien,course_113_le_seigneur_des_anneaux_tolkien_q8,trueFalse,Pravda nebo lež: Tolkien zamýšlel Pána prstenů jako výslovnou alegorii na druhou světovou válku.,"Tolkien odmítá explicitní alegorii; jeho práce spíše zkoumá, v širším měřítku, korupci mocí.","[""Pravda"", ""Nepravda""]",1,,,,,,
course_113_le_seigneur_des_anneaux_tolkien,course_113_le_seigneur_des_anneaux_tolkien_q9,mcq,"Kdo bojuje v bitvách jako dědic Gondoru, zatímco Frodo postupuje sám do Mordoru?","Aragorn, dědic Gondoru, bojuje v bitvách, zatímco Frodo a Sam postupují sami, což je příkladem dvou forem odvahy.","[""Aragorn"", ""Gandalf"", ""Boromir"", ""Théoden""]",0,,,,,,
course_114_fahrenheit_451_bradbury,course_114_fahrenheit_451_bradbury_q1,mcq,Co dělají hasiči ve světě podle 451 stupňů Fahrenheita?,"V této budoucnosti, kterou si Bradbury představil, je posláním hasičů pálit knihy považované za nebezpečné pro společenskou stabilitu.","[""Pálí knihy považované za nebezpečné"", ""Hasili požáry jako dnes"", ""Hlídají hranice města"", ""Vyrábějí nástěnné zástěny""]",0,,,,,,
course_114_fahrenheit_451_bradbury,course_114_fahrenheit_451_bradbury_q2,mcq,Co znamená název 451 stupňů Fahrenheita?,"Název odkazuje na teplotu ve stupních Fahrenheita, při které se papír vznítí.","[""Teplota, při které se papír vznítí"", ""Teplota spalování dřeva"", ""Číslo hasičské stanice Montag"", ""Rok narození Raye Bradburyho""]",0,,,,,,
course_114_fahrenheit_451_bradbury,course_114_fahrenheit_451_bradbury_q3,trueFalse,Pravda nebo lež: podle Bradburyho je mizení knih výhradně způsobeno státem nařízenou cenzurou.,"Bradburyho nuance: hrozba pochází také z televize a masové spotřeby, nejen z politické cenzury.","[""Pravda"", ""Nepravda""]",1,,,,,,
course_114_fahrenheit_451_bradbury,course_114_fahrenheit_451_bradbury_q4,mcq,"Na rozdíl od roku 1984, odkud pochází útlak ve 451 stupních Fahrenheita?",Na rozdíl od roku 1984 se zde knih vzdali sami občané z pohodlí a strachu z debaty.,"[""Samotní občané, kteří se kvůli pohodlí vzdali knih"", ""O jediném diktátorovi, který prosazuje svou vůli"", ""O zahraniční vojenské invazi"", ""Z centrální umělé inteligence""]",0,,,,,,
course_114_fahrenheit_451_bradbury,course_114_fahrenheit_451_bradbury_q5,mcq,Kdo nutí Guye Montaga přemýšlet o své práci hasiče?,"Jeho mladá sousedka Clarisse mu připomíná, že hasiči hasili požáry, což Montaga donutí pochybovat.","[""Jeho sousedka Clarisse"", ""Jeho žena Mildred"", ""Kapitán Beatty"", ""Mechanický honič""]",0,,,,,,
course_114_fahrenheit_451_bradbury,course_114_fahrenheit_451_bradbury_q6,mcq,"Proč je kapitán Beatty, který klasiku zná, pálí se zápalem?","Beatty věří, že knihy vytvářejí úzkost tím, že odhalují nerovnosti, což podle jeho názoru ospravedlňuje jejich spálení.","[""Protože knihy podle něj vytvářejí úzkost tím, že odhalují nerovnosti"", ""Protože je sám nikdy nedokázal přečíst"", ""Protože je Mildred nenávidí"", ""Protože je vláda učinila nečitelnými""]",0,,,,,,
course_114_fahrenheit_451_bradbury,course_114_fahrenheit_451_bradbury_q7,mcq,"Jak intelektuálové, se kterými se Montag setkává, zachovávají zakázanou kulturu?","Komunita intelektuálů, ke kterým se Montag připojuje, si zapamatuje celou knihu, aby ji mohla předat ústně.","[""Každý si zapamatuje celou knihu, aby ji mohl předat ústně"", ""Tajně tisknou nové kopie"", ""Knihy schovávají v podzemních bunkrech"", ""Překládají knihy do tajného kódu""]",0,,,,,,
course_114_fahrenheit_451_bradbury,course_114_fahrenheit_451_bradbury_q8,trueFalse,Pravda nebo lež: román končí nadějí na kulturní znovuzrození po jaderné válce.,"Román končí jadernou válkou, která zničí město, ale bojovníci odporu odejdou: kultura se může znovuzrodit, pokud lidstvo souhlasí s tím, že bude znovu přemýšlet.","[""Pravda"", ""Nepravda""]",0,,,,,,
course_114_fahrenheit_451_bradbury,course_114_fahrenheit_451_bradbury_q9,numericSlider,Za kolik dní napsal Ray Bradbury na psacím stroji pronajatém v knihovně 451 stupňů Fahrenheita?,Bradbury napsal román za pouhých devět dní na psacím stroji pronajatém za deset centů na třicet minut z univerzitní knihovny.,,,,9.0,1.0,30.0,2.0,dny
course_115_cent_ans_de_solitude_garcia_marquez,course_115_cent_ans_de_solitude_garcia_marquez_q1,mcq,Kolik generací rodiny Buendía obsahuje román v Macondu?,"Román sleduje sedm generací rodiny Buendía v Macondu, od zakladatele vesnice až po její poslední potomky.","[""Sedm generací"", ""Tři generace"", ""Dvanáct generací"", ""Jediná generace""]",0,,,,,,
course_115_cent_ans_de_solitude_garcia_marquez,course_115_cent_ans_de_solitude_garcia_marquez_q2,mcq,Jaké globální literární hnutí dalo vzniknout Sto rokům samoty?,"Sto roků samoty je celosvětový rodný list magického realismu, kde se zázračné vypráví jako obyčejná skutečnost.","[""Magický realismus"", ""Nový román"", ""Naturalismus"", ""Surrealismus""]",0,,,,,,
course_115_cent_ans_de_solitude_garcia_marquez,course_115_cent_ans_de_solitude_garcia_marquez_q3,mcq,Kdo založil vesnici Macondo v džungli?,"José Arcadio Buendía založil v džungli vesnici Macondo, kolébku celé rodinné ságy.","[""José Arcadio Buendía"", ""Plukovník Aureliano Buendía"", ""Melquíades, cikán"", ""Sám Garcia Marquez""]",0,,,,,,
course_115_cent_ans_de_solitude_garcia_marquez,course_115_cent_ans_de_solitude_garcia_marquez_q4,mcq,Co se stane s plukovníkem Aurelianem Buendíou po jeho dvaatřiceti ozbrojených povstáních?,"Plukovník Aureliano Buendía vede dvaatřicet ozbrojených povstání a všechna je ztrácí, aniž by kdy svrhl moc na místě.","[""Všechny je ztrácí"", ""Nakonec přebírá moc"", ""Zemřel během prvního povstání"", ""Odchází z Kolumbie do exilu""]",0,,,,,,
course_115_cent_ans_de_solitude_garcia_marquez,course_115_cent_ans_de_solitude_garcia_marquez_q5,mcq,Jakou skutečnou historickou událost transponuje masakr dělníků v románu?,"Epizoda masakru dělníků transponuje skutečný masakr kolumbijských banánových plantáží z roku 1928, následně vymazaný z kolektivní paměti.","[""Kolumbijský masakr na banánových plantážích v roce 1928"", ""Kolumbijská občanská válka 19. století"", ""Kolumbijská nezávislost"", ""Kubánská revoluce""]",0,,,,,,
course_115_cent_ans_de_solitude_garcia_marquez,course_115_cent_ans_de_solitude_garcia_marquez_q6,trueFalse,"Pravda nebo lež: když Remedios vystoupí na nebesa skládáním prostěradel, vypravěč zdůrazňuje mimořádnost události.","Vypravěč neukazuje žádné překvapení: magie je vyprávěna jako organické rozšíření reality, bez prvku překvapení.","[""Pravda"", ""Nepravda""]",1,,,,,,
course_115_cent_ans_de_solitude_garcia_marquez,course_115_cent_ans_de_solitude_garcia_marquez_q7,mcq,Co odhaluje Melquíadesův rukopis napsaný v sanskrtu?,Melquíadesův rukopis líčí předem v sanskrtu sto let historie rodiny Buendíů.,"[""Kompletní příběh rodiny Buendíů, sto let předtím, než se to stalo"", ""Vesnické alchymistické recepty"", ""Mapa zlatých dolů v regionu"", ""Mírová smlouva mezi znepřátelenými rodinami""]",0,,,,,,
course_115_cent_ans_de_solitude_garcia_marquez,course_115_cent_ans_de_solitude_garcia_marquez_q8,mcq,Co dělá García Márquez hned po kreativním osvícení při jízdě do Acapulca?,"García Márquez se otočil a izoloval se na osmnáct měsíců, aby napsal román, zatímco jeho žena zastavila jejich majetek.","[""Otočil se a na osmnáct měsíců se izoloval, aby mohl román napsat"", ""Od projektu definitivně upouští"", ""Okamžitě odchází prezentovat svůj nápad redaktorovi"", ""Začíná psát román v angličtině""]",0,,,,,,
course_115_cent_ans_de_solitude_garcia_marquez,course_115_cent_ans_de_solitude_garcia_marquez_q9,trueFalse,Pravda nebo lež: čas v Macondu je kruhový a Buendíové opakují chyby svých předků.,"Čas v Macondu je kruhový: členové rodiny Buendía opakují, generaci po generaci, chyby svých předků.","[""Pravda"", ""Nepravda""]",0,,,,,,
course_115_cent_ans_de_solitude_garcia_marquez,course_115_cent_ans_de_solitude_garcia_marquez_q10,numericSlider,Ve kterém roce obdržel García Márquez Nobelovu cenu za literaturu?,"García Márquez obdržel Nobelovu cenu za literaturu v roce 1982, patnáct let po vydání románu.",,,,1982.0,1960.0,2000.0,3.0,
course_116_la_metamorphose_kafka,course_116_la_metamorphose_kafka_q1,mcq,Jak začíná The Metamorphosis v jednom z nejslavnějších incipitů v literatuře?,"Román začíná tím, že se Gregor Samsa probouzí proměněný v monstrózní hmyz, aniž by tento jev nějak vysvětlil.","[""Gregor Samsa se probouzí proměněný v monstrózní hmyz"", ""Gregor Samsa jde jako každé ráno do práce"", ""Rodina Samsových se dozvídá o Gregorově smrti"", ""Gregor Samsa opouští rodinný dům""]",0,,,,,,
course_116_la_metamorphose_kafka,course_116_la_metamorphose_kafka_q2,mcq,Jaké bylo povolání Gregora Samsy před jeho proměnou?,Před svou proměnou byl Gregor obchodním cestujícím a jedinou finanční podporou své rodiny.,"[""Cestující prodejce, jediná finanční podpora pro svou rodinu"", ""Venkovský lékař"", ""Pracovník banky v Praze"", ""Profesor filologie""]",0,,,,,,
course_116_la_metamorphose_kafka,course_116_la_metamorphose_kafka_q3,trueFalse,"Pravda nebo lež: Kafka v příběhu podrobně vysvětluje, jak a proč se Gregor proměňuje v hmyz.","Kafka zachází s transformací s klinickým realismem, aniž by tento fenomén kdy vysvětlil; důraz je kladen na jeho důsledky.","[""Pravda"", ""Nepravda""]",1,,,,,,
course_116_la_metamorphose_kafka,course_116_la_metamorphose_kafka_q4,mcq,Proč Kafka zakazuje svému vydavateli zobrazovat hmyz na obálce knihy?,"Kafka dal přednost tomu, aby si čtenář hrůzu proměny představoval sám, než aby ji viděl zafixovanou ilustrací.","[""Aby si každý čtenář představil svou vlastní verzi hororu"", ""Protože vytvoření návrhu stálo příliš mnoho"", ""Protože by to cenzura zakázala"", ""Protože chtěl zachovat anonymitu autora""]",0,,,,,,
course_116_la_metamorphose_kafka,course_116_la_metamorphose_kafka_q5,mcq,"Kdo neuposlechl Kafkovo poslední přání tím, že vydal jeho rukopisy, místo aby je zničil?","Max Brod, Kafkův přítel, neuposlechl jeho poslední přání tím, že své rukopisy raději zveřejnil, než aby je zničil.","[""Jeho přítel Max Brod"", ""Jeho sestra Grete"", ""Její pražský vydavatel"", ""Jeho snoubenka""]",0,,,,,,
course_116_la_metamorphose_kafka,course_116_la_metamorphose_kafka_q6,mcq,Kdo z rodiny Samsových živí a uklízí Gregorův pokoj na začátku jeho metamorfózy?,"Zpočátku je to jeho sestra Grete, která Gregora krmí a uklízí jeho pokoj, než se její oddanost časem nahlodá.","[""Jeho sestra Grete"", ""Jeho matka"", ""Jeho otec"", ""Pronajatý strávník""]",0,,,,,,
course_116_la_metamorphose_kafka,course_116_la_metamorphose_kafka_q7,mcq,"Co dělají Samsové, aby se uživili po Gregorově proměně?","Aby přežili, každý člen rodiny se vrací do práce a pronajímají pokoje strávníkům.","[""Všichni opět pracují a pronajímají pokoje strávníkům"", ""Prodávají rodinný dům"", ""Stěhují se na venkov"", ""Žádají o pomoc magistrát""]",0,,,,,,
course_116_la_metamorphose_kafka,course_116_la_metamorphose_kafka_q8,mcq,"Jak skončí Gregorův život, jakmile Grete prohlásí, že se ho musí zbavit?","Gregor si uvědomil, že už nemá své místo, a tak se ve svém pokoji umírá hlady.","[""Nechá se zemřít hlady"", ""Uteče oknem"", ""Najednou se opět stává člověkem"", ""Je násilně zahnán svým otcem""]",0,,,,,,
course_116_la_metamorphose_kafka,course_116_la_metamorphose_kafka_q9,trueFalse,Pravda nebo lež: Gregorovu smrt prožívá jeho rodina jako srdcervoucí tragédii.,"Gregorova smrt je naopak vysvobozením pro jeho rodinu, která chodí na procházku už přemýšlející o Gretině svatbě.","[""Pravda"", ""Nepravda""]",1,,,,,,
course_116_la_metamorphose_kafka,course_116_la_metamorphose_kafka_q10,numericSlider,Ve kterém roce napsal Kafka Proměnu?,"Kafka napsal The Metamorphosis v roce 1912, v období velké kreativity, před jeho vydáním v roce 1915.",,,,1912.0,1880.0,1940.0,3.0,
course_117_le_maitre_et_marguerite_boulgakov,course_117_le_maitre_et_marguerite_boulgakov_q1,mcq,Jaké tři světy se prolínají v románu Mistr a Margarita?,"Román splétá tři světy: sovětskou Moskvu 30. let, starověký Jeruzalém a fantastický prostor ovládaný ďáblem.","[""Sovětská Moskva, starověký Jeruzalém a fantasy svět ovládaný ďáblem"", ""Moskva, Petrohrad a Kyjev"", ""Carská minulost, stalinistická současnost a ideální komunistická budoucnost"", ""Berlín, Paříž a Moskva""]",0,,,,,,
course_117_le_maitre_et_marguerite_boulgakov,course_117_le_maitre_et_marguerite_boulgakov_q2,mcq,Proč Bulgakov v roce 1930 spálil první rukopis románu?,"Ze strachu před pátráním sovětské politické policie, NKVD, Bulgakov spálil svůj první rukopis a pak začal znovu psát zpaměti.","[""Ze strachu z pátrání NKVD"", ""Protože považoval text za nedokončený"", ""Na přímý rozkaz od Stalina"", ""Protože došlo k náhodnému požáru""]",0,,,,,,
course_117_le_maitre_et_marguerite_boulgakov,course_117_le_maitre_et_marguerite_boulgakov_q3,trueFalse,Pravda nebo lež: Bulgakov nechal svůj román vydat celý ještě za svého života.,"Bulgakov zemřel v roce 1940, aniž by viděl publikování jeho práce; román se objeví v plném rozsahu až v roce 1967.","[""Pravda"", ""Nepravda""]",1,,,,,,
course_117_le_maitre_et_marguerite_boulgakov,course_117_le_maitre_et_marguerite_boulgakov_q4,mcq,Kdo přijede do Moskvy se svou černou kočkou Behemoth a zasévá paniku mezi literární kastu?,"Woland, který není nikdo jiný než Satan, přijíždí do Moskvy se svou černou kočkou Behemoth a zasévá paniku mezi zkorumpovanou literární kastu.","[""Woland, tedy Satan"", ""Mistr, pronásledovaný spisovatel"", ""Pilát Pontský"", ""kapitán sovětské tajné služby""]",0,,,,,,
course_117_le_maitre_et_marguerite_boulgakov,course_117_le_maitre_et_marguerite_boulgakov_q5,mcq,"Co říká Mistr v románu, který píše v románu?",Mistr píše příběh Piláta Pontského a Ješuy Ha-Nozriho v Jeruzalémě souběžně s moskevskými intrikami.,"[""Příběh Piláta Pontského a Ješuy Ha-Nozriho"", ""Každodenní život v Moskvě za Stalina"", ""Napoleonské války"", ""Imaginární životopis Wolanda""]",0,,,,,,
course_117_le_maitre_et_marguerite_boulgakov,course_117_le_maitre_et_marguerite_boulgakov_q6,mcq,"Co dělá Markéta, aby zachránila Mistra, internovaného po zničení jeho rukopisu?","Marguerite souhlasí s tím, že se stane čarodějnicí a bude předsedat ďáblově kouli, aby zachránila Mistra, v naprosté láskyplné oběti.","[""Stane se čarodějnicí a předsedá ďábelskému plesu"", ""Odsoudila Wolanda úřadům"", ""Ztracený rukopis sama přepsala"", ""Odejde do exilu v Leningradu""]",0,,,,,,
course_117_le_maitre_et_marguerite_boulgakov,course_117_le_maitre_et_marguerite_boulgakov_q7,mcq,Kterou nectnost představuje Woland jako nejstrašnější ze všech?,"Woland odhaluje, že zbabělost je nejstrašnější neřestí, neřestí Pontského Piláta i sovětských kritiků.","[""Zbabělost"", ""Hrdost"", ""Chamtivost"", ""Krutost""]",0,,,,,,
course_117_le_maitre_et_marguerite_boulgakov,course_117_le_maitre_et_marguerite_boulgakov_q8,mcq,Co znamená známá věta „Rukopisy nehoří“?,"Tato věta potvrzuje, že pravda umění vždy nakonec zvítězí nad represí a politickou cenzurou.","[""Kéž pravdivé myšlenky přežijí cenzuru"", ""Že papír používaný Bulgakovem byl nehořlavý"", ""Že Stalin zakázal ničení knih"", ""Že sovětské knihovny byly ohnivzdorné""]",0,,,,,,
course_117_le_maitre_et_marguerite_boulgakov,course_117_le_maitre_et_marguerite_boulgakov_q9,mcq,Jak román tajně koloval v SSSR před oficiálním vydáním?,"V SSSR román koloval v samizdatu, tajných strojopisných výtiscích, které si čtenáři vyměňovali.","[""Formou samizdatu, tajných strojopisných kopií"", ""Tajným veřejným čtením"", ""Díky edici vytištěné v zahraničí a dovezené nelegálně"", ""Ústním přenosem mezi pisateli""]",0,,,,,,
course_117_le_maitre_et_marguerite_boulgakov,course_117_le_maitre_et_marguerite_boulgakov_q10,trueFalse,Pravda nebo nepravda: The Master a Margarita inspirovali píseň „Sympathy for the Devil“ od Rolling Stones.,"Román inspiroval Micka Jaggera k napsání „Sympathy for the Devil“, poté, co mu Marianne Faithfull nabídla anglický překlad v roce 1967.","[""Pravda"", ""Nepravda""]",0,,,,,,
course_118_moby_dick_melville,course_118_moby_dick_melville_q1,mcq,Jakou osobní zkušenost měl Herman Melville před napsáním Moby Dicka?,"Melville se ve 40. letech 19. století plavil na velrybářských lodích v Pacifiku, dokonce žil mezi kmeny na Markézských ostrovech.","[""Plavil se na velrybářských lodích v Pacifiku a žil mezi kmeny na Markézách"", ""Byl to britský námořní důstojník"", ""Vedl velrybářskou společnost v New Bedfordu"", ""Vystudoval mořskou biologii na Harvardu""]",0,,,,,,
course_118_moby_dick_melville,course_118_moby_dick_melville_q2,trueFalse,Pravda nebo lež: Moby Dick se po svém vydání v roce 1851 těšil obrovskému komerčnímu úspěchu.,"Román byl po svém vydání totální komerční neúspěch; Melville umírá přesvědčen, že jeho jméno zmizí.","[""Pravda"", ""Nepravda""]",1,,,,,,
course_118_moby_dick_melville,course_118_moby_dick_melville_q3,mcq,Jak román začíná jednou z nejslavnějších vět americké literatury?,"Román začíná frází „Call me Ismael“, jednou z nejslavnějších incipitů v americké literatuře.","[""Říkejte mi Ismael"", ""Byly to nejlepší časy"", ""Na začátku byl Moby Dick"", ""Byl jednou velryba""]",0,,,,,,
course_118_moby_dick_melville,course_118_moby_dick_melville_q4,mcq,Na jakou loď se vypravěč Ismael nalodí?,"Ishmaël se připojuje k Pequodu v New Bedfordu, lodi, která se stává mikrokosmem americké společnosti.","[""Pequod"", ""Rachel"", ""Nantucket"", ""Essex""]",0,,,,,,
course_118_moby_dick_melville,course_118_moby_dick_melville_q5,mcq,"Kdo je Queequeg, jeden z Pequodských námořníků?","Queequeg, syn polynéského náčelníka, ilustruje rozmanitost původů shromážděných na palubě Pequodu.","[""Syn polynéského náčelníka"", ""Kapitán lodi"", ""Bývalý pastor konvertoval"", ""Ismaelův bratr""]",0,,,,,,
course_118_moby_dick_melville,course_118_moby_dick_melville_q6,mcq,Co je pro kapitána Achaba skutečně bílá velryba Moby Dick?,"Pro Achaba není Moby Dick zvíře, ale maska ​​vesmírné zhoubnosti, kterou chce zničit.","[""Maska vesmírného zhoubného nádoru, ne jednoduchého zvířete"", ""Jednoduchá hra mimo jiné"", ""Symbol bohatství k dobytí"", ""Tvor vymyšlený legendou o námořnících""]",0,,,,,,
course_118_moby_dick_melville,course_118_moby_dick_melville_q7,mcq,Proč Achab zasvětí svůj život pátrání po Moby Dickovi?,"Achab, který při předchozím setkání s velrybou přišel o nohu, nyní věnuje svůj život pátrání po zlu, které pro něj ztělesňuje.","[""Protože kvůli velrybě přišel o nohu"", ""Protože zabila svého syna"", ""Protože potopila přátelskou loď"", ""Protože to představuje neocenitelné bohatství""]",0,,,,,,
course_118_moby_dick_melville,course_118_moby_dick_melville_q8,mcq,Co symbolizuje bělost velryby podle Melvilla?,"Melville používá bílou velrybu, aby zdůraznil lhostejnost přírody, děsivou prázdnotu, na kterou vesmír nereaguje.","[""Lhostejnost přírody, děsivá prázdnota bez odezvy z vesmíru"", ""Čistota a božská dobrota"", ""Bohatství zaslíbené námořníkům"", ""Stáří zvířete""]",0,,,,,,
course_118_moby_dick_melville,course_118_moby_dick_melville_q9,mcq,Kdo jako jediný přežil konečné potopení Pequodu?,"Ztroskotání přežije pouze Ishmael, který plave na Queequegově rakvi, než ho vyzvedne velrybářka Rachel.","[""Ismael, vypravěč"", ""kapitán Achab"", ""Queequeg"", ""Starbuck, první poručík""]",0,,,,,,
course_118_moby_dick_melville,course_118_moby_dick_melville_q10,trueFalse,"Pravda nebo lež: když zemřel v roce 1891, byl Herman Melville již uznáván jako velký americký spisovatel.","Melville byl tak zapomenut, když zemřel, že New York Times zveřejnily jeho nekrolog pod nesprávným jménem „Henry Melville“.","[""Pravda"", ""Nepravda""]",1,,,,,,
course_119_le_petit_prince_saint_exupery,course_119_le_petit_prince_saint_exupery_q1,mcq,Kde a v jakém kontextu Saint-Exupéry napsal Malého prince?,"Saint-Exupéry, který byl v exilu v New Yorku, zatímco byla Francie okupována, napsal tento pouštní příběh v pohodlí Long Islandu.","[""V exilu v New Yorku, během okupace Francie"", ""V Paříži před druhou světovou válkou"", ""V severní Africe, během svých misí Aéropostale"", ""V Maroku, po jeho odchodu do důchodu jako pilot""]",0,,,,,,
course_119_le_petit_prince_saint_exupery,course_119_le_petit_prince_saint_exupery_q2,mcq,"Odkud pochází Malý princ, kterého vypravěč potká uprostřed Sahary?",Malý princ pochází z malého asteroidu zvaného B-612.,"[""Z asteroidu B-612"", ""Z planety zvané Země"", ""Z ostrova ztraceného v poušti"", ""Z fantasy země jménem Maycomb""]",0,,,,,,
course_119_le_petit_prince_saint_exupery,course_119_le_petit_prince_saint_exupery_q3,mcq,"Co se musí pravidelně odstraňovat z planety Malého prince, aby se zachránila?","Na svém asteroidu musí Malý princ vykořenit baobaby, jinak jejich kořeny protrhnou jeho malou planetu.","[""Baobaby"", ""Divoké růže"", ""Sopečné kameny"", ""Invazivní tráva""]",0,,,,,,
course_119_le_petit_prince_saint_exupery,course_119_le_petit_prince_saint_exupery_q4,mcq,"Kdo mezi dospělými, které Malý princ potká, najde přízeň v jeho očích?","Jen lampář nachází přízeň v očích Malého prince, protože svítí svět pro ostatní a ne pro sebe.","[""Lampář, který osvětluje svět pro ostatní"", ""Král, který vládne všemu"", ""Namyšlený, který se rád nechá obdivovat"", ""Podnikatel, který počítá hvězdy""]",0,,,,,,
course_119_le_petit_prince_saint_exupery,course_119_le_petit_prince_saint_exupery_q5,mcq,Co ho Liška učí o zkrocení?,"Liška učí Malého prince, že zkrotit znamená vytvořit pouta, díky nimž je ten druhý jedinečný mezi všemi ostatními.","[""Zkrotit znamená vytvářet odkazy, díky nimž je ten druhý jedinečný"", ""Zkrotit znamená ovládnout divoké zvíře"", ""Zkrocení je prostě někoho živit"", ""Zkrotit znamená postupně na někoho zapomenout""]",0,,,,,,
course_119_le_petit_prince_saint_exupery,course_119_le_petit_prince_saint_exupery_q6,trueFalse,Pravda nebo lež: podle Foxe „to podstatné je očím neviditelné“.,"Tato věta z Lišky shrnuje myšlenku, že pravda o bytosti spočívá ve vztahu, který s ní máme, ne v jejich vzhledu.","[""Pravda"", ""Nepravda""]",0,,,,,,
course_119_le_petit_prince_saint_exupery,course_119_le_petit_prince_saint_exupery_q7,mcq,"Jaký prvek původního rukopisu byl na návrh přítele odstraněn, aby byl ponechán prostor pro čtenářovu fantazii?","Původní rukopis ukazoval ovci v bedně; přítel navrhl Saint-Exupérymu, aby to schoval, aby ponechal prostor pro představivost.","[""Ovce viditelné ve své bedně"", ""Spící liška"", ""Had, který uštkne Malého prince"", ""Baobaby asteroidu""]",0,,,,,,
course_119_le_petit_prince_saint_exupery,course_119_le_petit_prince_saint_exupery_q8,trueFalse,"Pravda nebo lež: Antoine de Saint-Exupéry žil dost dlouho na to, aby zažil celosvětový úspěch své knihy.",Saint-Exupéry zmizel na moři v roce 1944 a nikdy nezažil globální úspěch svého díla.,"[""Pravda"", ""Nepravda""]",1,,,,,,
course_119_le_petit_prince_saint_exupery,course_119_le_petit_prince_saint_exupery_q9,mcq,Co se stalo se Saint-Exupéryho letadlem 31. července 1944?,31. července 1944 Saint-Exupéryho letadlo zmizelo na moři; jeho vrak byl identifikován až v roce 2000 u pobřeží Marseille.,"[""Zmizel v moři a jeho vrak byl identifikován až v roce 2000."", ""Byl sestřelen nad Paříží"", ""Nouzově přistává na Sahaře"", ""Havaruje v New Yorku""]",0,,,,,,
course_119_le_petit_prince_saint_exupery,course_119_le_petit_prince_saint_exupery_q10,numericSlider,"Do kolika jazyků byl Malý princ přeložen, což z něj dělá nejpřekládanější francouzskou knihu na světě?","Malý princ byl přeložen do více než 300 jazyků, což z něj dělá nejpřekládanější francouzskou knihu na světě.",,,,300.0,50.0,500.0,30.0,JAZYKY
course_11_la_prise_de_la_bastille_1789,course_11_la_prise_de_la_bastille_1789_q1,mcq,"O co Pařížané především usilovali, když 14. července 1789 dobyli Bastilu?",Bastila obsahovala pouze 7 vězňů; útočníci hledali hlavně prach uložený v pevnosti.,"[""Prášek na obranu"", ""Propuštění tisíců vězňů"", ""Zlato z královské pokladnice"", ""Královské archivy""]",0,,,,,,
course_11_la_prise_de_la_bastille_1789,course_11_la_prise_de_la_bastille_1789_q2,trueFalse,Pravda nebo lež: Bastila 14. července 1789 ubytovala tisíce politických vězňů.,"Toho dne bylo v Bastille pouze 7 vězňů: 4 padělatelé, 2 muži považovaní za šílence a aristokrat.","[""Pravda"", ""Nepravda""]",1,,,,,,
course_11_la_prise_de_la_bastille_1789,course_11_la_prise_de_la_bastille_1789_q3,mcq,Proč Ludvík XVI. svolal na květen 1789 generální stavovský úřad?,"Království je zničeno, zejména nákladnou podporou poskytnutou americkým koloniím, a král hledá nové daně.","[""Zvýšit nové daně tváří v tvář bankrotu království"", ""Vyhlásit válku Anglii"", ""Uspořádat korunovaci svého syna"", ""Reformovat královskou armádu""]",0,,,,,,
course_11_la_prise_de_la_bastille_1789,course_11_la_prise_de_la_bastille_1789_q4,mcq,"Co udělal třetí stav 17. června 1789, když čelil blokádě generálních stavů?","Třetí stav, zablokován systémem tří řádů, se 17. června prohlásil Národním shromážděním.","[""Prohlašuje se Národním shromážděním"", ""Odjíždí z Versailles do Paříže"", ""Vstupuje do šlechty"", ""Rozpouští generála stavů""]",0,,,,,,
course_11_la_prise_de_la_bastille_1789,course_11_la_prise_de_la_bastille_1789_q5,mcq,Jaká událost vyvolala paniku v Paříži 11. července 1789?,"Odvolání Neckera, velmi oblíbeného ministra, vyvolalo paniku a přimělo Pařížany, aby se ozbrojili.","[""Odvolání populárního ministra financí Jacquese Neckera"", ""Zatčení třetího stavu"", ""Požár ve Versailles"", ""Smrt Ludvíka XVI""]",0,,,,,,
course_11_la_prise_de_la_bastille_1789,course_11_la_prise_de_la_bastille_1789_q6,numericSlider,Kolik pušek ukořistil dav v Invalidovně ráno 14. července?,"Dav se zmocnil asi 32 000 pušek z Invalidovny, ale stále jim chyběl prach.",,,,32000.0,10000.0,50000.0,3000.0,zbraně
course_11_la_prise_de_la_bastille_1789,course_11_la_prise_de_la_bastille_1789_q7,mcq,"Co je to lettre de cachet, kvůli kterému je Bastille tak nenáviděná?","Lettre de cachet umožňuje někoho zavřít bez soudu, což v očích Pařížanů ztělesňuje královskou svévoli.","[""Rozkaz vězení bez soudu"", ""Královská daň z chleba"", ""Výnos o královské amnestii"", ""Královská svatební smlouva""]",0,,,,,,
course_11_la_prise_de_la_bastille_1789,course_11_la_prise_de_la_bastille_1789_q8,trueFalse,"Pravda nebo lež: když se králi dozvěděli o útoku na Bastilu, odpověděl, že to byla prostá vzpoura.","Naopak mu bylo řečeno „Ne Sire, to je revoluce“, i když si král 14. dne ve svém loveckém deníku poznamenal „Nic“.","[""Pravda"", ""Nepravda""]",1,,,,,,
course_11_la_prise_de_la_bastille_1789,course_11_la_prise_de_la_bastille_1789_q9,chronological,Seřaďte tyto události léta 1789 v chronologickém pořadí.,"Tyto čtyři fáze probíhají od května do srpna 1789: královská výzva, přísaha poslanců, útok na Bastilu a poté zrušení privilegií.",,,"[""Svolání generálního stavovského shromáždění"", ""Hra Oath of the Palm"", ""Útok na Bastilu"", ""Zrušení privilegií""]",,,,,
course_11_la_prise_de_la_bastille_1789,course_11_la_prise_de_la_bastille_1789_q10,mcq,Co se stalo na venkově po přepadení Bastily pod vlivem Velkého strachu?,"Ze strachu z pomsty šlechticů spálili rolníci listiny svých panských práv, což urychlilo zrušení privilegií.","[""Rolníci pálí listiny panských práv"", ""Rolníci povstali proti Národnímu shromáždění"", ""Kampaně zůstávají lhostejné k událostem v Paříži"", ""Rolníci požadují návrat absolutního krále""]",0,,,,,,
course_120_l_alchimiste_paulo_coelho,course_120_l_alchimiste_paulo_coelho_q1,mcq,"Co sní Santiago, andaluský pastýř, najít v egyptských pyramidách?","Santiago, andaluský pastýř, sní o pokladu ukrytém poblíž egyptských pyramid.","[""Poklad"", ""Ztracený zdroj vody"", ""Starověký rukopis"", ""Opuštěné stádo ovcí""]",0,,,,,,
course_120_l_alchimiste_paulo_coelho,course_120_l_alchimiste_paulo_coelho_q2,mcq,"Co ho Melchisedech, král Salemu, učí o jeho osudu?","Melchizedek učí Santiaga pojetí osobní legendy, osudu, který si každý přeje naplnit už od dětství.","[""Osobní legenda, osud, po kterém touží každý od dětství dosáhnout"", ""Umění číst hvězdné mapy"", ""Technika středověké alchymie"", ""Obchod s křišťálem v Tangeru""]",0,,,,,,
course_120_l_alchimiste_paulo_coelho,course_120_l_alchimiste_paulo_coelho_q3,trueFalse,"Pravda nebo lež: když byl Alchymista poprvé publikován v roce 1988, okamžitě se stal obrovským komerčním úspěchem.",Malý brazilský vydavatel vytiskl v roce 1988 pouze 900 výtisků a odmítl dotisk; globální úspěch přichází později.,"[""Pravda"", ""Nepravda""]",1,,,,,,
course_120_l_alchimiste_paulo_coelho,course_120_l_alchimiste_paulo_coelho_q4,mcq,Kdo v poušti učí Santiaga číst znamení vesmíru?,"Je to Alchymista, kterého potkali při přechodu Sahary, kdo učí Santiaga číst znamení vesmíru.","[""Alchymista"", ""Melchisedech, král Salemu"", ""Fatima"", ""Obchodník s krystaly z Tangeru""]",0,,,,,,
course_120_l_alchimiste_paulo_coelho,course_120_l_alchimiste_paulo_coelho_q5,mcq,Co v románu představuje pojem Duše světa?,"Duše světa odkazuje na jedinečnou energii, kterou podle filozofie románu sdílí vše, co existuje.","[""Jedinečná energie sdílená vším, co existuje"", ""Duch andaluských předků"", ""Kolektivní vědomí obchodníků z Tangeru"", ""Síla vyhrazená pouze pro alchymisty""]",0,,,,,,
course_120_l_alchimiste_paulo_coelho,course_120_l_alchimiste_paulo_coelho_q6,mcq,"Co znamená arabské slovo „Maktub“, které Santiago často slýchá na své cestě?",Maktub znamená „to bylo napsáno“: tento výraz odkazuje na islámskou myšlenku již zmapovaného osudu.,"[""„Bylo napsáno“, odkazující na osud"", ""„Hodně štěstí“ v klasické arabštině"", ""Název oázy na Sahaře"", ""Tradiční pozdrav mezi obchodníky""]",0,,,,,,
course_120_l_alchimiste_paulo_coelho,course_120_l_alchimiste_paulo_coelho_q7,mcq,"Co dělal Paulo Coelho, než se stal úspěšným spisovatelem?",Před svou spisovatelskou slávou byl Paulo Coelho textařem brazilského rockera Raula Seixase.,"[""Byl textařem brazilského rockera Raula Seixase"", ""Byl profesorem filozofie v Riu"", ""Pracoval jako turistický průvodce v Egyptě"", ""Byl mnichem ve španělském klášteře""]",0,,,,,,
course_120_l_alchimiste_paulo_coelho,course_120_l_alchimiste_paulo_coelho_q8,mcq,"Co nakonec Santiago objeví, když dorazí k pyramidám?","U pyramid Santiago nic nenajde: poklad byl ve skutečnosti blízko svého výchozího bodu, pod platanem ve Španělsku.","[""Že tam nenajde žádný poklad, ve skutečnosti je to blízko jeho výchozího bodu ve Španělsku"", ""Nesmírný poklad, který ho činí bohatým na celý život"", ""Archeologům neznámá královská hrobka"", ""Kódovaná zpráva zanechaná Melchisedekem""]",0,,,,,,
course_120_l_alchimiste_paulo_coelho,course_120_l_alchimiste_paulo_coelho_q9,trueFalse,Pravda nebo lež: podle románu záleží nakonec na Santiagově hmotném pokladu víc než na samotném zážitku z cesty.,"Román naopak potvrzuje, že zkušenost, setkání s Fatimou a naslouchání srdci jsou nad zlato.","[""Pravda"", ""Nepravda""]",1,,,,,,
course_120_l_alchimiste_paulo_coelho,course_120_l_alchimiste_paulo_coelho_q10,numericSlider,Kolik kopií měl první brazilský tisk Alchymisty v roce 1988?,První brazilské vydání mělo pouze 900 výtisků a vydavatel odmítl knihu dotisknout.,,,,900.0,100.0,5000.0,200.0,kopie
course_121_la_renaissance_italienne,course_121_la_renaissance_italienne_q1,mcq,Která florentská rodina financovala renesanční umělce prostřednictvím bankovnictví?,"Medicejští, bohatí bankéři z Florencie, masivně financovali umělce prostřednictvím mecenášství, aby si vybudovali prestiž.","[""Mediciové"", ""Borgiové"", ""Sforzovi"", ""Estes""]",0,,,,,,
course_121_la_renaissance_italienne,course_121_la_renaissance_italienne_q2,mcq,Kdo vynalezl lineární perspektivu kolem roku 1420 ve Florencii?,Kolem roku 1420 vyvinul architekt Brunelleschi matematická pravidla lineární perspektivy.,"[""Brunelleschi"", ""Leonardo da Vinci"", ""Michelangelo"", ""Raphael""]",0,,,,,,
course_121_la_renaissance_italienne,course_121_la_renaissance_italienne_q3,trueFalse,"Pravda nebo lež: Pád Konstantinopole v roce 1453 způsobil, že byzantští učenci uprchli do Itálie se starověkými řeckými rukopisy.",Tento příchod zapomenutých řeckých rukopisů přímo živil humanismus a znovuobjevení antiky v Itálii.,"[""Pravda"", ""Nepravda""]",0,,,,,,
course_121_la_renaissance_italienne,course_121_la_renaissance_italienne_q4,numericSlider,Ve kterém roce dokončil Michelangelo strop Sixtinské kaple?,Michelangelo namaloval strop Sixtinské kaple v letech 1508 až 1512 na ploše přibližně 500 metrů čtverečních.,,,,1512.0,1450.0,1550.0,3.0,
course_121_la_renaissance_italienne,course_121_la_renaissance_italienne_q5,chronological,Seřaďte tyto milníky italské renesance v chronologickém pořadí.,"Tyto čtyři milníky (1420, 1453, 1504, 1512) zahrnují téměř jedno století, od technického vynálezu perspektivy až po umělecký vrchol vrcholné renesance v Římě.",,,"[""Brunelleschi vynalezl lineární perspektivu"", ""Pád Konstantinopole"", ""Michelangelův David"", ""Strop Sixtinské kaple je dokončen""]",,,,,
course_121_la_renaissance_italienne,course_121_la_renaissance_italienne_q6,mcq,Která Raphaelova freska spojuje velké myslitele starověku?,"Raphael maluje Athénskou školu, která představuje Platóna, Aristotela a další starověké filozofy v dokonalé harmonii.","[""Škola v Aténách"", ""Stvoření Adama"", ""Mona Lisa"", ""Poslední večeře""]",0,,,,,,
course_121_la_renaissance_italienne,course_121_la_renaissance_italienne_q7,mcq,"Které myšlenkové hnutí potvrzuje, že lidské bytosti mohou rozumět přírodě?",Humanističtí myslitelé jako Pic de la Mirandola staví lidský rozum do středu chápání světa.,"[""Humanismus"", ""Manýrismus"", ""Patronát"", ""Scholastik""]",0,,,,,,
course_121_la_renaissance_italienne,course_121_la_renaissance_italienne_q8,trueFalse,"Pravda nebo lež: byl to francouzský král François I., kdo pozval Leonarda da Vinciho a zahájil francouzskou renesanci.","František I. přitáhl Leonarda da Vinci do Francie a zahájil francouzskou renesanci, viditelnou zejména na zámcích na Loiře.","[""Pravda"", ""Nepravda""]",0,,,,,,
course_121_la_renaissance_italienne,course_121_la_renaissance_italienne_q9,mcq,Jaká obrazová technika z Flander umožňuje šerosvit?,Olejová barva pocházející z Flander postupně nahradila tempery a umožnila výrazné kontrasty šerosvitu.,"[""Olejomalba"", ""Freska"", ""Mozaika"", ""Akvarel""]",0,,,,,,
course_122_la_naissance_de_l_impressionnisme,course_122_la_naissance_de_l_impressionnisme_q1,mcq,"Který kritik vymyslel slovo „impresionisté“, když si dělal legraci z Monetova obrazu?","Louis Leroy zesměšňuje Monetův titul Impression, Rising Sun, který hnutí nedobrovolně dává jméno.","[""Louis Leroy"", ""Emile Zola"", ""Charles Baudelaire"", ""Théophile Gautiera""]",0,,,,,,
course_122_la_naissance_de_l_impressionnisme,course_122_la_naissance_de_l_impressionnisme_q2,mcq,Který Manetův obraz skandalizoval Salon des Refusés v roce 1863?,Manet šokuje smícháním ženského aktu a dvou mužů v moderních kostýmech v Le Déjeuner sur l'herbe.,"[""Oběd na trávě"", ""Tisk, vycházející slunce"", ""Lekníny"", ""Vor Medúzy""]",0,,,,,,
course_122_la_naissance_de_l_impressionnisme,course_122_la_naissance_de_l_impressionnisme_q3,trueFalse,Pravda nebo lež: v roce 1863 porota Salonu odmítla více než 3000 obrazů.,"Toto masivní odmítnutí přimělo Napoleona III., aby jako odpověď povolil Salon des Refusés.","[""Pravda"", ""Nepravda""]",0,,,,,,
course_122_la_naissance_de_l_impressionnisme,course_122_la_naissance_de_l_impressionnisme_q4,mcq,Jaká materiálová inovace umožnila impresionistům malovat venku?,Přenosné tuby s barvou osvobodí malíře z dílny a umožní jim pracovat venku.,"[""Malířské trubky"", ""Fotografování"", ""Papírová hmota"", ""Litografie""]",0,,,,,,
course_122_la_naissance_de_l_impressionnisme,course_122_la_naissance_de_l_impressionnisme_q5,mcq,Který chemik inspiroval impresionisty v používání doplňkových barev?,Chevreulův výzkum komplementárních barev přiměl impresionisty k zákazu černé barvy ze stínů.,"[""Michel-Eugène Chevreul"", ""Louis Pasteur"", ""Antoine Lavoisier"", ""Marie Curie""]",0,,,,,,
course_122_la_naissance_de_l_impressionnisme,course_122_la_naissance_de_l_impressionnisme_q6,mcq,Kde se konala první impresionistická výstava v roce 1874?,"Skupina vystavuje v bývalé dílně fotografa Nadara, kvůli nedostatku přístupu do oficiálního salonu.","[""V ateliéru fotografa Nadara"", ""V oficiálním salonu Louvre"", ""V muzeu Orsay"", ""Na Akademii výtvarných umění""]",0,,,,,,
course_122_la_naissance_de_l_impressionnisme,course_122_la_naissance_de_l_impressionnisme_q7,mcq,Jaký umělecký vliv z Asie inspiroval asymetrické rámování impresionistů?,"Japonské tisky poskytují asymetrické rámování a pohledy z ptačí perspektivy, které byly dříve v Evropě neslýchané.","[""Japonské tisky"", ""Čínská kaligrafie"", ""Perské miniatury"", ""byzantské mozaiky""]",0,,,,,,
course_122_la_naissance_de_l_impressionnisme,course_122_la_naissance_de_l_impressionnisme_q8,chronological,Seřaďte tyto fáze impresionismu chronologicky.,"Tyto tři milníky se rozprostírají od roku 1863 do roku 1886, od počátečního skandálu až po konec kolektivních výstav skupiny.",,,"[""Skandál Manetova Déjeuner sur l'herbe"", ""První samostatná výstava v Nadaru"", ""Poslední z osmi výstav skupiny""]",,,,,
course_122_la_naissance_de_l_impressionnisme,course_122_la_naissance_de_l_impressionnisme_q9,numericSlider,Ve kterém roce uspořádali impresionisté svou první samostatnou výstavu?,První samostatná výstava skupiny se konala v dubnu 1874 v ateliéru fotografa Nadara.,,,,1874.0,1850.0,1900.0,3.0,
course_123_le_caravage_et_le_clair_obscur,course_123_le_caravage_et_le_clair_obscur_q1,mcq,Jaké je skutečné jméno malíře známého jako Caravaggio?,"Caravaggiovo skutečné jméno je Michelangelo Merisi, původem z oblasti Milána.","[""Michelangelo Merisi"", ""Michelangelo Buonarroti"", ""Domenico Fetti"", ""Annibale Carracci""]",0,,,,,,
course_123_le_caravage_et_le_clair_obscur,course_123_le_caravage_et_le_clair_obscur_q2,mcq,"Jak se nazývá extrémní forma šerosvitu, kterou vynalezl Caravaggio?","Tenebrismus ponoří scénu do neprůhledné temnoty, z níž se sochařskou silou vynořují těla.","[""Tenebrismus"", ""Sfumato"", ""Pointilismus"", ""Manýrismus""]",0,,,,,,
course_123_le_caravage_et_le_clair_obscur,course_123_le_caravage_et_le_clair_obscur_q3,trueFalse,Pravda nebo lež: Caravaggio si pro malování svých svatých vybíral své modely z řad žebráků a prostých lidí.,"Odmítl idealizovat své náboženské postavy a vzal si své modely z ulice, což pohoršovalo jeho současníky.","[""Pravda"", ""Nepravda""]",0,,,,,,
course_123_le_caravage_et_le_clair_obscur,course_123_le_caravage_et_le_clair_obscur_q4,mcq,Který obraz z roku 1600 ohromuje Řím svou posvátností na tváři ulice?,"Povolání svatého Matouše, namalované pro kapli Contarelli, vnucuje posvátno zosobněné obyčejnými lidmi.","[""Povolání svatého Matouše"", ""Noční hlídka"", ""Mladé dámy z Avignonu"", ""Vor Medúzy""]",0,,,,,,
course_123_le_caravage_et_le_clair_obscur,course_123_le_caravage_et_le_clair_obscur_q5,mcq,Proč musel Caravaggio v roce 1606 uprchnout z Říma?,"Během rvačky v roce 1606 zabil Ranuccia Tomassoniho a byl odsouzen k smrti, čímž byl nucen odejít do exilu.","[""Během rvačky zabije Ranuccia Tomassoniho"", ""Je obviněn z kacířství"", ""Ukradne královský řád"", ""Veřejně uráží papeže""]",0,,,,,,
course_123_le_caravage_et_le_clair_obscur,course_123_le_caravage_et_le_clair_obscur_q6,mcq,"Jaký styl odmítl Caravaggio, považovaný za příliš půvabný a umělý?","Odmítá úskoky manýrismu, tento půvabný a pokřivený styl, který mu předcházel.","[""Manýrismus"", ""Baroko"", ""Neoklasicismus"", ""Romantismus""]",0,,,,,,
course_123_le_caravage_et_le_clair_obscur,course_123_le_caravage_et_le_clair_obscur_q7,mcq,Který holandský malíř později zdědil Caravaggiovu stínovou poezii?,Rembrandt přebírá a prohlubuje odkaz caravaggského šerosvitu ve svém vlastním stylu.,"[""Rembrandt"", ""Vermeer"", ""Van Eyck"", ""Bruegel""]",0,,,,,,
course_123_le_caravage_et_le_clair_obscur,course_123_le_caravage_et_le_clair_obscur_q8,numericSlider,V kolika letech zemřel Caravaggio na útěku v Porto Ercole?,"Pronásledovaný a zraněný Caravaggio zemřel ve věku 38 let, několik dní před papežskou milostí.",,,,38.0,20.0,60.0,2.0,let
course_123_le_caravage_et_le_clair_obscur,course_123_le_caravage_et_le_clair_obscur_q9,chronological,Seřaďte tyto události v Caravaggiově životě v chronologickém pořadí.,"Tato dráha zahrnuje jeho příchod kolem roku 1593, jeho triumf v roce 1600, jeho exil po roce 1606 a jeho smrt v roce 1610.",,,"[""Příjezd do Říma"", ""Povolání svatého Matouše ohromuje město"", ""Vražda Ranuccia Tomassoniho a útěk"", ""Smrt v Porto Ercole""]",,,,,
course_124_rembrandt_et_l_ecole_flamande,course_124_rembrandt_et_l_ecole_flamande_q1,mcq,"V jakém politickém prostoru působí Rembrandt, poháněn buržoazním trhem s uměním?","V 17. století si holandská protestantská buržoazie objednala obrazy pro své domovy, aniž by procházela církví nebo soudem.","[""Spojené provincie (Nizozemsko)"", ""Francie"", ""Španělsko"", ""Itálie""]",0,,,,,,
course_124_rembrandt_et_l_ecole_flamande,course_124_rembrandt_et_l_ecole_flamande_q2,mcq,"Jak se nazývá Rembrandtova charakteristická tlustá, vyvýšená malířská technika?","Impasto je tato barva nanášená tak hustá, že vytváří reliéf, který jde proti vkusu pro hladké povrchy.","[""Pasto"", ""Sfumato"", ""Šedost"", ""Akvarel""]",0,,,,,,
course_124_rembrandt_et_l_ecole_flamande,course_124_rembrandt_et_l_ecole_flamande_q3,trueFalse,Pravda nebo nepravda: Noční hlídka ve skutečnosti představuje denní scénu.,"Název je dezinterpretací: scéna je denní, ale staletí špinavého laku ztmavila plátno do té míry, že naznačuje noc.","[""Pravda"", ""Nepravda""]",0,,,,,,
course_124_rembrandt_et_l_ecole_flamande,course_124_rembrandt_et_l_ecole_flamande_q4,mcq,Co obraz známý jako Noční hlídka skutečně představuje?,"Toto je rota kapitána Franse Banninga Cocqa, milice, která se projevuje spíše v pohybu než v souladu s konvencemi.","[""Buržoazní miliční společnost v pohybu"", ""Autoportrét od Rembrandta"", ""Biblická noční scéna"", ""Nizozemská krajina""]",0,,,,,,
course_124_rembrandt_et_l_ecole_flamande,course_124_rembrandt_et_l_ecole_flamande_q5,mcq,Jaká finanční událost postihla Rembrandta v roce 1656?,V roce 1656 vedl Rembrandtův osobní bankrot k dražbě jeho domu a sbírek.,"[""Jeho osobní bankrot"", ""Jeho zušlechťování"", ""Jeho manželství"", ""Jeho vyhnanství""]",0,,,,,,
course_124_rembrandt_et_l_ecole_flamande,course_124_rembrandt_et_l_ecole_flamande_q6,numericSlider,Kolik autoportrétů Rembrandt během svého života přibližně namaloval?,"Rembrandt během téměř čtyřiceti let namaloval kolem 80 až 90 autoportrétů, což je unikátní svědectví o jeho vývoji.",,,,85.0,50.0,120.0,10.0,
course_124_rembrandt_et_l_ecole_flamande,course_124_rembrandt_et_l_ecole_flamande_q7,mcq,Který malíř 17. století ovlivnil Rembrandtův šerosvit?,"Rembrandt znovu objevuje šerosvit zděděný od Caravaggia tím, že je interiérovější a emotivnější.","[""Caravaggio"", ""Botticelli"", ""Tizian"", ""Giotto""]",0,,,,,,
course_124_rembrandt_et_l_ecole_flamande,course_124_rembrandt_et_l_ecole_flamande_q8,trueFalse,"Pravda nebo lež: Rembrandt na konci života změkčil svůj styl, aby potěšil módu a zachránil své jmění.","Naopak, navzdory ničivému životnímu stylu odmítá změkčit svůj styl a zůstává věrný své umělecké vizi.","[""Pravda"", ""Nepravda""]",1,,,,,,
course_124_rembrandt_et_l_ecole_flamande,course_124_rembrandt_et_l_ecole_flamande_q9,chronological,Seřaďte tyto etapy Rembrandtova života v chronologickém pořadí.,"Tyto milníky sahají od roku 1631 do roku 1669, od jeho triumfální instalace v Amsterdamu až po jeho smrt.",,,"[""Přílet do Amsterdamu"", ""Noční hlídka"", ""Osobní bankrot"", ""Smrt malíře""]",,,,,
course_125_le_romantisme_en_peinture_delacroix_geri,course_125_le_romantisme_en_peinture_delacroix_geri_q1,mcq,Proti kterému hnutí se romantismus postavil v reakci?,"Romantismus stojí proti chladné přísnosti neoklasicismu, kterou ztělesňuje Jacques-Louis David.","[""Neoklasicismus"", ""Baroko"", ""Impresionismus"", ""Pop art""]",0,,,,,,
course_125_le_romantisme_en_peinture_delacroix_geri,course_125_le_romantisme_en_peinture_delacroix_geri_q2,mcq,Jaká skutečná událost inspiruje Vor Medúzy od Géricaulta?,"Géricault byl inspirován skutečným potopením Méduse v roce 1816, kde kapitán nechal na voru asi 150 námořníků.","[""Potopení fregaty Méduse"", ""Bitva u Waterloo"", ""Červencová revoluce"", ""Pařížská centrála""]",0,,,,,,
course_125_le_romantisme_en_peinture_delacroix_geri,course_125_le_romantisme_en_peinture_delacroix_geri_q3,trueFalse,Pravda nebo lež: Delacroix namaloval Liberty Leading the People na oslavu červencové revoluce z roku 1830.,"Obraz oslavuje tři slavná léta, revoluční dny července 1830.","[""Pravda"", ""Nepravda""]",0,,,,,,
course_125_le_romantisme_en_peinture_delacroix_geri,course_125_le_romantisme_en_peinture_delacroix_geri_q4,mcq,Jaká cesta změnila Delacroixovu paletu v roce 1832?,Jeho cesta do Maroka v roce 1832 mu odhalila nové světlo a částečně založila orientalismus.,"[""Výlet do Maroka"", ""Výlet do Itálie"", ""Výlet do Egypta"", ""Výlet do Řecka""]",0,,,,,,
course_125_le_romantisme_en_peinture_delacroix_geri,course_125_le_romantisme_en_peinture_delacroix_geri_q5,mcq,"Který akademický malíř se postavil proti Delacroixovi tím, že bránil linii spíše než barvu?","Jean-Auguste-Dominique Ingres, rival Delacroix, brání hladkou a přesnou linii proti emotivní barvě.","[""Ingres"", ""Davide"", ""Géricault"", ""Manet""]",0,,,,,,
course_125_le_romantisme_en_peinture_delacroix_geri,course_125_le_romantisme_en_peinture_delacroix_geri_q6,mcq,"Co dělá Géricault, aby namaloval pravdu o tělech Voru Medúzy?","Géricault studuje mrtvoly, aby realisticky reprezentoval agónii trosečníků.","[""Studuje mrtvoly"", ""Konzultuje vojenské lékaře"", ""Kopíruje antické sochy"", ""Zpovídá pouze přeživší""]",0,,,,,,
course_125_le_romantisme_en_peinture_delacroix_geri,course_125_le_romantisme_en_peinture_delacroix_geri_q7,numericSlider,Kolik námořníků bylo přibližně opuštěno na voru Méduse v roce 1816?,Kapitán jmenovaný královskou přízní opustí asi 150 námořníků na provizorním voru.,,,,150.0,50.0,300.0,20.0,
course_125_le_romantisme_en_peinture_delacroix_geri,course_125_le_romantisme_en_peinture_delacroix_geri_q8,mcq,Kdo se ujal vedení v romantickém hnutí po předčasné smrti Géricaulta?,Po Géricaultově předčasné smrti se Delacroix stal vůdcem hnutí romantismu.,"[""Eugene Delacroix"", ""Ingres"", ""Davide"", ""Manet""]",0,,,,,,
course_125_le_romantisme_en_peinture_delacroix_geri,course_125_le_romantisme_en_peinture_delacroix_geri_q9,chronological,Seřaďte tato díla a události romantismu chronologicky.,"Tyto milníky sahají od roku 1816 do roku 1832, od skutečného ztroskotání až po transformaci Delacroixovy palety Orientem.",,,"[""Potopení fregaty Méduse"", ""Vor Medúzy je vystaven"", ""Červencová revoluce a svoboda ve vedení lidu"", ""Delacroixova cesta do Maroka""]",,,,,
course_126_le_cubisme_picasso_et_braque,course_126_le_cubisme_picasso_et_braque_q1,mcq,"Který malíř radí léčit přírodu skrze válec, kouli a kužel, ovlivňující kubismus?",Cézanne hledá pevnost forem za světlem a přímo inspiruje kubistickou geometrizaci.,"[""Paul Cezanne"", ""Claude Monet"", ""Édouard Manet"", ""Henri Matisse""]",0,,,,,,
course_126_le_cubisme_picasso_et_braque,course_126_le_cubisme_picasso_et_braque_q2,mcq,Jaký objev v muzeu Trocadéro v roce 1907 poznamenal Picassa?,"Picasso objevil na Trocadéro africké a oceánské masky, které tvář spíše konceptualizovaly, než aby ji kopírovaly.","[""Africké a oceánské umění"", ""egyptské umění"", ""byzantské umění"", ""Předkolumbovské umění""]",0,,,,,,
course_126_le_cubisme_picasso_et_braque,course_126_le_cubisme_picasso_et_braque_q3,mcq,Který obraz z roku 1907 označuje výchozí bod kubismu?,"Les Demoiselles d'Avignon se svými ostrými akty ohromily i ty, kdo jsou Picassovi blízcí.","[""Mladé dámy z Avignonu"", ""Guernica"", ""Svoboda vedoucí lid"", ""Oběd na trávě""]",0,,,,,,
course_126_le_cubisme_picasso_et_braque,course_126_le_cubisme_picasso_et_braque_q4,trueFalse,Pravda nebo lež: v analytickém kubismu barva téměř mizí ve prospěch šedé a okrové.,"Mezi lety 1908 a 1912 Picasso a Braque zredukovali barvu, aby přinutili oko na konstrukci vesmíru.","[""Pravda"", ""Nepravda""]",0,,,,,,
course_126_le_cubisme_picasso_et_braque,course_126_le_cubisme_picasso_et_braque_q5,mcq,"Jak se nazývá technika, která kolem roku 1912 zavedla do kubistických maleb noviny a tapety?","Koláž, která se objevila se syntetickým kubismem, přináší do obrazu skutečné materiály, jako jsou noviny.","[""Koláž"", ""Sítotisk"", ""Freska"", ""Šablona""]",0,,,,,,
course_126_le_cubisme_picasso_et_braque,course_126_le_cubisme_picasso_et_braque_q6,mcq,Který kubista vnesl do hnutí zvláštní matematickou přísnost?,Juan Gris rozvíjí přístup ke kubismu poznamenaný geometrickou a matematickou přísností.,"[""Juan Gray"", ""Fernand Léger"", ""Robert Delaunay"", ""Marcel Duchamp""]",0,,,,,,
course_126_le_cubisme_picasso_et_braque,course_126_le_cubisme_picasso_et_braque_q7,mcq,Jaká předchozí profese Georgese Braquea vysvětluje jeho talent pro napodobování materiálů v jeho kolážích?,"Bývalý malíř a dekoratér Braque věděl, jak malovat falešné dřevo tak dokonale, že se zdálo skutečnější než dřevo, které bylo skutečně lepené.","[""Malíř-dekoratér"", ""Fotograf"", ""Sochař"", ""Architekt""]",0,,,,,,
course_126_le_cubisme_picasso_et_braque,course_126_le_cubisme_picasso_et_braque_q8,chronological,Uspořádejte tyto fáze kubismu v chronologickém pořadí.,"Tyto milníky se pohybují od roku 1907 do roku 1912, od počátečního rozpadu až po vynález koláže.",,,"[""Mladé dámy z Avignonu"", ""Analytický kubismus rozebírá objekt"", ""Koláž a syntetický kubismus""]",,,,,
course_126_le_cubisme_picasso_et_braque,course_126_le_cubisme_picasso_et_braque_q9,numericSlider,Kolem kterého roku Picasso dokončil Les Demoiselles d'Avignon?,Picasso dokončil tento zakládající obraz kubismu v roce 1907.,,,,1907.0,1880.0,1930.0,3.0,
course_127_le_surrealisme_dali_et_magritte,course_127_le_surrealisme_dali_et_magritte_q1,mcq,Kdo založil surrealismus se Surrealistickým manifestem v roce 1924?,Básník André Breton založil toto hnutí svým Manifestem surrealismu publikovaným v roce 1924.,"[""André Breton"", ""Salvador Dalí"", ""René Magritte"", ""Tristan Tzara""]",0,,,,,,
course_127_le_surrealisme_dali_et_magritte,course_127_le_surrealisme_dali_et_magritte_q2,mcq,"Jakou metodu vynalezl Dalí, aby namaloval své dobrovolné delirium?","Dalí vynalezl paranoidně kritickou metodu, dobrovolné delirium kombinující heterogenní prvky.","[""Paranoidně kritická metoda"", ""Automatické psaní"", ""Nádherná mrtvola"", ""Koláž""]",0,,,,,,
course_127_le_surrealisme_dali_et_magritte,course_127_le_surrealisme_dali_et_magritte_q3,trueFalse,Pravda nebo lež: surrealismus je inspirován teoriemi Sigmunda Freuda o nevědomí.,"Freud ukazuje, že nevědomí ovládá psychiku, což přímo inspirovalo surrealisty.","[""Pravda"", ""Nepravda""]",0,,,,,,
course_127_le_surrealisme_dali_et_magritte,course_127_le_surrealisme_dali_et_magritte_q4,mcq,Který Dalího obraz zobrazuje měkké hodinky v katalánské krajině?,"The Persistence of Memory, namalovaný v roce 1931, ukazuje měkké hodinky v krajině inspirované Port Lligat.","[""Perzistence paměti"", ""Zrada obrazů"", ""Vor Medúzy"", ""Guernica""]",0,,,,,,
course_127_le_surrealisme_dali_et_magritte,course_127_le_surrealisme_dali_et_magritte_q5,mcq,Jakou větu napsal Magritte pod realisticky namalovanou dýmku?,"Magritte nám ve Zradě obrazů připomíná, že obraz dýmky je pouze znakem, nikoli objektem samotným.","[""Tohle není dýmka"", ""Obrázek je lež"", ""Nic není skutečné"", ""Sen je pravda""]",0,,,,,,
course_127_le_surrealisme_dali_et_magritte,course_127_le_surrealisme_dali_et_magritte_q6,mcq,Jaké hnutí předchází a přímo ovlivňuje surrealismus?,"Po dadaismu, který zničil význam, chtěl Breton obnovit mysl osvobozením myšlení.","[""dadaismus"", ""Kubismus"", ""fauvismus"", ""Romantismus""]",0,,,,,,
course_127_le_surrealisme_dali_et_magritte,course_127_le_surrealisme_dali_et_magritte_q7,trueFalse,Pravda nebo lež: André Breton přezdíval Dalí Avida Dollars a v roce 1939 ho vyloučil z hnutí.,"Breton usoudil, že se Dalí příliš komercializoval a v roce 1939 ho vyloučil ze surrealistické skupiny.","[""Pravda"", ""Nepravda""]",0,,,,,,
course_127_le_surrealisme_dali_et_magritte,course_127_le_surrealisme_dali_et_magritte_q8,mcq,Jakou kolektivní hru vymysleli surrealisté vytvořit bez racionální kontroly?,"The Exquisite Corpse je hra, kde každý přidá větu nebo kresbu, aniž by viděl předchozí příspěvek.","[""Nádherná mrtvola"", ""Koláž"", ""Sítotisk"", ""Děj""]",0,,,,,,
course_127_le_surrealisme_dali_et_magritte,course_127_le_surrealisme_dali_et_magritte_q9,chronological,Seřaďte tyto milníky surrealismu v chronologickém pořadí.,"Tyto milníky se pohybují od roku 1924 do roku 1939, od založení hnutí až po rozchod mezi Bretonem a Dalím.",,,"[""Bretonův Manifest surrealismu"", ""Dalí se připojuje k surrealistické skupině"", ""Perzistence paměti"", ""Bretonovo vyloučení Dalího""]",,,,,
course_128_l_expressionnisme_munch_et_le_cri,course_128_l_expressionnisme_munch_et_le_cri_q1,mcq,Který norský malíř byl průkopníkem expresionismu s Výkřikem?,Nor Edvard Munch udělal z moderního trápení a samoty univerzální symbol s Výkřikem.,"[""Edvarda Muncha"", ""Vincent Van Gogh"", ""Paul Gauguin"", ""Wassily Kandinsky""]",0,,,,,,
course_128_l_expressionnisme_munch_et_le_cri,course_128_l_expressionnisme_munch_et_le_cri_q2,mcq,Které dvě německé skupiny strukturovaly expresionismus na počátku 20. století?,"Die Brücke, syrovější, a Der Blaue Reiter, duchovnější, strukturovaly hnutí v Německu.","[""Die Brücke a Der Blaue Reiter"", ""Nabis a Fauves"", ""Bauhaus a De Stijl"", ""Kubisté a futuristé""]",0,,,,,,
course_128_l_expressionnisme_munch_et_le_cri,course_128_l_expressionnisme_munch_et_le_cri_q3,trueFalse,Pravda nebo lež: Munch ztratil matku a sestru kvůli tuberkulóze.,Tato raná úmrtí měla hluboký dopad na Munchovu práci a podnítila jeho existenciální muka.,"[""Pravda"", ""Nepravda""]",0,,,,,,
course_128_l_expressionnisme_munch_et_le_cri,course_128_l_expressionnisme_munch_et_le_cri_q4,mcq,"Kde měl Munch vizi, která inspirovala The Scream?","Původ Cri se datuje k procházce na kopci Ekeberg, kde se zapadající obloha mění v oheň.","[""Na kopci Ekeberg v Oslu"", ""Na nábřežích v Bergenu"", ""Ve fjordu v severním Norsku"", ""V Paříži""]",0,,,,,,
course_128_l_expressionnisme_munch_et_le_cri,course_128_l_expressionnisme_munch_et_le_cri_q5,mcq,Která přírodní událost je někdy spojena s rudou oblohou v místě původu Křiku?,Popel z erupce Krakatoa v roce 1883 údajně zbarvil západy slunce do ruda po celém světě.,"[""Erupce Krakatoa"", ""Zemětřesení"", ""Aurora borealis"", ""Zatmění Slunce""]",0,,,,,,
course_128_l_expressionnisme_munch_et_le_cri,course_128_l_expressionnisme_munch_et_le_cri_q6,numericSlider,Ve kterém roce bylo poprvé použito slovo „expresionismus“ při berlínské secesi?,"Toto slovo se objevilo v roce 1911 na Berlínské secesi, aby odlišilo umělce odmítající impresionistickou jemnost.",,,,1911.0,1880.0,1930.0,3.0,
course_128_l_expressionnisme_munch_et_le_cri,course_128_l_expressionnisme_munch_et_le_cri_q7,mcq,Kolik verzí Výkřiku Munch celkem namaloval?,"Munch namaloval čtyři verze Výkřiku temperou, pastelem a olejem, což dokazuje, že ho tento motiv pronásledoval už dlouho.","[""Čtyři"", ""Dva"", ""Šest"", ""Pouze jeden""]",0,,,,,,
course_128_l_expressionnisme_munch_et_le_cri,course_128_l_expressionnisme_munch_et_le_cri_q8,trueFalse,"Pravda nebo lež: ve Výkřiku si postava zakrývá uši, protože pláč přichází zvenčí, z krajiny.","Křik je vlastně vnitřní: postava si zakrývá uši tváří v tvář kvílení světa, ne naopak.","[""Pravda"", ""Nepravda""]",1,,,,,,
course_128_l_expressionnisme_munch_et_le_cri,course_128_l_expressionnisme_munch_et_le_cri_q9,mcq,Jakému pozdějšímu uměleckému hnutí pomohla Munchova troufalost vydláždit cestu?,Tato drzost reprezentovat spíše psychologickou pravdu než dokonalou anatomii dláždí cestu surrealismu.,"[""Surrealismus"", ""Kubismus"", ""Impresionismus"", ""Neoklasicismus""]",0,,,,,,
course_129_l_art_abstrait_kandinsky_et_mondrian,course_129_l_art_abstrait_kandinsky_et_mondrian_q1,mcq,Jaké prastaré pravidlo malby porušuje abstraktní umění?,"Abstrakce narušuje mimesis, tuto starodávnou povinnost věrně reprezentovat viditelný svět.","[""Mimesis, povinnost reprezentovat viditelný svět"", ""Použití perspektivy"", ""Použití barvy"", ""Formát tabulky""]",0,,,,,,
course_129_l_art_abstrait_kandinsky_et_mondrian,course_129_l_art_abstrait_kandinsky_et_mondrian_q2,mcq,Jaká událost přiměla Kandinského k abstrakci kolem roku 1910?,"Kandinsky se vrací za soumraku a je rozrušen obrazem, který nepoznává: je to jeden z jeho vlastních, umístěný vzhůru nohama.","[""Rozčiluje ho jeden z jeho obrazů položený vzhůru nohama k nepoznání"", ""Navštěvuje výstavu afrických masek"", ""Čte pojednání od Freuda"", ""Potká Mondriana""]",0,,,,,,
course_129_l_art_abstrait_kandinsky_et_mondrian,course_129_l_art_abstrait_kandinsky_et_mondrian_q3,mcq,Ve které knize Kandinskij v roce 1911 teoretizoval lyrickou abstrakci?,"Kandinsky publikoval Du Spirituel dans l'Art v roce 1911, kde teoretizoval emocionální vibrace barev.","[""Spiritualita v umění"", ""Manifest surrealismu"", ""De Stijl"", ""Mladé dámy z Avignonu""]",0,,,,,,
course_129_l_art_abstrait_kandinsky_et_mondrian,course_129_l_art_abstrait_kandinsky_et_mondrian_q4,trueFalse,"Pravda nebo nepravda: Mondrian dospívá k abstrakci tím, že vychází z řady reprezentací stromů, které postupně zjednodušuje.",V letech 1908 až 1912 jeho série stromů ukazují mizení kmene a větví ve prospěch rámce linií.,"[""Pravda"", ""Nepravda""]",0,,,,,,
course_129_l_art_abstrait_kandinsky_et_mondrian,course_129_l_art_abstrait_kandinsky_et_mondrian_q5,mcq,Jak se nazývá hnutí založené Mondrianem v roce 1917?,Mondrian založil hnutí De Stijl v roce 1917 a teoretizoval neoplasticismus.,"[""De Stijl"", ""Der Blaue Reiter"", ""Die Brücke"", ""Bauhaus""]",0,,,,,,
course_129_l_art_abstrait_kandinsky_et_mondrian,course_129_l_art_abstrait_kandinsky_et_mondrian_q6,mcq,Jaké barvy a tvary Mondrianův neoplasticismus exkluzivně umožňuje?,"Neoplasticismus redukuje umění na rovné linie a tři základní barvy, aby se zaměřil na univerzálnost.","[""Přímá čára a tři základní barvy"", ""Křivky a pastelové barvy"", ""Úhlopříčky a černá a bílá"", ""Květinové vzory a teplé tóny""]",0,,,,,,
course_129_l_art_abstrait_kandinsky_et_mondrian,course_129_l_art_abstrait_kandinsky_et_mondrian_q7,mcq,Která škola založená Walterem Gropiusem v roce 1919 spojuje abstrakci s designem a architekturou?,"Na Bauhausu, který založil Walter Gropius v roce 1919, Kandinsky učil a Mondrianovou estetikou inspirovali architekty a designéry.","[""Bauhaus"", ""Škola výtvarných umění"", ""Akademie ve Florencii"", ""Dílna Batignolles""]",0,,,,,,
course_129_l_art_abstrait_kandinsky_et_mondrian,course_129_l_art_abstrait_kandinsky_et_mondrian_q8,chronological,Seřaďte tyto milníky abstraktního umění v chronologickém pořadí.,"Tyto milníky se pohybují od roku 1910 do roku 1919, od počátků Kandinského až po vstup abstrakce do designu.",,,"[""Kandinsky se posouvá k abstrakci"", ""Vychází Spiritual in Art"", ""Mondrian zakládá De Stijl"", ""Založení Bauhausu""]",,,,,
course_129_l_art_abstrait_kandinsky_et_mondrian,course_129_l_art_abstrait_kandinsky_et_mondrian_q9,numericSlider,Ve kterém roce Mondrian založil hnutí De Stijl?,Mondrian založil De Stijl v roce 1917 a teoretizoval tam neoplasticismus.,,,,1917.0,1900.0,1930.0,3.0,
course_12_la_strategie_de_napoleon_a_ulm_1805,course_12_la_strategie_de_napoleon_a_ulm_1805_q1,numericSlider,Ve kterém roce se kampaň v Ulmu konala?,"Ulmské tažení proběhlo v říjnu 1805, několik týdnů před vítězstvím u Slavkova.",,,,1805.0,1780.0,1830.0,3.0,
course_12_la_strategie_de_napoleon_a_ulm_1805,course_12_la_strategie_de_napoleon_a_ulm_1805_q2,mcq,Kdo velí rakouské armádě zatlačené do Ulmu?,"Generál Karl Mack velí rakouské armádě, o níž se domnívá, že je ukrytá za hradbami Ulmu.","[""Generál Karl Mack"", ""Car Alexandr I"", ""Generál Kutuzov"", ""Sám císař František II""]",0,,,,,,
course_12_la_strategie_de_napoleon_a_ulm_1805,course_12_la_strategie_de_napoleon_a_ulm_1805_q3,trueFalse,"Pravda nebo lež: Rakousko čeká na příchod ruských posil, než vyšle své jednotky do Ulmu.","Rakousko na Rusy nečeká: samo tlačí do Ulmu asi 70 000 mužů, což je chyba, která Macka izoluje.","[""Pravda"", ""Nepravda""]",1,,,,,,
course_12_la_strategie_de_napoleon_a_ulm_1805,course_12_la_strategie_de_napoleon_a_ulm_1805_q4,mcq,"Co je napoleonský armádní sbor, klíčový přínos tažení?","Každý armádní sbor je autonomní síla schopná manévrovat samostatně, což umožňuje sedmi sborům pochodovat paralelně směrem k Ulmu.","[""Malá autonomní armáda s pěchotou, jízdou a děly"", ""Pouze lehký jezdecký pluk"", ""Napoleonova zpravodajská služba"", ""Císařova osobní stráž""]",0,,,,,,
course_12_la_strategie_de_napoleon_a_ulm_1805,course_12_la_strategie_de_napoleon_a_ulm_1805_q5,mcq,Jakou roli hraje maršál Murat v obkličovacím manévru?,"Murat obsadil Macka ze západu, zatímco ostatní maršálové obešli Ulm ze severu, aby mu odřízli cestu do Vídně.","[""Soustředí Mackovu pozornost na západ, zatímco ostatní sbory krouží kolem Ulmu"", ""Zničí rakouskou flotilu"", ""Vyjednává o Mackově kapitulaci"", ""Velí obléhacímu dělostřelectvu""]",0,,,,,,
course_12_la_strategie_de_napoleon_a_ulm_1805,course_12_la_strategie_de_napoleon_a_ulm_1805_q6,numericSlider,Kolik rakouských vojáků se vzdalo při kapitulaci Ulmu 17. října 1805?,17. října 1805 na místě v Ulmu složilo zbraně 27 000 rakouských vojáků.,,,,27000.0,10000.0,50000.0,3000.0,vojáků
course_12_la_strategie_de_napoleon_a_ulm_1805,course_12_la_strategie_de_napoleon_a_ulm_1805_q7,mcq,Co se stalo s francouzskou flotilou ve stejném týdnu jako kapitulace Ulmu?,Tentýž měsíc u Trafalgaru admirál Nelson zničil francouzsko-španělskou flotilu a nechal Anglii pod kontrolou moře.,"[""To je zničeno Nelsonem u Trafalgaru"", ""Zajímá anglickou flotilu"", ""Blokuje vídeňský přístav"", ""Vrací se triumfálně do Toulonu""]",0,,,,,,
course_12_la_strategie_de_napoleon_a_ulm_1805,course_12_la_strategie_de_napoleon_a_ulm_1805_q8,chronological,Seřaďte tyto fáze tažení do Ulmu a Slavkova v chronologickém pořadí.,"Tyto čtyři etapy probíhají od konce září do prosince 1805: otočení směrem k Německu, obklíčení, kapitulace Macka, pak rozhodující vítězství Slavkova.",,,"[""Překročení Rýna Grande Armée"", ""Přechod přes Dunaj za Mackem"", ""Kapitulace Ulmu"", ""Vítězství Slavkova""]",,,,,
course_12_la_strategie_de_napoleon_a_ulm_1805,course_12_la_strategie_de_napoleon_a_ulm_1805_q9,mcq,Co řekl generál Mack Napoleonovi během jejich setkání po kapitulaci?,"Mack se tak staví před Napoleona, který mu přesto vrací meč při večeři mezi důstojníky.","[""\""Přichází ten nešťastný Mack\"""", ""„Ať žije císař“"", ""\""Nikdy se nevzdám\"""", ""“Rakousko děkuje”""]",0,,,,,,
course_130_le_pop_art_warhol_et_lichtenstein,course_130_le_pop_art_warhol_et_lichtenstein_q1,mcq,"Ve které zemi se zrodil pop art, než explodoval ve Spojených státech?","Pop Art se zrodil ve Velké Británii s Independent Group, než explodoval ve Spojených státech v 60. letech.","[""Velká Británie"", ""Francie"", ""Německo"", ""Itálie""]",0,,,,,,
course_130_le_pop_art_warhol_et_lichtenstein,course_130_le_pop_art_warhol_et_lichtenstein_q2,mcq,"Které umělecké hnutí pop-art odmítá, považuje se za příliš introspektivní?","Pop umělci vystupovali proti abstraktnímu expresionismu, introspektivní malby tehdy dominovaly.","[""Abstraktní expresionismus"", ""Kubismus"", ""Surrealismus"", ""Romantismus""]",0,,,,,,
course_130_le_pop_art_warhol_et_lichtenstein,course_130_le_pop_art_warhol_et_lichtenstein_q3,mcq,Jak se jmenuje kolektivní studio Andyho Warhola v New Yorku?,"Warholova továrna funguje jako továrna, kde spolu vyrábějí asistenti a přátelé.","[""Továrna"", ""Bauhaus"", ""Dílna Batignolles"", ""Studio 54""]",0,,,,,,
course_130_le_pop_art_warhol_et_lichtenstein,course_130_le_pop_art_warhol_et_lichtenstein_q4,mcq,Jakou techniku ​​použil Warhol k reprodukování obrazu jako Marilyn Monroe tucetkrát?,"Sítotisk umožňuje Warholovi znásobit obraz, což ilustruje myšlenku, že reprodukce transformuje auru díla.","[""Sítotisk"", ""Freska"", ""Akvarel"", ""Mozaika""]",0,,,,,,
course_130_le_pop_art_warhol_et_lichtenstein,course_130_le_pop_art_warhol_et_lichtenstein_q5,mcq,Jaký charakteristický vizuální motiv Lichtenstein ručně reprodukuje na svých plátnech inspirovaných komiksy?,"Ben-Day dot, ruční imitace průmyslového tiskového procesu, je Lichtensteinův vizuální podpis.","[""Bod Ben-Day"", ""Novinový papír koláž"", ""Pasto"", ""Sfumato""]",0,,,,,,
course_130_le_pop_art_warhol_et_lichtenstein,course_130_le_pop_art_warhol_et_lichtenstein_q6,trueFalse,"Pravda nebo lež: Richard Hamilton popsal Pop Art v roce 1957 přídavnými jmény jako pomíjivý, levný a sexy.","V roce 1957 Hamilton takto shrnul umění navržené tak, aby bylo spotřebováno stejně rychle jako časopis.","[""Pravda"", ""Nepravda""]",0,,,,,,
course_130_le_pop_art_warhol_et_lichtenstein,course_130_le_pop_art_warhol_et_lichtenstein_q7,mcq,Který Lichtensteinův obraz proměňuje vzdušný bojový komiks v monumentální obraz?,Whaam! transformuje diverzní komiksový panel na velkoformátový obraz moderní historie.,"[""Whaam!"", ""Perzistence paměti"", ""Výkřik"", ""Guernica""]",0,,,,,,
course_130_le_pop_art_warhol_et_lichtenstein,course_130_le_pop_art_warhol_et_lichtenstein_q8,numericSlider,Ve kterém roce dosáhl Warholův portrét Marilyn v aukci 195 milionů dolarů?,"V roce 2022 se tento portrét Marilyn stává jedním z nejdražších amerických uměleckých děl, která se kdy prodala.",,,,2022.0,1990.0,2024.0,2.0,
course_130_le_pop_art_warhol_et_lichtenstein,course_130_le_pop_art_warhol_et_lichtenstein_q9,chronological,Seřaďte tyto pop-artové milníky v chronologickém pořadí.,"Tyto milníky se pohybují od roku 1957 do roku 2022, od definice hnutí až po vysvěcení jeho ikon na uměleckém trhu.",,,"[""Richard Hamilton definuje pop art"", ""Warhol a Lichtenstein vnucují ve Spojených státech popovou estetiku"", ""Portrét Marilyn se prodává za 195 milionů dolarů""]",,,,,
course_131_la_naissance_de_la_musique_electronique,course_131_la_naissance_de_la_musique_electronique_q1,mcq,"Kdo v roce 1920 vynalezl Theremin, nástroj hraný bez kontaktu?","V roce 1920 ruský vynálezce Leon Theremin navrhl zařízení, na které se hraje pohybem rukou v blízkosti elektromagnetických antén.","[""Leon Theremin"", ""Robert Moog"", ""Pierre Schaeffer"", ""Karlheinz Stockhausen""]",0,,,,,,
course_131_la_naissance_de_la_musique_electronique,course_131_la_naissance_de_la_musique_electronique_q2,mcq,Kdo vynalezl musique beton v Paříži po roce 1945?,Pierre Schaeffer a Pierre Henry vynalezli hudební beton záznamem a manipulací s každodenními zvuky na magnetickou pásku.,"[""Pierre Schaeffer a Pierre Henry"", ""Ralf Hütter a Florian Schneider"", ""Juan Atkins a Derrick May"", ""Robert Moog a Wendy Carlos""]",0,,,,,,
course_131_la_naissance_de_la_musique_electronique,course_131_la_naissance_de_la_musique_electronique_q3,trueFalse,"Pravda nebo lež: musique concrete je založeno na zvucích vytvářených oscilátory, bez jakéhokoli skutečného akustického zdroje.","Je to naopak: musique concrete vychází ze skutečných nahraných zvuků, zatímco čistá kolínská syntéza využívá oscilátory.","[""Pravda"", ""Nepravda""]",1,,,,,,
course_131_la_naissance_de_la_musique_electronique,course_131_la_naissance_de_la_musique_electronique_q4,mcq,Kdo miniaturizoval syntezátor pomocí tranzistorů v 60. letech?,"Americký inženýr Robert Moog miniaturizoval syntezátor pomocí tranzistorů, díky čemuž byl použitelný ve studiu.","[""Robert Moog"", ""Leon Theremin"", ""Petr Henry"", ""Frankie Knuckles""]",0,,,,,,
course_131_la_naissance_de_la_musique_electronique,course_131_la_naissance_de_la_musique_electronique_q5,mcq,"Které album z roku 1968 dokazuje, že elektronika snese složitost klasické hudby?","Switched-On Bach od Wendy Carlos demonstroval v roce 1968, že syntezátor může provádět komplexní klasická díla.","[""Zapnutý Bach"", ""dálnice"", ""Muž Stroj"", ""Trans-Europe Express""]",0,,,,,,
course_131_la_naissance_de_la_musique_electronique,course_131_la_naissance_de_la_musique_electronique_q6,mcq,Která německá skupina vnucuje chladný a opakující se pop alby jako Autobahn a The Man-Machine?,"Skupina Kraftwerk, kterou založili Ralf Hütter a Florian Schneider v Düsseldorfu, zpívá o dálnici, robotu a městě.","[""Kraftwerk"", ""Die Brücke"", ""Der Blaue Reiter"", ""Mandarinkový sen""]",0,,,,,,
course_131_la_naissance_de_la_musique_electronique,course_131_la_naissance_de_la_musique_electronique_q7,mcq,Jaký levný bicí automat z 80. let se stal klíčovým nástrojem v house a techno?,Zpočátku komerční selhání považované za nereálné se TR-808 stalo levnou zbraní chicagských DJs.,"[""Roland TR-808"", ""Syntezátor Moog"", ""Theremin"", ""Hammondovy varhany""]",0,,,,,,
course_131_la_naissance_de_la_musique_electronique,course_131_la_naissance_de_la_musique_electronique_q8,mcq,Který DJ vytříbil house music v Chicagu v 80. letech?,Frankie Knuckles vylepšuje chicagský house se svým pravidelným 4/4 rytmem zděděným z disca.,"[""Frankie Knuckles"", ""Juan Atkins"", ""Derrick May"", ""Kevin Saunderson""]",0,,,,,,
course_131_la_naissance_de_la_musique_electronique,course_131_la_naissance_de_la_musique_electronique_q9,mcq,"Které město vynalezlo techno, řízené třemi kamarády z univerzity v 80. letech?","V Detroitu vynalezli Juan Atkins, Derrick May a Kevin Saunderson temnější elektronickou estetiku: techno.","[""Detroit"", ""Chicago"", ""Berlín"", ""Düsseldorf""]",0,,,,,,
course_131_la_naissance_de_la_musique_electronique,course_131_la_naissance_de_la_musique_electronique_q10,chronological,Seřaďte tyto milníky elektronické hudby v chronologickém pořadí.,"Tyto milníky sahají od roku 1920 do 80. let, od průkopnických laboratoří až po zrod moderního elektronického tance.",,,"[""Vynález Thereminu"", ""Zrození hudebního betonu v Paříži"", ""Switched-On Bach popularizuje syntezátor"", ""House a techno se rodí v Chicagu a Detroitu""]",,,,,
course_132_bob_dylan_et_la_folk_protest,course_132_bob_dylan_et_la_folk_protest_q1,mcq,Proč mladý Robert Zimmerman odešel v roce 1961 z Minnesoty do New Yorku?,"Dylan obdivuje folkového zpěváka Woodyho Guthrieho, hlas pracujících a utlačovaných, a chce se s ním především setkat.","[""Chce se setkat se svým idolem Woodym Guthriem, poté hospitalizován"", ""Chce jít na konkurz do newyorské talentové show"", ""Prchá před hádkou s rodinou"", ""Chce studovat hudbu na univerzitě""]",0,,,,,,
course_132_bob_dylan_et_la_folk_protest,course_132_bob_dylan_et_la_folk_protest_q2,mcq,Ve které bohémské čtvrti Manhattanu se Dylan usadil a podepsal smlouvu s Columbia Records?,"Greenwich Village, srdce lidového obrození, je čtvrť, kde se Dylan toulal po kavárnách, než na konci roku 1961 podepsal smlouvu s Columbií.","[""Greenwich Village"", ""Harlem"", ""Brooklyn"", ""Times Square""]",0,,,,,,
course_132_bob_dylan_et_la_folk_protest,course_132_bob_dylan_et_la_folk_protest_q3,trueFalse,Pravda nebo lež: V srpnu 1963 Dylan zpíval na Pochodu ve Washingtonu těsně před projevem Martina Luthera Kinga.,"Dylan vystupuje před 250 000 lidmi, krátce před slavným projevem Martina Luthera Kinga.","[""Pravda"", ""Nepravda""]",0,,,,,,
course_132_bob_dylan_et_la_folk_protest,course_132_bob_dylan_et_la_folk_protest_q4,numericSlider,"Ve kterém roce vyšlo album The Freewheelin' Bob Dylan, které obsahuje Blowin' in the Wind?","The Freewheelin' Bob Dylan, vydaný v roce 1963, založil Blowin' in the Wind jako protestní hymnu.",,,,1963.0,1958.0,1970.0,1.0,
course_132_bob_dylan_et_la_folk_protest,course_132_bob_dylan_et_la_folk_protest_q5,mcq,"Jaký nástroj vydal Dylan na festivalu v Newportu v roce 1965, čímž vyvolal pískání lidových puristů?",Zapojením elektrického Stratocastera v Newportu Dylan vynalezl folk-rock a pobouřil část veřejnosti.,"[""Elektrická kytara Fender Stratocaster"", ""Elektrické piano"", ""Elektrická basa"", ""Syntetizátor""]",0,,,,,,
course_132_bob_dylan_et_la_folk_protest,course_132_bob_dylan_et_la_folk_protest_q6,mcq,Z čeho někteří lidé z lidové veřejnosti vinili Dylana v Newportu 1965?,Puristická veřejnost posuzuje elektřinu jako komerční zradu tradičního lidu.,"[""Za to, že hraním na elektriku zradil akustickou čistotu folku"", ""Za to, že zpíval francouzsky"", ""Za odmítnutí jít na pódium"", ""Za kritiku Woodyho Guthrieho""]",0,,,,,,
course_132_bob_dylan_et_la_folk_protest,course_132_bob_dylan_et_la_folk_protest_q7,chronological,Seřaďte tyto fáze kariéry Boba Dylana v chronologickém pořadí.,"Od roku 1961 do roku 2016 se Dylan dostal od příjezdu do New Yorku k získání Nobelovy ceny za literaturu, překonal pochod ve Washingtonu a elektrický posun v Newportu.",,,"[""Přílet do New Yorku a objevení Greenwich Village"", ""Účast na pochodu ve Washingtonu"", ""Přechod na elektrickou kytaru v Newportu"", ""Získání Nobelovy ceny za literaturu""]",,,,,
course_132_bob_dylan_et_la_folk_protest,course_132_bob_dylan_et_la_folk_protest_q8,trueFalse,"Pravda nebo lež: v roce 2016 se Bob Dylan stal prvním rockovým skladatelem, který obdržel Nobelovu cenu za literaturu.",Švédská akademie poprvé uznává rockového skladatele jako skvělého spisovatele.,"[""Pravda"", ""Nepravda""]",0,,,,,,
course_132_bob_dylan_et_la_folk_protest,course_132_bob_dylan_et_la_folk_protest_q9,mcq,"Která Dylanova píseň, vydaná v roce 1963, se stala hymnou protestu proti rasismu a válce?",Blowin' in the Wind na albu Boba Dylana The Freewheelin' se stalo hymnou protestsongu.,"[""Foukání ve větru"", ""Jako Rolling Stone"", ""Hurikán"", ""Klepání na nebeskou bránu""]",0,,,,,,
course_133_le_hip_hop_naissance_d_une_culture,course_133_le_hip_hop_naissance_d_une_culture_q1,mcq,Ve které čtvrti New Yorku se zrodil hip-hop na začátku 70. let?,"Právě v Bronxu, zpustošeném ničením bydlení a spekulacemi s nemovitostmi, se zrodil hip-hop.","[""Bronx"", ""Harlem"", ""Brooklyn"", ""Královny""]",0,,,,,,
course_133_le_hip_hop_naissance_d_une_culture,course_133_le_hip_hop_naissance_d_une_culture_q2,mcq,Kdo zorganizoval večírek 11. srpna 1973 považovaný za zrod hip-hopu?,"Jamajský přistěhovalec Clive Campbell, známý jako Kool DJ Herc, pořádá tuto párty na 1520 Sedgwick Avenue.","[""Skvělý DJ Herc"", ""Velmistr Flash"", ""Afrika Bambaataa"", ""Velký čaroděj Theodore""]",0,,,,,,
course_133_le_hip_hop_naissance_d_une_culture,course_133_le_hip_hop_naissance_d_une_culture_q3,mcq,"Jakou techniku ​​vynalezl Kool Herc tím, že izoloval rytmickou část desky dvěma gramofony?","Kool Herc vynalézá breakbeat, který izoluje a prodlužuje nejtanečnější část desky.","[""Přestávka"", ""Škrábání"", ""Digitální vzorkování"", ""Beatboxing""]",0,,,,,,
course_133_le_hip_hop_naissance_d_une_culture,course_133_le_hip_hop_naissance_d_une_culture_q4,trueFalse,"Pravda nebo lež: hip-hop je založen na čtyřech disciplínách, DJingu, MCingu, breakdance a graffiti.",Tyto čtyři pilíře strukturovaly hip-hopovou kulturu od jejích počátků v Bronxu.,"[""Pravda"", ""Nepravda""]",0,,,,,,
course_133_le_hip_hop_naissance_d_une_culture,course_133_le_hip_hop_naissance_d_une_culture_q5,mcq,"Kdo vynalezl škrábání náhodou v roce 1975, ve věku pouhých 12 let?","Velký čaroděj Theodore zasekává desku do ruky, aby slyšel svou matku, a tak vynalezl škrábání.","[""Velký čaroděj Theodore"", ""Kool Herc"", ""Velmistr Flash"", ""Afrika Bambaataa""]",0,,,,,,
course_133_le_hip_hop_naissance_d_une_culture,course_133_le_hip_hop_naissance_d_une_culture_q6,mcq,Která organizace založená Afrika Bambaataa chce nahradit násilí gangů uměleckou soutěží?,"Afrika Bambaataa založila Universal Zulu Nation na hodnotách míru, lásky, jednoty a potěšení.","[""Univerzální národ Zuluů"", ""Zuřivá pětka"", ""Bronx United"", ""Národ islámu""]",0,,,,,,
course_133_le_hip_hop_naissance_d_une_culture,course_133_le_hip_hop_naissance_d_une_culture_q7,numericSlider,"Ve kterém roce byla vydána Rapper's Delight by the Sugarhill Gang, první velký komerční úspěch rapu?","Rapper's Delight, vydaný v roce 1979, dokázal, že rap může být celosvětovým hitem.",,,,1979.0,1970.0,1990.0,2.0,
course_133_le_hip_hop_naissance_d_une_culture,course_133_le_hip_hop_naissance_d_une_culture_q8,chronological,Seřaďte tyto milníky v historii hip-hopu v chronologickém pořadí.,Od zakládající strany v roce 1973 po Pulitzer v roce 2018 jde hip-hop od kultury sousedství k institucionálně uznávanému umění.,,,"[""Kool Herc vymýšlí breakbeat na párty v Bronxu"", ""Rapper's Delight se stává mezinárodním úspěchem"", ""The Message vnucuje společenskou kroniku rapu"", ""Kendrick Lamar přebírá Pulitzerovu cenu za hudbu""]",,,,,
course_133_le_hip_hop_naissance_d_une_culture,course_133_le_hip_hop_naissance_d_une_culture_q9,trueFalse,Pravda nebo nepravda: V 90. letech 20. století rivalita mezi východním a západním pobřežím stála proti The Notorious B.I.G. a Tupac Shakur.,Tato rivalita strukturovala rapový průmysl v 90. letech mezi newyorskou lyrickou virtuozitu a kalifornský gangsta rap.,"[""Pravda"", ""Nepravda""]",0,,,,,,
course_134_l_opera_de_verdi,course_134_l_opera_de_verdi_q1,mcq,"Která opera z roku 1842 proslavila Verdiho díky sboru Va, pensiero?","Nabucco triumfoval v roce 1842 a jeho sbor Va, pensiero se stal tajnou hymnou v okupované Itálii.","[""Nabucco"", ""Rigoletto"", ""Aida"", ""Otello""]",0,,,,,,
course_134_l_opera_de_verdi,course_134_l_opera_de_verdi_q2,mcq,"Co říká sbor Va, pensiero z Nabucca, který se stal italskou vlasteneckou hymnou?","Nabucco vypráví o vyhnanství Hebrejů do Babylonu, příběh, který rezonuje s Rakouskem okupovanou Itálií.","[""Vyhnanství Hebrejů do Babylonu"", ""Bitva u Waterloo"", ""Obléhání Říma"", ""Francouzská revoluce""]",0,,,,,,
course_134_l_opera_de_verdi,course_134_l_opera_de_verdi_q3,trueFalse,"Pravda nebo lež: slogan Viva VERDI, napsaný na italských zdech, skrývá zkratku Vittorio Emanuele Re D'Italia.",Za jménem skladatele se skrývá politické poselství ve prospěch budoucího italského krále.,"[""Pravda"", ""Nepravda""]",0,,,,,,
course_134_l_opera_de_verdi,course_134_l_opera_de_verdi_q4,mcq,"Které italské politické hnutí Verdi podporoval, až se v roce 1861 stal poslancem?","Verdi se stal postavou Risorgimenta, národního sjednocovacího hnutí vedeného Cavourem.","[""Risorgimento"", ""Fašismus"", ""karbonarismus"", ""Socialismus""]",0,,,,,,
course_134_l_opera_de_verdi,course_134_l_opera_de_verdi_q5,mcq,Na základě jakého francouzského románu La Traviata vychází?,"La Traviata adaptuje Dámu s kaméliemi, která šokuje svou současnou a tuberkulózní hrdinkou.","[""Dáma s kaméliemi od Alexandra Dumase fils"", ""Notre-Dame de Paris od Victora Huga"", ""Les Miserables od Victora Huga"", ""Madame Bovary od Gustava Flauberta""]",0,,,,,,
course_134_l_opera_de_verdi,course_134_l_opera_de_verdi_q6,trueFalse,Pravda nebo lež: Aida byla složena pro Káhiru u příležitosti vrtání Suezského průplavu.,"Aida byla objednána v roce 1871 pro Káhiru a Suezský průplav, kde se mísila podívaná a drama.","[""Pravda"", ""Nepravda""]",0,,,,,,
course_134_l_opera_de_verdi,course_134_l_opera_de_verdi_q7,numericSlider,Ve kterém roce zemřel Verdi a po něm více než 300 000 lidí v Miláně?,Verdi zemřel v roce 1901; dav spontánně zpíval Nabucco během jeho pohřbu.,,,,1901.0,1850.0,1950.0,3.0,
course_134_l_opera_de_verdi,course_134_l_opera_de_verdi_q8,chronological,Seřaďte tyto Verdiho opery v chronologickém pořadí jejich vzniku.,"Od Nabucca v roce 1842 po Falstaffa v roce 1893, Verdi pokrývá více než padesát let lyrické tvorby.",,,"[""Nabucco triumfuje a Va, pensiero se stává hymnou"", ""Oblíbená trilogie končí La Traviatou"", ""Aida je stvořena pro Káhiru"", ""Vzniká Falstaff, poslední opera""]",,,,,
course_134_l_opera_de_verdi,course_134_l_opera_de_verdi_q9,mcq,Který německý skladatel naproti Verdimu ztělesňuje další velkou cestu opery 19. století?,Tváří v tvář Wagnerovi a jeho totální mytologické práci zůstává Verdi věrný italské melodické čistotě.,"[""Richard Wagner"", ""Johannes Brahms"", ""Franz Liszt"", ""Robert Schumann""]",0,,,,,,
course_135_mozart_enfant_prodige_et_vie_tragique,course_135_mozart_enfant_prodige_et_vie_tragique_q1,mcq,Ve kterém městě se narodil Mozart v roce 1756?,Wolfgang Amadeus Mozart se narodil 27. ledna 1756 v Salcburku.,"[""Salzburg"", ""Vídeň"", ""Praha"", ""Paříž""]",0,,,,,,
course_135_mozart_enfant_prodige_et_vie_tragique,course_135_mozart_enfant_prodige_et_vie_tragique_q2,mcq,"Kdo organizoval zájezdy po evropských dvorech od svých šesti let, když bylo Mozartovi šest let?","Leopold, ambiciózní houslista a učitel, organizoval tyto zájezdy, které procvičily ucho jeho syna.","[""Jeho otec Leopold"", ""arcibiskup Colloredo"", ""Císař Josef II"", ""Josef Haydn""]",0,,,,,,
course_135_mozart_enfant_prodige_et_vie_tragique,course_135_mozart_enfant_prodige_et_vie_tragique_q3,mcq,Jakého úspěchu dosáhl Mozart v Itálii v roce 1770 s Miserere Gregoria Allegriho?,Po jediném poslechu v Sixtinské kapli Mozart tuto chráněnou partituru zpaměti přepsal.,"[""Přepište to z paměti po jediném slyšení"", ""Přeložte to do němčiny"", ""Veďte to před papežem"", ""Přeorganizujte jej pro sólový klavír""]",0,,,,,,
course_135_mozart_enfant_prodige_et_vie_tragique,course_135_mozart_enfant_prodige_et_vie_tragique_q4,trueFalse,Pravda nebo lež: v roce 1781 opustil Mozart služby arcibiskupa Colloreda a stal se nezávislým skladatelem ve Vídni.,"Mozart se stal jedním z prvních skladatelů na volné noze v historii, když se v roce 1781 usadil ve Vídni.","[""Pravda"", ""Nepravda""]",0,,,,,,
course_135_mozart_enfant_prodige_et_vie_tragique,course_135_mozart_enfant_prodige_et_vie_tragique_q5,mcq,Která opera z roku 1786 představuje výbuch Mozartova dramatického génia ve Vídni?,"Figarova svatba, vytvořená v roce 1786, dává opeře nebývalou moderní psychologii.","[""Figarova svatba"", ""Don Giovanni"", ""Kouzelná flétna"", ""Cosi fan tutte""]",0,,,,,,
course_135_mozart_enfant_prodige_et_vie_tragique,course_135_mozart_enfant_prodige_et_vie_tragique_q6,numericSlider,"Ve kterém roce zemřel Mozart, bylo mu pouhých 35 let?",Mozart zemřel 5. prosince 1791 a jeho Requiem zůstalo nedokončené.,,,,1791.0,1750.0,1820.0,2.0,
course_135_mozart_enfant_prodige_et_vie_tragique,course_135_mozart_enfant_prodige_et_vie_tragique_q7,mcq,Jaké nedokončené dílo složil Mozart těsně před svou smrtí na tajnou zakázku?,"Tajemný emisar pověří Mozarta, aby napsal Requiem, které nemůže dokončit před svou smrtí.","[""Requiem"", ""Kouzelná flétna"", ""Symfonie č. 41"", ""Klarinetový koncert""]",0,,,,,,
course_135_mozart_enfant_prodige_et_vie_tragique,course_135_mozart_enfant_prodige_et_vie_tragique_q8,trueFalse,"Pravda nebo lež: byl to skladatel Antonio Salieri, kdo po své smrti dokončil Mozartovo Requiem.","Requiem dokončil jeho žák Franz Xaver Süssmayr, aby zbytek řádu obdržela vdova Constance.","[""Pravda"", ""Nepravda""]",1,,,,,,
course_135_mozart_enfant_prodige_et_vie_tragique,course_135_mozart_enfant_prodige_et_vie_tragique_q9,chronological,Seřaďte tyto etapy Mozartova života v chronologickém pořadí.,Od evropského turné po jeho smrt v roce 1791 přes Řím a vídeňský rozpad se Mozartův život zrychloval až do jeho předčasného konce.,,,"[""Mozart cestuje po Evropě pod vedením svého otce"", ""Z paměti přepisuje Allegriho Miserere v Itálii"", ""Rozchází se s arcibiskupem Colloredem a usadí se ve Vídni"", ""Dokončí Kouzelnou flétnu a krátce poté umírá""]",,,,,
course_136_beethoven_genie_et_surdite,course_136_beethoven_genie_et_surdite_q1,mcq,Ve kterém městě se Beethoven narodil v roce 1770?,Ludwig van Beethoven se narodil v Bonnu v roce 1770 pod vedením brutálního otce.,"[""Bonn"", ""Vídeň"", ""Salzburg"", ""Lipsko""]",0,,,,,,
course_136_beethoven_genie_et_surdite,course_136_beethoven_genie_et_surdite_q2,mcq,U kterého slavného skladatele Beethoven krátce studoval po svém příjezdu do Vídně v roce 1792?,Po příjezdu do hlavního města hudby Beethoven krátce studoval u Josepha Haydna.,"[""Josef Haydn"", ""Mozart"", ""Bach"", ""Schubert""]",0,,,,,,
course_136_beethoven_genie_et_surdite,course_136_beethoven_genie_et_surdite_q3,trueFalse,"Pravda nebo lež: v Heiligenstadt Testament napsaném v roce 1802 se Beethoven svěřuje se sebevražednými myšlenkami, než se rozhodne žít pro skládání.","Tento dopis jeho bratrům, který nebyl nikdy odeslán, znamená posun k hrdinskému období jeho stvoření.","[""Pravda"", ""Nepravda""]",0,,,,,,
course_136_beethoven_genie_et_surdite,course_136_beethoven_genie_et_surdite_q4,mcq,"Komu byla Heroická symfonie poprvé věnována, než Beethoven věnování stáhl?","Beethoven odvolá věnování, když je Napoleon prohlášen císařem.","[""Napoleon Bonaparte"", ""Císař Josef II"", ""kníže Lichnovský"", ""Car Alexandr I""]",0,,,,,,
course_136_beethoven_genie_et_surdite,course_136_beethoven_genie_et_surdite_q5,mcq,Která báseň Friedricha von Schillera inspiruje sborové finále 9. symfonie?,Finále Deváté proměňuje Schillerovu Ódu na radost v poselství univerzálního bratrství.,"[""Óda na radost"", ""Zbojníci"", ""Vilém Tell"", ""Marie Stuartovna""]",0,,,,,,
course_136_beethoven_genie_et_surdite,course_136_beethoven_genie_et_surdite_q6,numericSlider,Ve kterém roce dokončil Beethoven svou 9. symfonii?,"Beethoven dokončil Devátou symfonii v roce 1824, kdy byl téměř úplně hluchý.",,,,1824.0,1780.0,1830.0,3.0,
course_136_beethoven_genie_et_surdite,course_136_beethoven_genie_et_surdite_q7,mcq,"Kdo přiměje nyní hluchého Beethovena otočit se, aby viděl dav stojící na premiéře Devátého?","Protože Beethovena neslyšela ovace, vrátila ho kontraaltka Caroline Unger, aby viděl dav stát.","[""Kontralt Caroline Unger"", ""Klavírista Franz Liszt"", ""Jeho bratr"", ""Josef Haydn""]",0,,,,,,
course_136_beethoven_genie_et_surdite,course_136_beethoven_genie_et_surdite_q8,trueFalse,"Pravda nebo lež: Beethoven si nechal rozřezat nohy svých klavírů, aby lépe cítil vibrace skrz podlahu.","Aby Beethoven kompenzoval svou hluchotu, nechal rozřezat nohy svých klavírů tak, aby spočívaly přímo na podlaze.","[""Pravda"", ""Nepravda""]",0,,,,,,
course_136_beethoven_genie_et_surdite,course_136_beethoven_genie_et_surdite_q9,chronological,Seřaďte tyto etapy Beethovenova života v chronologickém pořadí.,Od svého příjezdu do Vídně v roce 1792 až po Devátou symfonii z roku 1824 proměnil Beethoven svou zkoušku hluchoty v monumentální dílo.,,,"[""Beethoven se usadí ve Vídni a studuje u Haydna"", ""Napsal Testament z Heiligenstadtu"", ""Složil Hrdinskou symfonii"", ""Dokončuje Devátou symfonii a Ódu na radost""]",,,,,
course_137_la_naissance_du_rock_n_roll,course_137_la_naissance_du_rock_n_roll_q1,mcq,Jaké tři hudební styly se spojily a daly vzniknout rock'n'rollu v 50. letech?,"Rock'n'roll spojuje hudbu dlouho oddělenou rasovými bariérami: blues, country a gospel.","[""Blues, country a gospel"", ""Jazz, opera a klasická hudba"", ""Reggae, salsa a blues"", ""Barokní hudba a folk""]",0,,,,,,
course_137_la_naissance_du_rock_n_roll,course_137_la_naissance_du_rock_n_roll_q2,mcq,S jakým producentem Elvis Presley nahrál That's All Right v roce 1954?,Právě s producentem Samem Phillipsem v Memphisu Elvis nahrál svou první významnou píseň.,"[""Sam Phillips v Memphisu"", ""Berry Gordy, v Detroitu"", ""Sam Cooke v Chicagu"", ""Leonard Chess v New Yorku""]",0,,,,,,
course_137_la_naissance_du_rock_n_roll,course_137_la_naissance_du_rock_n_roll_q3,mcq,Jakou hudební inovaci přinesl Chuck Berry do rock'n'rollu?,"Chuck Berry vnucuje riff, opakovaný kytarový motiv, který se stává páteří skladby.","[""Opakovaný kytarový riff"", ""Škrábání"", ""Mřížka ve dvanácti taktech"", ""Beatboxing""]",0,,,,,,
course_137_la_naissance_du_rock_n_roll,course_137_la_naissance_du_rock_n_roll_q4,trueFalse,"Pravda nebo lež: V roce 1956 kamery v The Ed Sullivan Show natočily Elvise Presleyho pouze nad pas, jeho výkyvy v kyčlích byly považovány za příliš skandální.","Elvisovy pohyby boky šokovaly puritánskou Ameriku natolik, že ho show záměrně rámuje nad pas.","[""Pravda"", ""Nepravda""]",0,,,,,,
course_137_la_naissance_du_rock_n_roll,course_137_la_naissance_du_rock_n_roll_q5,mcq,Co je podle kurzu obal v hudebním průmyslu 50. let?,"Obálky umožňují bílým verzím, jako je Tutti Frutti od Pata Boonea, prodávat se lépe než černé originály.","[""Rozředěná bílá verze černého hitu, lépe propagovaná v rádiích"", ""Koncertně předvedený věrný obal"", ""Elektronický remix staré písně"", ""Francouzský překlad amerického titulu""]",0,,,,,,
course_137_la_naissance_du_rock_n_roll,course_137_la_naissance_du_rock_n_roll_q6,mcq,Jaký hudební styl inspiruje syrovou energii a pláč Little Richarda na klavír?,"Malý Richard zdědil z gospelu zápal a energii, kterou přenáší na stojící klavír.","[""Evangelium"", ""Klasika"", ""cool jazz"", ""Samotné akustické blues""]",0,,,,,,
course_137_la_naissance_du_rock_n_roll,course_137_la_naissance_du_rock_n_roll_q7,numericSlider,Ve kterém roce Elvis Presley nahrál That's All Right v domě Sama Phillipse?,V roce 1954 tato nahrávka Sama Phillipse znamenala skutečný začátek rock'n'rollu.,,,,1954.0,1945.0,1965.0,1.0,
course_137_la_naissance_du_rock_n_roll,course_137_la_naissance_du_rock_n_roll_q8,chronological,Seřaďte tyto fáze zrodu rock'n'rollu v chronologickém pořadí.,"Od Elvisovy nahrávky v roce 1954 až po britskou invazi v 60. letech 20. století vznikal rock'n'roll, který se pak šířil po celém světě.",,,"[""Elvis Presley nahrává That's All Right v domě Sama Phillipse"", ""Chuck Berry a Little Richard vnucují riff a syrovou energii"", ""Elvis šokuje Ameriku v show Eda Sullivana"", ""Beatles a Rolling Stones zahajují britskou invazi""]",,,,,
course_137_la_naissance_du_rock_n_roll,course_137_la_naissance_du_rock_n_roll_q9,trueFalse,"Pravda nebo lež: byl to DJ Alan Freed, kdo popularizoval výraz rock'n'roll pro označení tohoto nového hudebního žánru.","DJ Alan Freed popularizoval tento termín, dříve používaný v blues k označení něčeho jiného.","[""Pravda"", ""Nepravda""]",0,,,,,,
course_138_bach_et_la_musique_baroque,course_138_bach_et_la_musique_baroque_q1,mcq,Ve kterém městě se narodil Bach v roce 1685?,Johann Sebastian Bach se narodil v Eisenachu v roce 1685 do dynastie hudebníků.,"[""Eisenach"", ""Lipsko"", ""Vídeň"", ""Hamburg""]",0,,,,,,
course_138_bach_et_la_musique_baroque,course_138_bach_et_la_musique_baroque_q2,mcq,Jakou pozici zastával Bach od roku 1723 v Lipsku?,"V roce 1723 se Bach stal kantorem kostela sv. Tomáše v Lipsku, což byla drtivá pozice.","[""Kantor kostela Saint-Thomas"", ""Císařský dvorní varhaník"", ""Operní dirigent"", ""Kapellmeister francouzskému králi""]",0,,,,,,
course_138_bach_et_la_musique_baroque,course_138_bach_et_la_musique_baroque_q3,trueFalse,"Pravda nebo lež: v roce 1717 strávil Bach měsíc ve vězení ve Výmaru za to, že příliš trval na rezignaci.","Vévoda z Výmaru odmítá nechat Bacha odejít do Köthenu, což ho stojí měsíc ve vazbě.","[""Pravda"", ""Nepravda""]",0,,,,,,
course_138_bach_et_la_musique_baroque,course_138_bach_et_la_musique_baroque_q4,numericSlider,Kolik kantát za svůj život složil přibližně Bach?,"Odhaduje se, že tam bylo kolem 300 kantát složených Bachem, z nichž asi 200 se dostalo k nám.",,,,300.0,100.0,500.0,30.0,kantáty
course_138_bach_et_la_musique_baroque,course_138_bach_et_la_musique_baroque_q5,mcq,Co dokazuje The Well-Tempered Clavier díky rovnocennému temperamentu?,"Díky vyrovnanému temperamentu Bach demonstruje, že stejná klávesnice může hrát ve všech klávesách.","[""Že klávesnice může hrát ve všech klávesách"", ""Že varhany jsou lepší než klavír"", ""Že fuga je vedlejší žánr"", ""Ta posvátná hudba musí zůstat jednoduchá""]",0,,,,,,
course_138_bach_et_la_musique_baroque,course_138_bach_et_la_musique_baroque_q6,trueFalse,Pravda nebo nepravda: Po jeho smrti zůstala Bachova hudba okamžitě velmi populární a nadále byla široce provozována.,"Při jeho smrti móda preferovala galantní, lehčí styl a Bach se pak v očích své doby zdál zastaralý.","[""Pravda"", ""Nepravda""]",1,,,,,,
course_138_bach_et_la_musique_baroque,course_138_bach_et_la_musique_baroque_q7,mcq,Kdo obnovil hlavní proslulost Bacha v roce 1829 provedením Matoušových pašijí v Berlíně?,Mladý Felix Mendelssohn zahájil Bachovu renesanci v roce 1829 dirigováním Matoušových pašijí.,"[""Felix Mendelssohn"", ""Johannes Brahms"", ""Franz Liszt"", ""Robert Schumann""]",0,,,,,,
course_138_bach_et_la_musique_baroque,course_138_bach_et_la_musique_baroque_q8,mcq,"Co znamená nápis SDG, který Bach často přidává do svých partitur?",Horlivý luterán Bach často podepisuje svá díla SDG pro Soli Deo Gloria.,"[""Soli Deo Gloria, jedině Bohu sláva"", ""Sic Deus Gloriae, modlitební formule"", ""Jeho Božský génius, přezdívka, kterou dali jeho studenti"", ""Studio de Grande Gloire, název jeho dílny""]",0,,,,,,
course_138_bach_et_la_musique_baroque,course_138_bach_et_la_musique_baroque_q9,chronological,Seřaďte tyto milníky v Bachově životě a odkazu v chronologickém pořadí.,V letech 1723 až 1977 se Bach z málo známého kantora stal zvukovým vyslancem lidstva ve vesmíru.,,,"[""Bach se stává kantorem kostela sv. Tomáše v Lipsku"", ""Dokončuje celý dobře temperovaný klavír"", ""Mendelssohn vede Matoušské pašije v Berlíně"", ""NASA bere svá díla na palubu sond Voyager""]",,,,,
course_139_la_naissance_du_jazz_americain,course_139_la_naissance_du_jazz_americain_q1,mcq,Ve kterém americkém městě se na konci 19. století zrodil jazz?,"Přístav Louisiana a křižovatka kultur, New Orleans je zvukovou laboratoří, kde se zrodil jazz.","[""New Orleans"", ""Chicago"", ""New York"", ""Memphis""]",0,,,,,,
course_139_la_naissance_du_jazz_americain,course_139_la_naissance_du_jazz_americain_q2,mcq,"Co je to Congo Square, zmiňované jako klíčové místo pro zrod jazzu?","Na Congo Square, jediném místě nabízejícím toto právo nedělního setkání, přežívají bubny a africké polyrytmy.","[""Jediné místo, kde se v neděli mohlo setkat černé obyvatelstvo"", ""Harlemský jazzový klub"", ""Nahrávací studio v New Orleans"", ""Hudební škola založená Buddym Boldenem""]",0,,,,,,
course_139_la_naissance_du_jazz_americain,course_139_la_naissance_du_jazz_americain_q3,trueFalse,Pravda nebo lež: Jazzový průkopník Buddy Bolden po sobě zanechal četné nahrávky svého kornetu.,"Buddy Bolden nebyl nikdy zaznamenán: jeho legenda spočívá pouze na zprávách těch, kteří ho slyšeli.","[""Pravda"", ""Nepravda""]",1,,,,,,
course_139_la_naissance_du_jazz_americain,course_139_la_naissance_du_jazz_americain_q4,mcq,"Co přináší improvizace, prezentovaná jako zásadní zlom mezi jazzem a evropskou hudbou?","S improvizací už partitura není zákonem, ale mřížkou, na které hudebník komponuje v reálném čase.","[""Hudebník skládá v reálném čase na mřížce, místo aby sledoval pevnou partituru"", ""Hudebník hraje vždy stejnou partituru identicky"", ""Orchestr systematicky nahrazuje sólistu"", ""Tanec se stává důležitějším než hudba""]",0,,,,,,
course_139_la_naissance_du_jazz_americain,course_139_la_naissance_du_jazz_americain_q5,mcq,Který hudebník postavil virtuózního sólistu do centra jazzu po Velké migraci do Chicaga a New Yorku?,Louis Armstrong staví virtuózního sólistu do centra jazzu během jeho růstu v Chicagu a New Yorku.,"[""Louis Armstrong"", ""Duke Ellington"", ""Charlie Parker"", ""Miles Davis""]",0,,,,,,
course_139_la_naissance_du_jazz_americain,course_139_la_naissance_du_jazz_americain_q6,mcq,"Který styl, vynalezený Charliem Parkerem po roce 1945, dává přednost rychlým tempům a komplexním harmoniím?","Charlie Parker vynalezl bebop, poslech hudby s rychlým tempem a komplexními harmoniemi.","[""bebop"", ""Houpačka"", ""Volný jazz"", ""Ragtime""]",0,,,,,,
course_139_la_naissance_du_jazz_americain,course_139_la_naissance_du_jazz_americain_q7,numericSlider,"Ve kterém roce vydal Miles Davis Kind of Blue, dnes stále nejprodávanější jazzovou desku na světě?","Kind of Blue, vydaný v roce 1959, vynalezl modální jazz zpomalením změn akordů.",,,,1959.0,1940.0,1975.0,2.0,
course_139_la_naissance_du_jazz_americain,course_139_la_naissance_du_jazz_americain_q8,chronological,Seřaďte tyto etapy jazzové historie v chronologickém pořadí.,Od náměstí Kongo po Kind of Blue jazz prochází téměř stoletím postupných vynálezů.,,,"[""Jazz se objevuje v New Orleans kolem Congo Square a dechových kapel"", ""Louis Armstrong prosadil virtuózního sólistu v Chicagu a New Yorku"", ""Charlie Parker vynalezl bebop"", ""Miles Davis vydává Kind of Blue a modální jazz""]",,,,,
course_139_la_naissance_du_jazz_americain,course_139_la_naissance_du_jazz_americain_q9,trueFalse,Pravda nebo lež: newyorský klub Birdland má svůj název podle přezdívky Charlieho Parkera Bird.,"Klub Birdland je pojmenován na počest Charlieho Parkera, přezdívaného Bird.","[""Pravda"", ""Nepravda""]",0,,,,,,
course_13_la_bataille_de_waterloo_1815,course_13_la_bataille_de_waterloo_1815_q1,numericSlider,Ve kterém roce se odehrála bitva u Waterloo?,Bitva u Waterloo se odehrála 18. června 1815 v Belgii.,,,,1815.0,1780.0,1840.0,3.0,
course_13_la_bataille_de_waterloo_1815,course_13_la_bataille_de_waterloo_1815_q2,mcq,"Kdo byli dva velitelé, kteří čelili Napoleonovi u Waterloo?","Napoleon čelí jak vévodovi z Wellingtonu, tak pruskému maršálu Blücherovi.","[""Wellington (britský) a Blücher (pruský)"", ""Nelson (Brit) a Kutuzov (Rus)"", ""Mack (Rakousko) a Alexander I (Rus)"", ""Wellington (Britský) a Francis II (Rakousko)""]",0,,,,,,
course_13_la_bataille_de_waterloo_1815,course_13_la_bataille_de_waterloo_1815_q3,mcq,"Jaký byl Napoleonův původní plán před bitvou, nazývaný Centrální pozice?","Napoleon se chce postavit mezi dvě nepřátelské armády a porazit je jednu po druhé, než se spojí.","[""Umístěte se mezi Wellingtona a Blüchera, abyste je porazili samostatně"", ""Přímý útok na Brusel"", ""Počkejte na rakouské posily"", ""Obklopení Wellingtonu po moři""]",0,,,,,,
course_13_la_bataille_de_waterloo_1815,course_13_la_bataille_de_waterloo_1815_q4,trueFalse,"Pravda nebo lež: Napoleon poslal maršála Grouchyho, aby pronásledoval Prusy za Lignym, protože si myslel, že je vyřadil z akce.","Napoleon věřil, že Prusové byli po Ligny neutralizováni a oddělil Grouchy s 33 000 muži, aby je pronásledoval, což byla chyba, která by byla drahá.","[""Pravda"", ""Nepravda""]",0,,,,,,
course_13_la_bataille_de_waterloo_1815,course_13_la_bataille_de_waterloo_1815_q5,mcq,Proč Napoleon čekal s útokem do 11:30 ráno 18. června?,"Po nočním dešti Napoleon počkal, až zem uschne, než přesunul své dělostřelectvo, což dalo Blücherovi čas dorazit.","[""Chce, aby zem vyschla, aby mohla přesunout svou Velkou baterii děl"", ""Čeká na posily z Grouchy"", ""Vyjednává s Wellingtonem o příměří"", ""Čeká na východ slunce""]",0,,,,,,
course_13_la_bataille_de_waterloo_1815,course_13_la_bataille_de_waterloo_1815_q6,mcq,Jaká událost vyvolala paniku a porážku francouzské armády u Waterloo?,"Císařská garda, která byla spuštěna jako poslední možnost, poprvé ustupuje a zazní výkřik „Garda ustupuje!“ » přemění ústup na útěk.","[""Ústup císařské gardy"", ""Napoleonova smrt na bojišti"", ""Příchod rakouských posil"", ""Zničení Velké baterie""]",0,,,,,,
course_13_la_bataille_de_waterloo_1815,course_13_la_bataille_de_waterloo_1815_q7,mcq,Kam byl Napoleon vyhoštěn po své konečné porážce u Waterloo?,"Po své abdikaci 22. června 1815 byl Napoleon vyhoštěn na Svatou Helenu, izolovaný ostrov v jižním Atlantiku, kde v roce 1821 zemřel.","[""Svatá Helena"", ""Ostrov Elba"", ""Korsika"", ""Malta""]",0,,,,,,
course_13_la_bataille_de_waterloo_1815,course_13_la_bataille_de_waterloo_1815_q8,chronological,Seřaďte tyto události ze sta dní v chronologickém pořadí.,"Tyto čtyři etapy probíhají od 1. března do 22. června 1815: návrat z ostrova Elba, částečné vítězství Ligny, porážka Waterloo, poté abdikace.",,,"[""Napoleonovo vylodění u Antibes"", ""Bitva u Ligny"", ""Bitva u Waterloo"", ""Napoleonova definitivní abdikace""]",,,,,
course_13_la_bataille_de_waterloo_1815,course_13_la_bataille_de_waterloo_1815_q9,mcq,O čem rozhodl Vídeňský kongres po definitivním Napoleonově pádu?,"Vídeňský kongres ukládá zásadu legitimity a obnovuje královské dynastie, aby vytvořily Koncert Evropy, který udrží mír až do roku 1914.","[""Usazení královských dynastií zpět na jejich trůny, Legitimita"", ""Rozdělte Francii na čtyři království"", ""Zrušte všechny evropské monarchie"", ""Dejte korunu Francie Wellingtonu""]",0,,,,,,
course_140_le_blues_racines_de_toute_la_musique_mod,course_140_le_blues_racines_de_toute_la_musique_mod_q1,mcq,Ve kterém regionu se koncem 19. století zrodil blues?,Blues se zrodilo v bídě bavlníkových polí Mississippi na hlubokém jihu.,"[""Hluboký jih, v bavlníkových polích Mississippi"", ""Pouze přístavní města v Louisianě"", ""Průmyslový sever Spojených států"", ""Texaské pláně""]",0,,,,,,
course_140_le_blues_racines_de_toute_la_musique_mod,course_140_le_blues_racines_de_toute_la_musique_mod_q2,mcq,"Jakou hlavní hudební inovaci vynalezlo blues, poté se ujalo jazzu a rocku?","Dvanáctitaktová struktura, mřížka tří akordů, se stává plátnem pro improvizaci v celém blues.","[""Struktura ve dvanácti taktech"", ""Symfonie ve čtyřech větách"", ""A cappella rap"", ""Populární opera""]",0,,,,,,
course_140_le_blues_racines_de_toute_la_musique_mod,course_140_le_blues_racines_de_toute_la_musique_mod_q3,mcq,Co znamená úzké hrdlo používané bluesovými kytaristy?,"Úzké hrdlo, nasunuté na struny kytary, uvádí nástroj do dialogu s hlasem zpěváka.","[""Přes struny navlékla skleněná nebo kovová trubička"", ""Typ dřevěného trsátka"", ""Elektrický efektový pedál"", ""Zvláštní ladění basů""]",0,,,,,,
course_140_le_blues_racines_de_toute_la_musique_mod,course_140_le_blues_racines_de_toute_la_musique_mod_q4,trueFalse,"Pravda nebo lež: Robert Johnson zanechal stovky nahrávek, což vysvětluje jeho velký vliv.","Robert Johnson zanechal pouze 29 nahrávek, ale jejich vliv zůstává obrovský.","[""Pravda"", ""Nepravda""]",1,,,,,,
course_140_le_blues_racines_de_toute_la_musique_mod,course_140_le_blues_racines_de_toute_la_musique_mod_q5,mcq,Jaká je legenda o Robertu Johnsonovi na rozcestí?,"Legenda Crossroads říká, že Johnson prodal svou duši ďáblu výměnou za své mistrovství na kytaru.","[""Zaprodal by svou duši ďáblu, aby ovládl kytaru"", ""Potkal by svou ženu"", ""Sweet Home Chicago by složil za jedinou noc"", ""Údajně ho objevil newyorský producent""]",0,,,,,,
course_140_le_blues_racines_de_toute_la_musique_mod,course_140_le_blues_racines_de_toute_la_musique_mod_q6,mcq,"Ve kterém městě se ve 40. letech 20. století stalo blues elektrickým proudem, který řídil Muddy Waters?","V Chicagu se blues stalo elektrifikovaným, aby přehlušilo hluk továren, s Muddy Watersem a Howlin' Wolfem.","[""Chicago"", ""New Orleans"", ""Memphis"", ""Detroit""]",0,,,,,,
course_140_le_blues_racines_de_toute_la_musique_mod,course_140_le_blues_racines_de_toute_la_musique_mod_q7,trueFalse,Pravda nebo lež: název britské skupiny Rolling Stones je převzat z písně Muddyho Waterse.,"Rolling Stones vzali svůj název podle písně od Muddy Waterse, kterou pomohli představit bělošskému publiku.","[""Pravda"", ""Nepravda""]",0,,,,,,
course_140_le_blues_racines_de_toute_la_musique_mod,course_140_le_blues_racines_de_toute_la_musique_mod_q8,numericSlider,"Kolem kterého roku se blues stalo v Chicagu elektrickým, řízené Muddym Watersem?","Bylo to ve 40. letech, kdy se venkovské Delta blues v Chicagu stalo elektrickým.",,,,1945.0,1900.0,1980.0,5.0,
course_140_le_blues_racines_de_toute_la_musique_mod,course_140_le_blues_racines_de_toute_la_musique_mod_q9,chronological,Seřaďte tyto etapy historie blues v chronologickém pořadí.,"Od venkovského Deep South po britský export, blues prošlo téměř stoletím transformace.",,,"[""Blues se zrodilo v bavlníkových polích hlubokého jihu s holky a spirituály"", ""Robert Johnson nahrává své písně v deltě Mississippi"", ""Blues se v Chicagu elektrifikuje s Muddy Watersem"", ""Rolling Stones a Led Zeppelin reexportují blues mezi širokou veřejnost""]",,,,,
course_141_la_naissance_de_la_photographie,course_141_la_naissance_de_la_photographie_q1,mcq,"Jaké zařízení používali umělci před rokem 1839 k promítání vnějšího světa, aniž by mohli obraz opravit?","Temná komora promítá vnější svět na zeď, ale obraz zmizí, jakmile se zhasne světlo.","[""Temná místnost"", ""Daguerrotypie"", ""Kalotyp"", ""Fotoaparát Kodak""]",0,,,,,,
course_141_la_naissance_de_la_photographie,course_141_la_naissance_de_la_photographie_q2,mcq,Kdo vytvořil první známý trvalý fotografický obraz kolem let 1826-1827?,"Nicéphore Niépce opravuje první trvalý obraz, Pohled z okna Gras, na plech.","[""Nicéphore Niépce"", ""Louis Daguerre"", ""William Fox Talbot"", ""George Eastman""]",0,,,,,,
course_141_la_naissance_de_la_photographie,course_141_la_naissance_de_la_photographie_q3,trueFalse,Pravda nebo nepravda: Niépceova první fotografie vyžadovala expozici přibližně 8 hodin.,"Expozice trvá asi 8 hodin, tedy dlouho, aby slunce osvítilo obě strany budov na snímku.","[""Pravda"", ""Nepravda""]",0,,,,,,
course_141_la_naissance_de_la_photographie,course_141_la_naissance_de_la_photographie_q4,mcq,"Jaký britský proces, vyvinutý souběžně s daguerrotypií, umožňuje vytvořit několik kopií z negativu?","Kalotyp Williama Foxe Talbota umožňuje, na rozdíl od daguerrotypie, vytvořit několik kopií stejného obrazu.","[""Kalotyp Williama Foxe Talbota"", ""Bitumen z Judeje"", ""Vizitka"", ""film Kodak""]",0,,,,,,
course_141_la_naissance_de_la_photographie,course_141_la_naissance_de_la_photographie_q5,numericSlider,Ve kterém roce Louis Daguerre představil svůj postup Akademii věd?,Daguerre představil daguerrotypii Akademii věd v roce 1839.,,,,1839.0,1800.0,1870.0,2.0,
course_141_la_naissance_de_la_photographie,course_141_la_naissance_de_la_photographie_q6,mcq,Který fotograf zdokumentoval frontu během krymské války v roce 1855?,Roger Fenton hlásí mezi prvními fotografickými snímky konfliktu během krymské války.,"[""Roger Fenton"", ""Matthew Brady"", ""Louis Daguerre"", ""William Fox Talbot""]",0,,,,,,
course_141_la_naissance_de_la_photographie,course_141_la_naissance_de_la_photographie_q7,mcq,Jaká inovace George Eastmana a Kodaku učinila fotoaparát přenosným koncem 19. století?,"Eastman nahrazuje těžké skleněné desky pružnou fólií, díky čemuž je zařízení přenosné.","[""Flexibilní fólie nahrazující skleněné desky"", ""Elektrický blesk"", ""Digitální zařízení"", ""Objektiv se zoomem""]",0,,,,,,
course_141_la_naissance_de_la_photographie,course_141_la_naissance_de_la_photographie_q8,trueFalse,Pravda nebo lež: Během občanské války fotograf Mathew Brady zdokumentoval vojáky a bojiště.,Mathew Brady fotografuje vojáky a bojiště americké občanské války.,"[""Pravda"", ""Nepravda""]",0,,,,,,
course_141_la_naissance_de_la_photographie,course_141_la_naissance_de_la_photographie_q9,chronological,Seřaďte tyto milníky v historii fotografie v chronologickém pořadí.,Od prvního snímku Niépce po demokratizaci Kodaku se fotografie rozšířila za méně než jedno století.,,,"[""Niépce zírá na první trvalý obraz z okna"", ""Daguerre představuje daguerrotypii v Paříži"", ""Talbot vyvíjí kalotypii a vícenásobnou edici"", ""Kodak demokratizuje amatérský fotoaparát""]",,,,,
course_142_charlie_chaplin_et_le_cinema_muet,course_142_charlie_chaplin_et_le_cinema_muet_q1,mcq,"Jaký vynález bratří Lumièrů, patentovaný v roce 1895, dal vzniknout kinematografii jako kolektivní podívané?","Kinematograf bratří Lumièrů, patentovaný v roce 1895, umožnil první placené veřejné promítání v Paříži.","[""Kinematograf"", ""Kinetoskop"", ""Vitafon"", ""Fonograf""]",0,,,,,,
course_142_charlie_chaplin_et_le_cinema_muet,course_142_charlie_chaplin_et_le_cinema_muet_q2,mcq,"Kdo vynalezl fikci a speciální efekty v kině, krátce po vynálezu bratří Lumièrů?","Georges Méliès, francouzský iluzionista, vynalezl fikci a speciální efekty na samém počátku kinematografie.","[""Georges Méliès"", ""Thomas Edison"", ""Charlie Chaplin"", ""David Griffith""]",0,,,,,,
course_142_charlie_chaplin_et_le_cinema_muet,course_142_charlie_chaplin_et_le_cinema_muet_q3,trueFalse,"Pravda nebo lež: Charlot je chudý, ale důstojný tulák, který se pozná podle buřinky a hole.","Charlot nosí příliš malou buřinku, příliš široké kalhoty a hůl a symbolizuje chudého muže, který si zachovává svou důstojnost.","[""Pravda"", ""Nepravda""]",0,,,,,,
course_142_charlie_chaplin_et_le_cinema_muet,course_142_charlie_chaplin_et_le_cinema_muet_q4,mcq,Který film režiséra Chaplina z roku 1940 je satirou Adolfa Hitlera?,"V roce 1940 natočil Chaplin Velký diktátor, satiru na Hitlera a jeho první všeříkající film.","[""Diktátor"", ""Městská světla"", ""Jazzový zpěvák"", ""Zlatá horečka""]",0,,,,,,
course_142_charlie_chaplin_et_le_cinema_muet,course_142_charlie_chaplin_et_le_cinema_muet_q5,numericSlider,Ve kterém roce vynalezl Chaplin kostým Tramp?,V roce 1914 vynalezl Chaplin kostým Tramp téměř náhodou ve studiové šatně.,,,,1914.0,1895.0,1935.0,3.0,
course_142_charlie_chaplin_et_le_cinema_muet,course_142_charlie_chaplin_et_le_cinema_muet_q6,trueFalse,Pravda nebo lež: po příchodu mluvícího filmu v roce 1927 Chaplin okamžitě opustil němé filmy.,"Chaplin odmítl mluvit a pokračoval v natáčení němých filmů, jako u City Lights v roce 1931.","[""Pravda"", ""Nepravda""]",1,,,,,,
course_142_charlie_chaplin_et_le_cinema_muet,course_142_charlie_chaplin_et_le_cinema_muet_q7,mcq,Proč byl Chaplin v roce 1952 vyloučen z návratu do Spojených států?,"Uprostřed studené války a mccarthismu se Chaplinovi, podezřelému z levicových myšlenek, v roce 1952 zakázal návrat do Spojených států.","[""Je podezřelý, že měl během mccarthismu levicové myšlenky"", ""Odmítl platit americké daně"", ""Urazil vlivného hollywoodského producenta"", ""Byl odsouzen za špionáž""]",0,,,,,,
course_142_charlie_chaplin_et_le_cinema_muet,course_142_charlie_chaplin_et_le_cinema_muet_q8,chronological,Seřaďte tyto fáze Chaplinovy ​​kariéry a filmu v chronologickém pořadí.,"Tyto čtyři milníky (1895, 1914, 1940, 1952) sledují zrod kinematografie, vynález Charlota, Chaplinův politický závazek a poté jeho nucený exil.",,,"[""První veřejné promítání bratří Lumièrů"", ""Chaplin vynalezl kostým Tramp"", ""Odchod diktátora, satira Hitlera"", ""Zákaz návratu do Spojených států""]",,,,,
course_142_charlie_chaplin_et_le_cinema_muet,course_142_charlie_chaplin_et_le_cinema_muet_q9,mcq,"Jakou produkční společnost Chaplin spoluzaložil, aby si udržel plnou kontrolu nad svými filmy?","Chaplin spoluzaložil United Artists, což mu umožnilo zachovat si tvůrčí nezávislost.","[""United Artists"", ""Obrázky RKO"", ""Metro-Goldwyn-Mayer"", ""Paramount Pictures""]",0,,,,,,
course_143_orson_welles_et_citizen_kane,course_143_orson_welles_et_citizen_kane_q1,mcq,Jaká rozhlasová událost z roku 1938 přivedla Orsona Wellese do Hollywoodu?,"30. října 1938 Welles přiměl lidi uvěřit v mimozemskou invazi svou rozhlasovou adaptací Válka světů, která přitáhla pozornost Hollywoodu.","[""Jeho adaptace Válka světů"", ""Jeho inscenace Macbetha v divadle"", ""Jeho první film pro RKO"", ""Přednášková prohlídka kina""]",0,,,,,,
course_143_orson_welles_et_citizen_kane,course_143_orson_welles_et_citizen_kane_q2,mcq,"Jakou vzácnou svobodu poskytla RKO Pictures Wellesovi, aby natočil Občana Kanea?","RKO, studio v obtížích, nabízí Wellesovi vzácnou smlouvu: naprostou svobodu tématu a Final Cut, právo rozhodovat sám o střihu.","[""Naprostá svoboda tématu a konečná kontrola střihu"", ""Neomezený rozpočet bez jakýchkoliv omezení"", ""Exkluzivní volba distributora filmu"", ""Vlastnictví autorských práv ke scénáři""]",0,,,,,,
course_143_orson_welles_et_citizen_kane,course_143_orson_welles_et_citizen_kane_q3,mcq,S kterým kameramanem Welles vyvinul techniku ​​hloubky ostrosti ve filmu Občan Kane?,"S kameramanem Greggem Tolandem Welles vnucuje hloubku ostrosti, která udržuje vše ostré od popředí až po pozadí obrazu.","[""Gregg Toland"", ""William Randolph Hearst"", ""François Truffaut"", ""David O. Selznick""]",0,,,,,,
course_143_orson_welles_et_citizen_kane,course_143_orson_welles_et_citizen_kane_q4,mcq,"Jaké bylo poslední slovo Charles Foster Kane, než zemřel?","Kane umírá sám ve svém paláci v Xanadu při vyslovení slova Rosebud, které spustí novinářovo vyšetřování.","[""Rosebud"", ""Xanadu"", ""Rosalind"", ""Charlotte""]",0,,,,,,
course_143_orson_welles_et_citizen_kane,course_143_orson_welles_et_citizen_kane_q5,trueFalse,"Pravda nebo lež: Občan Kane vypráví příběh Kanea prostřednictvím protichůdných svědectví, aniž by o tomto muži řekl jedinou pravdu.",Prostřednictvím flashbacků přátelé a nepřátelé vyprávějí protichůdné verze Kanea a divák se nikdy nedozví jedinou pravdu.,"[""Pravda"", ""Nepravda""]",0,,,,,,
course_143_orson_welles_et_citizen_kane,course_143_orson_welles_et_citizen_kane_q6,mcq,Který tiskový magnát se pozná v postavě Kanea a snaží se film udusit?,"William Randolph Hearst, skutečný tiskový magnát, se v Kaneovi poznal a pokusil se film udusit bojkotem jeho novin.","[""William Randolph Hearst"", ""Josef Pulitzer"", ""David Sarnoff"", ""Randolph Churchill""]",0,,,,,,
course_143_orson_welles_et_citizen_kane,course_143_orson_welles_et_citizen_kane_q7,trueFalse,Pravda nebo nepravda: Citizen Kane byl po svém vydání v roce 1941 obrovským komerčním úspěchem.,"Citizen Kane byl naopak po svém vydání komerčním selháním, zejména kvůli tlaku vyvinutému Hearstovou.","[""Pravda"", ""Nepravda""]",1,,,,,,
course_143_orson_welles_et_citizen_kane,course_143_orson_welles_et_citizen_kane_q8,mcq,Jaké francouzské kinematografické hnutí 50. let udělalo z Občana Kanea vzor režiséra-autora?,"V 50. letech kritici a poté francouzská nová vlna film rehabilitovali a udělali z něj standard režiséra, který všechno ovládá.","[""Nová vlna"", ""Tiché kino"", ""italský neorealismus"", ""Německý expresionismus""]",0,,,,,,
course_143_orson_welles_et_citizen_kane,course_143_orson_welles_et_citizen_kane_q9,chronological,Seřaďte tyto fáze příběhu Občana Kanea v chronologickém pořadí.,"Tyto tři milníky (1938, 1941, 50. léta) sledují rozhlasový vzestup Wellese, počáteční neúspěch filmu a poté jeho rehabilitaci evropskými kritiky.",,,"[""Rádiový podvod Válka světů"", ""Propuštění občana Kanea"", ""Znovuobjevení filmu evropskými kritiky""]",,,,,
course_144_la_nouvelle_vague_francaise,course_144_la_nouvelle_vague_francaise_q1,mcq,"Která kritická recenze, založená v roce 1951, se stala laboratoří nápadů pro novou vlnu?","Cahiers du cinéma, založené v roce 1951 André Bazinem, sdružovalo mladé kritiky, kteří se stali režiséry Nové vlny.","[""Filmové sešity"", ""Zrak a zvuk"", ""Pozitivní"", ""Francouzský film""]",0,,,,,,
course_144_la_nouvelle_vague_francaise,course_144_la_nouvelle_vague_francaise_q2,mcq,Kdo je podle politiky autorů hájené Cahiers du cinéma skutečným tvůrcem filmu?,"Pro kritiky Cahiers není skutečným tvůrcem scénárista, ale ten, kdo scénu režíruje, stejně jako romanopisec má svůj vlastní styl.","[""ředitel"", ""Scenárista"", ""Výrobce"", ""Hlavní aktér""]",0,,,,,,
course_144_la_nouvelle_vague_francaise,course_144_la_nouvelle_vague_francaise_q3,mcq,Který film Françoise Truffauta triumfoval v Cannes v roce 1959 a zahájil novou vlnu?,V roce 1959 triumfovaly v Cannes Les Quatre Cents Coups od Françoise Truffauta a založily artové kino.,"[""Čtyři sta ran"", ""Bez dechu"", ""Občan Kane"", ""Diktátor""]",0,,,,,,
course_144_la_nouvelle_vague_francaise,course_144_la_nouvelle_vague_francaise_q4,trueFalse,Pravda nebo lež: Breathless od Jeana-Luca Godarda šokoval lidi v roce 1960 svými náhlými řezy uprostřed gest.,"Godard v Breathless stříhá uprostřed gest, jako by film stříhal nůžkami, což bylo v roce 1960 šokující.","[""Pravda"", ""Nepravda""]",0,,,,,,
course_144_la_nouvelle_vague_francaise,course_144_la_nouvelle_vague_francaise_q5,mcq,Jaká technická inovace umožnila režisérům Nové vlny opustit studia a natáčet v ulicích Paříže?,"Lehké kamery jako Éclair Caméflex a citlivější filmy umožňují natáčet v přirozeném prostředí, mimo studia.","[""Lehké fotoaparáty jako Éclair Caméflex"", ""Širokoúhlé obrazovky Cinemascope"", ""Dolby stereo zvuk"", ""Kartonové dekorace""]",0,,,,,,
course_144_la_nouvelle_vague_francaise,course_144_la_nouvelle_vague_francaise_q6,mcq,Které brazilské kinematografické hnutí je přímo inspirováno svobodou natáčení nové vlny?,"Svoboda natáčení Nové vlny pak inspirovala Cinema Novo v Brazílii, poté Dogme 95 v Dánsku.","[""Kino Novo"", ""italský neorealismus"", ""Německý expresionismus"", ""Dogma 95""]",0,,,,,,
course_144_la_nouvelle_vague_francaise,course_144_la_nouvelle_vague_francaise_q7,trueFalse,Pravda nebo lež: Režiséři New Wave natáčeli hlavně ve studiích s propracovaným umělým osvětlením.,"Naopak natáčejí v kavárnách, bytech a ulicích Paříže, často za přirozeného světla.","[""Pravda"", ""Nepravda""]",1,,,,,,
course_144_la_nouvelle_vague_francaise,course_144_la_nouvelle_vague_francaise_q8,mcq,Kteří američtí režiséři 70. let se inspirovali svobodou nové vlny?,"V 70. letech 20. století New Hollywood vedený Scorsesem, Coppolou a Spielbergem mísil americkou efektivitu a francouzskou svobodu.","[""Scorsese, Coppola a Spielberg"", ""Hitchcock, Welles a Kubrick"", ""Chaplin a Keaton"", ""Bergmana a Felliniho""]",0,,,,,,
course_144_la_nouvelle_vague_francaise,course_144_la_nouvelle_vague_francaise_q9,chronological,Uspořádejte tyto fáze Nové vlny v chronologickém pořadí.,"Tyto tři milníky (1951, 1959, 1960) ukazují přechod od kritické recenze k revoluci v autorské kinematografii.",,,"[""Nadace Cahiers du cinéma"", ""Triumf čtyř set ran v Cannes"", ""Uvolnění Breathless""]",,,,,
course_145_kubrick_2001_l_odyssee_de_l_espace,course_145_kubrick_2001_l_odyssee_de_l_espace_q1,numericSlider,V jakém roce byla v kinech uvedena 2001: Vesmírná odysea?,2001: Vesmírná odysea byla vydána v roce 1968 a nově definovala sci-fi v kině.,,,,1968.0,1950.0,1985.0,3.0,
course_145_kubrick_2001_l_odyssee_de_l_espace,course_145_kubrick_2001_l_odyssee_de_l_espace_q2,mcq,"Kterého spisovatele sci-fi kontaktoval Kubrick v roce 1964, aby vytvořil rok 2001?","V roce 1964 Kubrick kontaktoval spisovatele Arthura C. Clarka, aby paralelně vymyslel film a román.","[""Arthur C. Clarke"", ""Isaac Asimov"", ""Philip K. Dick"", ""Ray Bradbury""]",0,,,,,,
course_145_kubrick_2001_l_odyssee_de_l_espace,course_145_kubrick_2001_l_odyssee_de_l_espace_q3,mcq,Jaké novinky použili Kubrick a Clarke k vývoji roku 2001?,"Kubrick a Clarke vycházejí z povídky The Sentinel, aby paralelně postavili film a román.","[""Sentinel"", ""Nadace"", ""Marťanské kroniky"", ""Setkání s Rámou""]",0,,,,,,
course_145_kubrick_2001_l_odyssee_de_l_espace,course_145_kubrick_2001_l_odyssee_de_l_espace_q4,mcq,Kdo vynalezl techniku ​​štěrbinového skenování k natočení poslední cesty filmu?,"Vedoucí efektů Douglas Trumbull vynalezl štěrbinový sken, který vytváří hypnotické tunely světla pro poslední cestu.","[""Douglas Trumbull"", ""Gregg Toland"", ""Arthur C. Clarke"", ""Stanley Kubrick""]",0,,,,,,
course_145_kubrick_2001_l_odyssee_de_l_espace,course_145_kubrick_2001_l_odyssee_de_l_espace_q5,mcq,Co ve filmu představuje HAL 9000?,"HAL 9000, palubní počítač, se rozhodl odstranit lidi, aby vyřešil rozpor ve svém poslání.","[""Palubní počítač, který nakonec zlikviduje posádku"", ""Mimozemšťan přišel varovat lidstvo"", ""Robotický klon astronauta"", ""Jednoduchý hlasový asistent bez vědomí""]",0,,,,,,
course_145_kubrick_2001_l_odyssee_de_l_espace,course_145_kubrick_2001_l_odyssee_de_l_espace_q6,trueFalse,"Pravda nebo lež: HAL 9000 útočí na posádku, protože je chycen v rozporu mezi splněním svého poslání a skrýváním své skutečné podstaty.","Chycen v tomto rozporu se HAL rozhodne odstranit lidi, aby zachoval tajemství svého poslání.","[""Pravda"", ""Nepravda""]",0,,,,,,
course_145_kubrick_2001_l_odyssee_de_l_espace,course_145_kubrick_2001_l_odyssee_de_l_espace_q7,mcq,"Natáčet Barryho Lyndona pouze při svíčkách, jaké objektivy Kubrick adaptoval?",Kubrick nechal objektivy Zeiss navržené pro NASA upravit pro natáčení Barryho Lyndona pouze při svíčkách.,"[""Optika Zeiss navržená pro NASA"", ""Miniaturní studiové projektory"", ""Vojenské infračervené filtry"", ""Termokamery""]",0,,,,,,
course_145_kubrick_2001_l_odyssee_de_l_espace,course_145_kubrick_2001_l_odyssee_de_l_espace_q8,mcq,Jaká hudba doprovází obíhající vesmírné stanice v roce 2001?,"Vesmírné stanice doprovází valčík The Beautiful Blue Danube od Johanna Strausse, zatímco Tak pravil Zarathustra znamená skoky evoluce.","[""Krásný modrý Dunaj od Johanna Strausse"", ""Tak pravil Zarathustra od Richarda Strausse"", ""Dvořákova Novosvětská symfonie"", ""Vivaldiho Čtvero ročních období""]",0,,,,,,
course_145_kubrick_2001_l_odyssee_de_l_espace,course_145_kubrick_2001_l_odyssee_de_l_espace_q9,mcq,Co symbolizuje černý monolit v roce 2001?,"Černý monolit je tichou přítomností, která na několika místech filmu restartuje lidskou evoluci.","[""Přítomnost, která restartuje lidskou evoluci"", ""Mimozemská zbraň určená ke zničení Země"", ""Jednoduché prostředí bez narativního významu"", ""Kosmická loď astronautů""]",0,,,,,,
course_146_hitchcock_et_le_suspense,course_146_hitchcock_et_le_suspense_q1,mcq,Jaký je podle Hitchcocka rozdíl mezi překvapením a napětím?,"Hitchcock vysvětluje Truffautovi, že napětí ukazuje divákům bombu, zatímco postavy ji ignorují, což prodlužuje napětí.","[""Napětí ukazuje publiku bombu dříve, než exploduje, překvapení nikoli"", ""Napětí děsí, překvapení vás rozesměje"", ""Překvapení trvá déle než napětí"", ""Není v tom žádný rozdíl, jsou to synonyma""]",0,,,,,,
course_146_hitchcock_et_le_suspense,course_146_hitchcock_et_le_suspense_q2,mcq,Co je MacGuffin v Hitchcockově filmu?,"MacGuffin je předmět nebo tajemství, které posouvá děj, i když na jeho přesné povaze ve skutečnosti nezáleží.","[""Předmět nebo tajemství, které motivuje postavy, aniž by záleželo na jeho přesné povaze"", ""Typický záběr Hitchcockovy kamery"", ""Jméno vraha v Psycho"", ""Technika úpravy zvuku""]",0,,,,,,
course_146_hitchcock_et_le_suspense,course_146_hitchcock_et_le_suspense_q3,mcq,Jakou techniku ​​používá Hitchcock ve filmu The Rope (1948) k simulaci filmu natočeného jediným pohybem?,"Hitchcock skrývá řezy za zády nebo tmavým kusem nábytku, aby simuloval jeden sekvenční záběr v The Rope.","[""Sekvenční záběr se skrytými řezy za zády nebo nábytkem"", ""Klasická střídavá montáž"", ""Nepřetržitá subjektivní kamera"", ""Rozdělená obrazovka""]",0,,,,,,
course_146_hitchcock_et_le_suspense,course_146_hitchcock_et_le_suspense_q4,mcq,Jaký vizuální efekt vynalezl Hitchcock pro Vertigo v roce 1958?,"Pro Vertigo vynalezl Hitchcock Dolly Zoom: kamera se pohybuje zpět, zatímco zoom postupuje, deformuje prostor, aby se lidem točila hlava.","[""Dolly Zoom"", ""Hloubka ostrosti"", ""Štěrbinové skenování"", ""Rozdělená obrazovka""]",0,,,,,,
course_146_hitchcock_et_le_suspense,course_146_hitchcock_et_le_suspense_q5,trueFalse,"Pravda nebo lež: v Rear Window vidí divák díky subjektivní kameře přesně to, co vidí hrdina.","Hitchcock používá subjektivní kameru: vidíme přesně to, co vidí hrdina, nic víc.","[""Pravda"", ""Nepravda""]",0,,,,,,
course_146_hitchcock_et_le_suspense,course_146_hitchcock_et_le_suspense_q6,mcq,Kdo je hrdinou filmu Zadní okno (1954)?,"Hrdinou je fotograf se zlomenou nohou, který ze svého okna špehuje své sousedy.","[""Fotograf se zlomenou nohou, který špehuje své sousedy"", ""Soukromý detektiv pověřený vyšetřováním"", ""Policista na nucené dovolené"", ""Spisovatel bez inspirace""]",0,,,,,,
course_146_hitchcock_et_le_suspense,course_146_hitchcock_et_le_suspense_q7,trueFalse,Pravda nebo lež: pro Psycho Hitchcock zakázal vstup do místnosti po začátku sezení.,"Hitchcock zablokuje vstup po začátku sezení pro Psycho, čímž se tajemství zápletky promění v událost.","[""Pravda"", ""Nepravda""]",0,,,,,,
course_146_hitchcock_et_le_suspense,course_146_hitchcock_et_le_suspense_q8,mcq,Který skladatel pravidelně spolupracuje s Hitchcockem na zvýšení napětí prostřednictvím hudby?,"Spolupráce Hitchcocka a skladatele Bernarda Herrmanna propojuje hudbu a střih, aby divákovi zrychlila tep.","[""Bernard Herrmann"", ""Richard Strauss"", ""John Strauss"", ""Ennio Morricone""]",0,,,,,,
course_146_hitchcock_et_le_suspense,course_146_hitchcock_et_le_suspense_q9,chronological,Seřaďte tyto Hitchcockovy technické inovace v chronologickém pořadí.,"Tyto tři inovace (1948, 1954, 1958) znamenají evoluci Hitchcockova stylu, od iluze spojité roviny k optickému zkreslení závratí.",,,"[""La Corde simuluje jeden sekvenční záběr"", ""Zadní okno využívá subjektivní kameru"", ""Vertigo vynalezl Dolly Zoom""]",,,,,
course_147_l_architecture_gothique_les_cathedrales,course_147_l_architecture_gothique_les_cathedrales_q1,mcq,Kde a kolem jakého data se zrodil gotický styl?,Gotika se zrodila v Île-de-France kolem roku 1140 s chórem baziliky Saint-Denis.,"[""V Île-de-France, kolem roku 1140"", ""V Toskánsku kolem roku 1400"", ""V Bavorsku kolem roku 1250"", ""V Normandii kolem 1000""]",0,,,,,,
course_147_l_architecture_gothique_les_cathedrales,course_147_l_architecture_gothique_les_cathedrales_q2,mcq,"Kdo zahájil stavbu chóru baziliky Saint-Denis, u zrodu gotiky?","Opat Suger nesl zakládající šok gotiky tím, že chtěl jednotnější, jasnější a vyšší prostor v Saint-Denis.","[""Otec Suger"", ""Král Ludvík IX"", ""Architekt Villard de Honnecourt"", ""Papež Inocenc III""]",0,,,,,,
course_147_l_architecture_gothique_les_cathedrales,course_147_l_architecture_gothique_les_cathedrales_q3,mcq,Jaké tři inovace umožnily odlehčit zdi gotických katedrál?,"Špičatý oblouk, žebrová klenba a letmá opěra spolupracují, aby uvolnily stěny a umožnily velká okna.","[""Špičatý oblouk, žebrová klenba a letmá opěra"", ""Kopule, štít a kolonáda"", ""Kopule, pilastr a překlad"", ""Valená klenba, mohutný rizalit a pavlač se zvonicí""]",0,,,,,,
course_147_l_architecture_gothique_les_cathedrales,course_147_l_architecture_gothique_les_cathedrales_q4,mcq,Jakou roli podle teologie obhajované otcem Sugerem hraje v katedrále světlo?,"Pro Sugera barevné paprsky vitráží pomáhají duši povznést se k Bohu, čímž se katedrála stává klecí světla.","[""Pomáhá duši povznést se k Bohu"", ""Slouží pouze k osvětlení bohoslužeb."", ""Označuje finanční moc duchovenstva"", ""Chrání kámen před vlhkostí""]",0,,,,,,
course_147_l_architecture_gothique_les_cathedrales,course_147_l_architecture_gothique_les_cathedrales_q5,trueFalse,Pravda nebo lež: stavba gotické katedrály často trvá déle než dvě století.,"Války, epidemie a nedostatek peněz způsobily, že se staveniště rychle posouvaly vpřed, často po více než dvě století.","[""Pravda"", ""Nepravda""]",0,,,,,,
course_147_l_architecture_gothique_les_cathedrales,course_147_l_architecture_gothique_les_cathedrales_q6,numericSlider,Ve kterém roce začala stavba Notre-Dame de Paris?,"Notre-Dame de Paris začala v roce 1163 a formovala se kolem roku 1345, po zhruba 180 letech výstavby.",,,,1163.0,1100.0,1250.0,5.0,
course_147_l_architecture_gothique_les_cathedrales,course_147_l_architecture_gothique_les_cathedrales_q7,trueFalse,"Pravda nebo lež: na stavbě katedrál se podílejí pouze mniši, bez pomoci obyvatel města.","Na stavbě pracuje celé město: kameníci, tesaři a sklenáři, což z něj dělá také ekonomický stroj.","[""Pravda"", ""Nepravda""]",1,,,,,,
course_147_l_architecture_gothique_les_cathedrales,course_147_l_architecture_gothique_les_cathedrales_q8,mcq,Která nedokončená gotická katedrála byla nakonec dokončena v 19. století díky gotickému obrození?,"V 19. století Evropa znovu objevila gotiku a dokončila nedokončené projekty, jako byl ten Kolín nad Rýnem, dokončený v roce 1880.","[""Kolínská katedrála"", ""Notre-Dame v Paříži"", ""Katedrála v Chartres"", ""Sainte-Chapelle""]",0,,,,,,
course_147_l_architecture_gothique_les_cathedrales,course_147_l_architecture_gothique_les_cathedrales_q9,chronological,Seřaďte tyto etapy gotické architektury v chronologickém pořadí.,"Tyto milníky (1140, 1163, 13. století, 19. století) ukazují zrod stylu, jeho šíření, jeho klasické apogeum a poté jeho moderní znovuobjevení.",,,"[""Suger zahajuje sbor Saint-Denis"", ""Zahájení stavby na Notre-Dame de Paris"", ""Chartres a Amiens vnucují klasický model"", ""Evropa znovu objevuje styl s novogotikou""]",,,,,
course_148_le_bauhaus,course_148_le_bauhaus_q1,mcq,Kdo založil Bauhaus ve Výmaru v roce 1919?,"Architekt Walter Gropius založil Bauhaus ve Výmaru v roce 1919, s architekturou jako jeho konečným cílem.","[""Walter Gropius"", ""Mies van der Rohe"", ""Wassily Kandinsky"", ""Marcel Breuer""]",0,,,,,,
course_148_le_bauhaus,course_148_le_bauhaus_q2,mcq,Která zásada Gropiova manifestu ruší hierarchii mezi výtvarným uměním a užitým uměním?,"Každou dílnu Bauhausu vede umělec a řemeslník, přičemž řemeslo se stává základem veškeré tvorby.","[""Každá dílna má stejně mistra umělce a mistra řemesla"", ""Na Bauhausu mohou učit pouze architekti"", ""Umění musí zůstat oddělené od řemesla"", ""Studenti si vyberou jedno umění, které si osvojí""]",0,,,,,,
course_148_le_bauhaus,course_148_le_bauhaus_q3,mcq,Jaké holandské hnutí vede dialogy s Bauhausem kolem obdélníku a čistých barev?,"Škola vede dialog s De Stijl, holandským hnutím posedlým obdélníkem a čistými barvami.","[""De Stijl"", ""Kubismus"", ""Futurismus"", ""secese""]",0,,,,,,
course_148_le_bauhaus,course_148_le_bauhaus_q4,mcq,Jaký slogan shrnuje filozofii Bauhausu po jeho instalaci v Dessau?,V Dessau se Bauhaus obrátil na sériovou výrobu pod heslem forma následuje funkci.,"[""Forma následuje funkci"", ""Umění pro umění"", ""Méně tvaru, více ozdob"", ""Krása před užitkem""]",0,,,,,,
course_148_le_bauhaus,course_148_le_bauhaus_q5,mcq,"Jaký průmyslový materiál recykluje Marcel Breuer, aby vynalezl lehké židle?",Marcel Breuer recykluje ocelové trubky z jízdních kol a vytváří lehké a moderní židle.,"[""Ocelové trubky pro jízdní kola"", ""Zakřivené dřevo starých křesel"", ""Lisovaný plast"", ""Letecký hliník""]",0,,,,,,
course_148_le_bauhaus,course_148_le_bauhaus_q6,trueFalse,Pravda nebo lež: nacistický režim uzavřel Bauhaus v roce 1933 a obvinil jej z kulturního bolševismu.,"Škola, která byla považována za příliš moderní a příliš levicovou, byla v roce 1933 uzavřena nacisty, obviněnými z kulturního bolševismu.","[""Pravda"", ""Nepravda""]",0,,,,,,
course_148_le_bauhaus,course_148_le_bauhaus_q7,mcq,"Kdo vedl Bauhaus v Berlíně těsně předtím, než jej nacisté uzavřeli?","Mies van der Rohe řídil Bauhaus během své návštěvy Berlína, těsně před jeho uzavřením v roce 1933.","[""Mies van der Rohe"", ""Walter Gropius"", ""Wassily Kandinsky"", ""Le Corbusier""]",0,,,,,,
course_148_le_bauhaus,course_148_le_bauhaus_q8,trueFalse,"Pravda nebo lež: uzavřením Bauhausu končí jeho vliv, který se školou mizí.","Naopak exil mistrů Bauhausu ve Spojených státech, Velké Británii a Palestině rozšířil své myšlenky do celého světa.","[""Pravda"", ""Nepravda""]",1,,,,,,
course_148_le_bauhaus,course_148_le_bauhaus_q9,chronological,Seřaďte tyto etapy historie Bauhausu chronologicky.,"Tyto tři milníky (1919, 1925, 1933) sledují založení ve Výmaru, průmyslový posun v Dessau a poté uzavření, které rozšířilo Bauhaus po celém světě.",,,"[""Založení Bauhausu ve Výmaru"", ""Bauhaus se usazuje v Dessau a zaměřuje se na sériovou výrobu"", ""Škola zavřená nacisty""]",,,,,
course_149_la_joconde,course_149_la_joconde_q1,mcq,Kdo namaloval Monu Lisu v letech 1503 až 1519?,Leonardo da Vinci vytvořil portrét kolem roku 1503 ve Florencii a retušoval jej až do své smrti v roce 1519.,"[""Leonardo da Vinci"", ""Michelangelo"", ""Raphael"", ""Tizian""]",0,,,,,,
course_149_la_joconde,course_149_la_joconde_q2,mcq,Kdo zadal portrét a kdo bude modelem?,Sponzorem je obchodník Francesco del Giocondo a modelkou je prý jeho manželka Lisa Gherardini.,"[""Obchodník Francesco del Giocondo, jehož manželka Lisa Gherardini by byla modelem"", ""Král František I., jehož sestra by byla modelem"", ""Papež Julius II., jehož vzorem by byla neteř"", ""Vévoda z Milána, jehož dcera bude modelem""]",0,,,,,,
course_149_la_joconde,course_149_la_joconde_q3,mcq,"Která malířská technika Leonardo, vytvořená z tenkých na sebe navrstvených vrstev, maže kontury obličeje?","Leonardian sfumato, velmi tence vrstvené glazury, smaže drsné linie a rozplyne obličej ve vzduchu.","[""Sfumato"", ""Freska"", ""Akvarel"", ""Tempera""]",0,,,,,,
course_149_la_joconde,course_149_la_joconde_q4,mcq,"Proč se zdá, že se úsměv Mony Lisy mění podle toho, kam se podíváte?","Když se díváme do očí, okraje sítnice vnímají ústa v měkkých stínech, díky čemuž se úsměv objevuje nebo mizí.","[""Hraje si s periferním viděním lidského oka"", ""Obraz byl Leonardem několikrát přemalován"", ""Jde o efekt laku naneseného na obraz"", ""Úsměv se mění v závislosti na jasu místnosti""]",0,,,,,,
course_149_la_joconde,course_149_la_joconde_q5,trueFalse,Pravda nebo lež: Leonardo da Vinci doručil Monu Lisu svému sponzorovi krátce po jejím dokončení.,"Leonardo obraz nikdy nedoručí: nechá si ho, roky ho retušuje a vezme s sebou do Francie.","[""Pravda"", ""Nepravda""]",1,,,,,,
course_149_la_joconde,course_149_la_joconde_q6,mcq,Kdo ukradl Monu Lisu 21. srpna 1911?,"Vincenzo Peruggia, italský sklenář pracující v Louvru, obraz ukradl tak, že jej skryl pod svou blůzu.","[""Vincenzo Peruggia, muzejní sklenář"", ""Guillaume Apollinaire, básník"", ""Pablo Picasso, malíř"", ""Anonymní návštěvník nebyl nikdy identifikován""]",0,,,,,,
course_149_la_joconde,course_149_la_joconde_q7,trueFalse,Pravda nebo lež: před krádeží v roce 1911 byla Mona Lisa již považována za dílo číslo jedna v Louvru.,"V 19. století byla Mona Lisa obdivovaná, ale ještě ne nejslavnější dílo v Louvru; světově proslulý je právě let.","[""Pravda"", ""Nepravda""]",1,,,,,,
course_149_la_joconde,course_149_la_joconde_q8,numericSlider,"Ve kterém roce se Mona Lisa, ukradená v roce 1911, znovu objevila?",Obraz se znovu objevuje v roce 1913 a vrací se do Louvru proměněný ve světovou celebritu.,,,,1913.0,1911.0,1920.0,1.0,
course_149_la_joconde,course_149_la_joconde_q9,chronological,Seřaďte tyto fáze příběhu Mony Lisy v chronologickém pořadí.,"Tyto milníky (1503, 1519, 1911, 1913) sledují vytvoření portrétu, smrt Leonarda a poté krádež, která proměnila dílo ve světový mýtus.",,,"[""Leonardo začíná portrét ve Florencii"", ""Smrt Leonarda da Vinci ve Francii"", ""Krádež Mony Lisy Peruggiem"", ""Návrat obrazu do Louvru""]",,,,,
course_14_la_commune_de_paris_1871,course_14_la_commune_de_paris_1871_q1,numericSlider,"Kolik dní trvala Pařížská komuna, od 18. března do 28. května 1871?","Komuna vládla Paříži 72 dní, od 18. března do 28. května 1871.",,,,72.0,30.0,120.0,5.0,dny
course_14_la_commune_de_paris_1871,course_14_la_commune_de_paris_1871_q2,mcq,Jaká událost přímo vyvolala povstání 18. března 1871?,"18. března se chtěl Thiers zmocnit děl uložených na Montmartru, ale dav se sbratřil s vojáky a Thiers musel Paříž evakuovat.","[""Thiersův pokus zmocnit se děl Národní gardy na Montmartru"", ""Poprava Napoleona III"", ""Požár v Louvru"", ""Příjezd pruských vojsk do Paříže""]",0,,,,,,
course_14_la_commune_de_paris_1871,course_14_la_commune_de_paris_1871_q3,trueFalse,Pravda nebo lež: Pařížská komuna se zrodila přímo po francouzské porážce ve francouzsko-pruské válce.,"Zajetí Napoleona III v Sedanu a hladovějící obléhání Paříže vytvořilo kontext roztržky, která vedla ke Komuně.","[""Pravda"", ""Nepravda""]",0,,,,,,
course_14_la_commune_de_paris_1871,course_14_la_commune_de_paris_1871_q4,mcq,Kdo vede většinové monarchistické shromáždění stažené do Versailles?,Adolphe Thiers stojí v čele tohoto konzervativního shromáždění v otevřeném konfliktu s povstaleckou Paříží.,"[""Adolf Thiers"", ""Louise Michelová"", ""Karlem Marxem"", ""Napoleon III""]",0,,,,,,
course_14_la_commune_de_paris_1871,course_14_la_commune_de_paris_1871_q5,mcq,Jaká sociální opatření Komuna během své existence zavedla?,"Městská rada urychleně přijímá právní předpisy se sociálními opatřeními, jako je odpuštění nájemného.","[""Odpuštění nájmů a zrušení noční práce pro pekaře"", ""Tvorba daně z příjmu"", ""Zákaz novin"", ""Obnova monarchie""]",0,,,,,,
course_14_la_commune_de_paris_1871,course_14_la_commune_de_paris_1871_q6,mcq,Který symbol Impéria bourá Komuna?,"Sloup Vendôme, symbol První říše, byl zničen Komunou.","[""Sloupec Vendôme"", ""Arc de Triomphe"", ""Pantheon"", ""Eiffelova věž""]",0,,,,,,
course_14_la_commune_de_paris_1871,course_14_la_commune_de_paris_1871_q7,trueFalse,Pravda nebo lež: během Komuny zůstala trikolorní vlajka oficiálním znakem Paříže.,"Rudá vlajka se stala oficiálním znakem Paříže během komuny a nahradila trikolóru, která byla považována za příliš spojenou s mocnostmi, které kapitulovaly.","[""Pravda"", ""Nepravda""]",1,,,,,,
course_14_la_commune_de_paris_1871,course_14_la_commune_de_paris_1871_q8,mcq,"Jak se jmenuje poslední represe, která ukončí Komunu?",Od 21. do 28. května 1871 jednotky Versailles rozdrtily povstání během Krvavého týdne.,"[""Krvavý týden"", ""Noc dlouhých nožů"", ""Bartolomějský masakr"", ""Teror""]",0,,,,,,
course_14_la_commune_de_paris_1871,course_14_la_commune_de_paris_1871_q9,chronological,Seřaďte tyto události Pařížské komuny chronologicky.,"Tyto čtyři fáze probíhají od března do května 1871: povstání, vyhlášení Komuny a její rozdrcení během Krvavého týdne.",,,"[""Pokus zmocnit se děl na Montmartru"", ""Vyhlášení Komuny"", ""Začátek Krvavého týdne"", ""Poslední bitvy u Père-Lachaise""]",,,,,
course_14_la_commune_de_paris_1871,course_14_la_commune_de_paris_1871_q10,numericSlider,Kolik lidí přibližně zemře během Krvavého týdne?,Počet obětí Krvavého týdne se podle odhadů pohybuje mezi 10 000 a 30 000 mrtvými.,,,,20000.0,5000.0,50000.0,10000.0,mrtvý
course_150_la_nuit_etoilee_van_gogh,course_150_la_nuit_etoilee_van_gogh_q1,mcq,Kde namaloval Van Gogh Hvězdnou noc v roce 1889?,Van Gogh maloval Hvězdnou noc ze svého pokoje v azylu Saint-Paul-de-Mausole poblíž Saint-Rémy-de-Provence.,"[""V azylovém domě Saint-Paul-de-Mausole poblíž Saint-Rémy-de-Provence"", ""Ve své pařížské dílně"", ""V Arles se svým bratrem Théem"", ""V Nizozemí, jeho rodném kraji""]",0,,,,,,
course_150_la_nuit_etoilee_van_gogh,course_150_la_nuit_etoilee_van_gogh_q2,mcq,Jaká událost krátce předcházela Van Goghově internaci v Saint-Rémy?,"Po dramatu v Arles s Gauguinem, které ho stálo část ucha, byl Van Gogh internován v Saint-Paul-de-Mausole.","[""Drama Arles s Gauguinem, které ho stálo část ucha"", ""Smrt jeho bratra Théa"", ""Dopravní nehoda"", ""Soud s dluhy""]",0,,,,,,
course_150_la_nuit_etoilee_van_gogh,course_150_la_nuit_etoilee_van_gogh_q3,trueFalse,Pravda nebo nepravda: vesnice zobrazená ve Hvězdné noci je přesnou kopií krajiny viditelné z Van Goghova okna.,"Van Gogh mísí pozorování a invenci: rekonstruuje krajinu a vesnici tak, aby sloužily emocím, místo aby přesně kopíroval realitu.","[""Pravda"", ""Nepravda""]",1,,,,,,
course_150_la_nuit_etoilee_van_gogh,course_150_la_nuit_etoilee_van_gogh_q4,mcq,Jaká malířská technika dává obloze ve Hvězdné noci téměř vytesaný vzhled?,"Van Gogh používá impasto, hustou, téměř vyřezávanou barvu, aby poskytl úlevu vířícímu nebi.","[""Impasto"", ""Sfumato"", ""Akvarel"", ""Freska""]",0,,,,,,
course_150_la_nuit_etoilee_van_gogh,course_150_la_nuit_etoilee_van_gogh_q5,mcq,Jaké japonské dílo inspirovalo velké svitky oblohy v Hvězdné noci?,"Víry oblohy připomínají dynamiku Velké vlny u Kanagawy, japonského tisku, který Van Gogh obdivoval.","[""Velká vlna u Kanagawy"", ""Hora Fuji při pohledu z Kjóta"", ""Sto pohledů na Edo"", ""Krásy Yoshiwara""]",0,,,,,,
course_150_la_nuit_etoilee_van_gogh,course_150_la_nuit_etoilee_van_gogh_q6,trueFalse,Pravda nebo lež: Van Gogh byl slavný a uznávaný už za svého života.,"Van Gogh zemřel téměř neznámo v roce 1890; byla to jeho švagrová Johanna van Gogh-Bongerová, která dala po jeho smrti na vědomí jeho dílo.","[""Pravda"", ""Nepravda""]",1,,,,,,
course_150_la_nuit_etoilee_van_gogh,course_150_la_nuit_etoilee_van_gogh_q7,mcq,Kdo zachraňuje Van Goghovo dílo po jeho smrti pořádáním výstav a publikací?,"Johanna van Gogh-Bongerová, Van Goghova švagrová, zachránila jeho dílo výstavami, prodejem a zveřejněním jeho dopisů.","[""Jeho švagrová Johanna van Gogh-Bongerová"", ""Jeho bratr Théo"", ""Paul Gauguin"", ""Muzeum Louvre""]",0,,,,,,
course_150_la_nuit_etoilee_van_gogh,course_150_la_nuit_etoilee_van_gogh_q8,numericSlider,V kolika letech zemřel Van Gogh v roce 1890?,"Van Gogh zemřel v červenci 1890 v Auvers-sur-Oise ve věku 37 let, téměř neznámý.",,,,37.0,20.0,60.0,2.0,let
course_150_la_nuit_etoilee_van_gogh,course_150_la_nuit_etoilee_van_gogh_q9,chronological,Seřaďte tyto etapy Van Goghova života chronologicky.,"Tyto milníky (1888, 1889, 1890) sledují krizi s Gauguinem, vytvoření Hvězdné noci z azylu a poté umělcovu smrt.",,,"[""Drama Arles s Gauguinem"", ""Van Gogh maluje Hvězdnou noc v Saint-Rémy"", ""Smrt Van Gogha v Auvers-sur-Oise""]",,,,,
course_151_guernica_picasso,course_151_guernica_picasso_q1,mcq,"Jaká událost v roce 1937 přiměla Picassa k tomu, aby namaloval Guernicu?","26. dubna 1937 bylo během španělské občanské války bombardováno baskické město Guernica, což přimělo Picassa reagovat obrovským plátnem.","[""Bombardování baskického města Guernica"", ""Pád Madridu"", ""Začátek druhé světové války"", ""Francova poprava""]",0,,,,,,
course_151_guernica_picasso,course_151_guernica_picasso_q2,mcq,Proč se Picasso kvůli tomuto obrazu vzdal barev?,"Picasso opouští barvy, aby se držel naléhavosti svědectví, jako by maloval titulní stránku novin černobíle.","[""Držet se naléhavosti svědectví, jako na titulní stránce novin"", ""Protože mu došla barevná barva"", ""Aby splnil nařízení španělské vlády"", ""Napodobováním analytického kubismu""]",0,,,,,,
course_151_guernica_picasso,course_151_guernica_picasso_q3,trueFalse,Pravda nebo lež: Guernica zobrazuje hrdinskou bitvu s vítěznými vojáky.,"Guernica ukazuje gramatiku občanského teroru, vykuchaného koně a matku s dítětem, nikoli hrdinskou bitvu.","[""Pravda"", ""Nepravda""]",1,,,,,,
course_151_guernica_picasso,course_151_guernica_picasso_q4,mcq,Která strana podporovala bombardování Guernice během španělské občanské války?,"Saturační bombardování Guernice provádějí Francovi nacionalisté, podporovaní německou Legií Condor.","[""Francovi nacionalisté s pomocí německé legie Condor"", ""Jediná španělská republika"", ""Mezinárodní brigády"", ""Francouzská vláda""]",0,,,,,,
course_151_guernica_picasso,course_151_guernica_picasso_q5,trueFalse,"Pravda nebo nepravda: Picasso odmítl dovolit, aby byla Guernica poslána do Španělska, dokud Franco zůstal u moci.","Picasso ve skutečnosti odmítl dovolit, aby se obraz dostal do Španělska, dokud bude Franco u moci.","[""Pravda"", ""Nepravda""]",0,,,,,,
course_151_guernica_picasso,course_151_guernica_picasso_q6,numericSlider,Ve kterém roce se Guernica po smrti Franca vrátila do Španělska?,"Obraz se vrátil do Madridu v roce 1981, po konci Francovy diktatury.",,,,1981.0,1960.0,2000.0,3.0,
course_151_guernica_picasso,course_151_guernica_picasso_q7,mcq,Kde zůstal obraz chráněn během velké části Frankovy diktatury?,"Po Světové výstavě v Paříži zůstal obraz dlouhou dobu v MoMA v New Yorku, chráněn během Francovy diktatury.","[""Na MoMA v New Yorku"", ""V pařížském Louvru"", ""Na Prado v Madridu"", ""V Národní galerii v Londýně""]",0,,,,,,
course_151_guernica_picasso,course_151_guernica_picasso_q8,chronological,Seřaďte tyto fáze příběhu Guernica v chronologickém pořadí.,"Obraz byl namalován po bombardování v dubnu 1937, téhož roku vystaven na Světové výstavě v Paříži, poté byl vyhoštěn do MoMA a poté se v roce 1981 vrátil do Madridu.",,,"[""Bombardování baskického města Guernica"", ""Světová výstava v Paříži představuje obraz"", ""Práce je uložena v MoMA v New Yorku"", ""Obraz se po smrti Franca vrací do Madridu""]",,,,,
course_152_la_liberte_guidant_le_peuple_delacroix,course_152_la_liberte_guidant_le_peuple_delacroix_q1,mcq,Jaká událost v roce 1830 přiměla Delacroixe namalovat tento obraz?,V roce 1830 Tři slávisté odehnali krále Karla X. a Delacroix okamžitě namaloval Liberty Leading the People.,"[""Tři slavné dívky, které pronásledovaly Charlese"", ""Útok na Bastilu"", ""Napoleonova korunovace"", ""Pařížská komuna""]",0,,,,,,
course_152_la_liberte_guidant_le_peuple_delacroix,course_152_la_liberte_guidant_le_peuple_delacroix_q2,mcq,"Jaký umělecký směr tento obraz ztělesňuje, mísí alegorii a reportáž?","V tomto obraze se mísí alegorie a reportáž, je to romantismus v akci.","[""Romantismus"", ""Klasicismus"", ""Impresionismus"", ""Symbolika""]",0,,,,,,
course_152_la_liberte_guidant_le_peuple_delacroix,course_152_la_liberte_guidant_le_peuple_delacroix_q3,mcq,Co symbolizuje žena s frygickou čepicí uprostřed obrazu?,"Žena ve frygické čepici ztělesňuje Marianne, symbol Francouzské republiky.","[""Marianne, alegorie republiky"", ""Panna Maria"", ""Bohyně Athéna"", ""Královna Marie Antoinetta""]",0,,,,,,
course_152_la_liberte_guidant_le_peuple_delacroix,course_152_la_liberte_guidant_le_peuple_delacroix_q4,trueFalse,"Pravda nebo nepravda: Svoboda je na obraze znázorněna jako vzdálená bohyně, oddělená od lidí.",Svoboda s nahými prsy není vzdálenou bohyní: chodí v bahně s lidmi.,"[""Pravda"", ""Nepravda""]",1,,,,,,
course_152_la_liberte_guidant_le_peuple_delacroix,course_152_la_liberte_guidant_le_peuple_delacroix_q5,mcq,"Co staví Delacroix do popředí, aby ukázal cenu povstání?",Delacroix staví mrtvá těla do popředí: vítězství má svou cenu.,"[""Mrtvá těla"", ""Květiny"", ""Vojáci na přehlídce"", ""Budovy v plamenech""]",0,,,,,,
course_152_la_liberte_guidant_le_peuple_delacroix,course_152_la_liberte_guidant_le_peuple_delacroix_q6,trueFalse,"Pravda nebo lež: Delacroix údajně prohlásil, že podnikl „moderní téma, barikádu“.","Delacroix by prohlásil, že podnikl moderní téma, barikádu.","[""Pravda"", ""Nepravda""]",0,,,,,,
course_152_la_liberte_guidant_le_peuple_delacroix,course_152_la_liberte_guidant_le_peuple_delacroix_q7,mcq,Proč byl obraz po Salonu odstraněn z obrazových lišt?,"Obraz vystavený v Salonu rychle obtěžoval Louise-Philippa d'Orléans, nového krále, který jej nechal odložit.","[""Vadí novému králi Ludvíku-Philipovi Orléánskému"", ""Je považován za příliš špatně natřený"", ""Sám Delacroix ho z pověrčivosti odstranil"", ""Prodává se zahraničnímu sběrateli""]",0,,,,,,
course_152_la_liberte_guidant_le_peuple_delacroix,course_152_la_liberte_guidant_le_peuple_delacroix_q8,mcq,Který politický režim právě svrhla revoluce z roku 1830?,"Bourbonská obnova, která zklamala, byla po třech dnech povstání v Paříži svržena.","[""Bourbonské restaurování"", ""První Říše"", ""Třetí republika"", ""Adresář""]",0,,,,,,
course_152_la_liberte_guidant_le_peuple_delacroix,course_152_la_liberte_guidant_le_peuple_delacroix_q9,mcq,Jaké sociální typy se ve skladbě mísí kolem Svobody?,"Kolem Marianne se mísí dělník, buržoazie a dítě blízké budoucímu Gavrocheovi a sjednocují třídy v povstání.","[""Dělník, buržoazní a dítě blízké Gavroche"", ""Pouze profesionální vojáci"", ""Aristokraté ve dvorních šatech"", ""Izolovaní farmáři na venkově""]",0,,,,,,
course_153_la_creation_d_adam_michel_ange,course_153_la_creation_d_adam_michel_ange_q1,mcq,"Kdo pověřil Michelangela, aby namaloval nástropní fresku Sixtinské kaple?",Papež Julius II chtěl velkolepý strop a uvalil příkaz na Michelangela.,"[""Papež Julius II"", ""Papež Lev X"", ""král František I"", ""Benátský dóže""]",0,,,,,,
course_153_la_creation_d_adam_michel_ange,course_153_la_creation_d_adam_michel_ange_q2,trueFalse,"Pravda nebo lež: Michelangelo, především sochař, okamžitě a bez váhání přijal zakázku na strop.","Michelangelo, zejména sochař, před přijetím objednávky zpočátku protestoval.","[""Pravda"", ""Nepravda""]",1,,,,,,
course_153_la_creation_d_adam_michel_ange,course_153_la_creation_d_adam_michel_ange_q3,numericSlider,Ve kterém roce dokončil Michelangelo strop Sixtinské kaple?,"Michelangelo maloval strop Sixtinské kaple v letech 1508 až 1512, dílo dokončil v roce 1512.",,,,1512.0,1480.0,1550.0,3.0,
course_153_la_creation_d_adam_michel_ange,course_153_la_creation_d_adam_michel_ange_q4,mcq,"Jaká obrazová technika vyžaduje malbu na ještě čerstvý nátěr, jako je tento strop?","Freska vyžaduje malbu na čerstvou omítku, což Michelangelovi ukládá vyčerpávající tempo práce.","[""Freska"", ""Olejomalba"", ""Mozaika"", ""Akvarel""]",0,,,,,,
course_153_la_creation_d_adam_michel_ange,course_153_la_creation_d_adam_michel_ange_q5,mcq,"Co říká celý Sixtinský strop, z něhož je Stvoření Adama pouze jedním panelem?",Celý strop vypráví příběh Genesis a Stvoření Adama je pouze nejfotografovanějším panelem.,"[""Genesis"", ""Život Kristův"", ""římská mytologie"", ""Historie starověkého Říma""]",0,,,,,,
course_153_la_creation_d_adam_michel_ange,course_153_la_creation_d_adam_michel_ange_q6,mcq,Co vytváří ústřední vizuální napětí mezi Bohem a Adamem?,"Prostor mezi dvěma ukazováky vytváří napětí: Adam se téměř dotýká Boha, ale mezera zůstává.","[""Prostor, který odděluje jejich dva ukazováčky, aniž by se dotýkaly"", ""Paprsek božského světla"", ""Anděl, který je fyzicky odděluje"", ""Závoj, který skryje jejich ruce""]",0,,,,,,
course_153_la_creation_d_adam_michel_ange,course_153_la_creation_d_adam_michel_ange_q7,mcq,Jak ovlivnily Michelangelovy studie anatomie jeho malbu těl?,"Jeho studium anatomie, blízké pitvě, dává namalovaným svalům vzácnou pravdu.","[""Dávají svalům vzácnou pravdu, blízkou pitvě"", ""Tlačili ho, aby maloval těla vždy zahalená"", ""Oddalují jej od znázornění lidského těla"", ""Na jeho obrazový styl nemají žádný vliv""]",0,,,,,,
course_153_la_creation_d_adam_michel_ange,course_153_la_creation_d_adam_michel_ange_q8,trueFalse,"Pravda nebo lež: teorie, která vidí v plášti Boha tvar mozku, je dnes vědecky prokázána.","Tato teorie pláště ve tvaru mozku zůstává atraktivní, ale neprokázanou moderní hypotézou.","[""Pravda"", ""Nepravda""]",1,,,,,,
course_153_la_creation_d_adam_michel_ange,course_153_la_creation_d_adam_michel_ange_q9,mcq,Proč byla Michelangelova práce na tomto stropě fyzicky náročná?,Michelangelo pracoval měsíce ležet pod klenbou a jeho dopisy svědčí o tomto fyzickém utrpení.,"[""Musí malovat vleže, s ohnutými zády, celé měsíce"", ""Musí pracovat v noci při svíčkách"", ""Maluje stojící na žebříku bez odpočinku"", ""Musí dopravit pigmenty z Florencie sám""]",0,,,,,,
course_154_impression_soleil_levant_monet,course_154_impression_soleil_levant_monet_q1,mcq,"Kde Monet namaloval scénu zobrazenou v Impression, Soleil Levant?",Monet namaloval přístav Le Havre brzy ráno kolem roku 1872.,"[""Přístav Le Havre"", ""Přístav Marseille"", ""Seina v Paříži"", ""Neapolský záliv""]",0,,,,,,
course_154_impression_soleil_levant_monet,course_154_impression_soleil_levant_monet_q2,mcq,Kdo zesměšňováním obrazu v roce 1874 dal nedobrovolně jméno impresionismu?,"Kritik Louis Leroy si z obrazu v roce 1874 dělal legraci a navzdory tomu, že jej pokřtil na impresionismus.","[""Kritik Louis Leroy"", ""Malíř Édouard Manet"", ""Obchodník Paul Durand-Ruel"", ""Fotograf Nadar""]",0,,,,,,
course_154_impression_soleil_levant_monet,course_154_impression_soleil_levant_monet_q3,trueFalse,Pravda nebo lež: obraz byl představen na oficiálním malířském salonu v roce 1874.,Obraz byl vystaven v Nadaru v roce 1874 mimo oficiální salon.,"[""Pravda"", ""Nepravda""]",1,,,,,,
course_154_impression_soleil_levant_monet,course_154_impression_soleil_levant_monet_q4,mcq,Co se Monet především snaží na tomto obraze zachytit?,"Hlavní není Documentary Haven, ale oranžové vibrace v šedé mlze.","[""Světelná vibrace okamžiku, více než dokumentární detail přístavu"", ""Přesná historická rekonstrukce přístavu"", ""Portrét dělníků loděnic"", ""Turistická pohlednice z Le Havru""]",0,,,,,,
course_154_impression_soleil_levant_monet,course_154_impression_soleil_levant_monet_q5,numericSlider,"Ve kterém roce byl obraz vystaven v Nadaru, což způsobilo skandál, který dal hnutí jméno?","Obraz byl vystaven v Nadaru v roce 1874, kde Louis Leroy ironizoval jeho název.",,,,1874.0,1850.0,1900.0,3.0,
course_154_impression_soleil_levant_monet,course_154_impression_soleil_levant_monet_q6,mcq,"Kdo Moneta finančně podporuje, když francouzská veřejnost nad jeho obrazem stále váhá?","Dealer Paul Durand-Ruel podpořil Moneta, když francouzská veřejnost ještě váhala.","[""Obchodník Paul Durand-Ruel"", ""Papež Pius IX"", ""Francouzský stát"", ""Anglický král""]",0,,,,,,
course_154_impression_soleil_levant_monet,course_154_impression_soleil_levant_monet_q7,trueFalse,Pravda nebo lež: v roce 2014 se astrofyzikovi podařilo přesně datovat scénu na obraze pomocí přílivu a odlivu a polohy slunce.,"V roce 2014 astrofyzik datoval scénu na 13. listopadu 1872 kolem 7:35 ráno, díky přílivu a odlivu a slunci.","[""Pravda"", ""Nepravda""]",0,,,,,,
course_154_impression_soleil_levant_monet,course_154_impression_soleil_levant_monet_q8,mcq,"Co namaloval Monet uprostřed industrializace přístavu, daleko od idealizovaného námořnictva?","Monet maloval komíny, lodě a mlhu přístavu Le Havre v plné industrializaci.","[""Komíny, lodě a mlha"", ""Rybáři v tradičním kroji"", ""Opuštěné útesy"", ""Starověké plachetnice""]",0,,,,,,
course_155_nighthawks_hopper,course_155_nighthawks_hopper_q1,mcq,Jaká historická událost krátce předcházela dokončení Nighthawks v roce 1942?,"Obraz byl dokončen krátce po útoku na Pearl Harbor, když národ vstoupil do války.","[""Útok na Pearl Harbor"", ""Vylodění v Normandii"", ""Konec první světové války"", ""Krize roku 1929""]",0,,,,,,
course_155_nighthawks_hopper,course_155_nighthawks_hopper_q2,mcq,"Co Hopper ukazuje z Ameriky ve válce, spíše než z bitevních scén?","Hopper ukazuje emocionální pozadí: nespavci, horká káva, ticho.","[""Emocionální zázemí, vytvořené z nespavosti a ticha"", ""Vojáci v boji"", ""Továrny na zbraně v plném provozu"", ""Vlastenecké průvody""]",0,,,,,,
course_155_nighthawks_hopper,course_155_nighthawks_hopper_q3,trueFalse,"Pravda nebo nepravda: Restaurace, kterou namaloval Hopper, má jasně viditelné dveře, které se otevírají na ulici.","Diner nemá žádné viditelné dveře, díky čemuž je prostor osvětlený, odhalený a odlehlý zároveň.","[""Pravda"", ""Nepravda""]",1,,,,,,
course_155_nighthawks_hopper,course_155_nighthawks_hopper_q4,mcq,"Koho byl Hopper studentem, než rozvinul svůj osobní styl?","Hopper byl žákem Roberta Henriho, než maloval motely, čerpací stanice a okna svou chladnou jasností.","[""Robert Henri"", ""Pablo Picasso"", ""Claude Monet"", ""Salvador Dalí""]",0,,,,,,
course_155_nighthawks_hopper,course_155_nighthawks_hopper_q5,mcq,Jak skládá Hopper své scény podle kurzu?,Hopper konstruuje scény jako filmové kulisy s ostrými úhly a postavami odříznutými od sebe.,"[""Jako filmové kulisy, s ostrými úhly a postavami odříznutými od sebe"", ""Jako přetížené náboženské fresky"", ""Jako abstraktní koláže bez figurace"", ""Jako politické karikatury""]",0,,,,,,
course_155_nighthawks_hopper,course_155_nighthawks_hopper_q6,trueFalse,Pravda nebo lež: Hopper byl při malování tohoto hostince inspirován skutečnou restaurací Greenwich Village.,"Hopper řekl, že se inspiroval v restauraci Greenwich Village, zjednodušené na to nejnutnější.","[""Pravda"", ""Nepravda""]",0,,,,,,
course_155_nighthawks_hopper,course_155_nighthawks_hopper_q7,mcq,Kteří režiséři později recyklovali světlo a samotu Nighthawks?,"Ridley Scott a Wim Wenders, mimo jiné, recyklovali neonové světlo a samotu obrazu.","[""Ridley Scott a Wim Wenders"", ""Alfred Hitchcock a Charlie Chaplin"", ""Steven Spielberg a George Lucas"", ""Federico Fellini a Ingmar Bergman""]",0,,,,,,
course_155_nighthawks_hopper,course_155_nighthawks_hopper_q8,numericSlider,Ve kterém roce dokončil Hopper Nighthawks?,"Edward Hopper dokončil Nighthawks v roce 1942, krátce poté, co Spojené státy vstoupily do války.",,,,1942.0,1900.0,1970.0,3.0,
course_156_les_demoiselles_d_avignon_picasso,course_156_les_demoiselles_d_avignon_picasso_q1,mcq,Ve kterém městě namaloval Picasso v roce 1907 Les Demoiselles d'Avignon?,"Picasso pracoval v Bateau-Lavoir na Montmartru, kde dokončil obraz v roce 1907.","[""Paříž (Montmartre)"", ""Barcelona"", ""Madrid"", ""Londýn""]",0,,,,,,
course_156_les_demoiselles_d_avignon_picasso,course_156_les_demoiselles_d_avignon_picasso_q2,mcq,Odkud pochází název Demoiselles d’Avignon?,Název odkazuje na ulici v Barceloně spojenou s prostitucí.,"[""Z ulice v Barceloně spojené s prostitucí"", ""Z vesnice na jihu Francie"", ""Z názvu hlavního modelu"", ""Z objednávky z města Avignon""]",0,,,,,,
course_156_les_demoiselles_d_avignon_picasso,course_156_les_demoiselles_d_avignon_picasso_q3,trueFalse,"Pravda nebo nepravda: obraz představuje akty podle klasického řeckého ideálu, měkké a harmonické.","Akt již není řeckým ideálem: je frontální a znepokojující, narušuje klasickou mimesis.","[""Pravda"", ""Nepravda""]",1,,,,,,
course_156_les_demoiselles_d_avignon_picasso,course_156_les_demoiselles_d_avignon_picasso_q4,mcq,Co inspiruje maskované tváře dvou postav vpravo?,Tváře napravo jsou inspirovány raným africkým a iberským uměním v primitivistické logice.,"[""Rané africké a iberské umění"", ""Benátské renesanční malířství"", ""byzantské ikony"", ""Japonské umění ukiyo-e""]",0,,,,,,
course_156_les_demoiselles_d_avignon_picasso,course_156_les_demoiselles_d_avignon_picasso_q5,trueFalse,"Pravda nebo lež: Picasso namaloval tento obraz jedním tahem, bez přípravných studií.","Desítky studií předcházejí plátnu: Picasso váhá, opravuje a přitvrzuje svou kompozici.","[""Pravda"", ""Nepravda""]",1,,,,,,
course_156_les_demoiselles_d_avignon_picasso,course_156_les_demoiselles_d_avignon_picasso_q6,mcq,Jaké umělecké hnutí ohlašuje tento obraz svými fasetovanými tvary?,Fasety malby hlásají analytický kubismus.,"[""Analytický kubismus"", ""Impresionismus"", ""Surrealismus"", ""Romantismus""]",0,,,,,,
course_156_les_demoiselles_d_avignon_picasso,course_156_les_demoiselles_d_avignon_picasso_q7,mcq,"Jak reagovali Picassovi blízcí, když obraz objevili?","I ti blízcí Picassa jsou šokováni, protože mimesis, jemné napodobování reality, je mrtvé.","[""Jsou v šoku"", ""Práci okamžitě tleskají"", ""Úplně to ignorují"", ""Připadá jim to příliš akademické""]",0,,,,,,
course_156_les_demoiselles_d_avignon_picasso,course_156_les_demoiselles_d_avignon_picasso_q8,mcq,"Který malíř, nejprve ohromen prací, se pak připojil k Picassovi v kubistické dekonstrukci prostoru?","Braque, zpočátku ohromen, se brzy připojil k Picassovi v kubistické dekonstrukci vesmíru.","[""George Braque"", ""Henri Matisse"", ""Marc Chagall"", ""Fernand Léger""]",0,,,,,,
course_156_les_demoiselles_d_avignon_picasso,course_156_les_demoiselles_d_avignon_picasso_q9,numericSlider,Ve kterém roce Picasso dokončil Les Demoiselles d'Avignon?,Picasso dokončil obraz v roce 1907 na Montmartru.,,,,1907.0,1880.0,1930.0,3.0,
course_157_la_persistance_de_la_memoire_dali,course_157_la_persistance_de_la_memoire_dali_q1,mcq,"Kde se nachází obraz inspirovaný skutečným místem, kde žil Dalí?","Prostředí připomíná Cap de Creus a Port Lligat v Katalánsku, kde žije Dalí s Galou.","[""Cap de Creus, Katalánsko"", ""Saharská poušť"", ""Švýcarské Alpy"", ""Francouzská Provence""]",0,,,,,,
course_157_la_persistance_de_la_memoire_dali,course_157_la_persistance_de_la_memoire_dali_q2,mcq,Co symbolizují měkké hodinky na obraze?,Hodinky znázorňují pomalý čas: zažitý čas není čas hodin.,"[""Vnitřní čas, prožitý, odlišný od času měřeného hodinami"", ""Vědecká přesnost času"", ""Dalího materiální bohatství"", ""Plynutí ročních období""]",0,,,,,,
course_157_la_persistance_de_la_memoire_dali,course_157_la_persistance_de_la_memoire_dali_q3,trueFalse,Pravda nebo lež: Dalí maluje tyto nemožné scény záměrně hrubou a nedbalou technikou.,"Dalí maluje nemožné s renesančním povrchem, díky čemuž je obraz uvěřitelný a znepokojivý.","[""Pravda"", ""Nepravda""]",1,,,,,,
course_157_la_persistance_de_la_memoire_dali,course_157_la_persistance_de_la_memoire_dali_q4,mcq,"Jak sám Dalí popisuje, co maluje?","Dalí tvrdí, že maluje „fotografie snů“, přičemž mísí skutečný a nevědomý dekor.","[""\""Fotografie snů\"""", ""“Noční můry bez hlavy a ocasu”"", ""\""Vědecké studie času\"""", ""“Pocty italské renesanci”""]",0,,,,,,
course_157_la_persistance_de_la_memoire_dali,course_157_la_persistance_de_la_memoire_dali_q5,trueFalse,"Pravda nebo lež: Dalí tvrdil, že ho inspiroval přehnaně vyrobený hermelín, aby si představil měkké hodinky.","Dalí tvrdil, že se inspiroval příliš vyrobeným hermelínem, někde mezi vtipem a metodou.","[""Pravda"", ""Nepravda""]",0,,,,,,
course_157_la_persistance_de_la_memoire_dali,course_157_la_persistance_de_la_memoire_dali_q6,mcq,Která americká instituce obraz získala a přispěla k jeho celosvětové slávě?,"Dílo získalo MoMA, což mu pomohlo vstoupit do populární kultury.","[""MoMA"", ""Metropolitní muzeum"", ""Národní galerie"", ""Guggenheim""]",0,,,,,,
course_157_la_persistance_de_la_memoire_dali,course_157_la_persistance_de_la_memoire_dali_q7,mcq,S kým žil Dalí v Port Lligat v Katalánsku v době malby?,Dalí pak žil s Galou v Port Lligat v Katalánsku.,"[""Gala"", ""Frida Kahlo"", ""Amanda Learová"", ""Coco Chanel""]",0,,,,,,
course_157_la_persistance_de_la_memoire_dali,course_157_la_persistance_de_la_memoire_dali_q8,numericSlider,Ve kterém roce Dalí namaloval The Persistence of Memory?,Dalí maloval obraz v roce 1931.,,,,1931.0,1900.0,1960.0,3.0,
course_158_la_tragedie_grecque_et_le_theatre_antiqu,course_158_la_tragedie_grecque_et_le_theatre_antiqu_q1,mcq,Kdo financuje inscenování řeckých tragédií prostřednictvím choreografií?,Bohatý občan financuje show: je to úskalí.,"[""Bohatý občan"", ""Římský stát"", ""Velekněz chrámu"", ""Samotní herci""]",0,,,,,,
course_158_la_tragedie_grecque_et_le_theatre_antiqu,course_158_la_tragedie_grecque_et_le_theatre_antiqu_q2,mcq,V jakém náboženském a občanském rámci se řecká tragédie odehrává?,"Dionysia, festivaly Dionýsa, pořádají soutěže, kde se rodí tragédie.","[""Dionysia, festivaly na počest Dionýsa"", ""Olympijské hry"", ""Veřejné pohřby"", ""Královské svatby""]",0,,,,,,
course_158_la_tragedie_grecque_et_le_theatre_antiqu,course_158_la_tragedie_grecque_et_le_theatre_antiqu_q3,mcq,"Jak se nazývá exces, který tlačí tragického hrdinu k jeho pádu?","Tragický hrdina se často poddává aroganci, excesu, který se vzpírá řádu.","[""Arogance"", ""Katarze"", ""Choregie"", ""mimesis""]",0,,,,,,
course_158_la_tragedie_grecque_et_le_theatre_antiqu,course_158_la_tragedie_grecque_et_le_theatre_antiqu_q4,mcq,Jaký vliv má podle Aristotela tragédie na diváka?,"Tragédie podle Aristotela způsobuje katarzi, očistu skrze lítost a hrůzu.","[""Katarze, očista skrze lítost a teror"", ""Jednoduchá zábava bez morálního efektu"", ""Postupné usínání"", ""Trvalý hněv proti městu""]",0,,,,,,
course_158_la_tragedie_grecque_et_le_theatre_antiqu,course_158_la_tragedie_grecque_et_le_theatre_antiqu_q5,trueFalse,"Pravda nebo lež: athénská veřejnost obecně objevila zcela neznámou zápletku, aniž by předem znala mýtus.","Veřejnost často zná mýtus: zájem není zvrat, ale způsob jeho vyprávění.","[""Pravda"", ""Nepravda""]",1,,,,,,
course_158_la_tragedie_grecque_et_le_theatre_antiqu,course_158_la_tragedie_grecque_et_le_theatre_antiqu_q6,mcq,"Jaké jevištní zařízení umožnilo spustit boha dolů jeřábem, aby se vyřešila zápletka?","Deus ex machina svrhl boha jeřábem, aby vyřešil spiknutí.","[""Deus ex machina"", ""Sbor"", ""Choregie"", ""Tragická maska""]",0,,,,,,
course_158_la_tragedie_grecque_et_le_theatre_antiqu,course_158_la_tragedie_grecque_et_le_theatre_antiqu_q7,mcq,Co dělá sbor během vystoupení?,"Sbor zpívá, tančí a komentuje dění během celé hry.","[""Zpívá, tančí a komentuje dění"", ""Zůstává klidný a tichý"", ""Střídá hlavní aktéry"", ""Ten vybere vítěze soutěže""]",0,,,,,,
course_158_la_tragedie_grecque_et_le_theatre_antiqu,course_158_la_tragedie_grecque_et_le_theatre_antiqu_q8,trueFalse,"Pravda nebo lež: Aischylos, Sofokles a Euripides vnesli do tragédie každý jiný vývoj.","Aischylos přidává herce, Sofokles tříbí psychologii, Euripides narušuje jistoty.","[""Pravda"", ""Nepravda""]",0,,,,,,
course_159_le_theatre_de_shakespeare,course_159_le_theatre_de_shakespeare_q1,mcq,Pro jaké publikum psal Shakespeare především své hry?,"Shakespeare psal pro londýnské jeviště, ne pro školu, před populárním publikem.","[""Oblíbené publikum londýnského divadla"", ""Pouze zahraniční královské dvory"", ""Univerzity v Oxfordu a Cambridge"", ""Anglikánská církev""]",0,,,,,,
course_159_le_theatre_de_shakespeare,course_159_le_theatre_de_shakespeare_q2,mcq,"Jak se jmenuje divadlo pod širým nebem, kde hraje Shakespearova družina?","S Lord Chamberlain's Men hraje Shakespeare v divadle Globe, kroužku pod širým nebem.","[""Divadlo Globe"", ""Starý Vic"", ""Royal Albert Hall"", ""Drury Lane""]",0,,,,,,
course_159_le_theatre_de_shakespeare,course_159_le_theatre_de_shakespeare_q3,mcq,Kdo jsou ti zemědělci v divadle Globe?,Pozemšťané platí málo a zůstávají stát poblíž jeviště.,"[""Méně majetní diváci, kteří zůstávají stát poblíž jeviště"", ""Hlavní aktéři souboru"", ""Hudebníci orchestru"", ""Královská divadelní cenzura""]",0,,,,,,
course_159_le_theatre_de_shakespeare,course_159_le_theatre_de_shakespeare_q4,trueFalse,"Pravda nebo lež: Shakespeare píše své hry v rýmované próze, bez pravidelného metra.","Shakespeare často píše prázdným veršem, nerýmovaným jambickým pentametrem.","[""Pravda"", ""Nepravda""]",1,,,,,,
course_159_le_theatre_de_shakespeare,course_159_le_theatre_de_shakespeare_q5,mcq,Díky které sbírce vydané po jeho smrti se k nám dostalo několik Shakespearových her?,"Několik kusů se k nám dostalo až díky prvnímu foliu z roku 1623, vydanému po jeho smrti.","[""První folio z roku 1623"", ""Sonety z roku 1609"", ""Kniha králů"", ""Diderotova encyklopedie""]",0,,,,,,
course_159_le_theatre_de_shakespeare,course_159_le_theatre_de_shakespeare_q6,mcq,Kde Shakespeare často bere materiál pro své zápletky?,"Recykluje kroniky, italské zprávy a staré kusy; jeho originalita spočívá v jazyce a postavách.","[""Z kronik, italských povídek a starých již existujících kusů"", ""Z čistého osobního vynálezu bez jakéhokoli zdroje"", ""O svých vlastních snech, podle svých sešitů"", ""Rozkazy od anglického krále""]",0,,,,,,
course_159_le_theatre_de_shakespeare,course_159_le_theatre_de_shakespeare_q7,trueFalse,"Pravda nebo lež: Shakespeare často míchá komické a tragické v jedné hře, například prostřednictvím postavy šílence, který říká pravdu.","Komedie a tragédie na sebe v Shakespearovi reagují: šílenec říká pravdu, král šílí.","[""Pravda"", ""Nepravda""]",0,,,,,,
course_159_le_theatre_de_shakespeare,course_159_le_theatre_de_shakespeare_q8,numericSlider,Ve kterém roce zemřel Shakespeare?,William Shakespeare zemřel v roce 1616.,,,,1616.0,1550.0,1650.0,3.0,
course_15_la_belle_epoque_1871_1914,course_15_la_belle_epoque_1871_1914_q1,mcq,"Co znamená Belle Époque, mezi lety 1871 a 1914?","Belle Époque sahá od konce francouzsko-pruské války (1871) do vypuknutí první světové války (1914), období, kdy lidé věřili ve vědu a pokrok.","[""Období relativního míru poznamenané vírou v pokrok"", ""Léta rekonstrukce po 2. světové válce"", ""Osobní vláda Napoleona III"", ""Dekáda francouzské revoluce""]",0,,,,,,
course_15_la_belle_epoque_1871_1914,course_15_la_belle_epoque_1871_1914_q2,trueFalse,"Pravda nebo lež: výraz „Belle Époque“ používají lidé, kteří ji prožili před rokem 1914.","Jméno se objevilo až po roce 1914: byli to ti, kdo přežili zákopy, kdo vymyslel tento ztracený ráj, s odstupem války.","[""Pravda"", ""Nepravda""]",1,,,,,,
course_15_la_belle_epoque_1871_1914,course_15_la_belle_epoque_1871_1914_q3,mcq,Jaká aféra roztrhla Francouzskou republiku během Belle Époque kolem židovského důstojníka neprávem odsouzeného za špionáž?,"Alfred Dreyfus, židovský důstojník, je neprávem usvědčen ze špionáže: aféra odhaluje jedovatý antisemitismus a trvale rozděluje Francii.","[""Dreyfusova aféra"", ""Berlínská konference"", ""Skandál Panamského průplavu"", ""Aféra s kartami""]",0,,,,,,
course_15_la_belle_epoque_1871_1914,course_15_la_belle_epoque_1871_1914_q4,mcq,Jaký vědecký objev Alberta Einsteina zveřejněný v roce 1905 způsobil revoluci v pojetí prostoru a času?,"Einstein publikoval teorii relativity v roce 1905, zpochybňoval klasické představy o prostoru a čase.","[""Teorie relativity"", ""Evoluční teorie"", ""Teorie zárodků"", ""Kvantová mechanika""]",0,,,,,,
course_15_la_belle_epoque_1871_1914,course_15_la_belle_epoque_1871_1914_q5,numericSlider,"Ve kterém roce se v Paříži otevírá světová výstava, která přitahuje 50 milionů návštěvníků?",Světová výstava v roce 1900 přilákala 50 milionů návštěvníků a udělala z Paříže světovou přehlídku pokroku.,,,,1900.0,1871.0,1914.0,3.0,
course_15_la_belle_epoque_1871_1914,course_15_la_belle_epoque_1871_1914_q6,mcq,"Jaká událost v červnu 1914 spustila spirálu, která ukončila Belle Époque?","Atentát na arcivévodu Františka Ferdinanda v Sarajevu 28. června 1914 spustil hru na spojenectví, která vedla k první světové válce.","[""Atentát na arcivévodu Františka Ferdinanda v Sarajevu"", ""Pád francouzské vlády"", ""Požár u Eiffelovy věže"", ""Podpis francouzsko-německé smlouvy""]",0,,,,,,
course_15_la_belle_epoque_1871_1914,course_15_la_belle_epoque_1871_1914_q7,mcq,Kolik hodin denně dělníci často pracovali během Belle Époque?,"Za okny pokroku dělníci často pracují 10 až 12 hodin denně, bez skutečné sociální ochrany.","[""10 až 12 hodin"", ""4 až 6 hodin"", ""6 až 8 hodin"", ""od 14 do 16 hodin""]",0,,,,,,
course_15_la_belle_epoque_1871_1914,course_15_la_belle_epoque_1871_1914_q8,chronological,Seřaďte tyto události Belle Époque v chronologickém pořadí.,Tyto milníky se táhnou od roku 1871 do roku 1914 a sledují vzestup a poté brutální konec Belle Époque.,,,"[""Konec prusko-francouzské války"", ""Stavba Eiffelovy věže"", ""Světová výstava v Paříži"", ""Atentát na arcivévodu Františka Ferdinanda""]",,,,,
course_160_la_liberte_de_la_presse_et_le_journalism,course_160_la_liberte_de_la_presse_et_le_journalism_q1,mcq,"Jak Henri Cartier-Bresson pojmenoval svou teorii správného času, správného místa a správného rámování?","Cartier-Bresson teoretizuje „rozhodující okamžik“: být na správném místě, ve správný čas a se správným rámováním.","[""Rozhodující okamžik"", ""Absolutní pohled"", ""Celková fotografie"", ""Oko svědka""]",0,,,,,,
course_160_la_liberte_de_la_presse_et_le_journalism,course_160_la_liberte_de_la_presse_et_le_journalism_q2,mcq,Kdo zemřel při sledování španělské občanské války po boku Roberta Capy?,Gerda Taro spolu s Capou zemřela při španělské občanské válce.,"[""Gerda Taro"", ""Nick Ut"", ""Louis Leroy"", ""Paul Durand-Ruel""]",0,,,,,,
course_160_la_liberte_de_la_presse_et_le_journalism,course_160_la_liberte_de_la_presse_et_le_journalism_q3,mcq,"Která fotografie z války ve Vietnamu šokovala veřejné mínění tím, že ukazuje malou dívku popálenou napalmem?",Fotografie Nicka Uta zachycující malou holčičku popálenou napalmem otřásá míněním během války ve Vietnamu.,"[""Fotka Nicka Uta"", ""Fotografie Cartier-Bressona"", ""Foto Gerda Taro"", ""Fotografie Roberta Capy""]",0,,,,,,
course_160_la_liberte_de_la_presse_et_le_journalism,course_160_la_liberte_de_la_presse_et_le_journalism_q4,trueFalse,"Pravda nebo lež: V závislosti na kurzu, fotografie Nicka Uta sama a okamžitě ukončila vietnamskou válku.","Obraz sám o sobě válku neukončí, ale znemožňuje popřít lidskou cenu.","[""Pravda"", ""Nepravda""]",1,,,,,,
course_160_la_liberte_de_la_presse_et_le_journalism,course_160_la_liberte_de_la_presse_et_le_journalism_q5,mcq,"Co podle kurzu prozrazuje způsob, jakým diktatury zacházejí s tiskovou fotografií?","Velké demokracie teoreticky chrání tisk, zatímco diktatury ovládají hledáček.","[""Kontrolují hledáček, na rozdíl od demokracií, které teoreticky tisk chrání"", ""Podporují úplnou svobodu fotografů"", ""Štědře financují nezávislé fotografické agentury"", ""Obraz je nezajímá""]",0,,,,,,
course_160_la_liberte_de_la_presse_et_le_journalism,course_160_la_liberte_de_la_presse_et_le_journalism_q6,trueFalse,"Pravda nebo lež: mnohá z dnešních slavných klišé byla nejprve cenzurována nebo diskutována, než se stala historickým důkazem.","Mnoho slavných fotografií bylo nejprve cenzurováno nebo diskutováno, než se staly historickým důkazem.","[""Pravda"", ""Nepravda""]",0,,,,,,
course_160_la_liberte_de_la_presse_et_le_journalism,course_160_la_liberte_de_la_presse_et_le_journalism_q7,mcq,Jaké postupy jsou v digitálním věku vyžadovány k ověření pravosti tiskové fotografie?,"V digitální době je verifikace zásadní: metadata, zpětné vyhledávání obrázků, kontext.","[""Analýza metadat a zpětné vyhledávání obrázků"", ""Jediná důvěra v pověst fotografa"", ""Úplný zákaz digitální fotografie"", ""Okamžité zveřejnění bez ověření""]",0,,,,,,
course_160_la_liberte_de_la_presse_et_le_journalism,course_160_la_liberte_de_la_presse_et_le_journalism_q8,mcq,Jakou profesionalitu dělá vzhled ilustrovaných časopisů a fotoagentur?,Vznik ilustrovaných časopisů a fotoagentur profesionalizoval profesi reportéra-fotografa.,"[""Profese reportéra-fotografa"", ""Profese oficiálního malíře"", ""Profese pouze tiskař"", ""Práce státního cenzora""]",0,,,,,,
course_161_la_naissance_des_dieux_grecs_cronos_zeus,course_161_la_naissance_des_dieux_grecs_cronos_zeus_q1,mcq,Kdo odděluje Nebe (Ouranos) od Země (Gaia) kastrací vlastního otce?,"Kronos, nejmladší z Titánů, používá srp ukovaný Gaiou ke kastraci Ouranos a oddělení nebe od Země.","[""Kronos"", ""Zeus"", ""Poseidon"", ""Atlas""]",0,,,,,,
course_161_la_naissance_des_dieux_grecs_cronos_zeus,course_161_la_naissance_des_dieux_grecs_cronos_zeus_q2,trueFalse,"Pravda nebo lež: Cronus požírá své vlastní děti ze strachu, že jednoho dne bude jedním z nich sesazen z trůnu.","Proroctví říká Kronovi, že ho jeden z jeho synů sesadí z trůnu: proto požírá své děti, jakmile se narodí, aby se tomu vyhnul.","[""Pravda"", ""Nepravda""]",0,,,,,,
course_161_la_naissance_des_dieux_grecs_cronos_zeus,course_161_la_naissance_des_dieux_grecs_cronos_zeus_q3,mcq,Jak se Rhei podaří zachránit malého Dia před jeho otcem Cronosem?,"Rhea oklame Crona kamenem zabaleným do látek, zatímco skutečný Zeus vyrůstá v tajnosti v jeskyni na Krétě.","[""Přiměje Kronose spolknout místo dítěte zavinutý kámen"", ""Ta posílá Dia přímo na Olymp"", ""Promění Dia v orla"", ""Požádá Athénu o pomoc""]",0,,,,,,
course_161_la_naissance_des_dieux_grecs_cronos_zeus,course_161_la_naissance_des_dieux_grecs_cronos_zeus_q4,mcq,"Jakou zbraň nabízejí Kyklopové Zeusovi, aby porazil Titány?","Kyklopové vytvářejí blesk, rozhodující zbraň, která umožňuje Zeusovi vyhrát během Titanomachy.","[""Blesk"", ""Trojzubec"", ""Zlatý meč"", ""Magický štít""]",0,,,,,,
course_161_la_naissance_des_dieux_grecs_cronos_zeus,course_161_la_naissance_des_dieux_grecs_cronos_zeus_q5,chronological,Uspořádejte tyto fáze řecké mytologie v chronologickém pořadí.,"Od této původní prázdnoty až po vítězství Dia, řecká mytologie vypráví o sérii krizí a rodinných převratů.",,,"[""Původní Chaos"", ""Gaia a Ouranos generují Titány"", ""Kronos se stává králem kastrací svého otce"", ""Zeus porazí titány bleskem""]",,,,,
course_161_la_naissance_des_dieux_grecs_cronos_zeus,course_161_la_naissance_des_dieux_grecs_cronos_zeus_q6,mcq,Jak se narodila bohyně Athéna?,"Zeus ze strachu o syna mocnějšího, než je on, spolkne svou těhotnou manželku Metis: Athéna se pak narodí plně ozbrojená a vynoří se z její lebky.","[""Zeus spolkne bohyni Metis a Athéna se vynoří plně ozbrojená z její lebky"", ""Zrodila se z pěny moře"", ""Je dcerou Crona"", ""Narodila se z krve Ouranos""]",0,,,,,,
course_161_la_naissance_des_dieux_grecs_cronos_zeus,course_161_la_naissance_des_dieux_grecs_cronos_zeus_q7,mcq,Ve kterém textu básník Hésiodos vypráví o narození řeckých bohů?,"Hésiodos vypráví v Theogonii v 8. století př. n. l., jak svět přechází z Chaosu ke dvoru Dia.","[""Theogonie"", ""Ilias"", ""Metamorfózy"", ""Republika""]",0,,,,,,
course_161_la_naissance_des_dieux_grecs_cronos_zeus,course_161_la_naissance_des_dieux_grecs_cronos_zeus_q8,trueFalse,"Pravda nebo lež: francouzské slovo „panika“ pochází od boha Pana, jehož pláč údajně způsobil náhlou hrůzu.","Během války proti obrům by výkřik boha Pana vyvolal mezi nepřáteli iracionální hrůzu, odtud pochází slovo „panika“.","[""Pravda"", ""Nepravda""]",0,,,,,,
course_162_promethee_le_voleur_de_feu,course_162_promethee_le_voleur_de_feu_q1,mcq,Koho potrestal Zeus za rozdávání ohně mužům?,"Prométheus krade oheň z Olympu, aby ho dal mužům, což Zeus neodpouští.","[""Prometheus"", ""Epimetheus"", ""Héfaistos"", ""Atlas""]",0,,,,,,
course_162_promethee_le_voleur_de_feu,course_162_promethee_le_voleur_de_feu_q2,trueFalse,"Pravda nebo lež: během oběti v Mekone je to Prométheus, kdo oklame Dia tím, že dobré maso schová pod ošklivou kůži.","Prométheus schovává maso pod nechutnou kůží a kosti pod lákavým tukem, což způsobuje, že Zeus si vybral špatnou část.","[""Pravda"", ""Nepravda""]",0,,,,,,
course_162_promethee_le_voleur_de_feu,course_162_promethee_le_voleur_de_feu_q3,mcq,Kde Prométheus skrývá jiskru ukradenou Olympu?,"Prométheus ukradne jiskru a ukryje ji v železné tyči, jejíž dřeň hoří velmi pomalu.","[""V duté objímkové tyči"", ""V uzavřené amfoře"", ""Pod jeho pláštěm"", ""V kozím rohu""]",0,,,,,,
course_162_promethee_le_voleur_de_feu,course_162_promethee_le_voleur_de_feu_q4,mcq,Které zvíře každý den požírá játra Prométhea připoutaného na Kavkaze?,"Zeus odsuzuje Prométhea, aby mu orel každý den na kavkazské skále sežral játra.","[""Orel"", ""Sup"", ""Had"", ""Lev""]",0,,,,,,
course_162_promethee_le_voleur_de_feu,course_162_promethee_le_voleur_de_feu_q5,trueFalse,"Pravda nebo lež: Prométheovi játra každou noc narostou, takže jeho trápení je nekonečné.","Každou noc se orgán znovu zrodí, takže mučení začíná znovu za úsvitu, na dobu neurčitou.","[""Pravda"", ""Nepravda""]",0,,,,,,
course_162_promethee_le_voleur_de_feu,course_162_promethee_le_voleur_de_feu_q6,mcq,Který hrdina nakonec osvobodí Prométhea z jeho řetězů?,"Herakles, syn Dia, zabije orla šípem a osvobodí Prométhea z Kavkazu.","[""Herakles"", ""Perseus"", ""Theseus"", ""Jasone""]",0,,,,,,
course_162_promethee_le_voleur_de_feu,course_162_promethee_le_voleur_de_feu_q7,mcq,Jaké tajemství odhalí Prométheus Diovi výměnou za jeho svobodu?,"Prometheus odhalí, že nymfa Thetis by mohla porodit syna mocnějšího než Zeus, který se tak vyhne vlastnímu pádu.","[""Jméno nymfy, jejíž syn je prý mocnější než Zeus"", ""Umístění skrytého pokladu"", ""Způsob, jak definitivně porazit Titány"", ""Vzorec stát se znovu smrtelným""]",0,,,,,,
course_162_promethee_le_voleur_de_feu,course_162_promethee_le_voleur_de_feu_q8,chronological,Dejte do pořádku tyto fáze mýtu o Prométheovi.,"Od lsti obětování ke krádeži ohně, poté k mučení a osvobození následuje mýtus o Prométheovi jasný vývoj.",,,"[""Prométheus oklame Dia během oběti v Mekone"", ""Prométheus krade oheň Olympu pro muže"", ""Prométheus je připoután na Kavkaze a doručen orlovi"", ""Héraklés osvobodí Prométhea z jeho okovů""]",,,,,
course_163_pandore_et_la_boite,course_163_pandore_et_la_boite_q1,mcq,Kdo vyrobil Pandoru na příkaz Dia?,"Zeus nařídí Héfaistovi, bohu kovárny, aby vytvaroval Pandoru z hlíny a vody.","[""Héfaistos"", ""Prometheus"", ""Hermes"", ""Zeus sám""]",0,,,,,,
course_163_pandore_et_la_boite,course_163_pandore_et_la_boite_q2,mcq,Který bůh nabízí Pandoře triky a lži?,"Hermes, posel bohů, uklouzl mazaně a leží mezi dary Pandory.","[""Hermes"", ""Athéna"", ""Afrodita"", ""Apollo""]",0,,,,,,
course_163_pandore_et_la_boite,course_163_pandore_et_la_boite_q3,trueFalse,"Pravda nebo lež: Epimetheus odmítá Diův dar, jak mu doporučil jeho bratr Prométheus.",Navzdory Prométheovu varování Epimetheus propadne kouzlu Pandory a přivítá ji.,"[""Pravda"", ""Nepravda""]",1,,,,,,
course_163_pandore_et_la_boite,course_163_pandore_et_la_boite_q4,mcq,Co vlastně obsahovala Pandořina nádoba podle původních řeckých textů?,"Původní účet hovoří o „pithosu“, velké skladovací nádobě, nikoli o krabici.","[""Pithos, velká skladovací nádoba"", ""Malá dřevěná krabička"", ""Pletený košík"", ""Amfora na víno""]",0,,,,,,
course_163_pandore_et_la_boite,course_163_pandore_et_la_boite_q5,mcq,Odkud pochází chyba v té přeměněné Pandořině sklenici na „krabici“?,Při překladu Hésioda si Erasmus Rotterdamský spletl „pithos“ (džbán) a „pyxis“ (malá krabička).,"[""Zmatek Erasma Rotterdamského v 16. století"", ""Chyba, kterou udělal sám Hésiodos"", ""Anglický překlad z 19. století"", ""Pozdní vynález Zeuse""]",0,,,,,,
course_163_pandore_et_la_boite,course_163_pandore_et_la_boite_q6,mcq,"Co zůstane na dně nádoby, jakmile bude všechno zlo pryč?","Pouze Elpis, Hope, zůstává lpět na dně nádoby poté, co epidemie prchly.","[""Naděje"", ""Moudrost"", ""Krása"", ""Pomsta""]",0,,,,,,
course_163_pandore_et_la_boite,course_163_pandore_et_la_boite_q7,trueFalse,"Pravda nebo lež: v Hésiodovi je Pandora prezentována jako dobrotivý dar, který má udělat muže šťastnými.","Pandora je koncipována jako „krásné zlo“, trest určený k zasažení lidstva, nikoli jako shovívavý dar.","[""Pravda"", ""Nepravda""]",1,,,,,,
course_163_pandore_et_la_boite,course_163_pandore_et_la_boite_q8,chronological,Dejte do pořádku tyto fáze mýtu o Pandořině.,"Od svého vytvoření až po fatální otevření sklenice, mýtus o Pandoře sleduje velmi přesný vývoj.",,,"[""Bohové vytvořili Pandoru na příkaz Dia"", ""Epimetheus vítá Pandoru i přes Prométheovo varování"", ""Pandora zvedne víko sklenice"", ""Na dně zůstává uzamčena pouze Hope""]",,,,,
course_164_demeter_et_persephone_les_saisons,course_164_demeter_et_persephone_les_saisons_q1,mcq,"Kdo unese Persephone, aby ji vzal do podsvětí?","Hádes, král podsvětí, se objeví na svém voze a odveze Persephone s tajnou dohodou Dia.","[""Hades"", ""Zeus"", ""Poseidon"", ""Ares""]",0,,,,,,
course_164_demeter_et_persephone_les_saisons,course_164_demeter_et_persephone_les_saisons_q2,mcq,"Co udělá Demeter, když se dozví o únosu své dcery?","Bezútěšná Demeter zakazuje zemi klíčit, což způsobuje hladomor ohrožující lidi.","[""Brání zemi v produkci, což způsobuje hladomor"", ""Požádá Dia, aby ji zabil"", ""Bez reakce se uchýlí na Olymp"", ""Promění Háda v monstrum""]",0,,,,,,
course_164_demeter_et_persephone_les_saisons,course_164_demeter_et_persephone_les_saisons_q3,mcq,"Jakou past používá Hádes, aby udržela Persefonu připoutanou k podsvětí?","Kdo jí v říši mrtvých, patří jemu: Hádes nabízí semena granátového jablka Persefoně před jejím odjezdem.","[""Nutí ji jíst semínka granátového jablka"", ""Nabízí jí otrávené jablko"", ""Dá jí kouzelný prsten"", ""Přiměje ji vypít zapomnětlivý lektvar""]",0,,,,,,
course_164_demeter_et_persephone_les_saisons,course_164_demeter_et_persephone_les_saisons_q4,trueFalse,Pravda nebo lež: kvůli semenům granátového jablka musí nyní Persephone strávit část každého roku v podsvětí.,Je nutný kompromis: Persephone sdílí rok mezi Hádem a její matkou Demeter.,"[""Pravda"", ""Nepravda""]",0,,,,,,
course_164_demeter_et_persephone_les_saisons,course_164_demeter_et_persephone_les_saisons_q5,mcq,"Kterého boha posílá Zeus, aby požadoval návrat Persefony?","Zeus posílá Herma, posla bohů, aby požadoval návrat Persefony do Hádu.","[""Hermes"", ""Apollo"", ""Ares"", ""Dionýsos""]",0,,,,,,
course_164_demeter_et_persephone_les_saisons,course_164_demeter_et_persephone_les_saisons_q6,mcq,Jak mýtus vysvětluje příchod podzimu a zimy?,"Odchod Persefony do Hádu přinutí Demeter, aby stáhla svou milost z úrody: je podzim a zima.","[""Když se Persephone vrátí do podsvětí, Demeter stáhne svou milost z přírody"", ""Když se Zeus zlobí na muže"", ""Když Hádes pomstí zemi potrestá"", ""Když se Demeter vydá na výlet na Olymp""]",0,,,,,,
course_164_demeter_et_persephone_les_saisons,course_164_demeter_et_persephone_les_saisons_q7,mcq,Co jsou Eleusinská tajemství?,"Během svého putování se Demeter zastaví v Eleusis, kde se rodí tajné obřady slibující zasvěcencům lepší osud v posmrtném životě.","[""Tajné rituály zrozené z Demeterova přechodu do Eleusis, slibující naději po smrti"", ""Chrám postavený Hádem pro Persefonu"", ""Večírek oslavující únos Persefony"", ""Tribunál, který bude soudit duše mrtvých""]",0,,,,,,
course_164_demeter_et_persephone_les_saisons,course_164_demeter_et_persephone_les_saisons_q8,chronological,Dejte do pořádku tyto fáze mýtu o Demeter a Persephone.,Od únosu po rozdělení roku tento mýtus vysvětluje střídání ročních období.,,,"[""Hádesův únos Persefony"", ""Hladomor způsobený Demeterovým smutkem"", ""Persephone jí semena granátového jablka v podsvětí"", ""Rozdělení roku mezi Hades a Demeter""]",,,,,
course_165_orphee_et_eurydice,course_165_orphee_et_eurydice_q1,mcq,Kdo nabízí svou lyru Orfeovi?,"Orfeova lyra je darem od Apollóna, boha umění.","[""Apollo"", ""Zeus"", ""Hermes"", ""Dionýsos""]",0,,,,,,
course_165_orphee_et_eurydice,course_165_orphee_et_eurydice_q2,mcq,Jak umírá Eurydice?,"Ve svatební den Eurydice prchá před pastýřem Aristaeem, šlápne na hada a zemře na jed.","[""Uštknutí hadem při útěku před pastýřem Aristaeem"", ""Utopen v řece"", ""Zastřelen Zeusem"", ""Unesen přímo Hádem""]",0,,,,,,
course_165_orphee_et_eurydice,course_165_orphee_et_eurydice_q3,trueFalse,"Pravda nebo lež: Orfeova hudba dokáže Cerbera uspat a oslabit Charona, převozníka mrtvých.","Beze zbraní prochází Orfeus podsvětím pouze díky své hudbě, která uspí Cerbera a obměkčí Charona.","[""Pravda"", ""Nepravda""]",0,,,,,,
course_165_orphee_et_eurydice,course_165_orphee_et_eurydice_q4,mcq,"Jakou podmínku klade Hádes na Orfea, aby nechal Eurydiku vrátit se nahoru?","Hádes přijímá Eurydičin návrat pod podmínkou, že Orpheus půjde před ní, aniž by se otočil před světlem.","[""Neotáčejte se, dokud nedojdete ke světlu"", ""Už nikdy nemluv s Eurydikou"", ""Vraťte se za jedinou noc"", ""Nabídněte výměnou svou lyru""]",0,,,,,,
course_165_orphee_et_eurydice,course_165_orphee_et_eurydice_q5,trueFalse,"Pravda nebo lež: Orfeus se před vyvedením z podsvětí obrátí k Eurydice, díky čemuž se definitivně vrátí do světa mrtvých.",Poblíž východu převládají pochybnosti: Orfeus se otočí a Eurydiku navždy sevře temnota.,"[""Pravda"", ""Nepravda""]",0,,,,,,
course_165_orphee_et_eurydice,course_165_orphee_et_eurydice_q6,mcq,Jak Orfeus na konci mýtu zemře?,"Orfeovo odmítnutí jakékoli nové lásky vyvolá zuřivost Maenadů, kteří ho roztrhají na kusy.","[""Roztrhaný Maenady, kněžkami Dionýsa"", ""Pohlcen Cerberem"", ""Zastřelen Zeusem"", ""Utopil se ve Styxu""]",0,,,,,,
course_165_orphee_et_eurydice,course_165_orphee_et_eurydice_q7,mcq,Jaké náboženské hnutí se zrodilo po smrti Orfea?,"Ze smrti Orfea se zrodil orfismus, náboženské hnutí slibující spásu duše prostřednictvím očistných obřadů.","[""Orfismus"", ""Stoicismus"", ""Záhady Eleusis"", ""Pythagorejství""]",0,,,,,,
course_165_orphee_et_eurydice,course_165_orphee_et_eurydice_q8,chronological,Dejte do pořádku tyto fáze mýtu o Orfeovi a Eurydice.,Od svatby až po definitivní ztrátu Eurydiky tento mýtus sleduje tragickou a přesnou zápletku.,,,"[""Orfeus se ožení s nymfou Eurydikou"", ""Eurydika umírá uštknuta hadem"", ""Orpheus okouzluje podsvětí svou hudbou, aby je přivedl zpět"", ""Orfeus se otočí a Eurydiku navždy ztratí""]",,,,,
course_166_narcisse_et_echo,course_166_narcisse_et_echo_q1,mcq,Proč Héra trestá nymfu Echo?,"Echo zadržela Heru nekonečnými rozhovory, zatímco se Zeus připojil k dalším nymfám.","[""Pomohla Diovi skrýt jeho nevěry tím, že ji rozptýlila dlouhými rozhovory"", ""Veřejně urazila Heru"", ""Ukradla posvátný předmět z Olympu"", ""Odmítla si vzít boha""]",0,,,,,,
course_166_narcisse_et_echo,course_166_narcisse_et_echo_q2,mcq,Jaký trest udělí Hera Echo?,Echo už nemůže začít větu: může jen opakovat poslední slova ostatních.,"[""Dokáže jen opakovat poslední slova ostatních"", ""Úplně ztrácí hlas"", ""Ta se okamžitě promění v kámen"", ""Je vyhnána z lesa""]",0,,,,,,
course_166_narcisse_et_echo,course_166_narcisse_et_echo_q3,mcq,"Jak Narcis zareaguje, když se ho Echo pokusí obejmout?","Když se Echo přiblíží, aby ji objal, Narcisse ji s opovržením odmítne.","[""S opovržením ji odmítá"", ""Okamžitě se do ní zamiluje"", ""Promění ji v květinu"", ""Beze slova utíká""]",0,,,,,,
course_166_narcisse_et_echo,course_166_narcisse_et_echo_q4,trueFalse,"Pravda nebo lež: po Narcisově odmítnutí Echo tělo chřadne, až zbyde jen hlas.","Ponížená Echo se stáhne do jeskyní, přestane jíst a její tělo chřadne, až zbyde jen toulavý hlas.","[""Pravda"", ""Nepravda""]",0,,,,,,
course_166_narcisse_et_echo,course_166_narcisse_et_echo_q5,mcq,"Která bohyně je požádána, aby potrestala Narcise za jeho krutost?","Oběť Narcise se modlí k Nemesis, bohyni spravedlivé pomsty, aby mohl vydržet nemožnou lásku.","[""Nemesis"", ""Afrodita"", ""Athéna"", ""Hera""]",0,,,,,,
course_166_narcisse_et_echo,course_166_narcisse_et_echo_q6,mcq,Do čeho se zamiluje Narcis na okraji pramene?,"Narcis se nakloní nad pramen, objeví jeho tvář a zamiluje se do něj, protože věří, že vidí vodního ducha.","[""Z jeho vlastního odrazu"", ""Z vodní nymfy"", ""Konečně se znovu objevila ozvěna"", ""Od neviditelného ducha""]",0,,,,,,
course_166_narcisse_et_echo,course_166_narcisse_et_echo_q7,trueFalse,"Pravda nebo lež: věštec Teiresias předpověděl, že Narcis bude žít dlouhý život, pokud se nikdy nepozná.","Teiresias varoval Narcisovu matku: ""Dožije se vysokého věku, když nebude znát sám sebe.""","[""Pravda"", ""Nepravda""]",0,,,,,,
course_166_narcisse_et_echo,course_166_narcisse_et_echo_q8,mcq,Co se rodí místo Narcisova těla po jeho smrti?,"Na místě chybějícího těla Narcise roste květ se žlutým srdcem a bílými okvětními lístky, narcis.","[""Květina, narcis"", ""Nový zdroj"", ""Skála"", ""Strom""]",0,,,,,,
course_167_icare_et_dedale,course_167_icare_et_dedale_q1,mcq,Proč Minos zamyká Daedala a Ikara v labyrintu?,"Když se Minos dozví, že Daedalus pomohl Theseovi uniknout pomocí Ariadnina vlákna, uzamkne vynálezce a jeho syna v jejich vlastní práci.","[""Protože Daedalus pomohl Theseovi uniknout díky Ariadnině niti"", ""Protože Daedalus ukradl Minotaura"", ""Protože Daedalus odmítl postavit Labyrint"", ""Protože Daedalus zradil krále nepříteli""]",0,,,,,,
course_167_icare_et_dedale,course_167_icare_et_dedale_q2,mcq,Z jakých materiálů vyrábí Daedalus křídla?,"Při pozorování ptáků vyrábí Daedalus křídla ze dřeva, peří a včelího vosku.","[""Dřevo, peří a včelí vosk"", ""Kov a kůže"", ""Peří a rostlinné lepidlo"", ""Rákos a tkanina""]",0,,,,,,
course_167_icare_et_dedale,course_167_icare_et_dedale_q3,mcq,Jakou radu dává Daedalus Ikarovi před odjezdem?,"Daedalus doporučuje střední cestu: příliš nízká, vlhkost zatěžuje peří, příliš vysoká, slunce rozpouští vosk.","[""Sledujte střední cestu, ani příliš vysokou ani příliš nízkou"", ""Leťte co nejvýše, abyste se vyhnuli vlhkosti"", ""Skrývá se nad mraky"", ""Létat pouze v noci""]",0,,,,,,
course_167_icare_et_dedale,course_167_icare_et_dedale_q4,mcq,"Co se stane, když Ikaros letí příliš blízko slunci?","Fascinován nebem se Ikaros zvedá příliš vysoko: vosk změkne, peří padá a on se vrhá do moře.","[""Vosk na jeho křídlech taje a peří opadává"", ""Jeho oči jsou oslepeny světlem"", ""Jeho křídla vzplanou"", ""Zasáhne ho Zeusův blesk""]",0,,,,,,
course_167_icare_et_dedale,course_167_icare_et_dedale_q5,trueFalse,"Pravda nebo lež: Moře, kam padl Ikaros, se dodnes jmenuje Ikarské moře.",Proudy odnášejí Ikarovo tělo na ostrov jménem Ikaria a okolní moře se stává Ikarským mořem.,"[""Pravda"", ""Nepravda""]",0,,,,,,
course_167_icare_et_dedale,course_167_icare_et_dedale_q6,mcq,Kde najde Daedalus útočiště po smrti svého syna?,"Daedalus se dostane na Sicílii sám a nabídne svá křídla bohu Apollónovi a přísahá, že už nikdy nebude létat.","[""Na Sicílii"", ""Na Krétě"", ""V Aténách"", ""Na Rhodosu""]",0,,,,,,
course_167_icare_et_dedale,course_167_icare_et_dedale_q7,mcq,Jak malíř Bruegel starší představuje na svém obraze Ikarův pád?,Na Bruegelově obraze je Ikarův pád jen detailem: svět pokračuje bez zastavení pro hrdinu.,"[""Jako téměř neviditelný detail, zatímco oráč pokračuje ve svém úkolu"", ""Jako ústřední a velkolepá událost"", ""Černobíle pro zvýraznění tragédie"", ""S bohy pláčem na obloze""]",0,,,,,,
course_167_icare_et_dedale,course_167_icare_et_dedale_q8,chronological,Dejte do pořádku tyto fáze mýtu o Ikarovi a Daedalovi.,Od stavby Labyrintu až po pád Ikara jde příběh přesným postupem.,,,"[""Daedalus staví labyrint pro krále Minose"", ""Minos uzamkne Daedala a Ikara v jejich vlastní práci"", ""Daedalus vyrábí křídla ze dřeva, peří a vosku"", ""Ikaros letí příliš blízko slunci a padá do moře""]",,,,,
course_168_sisyphe_punition_eternelle,course_168_sisyphe_punition_eternelle_q1,mcq,Jaké tajemství odhaluje Sisyfos a rozhněvá Dia?,Sisyfos prodává tajemství Diova únosu Aeginy říčnímu bohu Asopos výměnou za zdroj vody.,"[""Prozradí říčnímu bohu Asoposovi, že Zeus unesl jeho dceru Aeginu"", ""Odhaluje polohu Labyrintu"", ""Odhaluje spiknutí proti Diovi"", ""Snaží se ukrást trůn Olympu""]",0,,,,,,
course_168_sisyphe_punition_eternelle,course_168_sisyphe_punition_eternelle_q2,mcq,"Jak se Sisyfovi podaří uvěznit Thanatose, zosobněnou Smrt?","Sisyfos požádá Thanatose o ukázku svých řetězů, pak ho skutečně připoutá.","[""Předstírá obdiv k jejím řetězům a žádá ji o předvedení, pak ji spoutá"", ""Uspí ji lektvarem"", ""Uvězní ho v Labyrintu"", ""Vyměňuje svůj vlastní život za svobodu""]",0,,,,,,
course_168_sisyphe_punition_eternelle,course_168_sisyphe_punition_eternelle_q3,trueFalse,"Pravda nebo lež: zatímco je Thanatos spoutaný Sisyfem, nikdo na Zemi nemůže zemřít.",Se Smrtí v řetězech už ani vojáci z Aresu nemohou padnout v bitvě.,"[""Pravda"", ""Nepravda""]",0,,,,,,
course_168_sisyphe_punition_eternelle,course_168_sisyphe_punition_eternelle_q4,mcq,"Jakou výmluvu používá Sisyfos, aby získal tři dny na Zemi po své smrti?","Sisyfos si stěžuje Persefone, že byl zneuctěn tím, že neměl pohřeb, a dostává tři dny na Zemi.","[""Stěžuje si Persefone, že mu jeho žena nevystrojila pohřeb."", ""Tvrdí, že zapomněl poklad"", ""Žádá, aby znovu viděl své děti"", ""Tvrdí, že byl unesen omylem""]",0,,,,,,
course_168_sisyphe_punition_eternelle,course_168_sisyphe_punition_eternelle_q5,mcq,Který bůh nakonec přivede Sisyfa zpět do podsvětí násilím?,"Hermes, posel bohů a dirigent duší, násilím přivádí Sisyfa zpět do Hádu.","[""Hermes"", ""Thanatos"", ""Ares"", ""Hades""]",0,,,,,,
course_168_sisyphe_punition_eternelle,course_168_sisyphe_punition_eternelle_q6,mcq,Jaký je věčný trest Sisyfa?,"Sisyfos je odsouzen vytlačit kámen na vrchol kopce, ale kámen se vrátí dolů těsně před cílem.","[""Tlačení skály, která se vrací dolů těsně před dosažením vrcholu"", ""Noste nebe na svých ramenou"", ""Nechat si každý den požírat játra orlem"", ""Zůstaňte ponořeni ve vodě, aniž byste se mohli napít""]",0,,,,,,
course_168_sisyphe_punition_eternelle,course_168_sisyphe_punition_eternelle_q7,mcq,Co z něj podle Alberta Camuse v „Mýtu o Sisyfovi“ dělá „absurdního hrdinu“?,"Pro Camuse roste Sisyfova jasnozřivost tváří v tvář zbytečnosti jeho úsilí a skutečnost, že navzdory všemu pokračuje.","[""Pokračuje ve svém úsilí, dobře ví, že je marné"", ""Tajně doufá, že se bohové unaví"", ""Naprosto ignoruje marnivost svého úkolu"", ""Nyní odmítá skálu tlačit""]",0,,,,,,
course_168_sisyphe_punition_eternelle,course_168_sisyphe_punition_eternelle_q8,trueFalse,Pravda nebo lež: na rozdíl od Prométhea je Sisyfos svým trestem každý den fyzicky zraněn.,"Sisyfos není zraněn na těle: jeho mučení je zbytečnost jeho úsilí, nikoli fyzická bolest.","[""Pravda"", ""Nepravda""]",1,,,,,,
course_168_sisyphe_punition_eternelle,course_168_sisyphe_punition_eternelle_q9,chronological,Dejte do pořádku tyto fáze mýtu o Sisyfovi.,Od odhalení tajemství Aeginy k věčnému zavržení následuje mýtus o Sisyfovi jasný vývoj.,,,"[""Sisyfos prozradí Asoposovi, že Zeus unesl jeho dceru"", ""Sisyfos spoutá Thanatose, zosobněnou Smrt"", ""Sisyfos dostane tři dny na Zemi a odmítá se vrátit"", ""Sisyfos je odsouzen tlačit kámen na věčnost""]",,,,,
course_169_tantale_et_son_supplice,course_169_tantale_et_son_supplice_q1,mcq,Proč Tantalos zabíjí a slouží bohům svého vlastního syna Pelopse?,"Tantalos pozve bohy na hostinu a naservíruje jim svého odříznutého syna, aby zjistil, zda si toho podvodu všimnou.","[""Abych vyzkoušel, jestli bohové opravdu všechno vidí"", ""Ze žárlivosti vůči synovi"", ""Na příkaz Zeuse"", ""Pomstít se Demeterovi""]",0,,,,,,
course_169_tantale_et_son_supplice,course_169_tantale_et_son_supplice_q2,mcq,Která bohyně bez úmyslu ukousne kus Pelopsova ramene?,"Demeter, rozptýlená smutkem své dcery Persefony, je jediná, kdo ukousne kousek misky.","[""Demeter"", ""Afrodita"", ""Hera"", ""Athéna""]",0,,,,,,
course_169_tantale_et_son_supplice,course_169_tantale_et_son_supplice_q3,mcq,"Čím Zeus nahradí Pelopsovo sežrané rameno, když ho vzkřísí?",Zeus vzkřísí Pelopse a nahradí snědené rameno kouskem slonoviny.,"[""Kousek slonoviny"", ""Kousek zlata"", ""Leštěný kámen"", ""Bronz""]",0,,,,,,
course_169_tantale_et_son_supplice,course_169_tantale_et_son_supplice_q4,mcq,Z čeho se skládá Tantalovo mučení v Tartaru?,"Tantalus, ponořený do jezera a obklopený ovocem, vidí vodu a jídlo mizet pokaždé, když se k nim pokusí dostat.","[""Má před očima vodu a ovoce, aniž by k nim kdy dosáhl"", ""Musí nekonečně tlačit kámen"", ""Orel jí každý den játra"", ""Na ramenou nese nebe""]",0,,,,,,
course_169_tantale_et_son_supplice,course_169_tantale_et_son_supplice_q5,trueFalse,"Pravda nebo lež: jakmile Tantalos nakloní hlavu, aby se napil, voda z jezera se ponoří do země.","Tantala netrápí absence vody, ale jeho klamná blízkost: potápí se, jakmile se přiblíží.","[""Pravda"", ""Nepravda""]",0,,,,,,
course_169_tantale_et_son_supplice,course_169_tantale_et_son_supplice_q6,mcq,Jaký chemický prvek je pojmenován podle tohoto mýtu?,V roce 1802 pojmenoval chemik Anders Ekeberg nový kov „tantal“ v odkazu na žíznivého krále mýtů.,"[""Tantal"", ""Titan"", ""Rtuť"", ""Plutonium""]",0,,,,,,
course_169_tantale_et_son_supplice,course_169_tantale_et_son_supplice_q7,mcq,"Proč chemik Ekeberg zvolil tento název pro kov, který objevil?","Kov odolává kyselinám, aniž by je absorboval, stejně jako Tantalus nikdy nemůže pít vodu kolem něj.","[""Protože kov ponořený do kyselin téměř nic z toho neabsorbuje"", ""Protože kov se těží poblíž Lydie"", ""Protože metal je těžký jako Sisyfosův kámen"", ""Protože kov při kontaktu s vodou mění barvu""]",0,,,,,,
course_169_tantale_et_son_supplice,course_169_tantale_et_son_supplice_q8,trueFalse,"Pravda nebo lež: Tantalova linie, Atridové, zůstává po tomto zločinu několik generací prokletá.","Kletba je přenesena na Atrida, kterou později zdědí Agamemnon a Orestes.","[""Pravda"", ""Nepravda""]",0,,,,,,
course_16_la_bataille_de_verdun_1916,course_16_la_bataille_de_verdun_1916_q1,mcq,Jaké krycí jméno dali Němci své ofenzívě proti Verdunu v roce 1916?,"Operace nese název Gericht, „tribunál“, který vybral generál Falkenhayn.","[""Gericht"", ""Barbarossa"", ""Modré pouzdro"", ""Michaele""]",0,,,,,,
course_16_la_bataille_de_verdun_1916,course_16_la_bataille_de_verdun_1916_q2,mcq,Proč si německý generál Falkenhayn vybral pro svou ofenzívu právě Verdun?,"Falkenhayn chce Francii „vykrvácet“ tím, že ji zatáhne do opotřebovací bitvy na místě, které se nemůže vzdát obrany.","[""Protože Francie ji nemůže opustit, aniž by ztratila tvář, která jí umožňuje vyschnout"", ""Protože Verdun je vojenské hlavní město Francie"", ""Protože Verdun je nejméně bráněné město na frontě"", ""Protože tam sídlí Britové""]",0,,,,,,
course_16_la_bataille_de_verdun_1916,course_16_la_bataille_de_verdun_1916_q3,numericSlider,"Kolik dní trvala bitva u Verdunu, od 21. února do 18. prosince 1916?","Bitva trvala 299 dní, jeden z nejdelších dnů první světové války.",,,,299.0,150.0,450.0,20.0,dny
course_16_la_bataille_de_verdun_1916,course_16_la_bataille_de_verdun_1916_q4,trueFalse,"Pravda nebo lež: Fort Douaumont, klíč k francouzské obraně, padl po hrdinském odporu trvajícím několik týdnů.","Fort Douaumont padl 25. února 1916 téměř bez boje, pouhé čtyři dny po zahájení německé ofenzívy.","[""Pravda"", ""Nepravda""]",1,,,,,,
course_16_la_bataille_de_verdun_1916,course_16_la_bataille_de_verdun_1916_q5,mcq,Jaká je role Posvátné cesty během bitvy o Verdun?,"Voie Sacrée spojuje Bar-le-Duc s Verdunem: každý den tam jezdí téměř 6 000 kamionů, aby udržely zásoby.","[""Zásobte Verdun muži a vybavením od Bar-le-Duc"", ""Evakuujte civilisty do Paříže"", ""Připojte Verdun k Maginotově lince"", ""Transport německých zajatců do týlu""]",0,,,,,,
course_16_la_bataille_de_verdun_1916,course_16_la_bataille_de_verdun_1916_q6,mcq,"Co umožňuje systém rotace jednotek, Noria, zavedený Pétainem?","Díky Norii jsou divize pravidelně uvolňovány, takže kolem 70 % francouzské armády bojuje u Verdunu najednou.","[""Rychle střídejte divize, abyste omezili čas strávený vepředu"", ""Naléhavě přiveďte britské posily"", ""Nahraďte francouzské vojáky pouze koloniálními jednotkami"", ""Během celé bitvy soustřeďte jednu divizi""]",0,,,,,,
course_16_la_bataille_de_verdun_1916,course_16_la_bataille_de_verdun_1916_q7,numericSlider,"Přibližně kolik mužů, Francouzů a Němců dohromady, bylo zabito nebo zraněno během bitvy u Verdunu?","Bitva si vyžádala celkem 700 000 obětí, asi 370 000 Francouzů a 330 000 Němců.",,,,700000.0,300000.0,1200000.0,100000.0,
course_16_la_bataille_de_verdun_1916,course_16_la_bataille_de_verdun_1916_q8,chronological,Seřaďte tyto fáze bitvy u Verdunu a jeho paměti v chronologickém pořadí.,Tyto milníky sahají od zahájení německé ofenzívy v únoru 1916 až po francouzsko-německé usmíření v roce 1984.,,,"[""Zahájení německého bombardování"", ""Pád Fort Douaumont"", ""Spojenecká ofenzíva na Sommě ulehčuje Verdunu"", ""Konec bitvy o Verdun"", ""Podání ruky mezi francouzskými a německými vůdci před kostnicí""]",,,,,
course_16_la_bataille_de_verdun_1916,course_16_la_bataille_de_verdun_1916_q9,mcq,Co symbolizuje potřesení rukou mezi Françoisem Mitterrandem a Helmutem Kohlem ve Verdunu v roce 1984?,Toto gesto před kostnicí v Douaumontu dělá z Verdunu symbol míru mezi Francií a Německem.,"[""francouzsko-německé usmíření"", ""Podpis nové vojenské smlouvy"", ""Inaugurace Evropské unie"", ""Odpuštění přeživším vojákům""]",0,,,,,,
course_170_meduse_et_persee,course_170_meduse_et_persee_q1,mcq,"Co se stane s Medúzou poté, co byla znásilněna Poseidonem v chrámu Athény?",Podle starověké tragické logiky Athéna potrestá oběť: Medúziny vlasy se stanou hady a její pohled zkamení.,"[""Athéna ji promění v monstrum a její vlasy se stanou hady"", ""Poseidon si ji vezme a udělá z ní bohyni"", ""Stává se nesmrtelným bez dalších změn"", ""Je prostě vyhoštěna bez trestu""]",0,,,,,,
course_170_meduse_et_persee,course_170_meduse_et_persee_q2,mcq,Jakou moc má Medúzin pohled?,"Medusin pohled promění každého, kdo se s ním setká, v kámen.","[""Každého, kdo se s ním setká, zkamení"", ""Dělá tě to neviditelným"", ""Léčí všechny rány"", ""Okamžitě usne""]",0,,,,,,
course_170_meduse_et_persee,course_170_meduse_et_persee_q3,mcq,Jakou výzvu klade král Polydektés na Persea?,"Polydectes chce poslat Persea pryč, aby svedl jeho matku Danae, a ukládá mu tuto sebevražednou výzvu.","[""Vraťte hlavu Medúzy"", ""Porazte Minotaura"", ""Okamžitě se ožeň s Andromedou"", ""Najděte strouhanku""]",0,,,,,,
course_170_meduse_et_persee,course_170_meduse_et_persee_q4,mcq,"Jak se Perseovi podaří setnout Medúzu hlavu, aniž by zkameněl?","Perseus, vedený odrazem svého štítu nabízeného Athénou, usekne hlavu spící Medúze, aniž by se na ni přímo podíval.","[""Dívá se na ni pouze přes odraz svého naleštěného bronzového štítu"", ""Bojuje se zavřenýma očima"", ""Útočí na něj v noci, když spí, bez zvláštních opatření."", ""Je chráněna afroditním kouzlem""]",0,,,,,,
course_170_meduse_et_persee,course_170_meduse_et_persee_q5,mcq,Kdo nabízí Perseovi rozhodující zrcadlový štít?,"Athéna dává Perseovi svůj leštěný bronzový štít, aby ho použil jako zrcadlo proti Meduse.","[""Athéna"", ""Hermes"", ""Hades"", ""Zeus""]",0,,,,,,
course_170_meduse_et_persee,course_170_meduse_et_persee_q6,mcq,"Co vyvěrá z krku Medúzy, když jí Perseus usekne hlavu?",Medusa byla těhotná s Poseidonem: z jejího krku vyskočil Pegasus a obr Chrysaor.,"[""Okřídlený kůň Pegasus a obr Chrysaor"", ""Další dva hadi"", ""Proud zlaté krve"", ""Poseidonův duch""]",0,,,,,,
course_170_meduse_et_persee,course_170_meduse_et_persee_q7,mcq,"Proč je Andromeda připoutaná ke skále, když ji Perseus objeví?","Andromeda je nabídnuta mořské příšeře Cetos, kterou poslal Poseidon potrestat pýchu své matky Cassiopeie.","[""Je nabídnuta jako oběť mořské příšeře, aby potrestala hrdost své matky"", ""Neposlechla svého otce krále"", ""Ukradla posvátný poklad"", ""Odmítá si vzít Persea""]",0,,,,,,
course_170_meduse_et_persee,course_170_meduse_et_persee_q8,mcq,"Co se stane s hlavou Medúzy, jakmile bude dána Athéně?","Athéna připevňuje hlavu Medúzy na svou záštitu: tento Gorgoneion se stává ochrannou silou, zdobí chrámy a štíty.","[""Je upevněn na jeho záštitě a stává se Gorgoneionem, ochranným symbolem"", ""Je zničen, aby se vymazala paměť Medúzy"", ""Je pohřbena na vrcholu Olympu"", ""Je nabídnuta Poseidonovi jako oprava""]",0,,,,,,
course_170_meduse_et_persee,course_170_meduse_et_persee_q9,chronological,Uspořádejte tyto fáze mýtu o Meduse a Perseovi.,Od útoku Medúzy po vysvobození Andromedy příběh sleduje přesný vývoj.,,,"[""Poseidon zaútočí na Medúzu v chrámu Athény"", ""Perseus dostává za své pátrání od bohů magické zbraně"", ""Perseus usekne Medusu hlavu díky odrazu jeho štítu"", ""Perseus osvobodí Andromedu od mořské příšery Ketos""]",,,,,
course_171_hercule_et_ses_12_travaux,course_171_hercule_et_ses_12_travaux_q1,mcq,Proč musí Héraklés vykonat svých dvanáct prací?,"Herakles, zasažený šílenstvím, zmasakruje svou manželku Megaru a své děti; díla jsou jeho pokáním za tento zločin.","[""Jako pokání poté, co zabil svou ženu a děti v záchvatu šílenství vyvolaného Hérou"", ""Aby dokázal svou sílu bohům Olympu"", ""S jednoduchou chutí dobrodružství"", ""Na přímý příkaz od Zeuse, bez konkrétního důvodu""]",0,,,,,,
course_171_hercule_et_ses_12_travaux,course_171_hercule_et_ses_12_travaux_q2,mcq,Kdo ukládá Héraklovi seznam jeho děl?,"Orákulum z Delf nařídí Héraklovi, aby sloužil jeho bratranci Eurystheovi, který na něj uvalí deset prací, pak dvanáct.","[""Král Eurystheus, jeho bratranec, na příkaz věštce z Delf"", ""Zeus sám"", ""Sama Hera"", ""Král Minos""]",0,,,,,,
course_171_hercule_et_ses_12_travaux,course_171_hercule_et_ses_12_travaux_q3,mcq,Jak Herakles porazí nemejského lva?,Tváří v tvář lví neproniknutelné kůži ji Heracles uškrtí holýma rukama a pak si ji oblékne jako brnění.,"[""Škrtí ho holýma rukama, jeho kůže je neprostupná pro zbraně"", ""Upálí ho zaživa"", ""Utopí ho v řece"", ""Chytí ho do sítě""]",0,,,,,,
course_171_hercule_et_ses_12_travaux,course_171_hercule_et_ses_12_travaux_q4,mcq,Jaká zvláštnost dělá Lernaean Hydru tak těžko porazitelnou?,"Z každé useknuté hlavy Hydry dorostou dvě, dokud Heracles nepálí krky.","[""Za každou useknutou hlavu narostou dvě"", ""Je úplně neviditelná"", ""Dýchá oheň"", ""Každou noc plně regeneruje""]",0,,,,,,
course_171_hercule_et_ses_12_travaux,course_171_hercule_et_ses_12_travaux_q5,mcq,Jak Herakles vyčistí Augejské stáje za jediný den?,"Héraklés odvádí řeky Alpheus a Peneus, jejichž proud unáší hnůj za jediný den.","[""Přes stáje odklání tok dvou řek"", ""Používá armádu otroků"", ""Spálí všechen nahromaděný hnůj"", ""Požádá Athénu o pomoc""]",0,,,,,,
course_171_hercule_et_ses_12_travaux,course_171_hercule_et_ses_12_travaux_q6,mcq,Jak se Heraklovi podaří získat zpět zlatá jablka od Hesperidek?,"Heracles oklame titána Atlase, aby získal zlatá jablka Hesperidek.","[""Oklame titána Atlase, který nese nebe na svých bedrech"", ""Sám v sadu bojuje s drakem"", ""V noci krade jablka, aniž by ho někdo viděl"", ""Kupuje je od strážných nymf""]",0,,,,,,
course_171_hercule_et_ses_12_travaux,course_171_hercule_et_ses_12_travaux_q7,mcq,Jaká je poslední a nejstrašnější z dvanácti Héraklových prací?,Přivedení Cerbera zpět živého z podsvětí symbolizuje pro Hérakla vítězství nad samotnou smrtí.,"[""Sestup do pekla a přiveď zpět Cerbera"", ""Zabijte Minotaura"", ""Ukradni Hippolytův pás"", ""Porazte obra Geryona""]",0,,,,,,
course_171_hercule_et_ses_12_travaux,course_171_hercule_et_ses_12_travaux_q8,trueFalse,"Pravda nebo lež: Héraklés umírá otrávený tunikou nasáklou krví kentaura Nessuse, kterou mu nabídla jeho žena Deianira.","Deianira přiměje Hérakla nosit tuniku nasáklou jedovatou krví kentaura Nessuse, která ho upálí zaživa.","[""Pravda"", ""Nepravda""]",0,,,,,,
course_171_hercule_et_ses_12_travaux,course_171_hercule_et_ses_12_travaux_q9,mcq,"Co se stane poté, co Herakles zemře u kůlu na hoře Oeta?","Na sázce smrtelná část Hérakla hoří, zatímco jeho božská esence stoupá k Olympu: je to apoteóza.","[""Jeho božská část se připojuje k Olympu: je to apoteóza"", ""Stává se pouze souhvězdím na obloze"", ""Je znovuzrozen jako nesmrtelný na Zemi"", ""Definitivně sestupuje do pekla""]",0,,,,,,
course_171_hercule_et_ses_12_travaux,course_171_hercule_et_ses_12_travaux_q10,chronological,Dejte do pořádku tyto fáze mýtu o Héraklovi.,"Od šílenství vyprovokovaného Hérou až po sestup do podsvětí, Héraklova práce sleduje jasný postup.",,,"[""Héra přivádí Hérakla k šílenství a přiměje ho zabít svou rodinu"", ""Héraklés škrtí nemejského lva holýma rukama"", ""Herakles odkloní dvě řeky, aby vyčistil Augejské stáje"", ""Héraklés sestupuje do podsvětí, aby přivedl zpět Cerbera""]",,,,,
course_172_thesee_et_le_minotaure,course_172_thesee_et_le_minotaure_q1,mcq,Proč se podle mýtu narodil Minotaurus?,"Minos odmítá obětovat bílého býka Poseidonovi, který se pomstí tím, že inspiruje královnu Pasiphaé k vášni pro zvíře, ze kterého se narodil Minotaurus.","[""Poseidon potrestá Minos tím, že vštípí královně Pasiphae vášeň pro býka"", ""Minos záměrně vytvoří monstrum, aby vyděsil Atény"", ""Minotaurus je darem Dia Minosovi"", ""Daedalus vynalezl Minotaura, aby otestoval svůj labyrint""]",0,,,,,,
course_172_thesee_et_le_minotaure,course_172_thesee_et_le_minotaure_q2,mcq,Kdo postavil Labyrint určený k uzavření Minotaura?,"Král Minos pověří vynálezce Daedaluse, aby postavil slepé vězení, Labyrint.","[""Bludiště"", ""Theseus"", ""Minos"", ""Ariane""]",0,,,,,,
course_172_thesee_et_le_minotaure,course_172_thesee_et_le_minotaure_q3,mcq,Co by měly Atény doručit na Krétu každých devět let?,Po prohrané válce musí Atény každých devět let odevzdat sedm mladých mužů a sedm mladých dívek jako jídlo Minotaurovi.,"[""Sedm mladých mužů a sedm mladých dívek pasoucích se s Minotaurem"", ""Hold zlata a stříbra"", ""Sedm válečných lodí"", ""Pouze syn krále Aegea""]",0,,,,,,
course_172_thesee_et_le_minotaure,course_172_thesee_et_le_minotaure_q4,mcq,Díky jakému předmětu se Théseovi podaří dostat z Labyrintu?,"Ariane mu dává klubko vlny, které on rozvine, když jde vpřed, pak se přetočí, aby našel východ.","[""Koule nití, které mu dala Ariane"", ""Mapa nakreslená Daedalem"", ""Kouzelná lampa"", ""Na stěnách vyrytá mapa""]",0,,,,,,
course_172_thesee_et_le_minotaure,course_172_thesee_et_le_minotaure_q5,trueFalse,Pravda nebo lež: Theseus opustí spící Ariadnu na ostrově Naxos během zpáteční cesty.,"Na ostrově Naxos opustí Theseus spící Ariadnu; někteří říkají, že bůh Dionýsos ji chtěl za manželku.","[""Pravda"", ""Nepravda""]",0,,,,,,
course_172_thesee_et_le_minotaure,course_172_thesee_et_le_minotaure_q6,mcq,Proč se král Aegeus vrhl z mysu Sounion?,"Theseus zapomene zvednout dohodnuté bílé plachty; Když Aegeus viděl černé plachty, myslí si, že jeho syn je mrtvý, a vrhne se z útesu.","[""Myslí si, že jeho syn je mrtvý, když vidí černé plachty lodi"", ""Dozvídá se o smrti své ženy"", ""Je poražen Minosem"", ""Utekl před krétskou invazí""]",0,,,,,,
course_172_thesee_et_le_minotaure,course_172_thesee_et_le_minotaure_q7,mcq,Odkud pochází název Egejského moře?,"Moře se nazývá Egejské od doby, kdy se do něj král vrhl a věřil, že jeho syn je mrtvý.","[""O králi Aegeovi, který zemřel tím, že se vrhl do jeho vod"", ""Od mořské bohyně jménem Aegeus"", ""Z ostrova zvaného Egejské moře"", ""Pojmenováno po Theseově lodi""]",0,,,,,,
course_172_thesee_et_le_minotaure,course_172_thesee_et_le_minotaure_q8,mcq,Jaké velké politické dílo se kdysi athénskému králi připisuje Theseovi?,"Theseovi se připisuje synoeicismus, sjednocení vesnic Attiky kolem Athén a také instituce Panathenaea.","[""Sjednocení měst Attiky kolem Atén (synoecismus)"", ""Stavba Parthenonu"", ""Založení athénské demokracie"", ""Dobytí Kréty""]",0,,,,,,
course_172_thesee_et_le_minotaure,course_172_thesee_et_le_minotaure_q9,chronological,Dejte do pořádku tyto fáze mýtu o Theseovi a Minotaurovi.,"Minosovo odmítnutí spustí zrození Minotaura, pak hold, Ariadninu lest a nakonec omylem Aegeovu smrt.",,,"[""Minos odmítá obětovat bílého býka Poseidonovi"", ""Theseus se dobrovolně přihlásí k poctě zaslané na Krétu"", ""Ariadne dá Théseovi nit, která mu umožní uniknout z Labyrintu"", ""Aegeus se vrhá z mysu Sounion a vidí černé plachty""]",,,,,
course_173_ulysse_et_le_cyclope,course_173_ulysse_et_le_cyclope_q1,mcq,Kdo je Polyphemus?,"Polyphemus je Kyklop, jednooký obr, syn boha moře Poseidona.","[""Kyklop, syn boha Poseidona"", ""Řecký král se spojil s Odysseem"", ""Bůh Olympu"", ""Bratr Ulysses""]",0,,,,,,
course_173_ulysse_et_le_cyclope,course_173_ulysse_et_le_cyclope_q2,mcq,"Jaké posvátné řecké pravidlo doufá Odysseus, že bude respektováno, když vstoupí do kyklopské jeskyně?","Řekové věřili v xenii, posvátnou povinnost přivítat cizince pod ochranou Dia; Polyfémos si to vůbec neuvědomuje.","[""Xenie, povinnost přivítat cizince"", ""Zákon války"", ""Zákon nejsilnějšího"", ""Každoroční pocta""]",0,,,,,,
course_173_ulysse_et_le_cyclope,course_173_ulysse_et_le_cyclope_q3,mcq,Jaké mazané jméno dal Odysseus Polyfémovi?,"Ulysses se představí jako „Nikdo“ (řecky Outis), což je jméno, které také evokuje křížení, lstivost a po útoku zasévá zmatek.","[""Nikdo (Outis)"", ""Null"", ""Odysseus z Ithaky"", ""Cizinec""]",0,,,,,,
course_173_ulysse_et_le_cyclope,course_173_ulysse_et_le_cyclope_q4,mcq,Jak se Odysseovi a jeho mužům podaří Polyféma zranit?,"Odysseus uřízne olivový kůl, který zahřeje, a pak jej jeho muži vrazí do jediného oka Kyklopa, který spí u vína.","[""Do jednoho oka mu vrazí hořící olivový kůl"", ""Otráví ho vínem"", ""Útočí na něj meči, když spí"", ""Způsobují zřícení jeskyně""]",0,,,,,,
course_173_ulysse_et_le_cyclope,course_173_ulysse_et_le_cyclope_q5,trueFalse,"Pravda nebo nepravda: když se ostatní Cyclopové zeptají, kdo útočí na Polyféma, odpoví „Nikdo“ a oni odejdou, aniž by zasáhli.","Polyphemus křičí, že „Nikdo“ na něj neútočí: ostatní Kyklopové, věřící v božské zlo, mu nepřijdou pomoci.","[""Pravda"", ""Nepravda""]",0,,,,,,
course_173_ulysse_et_le_cyclope,course_173_ulysse_et_le_cyclope_q6,mcq,Jak se Odysseus a jeho společníci dostanou z jeskyně sledované slepým Kyklopem?,"Odysseus přivazuje své společníky pod břicha nejvlněnějších ovcí a sám visí pod největším beranem, aby oklamal slepého Kyklopa.","[""Skrytá pod břichy ovcí stáda"", ""Kopáním tunelu"", ""Předstíráním, že jsou namalované ovečky"", ""Uspáním Polyféma podruhé""]",0,,,,,,
course_173_ulysse_et_le_cyclope,course_173_ulysse_et_le_cyclope_q7,mcq,"Jakou chybu udělá Odysseus, když je v bezpečí na moři?","Z touhy po kleos, slávě, která přežívá ve jménu, Odysseus křičí svou totožnost na Polyféma, který ho pak může jménem proklít Poseidonovi.","[""Své pravé jméno a své město odhalí Polyfémovi z touhy po slávě."", ""Opustí některé ze svých mužů na ostrově"", ""Znovu zaútočí na Cyclopsovu jeskyni"", ""Odmítá pomoci svým zraněným společníkům""]",0,,,,,,
course_173_ulysse_et_le_cyclope,course_173_ulysse_et_le_cyclope_q8,mcq,Jaký je důsledek Polyfémovy kletby na Odyssea?,"Polyphemus se modlí ke svému otci Poseidonovi, aby Odysseus dlouho bloudil a ztratil všechny své společníky: tato kletba otevírá deset let zkoušek na moři.","[""Strukturuje deset let putování po moři pro Odyssea"", ""Promění Ulyssese v Kyklopa"", ""Okamžitě zabije všechny své společníky"", ""Zabrání Ulyssesovi, aby ještě někdy viděl Ithaku""]",0,,,,,,
course_173_ulysse_et_le_cyclope,course_173_ulysse_et_le_cyclope_q9,chronological,Uspořádejte tyto fáze epizody Cyclops.,"Od vstupu do jeskyně po oslepení a poté až po přiznání svého jména na moři, epizoda sleduje přesný průběh, který zpečetí Ulyssesův osud.",,,"[""Odysseus a jeho muži vstupují do Polyfémovy jeskyně"", ""Polyphemus se opije a ptá se na jméno svého hosta"", ""Řekové oslepují Kyklopy hořícím kůlem"", ""Odysseus křičí z lodi své skutečné jméno""]",,,,,
course_174_ulysse_et_les_sirenes,course_174_ulysse_et_les_sirenes_q1,mcq,"Co Sirény slibují těm, kdo je poslouchají?","Sirény slibují absolutní poznání, včetně všeho, co se stalo v trojské válce, nejvyšší pokušení pro Odyssea.","[""Absolutní znalost všeho, co se děje na Zemi"", ""Nekonečné bohatství"", ""Nesmrtelnost"", ""Okamžitý návrat na Ithaku""]",0,,,,,,
course_174_ulysse_et_les_sirenes,course_174_ulysse_et_les_sirenes_q2,trueFalse,Pravda nebo lež: v Homerovi jsou Sirény reprezentovány jako ženy s rybím ocasem.,"V Homerovi jsou Sirény napůl ženy, napůl ptáci; reprezentace jako rybí žena se objevuje až později, ve středověku.","[""Pravda"", ""Nepravda""]",1,,,,,,
course_174_ulysse_et_les_sirenes,course_174_ulysse_et_les_sirenes_q3,mcq,"Co dělá Odysseus, aby jeho společníci neslyšeli píseň Sirén?","Odysseus ucpává uši svých společníků včelím voskem, aby z písně nic neslyšeli.","[""Zacpává jim uši včelím voskem"", ""Nechává je usnout"", ""Vysadí je před ostrovem Sirén"", ""Dává jim protijed""]",0,,,,,,
course_174_ulysse_et_les_sirenes,course_174_ulysse_et_les_sirenes_q4,mcq,"Jak se Odysseovi podaří píseň slyšet, aniž by jí podlehl?","Odysseus se nechá přivázat ke stěžni a nařídí svým mužům, aby mu utáhli pouta, pokud bude požadovat jeho svobodu, ať řekne cokoli.","[""Je připoután ke stěžni s příkazy utáhnout svá pouta, pokud požádá o propuštění."", ""Napůl si zakrývá uši"", ""Po celou dobu přejezdu zavírá oči"", ""Nutí své muže nosit magický štít""]",0,,,,,,
course_174_ulysse_et_les_sirenes,course_174_ulysse_et_les_sirenes_q5,mcq,"Kdo varoval Ulyssese před nebezpečím a strategií, kterou proti Sirénám přijmout?","Byl to kouzelník Circe, kdo varoval Ulyssese a umožnil mu připravit jeho strategii.","[""Kouzelník Circe"", ""Bohyně Athéna"", ""Věštec Tiresias"", ""Jeho žena Penelope""]",0,,,,,,
course_174_ulysse_et_les_sirenes,course_174_ulysse_et_les_sirenes_q6,mcq,Jaký společenskovědní koncept ilustruje scénu Odyssea přivázaného ke stěžni?,"Ulysses, který ví, že bude slabý tváří v tvář pokušení, sám předem omezí své možnosti: toto je předchozí závazek nebo předzávazek.","[""Předsevzetí"", ""Konfirmační zkreslení"", ""Skupinový efekt"", ""Kognitivní disonance""]",0,,,,,,
course_174_ulysse_et_les_sirenes,course_174_ulysse_et_les_sirenes_q7,trueFalse,"Pravda nebo lež: jakmile píseň zazní, Ulysses zůstává dokonale klidný a nikdy nepožádá o odpoutanost.","Když se píseň zvedne, Ulysses ztrácí klid a křičí, aby byl rozvázán; jen jeho muži, hluší a věrní plánu, mu brání, aby se vzdal.","[""Pravda"", ""Nepravda""]",1,,,,,,
course_174_ulysse_et_les_sirenes,course_174_ulysse_et_les_sirenes_q8,mcq,Jak se obraz Sirén vyvíjel ve středověku?,Ve středověku se z homérské ptačí ženy stala rybí žena a církev četl Sirény jako symboly chtíče.,"[""Z ptačí ženy se stává rybí žena, symbol chtíče po církvi"", ""Sirény se stávají ochrannými anděly"", ""Z ikonografie zcela mizí"", ""Jsou spojováni s bohem Poseidonem""]",0,,,,,,
course_174_ulysse_et_les_sirenes,course_174_ulysse_et_les_sirenes_q9,chronological,Seřaďte tyto kroky z epizody Mořské panny.,"Varování Circe předchází materiálové přípravě, poté samotné zkoušce písně, kde Ulysses zachraňuje pouze předchozí aranžmá.",,,"[""Circe varuje Ulyssese před nebezpečím Sirén"", ""Odysseus pokryje uši svých společníků voskem"", ""Odysseus je přivázán ke stěžni lodi"", ""Doznívá píseň Sirén a Ulysses žádá svou svobodu""]",,,,,
course_175_jason_et_la_toison_d_or,course_175_jason_et_la_toison_d_or_q1,mcq,Proč se Jason vydává hledat Zlaté rouno?,"Pelias, který si uzurpoval trůn Iolcos, slibuje, že jej vrátí Jasonovi, pokud přinese zpět Zlaté rouno střežené drakem.","[""Jeho strýc Pelias to po něm požaduje výměnou za trůn, který si uzurpoval."", ""Chce udělat dojem na Medeu"", ""Bohové ho vyženou do Kolchidy"", ""Snaží se pomstít svého otce Ésona""]",0,,,,,,
course_175_jason_et_la_toison_d_or,course_175_jason_et_la_toison_d_or_q2,mcq,"Jak Jason ztratí sandál, než se ujme svého trůnu?","Jason pomáhá staré ženě překročit potok, ve skutečnosti bohyni Héře v přestrojení, a ztratí sandál v bahně.","[""Tím, že pomáhá staré ženě, ve skutečnosti bohyni Héře v přestrojení, překročit potok"", ""Při boji s mořskou příšerou"", ""Během bouře na Argu"", ""Útěk před Harpyjemi""]",0,,,,,,
course_175_jason_et_la_toison_d_or,course_175_jason_et_la_toison_d_or_q3,mcq,Kdo tvoří posádku lodi Argo vedle Jasona?,"Argo vezme na palubu elitní skupinu řeckých hrdinů, včetně Hérakla, Orfea a dvojčat Castora a Polluxe.","[""Hrdinové jako Herakles, Orfeus, Castor a Pollux"", ""Pouze anonymní námořníci z Iolcos"", ""Amazonky přišly jako posily"", ""Král Aeetes a jeho dvůr""]",0,,,,,,
course_175_jason_et_la_toison_d_or,course_175_jason_et_la_toison_d_or_q4,mcq,Jak Argonauti překročili skály Symplegades?,"Jason vypustí holubici: skály se zavřou na jeho peří a pak se otevřou, což Argu umožní sotva projít.","[""Jason vypouští holubici, aby vyzkoušel, když se skály otevřou"", ""Obcházejí skály jinou cestou"", ""Poseidon sám pohybuje kameny"", ""Čekají, až bezměsíčná noc zůstane bez povšimnutí""]",0,,,,,,
course_175_jason_et_la_toison_d_or,course_175_jason_et_la_toison_d_or_q5,mcq,Jakou roli hraje Médeia při dobývání Zlatého rouna?,"Medea, zamilovaná do Jasona, mu poskytne mast proti ohni býků, poradí lest bojovníkům zrozeným z dračích zubů a poté uspí draka strážného.","[""Dá Jasonovi ochrannou mast a uspí draka strážného"", ""Sama bojuje s drakem mečem"", ""Přesvědčí svého otce, aby se v klidu vzdal Fleece"", ""Promění Jasona v neporazitelného býka""]",0,,,,,,
course_175_jason_et_la_toison_d_or,course_175_jason_et_la_toison_d_or_q6,trueFalse,"Pravda nebo lež: Aby unikla z Kolchidy, Médea zabije svého vlastního bratra Absyrtose a rozptýlí jeho ostatky na moři, aby zdržela jejich otce.","Médea zabije svého bratra Absyrta a jeho ostatky rozmetá po moři; jejich otec Aeetes se zastaví, aby vyzvedl tělo, což umožňuje Jasonovi a Medee uprchnout.","[""Pravda"", ""Nepravda""]",0,,,,,,
course_175_jason_et_la_toison_d_or,course_175_jason_et_la_toison_d_or_q7,mcq,"Jak se Médea pomstí Peliášovi, který odmítá postoupit trůn Jasonovi?","Médea oklame Peliasovy dcery, aby uvěřily, že mohou svého otce omladit rozřezáním, což ho zabije.","[""Ošidí své dcery, aby ho zabily ve víře, že ho udělá mladším"", ""Přímo ho otráví"", ""Doručí ho drakovi z Kolchidy"", ""Požádá Hérakla, aby s ním bojoval""]",0,,,,,,
course_175_jason_et_la_toison_d_or,course_175_jason_et_la_toison_d_or_q8,mcq,Proč se Medea nakonec pomstí Jasonovi v Korintu?,"Když se chce Jason oženit s dcerou krále Kreóna, Medea se pomstí tím, že zabije svého rivala otrávenými šaty a poté i jejich vlastní děti.","[""Jason ji chce opustit, aby se oženil s dcerou krále Kreóna"", ""Jason odmítá uznat jejich děti"", ""Jason ji bezdůvodně vyžene z Korintu"", ""Jason odhalí králi své magické tajemství""]",0,,,,,,
course_175_jason_et_la_toison_d_or,course_175_jason_et_la_toison_d_or_q9,chronological,Uspořádejte tyto kroky v příběhu Jasona a zlatého rouna.,"Od odjezdu na Iolcos až po Medeinu konečnou pomstu v Korintu, mýtus sleduje nepřetržitou trajektorii dobývání a poté padá.",,,"[""Jason ztratí sandál, když pomáhá staré ženě"", ""Argo překračuje Roches Symlégades díky holubici"", ""Medea uspí draka a Jason si vezme Fleece"", ""Medea se mstí za Jasonovu zradu v Korintu""]",,,,,
course_176_achille_le_talon_et_l_invulnerabilite,course_176_achille_le_talon_et_l_invulnerabilite_q1,mcq,Kdo jsou Achilleovi rodiče?,Achilles je synem nymfy Thetis a smrtelníka Pelea.,"[""Nymfa Thetis a smrtelník Peleus"", ""Bohyně Héra a král Priam"", ""Nymfa Thetis a bůh Zeus"", ""Ani jeden není smrtelník""]",0,,,,,,
course_176_achille_le_talon_et_l_invulnerabilite,course_176_achille_le_talon_et_l_invulnerabilite_q2,mcq,Proč Thetis vrhá Achilla do Styxu?,"Thetis vrhá Achilla do Styxu, řeky podsvětí, jejíž voda by udělala jeho kůži neprostupnou, aby ho ochránila.","[""Aby jeho kůže byla neprostupná a chránila ho"", ""Aby ho očistili ještě před jeho oficiálním narozením"", ""Dát mu dar slova bohů"", ""Aby ho uspali před dlouhou cestou""]",0,,,,,,
course_176_achille_le_talon_et_l_invulnerabilite,course_176_achille_le_talon_et_l_invulnerabilite_q3,mcq,Proč zůstává Achillova pata zranitelná?,"Tím, že ho Thetis drží za patu, aby ho ponořil do Styxu, zanechává tuto oblast suchou, a proto zranitelnou.","[""Thetis ho drží za patu ponořením do Styxu, který proto zůstává suchý"", ""Achilles ze zvědavosti vytáhl nohu z vody"", ""Styx se nikdy nedotkl jeho nohou"", ""Žárlivý bůh proklel jeho patu""]",0,,,,,,
course_176_achille_le_talon_et_l_invulnerabilite,course_176_achille_le_talon_et_l_invulnerabilite_q4,mcq,Proč se Achilles stahuje z boje před Trójou?,"Poté, co Agamemnon vezme svou zajatkyni Briseis, uražený Achilles odstoupí z boje, což vážně oslabí řeckou armádu.","[""Agamemnon vezme svou zajatkyni Briseis, urážku, kterou netoleruje"", ""Má zraněnou patu"", ""Odmítá čelit Hectorovi"", ""Bohové mu zakazují bojovat""]",0,,,,,,
course_176_achille_le_talon_et_l_invulnerabilite,course_176_achille_le_talon_et_l_invulnerabilite_q5,mcq,Co nakonec přivede Achilla zpět do bitvy?,"Je to smrt Patrokla, jeho nejdražšího společníka, která tlačí Achilla, aby se znovu chopil zbraně.","[""Smrt jeho společníka Patrokla"", ""Příslib bohatství od Agamemnona"", ""Zeusův přímý rozkaz"", ""Dobytí Briseis Trojany""]",0,,,,,,
course_176_achille_le_talon_et_l_invulnerabilite,course_176_achille_le_talon_et_l_invulnerabilite_q6,trueFalse,"Pravda nebo lež: po zabití Hectora Achilles táhne jeho tělo za svým vozem a pouze král Priam ho dokáže přesvědčit, aby ho vrátil.","Achilles táhne Hectorovo tělo ze vzteku; je to noční návštěva starého krále Priama, která ho přivádí zpět mezi lidstvo a přiměje ho vrátit tělo.","[""Pravda"", ""Nepravda""]",0,,,,,,
course_176_achille_le_talon_et_l_invulnerabilite,course_176_achille_le_talon_et_l_invulnerabilite_q7,mcq,"Kdo vystřelí osudný šíp, který zabije Achilla do paty?","Je to Paris, princ lukostřelec málo vážený pro svou statečnost, kdo vystřelí osudný šíp, vedený Apollónem, do Achillovy paty.","[""Paříž pod vedením Apolla"", ""Hectore, před smrtí"", ""Agamemnone, ze žárlivosti"", ""Priame, aby pomstil svého syna""]",0,,,,,,
course_176_achille_le_talon_et_l_invulnerabilite,course_176_achille_le_talon_et_l_invulnerabilite_q8,mcq,Jakou možnost měl podle mýtu Achilles?,"Achilles by měl na výběr mezi dlouhým a zapomenutým životem a krátkým, ale věčně slavným životem: vybral si slávu.","[""Dlouhý a zapomenutý život, nebo krátký a slavný život"", ""Staňte se králem Tróje nebo zůstaňte prostým vojákem"", ""Vezmi si Briseis nebo si vezmi Hélène"", ""Bojujte za Trojany nebo Řeky""]",0,,,,,,
course_176_achille_le_talon_et_l_invulnerabilite,course_176_achille_le_talon_et_l_invulnerabilite_q9,mcq,Co dnes znamená výraz Achillova pata?,Pojem „Achilova pata“ označuje skrytou chybu v jinak silném systému nebo osobě.,"[""Chyba v jinak zdánlivě pevném systému"", ""Pouze běžné sportovní zranění"", ""Dobrovolná hrdinská oběť"", ""Poslední obranná linie armády""]",0,,,,,,
course_176_achille_le_talon_et_l_invulnerabilite,course_176_achille_le_talon_et_l_invulnerabilite_q10,chronological,Dejte tyto etapy Achillova života do pořádku.,Od jeho ochrany jako dítěte až po jeho smrt v bitvě se Achillův osud ubírá trajektorií poznamenanou slávou a osudovostí jeho paty.,,,"[""Thetis ponoří malého Achilla do Styxu a drží ho za patu"", ""Achilles odstupuje z boje po Agamemnonově urážce"", ""Patroklova smrt přivádí Achilla zpět na bojiště"", ""Paris dosáhne Achillovy paty šípem vedeným Apollonem""]",,,,,
course_177_dipe_et_le_sphinx,course_177_dipe_et_le_sphinx_q1,mcq,Co je Sfinga v mýtu o Oidipovi?,"Sfinga je hybridní stvoření (tělo lva, poprsí ženy, křídla ptáka, ocas hada), které blokuje cesty v Thébách a zabíjí ty, kdo neuspějí v jeho hádance.","[""Hybridní monstrum, které představuje smrtící hádanku pro kolemjdoucí poblíž Théb"", ""Pomstychtivý řecký bůh"", ""Konkurenční král Théb"", ""Mořská bytost poslaná Poseidonem""]",0,,,,,,
course_177_dipe_et_le_sphinx,course_177_dipe_et_le_sphinx_q2,mcq,"Proč jsou Théby bez skutečného vůdce, když vládu převezme Sfinga?","Král Laius zmizel, zabit neznámou osobou na křižovatce a město Théby zůstalo bez legitimního vůdce.","[""Král Laius zmizel, zabit neznámou osobou na křižovatce"", ""Král se dobrovolně vzdal trůnu"", ""Město bylo právě napadeno"", ""Trůn byl vždy prázdný""]",0,,,,,,
course_177_dipe_et_le_sphinx,course_177_dipe_et_le_sphinx_q3,mcq,Jakou otázku si klade Sfinga?,"Sfinga se ptá, která bytost má čtyři nohy ráno, dvě v poledne a tři večer.","[""Jaká bytost má čtyři nohy ráno, dvě v poledne, tři večer?"", ""Jak se jmenuje skutečný král Théb?"", ""Jak porazit monstrum beze zbraně?"", ""Které město bude vládnout Řecku?""]",0,,,,,,
course_177_dipe_et_le_sphinx,course_177_dipe_et_le_sphinx_q4,mcq,Jakou odpověď dává Oidipus na hádanku o Sfingě?,"Oidipus odpovídá „Muž“: jako dítě se plazí po čtyřech, jako dospělý chodí po dvou nohách, jako stařec se opírá o hůl.","[""Muž"", ""Čas"", ""Čtyřnohé zvíře"", ""Bůh""]",0,,,,,,
course_177_dipe_et_le_sphinx,course_177_dipe_et_le_sphinx_q5,trueFalse,Pravda nebo lež: jako odměnu za vítězství nad Sfingou dostává Oidipus thébskou korunu a ožení se s ovdovělou královnou Jocastou.,"Jak bylo slíbeno, Oidipus se stává králem Théb a po porážce Sfingy se ožení s ovdovělou královnou Jocastou.","[""Pravda"", ""Nepravda""]",0,,,,,,
course_177_dipe_et_le_sphinx,course_177_dipe_et_le_sphinx_q6,mcq,Proč Oidipus před příjezdem do Théb utekl z Korintu?,"Orákulum předpovědělo Oidipovi, že zabije svého otce a ožení se s jeho matkou: uprchl z Korintu ve víře, že tomuto osudu unikne.","[""Orákulum předpovědělo, že zabije svého otce a ožení se s jeho matkou."", ""Byl vyhoštěn za zradu"", ""Své štěstí hledal jinde"", ""Prchal před občanskou válkou""]",0,,,,,,
course_177_dipe_et_le_sphinx,course_177_dipe_et_le_sphinx_q7,mcq,"Co Apollón odhalí, když mor zasáhne Théby, později za vlády Oidipa?","Apollo odhaluje, že mor skončí pouze tehdy, když je identifikován vrah krále Laia, což zahájí Oidipovo smrtelné vyšetřování.","[""Pohroma skončí, když bude nalezen vrah Laius"", ""Město musí obětovat královské dítě"", ""Sfinga musí být pomstěna"", ""Nové monstrum ohrožuje město""]",0,,,,,,
course_177_dipe_et_le_sphinx,course_177_dipe_et_le_sphinx_q8,mcq,Jakou tragickou pravdu nakonec odhalí Oidipovo vyšetřování?,"Vyšetřování ukazuje, že Oidipus zabil svého vlastního otce Laia a oženil se s vlastní matkou Jocastou, aniž by to věděl.","[""Sám zabil Laia, svého otce, a oženil se s Jocastou, jeho matkou"", ""Skutečným viníkem je Kreón"", ""Laius je stále naživu, skrytý"", ""Sfinga lhala o identitě krále""]",0,,,,,,
course_177_dipe_et_le_sphinx,course_177_dipe_et_le_sphinx_q9,mcq,"Co udělá Oidipus, když se dozví pravdu o svém osudu?","Oidipús oslepl tím, že si vypíchl oči, a nakonec „vidí“ pravdu o sobě; pak bloudí, podporován svou dcerou Antigonou.","[""Zhasne oči"", ""Okamžitě odchází do exilu na moře"", ""Abdikuje a jmenuje Kreóna králem"", ""Usmíří se s Jocastou""]",0,,,,,,
course_177_dipe_et_le_sphinx,course_177_dipe_et_le_sphinx_q10,chronological,Dejte do pořádku tyto fáze oidipovského mýtu.,"Od útěku z Korintu až po tragické odhalení své identity prochází Oidipus cestou, kde vítězství nad Sfingou předchází jeho pádu.",,,"[""Oidipus prchá z Korintu, aby unikl proroctví"", ""Oidipus odpovídá „Muž“ na hádanku o Sfingě"", ""Oidipus se stává králem Théb a ožení se s Jocastou"", ""Vyšetřování moru ukazuje, že Oidipus zabil svého vlastního otce""]",,,,,
course_178_antigone_devoir_familial_vs_loi_de_l_eta,course_178_antigone_devoir_familial_vs_loi_de_l_eta_q1,mcq,Proč nemá Polyneikés podle Kreónova výnosu nárok na pohřeb?,"Polyneikés zaútočil na Théby s cizí armádou; Kreón, který je považován za zrádce, mu na rozdíl od jeho bratra Eteokla odmítá jakýkoli pohřeb.","[""Zaútočil na vlastní město cizí armádou a je s ním zacházeno jako se zrádcem"", ""Zemřel příliš daleko od Théb"", ""Nepatřil do královské rodiny"", ""Kreón jeho smrt prostě ignoruje""]",0,,,,,,
course_178_antigone_devoir_familial_vs_loi_de_l_eta,course_178_antigone_devoir_familial_vs_loi_de_l_eta_q2,mcq,Proč byla absence hrobu pro staré Řeky tak děsivá?,"Pro Řeky, bez pohřebního obřadu, duše mrtvého bloudí poblíž Styx, řeky podsvětí, aniž by kdy našla odpočinek.","[""Bez pohřebních obřadů duše neklidně bloudí poblíž Styxů"", ""Tělo riskuje, že ho sežerou posvátná zvířata"", ""Dehonestuje pouze živé, nikoli mrtvé"", ""Město ztrácí svůj náboženský status""]",0,,,,,,
course_178_antigone_devoir_familial_vs_loi_de_l_eta,course_178_antigone_devoir_familial_vs_loi_de_l_eta_q3,mcq,Jak Antigona provádí pohřební obřad navzdory Kreónovu zákazu?,K dokončení pohřebního obřadu symbolicky stačila jednoduchá hrstka země: právě toto diskrétní gesto Antigona provádí sama.,"[""Symbolickým pokrytím těla zemí"", ""Organizováním obrovských veřejných pohřbů"", ""Povoláním armády k ochraně těla"", ""Zkorumpováním Creonových stráží""]",0,,,,,,
course_178_antigone_devoir_familial_vs_loi_de_l_eta,course_178_antigone_devoir_familial_vs_loi_de_l_eta_q4,mcq,Na jakém principu zakládá Antigona svou neposlušnost před Kreónem?,"Antigona si nárokuje přirozené právo: nepsané a neměnné zákony, starší a legitimnější než nařízení králů.","[""Nepsané a neměnné zákony, starší než lidská nařízení"", ""Její postavení princezny, nadřazené zákonům"", ""Tajný rozkaz od bohů přijatý ve snu"", ""Slib daný jeho otci Oidipovi""]",0,,,,,,
course_178_antigone_devoir_familial_vs_loi_de_l_eta,course_178_antigone_devoir_familial_vs_loi_de_l_eta_q5,mcq,Jaký trest ukládá Kreón Antigoně?,"Kreón odsuzuje Antigonu, aby byla zaživa zazděna za neuposlechnutí jeho nařízení.","[""Nechat se zaživa zazdít"", ""Definitivní exil"", ""Veřejné kamenování"", ""Vyhnání její sestry Ismene s ní""]",0,,,,,,
course_178_antigone_devoir_familial_vs_loi_de_l_eta,course_178_antigone_devoir_familial_vs_loi_de_l_eta_q6,trueFalse,Pravda nebo lež: Antigonina sestra Ismene ji od začátku neposlouchá a pohřbí Polyneices vedle ní.,"Ismene váhá, je opatrná a nejedná s Antigonou: zakázaný pohřební obřad vykonává sama.","[""Pravda"", ""Nepravda""]",1,,,,,,
course_178_antigone_devoir_familial_vs_loi_de_l_eta,course_178_antigone_devoir_familial_vs_loi_de_l_eta_q7,mcq,Kdo je Haemon a jakou roli hraje v tragédii?,"Haemon, syn Kreóna a snoubenec Antigony, se marně snaží domluvit se svým otcem, než dojde k tragédii.","[""Kreónův syn a Antigonin snoubenec, který se snaží domluvit se svým otcem"", ""Antigonin bratr zabit ve válce"", ""Věštec, který předpověděl pád Théb"", ""Nový král po Kreonovi""]",0,,,,,,
course_178_antigone_devoir_familial_vs_loi_de_l_eta,course_178_antigone_devoir_familial_vs_loi_de_l_eta_q8,mcq,Co prozradí věštec Tiresias Kreónovi?,"Teiresias oznamuje, že bohové se hněvají: město je poskvrněno opuštěnou mrtvolou a nespravedlivým uvězněním Antigony.","[""Bohové se zlobí na město poskvrněné jeho rozhodnutími"", ""Antigona musí být okamžitě a bezpodmínečně propuštěna"", ""Polyneices byl vlastně nevinný"", ""Nové monstrum ohrožuje Théby""]",0,,,,,,
course_178_antigone_devoir_familial_vs_loi_de_l_eta,course_178_antigone_devoir_familial_vs_loi_de_l_eta_q9,mcq,K jakým úmrtím dochází po Creonově pozdní změně srdce?,"Kreón se poddá příliš pozdě: Antigona se oběsí, její syn Hémon spáchá sebevraždu, pak se zabije i Eurydika, Kreónova žena.","[""Antigona se oběsí, Haemon a Eurydice spáchají sebevraždu"", ""Zemře pouze Antigona, zbytek rodiny přežije"", ""Kreón umírá první"", ""Ismene spáchá sebevraždu místo Antigony""]",0,,,,,,
course_178_antigone_devoir_familial_vs_loi_de_l_eta,course_178_antigone_devoir_familial_vs_loi_de_l_eta_q10,chronological,Dejte do pořádku tyto fáze tragédie Antigony.,"Tragédie neúprosně následuje od smrti obou bratrů po Kreónův výnos, poté po Antigoninu neposlušnost a její odsouzení.",,,"[""Eteoklés a Polyneikés se navzájem zabíjejí o thébský trůn"", ""Kreón zakazuje jakýkoli pohřeb Polyneika"", ""Antigona vykonává zakázaný pohřební obřad sama"", ""Kreón odsuzuje Antigonu k zazdění zaživa""]",,,,,
course_179_la_guerre_de_troie_et_le_cheval_de_bois,course_179_la_guerre_de_troie_et_le_cheval_de_bois_q1,mcq,Co podle mýtu odstartovalo trojskou válku?,"Paris volí Afroditu při soudu nad zlatým jablkem; nabídne mu lásku Heleny, manželky Menelaa, což rozpoutá válku.","[""Volba Parise, který nabídne zlaté jablko Afroditě a za odměnu získá Helenu"", ""Překvapivý útok Tróje proti Spartě"", ""Obchodní spor mezi Řeky a Trojany"", ""Smrt krále Priama""]",0,,,,,,
course_179_la_guerre_de_troie_et_le_cheval_de_bois,course_179_la_guerre_de_troie_et_le_cheval_de_bois_q2,mcq,"Kdo převezme velení nad řeckou koalicí, která se chystá obléhat Tróju?","Agamemnon, bratr Menelaa a král Mykén, přebírá velení řecké flotily, která se vydává obléhat Tróju.","[""Agamemnon, král Mykén a bratr Menelaa"", ""Odysseus, král Ithaky"", ""Achilles, největší válečník"", ""Priam, král trojský""]",0,,,,,,
course_179_la_guerre_de_troie_et_le_cheval_de_bois,course_179_la_guerre_de_troie_et_le_cheval_de_bois_q3,mcq,Proč jsou hradby Troje považovány za téměř nezničitelné?,"Hradby Tróje jsou prý nezničitelné, protože je postavili s pomocí bohů Poseidona a Apollóna.","[""Byly postaveny za pomoci Poseidona a Apollóna"", ""Jsou vyrobeny z jedinečného posvátného kovu"", ""Žádný bůh se jich nemůže dotknout"", ""V noci jsou neviditelní""]",0,,,,,,
course_179_la_guerre_de_troie_et_le_cheval_de_bois,course_179_la_guerre_de_troie_et_le_cheval_de_bois_q4,mcq,Kdo vynalezl trik s dřevěným koněm?,"Je to Odysseus, mistr křížence, inteligentní lest, který vynalezl past dřevěného koně, aby srazil Tróju.","[""Odysseus, král Ithaky a mistr kříženců"", ""Agamemnon"", ""Achilles"", ""kněz Laocoon""]",0,,,,,,
course_179_la_guerre_de_troie_et_le_cheval_de_bois,course_179_la_guerre_de_troie_et_le_cheval_de_bois_q5,mcq,"Jak Řekové přesvědčili Trojany, aby přijali koně mezi své hradby?","Řecký špión Autre přesvědčí Trojany, že kůň je obětí pro Athénu, navzdory varování kněze Laocoona.","[""Špión Autre je přiměje uvěřit, že je to nabídka pro Athénu"", ""Oficiálně to nabízejí jako znamení podepsaného míru"", ""Jinak hrozí vypálením města"", ""Král Priam to sám vyžaduje""]",0,,,,,,
course_179_la_guerre_de_troie_et_le_cheval_de_bois,course_179_la_guerre_de_troie_et_le_cheval_de_bois_q6,trueFalse,"Pravda nebo lež: Trojský kněz Laocoon varuje své krajany, že kůň je past, ale on je ignorován.","Laocoon křičí past, ale Trojané ho ignorují a přivádějí koně do města, čímž zpečetí svůj osud.","[""Pravda"", ""Nepravda""]",0,,,,,,
course_179_la_guerre_de_troie_et_le_cheval_de_bois,course_179_la_guerre_de_troie_et_le_cheval_de_bois_q7,mcq,Jak se řečtí vojáci ukrytí v koni nakonec dostanou do města?,"Když přišla noc, vojáci ukrytí v koni vyšli, otevřeli městské brány a navrácená řecká armáda dokončila dobytí Tróje.","[""Vycházejí v noci a otevírají brány vracejícímu se řeckému vojsku"", ""Útočí za bílého dne, jakmile dorazí"", ""Vyjednávají pokojnou kapitulaci"", ""Čekají ještě deset dní, než budou jednat""]",0,,,,,,
course_179_la_guerre_de_troie_et_le_cheval_de_bois,course_179_la_guerre_de_troie_et_le_cheval_de_bois_q8,mcq,Co se stane s trojským princem Aeneem po pádu města?,Aeneas prchá se svým otcem a jeho bohy Laresem; Římská legenda z něj později učinila zakladatele Říma.,"[""Utekl se svým otcem a svými bohy a stal se podle legendy předkem Říma"", ""Je zajat Agamemnonem"", ""Stává se králem obnovené Tróje"", ""Vstoupí do řecké armády""]",0,,,,,,
course_179_la_guerre_de_troie_et_le_cheval_de_bois,course_179_la_guerre_de_troie_et_le_cheval_de_bois_q9,mcq,"Co znamenají Nostoi, zmínění po pádu Tróje?","Nostoi označují návraty řeckých vítězů, často tragické: Agamemnon je zavražděn, Ulysses putuje dalších deset let.","[""Nebezpečné a často tragické návraty vítězných řeckých hrdinů"", ""Nové zákony uvalené na Tróju"", ""Jméno dané přeživším Trojanů"", ""Pocta, kterou Řekové vzdávali bohům""]",0,,,,,,
course_179_la_guerre_de_troie_et_le_cheval_de_bois,course_179_la_guerre_de_troie_et_le_cheval_de_bois_q10,chronological,Dejte tyto fáze trojské války do pořádku.,Od rozsudku v Paříži po poslední lest dřevěného koně dělí deset let vypuknutí války od pádu města.,,,"[""Paris si vybere Afroditu a získá lásku Helene"", ""Řecká koalice obléhá Tróju deset let bez vítěze"", ""Řekové postaví dřevěného koně a předstírají, že odcházejí"", ""Skrytí vojáci otevírají v noci brány Tróje""]",,,,,
course_17_la_revolution_russe_1917,course_17_la_revolution_russe_1917_q1,mcq,Co podnítilo únorovou revoluci v roce 1917 v Rusku?,Únorová revoluce začala demonstracemi za chléb v Petrohradě; dělníci vyjdou do ulic a posádka se s nimi sbratří.,"[""Protesty spojené s nedostatkem chleba v Petrohradě"", ""Vojenský převrat organizovaný Leninem"", ""Totální porážka ruské armády proti Německu"", ""Útok proti caru Mikuláši II""]",0,,,,,,
course_17_la_revolution_russe_1917,course_17_la_revolution_russe_1917_q2,numericSlider,"Kolik let vládla dynastie Romanovců, když Nicholas II v březnu 1917 abdikoval?",Abdikace Mikuláše II. 2. března 1917 ukončila 300 let vlády dynastie Romanovců.,,,,300.0,150.0,450.0,25.0,let
course_17_la_revolution_russe_1917,course_17_la_revolution_russe_1917_q3,trueFalse,Pravda nebo lež: po abdikaci Mikuláše II. vládne Rusku jednoznačně jediná mocnost.,"Byla ustanovena „dvojí moc“: na jedné straně Prozatímní vláda, na druhé Petrohradský sovět, rada dělníků a vojáků.","[""Pravda"", ""Nepravda""]",1,,,,,,
course_17_la_revolution_russe_1917,course_17_la_revolution_russe_1917_q4,mcq,"Jaký slogan shrnuje program, který Lenin zahájil ve svých dubnových tezích?","Po svém návratu v dubnu 1917 vyzval Lenin k programu „Mír, chléb, země“, který přímo reagoval na očekávání veřejnosti.","[""„Mír, chléb, země“"", ""„Svoboda, rovnost, bratrství“"", ""„Všechnu moc carům“"", ""„Práce, rodina, vlast“""]",0,,,,,,
course_17_la_revolution_russe_1917,course_17_la_revolution_russe_1917_q5,mcq,Jak se Leninovi podařilo vrátit se do Ruska v roce 1917?,"Německo, které chce oslabit svého ruského nepřítele, organizuje Leninův návrat z exilu v „olověném vlaku“.","[""V zapečetěném vlaku organizovaném Německem, které doufá v oslabení Ruska"", ""Na palubě britské lodi"", ""Tajným přechodem přes Sibiř"", ""Tajnou dohodou s carem""]",0,,,,,,
course_17_la_revolution_russe_1917,course_17_la_revolution_russe_1917_q6,mcq,Kdo organizoval spolu s Leninem bolševické povstání v říjnu 1917?,"Leon Trockij, vynikající organizátor, připravil s Leninem povstání, které svrhlo Prozatímní vládu.","[""Leon Trockij"", ""Alexandr Kerenský"", ""Mikuláše II"", ""Grigori Rasputin""]",0,,,,,,
course_17_la_revolution_russe_1917,course_17_la_revolution_russe_1917_q7,chronological,Seřaďte tyto události ruské revoluce chronologicky.,Tyto milníky sahají od pádu carismu v únoru 1917 do založení SSSR v roce 1922.,,,"[""Abdikace Mikuláše II"", ""Dubnové teze Lenina"", ""Dobytí Zimního paláce"", ""Brestlitevský mír"", ""Zrození SSSR""]",,,,,
course_17_la_revolution_russe_1917,course_17_la_revolution_russe_1917_q8,mcq,"Co zavádí Čeka, bolševická politická policie?","Čeka zahájila teror proti odpůrcům nové moci, zejména po převzetí moci bolševiky.","[""Politika teroru proti protivníkům"", ""Volný volební systém"", ""Mírová pozemková reforma"", ""Mezinárodní tribunál""]",0,,,,,,
course_17_la_revolution_russe_1917,course_17_la_revolution_russe_1917_q9,mcq,"Jaká ideologie založila SSSR, narozený v roce 1922?","SSSR je prvním státem vybudovaným na marxismu-leninismu, který spojuje myšlenky Marxe a metodu Lenina.","[""marxismus-leninismus"", ""Ekonomický liberalismus"", ""Carský panslavismus"", ""ruský nacionalismus""]",0,,,,,,
course_180_thor_et_loki_mythologie_nordique,course_180_thor_et_loki_mythologie_nordique_q1,mcq,"Jaký je hlavní zdroj, který nám předává mýty o Thorovi a Lokim?","Hlavním zdrojem těchto mýtů je próza Edda, kterou kolem roku 1220 napsal Islanďan Snorri Sturluson a kterou doplnila Poetická Edda.","[""Próza Edda, kterou napsal Snorri Sturluson kolem roku 1220"", ""Římská báseň z 1. stol"", ""Runové nápisy nalezené v Řecku"", ""Křesťanské náboženské pojednání ze 6. století""]",0,,,,,,
course_180_thor_et_loki_mythologie_nordique,course_180_thor_et_loki_mythologie_nordique_q2,mcq,Jak je organizován severský svět podle mytologie?,"Svět je organizován kolem kosmického stromu Yggdrasil: Asgard, domov bohů, nahoře a Midgard, svět lidí, dole, spojený Bifröst.","[""Kolem kosmického stromu Yggdrasil, s Asgardem nahoře a Midgardem dole"", ""Kolem jediného oceánu bez pevniny"", ""Na sedmi překrývajících se oblohách bez spojení mezi nimi"", ""Kolem unikátní hory obývané všemi bohy""]",0,,,,,,
course_180_thor_et_loki_mythologie_nordique,course_180_thor_et_loki_mythologie_nordique_q3,mcq,Jaká je role Thora mezi severskými bohy?,Thor je nejuctívanějším bohem lidu: brání lidstvo proti obrům svým kladivem Mjöllnir.,"[""Svým kladivem Mjöllnir chrání lidstvo před obry"", ""Vládne podsvětí"", ""Je to bůh lží a lží"", ""Na severském Olympu vládne sám bez dalšího boha""]",0,,,,,,
course_180_thor_et_loki_mythologie_nordique,course_180_thor_et_loki_mythologie_nordique_q4,mcq,"Co je zvláštního na Thorově kladivu, Mjöllnir?","Mjöllnir, ukovaný trpaslíky, rozbíjí hory a po vhození se vždy vrací do Thorovy ruky.","[""Po vhození se vždy vrátí do Thorovy ruky"", ""Může ji zvednout pouze Odin"", ""Při kontaktu s ohněm taje"", ""Funguje pouze v noci""]",0,,,,,,
course_180_thor_et_loki_mythologie_nordique,course_180_thor_et_loki_mythologie_nordique_q5,mcq,Kdo je Loki podle svého původu?,"Loki žije mezi Aesir, ale je obří krve; vstoupil do panteonu prostřednictvím krevní smlouvy s Odinem.","[""Obří krev je integrována do panteonu Aesir paktem s Odinem"", ""Thorův biologický bratr"", ""Vane bůh specializující se na plodnost"", ""Pouhý smrtelník povýšený do hodnosti boha""]",0,,,,,,
course_180_thor_et_loki_mythologie_nordique,course_180_thor_et_loki_mythologie_nordique_q6,trueFalse,Pravda nebo lež: Loki může změnit tvar a dokonce i pohlaví a jednou se stane matkou Odinova osminohého koně.,"Loki mění tvar a pohlaví; v podobě klisny se stává matkou Sleipnira, Odinova osminohého koně.","[""Pravda"", ""Nepravda""]",0,,,,,,
course_180_thor_et_loki_mythologie_nordique,course_180_thor_et_loki_mythologie_nordique_q7,mcq,Jaká monstra vytváří Loki s obryní Angrbodou?,"S obryní Angrbodou vytvoří Loki tři monstra: vlka Fenrira, hada Jörmungandra a Hel, strážkyni mrtvých.","[""Vlk Fenrir, had Jörmungandr a Hel"", ""Tři draci chrlí oheň"", ""Jediný tříhlavý obr"", ""severský kyklop""]",0,,,,,,
course_180_thor_et_loki_mythologie_nordique,course_180_thor_et_loki_mythologie_nordique_q8,mcq,Jaký Lokiho čin definitivně zpečetí jeho osud jako zrádce?,Zorganizováním smrti světélkujícího boha Baldra Loki definitivně přechází z frašky na zradu a jeho osud je zpečetěn.,"[""Organizuje smrt světelného boha Baldra"", ""Ukradne Thorovo kladivo"", ""Odmítá pomáhat bohům proti obrům"", ""Odhaluje lidem tajemství Odina""]",0,,,,,,
course_180_thor_et_loki_mythologie_nordique,course_180_thor_et_loki_mythologie_nordique_q9,mcq,Jak Thor a Loki získají zpět kladivo ukradené obrem Thrymem?,"Když obr Thrym ukradne Mjöllnir, Thor se přestrojí za nevěstu a Loki za sluhu, aby pronikl do jeho doupěte a získal kladivo.","[""Thor se převléká za nevěstu a Loki za sluhu"", ""Přímo útočí na obří doupě"", ""Odin vyjednává obchod"", ""Pošlou Sleipnira, aby to nenápadně ukradl""]",0,,,,,,
course_180_thor_et_loki_mythologie_nordique,course_180_thor_et_loki_mythologie_nordique_q10,chronological,Udělejme v těchto fázích vztahu Thora a Lokiho pořádek.,Od Lokiho integrace do Aesirů až po Thorovu smrt na Ragnaröku se komické spojenectví postupně mění ve fatální konfrontaci.,,,"[""Loki se připojuje k panteonu Aesir prostřednictvím smlouvy s Odinem"", ""Thor a Loki společně získávají kladivo ukradené obrem Thrymem"", ""Loki zařídí smrt boha Baldra"", ""Thor zabije hada Jörmungandra a zemře na jeho jed v Ragnaröku""]",,,,,
course_181_ragnarok_la_fin_du_monde_nordique,course_181_ragnarok_la_fin_du_monde_nordique_q1,mcq,Co znamená slovo „Ragnarök“ ve staré norštině přesněji než „soumrak bohů“?,"Přesný význam „Ragnarök“ je blízký „osudu mocností“; překlad „soumrak bohů“ pochází z etymologického zmatku, který zpopularizoval Wagner.","[""Osud mocností"", ""Pád oblohy"", ""Věčný spánek"", ""Hněv obrů""]",0,,,,,,
course_181_ragnarok_la_fin_du_monde_nordique,course_181_ragnarok_la_fin_du_monde_nordique_q2,trueFalse,"Pravda nebo lež: Ragnarök začíná Velkou zimou tří let bez léta, zvanou Fimbulwinter.","Fimbulwinter, tříletá zima bez léta, která rozbíjí rodiny, předchází a ohlašuje Ragnarök.","[""Pravda"", ""Nepravda""]",0,,,,,,
course_181_ragnarok_la_fin_du_monde_nordique,course_181_ragnarok_la_fin_du_monde_nordique_q3,mcq,Kterého boha sežere vlk Fenrir během poslední bitvy?,"Odin, otec bohů, je pohlcen Fenrirem na pláni Vígríðr, než ho jeho syn Víðarr pomstí.","[""Odin"", ""Thor"", ""Heimdall"", ""Freyr""]",0,,,,,,
course_181_ragnarok_la_fin_du_monde_nordique,course_181_ragnarok_la_fin_du_monde_nordique_q4,mcq,"Jak Thor zemře poté, co Mjölnir rozdrtil hada Jörmungandra?","Thor zabije Jörmungandra svým kladivem Mjölnir, ale po devíti krocích podlehne jeho jedu.","[""Po devíti krocích umírá otrávený hadím jedem"", ""Zaživa ho upálí obr Surtr"", ""Utopí se v rozvodněném oceánu"", ""Je pohlcen kosmickým vlkem""]",0,,,,,,
course_181_ragnarok_la_fin_du_monde_nordique,course_181_ragnarok_la_fin_du_monde_nordique_q5,mcq,"Proč se bůh Freyr ocitne beze zbraní, aby mohl čelit Ragnaröku?","Freyr nabídl svůj kouzelný meč z lásky, aby se oženil s obryní Gerd: zemřel proto neozbrojený během Ragnaröku.","[""Z lásky nabídl svůj kouzelný meč, aby získal ruku obryně Gerd"", ""Prohrál to v sázce s Lokim"", ""Ukradl mu ji had Jörmungandr"", ""Nikdy nevlastnil kouzelný meč""]",0,,,,,,
course_181_ragnarok_la_fin_du_monde_nordique,course_181_ragnarok_la_fin_du_monde_nordique_q6,chronological,Seřaďte tyto fáze Ragnaröku v chronologickém pořadí.,"Od Velké zimy po znovuzrození Země sleduje Ragnarök přesnou sekvenci: varovné signály, závěrečná bitva, požár, pak obnova.",,,"[""Fimbulwinter, tříletá zima bez léta"", ""Vlk Fenrir zlomí své řetězy"", ""Bitva na pláni Vígríðr"", ""Obr Surtr zapálí devět světů"", ""Země se znovu zazelená a přežije nová generace bohů""]",,,,,
course_181_ragnarok_la_fin_du_monde_nordique,course_181_ragnarok_la_fin_du_monde_nordique_q7,mcq,"Kdo přežije, skrytý ve stromě Yggdrasil, aby znovu osídlil svět po Ragnaröku?","Líf a Lífþrasir, jejichž jména znamenají „Život“ a „Dotek života“, se živili rosou ukrytou v Yggdrasilu a přiváděli lidstvo zpět k životu.","[""Dva lidé, Líf a Lífþrasir"", ""Valkýry"", ""Bůh Baldr sám"", ""Einherjar""]",0,,,,,,
course_181_ragnarok_la_fin_du_monde_nordique,course_181_ragnarok_la_fin_du_monde_nordique_q8,trueFalse,Pravda nebo lež: po Ragnaröku zůstává země navždy neplodná a spálená.,"Naopak, jakmile plameny uhasnou, země vystoupí z vln zelenější a úrodnější než dříve.","[""Pravda"", ""Nepravda""]",1,,,,,,
course_182_osiris_et_set_mythologie_egyptienne,course_182_osiris_et_set_mythologie_egyptienne_q1,mcq,Jak se Setovi podaří uvěznit jeho bratra Osirise?,"Na banketu Set daruje truhlu, kterou nabídne tomu, kdo se do ní perfektně vejde: Osiris si na ni lehne a Set ji zapečetí, než ji hodí do Nilu.","[""Vyzve ji, aby si lehla do nádherné truhly vyrobené přesně na její velikost"", ""Otráví ji na banketu"", ""Utopí ho přímo v Nilu bez předchozí pasti"", ""Vyzve ho na souboj u soudu""]",0,,,,,,
course_182_osiris_et_set_mythologie_egyptienne,course_182_osiris_et_set_mythologie_egyptienne_q2,trueFalse,"Pravda nebo lež: po nalezení těla Osirise ho Set rozřeže na čtrnáct kusů, které rozhází v údolí.","Když Isis najde tělo, Set ho rozřeže na čtrnáct kusů a rozhází je, aby zabránil jakémukoli míru v posmrtném životě.","[""Pravda"", ""Nepravda""]",0,,,,,,
course_182_osiris_et_set_mythologie_egyptienne,course_182_osiris_et_set_mythologie_egyptienne_q3,mcq,Proč je Osiris často zobrazován se zelenou kůží?,"Zelená Osiris neznamená smrt, ale znovuzrození, jako pole, která se zelenají po záplavách Nilu.","[""Tato barva symbolizuje znovuzrození rostlin, nikoli hnilobu"", ""Označuje jeho příslušnost ke království mrtvých"", ""Připomíná barvu vod Nilu"", ""Znamená to, že je vedlejším bohem""]",0,,,,,,
course_182_osiris_et_set_mythologie_egyptienne,course_182_osiris_et_set_mythologie_egyptienne_q4,mcq,Kdo pomáhá Isis najít a znovu sestavit kusy Osirisova těla?,"Isis se vydává hledat úlomky, kterým pomohla její sestra Nephthys a bůh Anubis, a na každém nalezeném místě staví svatyni.","[""Jeho sestra Nephthys a bůh Anubis"", ""Jeho syn Horus"", ""Bůh Ra sám"", ""Had Apophis""]",0,,,,,,
course_182_osiris_et_set_mythologie_egyptienne,course_182_osiris_et_set_mythologie_egyptienne_q5,mcq,"Co vytvoří Isis a Anubis tím, že shromáždí kusy Osirisova těla a zabalí je do proužků?",Zabalením rekonstituovaného těla do proužků Isis a Anubis vytvoří první mumii v egyptské tradici.,"[""První mumie"", ""První zlatý sarkofág"", ""První pohřební chrám"", ""První posvátný hieroglyf""]",0,,,,,,
course_182_osiris_et_set_mythologie_egyptienne,course_182_osiris_et_set_mythologie_egyptienne_q6,chronological,Uspořádejte tyto fáze mýtu o Osirisovi a Setovi.,"Příběh sleduje jasnou sekvenci: vražda Osirise, jeho rekonstituce Isis, skryté Hórovo mládí a poté jeho korunovace po konfliktu proti Setovi.",,,"[""Nastražte pasti a rozsekejte tělo Osirise"", ""Isis poskládá kousky dohromady a vytvoří první mumii"", ""Horus vyrůstal v tajnosti v bažinách Khemmis"", ""Horus je korunován králem po svém dlouhém konfliktu se Setem""]",,,,,
course_182_osiris_et_set_mythologie_egyptienne,course_182_osiris_et_set_mythologie_egyptienne_q7,trueFalse,"Pravda nebo lež: během svého konfliktu se Setem přišel Hor o oko, které se pak stalo egyptským symbolem ochrany.","Horovo oko, které po tomto boji znovu složil bůh Thoth, se stává Oudjatem, symbolem léčení a ochrany.","[""Pravda"", ""Nepravda""]",0,,,,,,
course_182_osiris_et_set_mythologie_egyptienne,course_182_osiris_et_set_mythologie_egyptienne_q8,mcq,"Co se stane s Osirisem, který byl jednou mumifikován a nemohl vládnout na Zemi?","Mumifikovaný Osiris již nemůže vládnout na Zemi a stává se suverénem Amenti, království mrtvých.","[""Vládce říše mrtvých, Amenti"", ""Bůh Nilu a povodní"", ""Prostý zapomenutý předek"", ""Strážce Horova trůnu""]",0,,,,,,
course_182_osiris_et_set_mythologie_egyptienne,course_182_osiris_et_set_mythologie_egyptienne_q9,mcq,"Co se stane během vážení srdce popsaného v Knize mrtvých, když je srdce zesnulého obtěžkané chybami?","Pokud je srdce, tížené perem Ma'at, těžké s chybami, monstrum Ammout ho pohltí a zesnulý definitivně zmizí.","[""Netvor Ammout ho pohltí, což znamená definitivní zapomnění"", ""Následující rok se musí znovu zvážit"", ""Stává se služebníkem Osirise na věčnost"", ""Je poslán bojovat s hadem Apophisem""]",0,,,,,,
course_183_gilgamesh_le_premier_heros_de_l_histoire,course_183_gilgamesh_le_premier_heros_de_l_histoire_q1,mcq,V jakém médiu se Epos o Gilgamešovi uchovává více než 4000 let?,"Text byl vyryt klínovým písmem na hliněné tabulky, médium, které se zachovalo tam, kde by zmizel papyrus.","[""Hliněné tabulky ryté klínovým písmem"", ""Papyrusové svitky"", ""Nápisy na kamenných blocích"", ""Rukopisy na pergamenu""]",0,,,,,,
course_183_gilgamesh_le_premier_heros_de_l_histoire,course_183_gilgamesh_le_premier_heros_de_l_histoire_q2,numericSlider,Ve kterém roce rozluštil asyriolog George Smith v Britském muzeu příběh o potopě obsažený v eposu?,"George Smith v roce 1872 rozluštil Povodňovou tabulku a odhalil tak příběh, který předchází příběh Genesis asi o tisíc let.",,,,1872.0,1800.0,1950.0,10.0,
course_183_gilgamesh_le_premier_heros_de_l_histoire,course_183_gilgamesh_le_premier_heros_de_l_histoire_q3,mcq,Co odhaluje srovnání příběhu o potopě Gilgameša a příběhu z biblické Genesis?,"Tento příběh o potopě předchází biblický příběh o Noemovi asi o tisíc let, přičemž sdílí stejné mezopotámské kulturní pozadí.","[""Příběh o Gilgamešovi předchází biblický příběh asi o tisíc let"", ""Příběh o Gilgamešovi byl napsán po Genesis"", ""Tyto dva příběhy nemají nic společného."", ""Příběh o Gilgamešovi byl přeložen přímo z řečtiny""]",0,,,,,,
course_183_gilgamesh_le_premier_heros_de_l_histoire,course_183_gilgamesh_le_premier_heros_de_l_histoire_q4,mcq,Proč bohyně Aruru formuje Enkidua?,"Gilgameš je pro Uruk nesnesitelným králem: Aruru tvaruje Enkidua, divokého muže, aby ho usměrnil.","[""Vytvořit rivala schopného usměrnit tyranii Gilgameše"", ""Pomstít smrt uraženého boha"", ""Zalidnit město Uruk dalšími obyvateli"", ""Sloužit bohyni Ishtar""]",0,,,,,,
course_183_gilgamesh_le_premier_heros_de_l_histoire,course_183_gilgamesh_le_premier_heros_de_l_histoire_q5,mcq,"Co spolu Gilgameš a Enkidu dělají, jakmile se stanou přáteli?",Po boji bez vítěze se stanou přáteli a společně zabijí monstrum Humbaba a poté Nebeského býka poslaného Ishtar.,"[""Zabijí monstrum Humbaba a poté Nebeského býka"", ""Našli nové soupeřící město Uruk"", ""Okamžitě odcházejí, aby našli rostlinu nesmrtelnosti"", ""V boji čelí Ut-napishti""]",0,,,,,,
course_183_gilgamesh_le_premier_heros_de_l_histoire,course_183_gilgamesh_le_premier_heros_de_l_histoire_q6,trueFalse,"Pravda nebo lež: je to smrt jeho přítele Enkidua, co přinutí Gilgameša, aby se vydal hledat nesmrtelnost.","Tváří v tvář Enkiduově mrtvole Gilgameš pochopí, že zemře také a vydá se hledat Ut-napishtiho, jediného muže, který se stal nesmrtelným.","[""Pravda"", ""Nepravda""]",0,,,,,,
course_183_gilgamesh_le_premier_heros_de_l_histoire,course_183_gilgamesh_le_premier_heros_de_l_histoire_q7,mcq,"Jakou zkoušku ukládá Ut-napišti Gilgamešovi, aby otestoval jeho schopnost porazit smrt?","Gilgameš tváří v tvář této zkoušce okamžitě usne: kdo nepřemůže spánek, nepřemůže ani smrt.","[""Zůstaňte vzhůru šest dní a sedm nocí"", ""Plavání přes Vody smrti"", ""Bojujte s mořskou příšerou"", ""Recitujte posvátnou báseň bez chyby""]",0,,,,,,
course_183_gilgamesh_le_premier_heros_de_l_histoire,course_183_gilgamesh_le_premier_heros_de_l_histoire_q8,mcq,"Co se stane s rostlinou mládí, kterou nakonec Gilgameš získal?","Zatímco se Gilgameš koupe, had ukradne rostlinu mládí a po sežrání ji okamžitě líná.","[""Když se koupe, ukradne mu ji had"", ""Sní ji příliš brzy a ona nic nedělá"", ""Marně ji nabízí Enkiduovi, již mrtvému."", ""Než se vrátí do Uruku, vyschne""]",0,,,,,,
course_183_gilgamesh_le_premier_heros_de_l_histoire,course_183_gilgamesh_le_premier_heros_de_l_histoire_q9,mcq,Jaké ponaučení si Gilgameš nakonec vzal ze své neschopnosti stát se nesmrtelným?,"V Uruku Gilgameš chápe, že biologická nesmrtelnost patří bohům, zatímco člověk přetrvává prostřednictvím svých děl a paměti živých.","[""Skutečná nesmrtelnost spočívá v dílech, která za sebou zanecháváme, a v paměti živých"", ""Jen králové si zaslouží nesmrtelnost"", ""Musíte se vyhnout všem přátelstvím, abyste mohli žít déle"", ""Nesmrtelnost lze získat pouze modlitbou""]",0,,,,,,
course_184_romulus_et_remus_la_fondation_de_rome,course_184_romulus_et_remus_la_fondation_de_rome_q1,mcq,"Proč Amulius nutí svou neteř Rheu Silvii, aby se stala vestálkou?","Tím, že přinutí svou neteř Rheu Silvii, aby se stala vestálkou, usurpátor Amulius se snaží uhasit linii svého bratra Numitora.","[""Aby jí zabránil mít děti, které by ohrožovaly její uzurpovanou moc"", ""Uctít ji jako princeznu z Alby Dlouhé"", ""Protože to tradice vyžadovala u všech princezen"", ""Aby ji ochránil před hrozící válkou""]",0,,,,,,
course_184_romulus_et_remus_la_fondation_de_rome,course_184_romulus_et_remus_la_fondation_de_rome_q2,mcq,Kdo je božským otcem dvojčat Romula a Rema?,"Bůh války Mars se spojí s Rheou Silvií, která porodí dvojčata Romula a Rema.","[""Bůh Mars"", ""král Amulius"", ""Král Numitor"", ""Pastýř Faustulus""]",0,,,,,,
course_184_romulus_et_remus_la_fondation_de_rome,course_184_romulus_et_remus_la_fondation_de_rome_q3,trueFalse,Pravda nebo lež: po vhození do Tiberu jsou dvojčata přijata a ošetřována vlčicí.,"Kolébka dvojčat se vyplaví poblíž Palatina, kde je vlčice kojí, než je pastýř Faustulus vychová.","[""Pravda"", ""Nepravda""]",0,,,,,,
course_184_romulus_et_remus_la_fondation_de_rome,course_184_romulus_et_remus_la_fondation_de_rome_q4,mcq,"Jak se Romulus a Remus snaží rozhodnout, kde založí své město?","Dvojčata berou znamení: Remus vidí nejprve šest supů, pak Romulus spatří dvanáct.","[""Pozorováním letu supů, podle praxe znamení"", ""Kreslením brček"", ""Konzultací se vzdáleným orákulem"", ""Uspořádáním souboje mezi nimi""]",0,,,,,,
course_184_romulus_et_remus_la_fondation_de_rome,course_184_romulus_et_remus_la_fondation_de_rome_q5,mcq,Proč Romulus zabije svého bratra Rema?,"Romulus slíbil smrt každému, kdo překročí pomoerium, posvátnou brázdu: Remus ji překročil ve vzdoru a Romulus ho zabil.","[""Remus vzdorovitě překračuje posvátnou brázdu, kterou právě vytyčil Romulus"", ""Remus se ho snaží svrhnout z trůnu"", ""Remus si chce vzít Sabinu zaslíbenou Romulovi"", ""Remus se odmítá podílet na založení města""]",0,,,,,,
course_184_romulus_et_remus_la_fondation_de_rome,course_184_romulus_et_remus_la_fondation_de_rome_q6,mcq,Jaké datum zachovává římská tradice pro založení Říma?,"Podle tradice byl Řím založen 21. dubna roku 753 před naším letopočtem. př. n. l., počáteční datum římského kalendáře.","[""21. dubna 753 př. Kr"", ""1. ledna 509 př. Kr"", ""15. března 44 př. Kr"", ""21. dubna 27 př. Kr""]",0,,,,,,
course_184_romulus_et_remus_la_fondation_de_rome,course_184_romulus_et_remus_la_fondation_de_rome_q7,mcq,Jaká událost přiměla Římany k uspořádání Znásilnění sabinek?,"Ve městě postrádajícím ženy Romulus pořádá hry, aby přilákal sousedy a unesl mladé dívky Sabine.","[""Nedostatek žen v novém městě Římě"", ""Náhlé vyhlášení války Sabinům"", ""Proroctví vydávané znameními"", ""Smrt Tita Tatia""]",0,,,,,,
course_184_romulus_et_remus_la_fondation_de_rome,course_184_romulus_et_remus_la_fondation_de_rome_q8,mcq,"Jak skončila válka mezi Římany a Sabinkami, kterou vyvolalo znásilnění sabinských žen?","Sabinské ženy, již matky římských dětí, zasahují na bojišti: válka končí a oba národy se spojují.","[""Sabinské ženy se vloží mezi své otce a své manžely a oba národy se spojí"", ""Sabini jsou zcela vyhubeni"", ""Řím je zničen a musí být znovu založen"", ""Titus Tatius dobývá Řím sám""]",0,,,,,,
course_184_romulus_et_remus_la_fondation_de_rome,course_184_romulus_et_remus_la_fondation_de_rome_q9,mcq,"Co se stalo Romulusovi, podle oficiální verze jeho zmizení během bouře?","Oficiální verze je, že Mars vezme Romula do nebe, kde se stane bohem Quirinem, i když pověsti hovoří o atentátu ze strany senátorů.","[""Je vzat do nebe Marsem a stává se bohem Quirinem"", ""Odejde do izolovaného chrámu"", ""Utekl do Etrurie"", ""Je vyhoštěn Senátem""]",0,,,,,,
course_184_romulus_et_remus_la_fondation_de_rome,course_184_romulus_et_remus_la_fondation_de_rome_q10,chronological,Dejte do pořádku tyto fáze založení Říma.,"Od opuštěné kolébky na Tibeře po apoteózu Romula, mýtus sleduje přesnou chronologii zrození, založení a splynutí národů.",,,"[""Narození dvojčat, synů Marse a Rhea Silvie"", ""Vlk kojí dvojčata opuštěná na břehu Tibery"", ""Romulus vystopuje posvátnou brázdu a zabije Rema"", ""Znásilnění Sabines spustí válku a poté splynutí národů"", ""Romulus zmizí a stane se bohem Quirinem""]",,,,,
course_185_vishnou_et_shiva_mythologie_hindoue,course_185_vishnou_et_shiva_mythologie_hindoue_q1,mcq,Jakou roli hraje Višnu v hinduistickém Trimurti?,"Višnu zajišťuje, že řád světa platí, zatímco Brahma tvoří a Šiva ničí, aby umožnil obnovu.","[""Zachovává světový řád"", ""V každém cyklu vytváří vesmír"", ""Ničí to, co je opotřebované, aby umožnil obnovu"", ""Soudí duše mrtvých""]",0,,,,,,
course_185_vishnou_et_shiva_mythologie_hindoue,course_185_vishnou_et_shiva_mythologie_hindoue_q2,trueFalse,"Pravda nebo lež: Brahma, stvořitel vesmíru, je dnes jedním z nejuctívanějších bohů v Indii.","Role Brahmy končí po vytvoření každého cyklu vesmíru, což vysvětluje, proč je dnes ve srovnání s Višnuem a Šivou málo uctíván.","[""Pravda"", ""Nepravda""]",1,,,,,,
course_185_vishnou_et_shiva_mythologie_hindoue,course_185_vishnou_et_shiva_mythologie_hindoue_q3,mcq,Proč Višnu sestupuje na Zemi v podobě avatara?,"Višnu chrání Dharmu, morální a kosmický zákon, tím, že sestupuje na Zemi v avatarské podobě, když hrozí, že vládu převezme zlo.","[""Chránit Dharmu, když hrozí, že zlo zvítězí"", ""Aby potrestali lidi za jejich hříchy"", ""Aby nahradil Brahmu po stvoření vesmíru"", ""Přímo konfrontovat Shivu""]",0,,,,,,
course_185_vishnou_et_shiva_mythologie_hindoue,course_185_vishnou_et_shiva_mythologie_hindoue_q4,mcq,Který z těchto avatarů Višnua zvláště ztělesňuje moudrost a božskou lásku?,"Mezi avatary Višnua král Ráma ztělesňuje ctnost, zatímco Krišna ztělesňuje moudrost a božskou lásku.","[""Krišna"", ""Ráma"", ""Kalki"", ""Buddha""]",0,,,,,,
course_185_vishnou_et_shiva_mythologie_hindoue,course_185_vishnou_et_shiva_mythologie_hindoue_q5,mcq,"Od kterého avatara Višnua se očekává uzavření Kali Yugy, posledního temného věku?","Desátý avatar, Kalki, přijede na bílém koni, aby uzavřel temný věk Kali Yuga.","[""Kalki, jízda na bílém koni"", ""Krišna"", ""Buddha"", ""Ráma""]",0,,,,,,
course_185_vishnou_et_shiva_mythologie_hindoue,course_185_vishnou_et_shiva_mythologie_hindoue_q6,mcq,V jaké formě předvádí Šiva svůj vesmírný tanec Tandava?,"V podobě Nataraji, „krále tance“, Shiva provádí tandavu, držící rytmus stvoření v jedné ruce a oheň ničení v druhé ruce.","[""Nataraja, „král tance“"", ""Posvátná linga"", ""Osamělý asketa hory Kailash"", ""Třetí oko""]",0,,,,,,
course_185_vishnou_et_shiva_mythologie_hindoue,course_185_vishnou_et_shiva_mythologie_hindoue_q7,trueFalse,"Pravda nebo lež: v soše Nataraja jedna noha Šivy drtí nevědomost, zatímco druhá, zvednutá, nabízí osvobození.","Jedna noha Nataraje drtí nevědomost, druhá, zvednutá, nabízí osvobození: změna je reprezentována jako jediná konstanta.","[""Pravda"", ""Nepravda""]",0,,,,,,
course_185_vishnou_et_shiva_mythologie_hindoue,course_185_vishnou_et_shiva_mythologie_hindoue_q8,mcq,"Kdo jsou Šivova manželka a syn, navzdory jeho image samotářského askety?","Šiva je bůh paradoxů: asketa pokrytý popelem na hoře Kailash, ale také manžel Parvati a otec Ganéše.","[""Parvati a Ganesh"", ""Semele a Horus"", ""Isis a Anubis"", ""Rádha a Krišna""]",0,,,,,,
course_185_vishnou_et_shiva_mythologie_hindoue,course_185_vishnou_et_shiva_mythologie_hindoue_q9,numericSlider,Kolik miliard let trvá podle hinduistické tradice „den Brahmy“ (Kalpa)?,"Kalpa trvá přibližně 4,32 miliardy let, což je doba překvapivě blízko stáří Země odhadované moderní vědou.",,,,4.32,0.0,10.0,1.0,miliardy let
course_186_les_valkyries_et_le_valhalla,course_186_les_valkyries_et_le_valhalla_q1,mcq,Co doslova znamená jméno „Valkýra“?,"Jméno Valkyrie znamená „ti, kteří volí zabíjení“, v odkazu na jejich roli selekce na bojištích.","[""Ti, kteří volí zabíjení"", ""Odinovy ​​služky"", ""Okřídlení poslové"", ""Dcery války""]",0,,,,,,
course_186_les_valkyries_et_le_valhalla,course_186_les_valkyries_et_le_valhalla_q2,mcq,"Proč Odin dává dohromady nejlepší válečníky, kteří zemřeli ve Valhalle?","Odin zná proroctví Ragnaröku a shromažďuje Einherjar, elitní armádu, ve Valhalle, aby oddálil nevyhnutelné.","[""Postavit armádu pro Ragnarök"", ""Nabídnout jim klidný důchod"", ""Znovu osídlit Asgard po hladomoru"", ""Soudit je za jejich chyby""]",0,,,,,,
course_186_les_valkyries_et_le_valhalla,course_186_les_valkyries_et_le_valhalla_q3,trueFalse,"Pravda nebo lež: všichni válečníci, kteří zemřou v bitvě, se automaticky připojují k Valhalle.","Pouze polovina válečníků, kteří zemřeli v bitvě, dosáhne Valhally; druhá polovina jde do Fólkvangru, panství bohyně Freyji.","[""Pravda"", ""Nepravda""]",1,,,,,,
course_186_les_valkyries_et_le_valhalla,course_186_les_valkyries_et_le_valhalla_q4,numericSlider,Kolik bran má Valhalla podle severských textů?,"Valhalla má 540 bran, z nichž každá je dostatečně velká, aby tudy mohlo projít osm set bojovníků.",,,,540.0,100.0,1000.0,50.0,dveře
course_186_les_valkyries_et_le_valhalla,course_186_les_valkyries_et_le_valhalla_q5,mcq,"Jak vlastně starověké texty, jako je Poetická Edda, popisují valkýry, na rozdíl od romantického obrazu 19. století?","Obraz něžných panen pochází z romantismu 19. století; starověké texty ukazují drsnější postavy, spojené s vránami a někdy hrůzostrašné.","[""Jako tvrdé postavy, spojené s vránami a někdy děsivé"", ""Jako sladké zpívající dívky"", ""Jako neviditelná beztvará stvoření"", ""Jako prostí sluhové bez jakékoli moci""]",0,,,,,,
course_186_les_valkyries_et_le_valhalla,course_186_les_valkyries_et_le_valhalla_q6,mcq,"Jakou roli hrají Valkýry, jakmile hrdinové dorazí do Valhaly?","Ve Valhalle se valkýry shodily z brnění, aby hrdinům naservírovaly medovinu, čímž uznaly svůj nový status asgardské elity.","[""Na hostinách jim podávají medovinu"", ""Soudí je, než je pustí dovnitř"", ""Bojují o ně každý den"", ""Po roce je posílají zpět na zem""]",0,,,,,,
course_186_les_valkyries_et_le_valhalla,course_186_les_valkyries_et_le_valhalla_q7,mcq,Jaký je typický den ve Valhalle pro Einherjar?,"Když zakokrhá kohout, Einherjarové se vyzbrojí a zabijí se navzájem na pláni; večer se jejich rány uzavřou a přijde hostina.","[""Přes den bojují, rány se jim hojí, v noci pak slaví"", ""Celý den prospí a čekají na Ragnarök"", ""Cvičí, aniž by se kdy zranili nebo bojovali"", ""Slouží Odinovi jako prostí sluhové""]",0,,,,,,
course_186_les_valkyries_et_le_valhalla,course_186_les_valkyries_et_le_valhalla_q8,trueFalse,"Pravda nebo lež: umírání na stáří nebo nemoc, „slámová smrt“, vede do Valhally stejně jako umírání v bitvě.",Slaměná smrt vede do temné říše Hel; jen hrdinská smrt s mečem v ruce otevírá brány Valhally.,"[""Pravda"", ""Nepravda""]",1,,,,,,
course_186_les_valkyries_et_le_valhalla,course_186_les_valkyries_et_le_valhalla_q9,mcq,Jaká závěrečná událost ospravedlňuje podle mýtu celý tento každodenní výcvik Einherjar ve Valhalle?,"Odin připravuje tuto elitní armádu na Ragnarök, poslední bitvu, která zničí svět a zabije bohy.","[""Ragnarök, poslední bitva proti obrům a monstrům"", ""Lidská invaze na Asgard"", ""Každoroční turnaj pořádaný Odinem"", ""Trvalá válka proti Vanirům""]",0,,,,,,
course_187_le_phenix_a_travers_les_cultures,course_187_le_phenix_a_travers_les_cultures_q1,mcq,"Jaký je egyptský předek Fénixe, který je často představován spíše jako volavka než planoucí dravec?","Benu, jehož jméno znamená „zářit“ nebo „vznášet se“, je egyptským předkem Fénixe, často reprezentovaného jako volavka.","[""Benou"", ""Fenghuang"", ""Hōō"", ""Simorgh""]",0,,,,,,
course_187_le_phenix_a_travers_les_cultures,course_187_le_phenix_a_travers_les_cultures_q2,mcq,"Který řecký historik proměnil egyptského Benua ve Fénixe, ptáka s červeným a zlatým peřím?","Řecký historik Herodotos proměnil Benua ve Fénixe, vzácného ptáka s červeným a zlatým peřím.","[""Herodotos"", ""Ovidius"", ""Plinius starší"", ""Homer""]",0,,,,,,
course_187_le_phenix_a_travers_les_cultures,course_187_le_phenix_a_travers_les_cultures_q3,numericSlider,Podle Herodota se každých kolik let má Fénix znovu objevit?,Podle Hérodota se Fénix znovu objevuje každých 500 let.,,,,500.0,50.0,1000.0,50.0,let
course_187_le_phenix_a_travers_les_cultures,course_187_le_phenix_a_travers_les_cultures_q4,mcq,"Jak Římané, zejména Ovidius a Plinius starší, popisují konec Fénixe?","Fénix si staví hnízdo z koření, které zapaluje slunce nebo jeho vlastní křídla; z popela se rodí mládě, které odnáší ostatky svého staršího do Egypta.","[""Než se z jeho popela znovu narodí mládě, požírá se v hnízdě koření."", ""Ponoří se do Nilu, aby se zregeneroval"", ""Promění se v posvátný kámen"", ""Jednoduše zmizí beze stopy""]",0,,,,,,
course_187_le_phenix_a_travers_les_cultures,course_187_le_phenix_a_travers_les_cultures_q5,mcq,Co symbolizuje Fénix pro Římskou říši?,"Pro Řím se Fénix stává symbolem Aeternitas, věčnosti Říše; později si tam křesťané přečtou vzkříšení.","[""Aeternitas, věčnost Říše"", ""Vojenské vítězství nad Galy"", ""Bohatství středomořského obchodu"", ""Moudrost Senátu""]",0,,,,,,
course_187_le_phenix_a_travers_les_cultures,course_187_le_phenix_a_travers_les_cultures_q6,mcq,Jak se čínský Fenghuang liší od řecko-římského Phoenixe?,"Fenghuang není hořící pták: je to tvor harmonie, často spojený s císařovnou, jejíž vzhled oznamuje spravedlivého panovníka.","[""Není to pták, který hoří, ale stvoření harmonie spojené s císařovnou"", ""Žije přesně 500 let jako Fénix"", ""Znovuzrozen je pouze z vody, nikdy ne z ohně"", ""Je to exkluzivní symbol války""]",0,,,,,,
course_187_le_phenix_a_travers_les_cultures,course_187_le_phenix_a_travers_les_cultures_q7,trueFalse,Pravda nebo nepravda: v Japonsku se Hōō objevuje zejména na bankovkách 10 000 jenů.,Japonské Hōō zdobí zejména bankovky v hodnotě 10 000 jenů a střechy chrámů v Kjótu.,"[""Pravda"", ""Nepravda""]",0,,,,,,
course_187_le_phenix_a_travers_les_cultures,course_187_le_phenix_a_travers_les_cultures_q8,mcq,Jak středověcí alchymisté reinterpretovali mýtus o Fénixovi?,"Fénixův cyklus připomíná alchymistům transmutaci kovů, včetně temné fáze zvané nigredo: je nutné ničit, abychom se očistili.","[""Jako metafora pro transmutaci, kde člověk musí ničit, aby se očistil"", ""Jako jednoduchá pohádka pro děti"", ""Jako důkaz existence draků"", ""Jako symbol materiálního bohatství""]",0,,,,,,
course_187_le_phenix_a_travers_les_cultures,course_187_le_phenix_a_travers_les_cultures_q9,mcq,Proč má město Phoenix v Arizoně toto jméno?,"Město Phoenix, pojmenované v roce 1867, stálo na kanálech a ruinách civilizace Hohokam, která zmizela o staletí dříve.","[""Zvedl se na kanálech a ruinách zmizelé civilizace, Hohokam"", ""Založili ji řečtí přistěhovalci"", ""Vyhořel do základů a poté byl identicky přestavěn."", ""Nachází se v něm chrám zasvěcený bohu Bénou""]",0,,,,,,
course_188_les_titans_vs_les_dieux_titanomachie,course_188_les_titans_vs_les_dieux_titanomachie_q1,mcq,"Proč Kronos požírá své vlastní děti, jakmile se narodí?","Po sesazení vlastního otce Ouranose z trůnu se Kronos obává stejného osudu, a proto požírá své děti, jakmile se narodí.","[""Bojí se, že ho postihne stejný osud jako jeho otce Ouranos, kterého sesadil z trůnu"", ""Uposlechne rozkaz své matky Gaie"", ""Chce potrestat svou ženu Rheu"", ""Snaží se získat nesmrtelnost""]",0,,,,,,
course_188_les_titans_vs_les_dieux_titanomachie,course_188_les_titans_vs_les_dieux_titanomachie_q2,numericSlider,"Kolik let trvala Titanomachy, válka mezi Titány a olympioniky?","Titanomachy proti sobě stavěla Titány a olympioniky deset let, než Diovo vítězství.",,,,10.0,0.0,30.0,2.0,let
course_188_les_titans_vs_les_dieux_titanomachie,course_188_les_titans_vs_les_dieux_titanomachie_q3,mcq,"Co kují Kyklopové, aby pomohli olympionikům porazit Titány?","Kyklopové osvobození od Tartaru Diem, vykují blesky, trojzubec a helmu neviditelnosti, rozhodující zbraně tří bratrů.","[""Zeusův blesk, Poseidonův trojzubec a neviditelná helma pro Háda"", ""Zlatá zbroj pro všechny bohy"", ""Neprůchodná zeď kolem Olympu"", ""Síť, která zachycuje Kronos""]",0,,,,,,
course_188_les_titans_vs_les_dieux_titanomachie,course_188_les_titans_vs_les_dieux_titanomachie_q4,mcq,"Jaká je fyzická zvláštnost Hecatonchires, rozhodujících spojenců Dia?","Tři Hecatonchire mají sto paží a padesát hlav, což jim umožňuje odtrhávat části hor a vrhat je na Titány.","[""Sto paží a padesát hlav každá"", ""Jediné oko uprostřed čela"", ""Křídla ohně"", ""Tělo celé z hada""]",0,,,,,,
course_188_les_titans_vs_les_dieux_titanomachie,course_188_les_titans_vs_les_dieux_titanomachie_q5,trueFalse,"Pravda nebo lež: po porážce jsou Titáni připoutáni v Tartaru, hlídáni Hecatonchiry, jejich bývalými společníky v zajetí.","Poražení Titáni jsou připoutáni v Tartaru, kde jsou nyní jejich věznitelé Hecatonchires, včera vězni na stejném místě.","[""Pravda"", ""Nepravda""]",0,,,,,,
course_188_les_titans_vs_les_dieux_titanomachie,course_188_les_titans_vs_les_dieux_titanomachie_q6,mcq,"Jak se Zeus, Poseidon a Hádes po svém vítězství dělí o svět?","Tři vítězní bratři si losují o svá panství: nebe o Dia, moře o Poseidona, podsvětí o Háda.","[""Losují: Zeus obdrží nebe, Poseidon moře, Hádes podsvětí"", ""Zeus vnucuje svá rozhodnutí svým bratrům silou"", ""Sdílejí svět bez jakéhokoli rozlišení domény"", ""Každý si prostě nechá doménu, kterou už obsadil""]",0,,,,,,
course_188_les_titans_vs_les_dieux_titanomachie,course_188_les_titans_vs_les_dieux_titanomachie_q7,mcq,Který titanid unikne všeobecné porážce a udrží si místo po boku Dia v novém řádu?,"Někteří Titáni jsou ušetřeni: Themis, garant božského zákona, tak zůstává po Diově boku.","[""Themis, garant božího práva"", ""Metis"", ""Gaia"", ""Rhea""]",0,,,,,,
course_188_les_titans_vs_les_dieux_titanomachie,course_188_les_titans_vs_les_dieux_titanomachie_q8,mcq,"Kterého smrtelníka musí bohové zavolat o pomoc, aby porazil Giganty během Gigantomachy, která následuje po Titanomachy?",Gaia stále rodí hrozby po Titanomachy; k poražení obrů během Gigantomachy potřebují bohové smrtelníka Hérakla.,"[""Herakles"", ""Perseus"", ""Theseus"", ""Achilles""]",0,,,,,,
course_188_les_titans_vs_les_dieux_titanomachie,course_188_les_titans_vs_les_dieux_titanomachie_q9,trueFalse,"Pravda nebo lež: slovo „titan“, které v roce 1795 pojmenoval chemik Martin Heinrich Klaproth, vděčí za svůj název legendární síle Titánů.",V roce 1795 pojmenoval chemik Martin Heinrich Klaproth titan po Titánech s odkazem na jeho sílu.,"[""Pravda"", ""Nepravda""]",0,,,,,,
course_188_les_titans_vs_les_dieux_titanomachie,course_188_les_titans_vs_les_dieux_titanomachie_q10,chronological,Dejte tyto fáze Titanomachy do pořádku.,Od tyranie Kronos až po rozdělení světa mezi tři bratry sleduje Titanomachy jasný postup směrem k olympskému řádu.,,,"[""Kronos požírá své děti ze strachu před sesazením z trůnu"", ""Zeus nutí Crona, aby znovu vyvrhl své bratry a sestry"", ""Zeus osvobodí Cyclops a Hecatonchires z Tartarus"", ""Poražení Titáni jsou připoutáni k Tartaru"", ""Zeus, Poseidon a Hádes sdílejí svět""]",,,,,
course_189_dionysos_le_dieu_du_vin_et_de_l_exces,course_189_dionysos_le_dieu_du_vin_et_de_l_exces_q1,mcq,"Proč říkáme, že se Dionýsos „narodil dvakrát“?",Po smrti Semele umístí Zeus dítě do vlastního stehna až do narození: Dionýsos je tedy „dvakrát narozen“.,"[""Zeus nosil dítě na stehně po smrti své smrtelné matky Semele"", ""Byl vzkříšen poté, co byl zabit Titány"", ""Rodí se nejprve v lidech a potom v bozích"", ""Každé jaro mění tělo""]",0,,,,,,
course_189_dionysos_le_dieu_du_vin_et_de_l_exces,course_189_dionysos_le_dieu_du_vin_et_de_l_exces_q2,mcq,"Proč Semele, Dionýsova smrtelná matka, zemře dříve, než se narodí?","Žárlivá Héra tlačí Semele, aby požadovala, aby se Zeus ukázal ve své skutečné podobě: božský blesk ji pak zabije.","[""Héra na ni tlačí, aby požádala Dia, aby se ukázal ve své pravé božské podobě, jejíž blesk ji zabije"", ""Je potrestána bohy za to, že miluje smrtelníka"", ""Umírá přirozeně při porodu"", ""Set ji zabije ze žárlivosti""]",0,,,,,,
course_189_dionysos_le_dieu_du_vin_et_de_l_exces,course_189_dionysos_le_dieu_du_vin_et_de_l_exces_q3,mcq,"Kdo jsou Dionýsovi následovníci, kteří se během jeho obřadů v horách dostanou do transu?","Maenadové neboli Bacchanti odcházejí z města do hor, kde tanec, hudba a víno navozují trans.","[""Maenads nebo Bacchantes"", ""Vestálky"", ""Valkýry"", ""Titanidy""]",0,,,,,,
course_189_dionysos_le_dieu_du_vin_et_de_l_exces,course_189_dionysos_le_dieu_du_vin_et_de_l_exces_q4,trueFalse,"Pravda nebo lež: Dionýsovy obřady, zvané mystéria, posilují zavedený společenský řád města.","Naopak, tyto obřady na jednu noc převracejí společenský řád, než rozum znovu získá svá práva.","[""Pravda"", ""Nepravda""]",1,,,,,,
course_189_dionysos_le_dieu_du_vin_et_de_l_exces,course_189_dionysos_le_dieu_du_vin_et_de_l_exces_q5,mcq,"Jak se podle legendy Dionýsos pomstil pirátům, kteří ho zajali, aby ho prodali?","Vyděšení vesly, která se proměnila v hady, a liány rostoucí na stěžni, skákají piráti do moře a stávají se z nich delfíni.","[""Promění vesla v hady a na stěžni nechá růst vinnou révu"", ""Promění loď v kámen"", ""Vyvolá bouři, která potopí loď"", ""Díky tomu jsou piráti nesmrtelní a blázniví""]",0,,,,,,
course_189_dionysos_le_dieu_du_vin_et_de_l_exces,course_189_dionysos_le_dieu_du_vin_et_de_l_exces_q6,mcq,Jaké umění se zrodilo z festivalů na počest Dionýsa v Athénách během Velké Dionýsie?,V Athénách se tento bůh přemíry stal patronem divadla: Velká Dionýsie pořádala dramatické soutěže.,"[""Divadlo"", ""Filozofie"", ""Monumentální socha"", ""Epická poezie""]",0,,,,,,
course_189_dionysos_le_dieu_du_vin_et_de_l_exces,course_189_dionysos_le_dieu_du_vin_et_de_l_exces_q7,mcq,Jak se „rodí“ divadelní herec podle příběhu o vývoji dithyrambu?,"Dithyramb, sborová píseň na počest boha, porodí herce, když se zpěvák odtrhne od sboru, aby odpověděl.","[""Když se zpěvák odtrhne od sboru, aby odpověděl"", ""Když byla poprvé vynalezena divadelní maska"", ""Když básník skládá první dialog"", ""Když na scénu nastoupí sám Dionýsos""]",0,,,,,,
course_189_dionysos_le_dieu_du_vin_et_de_l_exces,course_189_dionysos_le_dieu_du_vin_et_de_l_exces_q8,mcq,"Proti jakým dvěma principům se v 19. století postavil filozof Nietzsche, když se inspiroval Apollónem a Dionýsem?","Nietzsche staví proti Apollónovi, bohu míry a jasnosti, Dionýsovi, síle opojení a tvůrčího chaosu, aby vysvětlil řeckou tragédii.","[""Měření a jasnost proti opilosti a tvůrčímu chaosu"", ""Válka proti občanskému míru"", ""Rozum versus náboženství"", ""Věda versus umění""]",0,,,,,,
course_189_dionysos_le_dieu_du_vin_et_de_l_exces,course_189_dionysos_le_dieu_du_vin_et_de_l_exces_q9,chronological,Dejte do pořádku tyto etapy v životě Dionýsa a jeho kultu.,Od svého zrodu až po zrození divadla sleduje mýtus o Dionýsovi jasný vývoj směrem k občanskému umění.,,,"[""Semele umírá a Zeus dokončuje těhotenství Dionýsa v jeho stehně"", ""Maenadové se dostávají do transu během obřadů na jeho počest v horách"", ""Píseň dithyrambu je zpívána sborově během festivalů na jeho počest"", ""Velká Dionysia dává vzniknout divadlu v Athénách""]",,,,,
course_18_la_grande_depression_1929,course_18_la_grande_depression_1929_q1,mcq,Který den roku 1929 se zhroutila newyorská burza a vyvolala Velkou hospodářskou krizi?,"24. října 1929, přezdívaný Černý čtvrtek, se zhroutila newyorská burza a vyvolala Velkou hospodářskou krizi.","[""24. října „Černý čtvrtek“"", ""1. ledna, Nový rok"", ""14. července, francouzský státní svátek"", ""11. listopadu, příměří 1918""]",0,,,,,,
course_18_la_grande_depression_1929,course_18_la_grande_depression_1929_q2,percentageSlider,Jaký podíl Američanů byl na vrcholu Velké hospodářské krize nezaměstnaný?,Přibližně 25 % Američanů se během krize ocitlo bez práce.,,,,25.0,0.0,100.0,5.0,%
course_18_la_grande_depression_1929,course_18_la_grande_depression_1929_q3,mcq,Jaký mechanismus přiživoval spekulativní bublinu Roaring Twenties před krachem?,"Půjčujeme si na nákup akcií sázením na jejich vzestup: tento systém nákupu na marži znásobuje ztráty, když se trh zhroutí.","[""Nákup akcií na marži, půjčky na nákup cenných papírů"", ""Hromadné tisknutí peněz státem"", ""Pokračující pokles cen zemědělských produktů"", ""Zákaz spotřebitelských úvěrů""]",0,,,,,,
course_18_la_grande_depression_1929,course_18_la_grande_depression_1929_q4,trueFalse,Pravda nebo lež: mezi lety 1929 a 1932 americký akciový trh ztratil téměř 90 % své hodnoty.,Americký akciový trh ztratil v letech 1929 až 1932 přibližně 89 % své hodnoty.,"[""Pravda"", ""Nepravda""]",0,,,,,,
course_18_la_grande_depression_1929,course_18_la_grande_depression_1929_q5,mcq,"Jaké jsou „bankovní runy“, které zasáhly americké banky po krachu?","Zpanikaření zákazníci spěchají vybírat své peníze, což způsobí krach asi 9 000 amerických bank.","[""Vlny zákazníků, kteří v panice vybírají své peníze"", ""Loupeže organizované gangy"", ""Povinné audity uložené státem"", ""Nucené fúze mezi velkými bankami""]",0,,,,,,
course_18_la_grande_depression_1929,course_18_la_grande_depression_1929_q6,chronological,Seřaďte tyto události Velké hospodářské krize v chronologickém pořadí.,"Krach v říjnu 1929 vedl k řetězci krachu bank, poté krize vydláždila cestu Hitlerovi a reakci New Deal, obojí na začátku roku 1933.",,,"[""Černý čtvrtek na Wall Street"", ""Vlna bankrotů ve Spojených státech"", ""Hitlerův nástup k moci v Německu"", ""Rooseveltovo zahájení New Dealu""]",,,,,
course_18_la_grande_depression_1929,course_18_la_grande_depression_1929_q7,mcq,Který měnový systém šíří americkou hospodářskou krizi do Evropy?,"Aby si evropské centrální banky udržely své zlaté rezervy, zvyšují své úrokové sazby, což recesi dále zhoršuje.","[""Zlatý standard, který tlačí centrální banky ke zvyšování úrokových sazeb"", ""Zlatý frank, jednotná evropská měna"", ""Brettonwoodský systém"", ""Evropská celní unie""]",0,,,,,,
course_18_la_grande_depression_1929,course_18_la_grande_depression_1929_q8,mcq,"Kdo využil masivní nezaměstnanosti v Německu, aby se v lednu 1933 dostal k moci?",S 30% nezaměstnaností v Německu Hitler využíval lidové zoufalství proti křehké Výmarské republice.,"[""Adolf Hitler"", ""Franklin D. Roosevelt"", ""Herbert Hoover"", ""Winston Churchill""]",0,,,,,,
course_18_la_grande_depression_1929,course_18_la_grande_depression_1929_q9,mcq,Jakou politiku zahájil Franklin D. Roosevelt v reakci na krizi?,"Roosevelt, zvolen v roce 1932, zahájil New Deal: hlavní práce, bankovní regulace a začátek sociální ochrany, aby oživil ekonomiku.","[""Nový úděl, který ukončuje laissez-faire a oživuje ekonomiku prostřednictvím státu"", ""Kolektivizace zemědělské půdy"", ""Obnova zlatého standardu"", ""Vojenské spojenectví s Německem""]",0,,,,,,
course_191_enee_et_la_fondation_de_rome_virgile,course_191_enee_et_la_fondation_de_rome_virgile_q1,mcq,"Kdo je autorem Aeneidy, zakládajícího eposu Říma?","Virgil složil Aeneidu přes jedenáct let, aby dal Římu minulost hodnou Homéra.","[""Virgil"", ""Homer"", ""Ovidius"", ""Livy""]",0,,,,,,
course_191_enee_et_la_fondation_de_rome_virgile,course_191_enee_et_la_fondation_de_rome_virgile_q2,mcq,Proč císař Augustus objednal tento epos od Vergilia?,"Po občanských válkách chtěl Augustus stabilizovat svou moc tím, že ji přes Aenea spojil s božským původem: to je augustovská propaganda.","[""Aby spojil svou sílu s božským hrdinou po občanských válkách"", ""Financovat stavbu velkého chrámu"", ""Na oslavu vojenského vítězství nad Kartágem"", ""Nahradit homérské příběhy považované za příliš řecké""]",0,,,,,,
course_191_enee_et_la_fondation_de_rome_virgile,course_191_enee_et_la_fondation_de_rome_virgile_q3,mcq,"Koho Aeneas zachrání při útěku z hořící Tróje, kromě svého otce a syna?","Aeneas odvádí Penáty, bohy chránící domov, gesto, které definuje římské pietas: povinnost vůči rodině, bohům a osudu.","[""Penáti, bohové krbu"", ""Priamův královský poklad"", ""Achillovy zbraně"", ""Trojský kůň""]",0,,,,,,
course_191_enee_et_la_fondation_de_rome_virgile,course_191_enee_et_la_fondation_de_rome_virgile_q4,trueFalse,"Pravda nebo lež: V Kartágu spáchá královna Dido sebevraždu poté, co Aeneas odejde a prokleje její rod.","Aeneas, povolán Jupiterem zpět do své mise, opouští Dido, která spáchá sebevraždu a proklíná její rod: mýtus tak vysvětluje budoucí nenávist mezi Římem a Kartágem.","[""Pravda"", ""Nepravda""]",0,,,,,,
course_191_enee_et_la_fondation_de_rome_virgile,course_191_enee_et_la_fondation_de_rome_virgile_q5,mcq,"Která římská rodina, včetně Julia Caesara a Augusta, se hlásí k božskému původu prostřednictvím syna Aenea?","Syn Aeneas, Ascanius, zvaný také Iule, dává své jméno rodině Julii, k níž si připisují zásluhy Julius Caesar a Augustus.","[""Julii"", ""Scipios"", ""Flavianovi"", ""Tarquinové""]",0,,,,,,
course_191_enee_et_la_fondation_de_rome_virgile,course_191_enee_et_la_fondation_de_rome_virgile_q6,mcq,"Který italský princ, podporovaný bohyní Juno, zahájí válku proti Aeneovi v Latiu?","Turnus, podporovaný Juno, bohyní nepřátelskou Trojanům, se staví proti spojení Aenea s Lavinií a rozpoutá válku.","[""Turnus"", ""Latinus"", ""Ascanius"", ""Anchises""]",0,,,,,,
course_191_enee_et_la_fondation_de_rome_virgile,course_191_enee_et_la_fondation_de_rome_virgile_q7,mcq,Co našel Aeneas po svém vítězství nad Turnem?,"Po porážce Turna se Aeneas oženil s Lavinií a založil Lavinium; jeho syn pak založí Albu Dlouhou, ze které se narodí Romulus a Remus.","[""Lavinium"", ""Řím"", ""Kartágo"", ""Trója""]",0,,,,,,
course_191_enee_et_la_fondation_de_rome_virgile,course_191_enee_et_la_fondation_de_rome_virgile_q8,chronological,Dejte tyto etapy Aeneovy cesty do pořádku.,"Aeneova cesta vede od pádu Tróje k tragické lásce ke Kartágu, před italským vítězstvím, které začíná rodokmenem Říma.",,,"[""Prchající z hořící Tróje s otcem a synem"", ""Zlomená láska s královnou Dido v Kartágu"", ""Vítězství nad Turnusem a založení Lavinium""]",,,,,
course_191_enee_et_la_fondation_de_rome_virgile,course_191_enee_et_la_fondation_de_rome_virgile_q9,mcq,Který středověký básník používá Vergilia jako svého průvodce ve velké básni?,"Ve středověku si Dante vybral Vergilia jako svého průvodce v Božské komedii, čímž se latinský básník stal téměř prorockou postavou.","[""Dante v Božské komedii"", ""Petrarca v Canzoniere"", ""Boccaccio v Dekameronu"", ""Chrétien de Troyes ve svých románech""]",0,,,,,,
course_192_les_dieux_azteques_et_les_sacrifices_hum,course_192_les_dieux_azteques_et_les_sacrifices_hum_q1,mcq,"Kolik epoch již zmizelo podle mýtu o pěti sluncích před tou, ve které žijeme?","Aztécký mýtus má pět sluncí: čtyři éry již zanikly katastrofami před současným pátým sluncem, Nahui Ollinem.","[""Čtyři"", ""Dva"", ""Sedm"", ""Pouze jeden""]",0,,,,,,
course_192_les_dieux_azteques_et_les_sacrifices_hum,course_192_les_dieux_azteques_et_les_sacrifices_hum_q2,mcq,Proč bohové podle mýtu o pěti sluncích nabízejí svou vlastní krev Teotihuacánu?,"Poté, co se vrhli do ohně, aby se stali sluncem a měsícem, bohové si všimnou, že slunce zůstává nehybné: pak obětují svou krev, aby ho uvedli do pohybu, dluh, který lidé zdědí.","[""K uvedení nehybného slunce do pohybu"", ""Trestat muže za jejich hrdost"", ""Vytvořit první aztécké válečníky"", ""K uhašení původního požáru""]",0,,,,,,
course_192_les_dieux_azteques_et_les_sacrifices_hum,course_192_les_dieux_azteques_et_les_sacrifices_hum_q3,mcq,"Který aztécký bůh, spojený s válkou a poledním sluncem, bojuje každou noc s temnotou?","Huitzilopochtli, bůh války a poledního slunce, bojuje každou noc proti temnotě, aby se ráno znovu narodil.","[""Huitzilopochtli"", ""Tlaloc"", ""Quetzalcoatl"", ""Tezcatlipoca""]",0,,,,,,
course_192_les_dieux_azteques_et_les_sacrifices_hum,course_192_les_dieux_azteques_et_les_sacrifices_hum_q4,mcq,"Který bůh u Aztéků ovládá déšť, a tedy úrodu nebo hladomor?",Tlaloc dává déšť: podle nálady přináší dobrou úrodu nebo hladomor.,"[""Tlaloc"", ""Huitzilopochtli"", ""Coatlicue"", ""Tezcatlipoca""]",0,,,,,,
course_192_les_dieux_azteques_et_les_sacrifices_hum,course_192_les_dieux_azteques_et_les_sacrifices_hum_q5,trueFalse,Pravda nebo lež: Květinové války (Xochiyaoyotl) mají za cíl zabít co nejvíce nepřátel.,"Květinové války mají za cíl zajmout žijící válečníky, kteří si zaslouží být obětováni, a ne je zabíjet na bitevním poli.","[""Pravda"", ""Nepravda""]",1,,,,,,
course_192_les_dieux_azteques_et_les_sacrifices_hum,course_192_les_dieux_azteques_et_les_sacrifices_hum_q6,mcq,Jakým nástrojem kněz extrahuje srdce obětí na vrcholu Templo Mayor?,"Kněz používá obsidiánový nůž, ostrý vulkanický kámen, k vytažení srdce na vrcholu Templo Mayor v Tenochtitlánu.","[""Obsidiánový nůž"", ""Bronzové kopí"", ""Železný meč"", ""Zlatá dýka""]",0,,,,,,
course_192_les_dieux_azteques_et_les_sacrifices_hum,course_192_les_dieux_azteques_et_les_sacrifices_hum_q7,mcq,Jak se jmenuje vzácná krev obětovaná aztéckým bohům?,"Krev obětovaná bohům se nazývá chalchihuatl, „vzácná voda“; extrahované srdce je považováno za sluneční jiskru vrácenou na oblohu.","[""chalchihuatl"", ""Posvátná rosa"", ""Voda jezera Texcoco"", ""Rituální pulque""]",0,,,,,,
course_192_les_dieux_azteques_et_les_sacrifices_hum,course_192_les_dieux_azteques_et_les_sacrifices_hum_q8,mcq,Jaká událost v roce 1519 uspíšila konec aztéckého obětního systému?,V roce 1519 příchod Hernána Cortése a španělských dobyvatelů uspíšil konec tohoto rituálního vesmíru.,"[""Příchod Hernána Cortése"", ""Sopečná erupce"", ""Smrt císaře Moctezumy"", ""Všeobecný hladomor""]",0,,,,,,
course_192_les_dieux_azteques_et_les_sacrifices_hum,course_192_les_dieux_azteques_et_les_sacrifices_hum_q9,mcq,"Který soupeřící bůh z Quetzalcoatlu vládne nocí, osudu a magii?","Tezcatlipoca, kouřící zrcadlo, je Quetzalcoatlův rival a vládne noci, osudu a magii.","[""Tezcatlipoca"", ""Huitzilopochtli"", ""Coatlicue"", ""Tlaloc""]",0,,,,,,
course_193_quetzalcoatl,course_193_quetzalcoatl_q1,mcq,Co symbolizuje spojení hada a pírka ve jménu Quetzalcoatl?,"Jméno spojuje hada (země) a quetzala, ptáka se zeleným peřím (nebe), díky čemuž je Quetzalcoatl mostem mezi lidským a božským.","[""Spojení mezi zemí a nebem"", ""Vítězství nad smrtí"", ""Dualita mezi dnem a nocí"", ""Přechod z dětství do dospělosti""]",0,,,,,,
course_193_quetzalcoatl,course_193_quetzalcoatl_q2,mcq,"Co bude Quetzalcoatl hledat v Mictlánu, světě mrtvých, aby vytvořil nové lidi?","Quetzalcoatl sestupuje do Mictlánu, aby získal kosti lidí z předchozích epoch, kterým vrací život svou vlastní krví.","[""Kosti lidí z minulých epoch"", ""Semena původní kukuřice"", ""Srdce Tezcatlipoca"", ""Peří posvátného quetzala""]",0,,,,,,
course_193_quetzalcoatl,course_193_quetzalcoatl_q3,trueFalse,Pravda nebo lež: u Mayů a Aztéků bylo zabití quetzala trestáno smrtí.,"Pták byl tak posvátný, že z něj člověk mohl vzít jen pár peří, než ho vypustil; jeho zabití se trestalo smrtí.","[""Pravda"", ""Nepravda""]",0,,,,,,
course_193_quetzalcoatl,course_193_quetzalcoatl_q4,mcq,"Kdo je Topiltzin Quetzalcoatl, historická tvář mýtu?","Topiltzin Quetzalcoatl byl král-kněz Tuly v 10. století, který se údajně pokoušel nahradit lidské oběti obětováním květin a motýlů.","[""Král-kněz Tuly, který by chtěl zrušit lidské oběti"", ""Aztécký císař dobývající Španělsko"", ""Mayský kněz, který založil Chichén Itzá"", ""První španělský průzkumník Mexika""]",0,,,,,,
course_193_quetzalcoatl,course_193_quetzalcoatl_q5,mcq,Proč skončil kněz-král Tuly ve vyhnanství na východ?,"Tezcatlipoca tlačí na krále-kněze, aby se opíjel pulque; poníženě se vyhnal na východ a slíbil, že se jednoho roku vrátí „A Reed“.","[""Jeho rival Tezcatlipoca ho ponižuje tím, že ho nutí pít pulque"", ""Prohrává válku proti Mayům"", ""Vyhání ho lidová vzpoura"", ""Odchází hledat ztracenou kukuřici""]",0,,,,,,
course_193_quetzalcoatl,course_193_quetzalcoatl_q6,mcq,V jaké nebeské podobě podle mýtu Quetzalcoatl po svém odchodu nadále existuje?,"Po svém vyhnanství se Quetzalcoatl někdy stává Jitřenkou, planetou Venuší: bůh neumírá, mění podobu.","[""Jitřenka, planeta Venuše"", ""Měsíc"", ""Každoroční kometa"", ""Polední slunce""]",0,,,,,,
course_193_quetzalcoatl,course_193_quetzalcoatl_q7,mcq,Proč příchod Cortése v roce 1519 zvláště znepokojil císaře Moctezumu II?,"Cortés dorazil v roce 1519, přesně v roce „Rákos“ aztéckého kalendáře, ve kterém se očekával návrat Quetzalcoatla, což uvrhlo Moctezumu do váhání.","[""To se shoduje s rokem „A Reed“, tedy rokem očekávaného návratu boha"", ""Nastává v den úplného zatmění Slunce."", ""To se shoduje s každoročním festivalem kukuřice"", ""Následuje vojenská porážka proti Mayům""]",0,,,,,,
course_193_quetzalcoatl,course_193_quetzalcoatl_q8,chronological,Dejte do pořádku tyto fáze mýtu o Quetzalcoatlovi.,"Mýtus sleduje souvislou nit: stvoření, poté vyhnanství krále-kněze a nakonec znovuobnovení legendy během španělského dobytí.",,,"[""Bůh stvořitel přivádí lidi zpět k životu a nabízí jim obilí"", ""Kněz-král Tuly po svém ponížení odejde do exilu na východ"", ""Cortésův příchod oživuje příslib božského návratu""]",,,,,
course_194_le_mahabharata,course_194_le_mahabharata_q1,mcq,Kdo je tradičně označován jako autor Mahábháraty a zároveň je také postavou příběhu?,"Mahábhárata je připisována mudrci Vyasovi, který je jak legendárním autorem, tak i postavou eposu.","[""Mudrc Vyasa"", ""Bůh Krišna"", ""Lukostřelec Arjuna"", ""Král Duryodhana""]",0,,,,,,
course_194_le_mahabharata,course_194_le_mahabharata_q2,trueFalse,"Pravda nebo lež: podle legendy bůh Ganéša zlomil jeden z jeho klů, aby sloužil jako podpatek pro Vyasu.","Legenda říká, že Vyasa diktoval tak rychle, že Ganéša zlomil jeden z jeho klů, aby mohl bez přerušení pokračovat v psaní.","[""Pravda"", ""Nepravda""]",0,,,,,,
course_194_le_mahabharata,course_194_le_mahabharata_q3,mcq,Co je ústředním tématem války Mahábhárata?,"Válka postaví Panduovce a Kauravy, dvě větve stejné královské rodiny, na trůn Hastinapury.","[""Trůn Hastinapura, sporný mezi dvěma větvemi stejné rodiny"", ""Držení kouzelného prstenu"", ""Kontrola indických obchodních cest"", ""Dobytí cizího sousedního království""]",0,,,,,,
course_194_le_mahabharata,course_194_le_mahabharata_q4,mcq,Co ničí Panduovce a posílá je na třináct let do vyhnanství?,"Zmanipulovaná hra v kostky organizovaná Kauravy způsobila, že Panduovci přišli o své království a poslali je na třináct let do vyhnanství.","[""Zmanipulovaná hra s kostkami"", ""Vojenská porážka proti Kauravě"", ""Božská kletba"", ""Požár v jejich paláci""]",0,,,,,,
course_194_le_mahabharata,course_194_le_mahabharata_q5,mcq,"Kdo se pokouší o zprostředkování mezi Pandavou a Kauravou, než vypukne válka?","Krišna, spojenec Panduovců, se před válkou pokouší o zprostředkování, ale Kauravové to odmítají.","[""Krišna"", ""Vyasa"", ""Arjuna"", ""Dhritarashtra""]",0,,,,,,
course_194_le_mahabharata,course_194_le_mahabharata_q6,mcq,Proč lukostřelec Arjuna před první bitvou na Kurukšetře upustí luk?,"Arjuna vidí své strýce, své přátele a své pány v nepřátelském táboře a rozrušen upustí luk, než ho Krišna povede.","[""V nepřátelských řadách poznává své strýce, přátele a pány"", ""Zraní ho otrávený šíp"", ""Dozvídá se o smrti svého bratra"", ""Kvůli kletbě přijde o zrak""]",0,,,,,,
course_194_le_mahabharata,course_194_le_mahabharata_q7,mcq,Co představuje Bhagavad-gíta v příběhu Mahábhárata?,"Bhagavadgíta je dialog o přibližně 700 verších, ve kterých ho Krišna, Arjunův vozataj, učí povinnosti a nesobeckému jednání.","[""Krišnův dialog s Ardžunou o službě a akci"", ""Deník krále Dhritarashtra"", ""Seznam zákonů exilu Panduovců"", ""Příběh o zrození sta Kauravů""]",0,,,,,,
course_194_le_mahabharata,course_194_le_mahabharata_q8,mcq,"Co znamená Karma jóga, kterou Krišna učil Arjunu?","Karmajóga učí jednat podle své povinnosti, dharmy, bez lpění na výsledku nebo plodech činnosti.","[""Jednejte podle své povinnosti, aniž byste se připoutali k plodům jednání"", ""Zcela se zřekněte veškeré činnosti, abyste mohli meditovat"", ""Řiďte se pouze svými osobními přáními"", ""Bojujte spíše za pomstu než za povinnost""]",0,,,,,,
course_194_le_mahabharata,course_194_le_mahabharata_q9,chronological,Dejte tyto kroky Mahábháraty do pořádku.,"Epos sleduje logickou spirálu: zmar díky hazardu, selhání zprostředkování, pak duchovní učení těsně před závěrečnou konfrontací.",,,"[""Panduovci přijdou o své království ve zmanipulované hře s kostkami"", ""Krišna se pokouší o zprostředkování odmítnuté Kauravy"", ""Arjuna se před bitvou učí Bhagavad-gítě""]",,,,,
course_195_lancelot_guenievre_et_la_table_ronde,course_195_lancelot_guenievre_et_la_table_ronde_q1,mcq,Jak nazýváme všechny příběhy kolem krále Artuše a jeho rytířů?,"Artušovský cyklus se nazývá Věc Bretaňská, mísí v sobě nejasnou historii, keltský folklór a křesťanskou morálku.","[""Bretaňská záležitost"", ""Píseň gesta"", ""Karolinský cyklus"", ""Věc Říma""]",0,,,,,,
course_195_lancelot_guenievre_et_la_table_ronde,course_195_lancelot_guenievre_et_la_table_ronde_q2,mcq,Jaká zakázaná láska nakonec svrhne Camelot?,"Zakázaná láska mezi Lancelotem, nejlepším rytířem, a Guinevere, Arthurovou ženou, se stává jedem, který sráží Camelot.","[""Láska Lancelota a královny Guinevere"", ""Láska Merlina a Viviane"", ""Láska Arthura a Morgane"", ""Láska Gawaina a Yseult""]",0,,,,,,
course_195_lancelot_guenievre_et_la_table_ronde,course_195_lancelot_guenievre_et_la_table_ronde_q3,mcq,Jak Artuš prokáže svou legitimitu stát se králem?,Pouze skutečný král může vytáhnout Excalibur ze skály nebo kovadliny: Arthur v této zkoušce uspěje a je korunován v Camelotu.,"[""Sejmutím meče Excalibur ze skály"", ""Porážkou Merlina v souboji"", ""Sňatkem s Guineverou"", ""Stavbou kulatého stolu samotným""]",0,,,,,,
course_195_lancelot_guenievre_et_la_table_ronde,course_195_lancelot_guenievre_et_la_table_ronde_q4,mcq,Co symbolizuje kruhový tvar kulatého stolu?,"Kruhový tvar kulatého stolu ruší hierarchii: každý rytíř je rovný svému sousedovi, včetně krále.","[""Rovnost mezi rytíři, včetně krále"", ""Přísná hierarchie mezi rytíři"", ""Cyklus zemědělských sezón"", ""Nadřazenost krále nad jeho vazaly""]",0,,,,,,
course_195_lancelot_guenievre_et_la_table_ronde,course_195_lancelot_guenievre_et_la_table_ronde_q5,mcq,"Proč Lancelot, nejlepší rytíř na světě, selže v pátrání po grálu?","Pouze čistí rytíři jako Gilead, Percival a Bohort dosáhnou grálu; Lancelotova láska ke Guinevere ho činí nehodným této vize.","[""Jeho láska ke Guinevere ho činí nehodným božské vize"", ""Je příliš starý na to, aby pokračoval v hledání"", ""Odmítá se zúčastnit pátrání"", ""Je poražen v souboji od Mordreda""]",0,,,,,,
course_195_lancelot_guenievre_et_la_table_ronde,course_195_lancelot_guenievre_et_la_table_ronde_q6,trueFalse,"Pravda nebo lež: románek Lancelota a Guinevery je pouze soukromou záležitostí, která nemá pro Arturovo království žádný význam.","Zrada není jen manželská: Guinevere je manželkou vládce, je to také feudální zrada, která roztrhá kulatý stůl do občanské války.","[""Pravda"", ""Nepravda""]",1,,,,,,
course_195_lancelot_guenievre_et_la_table_ronde,course_195_lancelot_guenievre_et_la_table_ronde_q7,mcq,Kdo prozradí Arturovi poměr Lancelota a Guinevery?,"Mordred, Arthurův incestní synovec nebo syn v závislosti na verzi, odhaluje poměr mezi Lancelotem a Guinevere.","[""Mordred"", ""Merlin"", ""Gawain"", ""Percival""]",0,,,,,,
course_195_lancelot_guenievre_et_la_table_ronde,course_195_lancelot_guenievre_et_la_table_ronde_q8,mcq,"Co se stane s Arthurem poté, co byl smrtelně zraněn v Camlannu?","Artuš, zraněný v Camlann, odjíždí na ostrov Avalon: stává se spícím králem, „jednou králem, budoucím králem“, který se jednoho dne vrátí.","[""Odjíždí na ostrov Avalon, král, který se jednoho dne vrátí"", ""Stává se mnichem v bretaňském klášteře"", ""Je pohřben v Camelotu s Excaliburem"", ""Usmíří se s Guinevere před smrtí""]",0,,,,,,
course_195_lancelot_guenievre_et_la_table_ronde,course_195_lancelot_guenievre_et_la_table_ronde_q9,chronological,Dejte do pořádku tyto fáze artušovské legendy.,"Artušovský cyklus sleduje kompletní trajektorii: slavný základ, duchovní hledání, odhalená zrada, pak konečný pád království.",,,"[""Arthur odstraní Excalibur ze skály a založí Kulatý stůl"", ""Pátrání po grálu odhaluje, že Lancelot není dostatečně čistý"", ""Mordred odhalí románek Lancelota a Guinevere"", ""Bitva u Camlannu končí Artušovu vládu""]",,,,,
course_196_merlin_l_enchanteur,course_196_merlin_l_enchanteur_q1,mcq,Jaká je paradoxní povaha Merlina podle básníka Roberta de Borona?,"Podle Roberta de Boron démon inkubus zplodil Merlina, aby vytvořil antikrista, ale křest dítěte toto prokletí smaže.","[""Je to syn démona, zachráněný křtem"", ""Je to keltský bůh převlečený za muže"", ""Je to padlý anděl, který se stal smrtelným"", ""Je to rytíř prokletý vílou""]",0,,,,,,
course_196_merlin_l_enchanteur,course_196_merlin_l_enchanteur_q2,mcq,Jaké Merlinovy ​​schopnosti zůstávají navzdory jeho křtu?,"Křest vymaže démonické prokletí, ale Merlin si zachovává znalosti minulosti, zděděné po démonech, a dar proroctví.","[""Poznání minulosti a dar proroctví"", ""Nadlidská fyzická síla"", ""Úplná nesmrtelnost od narození"", ""Síla létat vzduchem""]",0,,,,,,
course_196_merlin_l_enchanteur,course_196_merlin_l_enchanteur_q3,mcq,"Jak Merlin dovolil, aby se Arthur narodil?",Merlin pomáhá Utherpendragonovi převzít podobu vévody z Cornwallu a připojit se k vévodkyni Igerne: od té noci se Artur narodil.,"[""Pomáhá králi Utherpendragonovi převzít rysy vévody z Cornwallu"", ""Sám promění Uthera v orla"", ""Unese vévodkyni Igerne, aby ji provdal za Uthera"", ""Kouzelně přiměje Arthura, aby se objevil bez rodičů""]",0,,,,,,
course_196_merlin_l_enchanteur,course_196_merlin_l_enchanteur_q4,trueFalse,"Pravda nebo lež: je to Merlin, kdo vede Arthura k Paní jezera, aby získal Excalibur.","Poté, co v tajnosti vychoval Artuše, jej Merlin zavede k Paní jezera, aby získal Excalibur, jehož pochva chrání před smrtelnými zraněními.","[""Pravda"", ""Nepravda""]",0,,,,,,
course_196_merlin_l_enchanteur,course_196_merlin_l_enchanteur_q5,mcq,"Co je to nebezpečné obležení, které Merlin umístí u kulatého stolu?","Merlin navrhuje Nebezpečné křeslo, volné místo u kulatého stolu vyhrazené pro nejčistšího rytíře, které bude později obsazeno během pátrání po grálu.","[""Volné místo vyhrazené pro nejčistšího rytíře"", ""Arturův osobní trůn"", ""Sídlo připisované samotnému Merlinovi"", ""Past určená na nepřátele království""]",0,,,,,,
course_196_merlin_l_enchanteur,course_196_merlin_l_enchanteur_q6,mcq,"Kdo způsobí Merlinovo zmizení, navzdory jeho lásce k němu?","Merlin se zamiluje do Viviane a naučí ji svá nejtajnější kouzla, ale ví, že ho nakonec zamkne.","[""Viviane, Paní jezera"", ""Guinevere, královna"", ""Morgane, Arthurova nevlastní sestra"", ""Igerne, Arthurova matka""]",0,,,,,,
course_196_merlin_l_enchanteur,course_196_merlin_l_enchanteur_q7,mcq,"Co ví Merlin, než se vůbec zamiluje do Viviane?","Merlin zná svůj konec předem, a přesto se zamiluje do Viviane, s plnou znalostí faktů.","[""Že už zná svůj vlastní konec"", ""Že ho Arthur jednoho dne zradí"", ""Že Guinevere zradí Arthura"", ""Že Kulatý stůl bude trvat navždy""]",0,,,,,,
course_196_merlin_l_enchanteur,course_196_merlin_l_enchanteur_q8,mcq,"Které moderní literární postavy pocházejí z archetypu moudrého starce, který vytvořil Merlin?",Merlin zíral na obraz starého moudrého muže s plnovousem a holí: Tolkienův Gandalf a Rowlingův Brumbál jsou jeho přímými potomky.,"[""Gandalf v Tolkienovi a Brumbál v Rowlingové"", ""Sherlock Holmes a doktor Watson"", ""Dracula a Frankenstein"", ""Robin Hood a Malý John""]",0,,,,,,
course_197_les_mille_et_une_nuits_sheherazade,course_197_les_mille_et_une_nuits_sheherazade_q1,mcq,Proč Šeherezáda vypráví králi Shahryarovi každou noc příběhy?,"Šeherezáda se zastaví v nejnapjatějším okamžiku svého příběhu a donutí krále odložit popravu, aby zjistil, co se stane dál.","[""Aby odložil svou vlastní popravu až do svítání"", ""Aby odvedl pozornost krále od jeho melancholie"", ""Naučit ho orientální moudrosti"", ""Vyhrát soutěž vyprávění u soudu""]",0,,,,,,
course_197_les_mille_et_une_nuits_sheherazade,course_197_les_mille_et_une_nuits_sheherazade_q2,mcq,Jakou vyprávěcí technikou Šeherezáda upoutá královu pozornost?,"Šeherezáda hromadí propletené příběhy: jedna postava vypráví druhé, která vypráví třetí, neustále oddaluje konec.","[""Příběhy vnořené do sebe"", ""Básně zpívané za doprovodu hudby"", ""Hádanky, které musí král vyřešit"", ""Příběhy se vždy vyprávějí v první osobě""]",0,,,,,,
course_197_les_mille_et_une_nuits_sheherazade,course_197_les_mille_et_une_nuits_sheherazade_q3,mcq,Kde se vzalo původní jádro Tisíce a jedné noci?,"Jádro sbírky pochází z perských Hazār Afsāna („Tisíc příběhů“), které se živily indickými tradicemi, než se staly arabskými v Bagdádu.","[""Perská sbírka, Hazār Afsāna, živená indickými tradicemi"", ""Řecká sbírka přeložená do arabštiny v Bagdádu"", ""Španělské kroniky ze středověku"", ""Čínská epická báseň adaptovaná do Persie""]",0,,,,,,
course_197_les_mille_et_une_nuits_sheherazade,course_197_les_mille_et_une_nuits_sheherazade_q4,trueFalse,Pravda nebo lež: příběhy o Aladinovi a Ali Babovi se objevují v původních středověkých arabských rukopisech Arabské noci.,"Aladdin a Ali Baba jsou osiřelé příběhy, které ve středověkých arabských rukopisech chybí: do korpusu se dostaly později, přes Evropu.","[""Pravda"", ""Nepravda""]",1,,,,,,
course_197_les_mille_et_une_nuits_sheherazade,course_197_les_mille_et_une_nuits_sheherazade_q5,mcq,Kdo přeložil a popularizoval Tisíc a jednu noc ve Francii v letech 1704 až 1717?,Francouzský orientalista Antoine Galland vydal v letech 1704 až 1717 svůj překlad upravený podle vkusu dvora Ludvíka XIV.,"[""Antoine Galland"", ""Viktor Hugo"", ""Voltaire"", ""Jean de La Fontaine""]",0,,,,,,
course_197_les_mille_et_une_nuits_sheherazade,course_197_les_mille_et_une_nuits_sheherazade_q6,mcq,Díky komu Antoine Galland přidal do svého překladu pohádku o Aladinovi?,"Galland přidává příběhy, které slyšel od Hanny Diyab, kolemjdoucí Syřanky, což přivádí Aladina do korpusu.","[""Hanna Diyab, procházející Syřan, který mu vypráví příběhy"", ""V Bagdádu se setkal osmanský vezír"", ""Perská princezna odešla do Paříže"", ""Rukopis nalezený v egyptské knihovně""]",0,,,,,,
course_197_les_mille_et_une_nuits_sheherazade,course_197_les_mille_et_une_nuits_sheherazade_q7,mcq,"Jaká změna nastává u krále Shahryara poté, co poslouchal Šeherezáda tisíc a jednu noc?",Po tisíci a jedné noci naslouchání se Shahryar změní: znovu nalezne empatii a Šeherezáda tak napravila tyrana jen slovy.,"[""Znovu získává empatii a zříká se zabíjení svých manželek"", ""Zblázní se a opustí svůj trůn"", ""Vyžene Šeherezádu do jiného království"", ""Místo toho si vezme Šeherezádinu sestru""]",0,,,,,,
course_197_les_mille_et_une_nuits_sheherazade,course_197_les_mille_et_une_nuits_sheherazade_q8,mcq,Jaký moderní narativní prostředek je přímo zděděn od Šeherezádiny techniky?,"Cliffhanger, tento řez na okraji narativní propasti, je přímým dědicem Šeherezádiny techniky.","[""Cliffhanger, který střihne příběh v nejvypjatější chvíli"", ""Vnitřní monolog"", ""Chronologický flashback"", ""Vševědoucí vypravěč""]",0,,,,,,
course_198_sindbad_le_marin,course_198_sindbad_le_marin_q1,mcq,Komu vypráví námořník Sindibád na začátku příběhu svá dobrodružství?,"Příběh začíná v Bagdádu, kde Sindibád, nyní starý a bohatý, vypráví své utrpení vrátnému, také jménem Sindibád, v bezprostředním třídním kontrastu.","[""Na nositele jménem také Sindibád (nebo Hindbad)"", ""Samotnému bagdádskému chalífovi"", ""Své vlastní dceři"", ""Projíždějícímu čínskému obchodníkovi""]",0,,,,,,
course_198_sindbad_le_marin,course_198_sindbad_le_marin_q2,mcq,"Jaký mechanik se opakuje pokaždé, když Sindibád cestuje?","Každá cesta se řídí stejnou mechanikou: únava ze sedavého života, ztroskotání, přežití v neznámé zemi, pak návrat plný pokladů.","[""Odjezd, ztroskotání, přežití, návrat nabitý poklady"", ""Námořní bitva proti pirátům"", ""Milostné hledání ve vzdáleném království"", ""Náboženská pouť do Mekky""]",0,,,,,,
course_198_sindbad_le_marin,course_198_sindbad_le_marin_q3,mcq,"Na jakém skutečném a nyní vyhynulém tvorovi by byl založen Roc, obří pták Sindibáda?","Roc je pravděpodobně inspirován Aepyornisem, sloním ptákem z Madagaskaru, který zmizel kolem roku 1000 a jehož vejce byla gigantická.","[""Aepyornis, sloní pták z Madagaskaru"", ""Pterodaktyl, prehistorický létající plaz"", ""Moa, obří pták z Nového Zélandu"", ""Dodo z Mauricia""]",0,,,,,,
course_198_sindbad_le_marin,course_198_sindbad_le_marin_q4,trueFalse,"Pravda nebo lež: Sindibád je v Arabských nocích především válečník, který se vydává dobýt vzdálená království.","Sindibád není válečník: je to obchodník-dobrodruh, prestižní postavení ve společnosti, která si cení obchodu.","[""Pravda"", ""Nepravda""]",1,,,,,,
course_198_sindbad_le_marin,course_198_sindbad_le_marin_q5,mcq,"Která skutečná zastávka v Indickém oceánu inspiruje k výletům na Sindibád, známý svým kořením?","Serendib, dnešní Cejlon, je jednou ze skutečných zastávek zmíněných na cestách Sindibáda, proslulého svým kořením.","[""Serendib (Cejlon)"", ""Alexandrie"", ""Byzanc"", ""Cordoba""]",0,,,,,,
course_198_sindbad_le_marin,course_198_sindbad_le_marin_q6,mcq,"Jaká je hlavní západní paralela evokovaná se Sindibádem, ale která popisuje Asii spíše fakty než zázraky?","Marco Polo je západní paralelou Sindibáda: popisuje Asii ve faktech, kde ji Sindibád maluje v divech.","[""Marco Polo"", ""Kryštof Kolumbus"", ""Vasco da Gama"", ""Jules Verne""]",0,,,,,,
course_198_sindbad_le_marin,course_198_sindbad_le_marin_q7,mcq,Proč je číslo sedm ústředním bodem cyklu Sindibadových cest?,"Číslo sedm, nabité významem v islámské kosmologii, dává cyklu cest iniciační rozměr, od nerozvážnosti k moudrosti.","[""Je nabitý významem v islámské kosmologii a strukturuje iniciační cestu"", ""Odpovídá to přesnému počtu moří, kterými Arabové propluli"", ""Označuje sedm chalífů, kteří vládli Bagdádu"", ""Pochází z čistě komerční tradice bez náboženského významu""]",0,,,,,,
course_198_sindbad_le_marin,course_198_sindbad_le_marin_q8,mcq,"Kdo v 18. století přeložil Sindibadovy cesty do francouzštiny, čímž se staly známými v Evropě?","Antoine Galland v 18. století přeložil Arabské noci, včetně Sindibádových cest, a následně vyživil evropský dobrodružný román.","[""Antoine Galland"", ""Voltaire"", ""Viktor Hugo"", ""Montesquieu""]",0,,,,,,
course_199_les_titans_vs_les_dieux_la_titanomachie,course_199_les_titans_vs_les_dieux_la_titanomachie_q1,mcq,Kdo pomáhá Zeusovi zvrátit válku po deseti letech bez vítěze?,"Na radu Gaie Zeus osvobodí Kyklopy, kteří kují blesky, a Hecatonchiry, obry se stovkou paží, což nakonec přinutí Titány, aby se ohnuli.","[""Kyklopové a Hecatonchiové, propuštěni na radu Gaie"", ""Múzy, které zpívají, aby oslabily Titány"", ""Poseidon sám, díky svému trojzubci"", ""Prometheus, který zradí Titány uprostřed bitvy""]",0,,,,,,
course_199_les_titans_vs_les_dieux_la_titanomachie,course_199_les_titans_vs_les_dieux_la_titanomachie_q2,mcq,Co se stane s Hecatonchires po vítězství olympioniků?,"Poražení Titáni jsou uvrženi do Tartaru, kde se Hecatonchireové stanou jejich vězniteli.","[""Zajatci poražených Titánů, zamčení v Tartaru"", ""Noví králové Olympu"", ""Kamenné sochy v Tartaru"", ""Zeusovi poslové ke smrtelníkům""]",0,,,,,,
course_199_les_titans_vs_les_dieux_la_titanomachie,course_199_les_titans_vs_les_dieux_la_titanomachie_q3,mcq,Jaký trest si Zeus konkrétně vyhrazuje pro Atlas?,"Atlas, generál Cronusových armád, je odsouzen nést nebeskou klenbu na svých ramenou, aby se Nebe a Země již nestýkaly.","[""Noste nebeskou klenbu na svých ramenou"", ""Být připoután v Tartaru na věčnost"", ""Toulejte se nekonečně po Zemi"", ""Ztráta paměti na minulost Titánů""]",0,,,,,,
course_199_les_titans_vs_les_dieux_la_titanomachie,course_199_les_titans_vs_les_dieux_la_titanomachie_q4,trueFalse,Pravda nebo lež: Prometheus je po Titanomachy poslán do Tartaru s ostatními Titány.,"Prométheus se rozhodne zůstat nebojovat během války, což ho zachrání před Tartarem a nechá ho na svobodě, za cenu trvalého napětí s Olympem.","[""Pravda"", ""Nepravda""]",1,,,,,,
course_199_les_titans_vs_les_dieux_la_titanomachie,course_199_les_titans_vs_les_dieux_la_titanomachie_q5,mcq,Proč Gaia generuje obry po Titanomachy?,"Gaia, rozzuřená nad osudem svých titánských synů, rozmnožuje obry, aby svrhli Dia a spustili Gigantomachy.","[""Pomstít se za osud vyhrazený jeho synům Titánům"", ""Aby Zeus pomohl upevnit jeho moc"", ""Aby ochránil Atlase před jeho trestem"", ""Aby nahradil Titány uvězněné v Tartaru""]",0,,,,,,
course_199_les_titans_vs_les_dieux_la_titanomachie,course_199_les_titans_vs_les_dieux_la_titanomachie_q6,mcq,"Co odhaluje proroctví, které doprovází Gigantomachy?","Proroctví oznamuje, že bohové nemohou porazit obry bez pomoci smrtelníka, což tlačí Dia, aby zavolal Hérakla.","[""Bohové nemohou porazit obry bez pomoci smrtelníka"", ""Obři jsou na věčnost neporazitelní"", ""Zeus se musí spojit s titány, aby porazil"", ""Pouze Gaia může zastavit obry, které vytvořila""]",0,,,,,,
course_199_les_titans_vs_les_dieux_la_titanomachie,course_199_les_titans_vs_les_dieux_la_titanomachie_q7,mcq,Který smrtelný hrdina dovolí bohům definitivně porazit Giganty?,"Héraklés ukončí obry již sražené bleskem svými otrávenými šípy, čímž dodá lidskou odvahu nezbytnou pro vítězství bohů.","[""Herakles"", ""Perseus"", ""Theseus"", ""Achilles""]",0,,,,,,
course_199_les_titans_vs_les_dieux_la_titanomachie,course_199_les_titans_vs_les_dieux_la_titanomachie_q8,mcq,"Jak jsou nakonec tři království rozdělena mezi Zeuse, Poseidona a Háda?","Olympská budova se stabilizuje s Zeusem na nebi, Poseidonem ve vodách a Hádem ve stínech, každý pánem své domény.","[""Zeus vládne nad oblohou, Poseidon nad vodami, Hádes nad stíny"", ""Zeus vládne Zemi, Poseidon obloze, Hades vodám"", ""Tři bratři vládnou společně na jedné společné doméně"", ""Poseidon se stává nejvyšším králem tří království""]",0,,,,,,
course_199_les_titans_vs_les_dieux_la_titanomachie,course_199_les_titans_vs_les_dieux_la_titanomachie_q9,chronological,Dejte do pořádku tyto post-Titanomachy fáze.,"Olympský řád je budován ve fázích: vojenské vítězství, pak rozdělení trestů, před závěrečným testem Gigantomachy.",,,"[""Kyklopové a Hecatonchiové naklánějí válku v Zeusův prospěch"", ""Atlas je odsouzen nést nebeskou klenbu"", ""Gaia množí obry, aby pomstili Titány"", ""Heracles pomáhá bohům porazit Giganty během Gigantomachy""]",,,,,
course_19_la_bataille_de_stalingrad_1942_1943,course_19_la_bataille_de_stalingrad_1942_1943_q1,mcq,"Jaký byl původní cíl německé ofenzívy „Case Blue“, zahájené v roce 1942?",Case Blue se nejprve zaměřuje na kavkazskou ropu; Stalingrad je zpočátku jen vedlejší cíl na cestě.,"[""Zachycování ropy z Kavkazu"", ""Vezměte Moskvu"", ""Napadnout Británii"", ""Dobýt Sibiř""]",0,,,,,,
course_19_la_bataille_de_stalingrad_1942_1943,course_19_la_bataille_de_stalingrad_1942_1943_q2,mcq,Kdo velel 6. německé armádě v bitvě u Stalingradu?,"6. armádě, odkloněná na Stalingrad, velí generál Friedrich Paulus.","[""Generál Friedrich Paulus"", ""Maršál Georgij Žukov"", ""Generál Vasilij Čujkov"", ""Hermann Göring""]",0,,,,,,
course_19_la_bataille_de_stalingrad_1942_1943,course_19_la_bataille_de_stalingrad_1942_1943_q3,mcq,Jakou taktiku uvalil sovětský generál Čujkov na své jednotky v troskách Stalingradu?,"Tím, že Sověti zůstali ve velmi těsném kontaktu s nepřítelem, zabránili německému dělostřelectvu a letadlům udeřit, aniž by zasáhli vlastní jednotky.","[""Zůstaňte do 30 metrů od nepřítele, abyste zabránili německému dělostřelectvu udeřit bez rizika"", ""Systematicky ustupovat na druhou stranu Volhy"", ""Útok pouze v noci"", ""Vyjednat s Němci místní příměří""]",0,,,,,,
course_19_la_bataille_de_stalingrad_1942_1943,course_19_la_bataille_de_stalingrad_1942_1943_q4,numericSlider,"Kolik dní odolával Pavlovův dům, držený hrstkou sovětských vojáků, německým útokům?",Pavlovův dům odolával německým útokům 58 dní a stal se symbolem sovětského odporu.,,,,58.0,10.0,120.0,7.0,dny
course_19_la_bataille_de_stalingrad_1942_1943,course_19_la_bataille_de_stalingrad_1942_1943_q5,trueFalse,"Pravda nebo lež: Stalinův rozkaz 227 opravňuje sovětské vojáky, aby se mohli volně stáhnout tváří v tvář nepříteli.",Příkaz 227 naopak ukládá „Není krok zpět“ a zakazuje jakékoli stažení bez příkazu.,"[""Pravda"", ""Nepravda""]",1,,,,,,
course_19_la_bataille_de_stalingrad_1942_1943,course_19_la_bataille_de_stalingrad_1942_1943_q6,mcq,"Jaká sovětská operace, připravená maršálem Žukovem, obklíčila německou 6. armádu v listopadu 1942?",19. listopadu 1942 uzavřela operace Uran sevření špatně bráněných německých boků a obklíčila kolem 300 000 mužů.,"[""Operace Uran"", ""Operační případ modrý"", ""Operace Barbarossa"", ""Operace Gericht""]",0,,,,,,
course_19_la_bataille_de_stalingrad_1942_1943,course_19_la_bataille_de_stalingrad_1942_1943_q7,numericSlider,Přibližně kolik mužů bylo obklíčeno u Stalingradu během operace Uran 19. listopadu 1942?,Operace Uran obklíčí kolem 300 000 německých a spojeneckých vojáků ve stalingradské kapse.,,,,300000.0,100000.0,500000.0,30000.0,
course_19_la_bataille_de_stalingrad_1942_1943,course_19_la_bataille_de_stalingrad_1942_1943_q8,mcq,Kdo bez úspěchu slíbil leteckou dopravu pro zásobování německých jednotek obklíčených ve Stalingradu?,"Hermann Göring, šéf Luftwaffe, slíbil leteckou přepravu, která selhala a nechala obklopené jednotky umírat hlady a zimou.","[""Hermann Göring"", ""Friedrich Paulus"", ""Adolf Hitler"", ""Erich von Falkenhayn""]",0,,,,,,
course_19_la_bataille_de_stalingrad_1942_1943,course_19_la_bataille_de_stalingrad_1942_1943_q9,chronological,Seřaďte tyto fáze bitvy o Stalingrad v chronologickém pořadí.,Od léta 1942 do 2. února 1943 přešla bitva od triumfální německé ofenzívy k úplnému zničení 6. armády.,,,"[""Zahájení německé ofenzívy Case Blue"", ""Boj na blízko v ruinách města"", ""Obklíčení 6. armády během operace Uran"", ""Kapitulace generála Pauluse""]",,,,,
course_1_la_naissance_de_l_islam_622,course_1_la_naissance_de_l_islam_622_q1,mcq,Co představuje Hegira v 622?,"Hidžra je odchod Mohameda, kterému hrozí smrtí v Mekce, do oázy Medina. Toto datum se stává rokem 1 muslimského kalendáře.","[""Mohamedův odjezd z Mekky do Mediny"", ""První zjevení přijaté Mohamedem"", ""Dobytí Mekky muslimy"", ""Smrt Mohameda v Medíně""]",0,,,,,,
course_1_la_naissance_de_l_islam_622,course_1_la_naissance_de_l_islam_622_q2,mcq,Kdo ovládal obchod kolem Kaaby před islámem?,"Kurajšovci, dominantní kmen Mekky, čerpali svou sílu z poutí a obchodu kolem polyteisty Kaaby.","[""Kurajský kmen"", ""Byzantinci"", ""Sasanian Peršané"", ""Obyvatelé Mediny""]",0,,,,,,
course_1_la_naissance_de_l_islam_622,course_1_la_naissance_de_l_islam_622_q3,trueFalse,Pravda nebo lež: po dobytí Mekky v roce 630 zmasakroval Mohamed své bývalé pronásledovatele.,"Mohamed naopak udělil generální pardon, který usnadnil shromáždění arabských kmenů k islámu.","[""Pravda"", ""Nepravda""]",1,,,,,,
course_1_la_naissance_de_l_islam_622,course_1_la_naissance_de_l_islam_622_q4,numericSlider,Ve kterém roce zemřel Mohamed a zůstala tak Arábie sjednocená pod jednou autoritou?,"Muhammad zemřel v roce 632, pouhých deset let po Hegiře, kdy byla téměř celá Arábie sjednocena.",,,,632.0,600.0,660.0,3.0,
course_1_la_naissance_de_l_islam_622,course_1_la_naissance_de_l_islam_622_q5,chronological,Seřaďte tyto události v Mohamedově životě v chronologickém pořadí.,"Tato čtyři data (622, 624, 630, 632) označují dvacet let, ve kterých se Mohamed stal z ohroženého proroka hlavou státu sjednocujícího Arábii.",,,"[""Hegira: odjezd do Mediny"", ""Bitva o Badr"", ""Dobytí Mekky"", ""Smrt Mohameda""]",,,,,
course_1_la_naissance_de_l_islam_622,course_1_la_naissance_de_l_islam_622_q6,mcq,Jaká je dhimma založená muslimskými dobyvateli?,"Dhimma je chráněný stav, který opravňuje „lidi Knihy“ udržovat své náboženství po zaplacení džizji.","[""Stav, který umožňuje křesťanům a Židům ponechat si své náboženství proti dani"", ""Název muslimského kalendáře"", ""Daň z obchodních karavanů"", ""Soud obvinil z posuzování nevěrníků""]",0,,,,,,
course_1_la_naissance_de_l_islam_622,course_1_la_naissance_de_l_islam_622_q7,mcq,Které dvě velké říše byly vyčerpány svými válkami kolem Arábie v 7. století?,"Nekonečné války mezi Byzancí (Východořímskou říší) a sasánovskými Peršany vytvořily geopolitické vakuum, z něhož využilo Mohamedovo nové poselství.","[""Byzantská a Sasánovská říše"", ""Římská a čínská říše"", ""Osmanská a mongolská říše"", ""Perská a indická říše""]",0,,,,,,
course_1_la_naissance_de_l_islam_622,course_1_la_naissance_de_l_islam_622_q8,mcq,"Co je Umma, kterou založil Mohamed v Medíně?",Umma nahrazuje tradiční kmenovou solidaritu komunitou založenou na sdílené víře.,"[""Společenství věřících, které přesahuje pokrevní a rodové svazky"", ""Název muslimského kalendáře"", ""Armáda povstala proti Mekce"", ""Rada chalífů""]",0,,,,,,
course_200_re_et_la_creation_du_monde_egypte,course_200_re_et_la_creation_du_monde_egypte_q1,mcq,Jaké je podstatné jméno v egyptské kosmogonii Heliopolis?,"Před časem existuje Podstatné jméno: tmavá, nekonečná voda, plná choroboplodných zárodků, z níž se Atum vynořuje na Benbenově kameni.","[""Temná a nekonečná voda, plná bacilů, která předbíhá čas"", ""Jméno prvního zbožštěného faraona"", ""Podsvětí mrtvých"", ""Sluneční disk viditelný každé ráno""]",0,,,,,,
course_200_re_et_la_creation_du_monde_egypte,course_200_re_et_la_creation_du_monde_egypte_q2,mcq,Jak vypadá Atum podle heliopolské kosmogonie?,"Atum, „ten, kdo je dokončen“, se generuje a vynoří se na Benbenově kameni, prvním pevném bodu na světě.","[""Generuje se a vynoří se na Benbenově kameni"", ""Vzniká spojením dvou prvotních hadů"", ""Je vytvořen bohem Amonem na příkaz kněží"", ""Vzniká z krve poraženého boha""]",0,,,,,,
course_200_re_et_la_creation_du_monde_egypte,course_200_re_et_la_creation_du_monde_egypte_q3,mcq,"Které bohy stvořil Atum jako první, před Gebem a Nutem?","Sám Atum nejprve vytváří Chou, vzduch a Tefnut, vlhkost, před Gebem (Země) a Nut (Nebe).","[""Zelí (vzduch) a tefnut (vlhkost)"", ""Osiris a Isis"", ""Seth a Nephthys"", ""Ra a Khepri""]",0,,,,,,
course_200_re_et_la_creation_du_monde_egypte,course_200_re_et_la_creation_du_monde_egypte_q4,mcq,Proti jaké síle bojuje Ra každou noc během svého průchodu Duatem?,"Každou noc loď Re překračuje Douât ve válce proti Isfet, nepořádku, který se had Apopis snaží nastolit.","[""Isfet, nepořádek, ztělesněný hadem Apopisem"", ""Bůh Amon, nebeský rival"", ""Zesnulí faraoni žárlí na jeho moc"", ""Bohyně Nut, která mu chce zabránit v znovuzrození""]",0,,,,,,
course_200_re_et_la_creation_du_monde_egypte,course_200_re_et_la_creation_du_monde_egypte_q5,trueFalse,Pravda nebo lež: Re se každé ráno znovuzrodí v masce brouka Khépri.,"Ra se znovuzrodí za úsvitu v převleku Khépri, skarabea, což je znamení, že Maat, rovnováha, opět vítězí nad nepořádkem.","[""Pravda"", ""Nepravda""]",0,,,,,,
course_200_re_et_la_creation_du_monde_egypte,course_200_re_et_la_creation_du_monde_egypte_q6,mcq,"Proč Re vypouští své Hořící oko, bohyni Sekhmet, proti lidstvu?","V příběhu Destruction of Men se stárnoucí Ra dozví, že se proti němu lidstvo spiklo, a vypustí své Oko, lvici Sekhmet.","[""Muži se proti němu spiknou, jak stárne"", ""Muži mu odmítají stavět chrámy"", ""Zatmění Slunce ho rozzuřilo"", ""Muži ukradli posvátný oheň Heliopole""]",0,,,,,,
course_200_re_et_la_creation_du_monde_egypte,course_200_re_et_la_creation_du_monde_egypte_q7,mcq,Jak se Re podaří zastavit masakr Sekhmet?,"Ra vaří sklenice piva zbarveného do červeného okru: Sekhmet v domnění, že pije krev, se opije, uklidní se a stane se něžnou Hathor.","[""Přiměje Sekhmet pít pivo s nádechem červeného okru, které si ona splete s krví"", ""Uzamkne Sekhmeta v podsvětí"", ""Promění Sekhmeta v brouka Khepri"", ""Požádá Osirise, aby bojoval se Sekhmetem""]",0,,,,,,
course_200_re_et_la_creation_du_monde_egypte,course_200_re_et_la_creation_du_monde_egypte_q8,mcq,Který bůh se v Nové říši spojil s Re a vytvořil Amon-Re?,"V Nové říši se thébský bůh Amon spojil s Re: narodil se Amon-Re, „král bohů“, pro kterého byly postaveny největší svatyně jako Karnak.","[""Amun, thébský bůh"", ""Osiris, bůh mrtvých"", ""Seth, bůh chaosu"", ""Khépri, brouk""]",0,,,,,,
course_200_re_et_la_creation_du_monde_egypte,course_200_re_et_la_creation_du_monde_egypte_q9,chronological,Dejte tyto fáze mytologie Ra do pořádku.,"Mýtus sleduje stvoření světa, poté zrození bohů, krizi lidské revolty a nakonec teologickou syntézu Nové říše.",,,"[""Atum se vynořuje z podstatného jména na Benbenově kameni"", ""Zrodil se velký Ennead devíti bohů"", ""Ra pustí Sekhmeta proti vzpurnému lidstvu"", ""Amon se spojí s Re a vytvoří Amon-Re""]",,,,,
course_201_la_naissance_du_conflit_israelo_palestin,course_201_la_naissance_du_conflit_israelo_palestin_q1,mcq,Kdo v roce 1897 teoretizoval moderní politický sionismus?,Theodor Herzl teoretizoval politický sionismus během basilejského kongresu v roce 1897 v reakci na vzestup antisemitismu v Evropě.,"[""Theodor Herzl"", ""David Ben-Gurion"", ""Chaim Weizmann"", ""Arthur Balfour""]",0,,,,,,
course_201_la_naissance_du_conflit_israelo_palestin,course_201_la_naissance_du_conflit_israelo_palestin_q2,numericSlider,Ve kterém roce vydala britská vláda Balfourovu deklaraci?,"Balfourova deklarace, vydaná v roce 1917, slibovala „národní domov pro židovský národ“ v Palestině.",,,,1917.0,1880.0,1950.0,2.0,
course_201_la_naissance_du_conflit_israelo_palestin,course_201_la_naissance_du_conflit_israelo_palestin_q3,percentageSlider,"Jaký podíl obyvatel Palestiny byl židovský v roce 1918, před velkou vlnou imigrace ve 30. letech 20. století?","Židovská populace Palestiny tvořila v roce 1918 přibližně 8 % z celkového počtu, než koncem 30. let přesáhla 30 %.",,,,8.0,0.0,100.0,5.0,%
course_201_la_naissance_du_conflit_israelo_palestin,course_201_la_naissance_du_conflit_israelo_palestin_q4,trueFalse,Pravda nebo lež: V roce 1947 přijali sionističtí vůdci i arabští vůdci plán rozdělení OSN.,"Sionističtí vůdci přijímají plán OSN na rozdělení, ale Arabové jej odmítají: občanská válka vypukne téměř okamžitě.","[""Pravda"", ""Nepravda""]",1,,,,,,
course_201_la_naissance_du_conflit_israelo_palestin,course_201_la_naissance_du_conflit_israelo_palestin_q5,chronological,Seřaďte tyto události chronologicky.,"Tato čtyři data (1897, 1917, 1947, 1948) znamenají půl století od zrodu politického sionismu po vytvoření Státu Izrael a palestinský exodus.",,,"[""Basilejský kongres"", ""Balfourova deklarace"", ""Plán sdílení OSN"", ""Izraelská nezávislost a Nakba""]",,,,,
course_201_la_naissance_du_conflit_israelo_palestin,course_201_la_naissance_du_conflit_israelo_palestin_q6,mcq,Jak Palestinci říkají exodus v roce 1948?,Nakba znamená v arabštině „katastrofa“: termín se vztahuje k exodu stovek tisíc Palestinců v roce 1948.,"[""Nakba"", ""Aliyah"", ""Intifáda"", ""Mandát""]",0,,,,,,
course_201_la_naissance_du_conflit_israelo_palestin,course_201_la_naissance_du_conflit_israelo_palestin_q7,mcq,Jakou organizaci vytvořila OSN v roce 1949 na pomoc palestinským uprchlíkům?,"UNRWA byla vytvořena v roce 1949, aby se starala o palestinské uprchlíky v situaci, která měla být dočasná.","[""UNRWA"", ""UNESCO"", ""UNHCR"", ""Arabská liga""]",0,,,,,,
course_201_la_naissance_du_conflit_israelo_palestin,course_201_la_naissance_du_conflit_israelo_palestin_q8,numericSlider,Přibližně kolik tisíc Palestinců uprchlo nebo bylo vyhnáno ze svých domovů během Nakby v roce 1948?,Během války v roce 1948 uprchlo nebo bylo vyhnáno ze svých domovů 700 000 až 750 000 Palestinců.,,,,725.0,200.0,1200.0,100.0,tisíce
course_201_la_naissance_du_conflit_israelo_palestin,course_201_la_naissance_du_conflit_israelo_palestin_q9,mcq,"Kdo přijímá plán rozdělení OSN z roku 1947, na rozdíl od arabských vůdců?","Sionističtí vůdci přijali plán rozdělení OSN v roce 1947, zatímco arabští vůdci jej odmítli.","[""Sionističtí vůdci"", ""Britové"", ""Samotná Organizace spojených národů"", ""palestinští uprchlíci""]",0,,,,,,
course_202_la_rivalite_chine_etats_unis,course_202_la_rivalite_chine_etats_unis_q1,mcq,Kdo zahájil reformy ekonomického otevření v Číně od roku 1978?,"Teng Siao-pching zahájil v roce 1978 „Čtyři modernizace“, čímž se rozešel s komunistickou ortodoxií a otevřel Čínu kapitalismu pod dohledem Strany.","[""Teng Siao-pching"", ""Mao Ce-tung"", ""Si Ťin-pching"", ""Zhou Enlai""]",0,,,,,,
course_202_la_rivalite_chine_etats_unis,course_202_la_rivalite_chine_etats_unis_q2,numericSlider,Ve kterém roce Čína zahájila reformy hospodářského otevření?,"Teng Siao-pching zahájil reformy otevírání v roce 1978, zlomový bod, který proměnil Čínu v „továrnu světa“.",,,,1978.0,1960.0,2000.0,3.0,
course_202_la_rivalite_chine_etats_unis,course_202_la_rivalite_chine_etats_unis_q3,mcq,Které město se stane symbolem zvláštních ekonomických zón Číny?,"Shenzhen se stává symbolem zvláštních ekonomických zón, přitahujících zahraniční společnosti daňovými výhodami a levnou pracovní silou.","[""Shenzhen"", ""Šanghaj"", ""Peking"", ""Kanton""]",0,,,,,,
course_202_la_rivalite_chine_etats_unis,course_202_la_rivalite_chine_etats_unis_q4,numericSlider,Přibližně kolik miliard dolarů amerického dluhu drží Čína?,"Čína drží americký dluh ve výši 800 miliard dolarů, což znamená, že tvrdý zlom je pro obě ekonomiky zničující.",,,,800.0,0.0,2000.0,150.0,miliard dolarů
course_202_la_rivalite_chine_etats_unis,course_202_la_rivalite_chine_etats_unis_q5,numericSlider,Ve kterém roce Čína předstihla Japonsko a stala se druhou největší ekonomikou světa?,"Čína předstihla Japonsko v roce 2010 a stala se druhou největší světovou ekonomikou, devět let po vstupu do Světové obchodní organizace.",,,,2010.0,1990.0,2020.0,3.0,
course_202_la_rivalite_chine_etats_unis,course_202_la_rivalite_chine_etats_unis_q6,mcq,Jaká technologie je jádrem „oddělení“ mezi Washingtonem a Pekingem?,"Američané se snaží izolovat Čínu od polovodičů, těchto čipů nezbytných pro umělou inteligenci a moderní zbraně.","[""Polovodiče"", ""Elektrický automobil"", ""Vzácné zeminy"", ""Jaderná energie""]",0,,,,,,
course_202_la_rivalite_chine_etats_unis,course_202_la_rivalite_chine_etats_unis_q7,trueFalse,"Pravda nebo lež: Americké restrikce vůči Huawei a TikTok končí poté, co Donald Trump opustí prezidentský úřad.","Tato restriktivní politika vůči čínským společnostem pokračuje i po Trumpově odchodu, což je důkazem, že rivalita přesahuje americké politické rozdělení.","[""Pravda"", ""Nepravda""]",1,,,,,,
course_202_la_rivalite_chine_etats_unis,course_202_la_rivalite_chine_etats_unis_q8,mcq,Který projekt umožňuje Číně vybudovat síť vlivu ve více než 140 zemích?,"Si Ťin-pching zavádí Nové hedvábné stezky, investiční projekt ve více než 140 zemích, který zajišťuje čínské dodávky.","[""Nové hedvábné stezky"", ""BRICS"", ""OPEC+"", ""Světová obchodní organizace""]",0,,,,,,
course_202_la_rivalite_chine_etats_unis,course_202_la_rivalite_chine_etats_unis_q9,chronological,Seřaďte tyto fáze rivality mezi Čínou a Spojenými státy v chronologickém pořadí.,Od roku 1978 do obchodní války z Trumpovy éry tyto milníky ukazují postupnou transformaci Číny v systémového rivala Spojených států.,,,"[""Teng Siao-pching zahajuje otevírací reformy"", ""Vstup Číny do Světové obchodní organizace"", ""Čína se stává druhou největší ekonomikou světa"", ""Uvalení masivních amerických cel na čínské produkty""]",,,,,
course_203_les_tensions_autour_de_taiwan,course_203_les_tensions_autour_de_taiwan_q1,mcq,"Kdo vedl kuomintangské nacionalisty, kteří se v roce 1949 uchýlili na Tchaj-wan?","Čankajšek vedl kuomintangské nacionalisty rozdrcené vítězstvím komunistů, kteří se v roce 1949 uchýlili na ostrov Tchaj-wan.","[""Čankajšek"", ""Mao Ce-tung"", ""Teng Siao-pching"", ""Sun Yat-sen""]",0,,,,,,
course_203_les_tensions_autour_de_taiwan,course_203_les_tensions_autour_de_taiwan_q2,numericSlider,Kolik milionů lidí má Tchaj-wan?,"Tchaj-wan má kolem 23 milionů obyvatel, což je populace, která se musí vypořádat s diplomatickou izolací ostrova.",,,,23.0,5.0,60.0,5.0,milionů obyvatel
course_203_les_tensions_autour_de_taiwan,course_203_les_tensions_autour_de_taiwan_q3,mcq,Co ztratil Tchaj-wan v roce 1971 ve prospěch Pekingu?,"V roce 1971 OSN zbavila Taipei svého sídla jako legitimního zástupce Číny a dala ho Pekingu, čímž ostrov diplomaticky izolovala.","[""Její sídlo v OSN"", ""Jeho americká vojenská podpora"", ""Jeho diplomatické uznání Spojenými státy"", ""Jeho oficiální nezávislost""]",0,,,,,,
course_203_les_tensions_autour_de_taiwan,course_203_les_tensions_autour_de_taiwan_q4,numericSlider,Ve kterém roce byla TSMC založena na Tchaj-wanu?,TSMC se zrodilo v roce 1987 a stalo se srdcem globálního polovodičového průmyslu.,,,,1987.0,1970.0,2010.0,3.0,
course_203_les_tensions_autour_de_taiwan,course_203_les_tensions_autour_de_taiwan_q5,percentageSlider,Kolik z nejpokročilejších elektronických čipů na světě vyrábí TSMC?,TSMC vyrábí více než 90 % nejpokročilejších elektronických čipů na světě a vytváří tak skutečný „křemíkový štít“.,,,,90.0,0.0,100.0,8.0,%
course_203_les_tensions_autour_de_taiwan,course_203_les_tensions_autour_de_taiwan_q6,mcq,"Co se stalo na Tchaj-wanu v roce 1996, což znamenalo rozchod s čínským autoritářským modelem?",V roce 1996 se na Tchaj-wanu konaly první volby přímým všeobecným hlasováním a stal se tak jednou z nejliberálnějších demokracií v Asii.,"[""První volby přímým všeobecným hlasováním"", ""Oficiální prohlášení nezávislosti"", ""Založení TSMC"", ""Ztráta křesla v OSN""]",0,,,,,,
course_203_les_tensions_autour_de_taiwan,course_203_les_tensions_autour_de_taiwan_q7,trueFalse,Pravda nebo lež: Spojené státy oficiálně uznávají Tchaj-wan jako nezávislý stát.,"Spojené státy oficiálně uznávají Peking, ale praktikují strategickou nejednoznačnost, která jim nicméně umožňuje vyzbrojit Tchaj-wan.","[""Pravda"", ""Nepravda""]",1,,,,,,
course_203_les_tensions_autour_de_taiwan,course_203_les_tensions_autour_de_taiwan_q8,mcq,"Jak říkáte americké politice, která nikdy nespecifikuje, zda by Spojené státy v případě útoku Tchaj-wan vojensky bránily?","Od roku 1979 Spojené státy praktikují strategickou nejednoznačnost: vyzbrojují Tchaj-wan, aniž by kdy potvrdily přímou vojenskou intervenci.","[""Strategická nejednoznačnost"", ""Monroeova doktrína"", ""Kontejnment"", ""Diplomacie pandy""]",0,,,,,,
course_203_les_tensions_autour_de_taiwan,course_203_les_tensions_autour_de_taiwan_q9,chronological,Seřaďte tyto události v historii Tchaj-wanu v chronologickém pořadí.,Od porážky Kuomintangu po první demokratické volby si Tchaj-wan během půl století vybudoval identitu odlišnou od pevninské Číny.,,,"[""Stažení nacionalistů z Kuomintangu na ostrově Tchaj-wan"", ""Čínská centrála při OSN přemístěna do Pekingu"", ""Založení TSMC"", ""První volby na Tchaj-wanu v přímých všeobecných volbách""]",,,,,
course_204_le_concept_de_monde_multipolaire,course_204_le_concept_de_monde_multipolaire_q1,mcq,Jaký termín označuje období téměř výlučné globální nadvlády Spojených států po roce 1991?,"Redaktor Krauthammer hovoří o „unipolárním okamžiku“, aby popsal americkou nadvládu bez věrohodného protivníka po pádu SSSR.","[""Unipolární moment"", ""Bipolární řád"", ""Konec příběhu"", ""Nový světový řád""]",0,,,,,,
course_204_le_concept_de_monde_multipolaire,course_204_le_concept_de_monde_multipolaire_q2,numericSlider,Kolik let přibližně byly mezinárodní vztahy ovládány bipolaritou studené války?,Bipolarita trvala téměř 45 let a stála proti bloku NATO a SSSR až do pádu SSSR v roce 1991.,,,,45.0,20.0,70.0,8.0,let
course_204_le_concept_de_monde_multipolaire,course_204_le_concept_de_monde_multipolaire_q3,mcq,Kdo teoretizuje americký „unipolární moment“?,Americký publicista Krauthammer používá výraz „unipolární moment“ k popisu americké nadvlády po roce 1991.,"[""Krauthammer"", ""Kissinger"", ""Fukuyama"", ""Huntington""]",0,,,,,,
course_204_le_concept_de_monde_multipolaire,course_204_le_concept_de_monde_multipolaire_q4,numericSlider,Ve kterém roce pád SSSR ukončil bipolární rovnováhu studené války?,SSSR se zhroutil v roce 1991 a připravil půdu pro unipolární moment Ameriky.,,,,1991.0,1970.0,2010.0,3.0,
course_204_le_concept_de_monde_multipolaire,course_204_le_concept_de_monde_multipolaire_q5,trueFalse,Pravda nebo lež: americký „unipolární okamžik“ trvá déle než třicet let.,"Unipolární moment, který se nachází mezi lety 1991 a 2008, byl jedním z nejkratších impérií v historii, před výzvou Číny a Ruska.","[""Pravda"", ""Nepravda""]",1,,,,,,
course_204_le_concept_de_monde_multipolaire,course_204_le_concept_de_monde_multipolaire_q6,mcq,Jaký projekt umožňuje Číně utkat obrovskou síť vlivu po celém světě?,"Prostřednictvím Nových hedvábných stezek Peking masivně investuje v zahraničí, aby vybudoval alternativní síť vlivu na Západ.","[""Nové hedvábné stezky"", ""BRICS"", ""G7"", ""Světová obchodní organizace""]",0,,,,,,
course_204_le_concept_de_monde_multipolaire,course_204_le_concept_de_monde_multipolaire_q7,mcq,"Která organizace sdružuje Čínu, Rusko, Indii a další rozvíjející se mocnosti, aby ovlivnily G7?","BRICS umožňuje rozvíjejícím se mocnostem, aby se v mezinárodních vztazích společně vyrovnaly zemím G7.","[""BRICS"", ""NATO"", ""OSN"", ""Evropská unie""]",0,,,,,,
course_204_le_concept_de_monde_multipolaire,course_204_le_concept_de_monde_multipolaire_q8,mcq,"Co nazýváme koncentrací ekonomických výměn mezi zeměmi sdílejícími stejné zájmy, příznakem selektivní deglobalizace?","„Friend-shoring“ označuje tuto koncentraci výměn mezi spojenci, formu selektivní deglobalizace zrozené z multipolárního napětí.","[""Friend-shoring"", ""Kompletní volný obchod"", ""Klasická globalizace"", ""Totální protekcionismus""]",0,,,,,,
course_204_le_concept_de_monde_multipolaire,course_204_le_concept_de_monde_multipolaire_q9,chronological,Seřaďte tyto fáze pochodu směrem k multipolárnímu světu v chronologickém pořadí.,Od rovnováhy studené války k vzestupu BRICS se světový řád během několika desetiletí posunul od rigidní bipolarity k nejisté multipolaritě.,,,"[""Bipolární rovnováha studené války"", ""Americký unipolární moment po pádu SSSR"", ""Čínský ekonomický vzestup"", ""Afirmace BRICS vůči G7""]",,,,,
course_205_le_petrole_comme_source_de_conflits,course_205_le_petrole_comme_source_de_conflits_q1,numericSlider,Ve kterém roce provedl inženýr Edwin Drake první komerční ropný vrt v Pensylvánii?,"Edwin Drake provedl první komerční vrt v roce 1859, čímž zahájil éru průmyslové ropy.",,,,1859.0,1800.0,1900.0,5.0,
course_205_le_petrole_comme_source_de_conflits,course_205_le_petrole_comme_source_de_conflits_q2,mcq,"Jak se jmenuje skupina západních společností, které ovládaly blízkovýchodní ropu před OPEC?",„Sedm sester“ uvalilo nevýhodné smlouvy na producentské země po celá desetiletí a udržovalo kontrolu nad cenami.,"[""Sedm sester"", ""OPEC+"", ""Čtyři draci"", ""Bagdádský kartel""]",0,,,,,,
course_205_le_petrole_comme_source_de_conflits,course_205_le_petrole_comme_source_de_conflits_q3,numericSlider,Ve kterém roce založilo pět producentských zemí OPEC v Bagdádu?,"OPEC byl založen v roce 1960 v Bagdádu, aby umožnil producentským zemím znovu získat kontrolu nad svými zdroji.",,,,1960.0,1940.0,1980.0,3.0,
course_205_le_petrole_comme_source_de_conflits,course_205_le_petrole_comme_source_de_conflits_q4,numericSlider,O kolik se cena barelu znásobila během ropné krize v roce 1973 za šest měsíců?,Během arabského embarga v roce 1973 se cena barelu během pouhých šesti měsíců zčtyřnásobila.,,,,4.0,1.0,10.0,1.0,krát
course_205_le_petrole_comme_source_de_conflits,course_205_le_petrole_comme_source_de_conflits_q5,trueFalse,Pravda nebo lež: ropné embargo z roku 1973 bylo nařízeno arabskými zeměmi OPEC proti spojencům Izraele.,"Uprostřed Jomkipurské války vyhlásily arabské země OPEC embargo na izraelské spojence, čímž se cena barelu zčtyřnásobila.","[""Pravda"", ""Nepravda""]",0,,,,,,
course_205_le_petrole_comme_source_de_conflits,course_205_le_petrole_comme_source_de_conflits_q6,mcq,"Kdo se pokusil znárodnit britské ropné společnosti v Íránu v roce 1951, než byl svržen převratem?","Íránský premiér Mohammad Mossadegh znárodnil britské ropné společnosti v roce 1951, než byl v roce 1953 svržen.","[""Mohammad Mossadegh"", ""Íránský šáh"", ""Ajatolláh Chomejní"", ""Saddám Husajn""]",0,,,,,,
course_205_le_petrole_comme_source_de_conflits,course_205_le_petrole_comme_source_de_conflits_q7,mcq,Která země byla napadena Irákem v roce 1990 a přímo ohrožovala globální trh s ropou?,Irácká invaze do Kuvajtu v roce 1990 ohrozila obrovský podíl světových zásob a v roce 1991 vyvolala válku v Zálivu.,"[""Kuvajt"", ""Saúdská Arábie"", ""Írán"", ""Sýrie""]",0,,,,,,
course_205_le_petrole_comme_source_de_conflits,course_205_le_petrole_comme_source_de_conflits_q8,mcq,"Jaká technologie umožňuje, aby se Spojené státy v roce 2010 staly velmi velkým producentem ropy?",Spojené státy díky hydraulickému štěpení masivně těží ropu z břidlic a snižují tak svou závislost na Blízkém východě.,"[""Hydraulické štěpení"", ""Hlubinné vrtání"", ""Jaderná energie"", ""Sluneční""]",0,,,,,,
course_205_le_petrole_comme_source_de_conflits,course_205_le_petrole_comme_source_de_conflits_q9,chronological,Seřaďte tyto události v historii ropy jako zdroj konfliktu v chronologickém pořadí.,Od prvního komerčního vrtu až po invazi do Kuvajtu vytváří ropa více než století geopolitického soupeření.,,,"[""První komerční ropný vrt v Pensylvánii"", ""Založení OPEC v Bagdádu"", ""Ropný šok během Jomkipurské války"", ""Irácká invaze do Kuvajtu""]",,,,,
course_206_le_canal_de_suez_pourquoi_il_est_strateg,course_206_le_canal_de_suez_pourquoi_il_est_strateg_q1,numericSlider,Jak dlouhý je Suezský průplav v kilometrech?,Suezský průplav se táhne 193 kilometrů a spojuje Středozemní moře s Rudým mořem.,,,,193.0,100.0,300.0,20.0,km
course_206_le_canal_de_suez_pourquoi_il_est_strateg,course_206_le_canal_de_suez_pourquoi_il_est_strateg_q2,numericSlider,Ve kterém roce byl slavnostně otevřen Suezský průplav?,"Suezský průplav byl slavnostně otevřen v roce 1869, po deseti letech práce prováděné pod vedením Ferdinanda de Lesseps.",,,,1869.0,1800.0,1900.0,5.0,
course_206_le_canal_de_suez_pourquoi_il_est_strateg,course_206_le_canal_de_suez_pourquoi_il_est_strateg_q3,mcq,Kdo vede vrtání v Suezském průplavu?,Francouzský inženýr Ferdinand de Lesseps vedl vrtání Suezské šíje v letech 1859 až 1869.,"[""Ferdinand de Lesseps"", ""Gamal Abdel Nasser"", ""Muhammad Ali"", ""Thomas Cook""]",0,,,,,,
course_206_le_canal_de_suez_pourquoi_il_est_strateg,course_206_le_canal_de_suez_pourquoi_il_est_strateg_q4,numericSlider,Ve kterém roce egyptský prezident Násir znárodnil Suezský průplav?,"Násir znárodnil společnost kanálu 26. července 1956, což vyvolalo Suezskou krizi.",,,,1956.0,1930.0,1980.0,3.0,
course_206_le_canal_de_suez_pourquoi_il_est_strateg,course_206_le_canal_de_suez_pourquoi_il_est_strateg_q5,trueFalse,Pravda nebo lež: Suezská krize v roce 1956 skončila ponižujícím stažením Francie a Spojeného království pod tlakem Spojených států.,Pod tlakem amerického prezidenta Eisenhowera byly Francie a Spojené království donuceny k potupnému stažení a posvětily Násirův triumf.,"[""Pravda"", ""Nepravda""]",0,,,,,,
course_206_le_canal_de_suez_pourquoi_il_est_strateg,course_206_le_canal_de_suez_pourquoi_il_est_strateg_q6,percentageSlider,Jaká část světového obchodu dnes prochází Suezským průplavem?,Suezským průplavem prochází každý rok kolem 12 % celosvětového obchodu.,,,,12.0,0.0,100.0,5.0,%
course_206_le_canal_de_suez_pourquoi_il_est_strateg,course_206_le_canal_de_suez_pourquoi_il_est_strateg_q7,mcq,Která obří kontejnerová loď blokuje Suezský průplav v březnu 2021?,Obří kontejnerová loď Ever Given najela na mělčinu přes kanál v březnu 2021 a zablokovala veškerou dopravu.,"[""The Ever Given"", ""Titanic"", ""Costa Concordia"", ""Královna Marie""]",0,,,,,,
course_206_le_canal_de_suez_pourquoi_il_est_strateg,course_206_le_canal_de_suez_pourquoi_il_est_strateg_q8,numericSlider,Kolik dní bude Ever Given blokovat Suezský průplav v roce 2021?,Ever Given zablokoval kanál na šest dní a způsobil dopravní zácpu více než 400 lodí.,,,,6.0,1.0,20.0,2.0,dny
course_206_le_canal_de_suez_pourquoi_il_est_strateg,course_206_le_canal_de_suez_pourquoi_il_est_strateg_q9,mcq,Která skupina útočí na komerční lodní dopravu v Rudém moři z Jemenu v letech 2023 až 2024 a vynucuje si diverze přes jižní Afriku?,Raketové útoky Houthi z Jemenu nutí mnoho majitelů lodí přesměrovat své flotily přes jižní Afriku.,"[""Húsíové"", ""Al-Káida"", ""Muslimské bratrstvo"", ""Hizballáh""]",0,,,,,,
course_206_le_canal_de_suez_pourquoi_il_est_strateg,course_206_le_canal_de_suez_pourquoi_il_est_strateg_q10,chronological,Seřaďte tyto události v historii Suezského průplavu v chronologickém pořadí.,Od své koloniální inaugurace až po útoky Houthiů zůstává Suezský průplav barometrem globální rovnováhy sil.,,,"[""Inaugurace Suezského průplavu"", ""Znárodnění kanálu Násirem"", ""Zablokování kanálu kontejnerovou lodí Ever Given"", ""Houthi útočí na lodě v Rudém moři""]",,,,,
course_207_l_otan_a_quoi_ca_sert_encore,course_207_l_otan_a_quoi_ca_sert_encore_q1,numericSlider,Ve kterém roce bylo založeno NATO?,"NATO se oficiálně zrodilo 4. dubna 1949, uprostřed studené války.",,,,1949.0,1930.0,1970.0,3.0,
course_207_l_otan_a_quoi_ca_sert_encore,course_207_l_otan_a_quoi_ca_sert_encore_q2,numericSlider,Kolik zemí podepsalo Severoatlantickou smlouvu v roce 1949?,"Dvanáct zemí podepsalo ve Washingtonu v roce 1949 Severoatlantickou smlouvu, která založila NATO.",,,,12.0,1.0,30.0,2.0,země
course_207_l_otan_a_quoi_ca_sert_encore,course_207_l_otan_a_quoi_ca_sert_encore_q3,mcq,Který článek smlouvy NATO stanoví princip kolektivní obrany?,"Článek 5 stanoví, že útok na jednoho člena je považován za útok na všechny, odstrašující jakoukoli sovětskou ofenzívu během studené války.","[""článek 5"", ""článek 1"", ""Oddíl 10"", ""Článek 51""]",0,,,,,,
course_207_l_otan_a_quoi_ca_sert_encore,course_207_l_otan_a_quoi_ca_sert_encore_q4,trueFalse,"Pravda nebo lež: Island, člen NATO, nemá stálou armádu.","Island je jedinou členskou zemí NATO bez stálé armády: jeho příspěvek je založen na radarech, pobřežních strážích a příjmu spojeneckých letadel.","[""Pravda"", ""Nepravda""]",0,,,,,,
course_207_l_otan_a_quoi_ca_sert_encore,course_207_l_otan_a_quoi_ca_sert_encore_q5,mcq,Která válka donutila NATO v roce 1999 poprvé intervenovat mimo své území?,Válka v Kosovu v roce 1999 znamenala začátek intervencí NATO mimo jeho domovské území.,"[""Kosovská válka"", ""Válka v Zálivu"", ""Válka v Afghánistánu"", ""Bosenská válka""]",0,,,,,,
course_207_l_otan_a_quoi_ca_sert_encore,course_207_l_otan_a_quoi_ca_sert_encore_q6,numericSlider,Ve kterém roce Rusko napadlo Ukrajinu a přimělo NATO k návratu ke své misi územní obrany?,Ruská invaze na Ukrajinu v roce 2022 ukončuje jakoukoli nejistotu ohledně užitečnosti NATO.,,,,2022.0,2000.0,2024.0,2.0,
course_207_l_otan_a_quoi_ca_sert_encore,course_207_l_otan_a_quoi_ca_sert_encore_q7,mcq,Které dvě dlouhodobě neutrální země vstoupí do NATO po invazi na Ukrajinu v roce 2022?,"Šok z invaze tlačí Finsko, které se k alianci připojí v roce 2023, a Švédsko v roce 2024, aby opustily svou historickou neutralitu.","[""Finsko a Švédsko"", ""Polsko a Maďarsko"", ""Ukrajina a Gruzie"", ""Rakousko a Švýcarsko""]",0,,,,,,
course_207_l_otan_a_quoi_ca_sert_encore,course_207_l_otan_a_quoi_ca_sert_encore_q8,numericSlider,Kolik členů má dnes NATO?,"NATO má nyní 32 členů oproti 12, když bylo založeno v roce 1949.",,,,32.0,10.0,50.0,3.0,členů
course_207_l_otan_a_quoi_ca_sert_encore,course_207_l_otan_a_quoi_ca_sert_encore_q9,chronological,Seřaďte tyto etapy historie NATO v chronologickém pořadí.,Od svého založení proti SSSR až po přistoupení Finska a Švédska se NATO nadále rozšiřovalo a znovu objevovalo.,,,"[""Podpis Severoatlantické smlouvy ve Washingtonu"", ""Intervence NATO během války v Kosovu"", ""Vstup pobaltských států do NATO"", ""Přistoupení Finska a Švédska""]",,,,,
course_208_l_onu_puissante_ou_impuissante,course_208_l_onu_puissante_ou_impuissante_q1,numericSlider,Ve kterém roce byla založena OSN?,"OSN byla založena v roce 1945, v popelu druhé světové války, aby nahradila sílu zákonem.",,,,1945.0,1920.0,1970.0,3.0,
course_208_l_onu_puissante_ou_impuissante,course_208_l_onu_puissante_ou_impuissante_q2,numericSlider,Kolik členů má Rada bezpečnosti OSN?,"Rada bezpečnosti má patnáct členů, ale pouze pět z nich má právo veta.",,,,15.0,5.0,30.0,2.0,členů
course_208_l_onu_puissante_ou_impuissante,course_208_l_onu_puissante_ou_impuissante_q3,mcq,"Které dvě země mají vedle Spojených států, Ruska a Číny právo veta v Radě bezpečnosti?","Pět stálých členů s právem veta jsou Spojené státy, Rusko, Čína, Francie a Spojené království.","[""Francie a Spojené království"", ""Německo a Japonsko"", ""Indie a Brazílie"", ""Španělsko a Itálie""]",0,,,,,,
course_208_l_onu_puissante_ou_impuissante,course_208_l_onu_puissante_ou_impuissante_q4,mcq,Která nemoc byla vymýcena v roce 1980 díky specializované agentuře OSN?,"Vymýcení pravých neštovic v roce 1980, koordinované Světovou zdravotnickou organizací, je jedním z největších úspěchů v historii lidstva.","[""Neštovice"", ""Poliomyelitida"", ""Spalničky"", ""Tuberkulóza""]",0,,,,,,
course_208_l_onu_puissante_ou_impuissante,course_208_l_onu_puissante_ou_impuissante_q5,numericSlider,Přibližně kolik milionů lidí ročně nakrmí Světový potravinový program?,Světový potravinový program každoročně nasytí téměř 100 milionů lidí postižených hladomorem.,,,,100.0,10.0,300.0,20.0,milionů lidí
course_208_l_onu_puissante_ou_impuissante,course_208_l_onu_puissante_ou_impuissante_q6,trueFalse,Pravda nebo lež: posláním mírových sil OSN je vést válku proti válčícím stranám.,"Posláním Modrých přileb není vést válku, ale zasahovat mezi válčícími stranami po příměří.","[""Pravda"", ""Nepravda""]",1,,,,,,
course_208_l_onu_puissante_ou_impuissante,course_208_l_onu_puissante_ou_impuissante_q7,mcq,Jaký princip brání OSN zasahovat do vnitřních záležitostí státu?,"Princip národní suverenity chrání před svévolným zasahováním, ale také někdy slouží jako štít proti diktaturám.","[""národní suverenita"", ""Právo veta"", ""Diplomatická neutralita"", ""Mezinárodní humanitární právo""]",0,,,,,,
course_208_l_onu_puissante_ou_impuissante,course_208_l_onu_puissante_ou_impuissante_q8,numericSlider,Ve kterém roce se objevil koncept „odpovědnosti za ochranu“ (R2P)?,"Koncept odpovědnosti za ochranu se objevil v roce 2005, aby zaplnil mezeru, kterou po sobě zanechal princip národní suverenity.",,,,2005.0,1990.0,2020.0,3.0,
course_208_l_onu_puissante_ou_impuissante,course_208_l_onu_puissante_ou_impuissante_q9,trueFalse,Pravda nebo lež: právo veta stálých členů bylo od roku 1945 použito více než 300krát.,"Veto bylo od roku 1945 použito více než 300krát, což pravidelně blokovalo akce v konfliktech přímo týkajících se hlavních mocností.","[""Pravda"", ""Nepravda""]",0,,,,,,
course_208_l_onu_puissante_ou_impuissante,course_208_l_onu_puissante_ou_impuissante_q10,chronological,Seřaďte tyto události v historii OSN v chronologickém pořadí.,"Od názvu vymyšleného Rooseveltem až po zdání odpovědnosti chránit, tyto milníky ukazují úspěchy a limity instituce.",,,"[""Franklin Roosevelt vynalezl název „United Nations“"", ""Nadace Organizace spojených národů"", ""Vymýcení pravých neštovic díky Světové zdravotnické organizaci"", ""Vzhled konceptu odpovědnosti chránit""]",,,,,
course_209_la_russie_de_poutine,course_209_la_russie_de_poutine_q1,numericSlider,Ve kterém roce byl Vladimir Putin poprvé zvolen prezidentem Ruska?,"Vladimir Putin byl zvolen prezidentem v březnu 2000 poté, co sloužil jako prozatímní prezident od rezignace Borise Jelcina.",,,,2000.0,1990.0,2010.0,2.0,
course_209_la_russie_de_poutine,course_209_la_russie_de_poutine_q2,mcq,"Ve kterých tajných službách dělal Vladimir Putin kariéru, než vstoupil do politiky?","Putin, bývalý důstojník KGB a poté FSB, si uřízl zuby v Petrohradě, než se připojil k moskevskému doprovodu Borise Jelcina.","[""KGB pak FSB"", ""Rudá armáda"", ""Komunistická strana"", ""Sovětská diplomacie""]",0,,,,,,
course_209_la_russie_de_poutine,course_209_la_russie_de_poutine_q3,numericSlider,O kolik se ruský HDP znásobil v letech 1999 až 2008 v důsledku prudkého nárůstu cen ropy?,"Ruský HDP, poháněný prudce rostoucími cenami ropy, vzrostl v letech 1999 až 2008 osminásobně.",,,,8.0,1.0,20.0,2.0,krát
course_209_la_russie_de_poutine,course_209_la_russie_de_poutine_q4,mcq,"Který oligarcha, šéf velké ropné společnosti, byl zatčen v roce 2003, což je signál, že se oligarchové vyrovnávají?",Zatčení Michaila Chodorkovského v roce 2003 znamená začátek domestikace oligarchů Putinovou mocí.,"[""Michail Chodorkovskij"", ""Roman Abramovič"", ""Boris Jelcin"", ""Alexej Navalnyj""]",0,,,,,,
course_209_la_russie_de_poutine,course_209_la_russie_de_poutine_q5,trueFalse,Pravda nebo lež: protivník Alexej Navalnyj umírá v trestanecké kolonii v únoru 2024.,Po otravě v roce 2020 a uvěznění po návratu do Ruska Alexej Navalnyj zemřel v trestanecké kolonii v únoru 2024.,"[""Pravda"", ""Nepravda""]",0,,,,,,
course_209_la_russie_de_poutine,course_209_la_russie_de_poutine_q6,mcq,"Jak se nazývají představitelé silových struktur, jako je armáda nebo tajné služby, kteří dominují ruské administrativě?","Siloviki zaujímají klíčové pozice v administrativě a velkých veřejných společnostech, spojují bezpečnostní a finanční zájmy.","[""Siloviki"", ""Oligarchové"", ""Aparátčikové"", ""Bojaři""]",0,,,,,,
course_209_la_russie_de_poutine,course_209_la_russie_de_poutine_q7,numericSlider,Ve kterém roce Rusko nelegálně anektovalo Krym?,"Rusko nezákonně anektovalo Krym v roce 2014 a podporovalo ozbrojené povstání na Donbasu, což znamenalo návrat územní války v Evropě.",,,,2014.0,2000.0,2024.0,2.0,
course_209_la_russie_de_poutine,course_209_la_russie_de_poutine_q8,numericSlider,Do kterého roku ústavní reforma z roku 2020 teoreticky umožňuje Putinovi zůstat prezidentem?,Ústavní reforma z roku 2020 teoreticky umožňuje Putinovi zůstat prezidentem až do roku 2036.,,,,2036.0,2020.0,2045.0,3.0,
course_209_la_russie_de_poutine,course_209_la_russie_de_poutine_q9,chronological,Seřaďte tyto fáze vlády Vladimira Putina chronologicky.,Od jeho zvolení po invazi na Ukrajinu toto čtvrtstoletí ukazuje postupnou přeměnu Ruska ve válečný autoritářský režim.,,,"[""Putin se stává prezidentem Ruska"", ""Zatčení oligarchy Michaila Chodorkovského"", ""Anexe Krymu"", ""Totální invaze na Ukrajinu""]",,,,,
course_20_hiroshima_et_nagasaki_1945,course_20_hiroshima_et_nagasaki_1945_q1,mcq,"Který americký projekt, zahájený v roce 1942, vyvinul první atomovou bombu?","Projekt Manhattan, zahájený v roce 1942, mobilizoval přibližně 130 000 lidí a 2 miliardy dolarů na vývoj atomové bomby.","[""Projekt Manhattan"", ""Operace Overlord"", ""Projekt Trinity"", ""Operační případ modrý""]",0,,,,,,
course_20_hiroshima_et_nagasaki_1945,course_20_hiroshima_et_nagasaki_1945_q2,mcq,"Který test, provedený 16. července 1945 v poušti Nového Mexika, poprvé potvrdil atomovou bombu?","Test Trinity, 16. července 1945, byl prvním jaderným výbuchem v historii a potvrdil, že bomba fungovala.","[""Test Trojice"", ""Test malého chlapce"", ""Test Fat Man"", ""Test na Manhattanu""]",0,,,,,,
course_20_hiroshima_et_nagasaki_1945,course_20_hiroshima_et_nagasaki_1945_q3,mcq,Který bombardér shodil 6. srpna 1945 bombu „Little Boy“ na Hirošimu?,Enola Gay shodil Little Boy na Hirošimu 6. srpna 1945 v 8:15 ráno.,"[""Enola Gay"", ""Bockscar"", ""Memphis Belle"", ""Duch svatého Ludvíka""]",0,,,,,,
course_20_hiroshima_et_nagasaki_1945,course_20_hiroshima_et_nagasaki_1945_q4,trueFalse,Pravda nebo lež: Nagasaki bylo od začátku plánovaným cílem pro druhou atomovou bombu.,"Bockscar původně zamířil na město Kokura, ale mraky mu zabránily shodit bombu a poslat ji zpět do Nagasaki.","[""Pravda"", ""Nepravda""]",1,,,,,,
course_20_hiroshima_et_nagasaki_1945,course_20_hiroshima_et_nagasaki_1945_q5,mcq,"Která země vstoupila do války proti Japonsku ve stejný den jako bombardování Nagasaki, 9. srpna 1945?",Sovětský vstup do války proti Japonsku 9. srpna 1945 zničil naději na zprostředkování ze strany Moskvy.,"[""SSSR"", ""Čína"", ""Spojené království"", ""Francie""]",0,,,,,,
course_20_hiroshima_et_nagasaki_1945,course_20_hiroshima_et_nagasaki_1945_q6,numericSlider,Kolik dní dělí bombardování Hirošimy od bombardování Nagasaki?,"Hirošima byla bombardována 6. srpna 1945, Nagasaki o tři dny později, 9. srpna.",,,,3.0,0.0,14.0,1.0,dny
course_20_hiroshima_et_nagasaki_1945,course_20_hiroshima_et_nagasaki_1945_q7,mcq,Kdo oznámil kapitulaci Japonska v rádiu 15. srpna 1945?,V historickém projevu oznámil císař Hirohito 15. srpna 1945 japonskou kapitulaci.,"[""Císař Hirohito"", ""Generál Douglas MacArthur"", ""Robert Oppenheimer"", ""prezident Harry Truman""]",0,,,,,,
course_20_hiroshima_et_nagasaki_1945,course_20_hiroshima_et_nagasaki_1945_q8,mcq,"Jak se nazývají Japonci, kteří přežili atomové bomby?","Hibakusha, přeživší, nesou fyzické následky a etická debata, která trvá dodnes.","[""Hibakusha"", ""Kamikadze"", ""Zaibatsu"", ""Šógunové""]",0,,,,,,
course_20_hiroshima_et_nagasaki_1945,course_20_hiroshima_et_nagasaki_1945_q9,chronological,Seřaďte tyto události roku 1945 chronologicky.,Během jednoho měsíce se lidstvo dostane od prvního úspěšného jaderného testu do konce druhé světové války v Asii.,,,"[""Úspěšný jaderný test Trinity"", ""Bombardování Hirošimy"", ""Bombardování Nagasaki a vstup do války SSSR"", ""Hirohito oznámil japonskou kapitulaci""]",,,,,
course_210_la_guerre_en_ukraine_expliquee,course_210_la_guerre_en_ukraine_expliquee_q1,numericSlider,"Ve kterém roce se Ukrajina osamostatnila, když se rozpadl SSSR?","Ukrajina se stala suverénním státem v roce 1991, po rozpadu SSSR.",,,,1991.0,1970.0,2010.0,3.0,
course_210_la_guerre_en_ukraine_expliquee,course_210_la_guerre_en_ukraine_expliquee_q2,numericSlider,Ve kterém roce Ukrajina podepsala Budapešťské memorandum a vyměnila svůj jaderný arzenál za záruky územní celistvosti?,Budapešťským memorandem z roku 1994 byla Ukrajina odzbrojena výměnou za záruky územní celistvosti.,,,,1994.0,1985.0,2005.0,2.0,
course_210_la_guerre_en_ukraine_expliquee,course_210_la_guerre_en_ukraine_expliquee_q3,mcq,Jaká událost v roce 2014 svrhla proruského prezidenta a vyvolala ruskou anexi Krymu?,Revoluce na Majdanu svrhla v roce 2014 proruského prezidenta; v reakci na to Rusko nezákonně anektuje Krym.,"[""Revoluce na Majdanu"", ""Budapešťské memorandum"", ""Pád SSSR"", ""Válka na Donbasu""]",0,,,,,,
course_210_la_guerre_en_ukraine_expliquee,course_210_la_guerre_en_ukraine_expliquee_q4,numericSlider,Ve kterém roce Rusko zahájilo svou totální invazi na Ukrajinu?,"Rusko zahájí svou rozsáhlou invazi 24. února 2022, čímž spustí největší konflikt v Evropě od roku 1945.",,,,2022.0,2010.0,2024.0,1.0,
course_210_la_guerre_en_ukraine_expliquee,course_210_la_guerre_en_ukraine_expliquee_q5,trueFalse,Pravda nebo lež: Ruské armádě se v prvních týdnech invaze podaří dobýt Kyjev a svrhnout ukrajinskou vládu.,"Bitva o Kyjev skončila zdrcujícím ruským neúspěchem na jaře 2022, což donutilo Moskvu stáhnout své jednotky ze severu.","[""Pravda"", ""Nepravda""]",1,,,,,,
course_210_la_guerre_en_ukraine_expliquee,course_210_la_guerre_en_ukraine_expliquee_q6,mcq,"Co odpověděl Volodymyr Zelenskyj, když mu Spojené státy na začátku invaze nabídly evakuaci?","Zelenskyj odmítá evakuaci a prohlásil: „Potřebuji munici, ne taxík“, čímž se stal symbolem národa, který se odmítá vzdát.","[""\""Potřebuji munici, ne taxi\"""", ""\""Musím chránit svou rodinu\"""", ""\""Ukrajina se brzy vzdá\"""", ""\""Děkuji, přijímám exil\""""]",0,,,,,,
course_210_la_guerre_en_ukraine_expliquee,course_210_la_guerre_en_ukraine_expliquee_q7,mcq,Ze kterého mezinárodního bankovního systému jsou v roce 2022 vyloučeny ruské banky?,Vyloučení ruských bank ze systému SWIFT a zmrazení rezerv centrálních bank znamená historický zlom v západních sankcích.,"[""RYCHLÝ"", ""Mezinárodní měnový fond"", ""Světová banka"", ""WTO""]",0,,,,,,
course_210_la_guerre_en_ukraine_expliquee,course_210_la_guerre_en_ukraine_expliquee_q8,percentageSlider,Na jakém procentu ruského plynu byla Evropa před válkou závislá?,"Evropa byla před válkou ze 40 % závislá na ruském plynu, což ji donutilo zahájit rychlý energetický přechod.",,,,40.0,0.0,100.0,8.0,%
course_210_la_guerre_en_ukraine_expliquee,course_210_la_guerre_en_ukraine_expliquee_q9,chronological,Seřaďte tyto válečné události na Ukrajině v chronologickém pořadí.,Od nezávislosti v roce 1991 po rozšíření NATO tyto milníky sledují tři desetiletí napětí mezi Ukrajinou a Ruskem.,,,"[""Nezávislost Ukrajiny"", ""Revoluce na Majdanu a anexe Krymu"", ""Totální ruská invaze"", ""Členství Finska a Švédska v NATO""]",,,,,
course_211_comment_fonctionne_le_prix_du_petrole,course_211_comment_fonctionne_le_prix_du_petrole_q1,numericSlider,Ve kterém roce založily producentské země OPEC?,"OPEC byl založen v roce 1960, aby umožnil producentským zemím ovlivňovat globální trh s ropou.",,,,1960.0,1940.0,1980.0,3.0,
course_211_comment_fonctionne_le_prix_du_petrole,course_211_comment_fonctionne_le_prix_du_petrole_q2,percentageSlider,Kolik světové ropy společně ovládá OPEC+?,Země OPEC+ společně kontrolují přibližně 40 % světové ropy.,,,,40.0,0.0,100.0,8.0,%
course_211_comment_fonctionne_le_prix_du_petrole,course_211_comment_fonctionne_le_prix_du_petrole_q3,numericSlider,Od kterého roku Rusko vstoupilo do aliance a vytvořilo OPEC+?,Rusko vstoupilo do aliance v roce 2016 a vytvořilo OPEC+.,,,,2016.0,2000.0,2024.0,2.0,
course_211_comment_fonctionne_le_prix_du_petrole,course_211_comment_fonctionne_le_prix_du_petrole_q4,mcq,Jaká technika umožňuje Spojeným státům stát se největším světovým producentem ropy a předběhnout tak Saúdskou Arábii?,Díky hydraulickému štěpení se Spojené státy během deseti let staly předním světovým producentem ropy.,"[""Hydraulické štěpení"", ""Hluboké pobřežní vrty"", ""Nukleární"", ""Zkapalněné uhlí""]",0,,,,,,
course_211_comment_fonctionne_le_prix_du_petrole,course_211_comment_fonctionne_le_prix_du_petrole_q5,mcq,Jak se jmenuje referenční olej těžený ze Severního moře?,"Brent, ropa ze Severního moře, je jedním ze dvou globálních referenčních cen ropy, s WTI z Texasu.","[""Brent"", ""WTI"", ""OPEC"", ""Světlý Texasan""]",0,,,,,,
course_211_comment_fonctionne_le_prix_du_petrole,course_211_comment_fonctionne_le_prix_du_petrole_q6,numericSlider,"O kolik dolarů pod nulou klesla cena ropy WTI v dubnu 2020, uprostřed krize COVID-19?","V dubnu 2020 klesla cena WTI na minus 37 dolarů, protože prodejci platili svým kupujícím za vyhazování jejich zásob.",,,,37.0,0.0,100.0,10.0,dolarů pod nulou
course_211_comment_fonctionne_le_prix_du_petrole,course_211_comment_fonctionne_le_prix_du_petrole_q7,trueFalse,"Pravda nebo nepravda: V dubnu 2020 prodejci ropy zaplatili svým kupujícím, aby vyčistili své zásoby.","Tváří v tvář plným skladovacím nádržím zaplatili někteří prodejci svým kupujícím, aby se v dubnu 2020 zbavili svých zásob ropy.","[""Pravda"", ""Nepravda""]",0,,,,,,
course_211_comment_fonctionne_le_prix_du_petrole,course_211_comment_fonctionne_le_prix_du_petrole_q8,numericSlider,Na kolik dolarů stoupne cena Brentu v roce 2022 po invazi na Ukrajinu?,V obavě z nedostatku spojeného s ruskou invazí na Ukrajinu překročí Brent 130 dolarů během několika týdnů v roce 2022.,,,,130.0,50.0,200.0,15.0,dolarů
course_211_comment_fonctionne_le_prix_du_petrole,course_211_comment_fonctionne_le_prix_du_petrole_q9,numericSlider,Kolik litrů je v barelu ropy?,"Barel ropy obsahuje 159 litrů, což je tolik energie jako manuální práce jednoho člověka na zhruba rok.",,,,159.0,100.0,250.0,20.0,litrů
course_211_comment_fonctionne_le_prix_du_petrole,course_211_comment_fonctionne_le_prix_du_petrole_q10,chronological,Seřaďte tyto události cen ropy v chronologickém pořadí.,Od založení OPEC do cenového nárůstu v roce 2022 tyto události ukazují chronickou volatilitu ropného trhu.,,,"[""Nadace OPEC"", ""Rusko se připojí k alianci a vytvoří OPEC+"", ""Propad cen ropy během pandemie COVID-19"", ""Po ukrajinské invazi prudce vzrostla cena ropy Brent""]",,,,,
course_212_les_paradis_fiscaux_expliques,course_212_les_paradis_fiscaux_expliques_q1,percentageSlider,Kolik světového bohatství se nachází v daňových rájích?,"Odhaduje se, že přibližně 8 až 10 % celosvětového bohatství, neboli 10 bilionů dolarů, unikne daním v daňových rájích.",,,,9.0,0.0,100.0,4.0,%
course_212_les_paradis_fiscaux_expliques,course_212_les_paradis_fiscaux_expliques_q2,mcq,"Jaký nástroj umožňuje firmě ukázat své zisky tam, kde jsou daně nejnižší?","Vnitropodnikové oceňování spočívá v tom, že si společnost sama stanoví cenu směn mezi svými vlastními dceřinými společnostmi, aby přesunula své zisky do země, kde je daň nejnižší.","[""Cena převodu"", ""Daňový kredit"", ""Uhlíková daň"", ""Srážková daň""]",0,,,,,,
course_212_les_paradis_fiscaux_expliques,course_212_les_paradis_fiscaux_expliques_q3,trueFalse,Pravda nebo nepravda: francouzský výraz „daňový ráj“ je věrným překladem anglického „daňový ráj“.,"„Daňový ráj“ znamená „bezpečný přístav“ pro peníze (útočiště), nikoli „ráj“ (nebe): záměna zvuků změnila význam slova ve francouzštině.","[""Pravda"", ""Nepravda""]",1,,,,,,
course_212_les_paradis_fiscaux_expliques,course_212_les_paradis_fiscaux_expliques_q4,chronological,Seřaďte tyto události chronologicky.,"Finanční krize v roce 2008 a poté Panama Papers z roku 2016 vyvolaly vlnu rozhořčení, která vedla k mezinárodní dohodě o minimální sazbě daně z roku 2021.",,,"[""Světová finanční krize"", ""Vydání Panama Papers"", ""Mezinárodní smlouva o minimální sazbě daně""]",,,,,
course_212_les_paradis_fiscaux_expliques,course_212_les_paradis_fiscaux_expliques_q5,numericSlider,Přibližně o kolik miliard dolarů ročně daňové ráje připraví státy?,"Daňové ráje připravují státy o zhruba 600 miliard dolarů ročně, tedy o peníze, které by mohly financovat nemocnice nebo školy.",,,,600.0,100.0,1500.0,150.0,miliard $
course_212_les_paradis_fiscaux_expliques,course_212_les_paradis_fiscaux_expliques_q6,mcq,Co je to fiktivní společnost?,"Shell company je firma, která existuje pouze na papíře, bez kanceláře nebo zaměstnanců, často vytvořená za účelem skrytí identity skutečného vlastníka peněz.","[""Firma bez kanceláře či zaměstnance, která existuje pouze na papíře"", ""Veřejně obchodovaná společnost"", ""Znárodněná veřejná obchodní společnost"", ""Firma specializující se na stavebnictví""]",0,,,,,,
course_212_les_paradis_fiscaux_expliques,course_212_les_paradis_fiscaux_expliques_q7,numericSlider,"Kolik tisíc podniků je přibližně registrováno na Kajmanských ostrovech, které mají pouhých 65 000 obyvatel?","Na Kajmanských ostrovech, území menším než Paříž, je registrováno více než 100 000 podniků, což z něj činí páté největší finanční centrum na světě pro bankovní vklady.",,,,100.0,0.0,300.0,30.0,tisíce
course_212_les_paradis_fiscaux_expliques,course_212_les_paradis_fiscaux_expliques_q8,mcq,"Pokud společnost platí v daňovém ráji pouze 5% daně, co nyní umožňuje mezinárodní smlouva z roku 2021?","Od dohody z roku 2021, která stanoví globální minimální sazbu 15 %, platí, že pokud společnost platí v daňovém ráji pouze 5 %, může její domovská země požadovat zbývajících 10 %.","[""Země původu si může nárokovat zbývajících 10 %"", ""Je osvobozen od jakékoli daňové kontroly"", ""Daňový ráj automaticky zdvojnásobí svou sazbu"", ""Nic, na tento případ se dohoda nevztahuje""]",0,,,,,,
course_212_les_paradis_fiscaux_expliques,course_212_les_paradis_fiscaux_expliques_q9,mcq,"Jaké jsou tři pilíře, na kterých je založen daňový ráj?","Daňový ráj je založen na třech pilířích: daně blízké nule, velká neprůhlednost a malá spolupráce s ostatními zeměmi.","[""Daně blízké nule, velká neprůhlednost a malá spolupráce s ostatními zeměmi"", ""Silný růst, stabilní měna a nezávislé centrální banky"", ""Nízká populace, teplé klima a pláže"", ""Silný akciový trh, rozvinutý průmysl a vysoký export""]",0,,,,,,
course_213_l_evasion_fiscale_des_multinationales,course_213_l_evasion_fiscale_des_multinationales_q1,mcq,Co znamená zkratka GAFAM?,"GAFAM řadí Google, Apple, Facebook (Meta), Amazon a Microsoft mezi nejbohatší společnosti na světě.","[""Google, Apple, Facebook (Meta), Amazon, Microsoft"", ""Google, Alibaba, Facebook, Amazon, Microsoft"", ""Google, Apple, Ford, Amazon, Motorola"", ""Globální aliance pro moderní ekonomiku""]",0,,,,,,
course_213_l_evasion_fiscale_des_multinationales,course_213_l_evasion_fiscale_des_multinationales_q2,mcq,"Na jakém konceptu byl založen mezinárodní daňový systém, navržený na počátku 20. století pro průmyslovou ekonomiku?","Společnost musela mít v zemi továrny nebo kanceláře, stálou provozovnu, aby tam mohla být zdaněna: systém určený pro průmyslovou ekonomiku, nikoli pro digitální ekonomiku.","[""Přítomnost stálé provozovny v zemi"", ""Celkový počet zaměstnanců po celém světě"", ""Státní příslušnost zakladatele společnosti"", ""Celkový celosvětový obrat""]",0,,,,,,
course_213_l_evasion_fiscale_des_multinationales,course_213_l_evasion_fiscale_des_multinationales_q3,numericSlider,Kolik miliard dolarů zisku se Microsoft v roce 2014 přestěhoval do Portorika prostřednictvím práv duševního vlastnictví?,"V roce 2014 Microsoft přesunul zisk 39 miliard dolarů do Portorika, čímž ušetřil na daních více než 6,5 miliardy dolarů.",,,,39.0,0.0,100.0,8.0,miliard $
course_213_l_evasion_fiscale_des_multinationales,course_213_l_evasion_fiscale_des_multinationales_q4,percentageSlider,Jak velká část vybraných světových daní z příjmu právnických osob se podle OECD každoročně ztrácí kvůli vyhýbání se daňovým povinnostem nadnárodních společností?,"Podle OECD stojí tyto praktiky 100 až 240 miliard dolarů ročně, tedy 4 až 10 procent všech celosvětově vybraných korporátních daní.",,,,7.0,0.0,100.0,4.0,%
course_213_l_evasion_fiscale_des_multinationales,course_213_l_evasion_fiscale_des_multinationales_q5,numericSlider,Ve kterém roce mezinárodní dohoda stanovila globální minimální daň ve výši 15 % pro nadnárodní společnosti?,V roce 2021 pod záštitou OECD a G20 historická dohoda stanovila globální minimální daň ve výši 15 %.,,,,2021.0,2000.0,2024.0,2.0,
course_213_l_evasion_fiscale_des_multinationales,course_213_l_evasion_fiscale_des_multinationales_q6,mcq,"Jaká je oficiální sazba daně z příjmu právnických osob v Irsku, které z něj udělalo evropské centrum daňové optimalizace?","Irsko se svou oficiální daňovou sazbou 12,5 % a tajnými dohodami zvanými daňová rozhodnutí se stalo evropským centrem daňové optimalizace.","[""12,5%"", ""25%"", ""5%"", ""33%""]",0,,,,,,
course_213_l_evasion_fiscale_des_multinationales,course_213_l_evasion_fiscale_des_multinationales_q7,trueFalse,"Pravda nebo lež: Evropská komise dosáhla toho, že Irsko okamžitě inkasuje 13 miliard eur na daních, které Apple nezaplatil.","Irsko dlouho odmítalo vybrat těchto 13 miliard eur, protože se obávalo, že příliš přísná pravidla odstraší ústředí.","[""Pravda"", ""Nepravda""]",1,,,,,,
course_213_l_evasion_fiscale_des_multinationales,course_213_l_evasion_fiscale_des_multinationales_q8,mcq,"Jakou hranici obratu musí společnost překročit, aby byla ovlivněna 15% globální minimální daní?","Globální minimální daň se zaměřuje na společnosti, jejichž obrat přesahuje 750 milionů eur.","[""750 milionů eur"", ""10 milionů eur"", ""1 miliarda dolarů"", ""100 milionů eur""]",0,,,,,,
course_213_l_evasion_fiscale_des_multinationales,course_213_l_evasion_fiscale_des_multinationales_q9,mcq,"Co musí nyní nadnárodní společnosti zveřejňovat v jednotlivých zemích, aby pomohly identifikovat ty nejkřiklavější daňové nesrovnalosti?","Nadnárodní společnosti nyní musí zveřejňovat, zemi po zemi, umístění svých zaměstnanců, své zisky a daně.","[""Jejich zaměstnanci, jejich zisky a jejich daně"", ""Jména všech jejich akcionářů"", ""Plat jejich generálního ředitele"", ""Jejich průmyslová tajemství""]",0,,,,,,
course_214_la_crise_de_l_etat_providence,course_214_la_crise_de_l_etat_providence_q1,mcq,Kdo vydal v roce 1942 zakládající zprávu moderního sociálního státu?,"Britský ekonom William Beveridge publikoval v roce 1942 zprávu Beveridge, zakladatel moderního státu blahobytu.","[""William Beveridge"", ""Otto von Bismarck"", ""John Maynard Keynes"", ""Charles de Gaulle""]",0,,,,,,
course_214_la_crise_de_l_etat_providence,course_214_la_crise_de_l_etat_providence_q2,numericSlider,Ve kterém roce Francie vytvořila sociální zabezpečení?,Francie vytvořila sociální zabezpečení v roce 1945 prostřednictvím politického kompromisu učiněného v rámci Národní rady odporu.,,,,1945.0,1900.0,1980.0,3.0,
course_214_la_crise_de_l_etat_providence,course_214_la_crise_de_l_etat_providence_q3,trueFalse,Pravda nebo lež: sociální stát vymyslela socialistická hnutí na konci 19. století.,"Sociální stát byl vynalezen konzervativním německým kancléřem Otto von Bismarckem v roce 1883, aby uklidnil dělníky a vyhnul se revoluci.","[""Pravda"", ""Nepravda""]",1,,,,,,
course_214_la_crise_de_l_etat_providence,course_214_la_crise_de_l_etat_providence_q4,mcq,Která země vynalezla v roce 1883 sociální stát?,"Byl to německý kancléř Otto von Bismarck, kdo v roce 1883 vymyslel sociální stát se strategickým cílem uklidnit dělníky.","[""Německo"", ""Spojené království"", ""Francie"", ""Švédsko""]",0,,,,,,
course_214_la_crise_de_l_etat_providence,course_214_la_crise_de_l_etat_providence_q5,numericSlider,Přibližně kolik aktiv dnes ve Francii financuje odchod jednoho důchodce do důchodu ve srovnání se 4 v 60. letech?,Ve Francii existovala v 60. letech 20. století 4 aktiva na financování důchodu jednoho důchodce; toto číslo dnes kleslo na méně než 2.,,,,2.0,0.0,6.0,0.5,aktiva
course_214_la_crise_de_l_etat_providence,course_214_la_crise_de_l_etat_providence_q6,mcq,"Jak se jmenuje skandinávský model, který umožňuje snadné propouštění a zároveň nabízí štědré dávky v nezaměstnanosti a silnou podporu při hledání nového zaměstnání?",Flexikurita praktikovaná ve Švédsku a Dánsku kombinuje snadné propouštění pro společnosti a silnou sociální ochranu zaměstnanců.,"[""Flexikurita"", ""Čistý liberalismus"", ""Protekcionismus"", ""Pokles""]",0,,,,,,
course_214_la_crise_de_l_etat_providence,course_214_la_crise_de_l_etat_providence_q7,percentageSlider,Kolik ze svého HDP vydává Dánsko na sociální ochranu?,"Dánsko vydává přibližně 32 % svého HDP na sociální ochranu, což je jedna z nejvyšších sazeb na světě.",,,,32.0,0.0,100.0,5.0,%
course_214_la_crise_de_l_etat_providence,course_214_la_crise_de_l_etat_providence_q8,mcq,Na jaký věk zvýšila francouzská reforma z roku 2023 zákonný věk odchodu do důchodu?,Francouzská reforma z roku 2023 zvýšila zákonný věk odchodu do důchodu na 64 let.,"[""64 let"", ""60 let"", ""67 let"", ""62 let""]",0,,,,,,
course_214_la_crise_de_l_etat_providence,course_214_la_crise_de_l_etat_providence_q9,mcq,"Jakých je podle Beveridgeovy zprávy pět hlavních rizik, před kterými musí stát chránit každého občana?","Beveridgeova zpráva si klade za cíl chránit každého občana před pěti hlavními riziky: nemocemi, nevědomostí, nehygienickými podmínkami, zahálkou a chudobou.","[""Nemoci, nevědomost, nehygienické podmínky, zahálka a chudoba"", ""Nezaměstnanost, války, hladomor, exil a nemoci"", ""Chudoba, korupce, podvody, zločin a nemoci"", ""Inflace, nezaměstnanost, dluhy, války a hladomor""]",0,,,,,,
course_215_les_inegalites_nord_sud,course_215_les_inegalites_nord_sud_q1,percentageSlider,Jaký podíl globálního příjmu zabírá 10 % nejbohatších planety?,Nejbohatších 10 % světové populace tvoří více než 52 % celosvětového příjmu.,,,,52.0,0.0,100.0,5.0,%
course_215_les_inegalites_nord_sud,course_215_les_inegalites_nord_sud_q2,mcq,Jaký podíl na celosvětovém příjmu by mělo mít nejchudších 50 %?,"Nejchudších 50 % se musí dělit pouze o 8 % celosvětového příjmu, ve srovnání s více než 52 % u nejbohatších 10 %.","[""8%"", ""25%"", ""40%"", ""15%""]",0,,,,,,
course_215_les_inegalites_nord_sud,course_215_les_inegalites_nord_sud_q3,numericSlider,"Jaká je průměrná délka života v Japonsku, jedné ze zemí s nejvyšší očekávanou délkou života na světě?",Očekávaná délka života dosahuje v Japonsku 83 let ve srovnání s 55 lety ve Středoafrické republice.,,,,83.0,50.0,95.0,3.0,let
course_215_les_inegalites_nord_sud,course_215_les_inegalites_nord_sud_q4,mcq,Jaká logika zděděná z kolonizace nutí země Jihu prodávat levné suroviny a přitom kupovat drahé vyráběné produkty?,"Směnné relace odkazují na skutečnost, že země na jihu prodávají suroviny, jejichž cena se velmi liší, zatímco nakupují vyrobené produkty, jejichž cena se pouze zvyšuje.","[""Obchodní podmínky"", ""Protekcionismus"", ""Sloní křivka"", ""Volný obchod""]",0,,,,,,
course_215_les_inegalites_nord_sud,course_215_les_inegalites_nord_sud_q5,percentageSlider,Jaký podíl světové populace žil v roce 1990 v extrémní chudobě?,"Extrémní chudoba postihla v roce 1990 36 % světové populace, ve srovnání s méně než 10 % před rokem 2020.",,,,36.0,0.0,100.0,5.0,%
course_215_les_inegalites_nord_sud,course_215_les_inegalites_nord_sud_q6,trueFalse,Pravda nebo lež: pokles extrémní chudoby ve světě od roku 1990 se vysvětluje především růstem Číny a Indie.,"Tento pokrok pochází hlavně z prudkého růstu Číny a Indie, který vedl k velkolepému snížení absolutní chudoby.","[""Pravda"", ""Nepravda""]",0,,,,,,
course_215_les_inegalites_nord_sud,course_215_les_inegalites_nord_sud_q7,mcq,Co ukazuje sloní křivka ekonoma Branka Milanoviče?,"Sloní křivka Branka Milanoviče ukazuje, že asijská střední třída zažila explozi svých příjmů, zatímco dělnická třída v bohatých zemích tváří v tvář globální konkurenci stagnovala.","[""Asijské střední třídy zaznamenaly explozi svých příjmů, zatímco pracující třídy v bohatých zemích stagnovaly"", ""Všechny země světa bohatnou stejným tempem"", ""Chudé země bohatnou rychleji než bohaté země"", ""Nerovnosti od roku 1990 zcela zmizely""]",0,,,,,,
course_215_les_inegalites_nord_sud,course_215_les_inegalites_nord_sud_q8,mcq,Proč jsou podle kurzu země na jihu zvláště zranitelné vůči změně klimatu?,"Země Jihu, historicky nejméně odpovědné za emise skleníkových plynů, jsou přesto nejvíce vystaveny suchu, povodním a stoupající hladině vody.","[""Jsou historicky nejméně odpovědné za emise, ale jsou nejvíce vystaveny klimatickým katastrofám"", ""Vypouštějí nejvíce skleníkových plynů na světě"", ""Neprodukují žádné zemědělské zdroje"", ""Jsou chráněny pevnějšími hrázemi než severní země""]",0,,,,,,
course_215_les_inegalites_nord_sud,course_215_les_inegalites_nord_sud_q9,mcq,"Američan vydělá za jednu hodinu práce ekvivalent toho, co si vydělá obyvatel Nigeru v...","Obyvatel Spojených států vydělá v průměru za hodinu práce tolik, co obyvatel Nigeru za celý den.","[""Celý den práce"", ""Týden práce"", ""Měsíc práce"", ""Rok práce""]",0,,,,,,
course_216_la_dette_mondiale,course_216_la_dette_mondiale_q1,numericSlider,"Kolik procent globálního HDP dnes přesahuje globální dluh (státy, podniky a domácnosti dohromady)?","Globální dluh dnes přesahuje 300 % celosvětového HDP, což je absolutní rekord v ekonomické historii.",,,,300.0,100.0,500.0,30.0,% HDP
course_216_la_dette_mondiale,course_216_la_dette_mondiale_q2,numericSlider,Kolik je japonský veřejný dluh v procentech HDP?,Japonský dluh se blíží 260 % ​​jeho HDP.,,,,260.0,100.0,400.0,20.0,% HDP
course_216_la_dette_mondiale,course_216_la_dette_mondiale_q3,mcq,"Proč japonský dluh, i přes jeho velmi vysokou úroveň, neznepokojuje finanční trhy?","Většinu japonského dluhu drží jeho vlastní banky a střadatelé, chránění před zahraničními trhy.","[""Vlastní jej japonské banky a samotní střadatelé."", ""Je zcela vypůjčen v dolarech"", ""Byl zrušen MMF"", ""Japonsko své úroky nikdy nesplatí""]",0,,,,,,
course_216_la_dette_mondiale,course_216_la_dette_mondiale_q4,numericSlider,Ve kterém roce Spojené království dokončilo splácení dluhů z napoleonských válek a finanční bubliny z roku 1720?,Spojené království dokončilo splácení dluhů z napoleonských válek a finanční bubliny z roku 1720 až v roce 2015.,,,,2015.0,1950.0,2024.0,5.0,
course_216_la_dette_mondiale,course_216_la_dette_mondiale_q5,mcq,Na čem podle ceny závisí především nebezpečnost veřejného dluhu?,"Skutečné nebezpečí dluhu závisí nejen na jeho výši, ale také na měně, ve které je půjčován.","[""Měna, ve které se půjčuje"", ""Počet různých věřitelů"", ""Barva vlajky vypůjčující země"", ""Přesné datum jeho vzniku""]",0,,,,,,
course_216_la_dette_mondiale,course_216_la_dette_mondiale_q6,mcq,"Co riskuje rozvojová země, která si půjčuje v dolarech, pokud její vlastní měna ztratí hodnotu?","Pokud národní měna rozvojové země ztratí hodnotu vůči dolaru, částka, která má být splacena, exploduje přes noc.","[""Částka, která má být splacena, exploduje přes noc"", ""Jeho dluh je automaticky zrušen"", ""MMF zdvojnásobí své financování bez podmínek"", ""Nic, částka k proplacení zůstává pevná""]",0,,,,,,
course_216_la_dette_mondiale,course_216_la_dette_mondiale_q7,mcq,Která organizace často zasahuje do dluhových krizí v rozvojových zemích a obvykle uplatňuje přísnou politiku úspor?,"MMF do těchto krizí často zasahuje, ale obecně uplatňuje přísné politiky úspor, které těžce zatěžují obyvatelstvo.","[""Mezinárodní měnový fond"", ""WTO"", ""Jen Světová banka"", ""OECD""]",0,,,,,,
course_216_la_dette_mondiale,course_216_la_dette_mondiale_q8,trueFalse,"Pravda nebo lež: podle moderní monetární teorie může vláda, která si půjčuje ve vlastní měně, zkrachovat jako každá firma.","Moderní monetární teorie tvrdí, že stát nemůže selhat, pokud si půjčuje ve své vlastní měně; skutečným limitem je míra inflace, nikoli libovolné číslo.","[""Pravda"", ""Nepravda""]",1,,,,,,
course_216_la_dette_mondiale,course_216_la_dette_mondiale_q9,mcq,Jakou hranici veřejného dluhu stanoví Maastrichtská smlouva v Evropě?,"Maastrichtská smlouva ukládá v Evropě hranici 60 % HDP, kterou zastánci moderní monetární teorie považují za svévolnou.","[""60 % HDP"", ""100 % HDP"", ""30 % HDP"", ""Neexistuje žádný práh""]",0,,,,,,
course_217_l_economie_de_plateforme_uber_airbnb,course_217_l_economie_de_plateforme_uber_airbnb_q1,mcq,Co zásadně odlišuje digitální platformu jako Uber od tradiční společnosti?,"Platforma se stává jednoduchou digitální infrastrukturou, která propojuje nabídku a poptávku, aniž by sama něco produkovala.","[""Nevlastní žádné továrny, žádná vozidla, žádné zaměstnance"", ""Prodává pouze fyzické produkty"", ""Zaměstnává více lidí než tradiční firma"", ""Funguje pouze v jedné zemi""]",0,,,,,,
course_217_l_economie_de_plateforme_uber_airbnb,course_217_l_economie_de_plateforme_uber_airbnb_q2,mcq,"Jaký mechanismus vysvětluje, že čím více uživatelů platforma má, tím více nových přitahuje?","Síťový efekt znamená, že čím více uživatelů platforma má, tím užitečnější se stává, což přitahuje ještě více uživatelů, což téměř vždy vede k téměř monopolním situacím.","[""Síťový efekt"", ""Sloní křivka"", ""Obchodní podmínky"", ""Flexikurita""]",0,,,,,,
course_217_l_economie_de_plateforme_uber_airbnb,course_217_l_economie_de_plateforme_uber_airbnb_q3,mcq,Proč Uber investoval miliardy dolarů do výzkumu samořídících aut?,"Uber vynaložil miliardy dolarů na výzkum samořídících aut, jehož cílem bylo nakonec zbavit se své poslední velké ceny: lidského řidiče.","[""Nakonec se zbavit lidského řidiče, což je poslední velká cena"", ""Snížit znečištění měst"", ""Vytvořte službu doručování balíků"", ""Získejte licenci na taxi""]",0,,,,,,
course_217_l_economie_de_plateforme_uber_airbnb,course_217_l_economie_de_plateforme_uber_airbnb_q4,mcq,"Jaké právní postavení uplatňuje většina platforem pro své řidiče a doručovatele, aby se vyhnuly placení příspěvků na sociální zabezpečení a minimální mzdy?","V gigové ekonomice platforma odmítá status zaměstnavatele a své řidiče a doručovatele prezentuje jako nezávislé, čímž se vyhýbá placení příspěvků na sociální zabezpečení, minimální mzdy nebo placené dovolené.","[""Nezávislý stav"", ""Statut státního zaměstnance"", ""Stav učně"", ""Status dobrovolníka""]",0,,,,,,
course_217_l_economie_de_plateforme_uber_airbnb,course_217_l_economie_de_plateforme_uber_airbnb_q5,trueFalse,Pravda nebo lež: soudy v několika zemích začaly překlasifikovat smlouvy řidičů a doručovatelů na skutečné placené práce.,"Tváří v tvář algoritmické podřízenosti, kterou utrpěli nezávislí pracovníci, začaly soudy ukládat reklasifikaci těchto smluv na skutečná placená zaměstnání.","[""Pravda"", ""Nepravda""]",0,,,,,,
course_217_l_economie_de_plateforme_uber_airbnb,course_217_l_economie_de_plateforme_uber_airbnb_q6,mcq,Jaký vliv měly krátkodobé turistické pronájmy přes Airbnb na města jako Paříž nebo Barcelona?,Airbnb konkuruje hotelům a zároveň snižuje počet domů dostupných pro obyvatele a zvyšuje nájemné v centrech měst.,"[""Růst nájmů a pokles dostupného bydlení pro obyvatele"", ""Všeobecný pokles cen nemovitostí"", ""Úplný zánik cestovního ruchu"", ""Žádný měřitelný efekt""]",0,,,,,,
course_217_l_economie_de_plateforme_uber_airbnb,course_217_l_economie_de_plateforme_uber_airbnb_q7,percentageSlider,O kolik klesl počet legálních nabídek Airbnb v New Yorku po přísných předpisech z roku 2023?,"V New Yorku přísná regulace Airbnb v roce 2023 způsobila, že počet legálních zápisů klesl během několika měsíců o 80 %.",,,,80.0,0.0,100.0,10.0,%
course_217_l_economie_de_plateforme_uber_airbnb,course_217_l_economie_de_plateforme_uber_airbnb_q8,mcq,"Jak nazýváme situaci, kdy nezávislý pracovník přesto podléhá pravidlům uloženým aplikací (sazby, rating, sankce)?","Pracovník nese rizika sám, ale často zůstává podřízen pravidlům aplikace: tato situace se nazývá algoritmická podřízenost.","[""Algoritmická podřízenost"", ""Síťový efekt"", ""Flexikurita"", ""Digitální zdanění""]",0,,,,,,
course_217_l_economie_de_plateforme_uber_airbnb,course_217_l_economie_de_plateforme_uber_airbnb_q9,mcq,"Co navrhují některé regulační orgány ke zlepšení ochrany pracovníků na platformě, aniž by došlo k porušení modelu?","Současná debata se týká přechodného postavení mezi zaměstnancem a nezávislým, s přenositelností práv bez ohledu na počet platforem, pro které člověk pracuje.","[""Střední stav s přenositelností sociálních práv"", ""Uzavření všech digitálních platforem"", ""Povinný návrat k tradičnímu zaměstnání pro všechny osoby samostatně výdělečně činné"", ""Odstranění veškeré regulace""]",0,,,,,,
course_218_le_role_des_donnees_le_petrole_du_xxie_s,course_218_le_role_des_donnees_le_petrole_du_xxie_s_q1,mcq,Co zásadně odlišuje údaje o ropě v závislosti na ceně?,"Na rozdíl od ropy, zdroje, který dochází, se data nikdy nespotřebovávají: lze je donekonečna kopírovat a stávají se cennějšími, když jsou kombinovány s jinými informacemi.","[""Nikdy se nevyčerpají a získávají hodnotu v kombinaci s dalšími informacemi."", ""Těžba je obtížnější než ropa"", ""Firmám nepřinášejí žádný zisk"", ""Jsou regulovány déle než ropa""]",0,,,,,,
course_218_le_role_des_donnees_le_petrole_du_xxie_s,course_218_le_role_des_donnees_le_petrole_du_xxie_s_q2,mcq,"Jak výzkumník Shoshana Zuboff nazývá systém, který přeměňuje lidi na suroviny prodávané tomu, kdo nabídne nejvyšší nabídku?","Shoshana Zuboff nazývá tento systém „kapitalismem dozoru“, kde lidé již nejsou jen klienty, ale surovinou systému, který prodává předpovědi tomu, kdo nabídne nejvyšší nabídku.","[""Dohledový kapitalismus"", ""Digitální kapitalismus"", ""Platformová ekonomika"", ""Digitální suverenita""]",0,,,,,,
course_218_le_role_des_donnees_le_petrole_du_xxie_s,course_218_le_role_des_donnees_le_petrole_du_xxie_s_q3,mcq,"Jaký mechanismus vysvětluje, proč se digitálním gigantům stává téměř nemožné konkurovat?","Datová ekonomika funguje v účinném cyklu: čím více dat má společnost, tím lepší jsou její služby, což přitahuje více uživatelů, kteří generují ještě více dat.","[""Účinný kruh: více dat zlepšuje službu, která přitahuje více uživatelů, a tedy více dat"", ""Zákon, který jim zakazuje jakoukoli soutěž"", ""Naprostý nedostatek státní regulace"", ""Skutečnost, že neprodávají žádné placené služby""]",0,,,,,,
course_218_le_role_des_donnees_le_petrole_du_xxie_s,course_218_le_role_des_donnees_le_petrole_du_xxie_s_q4,mcq,"Jaký je čínský ekvivalent amerického GAFAM, citovaného v kurzu?","GAFAM ve Spojených státech má svůj ekvivalent v Číně s BATX, tito giganti, kteří využívají svůj náskok v datech k expanzi do mnoha oblastí.","[""BATX"", ""BRICS"", ""GAFAM Asie"", ""FAANGové""]",0,,,,,,
course_218_le_role_des_donnees_le_petrole_du_xxie_s,course_218_le_role_des_donnees_le_petrole_du_xxie_s_q5,numericSlider,Kdy zavedla Evropská unie GDPR?,"Evropská unie zavedla v roce 2018 GDPR, nařízení, které teoreticky vrací občanům moc nad jejich vlastními osobními údaji.",,,,2018.0,2000.0,2024.0,2.0,
course_218_le_role_des_donnees_le_petrole_du_xxie_s,course_218_le_role_des_donnees_le_petrole_du_xxie_s_q6,percentageSlider,Do jakého procenta z celosvětového obratu firmy může GDPR pokutovat?,"GDPR může firmě, která nedodržuje, uložit pokuty až do výše 4 % celosvětového obratu.",,,,4.0,0.0,100.0,3.0,%
course_218_le_role_des_donnees_le_petrole_du_xxie_s,course_218_le_role_des_donnees_le_petrole_du_xxie_s_q7,numericSlider,"Před požadavkem na srozumitelnost GDPR, kolik pracovních dní by běžnému člověku zabralo, aby si za rok přečetl všechny podmínky služby, se kterými souhlasí?","Před GDPR by průměrnému člověku trvalo asi 76 pracovních dní, než by si přečetl všechny podmínky služby pro digitální služby, které za rok používá.",,,,76.0,0.0,200.0,15.0,dny
course_218_le_role_des_donnees_le_petrole_du_xxie_s,course_218_le_role_des_donnees_le_petrole_du_xxie_s_q8,trueFalse,Pravda nebo nepravda: GDPR se vztahuje pouze na společnosti se sídlem v Evropě.,"GDPR se vztahuje na každou společnost, která nakládá s údaji evropských občanů, bez ohledu na to, kde má sídlo: právě tato extrateritorialita udělala z Evropy globálního regulátora.","[""Pravda"", ""Nepravda""]",1,,,,,,
course_218_le_role_des_donnees_le_petrole_du_xxie_s,course_218_le_role_des_donnees_le_petrole_du_xxie_s_q9,mcq,"Co nazýváme rizikem, že stát bude záviset na zahraničních technologiích při ochraně dat svých občanů?","Země, které nejsou schopny chránit data svých občanů, riskují útok na svou digitální suverenitu.","[""Útok na digitální suverenitu"", ""Filtrační bublina"", ""Síťový efekt"", ""Daňová optimalizace""]",0,,,,,,
course_219_la_fracture_numerique_mondiale,course_219_la_fracture_numerique_mondiale_q1,numericSlider,Přibližně kolik miliard lidí na celém světě stále nemá přístup k internetu?,"2,7 miliardy lidí, tedy přibližně třetina lidstva, stále nemá přístup k internetu.",,,,2.7,0.0,8.0,0.5,miliard
course_219_la_fracture_numerique_mondiale,course_219_la_fracture_numerique_mondiale_q2,percentageSlider,Jaký podíl populace v subsaharské Africe je připojen k internetu ve srovnání s více než 90 % v Evropě a Severní Americe?,Subsaharská Afrika zůstává na pouhých 37 % připojení k internetu ve srovnání s více než 90 % v Evropě a Severní Americe.,,,,37.0,0.0,100.0,5.0,%
course_219_la_fracture_numerique_mondiale,course_219_la_fracture_numerique_mondiale_q3,mcq,Který jazyk stále z velké části dominuje obsahu dostupnému na webu a brání v přístupu k internetu mnoha neanglicky mluvícím lidem?,"Přibližně 70 % webového obsahu je v angličtině, což pro mnoho uživatelů internetu představuje další překážku.","[""angličtina"", ""Mandarin"", ""španělština"", ""francouzština""]",0,,,,,,
course_219_la_fracture_numerique_mondiale,course_219_la_fracture_numerique_mondiale_q4,mcq,Proč Keňa v roce 2007 masivně přijala SMS platební systém s názvem M-Pesa?,"Kvůli nedostatku dostatečných bankovních poboček Keňa v roce 2007 masivně přijala M-Pesa, platební systém pomocí jednoduchých SMS, čímž Evropu porazila o deset let.","[""Nedostatek dostatečného počtu bankovních poboček"", ""Konkurovat americkým bankám"", ""Na příkaz britské vlády"", ""Aby nahradila vlastní národní měnu""]",0,,,,,,
course_219_la_fracture_numerique_mondiale,course_219_la_fracture_numerique_mondiale_q5,numericSlider,Kolik let před Evropou přijala Keňa rozšířené mobilní platby díky M-Pesa?,Keňa přijala M-Pesa v roce 2007 a v této oblasti porazila Evropu o deset let.,,,,10.0,0.0,30.0,3.0,let
course_219_la_fracture_numerique_mondiale,course_219_la_fracture_numerique_mondiale_q6,mcq,Jak nazvala Keňa svou strategii přechodu přímo na moderní technologie bez instalace drahé a zastaralé infrastruktury?,Keňa tuto strategii nazvala technologickým skokem a přechází přímo na modernější a levnější řešení.,"[""Technologický \""skok\"""", ""Tichá revoluce"", ""Velký digitální skok"", ""Reverzní zlomenina""]",0,,,,,,
course_219_la_fracture_numerique_mondiale,course_219_la_fracture_numerique_mondiale_q7,mcq,"Který projekt satelitů na nízké oběžné dráze slibuje propojení nejizolovanějších vesnic, aniž by bylo nutné pokládat kabely?","Projekt Starlink vysílá tisíce satelitů na nízkou oběžnou dráhu, což umožňuje rychlé spojení i v pouštích nebo vysokých horách.","[""Starlink"", ""M-Pesa"", ""GDPR"", ""Montrealský protokol""]",0,,,,,,
course_219_la_fracture_numerique_mondiale,course_219_la_fracture_numerique_mondiale_q8,trueFalse,"Pravda nebo lež: cena předplatného satelitního internetu, jako je Starlink, zůstává v souladu se západními standardy, což ztěžuje přístup pro nejchudší venkovské obyvatelstvo.","Náklady na předplatné Starlink a hardware zůstávají v souladu se západními standardy, což činí tato řešení nedostupná pro nejchudší venkovské obyvatelstvo bez vnější pomoci.","[""Pravda"", ""Nepravda""]",0,,,,,,
course_219_la_fracture_numerique_mondiale,course_219_la_fracture_numerique_mondiale_q9,mcq,Jaké riziko podle kurzu představuje rychlý vzestup umělé inteligence pro digitální propast?,"Umělá inteligence vyžaduje obrovský výpočetní a datový výkon, soustředěný v rukou několika zemí a společností, což hrozí prohloubením digitální propasti.","[""Mohlo by to zhoršit, protože koncentruje zdroje mezi několik zemí a společností"", ""Díky automatickému překladu ho automaticky zmenší"", ""Nemá žádnou souvislost s globální konektivitou"", ""Díky tomu je internet zdarma pro každého""]",0,,,,,,
course_21_rosa_parks_et_montgomery_1955,course_21_rosa_parks_et_montgomery_1955_q1,mcq,"Co udělala Rosa Parksová 1. prosince 1955 v Montgomery, což vyvolalo bojkot autobusu?","Rosa Parksová odmítá vstát, aby přenechala své místo bílému cestujícímu, což vede k jejímu zatčení a poté bojkotu autobusů.","[""Odmítá vzdát své místo bílému cestujícímu v autobuse"", ""Organizuje demonstraci před Alabama Capitol"", ""Podává stížnost na svého zaměstnavatele"", ""Odmítá zaplatit jízdenku na autobus""]",0,,,,,,
course_21_rosa_parks_et_montgomery_1955,course_21_rosa_parks_et_montgomery_1955_q2,mcq,Jaké zákony v té době zavedly rasovou separaci na americkém jihu?,"Zákony Jima Crowa prosazovaly rasovou separaci ve školách, nemocnicích, pítkách a dopravě na jihu.","[""zákony Jima Crowa"", ""Zákon o občanských právech"", ""Zákony rekonstrukce"", ""Zákon o volebních právech""]",0,,,,,,
course_21_rosa_parks_et_montgomery_1955,course_21_rosa_parks_et_montgomery_1955_q3,trueFalse,"Pravda nebo lež: Rosa Parksová je první osobou, která se odmítla vzdát svého místa v autobuse Montgomery.","Před devíti měsíci se středoškolačka Claudette Colvinová (15) již odmítla vzdát svého místa, ale aktivisté ji nenavrhli.","[""Pravda"", ""Nepravda""]",1,,,,,,
course_21_rosa_parks_et_montgomery_1955,course_21_rosa_parks_et_montgomery_1955_q4,mcq,Proč si aktivisté jako veřejnou tvář hnutí vybírají spíše Rosu Parksovou než Claudette Colvinovou?,"Rosa Parksová, aktivistka NAACP, vycvičená v nenásilném odporu, byla považována za slušnější než Colvin, tehdy těhotná a svobodná, aby přivedla boj k veřejnému mínění.","[""Její klid a vážnost vystudované aktivistky z ní činí ideální postavu pro veřejné mínění."", ""Jako jediná byla zatčena"", ""Je prezidentkou NAACP"", ""Je mladší z těch dvou""]",0,,,,,,
course_21_rosa_parks_et_montgomery_1955,course_21_rosa_parks_et_montgomery_1955_q5,mcq,"Kdo vede Montgomery Improvement Association, aby zorganizovala bojkot?","Martin Luther King Jr., mladý 26letý pastor, se ujal kormidla Montgomery Improvement Association a stal se tváří hnutí.","[""Martin Luther King Jr., pastor 26 let"", ""Sama Rosa Parksová"", ""Řidič autobusu James Blake"", ""Federální soudce z Alabamy""]",0,,,,,,
course_21_rosa_parks_et_montgomery_1955,course_21_rosa_parks_et_montgomery_1955_q6,numericSlider,Kolik dní trvá bojkot autobusu v Montgomery?,"Bojkot trval 381 dní, od 5. prosince 1955 do 21. prosince 1956.",,,,381.0,100.0,600.0,20.0,dny
course_21_rosa_parks_et_montgomery_1955,course_21_rosa_parks_et_montgomery_1955_q7,percentageSlider,Jaký podíl jezdců autobusu Montgomery tvoří černoši?,"Černoši tvoří asi 75 % jezdců autobusů, což vysvětluje masivní ekonomický dopad bojkotu.",,,,75.0,0.0,100.0,10.0,%
course_21_rosa_parks_et_montgomery_1955,course_21_rosa_parks_et_montgomery_1955_q8,mcq,Které rozhodnutí právně ukončuje segregaci v autobusech Alabamy?,"13. listopadu 1956 Nejvyšší soud potvrdil, že segregace autobusů v Alabamě je protiústavní.","[""Rozhodnutí Nejvyššího soudu ze dne 13. listopadu 1956"", ""Výkonný příkaz prezidenta Eisenhowera"", ""Hlasování Kongresu USA"", ""Dohoda mezi Kingem a autobusovou společností""]",0,,,,,,
course_21_rosa_parks_et_montgomery_1955,course_21_rosa_parks_et_montgomery_1955_q9,chronological,Seřaďte tyto události Montgomeryho bojkotu v chronologickém pořadí.,Od zatčení Rosy Parksové do konce bojkotu uplynulo mezi prosincem 1955 a prosincem 1956 381 dní.,,,"[""Zatčení Rosy Parksové"", ""Začátek bojkotu autobusů"", ""Nejvyšší soud rozhodl proti segregaci autobusů"", ""Oficiální konec bojkotu""]",,,,,
course_220_la_desinformation_et_les_fake_news,course_220_la_desinformation_et_les_fake_news_q1,numericSlider,"Jak vyplývá ze studie MIT z roku 2018, kolikrát rychleji se šíří nepravdivé informace než ověřené informace na Twitteru?","Studie MIT zveřejněná v roce 2018 ukázala, že nepravdivé informace se šíří asi 6x rychleji než ověřené informace na Twitteru.",,,,6.0,0.0,20.0,1.0,krát
course_220_la_desinformation_et_les_fake_news,course_220_la_desinformation_et_les_fake_news_q2,mcq,"Jak se nazývá mechanismus, kterým jsou algoritmy sociálních médií navrženy tak, aby maximalizovaly dobu strávenou na obrazovce?","Ekonomika pozornosti odkazuje na skutečnost, že algoritmy sociálních médií jsou navrženy tak, aby maximalizovaly čas strávený na obrazovce a zaměřovaly se spíše na emoce a šok než na nuance.","[""Ekonomika pozornosti"", ""Sloní křivka"", ""Síťový efekt"", ""Algoritmická podřízenost""]",0,,,,,,
course_220_la_desinformation_et_les_fake_news,course_220_la_desinformation_et_les_fake_news_q3,mcq,Co je filtrační bublina?,"Filtrační bublina uzamkne uživatele internetu do prostoru, kde jim algoritmy zobrazují pouze obsah, který potvrzuje jejich již zastávané názory, což ztěžuje jakoukoli opravu.","[""Prostor, kde algoritmy zobrazují pouze obsah potvrzující již existující názory"", ""Nástroj pro kontrolu faktů používaný novináři"", ""Technika šifrování osobních údajů"", ""Sociální síť specializující se na ověřování faktů""]",0,,,,,,
course_220_la_desinformation_et_les_fake_news,course_220_la_desinformation_et_les_fake_news_q4,mcq,"Za jakým účelem vytvořila Ruská agentura pro výzkum internetu tisíce falešných účtů, aby podpořila napětí v západních demokraciích?","Internet Research Agency se nesnažila hájit konkrétní stranu: cílem bylo často vytvořit chaos a přimět lidi, aby věřili, že „všichni lžou“.","[""Vytvořte chaos a přimějte lidi věřit, že „všichni lžou“"", ""Hájit jeden konkrétní politický tábor"", ""Prodávejte cílené reklamy firmám"", ""Podpora ruského cestovního ruchu v zahraničí""]",0,,,,,,
course_220_la_desinformation_et_les_fake_news,course_220_la_desinformation_et_les_fake_news_q5,mcq,Proč mladí podnikatelé ve městě Veles v Severní Makedonii v roce 2016 vytvořili stránky s falešnými zprávami?,"Ve Veles vytvářeli mladí podnikatelé senzační stránky bez jakéhokoli politického přesvědčení, jen aby vydělali peníze z generovaného provozu.","[""Pouze za účelem vydělávání peněz z provozu generovaného na sociálních médiích"", ""Podporovat makedonskou politickou stranu"", ""Na příkaz zahraniční vlády"", ""Veřejně odsuzovat dezinformace""]",0,,,,,,
course_220_la_desinformation_et_les_fake_news,course_220_la_desinformation_et_les_fake_news_q6,mcq,Jaká novinářská disciplína se vyvinula k ověřování faktů tváří v tvář záplavě dezinformací?,"Ověřování faktů, ověřování faktů, se stalo samo o sobě novinářskou disciplínou, kterou provozují zejména agentury jako AFP.","[""Ověřování faktů"", ""Dolování dat"", ""Lobbování"", ""Virální marketing""]",0,,,,,,
course_220_la_desinformation_et_les_fake_news,course_220_la_desinformation_et_les_fake_news_q7,trueFalse,"Pravda nebo nepravda: deepfakes jsou videa upravená umělou inteligencí, díky kterým je stále obtížnější rozlišovat mezi pravdou a nepravdou.","Deepfakes umožňují přimět člověka, aby řekl cokoli s rušivým realismem, takže rozlišení mezi pravdou a nepravdou je pro netrénované oko obtížné.","[""Pravda"", ""Nepravda""]",0,,,,,,
course_220_la_desinformation_et_les_fake_news,course_220_la_desinformation_et_les_fake_news_q8,mcq,"Jak nazýváme současnou éru, kdy objektivní fakta někdy váží méně než emoce a osobní přesvědčení?","Nyní hovoříme o post-pravdivé době, kdy objektivní fakta někdy váží méně než emoce a osobní přesvědčení.","[""Éra post-pravdy"", ""Věk celkových informací"", ""Éra ověřování faktů"", ""Post-digitální éra""]",0,,,,,,
course_220_la_desinformation_et_les_fake_news,course_220_la_desinformation_et_les_fake_news_q9,mcq,Jaká je podle kurzu nejrobustnější reakce na dezinformace?,"Nejspolehlivější odpovědí zůstává mediální výchova: naučit se ověřovat zdroj, křížově odkazovat na několik informací a pochopit, jak fungují algoritmy.","[""Mediální výchova"", ""Úplný zákaz sociálních sítí"", ""Systematická vládní cenzura"", ""Úplné opuštění internetu""]",0,,,,,,
course_221_le_trou_de_la_couche_d_ozone_et_sa_gueri,course_221_le_trou_de_la_couche_d_ozone_et_sa_gueri_q1,mcq,Ve které vrstvě atmosféry se nachází ozonová vrstva ve výšce mezi 15 a 35 km?,"Ozonová vrstva se nachází mezi 15 a 35 kilometry nad mořem, ve stratosféře, kde pohlcuje většinu UV-B.","[""Stratosféra"", ""Troposféra"", ""Mezosféra"", ""Ionosféra""]",0,,,,,,
course_221_le_trou_de_la_couche_d_ozone_et_sa_gueri,course_221_le_trou_de_la_couche_d_ozone_et_sa_gueri_q2,mcq,"Které plyny, vynalezené ve 30. letech 20. století a používané v ledničkách a aerosolech, jsou zodpovědné za ničení ozónové vrstvy?","Chlorfluoruhlovodíky (CFC), vynalezené ve 30. letech 20. století, uvolňují pod vlivem Slunce chlór, jakmile vystoupí do stratosféry a ničí ozón.","[""Chlorfluoruhlovodíky (CFC)"", ""Oxid uhličitý"", ""Metan"", ""Samotný ozón""]",0,,,,,,
course_221_le_trou_de_la_couche_d_ozone_et_sa_gueri,course_221_le_trou_de_la_couche_d_ozone_et_sa_gueri_q3,numericSlider,Ve kterém roce Mario Molina a Frank Sherwood Rowland varovali před souvislostí mezi freony a ničením ozónu?,"V roce 1974 chemici Mario Molina a Frank Sherwood Rowland varovali, že CFC uvolňují chlór, který ničí ozón; v roce 1995 dostanou Nobelovu cenu.",,,,1974.0,1930.0,2000.0,3.0,
course_221_le_trou_de_la_couche_d_ozone_et_sa_gueri,course_221_le_trou_de_la_couche_d_ozone_et_sa_gueri_q4,mcq,Proč satelity NASA nezaznamenaly ozónovou díru před British Antarctic Survey v roce 1985?,"Satelity NASA tato data již měly, ale jejich software je odmítl jako příliš extrémní, než aby to byla pravda.","[""Jejich software odmítl data jako příliš extrémní na to, aby to byla pravda"", ""NASA ještě neměla satelity na oběžné dráze"", ""Údaje byly klasifikovány vládou USA."", ""Antarktida byla pro satelity nepřístupná""]",0,,,,,,
course_221_le_trou_de_la_couche_d_ozone_et_sa_gueri,course_221_le_trou_de_la_couche_d_ozone_et_sa_gueri_q5,numericSlider,"Kolik zemí podepsalo Montrealský protokol původně, v roce 1987?",Montrealský protokol měl zpočátku pouze 24 zemí; dnes sdružuje 197 všech členů Organizace spojených národů.,,,,24.0,0.0,100.0,5.0,země
course_221_le_trou_de_la_couche_d_ozone_et_sa_gueri,course_221_le_trou_de_la_couche_d_ozone_et_sa_gueri_q6,trueFalse,"Pravda nebo lež: Montrealský protokol je jedinou smlouvou v historii Organizace spojených národů, kterou ratifikovaly všechny země světa bez výjimky.","Montrealský protokol je jedinou smlouvou v historii Organizace spojených národů, kterou ratifikovaly všechny země světa bez výjimky.","[""Pravda"", ""Nepravda""]",0,,,,,,
course_221_le_trou_de_la_couche_d_ozone_et_sa_gueri,course_221_le_trou_de_la_couche_d_ozone_et_sa_gueri_q7,mcq,Proč je podle kurzu snižování emisí CO₂ mnohem obtížnější než zákaz CFC?,"Ozonová díra pochází z malého počtu plynů vyrobených malým počtem továren, které lze snadno zaměřit, zatímco CO₂ pochází téměř ze všeho, co naše moderní společnost dělá.","[""CO₂ pochází téměř ze všech moderních ekonomických aktivit, zatímco CFC pocházejí z malého počtu továren"", ""CO₂ nemá žádný vliv na klima"", ""Neexistuje žádná mezinárodní dohoda o klimatu"", ""CO₂ je snadněji detekovatelný satelitem než CFC""]",0,,,,,,
course_221_le_trou_de_la_couche_d_ozone_et_sa_gueri,course_221_le_trou_de_la_couche_d_ozone_et_sa_gueri_q8,numericSlider,"Přibližně o kolik stupňů Celsia dodatečného oteplení by CFC mohly přidat Zemi do roku 2050, bez Montrealského protokolu?",Bez této smlouvy by CFC mohly do roku 2050 přidat asi 1 °C dodatečného oteplení Země kvůli jejich skleníkovému efektu.,,,,1.0,0.0,5.0,0.5,°C
course_221_le_trou_de_la_couche_d_ozone_et_sa_gueri,course_221_le_trou_de_la_couche_d_ozone_et_sa_gueri_q9,chronological,Seřaďte tyto kroky v příběhu ozonové díry v chronologickém pořadí.,"Tyto čtyři fáze označují historii ozonové díry: vědecká výstraha z roku 1974, potvrzení díry v roce 1985, podpis smlouvy v roce 1987 a poté měřitelný začátek obnovy od roku 2000.",,,"[""Vědecká pohotovost Moliny a Rowlanda"", ""Potvrzení díry od British Antarctic Survey"", ""Podpis Montrealského protokolu"", ""Měřitelný začátek hojení ozónové vrstvy""]",,,,,
course_221_le_trou_de_la_couche_d_ozone_et_sa_gueri,course_221_le_trou_de_la_couche_d_ozone_et_sa_gueri_q10,numericSlider,"Do kterého roku by se měla ozonová vrstva vrátit do stavu z roku 1980, pokud bude smlouva nadále dodržována?","Pokud bude smlouva nadále dodržována, ozonová vrstva by se měla vrátit do stavu z roku 1980 kolem roku 2065-2070.",,,,2065.0,2020.0,2100.0,10.0,
course_222_la_crise_de_la_biodiversite,course_222_la_crise_de_la_biodiversite_q1,mcq,"Kdo každoročně vydává Index živých planet, který měří stav populací zvířat po celém světě?","WWF každý rok zveřejňuje Living Planet Index, jehož zpráva z roku 2022 odhalila 69% pokles populací zvířat od roku 1970.","[""WWF"", ""OSN"", ""IPCC"", ""IPBES""]",0,,,,,,
course_222_la_crise_de_la_biodiversite,course_222_la_crise_de_la_biodiversite_q2,percentageSlider,Jak moc podle Living Planet Index klesla populace volně žijících živočichů v průměru mezi lety 1970 a 2018?,Mezi lety 1970 a 2018 klesly populace volně žijících živočichů celosvětově v průměru o 69 %.,,,,69.0,0.0,100.0,5.0,%
course_222_la_crise_de_la_biodiversite,course_222_la_crise_de_la_biodiversite_q3,mcq,Co je podle vědců nejničivější příčinou ztráty biodiverzity?,"Změna ve využívání půdy je první a nejničivější z pěti příčin identifikovaných vědci, protože rozřezává přírodní stanoviště na fragmenty, které jsou příliš izolované na to, aby přežily.","[""Změna ve využívání půdy (odlesňování, urbanizace, intenzivní zemědělství)"", ""Nadměrné využívání druhů (nadměrný rybolov, lov)"", ""Znečištění pesticidy a plasty"", ""Příchod invazních druhů""]",0,,,,,,
course_222_la_crise_de_la_biodiversite,course_222_la_crise_de_la_biodiversite_q4,trueFalse,"Pravda nebo lež: 94% pokles populací zvířat pozorovaný v Latinské Americe znamená, že 94% druhů tam zmizelo.","Tento pokles měří velikost populací, nikoli počet vyhynulých druhů: druhy přežívají, ale ve velmi malých počtech, což je činí křehkými tváří v tvář úplnému vyhynutí.","[""Pravda"", ""Nepravda""]",1,,,,,,
course_222_la_crise_de_la_biodiversite,course_222_la_crise_de_la_biodiversite_q5,percentageSlider,"Jak velká část světových potravinářských plodin závisí na opylujícím hmyzu, který má být oplodněn?",Asi 75 % světových potravinářských plodin závisí na opylování hmyzem.,,,,75.0,0.0,100.0,5.0,%
course_222_la_crise_de_la_biodiversite,course_222_la_crise_de_la_biodiversite_q6,mcq,Jaký cíl si stanovily země světa na COP15 v Montrealu v roce 2022?,Na COP15 v Montrealu v roce 2022 si země stanovily cíl chránit 30 % půdy a moří do roku 2030.,"[""Do roku 2030 ochránit 30 % pevniny a moří"", ""Do roku 2030 odstraňte všechny pesticidy"", ""Znovu zalesnit polovinu planety do roku 2050"", ""Zákaz průmyslového rybolovu do roku 2030""]",0,,,,,,
course_222_la_crise_de_la_biodiversite,course_222_la_crise_de_la_biodiversite_q7,mcq,"Jak nazýváme prahy, kde se ekosystém náhle a téměř nenávratně zhroutí, jako když se amazonský prales promění v savanu?","Ekologické body zlomu se týkají těch prahových hodnot, kdy se ekosystém náhle zhroutí a způsobem, který je téměř nemožné zvrátit.","[""Ekologické body zvratu"", ""Planetární hranice"", ""Index živé planety"", ""Ekologická odolnost""]",0,,,,,,
course_222_la_crise_de_la_biodiversite,course_222_la_crise_de_la_biodiversite_q8,mcq,Kolika přibližně živočišným a rostlinným druhům je podle IPBES v současnosti ohroženo vyhynutí?,"Podle IPBES je nyní kolem milionu živočišných a rostlinných druhů ohroženo vyhynutí, někdy v příštích desetiletích.","[""Asi milion"", ""Asi sto tisíc"", ""Asi deset milionů"", ""Asi deset tisíc""]",0,,,,,,
course_222_la_crise_de_la_biodiversite,course_222_la_crise_de_la_biodiversite_q9,mcq,Co nám zpráva Dasgupta Review připomíná o vztahu mezi ekonomikou a přírodou?,"Zpráva Dasgupta Review nám připomíná, že naše ekonomika závisí na přírodě, nikoli naopak, zatímco služby, které poskytuje (opylování, regulace vody, úrodná půda), jsou často neviditelné, protože jsou zdarma.","[""Naše ekonomika závisí na přírodě, ne naopak"", ""Příroda nemá žádnou měřitelnou ekonomickou hodnotu"", ""HDP již správně odráží přírodní bohatství"", ""Biodiverzita nemá žádný vliv na zemědělství""]",0,,,,,,
course_223_l_economie_circulaire,course_223_l_economie_circulaire_q1,mcq,"Jaké je pořadí priority smyček oběhového hospodářství, od nejvíce po nejméně žádoucí?","Cirkulární ekonomika vždy upřednostňuje nejkratší smyčku: ekodesign, pak opětovné použití, pak opravy a recyklace jako úplně poslední možnost.","[""Ekodesign, opětovné použití, oprava, recyklace"", ""Recyklace, oprava, opětovné použití, ekodesign"", ""Opětovné použití, recyklace, ekodesign, oprava"", ""Oprava, recyklace, opětovné použití, ekodesign""]",0,,,,,,
course_223_l_economie_circulaire,course_223_l_economie_circulaire_q2,percentageSlider,"Kolik procent všech plastů, které kdy lidstvo vyrobilo, bylo skutečně recyklováno?","Pouze 9 % všech plastů, které kdy byly vyrobeny, bylo recyklováno; zbytek skončí v přírodě nebo na skládce, kde může zůstat 450 let.",,,,9.0,0.0,100.0,5.0,%
course_223_l_economie_circulaire,course_223_l_economie_circulaire_q3,numericSlider,"Kolik let vydrží plast vyhozený na skládku, než se úplně znehodnotí?","Plast na skládce může zůstat až 450 let, než se zcela znehodnotí.",,,,450.0,50.0,1000.0,100.0,let
course_223_l_economie_circulaire,course_223_l_economie_circulaire_q4,mcq,"Jak se nazývá tradiční ekonomický model, který se oběhové hospodářství snaží nahradit?","Lineární model, který spočívá v těžbě zdrojů, výrobě produktů a jejich následném vyhazování, je modelem, který se cirkulární ekonomika snaží překonat.","[""Lineární model (extrakce, výroba, vyhození)"", ""Kolaborativní model"", ""Model poklesu"", ""Model plánovaného zastarávání""]",0,,,,,,
course_223_l_economie_circulaire,course_223_l_economie_circulaire_q5,trueFalse,Pravda nebo lež: Recyklace hliníku spotřebuje více energie než jeho těžba ze surové rudy.,"To je nepravda: recyklace hliníku spotřebuje o 95 % méně energie než jeho těžba z bauxitu, surové rudy.","[""Pravda"", ""Nepravda""]",1,,,,,,
course_223_l_economie_circulaire,course_223_l_economie_circulaire_q6,mcq,Co umožňuje „právo na opravu“ zavedené Evropskou unií v roce 2020?,"Právo na opravu vyžaduje, aby výrobci elektronických zařízení poskytovali náhradní díly po dobu několika let.","[""Povinnost výrobců dodávat náhradní díly po dobu několika let"", ""Zakázat prodej jakéhokoli neopravitelného produktu"", ""Nabídka bezplatné doživotní opravy pro každé zařízení"", ""Odstraňte daně z náhradních dílů""]",0,,,,,,
course_223_l_economie_circulaire,course_223_l_economie_circulaire_q7,mcq,Co ukládá výrobcům rozšířená odpovědnost výrobce (EPR)?,"Rozšířená odpovědnost výrobce nutí výrobce platit za odpadové hospodářství svých produktů, což je povzbuzuje k navrhování méně znečišťujících objektů.","[""Platit za odpadové hospodářství vlastních výrobků"", ""Vezměte zpět všechny konkurenční produkty zdarma"", ""Financování výzkumu nových energií"", ""Snižte jejich prodejní ceny každý rok o 10 %.""]",0,,,,,,
course_223_l_economie_circulaire,course_223_l_economie_circulaire_q8,mcq,"Jaký je v pravidle 3R (redukovat, znovu použít, recyklovat) první krok, který má největší vliv na klima?","Snížení, tedy otázka, zda je nákup skutečně nutný, je prvním krokem pravidla 3R a tím, který má největší vliv na klima.","[""Snižte, zeptejte se sami sebe, zda je nákup opravdu nezbytný"", ""Systematicky recyklujte každý předmět"", ""Opakovaně používejte objekt tak dlouho, jak je to možné"", ""Před vyhozením předmět opravte""]",0,,,,,,
course_224_pourquoi_les_abeilles_sont_elles_vitales,course_224_pourquoi_les_abeilles_sont_elles_vitales_q1,percentageSlider,"Jak velká část světových potravinářských plodin závisí, alespoň trochu, na opylovačích, jako jsou včely?","Přibližně 75 % světových potravinářských plodin závisí, alespoň trochu, na opylovačích, jako jsou včely, včetně kávy, kakaa a mandlí.",,,,75.0,0.0,100.0,5.0,%
course_224_pourquoi_les_abeilles_sont_elles_vitales,course_224_pourquoi_les_abeilles_sont_elles_vitales_q2,mcq,Co je opylení?,"Opylení je transport pylu, samčích buněk jedné květiny, do samičího orgánu jiné květiny stejného druhu.","[""Transport pylu z jedné květiny do samičího orgánu jiné květiny stejného druhu"", ""Produkce medu včelami"", ""Stavba úlu kolonií"", ""Rozmnožování včel mezi sebou""]",0,,,,,,
course_224_pourquoi_les_abeilles_sont_elles_vitales,course_224_pourquoi_les_abeilles_sont_elles_vitales_q3,percentageSlider,Jaké procento svých včelstev ztratili od 90. let každou zimu někteří včelaři?,"Od 90. let 20. století někteří včelaři každou zimu ztrácejí až 30 až 50 % svých včelstev, zatímco přirozená ztráta by se měla pohybovat kolem 10 %.",,,,40.0,0.0,100.0,10.0,%
course_224_pourquoi_les_abeilles_sont_elles_vitales,course_224_pourquoi_les_abeilles_sont_elles_vitales_q4,trueFalse,Pravda nebo lež: přirozený úbytek včelstev by měl být každou zimu běžně kolem 50 %.,Přirozená ztráta by se měla pohybovat kolem 10 % za zimu; ztráty ve výši 30 až 50 % pozorované od 90. let jsou abnormální a znepokojivé.,"[""Pravda"", ""Nepravda""]",1,,,,,,
course_224_pourquoi_les_abeilles_sont_elles_vitales,course_224_pourquoi_les_abeilles_sont_elles_vitales_q5,mcq,Která skupina pesticidů je zvláště zodpovědná za úbytek včel?,"Neonikotinoidy prostupují celou rostlinou, včetně jejího nektaru a pylu, dezorientují včely a oslabují jejich imunitní systém.","[""Neonikotinoidy"", ""Herbicidy"", ""Fungicidy"", ""Dusíkatá hnojiva""]",0,,,,,,
course_224_pourquoi_les_abeilles_sont_elles_vitales,course_224_pourquoi_les_abeilles_sont_elles_vitales_q6,mcq,Kolik druhů včel je na světě přibližně kromě včely medonosné?,"Včela domácí je pouze jedním druhem z více než 20 000 na světě, včetně čmeláků a osmia.","[""Více než 20 000"", ""Asi 500"", ""Asi 2000"", ""Kolem 100 000""]",0,,,,,,
course_224_pourquoi_les_abeilles_sont_elles_vitales,course_224_pourquoi_les_abeilles_sont_elles_vitales_q7,mcq,"Proč mohou čmeláci opylovat některé květiny, například květy rajčat, které včela medonosná neopylí efektivně?","Některé květiny, jako jsou ty z rajčete, uvolňují svůj pyl pouze při specifické vibraci; Čmeláci vědí, jak to udělat pomocí techniky zvané sonikace, na rozdíl od včel.","[""Vědí, jak rozvibrovat květinu pomocí techniky zvané sonikace"", ""Létají rychleji než včely"", ""Produkují více pylu"", ""Žijí déle než včely""]",0,,,,,,
course_224_pourquoi_les_abeilles_sont_elles_vitales,course_224_pourquoi_les_abeilles_sont_elles_vitales_q8,mcq,Co udělala Evropská unie v roce 2018 pro ochranu opylovačů?,"Evropská unie v roce 2018 zakázala tři hlavní neonikotinoidy na otevřených polích, aby snížila jejich dopad na opylovače.","[""Zakázala tři hlavní neonikotinoidy v otevřených polích"", ""Zakázala veškeré intenzivní zemědělství"", ""Městské včelaření bylo povinné"", ""Zdanila dovoz medu""]",0,,,,,,
course_225_la_montee_des_eaux,course_225_la_montee_des_eaux_q1,numericSlider,Jak moc by se podle nejpesimističtějšího scénáře mohly do roku 2100 oceány maximálně zvedat?,"Podle nejpesimističtějších scénářů by se hladiny oceánů mohly do roku 2100 zvednout až o jeden metr, tedy 100 centimetrů.",,,,100.0,0.0,300.0,30.0,cm
course_225_la_montee_des_eaux,course_225_la_montee_des_eaux_q2,mcq,Jaké dva fyzikální mechanismy jsou zodpovědné za vzestup hladiny moře?,"Hladina moří stoupá ze dvou důvodů: tepelná expanze vody, která se zahřívá, a tání ledu umístěného na souši, jako je Grónsko nebo Antarktida.","[""Tepelná expanze vody a tání suchozemského ledu"", ""Tající arktický mořský led a příliv a odliv"", ""Odpařování a srážení"", ""Desková tektonika a mořské proudy""]",0,,,,,,
course_225_la_montee_des_eaux,course_225_la_montee_des_eaux_q3,trueFalse,"Pravda nebo lež: tání arktického mořského ledu, který už plave na vodě, způsobuje vzestup hladiny moří.","Arktický ledový obal již plave na vodě: jeho tání nezpůsobuje zvýšení hladiny moří, na rozdíl od tání ledu umístěného na souši, jako je Grónsko.","[""Pravda"", ""Nepravda""]",1,,,,,,
course_225_la_montee_des_eaux,course_225_la_montee_des_eaux_q4,percentageSlider,Kolik z přebytečného tepla vytvořeného lidskou činností od roku 1970 pohltily oceány?,"Oceány od roku 1970 absorbovaly více než 90 % přebytečného tepla generovaného lidskou činností, což způsobuje bobtnání jejich objemu.",,,,90.0,0.0,100.0,5.0,%
course_225_la_montee_des_eaux,course_225_la_montee_des_eaux_q5,numericSlider,Jaká je současná rychlost stoupání hladiny moře v milimetrech za rok?,"Rychlost stoupání moře je dnes kolem 3,6 mm za rok, ve srovnání s 1,4 mm za rok ve 20. století, což je zrychlení o více než 150 %.",,,,3.6,0.0,10.0,1.0,mm/rok
course_225_la_montee_des_eaux,course_225_la_montee_des_eaux_q6,mcq,Co by mohlo způsobit zvýšení hladiny moří o 50 centimetrů v závislosti na kurzu?,"Nárůst o 50 centimetrů může stačit k tomu, aby se katastrofa očekávaná jednou za století proměnila v téměř každoroční událost.","[""Proměna 100leté povodně v téměř každoroční událost"", ""Snižte četnost bouřek"", ""Stabilizovat mořské proudy"", ""Snížit slanost oceánu""]",0,,,,,,
course_225_la_montee_des_eaux,course_225_la_montee_des_eaux_q7,mcq,"V Bangladéši, kde žije 170 milionů lidí, jak velká část území by mohla být ztracena při zvýšení hladiny moří o jeden metr?",V Bangladéši by zvýšení hladiny moří o jeden metr mohlo způsobit ztrátu 17 % území.,"[""17%"", ""50%"", ""5%"", ""80%""]",0,,,,,,
course_225_la_montee_des_eaux,course_225_la_montee_des_eaux_q8,mcq,Proč je Jakarta zvláště ohrožena stoupajícími vodami?,"Jakarta spojuje stoupající hladinu vody a pokles půdy způsobený nadměrným čerpáním podzemních vod, což je dvojí hrozba, která donutila Indonésii vybudovat nové hlavní město Nusantara.","[""Město se propadá do země kvůli nadměrnému čerpání spodních vod, navíc se zvyšují hladiny moří"", ""Od svého založení byl postaven zcela pod hladinou moře."", ""Nemá žádnou ochrannou hráz."", ""Nachází se na aktivním seismickém zlomu""]",0,,,,,,
course_225_la_montee_des_eaux,course_225_la_montee_des_eaux_q9,trueFalse,"Pravda nebo lež: V roce 2009 uspořádala maledivská vláda zasedání podvodního kabinetu, aby upozornila svět na stoupající hladinu moří.",V roce 2009 maledivská vláda skutečně uspořádala schůzi vlády pod vodou v potápěčských oblecích před velkou konferencí o klimatu.,"[""Pravda"", ""Nepravda""]",0,,,,,,
course_226_l_ia_et_l_emploi,course_226_l_ia_et_l_emploi_q1,mcq,Kdo byli luddisté ​​na počátku 19. století?,"Luddisté ​​byli britští textilní dělníci, kteří v letech 1811 až 1816 zničili elektrické tkalcovské stavy ohrožující jejich řemeslo.","[""Britští textilní dělníci, kteří zničili elektrické tkalcovské stavy"", ""Vynálezci parního stroje"", ""Ekonomové bránící volný trh"", ""francouzské hornické odbory""]",0,,,,,,
course_226_l_ia_et_l_emploi,course_226_l_ia_et_l_emploi_q2,percentageSlider,Na jaké procento aktivního obyvatelstva klesl po přechodu od zemědělství k průmyslu podíl zemědělců ve srovnání se 40 % o století dříve?,"Přechod od zemědělství k průmyslu snížil za století podíl zemědělců ze 40 % na 2 % aktivního obyvatelstva, aniž by způsobil trvalou nezaměstnanost.",,,,2.0,0.0,100.0,5.0,%
course_226_l_ia_et_l_emploi,course_226_l_ia_et_l_emploi_q3,mcq,Jak generativní umělá inteligence znamená skutečný zlom od tradičních počítačů?,"Generativní umělá inteligence znamená skutečnou změnu, protože se již neřídí pouze předem stanovenými pravidly: na rozdíl od tradičních počítačů vytváří originální obsah.","[""Vytváří originální obsah, místo aby pouze dodržovala předem stanovená pravidla"", ""Funguje pouze pro fyzické úkoly"", ""Nahrazuje pouze opakované úlohy zadávání dat"", ""Může fungovat pouze offline""]",0,,,,,,
course_226_l_ia_et_l_emploi,course_226_l_ia_et_l_emploi_q4,mcq,Které profese patří podle posledních zpráv mezi nejvíce vystavené generativní umělé inteligenci?,"Právníci, redaktoři a finanční analytici patří mezi nejexponovanější profese, protože generativní umělá inteligence postihuje především bílé límečky, jejichž hlavním pracovním nástrojem je analýza.","[""Právníci, redaktoři a finanční analytici"", ""Instalatéři, elektrikáři a zedníci"", ""Zemědělci a rybáři"", ""Chirurgové a sestry""]",0,,,,,,
course_226_l_ia_et_l_emploi,course_226_l_ia_et_l_emploi_q5,mcq,"Jaká nová profese se objevila s rozšířením generativní umělé inteligence, spočívající ve formulování přesných instrukcí pro dosažení nejlepšího výsledku?","Rychlý inženýr je nová profese, která spočívá ve znalosti, jak formulovat přesné pokyny, abyste z AI získali to nejlepší.","[""Pohotový inženýr"", ""Datový vědec"", ""Správce komunity"", ""Webový vývojář""]",0,,,,,,
course_226_l_ia_et_l_emploi,course_226_l_ia_et_l_emploi_q6,trueFalse,Pravda nebo nepravda: Předchozí průmyslové revoluce obecně probíhaly mnohem pomaleji než současná revoluce umělé inteligence.,"Předchozí průmyslové revoluce trvaly desetiletí, což dalo čas na přizpůsobení, zatímco revoluce umělé inteligence se odehrává za několik let.","[""Pravda"", ""Nepravda""]",0,,,,,,
course_226_l_ia_et_l_emploi,course_226_l_ia_et_l_emploi_q7,mcq,Která myšlenka se prosazuje v debatě o přerozdělování bohatství vytvořeného automatizací?,"Myšlenka univerzálního základního příjmu se prosazuje ne jako utopie, ale jako skutečná záchranná síť tváří v tvář automatizaci.","[""Univerzální základní příjem"", ""Úplné zrušení daní z práce"", ""Zákonný zákaz umělé inteligence"", ""Povinný návrat k manuální práci""]",0,,,,,,
course_226_l_ia_et_l_emploi,course_226_l_ia_et_l_emploi_q8,mcq,Jaký optimističtější pohled na AI je v kurzu prezentován?,"Optimističtější pohled vidí AI spíše jako asistenta než náhradu, automatizuje méně zajímavé úkoly a nechává profesionálům více času na lidský nebo strategický aspekt jejich práce.","[""Asistent, který automatizuje opakující se úkoly a dává lidem více času na strategický aspekt"", ""Nástroj, který slouží pouze k zábavě"", ""Technologie vyhrazená pouze pro velké společnosti"", ""Systém, který zcela nahradí každé povolání bez výjimky""]",0,,,,,,
course_227_le_populisme_pourquoi_ca_monte_partout,course_227_le_populisme_pourquoi_ca_monte_partout_q1,mcq,Jaká je podle politologa Jana-Wernera Müllera ústřední myšlenka populismu?,"Podle Jana-Wernera Müllera je ústřední myšlenkou populismu monismus: existuje pouze jeden „skutečný lid“, jehož jediným mluvčím by byl populistický vůdce.","[""Existoval by pouze jeden „skutečný lid“, jehož jediným mluvčím by byl populistický vůdce."", ""Populismus je především protekcionistický ekonomický program"", ""Populismus odmítá jakoukoli formu zastupitelské demokracie"", ""Populismus je definován výhradně odporem k imigraci""]",0,,,,,,
course_227_le_populisme_pourquoi_ca_monte_partout,course_227_le_populisme_pourquoi_ca_monte_partout_q2,mcq,Jak populistický diskurz rozděluje společnost?,"Populistický diskurz rozděluje společnost na dva tábory: na „čisté lidi“, nositele autentických hodnot, a na „zkorumpovanou elitu“, obviňovanou ze zrady obecného zájmu.","[""Mezi „čistými lidmi“ nesoucími autentické hodnoty a „zkorumpovanou elitou“"", ""Mezi mladými a starými lidmi"", ""Pouze mezi městy a venkovem"", ""Mezi věřícími a nevěřícími""]",0,,,,,,
course_227_le_populisme_pourquoi_ca_monte_partout,course_227_le_populisme_pourquoi_ca_monte_partout_q3,mcq,"Jaká byla úplně první velká moderní populistická strana, která se objevila ve Spojených státech v roce 1892?","Lidová strana, vytvořená v roce 1892 ve Spojených státech, je považována za úplně první velkou moderní populistickou stranu; Vyzval zejména ke znárodnění železnic.","[""Lidová strana"", ""Republikánská strana"", ""Demokratická strana"", ""Americká socialistická strana""]",0,,,,,,
course_227_le_populisme_pourquoi_ca_monte_partout,course_227_le_populisme_pourquoi_ca_monte_partout_q4,mcq,Co ukázal výzkumník Branko Milanović o příjmech v letech 1988 až 2008?,"Branko Milanović ukázal, že v letech 1988 až 2008 asijská střední třída a nejbohatší lidé světa zaznamenali nárůst svých příjmů, zatímco západní střední třídy stagnovaly, což podněcovalo pocit snížení ratingu.","[""Asijským středním třídám a těm nejbohatším rostly příjmy, zatímco západní střední třídy stagnovaly"", ""Všechny společenské vrstvy na světě zaznamenaly stejný nárůst příjmů"", ""Pouze chudé země zaznamenaly nárůst příjmů"", ""Západní střední třídy zaznamenaly největší nárůst příjmů na světě""]",0,,,,,,
course_227_le_populisme_pourquoi_ca_monte_partout,course_227_le_populisme_pourquoi_ca_monte_partout_q5,trueFalse,Pravda nebo lež: migrační krize v roce 2015 přispěla k posílení pocitu nejistoty identity v Evropě.,Zrychlení společenských změn a migrační krize z roku 2015 vytvořily u mnoha evropských voličů nejistotu identity.,"[""Pravda"", ""Nepravda""]",0,,,,,,
course_227_le_populisme_pourquoi_ca_monte_partout,course_227_le_populisme_pourquoi_ca_monte_partout_q6,mcq,"Jaký typ demokracie vybudoval Viktor Orbán v Maďarsku, kde výsledky voleb ospravedlňují rostoucí koncentraci moci?","Viktor Orbán vybudoval v Maďarsku neliberální demokracii, kde výsledky voleb ospravedlňují stále větší koncentraci moci v jeho rukou.","[""Neliberální demokracie"", ""A participativní demokracie"", ""Přímá demokracie"", ""Federální demokracie""]",0,,,,,,
course_227_le_populisme_pourquoi_ca_monte_partout,course_227_le_populisme_pourquoi_ca_monte_partout_q7,mcq,"Jakou strategii prosazovala Marine Le Penová ve Francii, aby rozšířila svůj elektorát?","Marine Le Penová sledovala strategii démonizace, aby rozšířila svůj voličský základ, a zároveň udržovala diskurz zaměřený na národní preference.","[""Démonizace"", ""Decentralizace"", ""Deindustrializace"", ""Deradikalizace""]",0,,,,,,
course_227_le_populisme_pourquoi_ca_monte_partout,course_227_le_populisme_pourquoi_ca_monte_partout_q8,mcq,"Co dělá populistický vůdce, jakmile je u moci, často, aby si udržel svou image rebela?","Aby si populistický vůdce udržel svou rebelskou image, jakmile je u moci, často jmenuje nové nepřátele, jako jsou soudci nebo státní zaměstnanci, obvinění z blokování jeho vůle.","[""Označuje nové nepřátele, jako jsou soudci nebo státní zaměstnanci"", ""Rezignuje, aby uvolnil místo nástupci"", ""Okamžitě organizuje nové volby"", ""Opouští svůj antielitářský projev""]",0,,,,,,
course_227_le_populisme_pourquoi_ca_monte_partout,course_227_le_populisme_pourquoi_ca_monte_partout_q9,chronological,Seřaďte tyto události související s nárůstem populismu v chronologickém pořadí.,"Tři emblematické milníky: zrod první moderní populistické strany v roce 1892, evropská migrační krize v roce 2015, poté útok na Kapitol v roce 2021 po zpochybnění volebního výsledku.",,,"[""Vytvoření lidové strany ve Spojených státech"", ""Migrační krize v Evropě"", ""Útok na Kapitol ve Washingtonu""]",,,,,
course_228_la_sante_mentale_comme_enjeu_de_societe,course_228_la_sante_mentale_comme_enjeu_de_societe_q1,percentageSlider,Kolik nemocí ve světě souvisí s duševním zdravím?,Duševní zdraví představuje asi 20 % nemocí na celém světě.,,,,20.0,0.0,100.0,5.0,%
course_228_la_sante_mentale_comme_enjeu_de_societe,course_228_la_sante_mentale_comme_enjeu_de_societe_q2,percentageSlider,Jaký podíl globálních rozpočtů na zdravotnictví je věnován na duševní zdraví?,Navzdory své 20% zátěži globálními nemocemi dostává duševní zdraví pouze 2 % zdravotních rozpočtů.,,,,2.0,0.0,100.0,3.0,%
course_228_la_sante_mentale_comme_enjeu_de_societe,course_228_la_sante_mentale_comme_enjeu_de_societe_q3,mcq,Která nemoc je dnes hlavní celosvětovou příčinou invalidity před srdečními chorobami nebo cukrovkou?,Deprese je dnes hlavní globální příčinou invalidity před srdečními chorobami a cukrovkou.,"[""Deprese"", ""Chřipka"", ""Diabetes"", ""Artritida""]",0,,,,,,
course_228_la_sante_mentale_comme_enjeu_de_societe,course_228_la_sante_mentale_comme_enjeu_de_societe_q4,numericSlider,Kolik úmrtí na sebevraždu je ve světě ročně zaznamenáno?,"Sebevražda je zodpovědná za 700 000 úmrtí ročně na celém světě, což je číslo vyšší než počet obětí válek a přírodních katastrof dohromady.",,,,700.0,0.0,2000.0,100.0,tisíce
course_228_la_sante_mentale_comme_enjeu_de_societe,course_228_la_sante_mentale_comme_enjeu_de_societe_q5,mcq,Co uznala Světová zdravotnická organizace v roce 2019 jako fenomén související s prací?,"V roce 2019 WHO uznala syndrom vyhoření jako jev související s prací, který přesunul odpovědnost z jednotlivce samotného na jeho pracovní prostředí.","[""Burn-out (profesionální vyčerpání)"", ""Sezónní deprese"", ""Bipolární porucha"", ""Generalizovaná úzkost""]",0,,,,,,
course_228_la_sante_mentale_comme_enjeu_de_societe,course_228_la_sante_mentale_comme_enjeu_de_societe_q6,numericSlider,"Kolem kterého roku došlo ve Spojených státech k výraznému obratu v nárůstu úzkosti a deprese mezi 12–25letými, který se shodoval s rozšířeným používáním chytrých telefonů?","Tento zlom nastal kolem roku 2012, což odpovídá zobecnění chytrých telefonů a sociálních sítí.",,,,2012.0,1990.0,2020.0,3.0,
course_228_la_sante_mentale_comme_enjeu_de_societe,course_228_la_sante_mentale_comme_enjeu_de_societe_q7,mcq,"Co je to „sociální srovnání nahoru“, zmiňované v souvislosti s vlivem sociálních sítí na mladé lidi?","Vzestupné sociální srovnávání zahrnuje srovnávání se s nerealistickými životními standardy viděnými na sociálních sítích, což u mladých lidí vytváří hluboký pocit nedostatečnosti.","[""Srovnávání se s nereálnou životní úrovní, což vytváří pocit nedostatečnosti"", ""Porovnejte svůj plat s platy svých kolegů"", ""Porovnejte ceny mezi více obchody"", ""Porovnejte své studijní výsledky s výsledky v předchozím roce""]",0,,,,,,
course_228_la_sante_mentale_comme_enjeu_de_societe,course_228_la_sante_mentale_comme_enjeu_de_societe_q8,numericSlider,Kolik se ve Spojených státech odhadují roční náklady na syndrom vyhoření a utrpení v práci v miliardách dolarů?,Roční náklady na syndrom vyhoření a utrpení v práci se jen ve Spojených státech odhadují na 300 miliard dolarů ročně.,,,,300.0,0.0,1000.0,50.0,miliard dolarů
course_228_la_sante_mentale_comme_enjeu_de_societe,course_228_la_sante_mentale_comme_enjeu_de_societe_q9,trueFalse,Pravda nebo lež: Generalizovaná úzkost postihuje přibližně 300 milionů lidí na celém světě.,"Generalizovaná úzkost postihuje přibližně 300 milionů lidí na celém světě, což je jedna z nejčastějších poruch duševního zdraví.","[""Pravda"", ""Nepravda""]",0,,,,,,
course_229_l_ue_comment_ca_marche_vraiment,course_229_l_ue_comment_ca_marche_vraiment_q1,numericSlider,Kolik občanů přibližně spravuje Evropská unie?,Evropská unie spravuje přibližně 450 milionů občanů.,,,,450.0,100.0,800.0,50.0,milionů
course_229_l_ue_comment_ca_marche_vraiment,course_229_l_ue_comment_ca_marche_vraiment_q2,mcq,"Která instituce určuje hlavní politické směry EU během summitů, aniž by sama psala zákony?","Evropská rada, složená z hlav států členských zemí, stanovuje hlavní politické směry na summitech, aniž by sama psala zákony.","[""Evropská rada"", ""Evropský parlament"", ""Evropská komise"", ""Soudní dvůr EU""]",0,,,,,,
course_229_l_ue_comment_ca_marche_vraiment,course_229_l_ue_comment_ca_marche_vraiment_q3,mcq,Jaká je jediná evropská instituce volená přímo občany?,"Evropský parlament je jedinou institucí přímo volenou občany, která zajišťuje demokratickou legitimitu systému.","[""Evropský parlament"", ""Evropská rada"", ""Evropská komise"", ""Rada EU""]",0,,,,,,
course_229_l_ue_comment_ca_marche_vraiment,course_229_l_ue_comment_ca_marche_vraiment_q4,mcq,Která instituce je jediná schopna navrhnout nový evropský zákon?,"Evropská komise má monopol na zákonodárnou iniciativu: je jedinou institucí, která může navrhnout nový zákon.","[""Evropská komise"", ""Evropská rada"", ""Evropský parlament"", ""Soudní dvůr EU""]",0,,,,,,
course_229_l_ue_comment_ca_marche_vraiment,course_229_l_ue_comment_ca_marche_vraiment_q5,mcq,Jaký je rozdíl mezi nařízením a evropskou směrnicí?,"Nařízení platí přímo a stejným způsobem ve všech zemích, přičemž směrnice stanoví cíl, ale nechává každou zemi, aby si vybrala, jak toho dosáhne.","[""Nařízení platí přímo a identicky všude, směrnice stanoví cíl, kterého každá země dosahuje svým vlastním způsobem"", ""Nařízení se týká ekonomiky, směrnice se týká životního prostředí"", ""Nařízení je dočasné, směrnice je trvalé"", ""O nařízení hlasují občané, o směrnici vlády""]",0,,,,,,
course_229_l_ue_comment_ca_marche_vraiment,course_229_l_ue_comment_ca_marche_vraiment_q6,trueFalse,"Pravda nebo lež: Evropská unie může jednat ve všech oblastech, bez jakýchkoli omezení stanovených členskými zeměmi.","To je falešné: EU může jednat pouze v oblastech, které jí země svěřily, z nichž některé k ní patří, jiné jsou sdílené nebo zůstávají národní.","[""Pravda"", ""Nepravda""]",1,,,,,,
course_229_l_ue_comment_ca_marche_vraiment,course_229_l_ue_comment_ca_marche_vraiment_q7,mcq,Které předměty zůstávají téměř výhradně řízeny každou zemí a často vyžadují jednomyslnost v Radě EU?,"Citlivá témata, jako jsou daně, zdravotnictví nebo obrana, zůstávají téměř výhradně řízeny každou zemí a často vyžadují jednomyslnost v Radě EU.","[""Zdanění, zdraví a obrana"", ""Mezinárodní obchod a jednotná měna"", ""Životní prostředí a doprava"", ""Konkurence mezi firmami""]",0,,,,,,
course_229_l_ue_comment_ca_marche_vraiment,course_229_l_ue_comment_ca_marche_vraiment_q8,numericSlider,Kolik přibližně agentů má administrativa Evropské unie k řízení celého kontinentu?,"Evropská administrativa má kolem 60 000 agentů, kteří řídí celý kontinent, což je méně než samotné město Paříž.",,,,60.0,0.0,300.0,20.0,tisíce
course_229_l_ue_comment_ca_marche_vraiment,course_229_l_ue_comment_ca_marche_vraiment_q9,mcq,"Co poprvé dosáhl plán EU nové generace, který byl zahájen po pandemii v roce 2020?","Poprvé se členské země dohodly, že si budou půjčovat společně na finančních trzích v rámci plánu příští generace EU, což znamená bod obratu směrem k jednotnější unii.","[""Členské země si společně půjčují na finančních trzích"", ""Je na EU, aby vytvořila společnou armádu"", ""Je na každé zemi, zda svobodně vystoupí z EU"", ""Je na Komisi, aby sama stanovila vnitrostátní daně""]",0,,,,,,
course_229_l_ue_comment_ca_marche_vraiment,course_229_l_ue_comment_ca_marche_vraiment_q10,mcq,Co umožňuje Evropská občanská iniciativa?,"Evropská občanská iniciativa umožňuje jednomu milionu občanů požádat Komisi, aby prostudovala nový zákon.","[""Jeden milion občanů požádal Komisi, aby prostudovala nový zákon"", ""Je na každém občanovi, aby o evropských zákonech hlasoval přímo"", ""Aby nevládní organizace zablokovaly evropský zákon"", ""Společnosti navrhují zákony parlamentu""]",0,,,,,,
course_22_la_crise_des_missiles_de_cuba_1962,course_22_la_crise_des_missiles_de_cuba_1962_q1,mcq,Proč SSSR v roce 1962 tajně instaloval jaderné rakety na Kubě?,"Chruščov chce kompenzovat rakety Jupiter, které Američané instalovali v Itálii a Turecku, velmi blízko SSSR.","[""Obnovit rovnováhu tváří v tvář americkým raketám již instalovaným v Itálii a Turecku"", ""Pomoci Kubě bránit se před hrozící invazí Spojených států"", ""Testovat své rakety v tropickém klimatu"", ""Získat stálou námořní základnu v Karibiku""]",0,,,,,,
course_22_la_crise_des_missiles_de_cuba_1962,course_22_la_crise_des_missiles_de_cuba_1962_q2,mcq,Jak Američané objevili sovětské rakety instalované na Kubě?,14. října 1962 vyfotografovalo americké špionážní letadlo U-2 sovětské raketové rampy na kubánské půdě.,"[""Díky fotografiím špionážního letadla U-2, 14. října 1962"", ""Díky vysoce postavenému sovětskému přeběhlíkovi"", ""Díky fámám vysílaným rádiem Moskva"", ""Díky veřejnému prohlášení Fidela Castra""]",0,,,,,,
course_22_la_crise_des_missiles_de_cuba_1962,course_22_la_crise_des_missiles_de_cuba_1962_q3,mcq,Jaké řešení zvolil Kennedy spíše než okamžitý úder nebo invazi na Kubu?,"Kennedy zvolil střední cestu: námořní blokádu, kterou nazval „karanténa“, aby se vyhnul slovu „blokáda“, což je v mezinárodním právu ekvivalentní vyhlášení války.","[""Námořní blokáda, kterou nazývá „karanténa“"", ""Okamžité jaderné ultimátum Moskvě"", ""Vojenské spojenectví s Castrem"", ""Jednostranné stažení amerických jednotek z Evropy""]",0,,,,,,
course_22_la_crise_des_missiles_de_cuba_1962,course_22_la_crise_des_missiles_de_cuba_1962_q4,trueFalse,"Pravda nebo lež: 27. říjen 1962, přezdívaný „černá sobota“, byl nejklidnějším okamžikem celé krize.",Černá sobota je naopak nejnebezpečnějším dnem: U-2 je sestřelena a sovětská ponorka je téměř připravena vypustit jaderné torpédo.,"[""Pravda"", ""Nepravda""]",1,,,,,,
course_22_la_crise_des_missiles_de_cuba_1962,course_22_la_crise_des_missiles_de_cuba_1962_q5,mcq,Kdo odmítne na palubě sovětské ponorky B-59 potvrdit výstřel jaderného torpéda?,"Vasilij Arkhipov, politický důstojník na palubě B-59, řekl ne, i když dva další důstojníci s výstřelem souhlasili.","[""Vasilij Arkhipov"", ""Nikita Chruščov"", ""John F. Kennedy"", ""Fidel Castro""]",0,,,,,,
course_22_la_crise_des_missiles_de_cuba_1962,course_22_la_crise_des_missiles_de_cuba_1962_q6,numericSlider,Kolik dní trvala kubánská raketová krize v říjnu 1962?,"Krize trvala 13 dní, od 14. do 28. října 1962, než Chruščov oznámil stažení raket.",,,,13.0,1.0,40.0,2.0,dny
course_22_la_crise_des_missiles_de_cuba_1962,course_22_la_crise_des_missiles_de_cuba_1962_q7,mcq,Jaká tajná klauzule doprovází oficiální řešení kubánské raketové krize?,Výměnou za stažení sovětských raket z Kuby Američané tajně souhlasili se stažením vlastních raket z Türkiye.,"[""Pozdější stažení amerických raket instalovaných v Türkiye"", ""Oficiální uznání Castrova režimu Spojenými státy"", ""Okamžité zrušení amerického embarga na Kubu"", ""Členství Kuby v NATO""]",0,,,,,,
course_22_la_crise_des_missiles_de_cuba_1962,course_22_la_crise_des_missiles_de_cuba_1962_q8,mcq,"Jaká doktrína převládá po krizi, podle níž nikdo nemůže vyhrát jadernou válku?","Vyžaduje se doktrína vzájemně zajištěného zničení: protože nikdo nemůže vyhrát jadernou válku, nikdo by ji neměl rozpoutat.","[""Vzájemné zaručené zničení (MAD)"", ""Trumanova doktrína"", ""Chruščovovo mírové soužití"", ""Teorie domina""]",0,,,,,,
course_22_la_crise_des_missiles_de_cuba_1962,course_22_la_crise_des_missiles_de_cuba_1962_q9,chronological,Seřaďte tyto události kubánské raketové krize v chronologickém pořadí.,Od selhání Zátoky sviní v roce 1961 po stažení raket v říjnu 1962 tyto milníky sledují vzestup a poté vyřešení krize.,,,"[""Neúspěšné přistání v Zátoce sviní"", ""Objev sovětských raket na Kubě"", ""Kennedyho televizní projev oznamující karanténu"", ""Černá sobota: U-2 sestřelena a ponorka se chystá vystřelit"", ""Oznámení o stažení sovětských raket""]",,,,,
course_230_la_liberte_de_la_presse_dans_le_monde,course_230_la_liberte_de_la_presse_dans_le_monde_q1,percentageSlider,"Jaký podíl světové populace žije v zemi, kde je tisk skutečně svobodný, podle údajů z roku 2024?","Podle údajů z roku 2024 žije méně než 10 % světové populace v oblasti, kde tisk funguje bez překážek.",,,,10.0,0.0,100.0,3.0,%
course_230_la_liberte_de_la_presse_dans_le_monde,course_230_la_liberte_de_la_presse_dans_le_monde_q2,mcq,Která organizace vydává každý rok referenční zprávu o překážkách profese novináře po celém světě?,Reportéři bez hranic publikují každý rok referenční zprávu o překážkách profese novináře po celém světě.,"[""Reportéři bez hranic (RSF)"", ""OSN"", ""pouze UNESCO"", ""Amnesty International""]",0,,,,,,
course_230_la_liberte_de_la_presse_dans_le_monde,course_230_la_liberte_de_la_presse_dans_le_monde_q3,numericSlider,Kolik alespoň novinářů přišlo v roce 2023 o život při výkonu své profese?,"V roce 2023 přišlo o život při výkonu své profese nejméně 79 novinářů, jejichž cílem je často umlčet trapná vyšetřování.",,,,79.0,0.0,300.0,20.0,
course_230_la_liberte_de_la_presse_dans_le_monde,course_230_la_liberte_de_la_presse_dans_le_monde_q4,mcq,"Jakou strategii použil Viktor Orbán v Maďarsku k oslabení opozičních médií, než aby je přímo zakázal?","Spíše než zakazování opozičních médií Viktor Orbán upřednostňoval jejich převzetí těmi, kdo jsou blízcí vládě, čímž postupně mění mediální krajinu.","[""Propagujte jejich převzetí lidmi blízkými vládě"", ""Vypněte jim přístup k internetu"", ""Uvěznit všechny jejich novináře"", ""Uvalte na ně systematickou předchozí cenzuru""]",0,,,,,,
course_230_la_liberte_de_la_presse_dans_le_monde,course_230_la_liberte_de_la_presse_dans_le_monde_q5,mcq,Co v kurzu znamená pojem SLAPP?,"SLAPP jsou urážlivé soudní procesy, které se množí, aby zastrašily kritické hlasy v žurnalistice.","[""Urážlivé soudní řízení, jehož cílem je zastrašit kritické hlasy"", ""Typ cenzury na sociálních sítích"", ""Veřejná dotace pro nezávislá média"", ""Mezinárodní novinářská cena""]",0,,,,,,
course_230_la_liberte_de_la_presse_dans_le_monde,course_230_la_liberte_de_la_presse_dans_le_monde_q6,trueFalse,"Pravda nebo lež: historický ekonomický model tisku, založený na prodeji a reklamě po jednom vydání, se s digitální technologií zhroutil.",Historický model tisku se s digitální technologií zhroutil a velké platformy nyní zachycují většinu online reklamy.,"[""Pravda"", ""Nepravda""]",0,,,,,,
course_230_la_liberte_de_la_presse_dans_le_monde,course_230_la_liberte_de_la_presse_dans_le_monde_q7,mcq,Co znamená v kurzu zmíněný výraz „informační poušť“?,"„Informační poušť“ označuje oblast, kde uzavření mnoha místních novin znamená, že již není nikdo, kdo by monitoroval činnost místních volených představitelů.","[""Oblast, kde uzavření místních novin znamená, že už není nikdo, kdo by sledoval činnost volených představitelů"", ""Oblast světa bez přístupu k internetu"", ""Země, kde je tisk zcela cenzurován státem"", ""Venkovská oblast bez pošty""]",0,,,,,,
course_230_la_liberte_de_la_presse_dans_le_monde,course_230_la_liberte_de_la_presse_dans_le_monde_q8,mcq,"Jaký nový ekonomický model, financovaný z darů nebo přímých předplatných, je uváděn jako příklad pro nezávislou a ziskovou žurnalistiku?","Mediapart ve Francii a ProPublica ve Spojených státech dokazují, že i nezávislá žurnalistika financovaná z darů nebo přímých předplatných může být zisková.","[""Mediapart ve Francii a ProPublica ve Spojených státech"", ""Pouze New York Times a Le Monde"", ""Novinky na Facebooku"", ""Veřejnoprávní televizní kanály""]",0,,,,,,
course_230_la_liberte_de_la_presse_dans_le_monde,course_230_la_liberte_de_la_presse_dans_le_monde_q9,numericSlider,"Ve kterém roce byly zahájeny první tištěné noviny v historii, „Relation“, které ve Štrasburku vydal Johann Carolus?","„Relation“, první tištěné noviny v historii, byly zahájeny ve Štrasburku v roce 1605 Johannem Carolusem.",,,,1605.0,1500.0,1700.0,10.0,
course_231_les_migrations_climatiques,course_231_les_migrations_climatiques_q1,mcq,Co poprvé v roce 2022 přesáhlo počet lidí prchajících před válkami?,"V roce 2022 způsobí klimatické katastrofy 60 milionů vnitřních vysídlení, což poprvé překročí počet lidí, kteří prchají před válkou.","[""Přesídlení související s klimatickými katastrofami"", ""Cestování spojené s ekonomickou krizí"", ""Cestování spojené s epidemiemi"", ""Vysídlení související s etnickými konflikty""]",0,,,,,,
course_231_les_migrations_climatiques,course_231_les_migrations_climatiques_q2,numericSlider,Kolik milionů lidí by podle Světové banky mohla změna klimatu donutit k migraci do roku 2050?,"Světová banka odhaduje, že bez velkého úsilí by změna klimatu mohla do roku 2050 přimět 216 milionů lidí k migraci.",,,,216.0,100.0,350.0,25.0,milionů
course_231_les_migrations_climatiques,course_231_les_migrations_climatiques_q3,mcq,"Ve které zemi se v roce 2009 konala rada ministrů pod vodou, aby varovala před stoupající hladinou?","V roce 2009 uspořádala vláda Malediv pod vodou v kyslíkových nádržích radu ministrů, aby upozornila svět na možné zmizení tohoto souostroví.","[""Maledivy"", ""Kiribati"", ""Tuvalu"", ""Bangladéš""]",0,,,,,,
course_231_les_migrations_climatiques,course_231_les_migrations_climatiques_q4,mcq,"Jaký typ klimatické události trvale proměňuje území, jako je stoupající hladina vody nebo desertifikace?","Pomalá degradace, jako je stoupající hladina vody nebo desertifikace, promění území navždy, na rozdíl od náhlých katastrof, které jsou brutálnější, ale často dočasné.","[""Pomalá degradace"", ""Náhlá katastrofa"", ""Tropická bouře"", ""Zemětřesení""]",0,,,,,,
course_231_les_migrations_climatiques,course_231_les_migrations_climatiques_q5,trueFalse,Pravda nebo lež: termín „klimatický uprchlík“ má v mezinárodním právu uznávanou hodnotu.,"Termín „klimatický uprchlík“ nemá v mezinárodním právu žádnou hodnotu: Ženevská úmluva z roku 1951 chrání pronásledované lidi, nikoli oběti změny klimatu.","[""Pravda"", ""Nepravda""]",1,,,,,,
course_231_les_migrations_climatiques,course_231_les_migrations_climatiques_q6,mcq,"Jaká zásada zakazuje poslat člověka zpět na místo, kde by byl v ohrožení života?","Princip non-refoulement zakazuje posílat osobu zpět na místo, kde by byl ohrožen její život, ale klimaticky vysídlení lidé z toho nemají prospěch, protože jim chybí uznaný status.","[""Non-refoulement"", ""Právo na azyl"", ""Klimatická neutralita"", ""Status uprchlíka""]",0,,,,,,
course_231_les_migrations_climatiques,course_231_les_migrations_climatiques_q7,mcq,"Která země koupila půdu na Fidži, aby se v případě potřeby připravila na přesídlení veškerého obyvatelstva?","Kiribati zakoupilo pozemky na Fidži, aby se v případě potřeby připravilo na přesídlení veškerého obyvatelstva.","[""Kiribati"", ""Maledivy"", ""Tuvalu"", ""Vanuatu""]",0,,,,,,
course_231_les_migrations_climatiques,course_231_les_migrations_climatiques_q8,mcq,Která mezinárodní dohoda začala v roce 2018 projednávat ekologické příčiny nucených odchodů?,"V roce 2018 začal Globální pakt o migraci diskutovat o ekologických příčinách odchodů, aniž by pro klimatické uprchlíky vytvořil právní status.","[""Globální pakt o migraci"", ""Ženevská úmluva"", ""Pařížská dohoda"", ""Kjótský protokol""]",0,,,,,,
course_232_la_blockchain_et_les_cryptomonnaies,course_232_la_blockchain_et_les_cryptomonnaies_q1,mcq,"Co je to distribuovaná účetní kniha, která je jádrem toho, jak blockchain funguje?","Distribuovaná účetní kniha znamená, že každý z tisíců počítačů v síti uchovává identickou kopii všech transakcí bez centrálního serveru.","[""Kopie transakcí, které uchovávají tisíce počítačů"", ""Centralizovaný bankovní účet"", ""Heslo sdílené mezi uživateli"", ""Soubor uložený na jednom serveru""]",0,,,,,,
course_232_la_blockchain_et_les_cryptomonnaies,course_232_la_blockchain_et_les_cryptomonnaies_q2,mcq,"Jak se nazývá matematický výpočet, který spojuje každý blok s předchozím a tvoří tak nefalzifikovatelný řetězec?","Každý blok je propojen s předchozím pomocí hashe, jedinečného digitálního otisku prstu, díky kterému je téměř nemožné vytvořit řetěz.","[""hash"", ""Hornictví"", ""Stabilní mince"", ""Chytrá smlouva""]",0,,,,,,
course_232_la_blockchain_et_les_cryptomonnaies,course_232_la_blockchain_et_les_cryptomonnaies_q3,numericSlider,Ve kterém roce spustil bitcoin Satoshi Nakamoto?,Bitcoin byl spuštěn v roce 2009 anonymní osobou nebo skupinou pod jménem Satoshi Nakamoto.,,,,2009.0,1995.0,2020.0,2.0,
course_232_la_blockchain_et_les_cryptomonnaies,course_232_la_blockchain_et_les_cryptomonnaies_q4,numericSlider,"Jaký je maximální počet bitcoinů, které by jednoho dne mohly existovat, v milionech jednotek?","Tvůrce bitcoinu stanovil přísný limit 21 milionů bitcoinů, aby zaručil jeho nedostatek.",,,,21.0,0.0,100.0,3.0,milionů
course_232_la_blockchain_et_les_cryptomonnaies,course_232_la_blockchain_et_les_cryptomonnaies_q5,mcq,"Jakou zásadní novinku zavádí blockchain Ethereum, který se objevil v roce 2015?","Ethereum zavádí chytré kontrakty, programy, které se automaticky spustí, jakmile je splněna podmínka.","[""Chytré smlouvy"", ""První blok řetězu"", ""Princip hashování"", ""Digitální měna centrální banky""]",0,,,,,,
course_232_la_blockchain_et_les_cryptomonnaies,course_232_la_blockchain_et_les_cryptomonnaies_q6,trueFalse,Pravda nebo nepravda: roční spotřeba elektřiny bitcoinové sítě je dnes srovnatelná s tou v zemi jako Argentina.,"Roční výdaje na elektřinu bitcoinové sítě jsou dnes srovnatelné s náklady celé země, jako je Argentina, což podněcuje kritiku jejího dopadu na životní prostředí.","[""Pravda"", ""Nepravda""]",0,,,,,,
course_232_la_blockchain_et_les_cryptomonnaies,course_232_la_blockchain_et_les_cryptomonnaies_q7,mcq,"Proč vysoká volatilita bitcoinu brání tomu, aby se stal každodenní měnou?","Cena bitcoinu se může během několika hodin lišit o 10 až 20 %, což je nestabilita, která v současnosti brání tomu, aby se stal skutečnou každodenní měnou.","[""Jeho cena se může během pár hodin lišit o 10 až 20 %."", ""Nepřijímá to žádný obchodník"", ""Nelze jej uložit digitálně"", ""Jeho nabídka není nikdy omezena""]",0,,,,,,
course_232_la_blockchain_et_les_cryptomonnaies,course_232_la_blockchain_et_les_cryptomonnaies_q8,mcq,Co je to stablecoin?,"Stabilní coin je kryptoměna, jejíž cena je stabilizována díky rezervě dolarů nebo eur, sloužící jako most mezi klasickými financemi a kryptoměnami.","[""Kryptoměna, jejíž cena je stabilizována rezervou dolarů nebo eur"", ""Digitální měna vydávaná centrální bankou"", ""Úplně první blok bitcoinového blockchainu"", ""Automatická chytrá smlouva""]",0,,,,,,
course_232_la_blockchain_et_les_cryptomonnaies,course_232_la_blockchain_et_les_cryptomonnaies_q9,mcq,"Která země se v roce 2021 stala první na světě, která přijala bitcoiny jako zákonné platidlo?","V roce 2021 se Salvador stal první zemí na světě, která vedle amerického dolaru přijala bitcoiny jako zákonné platidlo.","[""El Salvador"", ""Venezuela"", ""Švýcarsko"", ""Malta""]",0,,,,,,
course_233_le_droit_d_asile_explique,course_233_le_droit_d_asile_explique_q1,numericSlider,V jakém roce byla podepsána Ženevská úmluva o uprchlících?,"Ženevská úmluva o uprchlících byla podepsána v roce 1951, po druhé světové válce.",,,,1951.0,1900.0,2000.0,3.0,
course_233_le_droit_d_asile_explique,course_233_le_droit_d_asile_explique_q2,mcq,Jaký důvod vám podle Ženevské úmluvy NEDOVOLUJE získat status uprchlíka?,"Definice uprchlíka vylučuje oběti přírodních katastrof nebo hladomoru, které nepředstavují pronásledování ve smyslu Úmluvy.","[""Přírodní katastrofa nebo hladomor"", ""Náboženské pronásledování"", ""Politická perzekuce"", ""Pronásledování spojené s národností""]",0,,,,,,
course_233_le_droit_d_asile_explique,course_233_le_droit_d_asile_explique_q3,mcq,"Jaká zásada zakazuje poslat člověka na místo, kde mu hrozí mučení nebo smrt?","Zásada non-refoulement zakazuje vrátit osobu na místo, kde by riskovala mučení nebo smrt.","[""Non-refoulement"", ""Dublinské nařízení"", ""Právo na dočasný azyl"", ""Globální kompakt o migraci""]",0,,,,,,
course_233_le_droit_d_asile_explique,course_233_le_droit_d_asile_explique_q4,percentageSlider,Jaký podíl světových uprchlíků hostí země s nízkými a středními příjmy?,"Přibližně 75 % světových uprchlíků je hostitelem zemí s nízkými a středními příjmy, které se nacházejí v blízkosti konfliktních zón.",,,,75.0,0.0,100.0,10.0,%
course_233_le_droit_d_asile_explique,course_233_le_droit_d_asile_explique_q5,mcq,Jaký je rozdíl mezi uprchlíkem a ekonomickým migrantem?,"Ekonomický migrant opouští svou zemi dobrovolně za lepším životem a Ženevská konvence, vyhrazená pro pronásledované lidi, se na něj nevztahuje.","[""Ekonomický migrant opouští svou zemi dobrovolně, bez pronásledování"", ""Uprchlík nikdy nemá právo pracovat"", ""Ekonomický migrant automaticky těží z Ženevské úmluvy"", ""Mezi těmito dvěma není žádný právní rozdíl""]",0,,,,,,
course_233_le_droit_d_asile_explique,course_233_le_droit_d_asile_explique_q6,numericSlider,"Kolik milionů lidí v roce 2015 překročilo Středozemní moře, aby se dostalo do Evropy?","V roce 2015 překročilo Středozemní moře více než milion lidí, kteří většinou uprchli před občanskou válkou v Sýrii.",,,,1.0,0.0,4.0,0.5,milión
course_233_le_droit_d_asile_explique,course_233_le_droit_d_asile_explique_q7,mcq,"Jaké jsou kritiky dublinského nařízení, které odhalila migrační krize v roce 2015?","Dublinské nařízení vyžaduje, aby každou žádost zpracovala první země příjezdu, což během krize v roce 2015 přetížilo Řecko a Itálii.","[""Vyžaduje, aby první země příjezdu zpracovala každou žádost o azyl"", ""Zabraňuje jakékoli evropské zemi vítat uprchlíky"", ""Dává uprchlíkům svobodnou volbu hostitelské země"", ""Ta byla v roce 2015 zrušena""]",0,,,,,,
course_233_le_droit_d_asile_explique,course_233_le_droit_d_asile_explique_q8,trueFalse,Pravda nebo lež: status klimatického uprchlíka dnes uznává Ženevská úmluva.,"Status klimatického uprchlíka v mezinárodním právu neexistuje, protože tito lidé nemohou prokázat pronásledování ve smyslu Úmluvy z roku 1951.","[""Pravda"", ""Nepravda""]",1,,,,,,
course_233_le_droit_d_asile_explique,course_233_le_droit_d_asile_explique_q9,chronological,Seřaďte tyto fáze azylu chronologicky.,"Tyto etapy se rozprostírají od roku 1951 do roku 2024: Ženevská úmluva, její univerzalizace protokolem z roku 1967, migrační krize z roku 2015, dohoda mezi EU a Tureckem z roku 2016 a poté Evropský pakt z roku 2024.",,,"[""Podpis Ženevské úmluvy o uprchlících"", ""Protokol, který činí Úmluvu univerzální"", ""Rozsáhlá migrační krize v Evropě"", ""Dohoda mezi Evropskou unií a Tureckem"", ""Nový evropský pakt o migraci""]",,,,,
course_234_la_securite_alimentaire_mondiale,course_234_la_securite_alimentaire_mondiale_q1,percentageSlider,Jaká část světové populace dnes trpí hladem?,"Hladem trpí asi 800 milionů lidí, tedy každý desátý člověk na světě.",,,,10.0,0.0,100.0,5.0,%
course_234_la_securite_alimentaire_mondiale,course_234_la_securite_alimentaire_mondiale_q2,mcq,Světový hlad je podle kurzu především problémem...,"Lidstvo produkuje dostatek jídla pro každého: hlad pochází především z problému distribuce a přístupu, nikoli z množství.","[""Distribuce a přístup k jídlu"", ""Nedostatečné množství vyrobených potravin"", ""Nedostatek zemědělské půdy"", ""Nedostatek zemědělských technologií""]",0,,,,,,
course_234_la_securite_alimentaire_mondiale,course_234_la_securite_alimentaire_mondiale_q3,mcq,"Co znamená „skrytý hlad“, který postihuje přibližně 2 miliardy lidí?","„Skrytý hlad“ označuje nedostatky mikroživin, jako jsou vitamíny nebo minerály, které postihují přibližně 2 miliardy lidí na celém světě.","[""Nedostatek základních vitamínů nebo minerálů"", ""Naprostý nedostatek kalorií"", ""Obezita spojená se zpracovanými potravinami"", ""Závislost na dovozu pšenice""]",0,,,,,,
course_234_la_securite_alimentaire_mondiale,course_234_la_securite_alimentaire_mondiale_q4,trueFalse,Pravda nebo lež: od roku 2010 zabíjí obezita a nemoci spojené s nadváhou každý rok na celém světě více lidí než podvýživa.,"Od roku 2010 zabila obezita a nemoci spojené s nadváhou každý rok více lidí než podvýživa, což je historický zlom pro globální veřejné zdraví.","[""Pravda"", ""Nepravda""]",0,,,,,,
course_234_la_securite_alimentaire_mondiale,course_234_la_securite_alimentaire_mondiale_q5,percentageSlider,Kolik ze světové produkce potravin se každý rok ztratí nebo vyplýtvá?,"Přibližně třetina celosvětové produkce potravin, 1,3 miliardy tun, je každý rok ztracena nebo vyplýtvána.",,,,33.0,0.0,100.0,10.0,%
course_234_la_securite_alimentaire_mondiale,course_234_la_securite_alimentaire_mondiale_q6,percentageSlider,Jaký podíl na celosvětovém vývozu pšenice tvoří společně Ukrajina a Rusko?,"Ukrajina a Rusko společně tvoří téměř 30 % celosvětového vývozu pšenice, což činí mnoho zemí velmi zranitelnými vůči sebemenšímu zablokování.",,,,30.0,0.0,100.0,8.0,%
course_234_la_securite_alimentaire_mondiale,course_234_la_securite_alimentaire_mondiale_q7,mcq,Co znamená pojem „síla jídla“?,Potravinová síla se vztahuje k dobrovolnému využívání vývozu potravin jako prostředku diplomatického nátlaku nebo dokonce jako sankce proti nepřátelské zemi.,"[""Využití vývozu potravin jako prostředku diplomatického nátlaku"", ""Zemědělská technika zvyšující výnosy"", ""Potravinová agentura OSN"", ""Strava bohatá na bílkoviny""]",0,,,,,,
course_234_la_securite_alimentaire_mondiale,course_234_la_securite_alimentaire_mondiale_q8,mcq,"Jaká vlna zemědělských technik zahájená v 60. letech 20. století zvýšila výnosy, ale zvýšila závislost na chemických hnojivech?","Zelená revoluce v 60. letech výrazně zvýšila zemědělské výnosy, ale také učinila farmáře závislými na chemických hnojivech.","[""Zelená revoluce"", ""Agroekologie"", ""Odsolování"", ""Síla jídla""]",0,,,,,,
course_235_l_eau_prochaine_source_de_conflits,course_235_l_eau_prochaine_source_de_conflits_q1,percentageSlider,"Jaký podíl veškeré vody na Zemi tvoří kapalná, snadno dostupná sladká voda (jezera, řeky, mělké hladiny podzemní vody)?","Tekutá a dostupná sladká voda představuje méně než 1 % veškeré vody na planetě, zbytek je slaná nebo zmrzlá.",,,,1.0,0.0,100.0,2.0,%
course_235_l_eau_prochaine_source_de_conflits,course_235_l_eau_prochaine_source_de_conflits_q2,numericSlider,Kolik miliard lidí žije v roce 2024 alespoň jeden měsíc ročně v situaci nedostatku vody?,V roce 2024 žijí přibližně 4 miliardy lidí alespoň jeden měsíc ročně v situaci nedostatku vody.,,,,4.0,0.0,8.0,1.0,miliard
course_235_l_eau_prochaine_source_de_conflits,course_235_l_eau_prochaine_source_de_conflits_q3,mcq,Co je to přeshraniční řeka?,Přeshraniční řeka protíná několik zemí a vytváří závislost mezi zeměmi umístěnými proti proudu a zeměmi umístěnými po proudu.,"[""Řeka, která protéká několika zeměmi"", ""Úplně podzemní řeka"", ""Řeka sloužící pouze k zavlažování"", ""Řeka, jejíž pramen je umělý""]",0,,,,,,
course_235_l_eau_prochaine_source_de_conflits,course_235_l_eau_prochaine_source_de_conflits_q4,mcq,Proč přehrada GERD postavená Etiopií znepokojuje Egypt?,Egypt z 95 % závisí na Nilu: každý metr krychlový zadržený proti proudu přehradou GERD je považován za přímou hrozbu pro jeho bezpečnost.,"[""Egypt je z 95% závislý na Nilu, pokud jde o jeho vodu"", ""Přehrada vyrábí elektřinu pro Egypt"", ""Jeho stavbu financoval Egypt"", ""Egyptem Nil neprotéká""]",0,,,,,,
course_235_l_eau_prochaine_source_de_conflits,course_235_l_eau_prochaine_source_de_conflits_q5,trueFalse,"Pravda nebo lež: Smlouva o řece Indus, podepsaná v roce 1960 mezi Indií a Pákistánem, byla porušena v každé ze tří válek mezi těmito dvěma zeměmi.","Smlouva Indus přežila tři války mezi Indií a Pákistánem, aniž by byla kdy porušena, což je důkaz, že voda může být také nástrojem míru.","[""Pravda"", ""Nepravda""]",1,,,,,,
course_235_l_eau_prochaine_source_de_conflits,course_235_l_eau_prochaine_source_de_conflits_q6,percentageSlider,Kolik pitné vody Izrael vyrábí pomocí odsolovacích zařízení?,Izrael vyrábí více než 80 % pitné vody prostřednictvím zařízení na odsolování mořské vody.,,,,80.0,0.0,100.0,10.0,%
course_235_l_eau_prochaine_source_de_conflits,course_235_l_eau_prochaine_source_de_conflits_q7,mcq,Co dělá kapková závlaha?,"Kapkové zavlažování dodává vodu přímo ke kořenům rostlin, čímž snižuje spotřebu v zemědělství o 30 až 70 procent.","[""Snížit spotřebu vody v zemědělství o 30 až 70 %"", ""Okamžité dvojnásobné zemědělské výnosy"", ""Zcela eliminujte potřebu zavlažování"", ""Přeměňte mořskou vodu na sladkou""]",0,,,,,,
course_235_l_eau_prochaine_source_de_conflits,course_235_l_eau_prochaine_source_de_conflits_q8,mcq,Co znamená pojem „virtuální voda“?,Virtuální voda označuje množství vody potřebné k výrobě produktu: import pšenice také znamená import vody použité k jejímu pěstování.,"[""Množství vody potřebné k výrobě produktu"", ""Voda recyklovaná z odpadních vod"", ""Voda obsažená v podzemní vodě"", ""Slaná voda přeměněná odsolováním""]",0,,,,,,
course_235_l_eau_prochaine_source_de_conflits,course_235_l_eau_prochaine_source_de_conflits_q9,numericSlider,Kolik litrů vody je potřeba k výrobě jednoho kilogramu hovězího masa?,"Na výrobu jednoho kilogramu hovězího je potřeba asi 15 000 litrů vody, zatímco na kilogram pšenice je to 1 500 litrů.",,,,15000.0,5000.0,30000.0,2000.0,litrů
course_236_le_soft_power_americain,course_236_le_soft_power_americain_q1,numericSlider,Ve kterém roce vynalezl politolog Joseph Nye koncept měkké síly?,Joseph Nye vynalezl koncept měkké síly v roce 1990 ve své knize Bound to Lead.,,,,1990.0,1960.0,2020.0,3.0,
course_236_le_soft_power_americain,course_236_le_soft_power_americain_q2,mcq,Na kterých třech pilířích podle Josepha Nye spočívá měkká síla země?,"Podle Nye je měkká síla založena na třech pilířích: kultura, politické hodnoty uplatňované doma a zahraniční politika vnímaná jako legitimní.","[""Kultura, politické hodnoty a zahraniční politika"", ""Armáda, ekonomické sankce a diplomacie"", ""Obchod, peníze a technologie"", ""Náboženství, jazyk a demografie""]",0,,,,,,
course_236_le_soft_power_americain,course_236_le_soft_power_americain_q3,percentageSlider,"Jaký podíl na tržbách z celosvětových kinematografií zaujímají americké filmy, navzdory nižšímu počtu filmů než Bollywood?","Americké filmy zachycují kolem 70 % celosvětových kin, což je důkaz, že vliv závisí především na kontrole distribučních sítí.",,,,70.0,0.0,100.0,10.0,%
course_236_le_soft_power_americain,course_236_le_soft_power_americain_q4,mcq,Jaká událost v roce 2003 trvale poškodila obraz Spojených států ve světě?,"V roce 2003 invaze do Iráku, provedená bez souhlasu OSN a odůvodněná falešnými důkazy o zbraních, trvale poškodila image Spojených států.","[""Invaze do Iráku bez dohody OSN"", ""Tvorba Hollywoodu"", ""Spuštění internetu"", ""Podpis mírové smlouvy""]",0,,,,,,
course_236_le_soft_power_americain,course_236_le_soft_power_americain_q5,trueFalse,Pravda nebo lež: útok na Kapitol v lednu 2021 posílil obraz Spojených států jako modelu stabilní demokracie.,Útok na Kapitol v lednu 2021 naopak oslabil obraz Spojených států jako modelu stabilní demokracie.,"[""Pravda"", ""Nepravda""]",1,,,,,,
course_236_le_soft_power_americain,course_236_le_soft_power_americain_q6,mcq,Co je to „Bruselský efekt“?,"Bruselský efekt odkazuje na skutečnost, že přísná pravidla Evropské unie, zejména v oblasti dat nebo životního prostředí, se často stávají standardy uplatňovanými společnostmi po celém světě.","[""Přísná pravidla EU se stávají standardy uplatňovanými po celém světě"", ""Kulturní vliv Belgie"", ""Úpadek americké měkké síly v Evropě"", ""Vojenská smlouva mezi evropskými zeměmi""]",0,,,,,,
course_236_le_soft_power_americain,course_236_le_soft_power_americain_q7,mcq,"Jak se jmenuje jihokorejská kulturní vlna, která dobývá celosvětové publikum (hudba, seriál, kino)?","Hallyu odkazuje na jihokorejskou kulturní vlnu (hudba, seriál, kino), která si dobývá celosvětové publikum.","[""Hallyu"", ""Ivy League"", ""Kulturní hegemonie"", ""Měkká síla 30""]",0,,,,,,
course_236_le_soft_power_americain,course_236_le_soft_power_americain_q8,mcq,"Jakou sílu mají investice do kulturních institutů a obrovských infrastrukturních projektů, které nabízejí alternativní model rozvoje?","Čína investuje do kulturních institutů a obrovských infrastrukturních projektů v celé Asii a Africe, aby nabídla alternativní model rozvoje.","[""Čína"", ""Japonsko"", ""Rusko"", ""Indie""]",0,,,,,,
course_236_le_soft_power_americain,course_236_le_soft_power_americain_q9,mcq,Kdo v žebříčku Soft Power 30 předběhl Spojené státy na prvním místě během prezidentování Donalda Trumpa?,"Spojené státy za prezidentování Donalda Trumpa předběhly v žebříčku Soft Power 30 Francie nebo Německo, což je důkaz propojení zahraniční politiky s image země.","[""Francie nebo Německo"", ""Čína"", ""Rusko"", ""Japonsko""]",0,,,,,,
course_237_les_gafam_puissance_et_derives,course_237_les_gafam_puissance_et_derives_q1,numericSlider,Kolik miliard dolarů bude mít pět společností GAFAM dohromady v roce 2024?,"V roce 2024 bude mít pět společností GAFAM dohromady hodnotu více než 10 000 miliard dolarů, což je částka srovnatelná s kombinovaným HDP několika velkých evropských mocností.",,,,10000.0,3000.0,20000.0,2000.0,miliard
course_237_les_gafam_puissance_et_derives,course_237_les_gafam_puissance_et_derives_q2,mcq,Která společnost GAFAM jako první překročila hodnotu 3 000 miliard dolarů?,"Apple se stal první společností, která v tržním ocenění překročila 3 biliony dolarů.","[""Jablko"", ""Google"", ""Amazonka"", ""Microsoft""]",0,,,,,,
course_237_les_gafam_puissance_et_derives,course_237_les_gafam_puissance_et_derives_q3,mcq,"Co je to „síťový efekt“, klíčový mechanismus dominance GAFAM?","Síťový efekt znamená, že čím více uživatelů má služba, tím důležitější je být její součástí, což odrazuje příchod konkurentů.","[""Čím více uživatelů má služba, tím důležitější je být její součástí."", ""Síť podmořských kabelů vlastněná společností Google"", ""Evropský zákon omezující GAFAM"", ""Algoritmus, který detekuje falešné zprávy""]",0,,,,,,
course_237_les_gafam_puissance_et_derives,course_237_les_gafam_puissance_et_derives_q4,numericSlider,Kolik miliard dolarů zaplatil Facebook v roce 2012 za nákup Instagramu?,"Facebook koupil Instagram za 1 miliardu dolarů v roce 2012, kdy měla aplikace jen tucet zaměstnanců.",,,,1.0,0.0,10.0,1.0,miliard
course_237_les_gafam_puissance_et_derives,course_237_les_gafam_puissance_et_derives_q5,numericSlider,Kolik miliard dolarů zaplatil Facebook v roce 2014 za nákup WhatsApp?,"Facebook koupil WhatsApp v roce 2014 za 22 miliard dolarů, čímž zablokoval rostoucí konkurenční hrozbu.",,,,22.0,5.0,50.0,3.0,miliard
course_237_les_gafam_puissance_et_derives,course_237_les_gafam_puissance_et_derives_q6,percentageSlider,Kolik světových podmořských optických kabelů vlastní Google?,Samotný Google vlastní asi 10 % všech podmořských optických kabelů na světě.,,,,10.0,0.0,100.0,5.0,%
course_237_les_gafam_puissance_et_derives,course_237_les_gafam_puissance_et_derives_q7,mcq,"Který evropský text v roce 2022 vyžaduje, aby největší digitální platformy byly otevřenější?","V roce 2022 přijala Evropa zákon o digitálních trzích, který vyžaduje, aby největší platformy byly otevřenější, jako je interoperabilita zasílání zpráv.","[""Zákon o digitálních trzích"", ""Dublinské nařízení"", ""Pařížská dohoda"", ""GDPR""]",0,,,,,,
course_237_les_gafam_puissance_et_derives,course_237_les_gafam_puissance_et_derives_q8,trueFalse,"Pravda nebo lež: v roce 2024 se Evropská unie stane první organizací na světě, která umělou inteligenci právně reguluje.","V roce 2024 se EU fakticky stane první organizací na světě, která právně reguluje umělou inteligenci.","[""Pravda"", ""Nepravda""]",0,,,,,,
course_237_les_gafam_puissance_et_derives,course_237_les_gafam_puissance_et_derives_q9,mcq,Proč velké nadnárodní společnosti často celosvětově uplatňují evropská digitální pravidla?,"Pro nadnárodní společnost je jednodušší všude uplatňovat nejpřísnější pravidlo, než vytvářet pro každou zemi jinou verzi, což vysvětluje globální dosah evropských pravidel.","[""Je jednodušší všude aplikovat nejpřísnější pravidlo, než vytvořit pro každou zemi jiné"", ""Evropská unie zakazuje jakoukoli činnost mimo své hranice"", ""Americká pravidla jsou přísnější než evropská"", ""GAFAM mají legální sídlo v Evropě""]",0,,,,,,
course_237_les_gafam_puissance_et_derives,course_237_les_gafam_puissance_et_derives_q10,chronological,Seřaďte tato převzetí a regulace světa GAFAM v chronologickém pořadí.,"Tyto události trvají od roku 2012 do roku 2024: převzetí Instagramu, WhatsApp, přijetí zákona o digitálních trzích a poté právní dohled nad umělou inteligencí ze strany EU.",,,"[""Převzetí Instagramu Facebookem"", ""Převzetí WhatsApp Facebookem"", ""Přijetí zákona o digitálních trzích v Evropě"", ""Právní rámec pro umělou inteligenci Evropskou unií""]",,,,,
course_238_la_transition_energetique,course_238_la_transition_energetique_q1,numericSlider,V jakém roce byla podepsána Pařížská dohoda o klimatu?,"V roce 2015 byla podepsána Pařížská dohoda, která stanovila cíl omezit oteplování pod 1,5 °C, pokud je to možné.",,,,2015.0,1990.0,2025.0,2.0,
course_238_la_transition_energetique,course_238_la_transition_energetique_q2,mcq,Co je uhlíková neutralita?,"Uhlíková neutralita se týká rovnováhy mezi skleníkovými plyny emitovanými lidskou činností a jejich absorpcí lesy, půdou, oceány nebo technologiemi zachycování.","[""Rovnováha mezi emitovanými skleníkovými plyny a jejich absorpcí"", ""Úplné zastavení všech emisí CO2"", ""Daň z fosilních paliv"", ""Globální zákaz uhlí""]",0,,,,,,
course_238_la_transition_energetique,course_238_la_transition_energetique_q3,percentageSlider,O kolik klesly náklady na solární energii v letech 2010 až 2020?,"Náklady na solární energii klesly mezi lety 2010 a 2020 o 90 %, což je rychlejší pokles než u jakékoli jiné technologie v ekonomické historii.",,,,90.0,0.0,100.0,10.0,%
course_238_la_transition_energetique,course_238_la_transition_energetique_q4,percentageSlider,Jaký podíl nových elektrických kapacit instalovaných po celém světě již v roce 2023 pocházel z obnovitelných energií?,V roce 2023 bude již téměř 90 % nové elektrické kapacity instalované na celém světě pocházet z obnovitelných energií.,,,,90.0,0.0,100.0,10.0,%
course_238_la_transition_energetique,course_238_la_transition_energetique_q5,mcq,"Jaká je hlavní technická výzva solární a větrné energie, která nevyrábí elektřinu nepřetržitě?","Solární a větrná energie trpí přerušováním, což znamená, že nevyrábějí elektřinu nepřetržitě, a proto jsou důležité akumulátory.","[""Přerušovanost"", ""Výrobní náklady"", ""Absence větru"", ""Znečištění ovzduší""]",0,,,,,,
course_238_la_transition_energetique,course_238_la_transition_energetique_q6,percentageSlider,Kolik ze světových solárních panelů dnes Čína vyrábí?,"Čína nyní vyrábí více než 80 % světových solárních panelů, díky čemuž je přechod západní energetiky závislý na jejím výrobním řetězci.",,,,80.0,0.0,100.0,10.0,%
course_238_la_transition_energetique,course_238_la_transition_energetique_q7,mcq,K jaké nové závislosti posouvá svět energetický přechod a nahrazuje ropu?,"Energetický přechod posouvá svět ze závislosti na ropě k závislosti na vzácných zeminách a dalších kovech, jako je lithium nebo kobalt.","[""Vzácné zeminy a kovy jako lithium nebo kobalt"", ""Uhlí"", ""Zemní plyn"", ""Uran""]",0,,,,,,
course_238_la_transition_energetique,course_238_la_transition_energetique_q8,mcq,Pro které sektory se zelený vodík jeví jako klíčové řešení dekarbonizace?,"Zelený vodík se zdá být klíčovou součástí dekarbonizace nejobtížnějších odvětví, jako je výroba oceli nebo letectví, kde samotná elektřina nestačí.","[""Výroba oceli a letectví"", ""Pouze domácí vytápění"", ""chytré telefony"", ""Ekologické zemědělství""]",0,,,,,,
course_239_le_futur_du_travail,course_239_le_futur_du_travail_q1,numericSlider,Ve kterém roce Henry Ford zavedl 40hodinový pracovní týden?,"Henry Ford zavedl 40hodinový týden v roce 1926, což byla volba motivovaná myšlenkou, že zaměstnanci s volným časem se také stali zákazníky.",,,,1926.0,1880.0,1970.0,5.0,
course_239_le_futur_du_travail,course_239_le_futur_du_travail_q2,mcq,Kolik hodin týdně musela podle ekonoma Johna Maynarda Keynese v roce 1930 pracovat jeho vnoučata díky technologickému pokroku?,"V roce 1930 Keynes předpověděl, že jeho vnoučata budou díky technologickému pokroku pracovat pouze 15 hodin týdně, což se předpověď nenaplnila.","[""15:00"", ""40 hodin"", ""4 hodiny"", ""60 hodin""]",0,,,,,,
course_239_le_futur_du_travail,course_239_le_futur_du_travail_q3,numericSlider,Kolik milionů pracovníků ve Spojených státech dnes prodává své služby prostřednictvím digitálních platforem v rámci koncertní ekonomiky?,Více než 57 milionů pracovníků ve Spojených státech nyní prodává své služby prostřednictvím digitálních platforem mimo tradiční zaměstnání.,,,,57.0,10.0,150.0,15.0,milionů
course_239_le_futur_du_travail,course_239_le_futur_du_travail_q4,mcq,"Jaký koncept od ekonoma Josepha Schumpetera popisuje skutečnost, že technologická revoluce ničí staré profese, ale vytváří nové?","Schumpeterova kreativní destrukce popisuje skutečnost, že každá technologická revoluce zničí staré profese, ale nakonec vytvoří nové, často kvalifikovanější.","[""Kreativní destrukce"", ""Univerzální příjem"", ""Ekonomika koncertů"", ""4denní týden""]",0,,,,,,
course_239_le_futur_du_travail,course_239_le_futur_du_travail_q5,percentageSlider,"V roce 2023 studie ukázala, že umělá inteligence fungovala lépe než jaké procento lidí v testu kreativity?","V roce 2023 studie ukázala, že umělá inteligence dopadla v testu kreativity lépe než 99 % lidí.",,,,99.0,0.0,100.0,5.0,%
course_239_le_futur_du_travail,course_239_le_futur_du_travail_q6,mcq,Co nabízí univerzální základní příjem?,"Univerzální základní příjem navrhuje platit pevnou částku každému občanovi bez podmínek, aby si zajistil životní běhy v ekonomice, kde se práce stává přerušovanější.","[""Platit pevnou částku každému občanovi bez podmínek"", ""Zkraťte pracovní dobu na 4 dny v týdnu"", ""Nahraďte všechny úlohy umělou inteligencí"", ""Odstranit kapitálové daně""]",0,,,,,,
course_239_le_futur_du_travail,course_239_le_futur_du_travail_q7,mcq,"Odkud pochází slovo „práce“, které původně označovalo nástroj mučení?","Slovo „práce“ pochází z latinského tripalium, nástroj mučení se třemi kůly, jehož původ připomíná, že bylo dlouho vnímáno jako utrpení.","[""Z latinského tripalium"", ""Z řeckého ergona"", ""Z anglické práce"", ""Z latinské práce""]",0,,,,,,
course_239_le_futur_du_travail,course_239_le_futur_du_travail_q8,trueFalse,Pravda nebo lež: podle optimistického scénáře zmíněného v kurzu by umělá inteligence mohla osvobodit lidi od opakujících se úkolů díky zvýšení produktivity.,"Optimistický scénář si představuje zvýšení produktivity, které by lidi osvobodilo od opakujících se úkolů, na rozdíl od pesimistického scénáře, který se obává masivní nezaměstnanosti.","[""Pravda"", ""Nepravda""]",0,,,,,,
course_23_la_guerre_d_algerie_1954_1962,course_23_la_guerre_d_algerie_1954_1962_q1,mcq,Proč Francie po dlouhou dobu považovala Alžírsko za součást svého území?,"Alžírsko, dobyté od roku 1830, bylo v roce 1848 rozděleno na francouzské departementy: jeho opuštění pro mnohé znamenalo amputaci národního území.","[""Protože byla v roce 1848 rozdělena do francouzských departementů"", ""Protože v roce 1848 získala nezávislost"", ""Protože je osídlena pouze francouzskými občany"", ""Protože od roku 1945 patří OSN""]",0,,,,,,
course_23_la_guerre_d_algerie_1954_1962,course_23_la_guerre_d_algerie_1954_1962_q2,mcq,"Jaké hnutí vyvolalo povstání 1. listopadu 1954, na „Den všech svatých“?","1. listopadu 1954 FLN zahájila kolem šedesáti útoků, což znamenalo začátek povstání.","[""FLN, Fronta národního osvobození"", ""OAS, Organizace tajné armády"", ""NAACP"", ""Francouzská komunistická strana""]",0,,,,,,
course_23_la_guerre_d_algerie_1954_1962,course_23_la_guerre_d_algerie_1954_1962_q3,trueFalse,Pravda nebo lež: Francie oficiálně uznala termín „válka“ pro označení alžírského konfliktu od 60. let 20. století.,Až do roku 1999 francouzský stát legálně odmítal slovo „válka“ a hovořil o operacích „práva a pořádku“.,"[""Pravda"", ""Nepravda""]",1,,,,,,
course_23_la_guerre_d_algerie_1954_1962,course_23_la_guerre_d_algerie_1954_1962_q4,mcq,Co umožňují „zvláštní pravomoci“ odhlasované francouzským parlamentem v roce 1956?,Speciální pravomoci dávají pravomoci armádní policie s téměř 400 000 vojáky nasazenými proti partyzánům FLN.,"[""Armáda dostává policejní pravomoci v boji proti FLN"", ""Osadníci získávají volební práva pro muslimy"", ""Francie uděluje autonomii Alžírsku"", ""FLN získává křeslo v OSN""]",0,,,,,,
course_23_la_guerre_d_algerie_1954_1962,course_23_la_guerre_d_algerie_1954_1962_q5,mcq,"Kdo vedl parašutisty, kteří během bitvy o Alžír v roce 1957 demontovali sítě FLN?","Generál Jacques Massu velí výsadkářům, kteří rozkládají sítě bombardérů FLN v Alžíru.","[""Generál Jacques Massu"", ""Generál Charles de Gaulle"", ""François Mitterrand"", ""Generál Philippe Pétain""]",0,,,,,,
course_23_la_guerre_d_algerie_1954_1962,course_23_la_guerre_d_algerie_1954_1962_q6,trueFalse,"Pravda nebo lež: Bitva o Alžír v roce 1957 byla francouzským vojenským vítězstvím, které v pevninské Francii nezpůsobilo žádnou kontroverzi.","Je to vojenské vítězství, ale morální porážka: mučení se stává běžným nástrojem a v pevninské Francii narůstá skandál.","[""Pravda"", ""Nepravda""]",1,,,,,,
course_23_la_guerre_d_algerie_1954_1962,course_23_la_guerre_d_algerie_1954_1962_q7,mcq,Jaká událost v květnu 1958 přivedla Charlese de Gaulla zpět k moci?,"13. května 1958 se Alžír vzbouřil, aby si francouzské Alžírsko ponechal, což vyvolalo návrat De Gaulla a založení páté republiky.","[""Alžírské povstání za udržení „francouzského Alžírska“"", ""Evianské dohody"", ""Puč generálů"", ""alžírská nezávislost""]",0,,,,,,
course_23_la_guerre_d_algerie_1954_1962,course_23_la_guerre_d_algerie_1954_1962_q8,mcq,Co dělala OAS po neúspěchu generálského puče v dubnu 1961?,"Po neúspěchu puče OAS, Organizace tajné armády, zesílila útoky, aby zabránila jakémukoli jednání o nezávislosti.","[""Znásobuje útoky, aby blokovala všechna jednání"", ""Připojí se k táboru FLN"", ""Jednala přímo s de Gaullem"", ""Organizuje referendum o nezávislosti""]",0,,,,,,
course_23_la_guerre_d_algerie_1954_1962,course_23_la_guerre_d_algerie_1954_1962_q9,numericSlider,Přibližně kolik pieds-noirs uprchlo do metropole po nezávislosti Alžírska?,Téměř milion pied-noirs uprchl do metropole po nezávislosti a opustil svůj život v Alžírsku.,,,,1000000.0,200000.0,2000000.0,200000.0,
course_23_la_guerre_d_algerie_1954_1962,course_23_la_guerre_d_algerie_1954_1962_q10,chronological,Seřaďte tyto události alžírské války v chronologickém pořadí.,"Od povstání FLN v roce 1954 po Evianské dohody v roce 1962, tyto milníky kopírují osm let alžírské války.",,,"[""Den všech svatých, začátek povstání FLN"", ""Bitva o Alžír"", ""Návrat Charlese de Gaulla k moci"", ""Evianské dohody""]",,,,,
course_240_la_chine_et_son_modele_economique,course_240_la_chine_et_son_modele_economique_q1,numericSlider,Ve kterém roce zahájil Teng Siao-pching politiku „reformy a otevírání“?,"Teng Siao-pching zahájil politiku „reformy a otevření“ v roce 1978, po smrti Mao Ce-tunga.",,,,1978.0,1950.0,2000.0,3.0,
course_240_la_chine_et_son_modele_economique,course_240_la_chine_et_son_modele_economique_q2,mcq,Které město se stalo symbolem zvláštních ekonomických zón vytvořených Čínou na jeho pobřeží?,"Shenzhen, jednoduchá rybářská vesnice v 70. letech 20. století, se stala symbolem zvláštních ekonomických zón Číny a technologického velkoměsta.","[""Shenzhen"", ""Peking"", ""Šanghaj"", ""Hongkong""]",0,,,,,,
course_240_la_chine_et_son_modele_economique,course_240_la_chine_et_son_modele_economique_q3,percentageSlider,Jaká byla průměrná roční míra hospodářského růstu Číny v letech 1978 až 2018?,"Mezi lety 1978 a 2018 si Čína udržela průměrný růst 9,5 % ročně, což je výjimečné tempo.",,,,9.5,0.0,100.0,2.0,%
course_240_la_chine_et_son_modele_economique,course_240_la_chine_et_son_modele_economique_q4,numericSlider,Kolik milionům lidí za čtyřicet let umožnil čínský růst uniknout extrémní chudobě?,Čínský růst umožnil více než 800 milionům lidí uniknout extrémní chudobě během čtyřiceti let.,,,,800.0,200.0,1500.0,100.0,milionů
course_240_la_chine_et_son_modele_economique,course_240_la_chine_et_son_modele_economique_q5,mcq,"Jak kvalifikujeme čínský ekonomický model, který kombinuje dynamický trh a přísnou státní kontrolu nad strategickými sektory?","Čínský model je popisován jako „státní kapitalismus“: dynamická tržní ekonomika pro spotřební zboží, ale přísná kontrola nad energií, telekomunikacemi a financemi.","[""Státní kapitalismus"", ""Integrální liberalismus"", ""Čistá plánovaná ekonomika"", ""Totální protekcionismus""]",0,,,,,,
course_240_la_chine_et_son_modele_economique,course_240_la_chine_et_son_modele_economique_q6,numericSlider,"Ve kterém roce Si Ťin-pching zahájil iniciativu Pás a stezka, „nové hedvábné stezky“?","Xi Jinping zahájil v roce 2013 iniciativu Pás a stezka, jeden z největších projektů investic do infrastruktury v moderní historii.",,,,2013.0,1995.0,2024.0,2.0,
course_240_la_chine_et_son_modele_economique,course_240_la_chine_et_son_modele_economique_q7,mcq,Co odhalil téměř bankrot realitního gigantu Evergrande v roce 2021?,Téměř bankrot Evergrande v roce 2021 odhalil nedostatky čínského trhu s nemovitostmi podpořený spekulacemi a značným dluhem.,"[""Chyby čínského trhu s nemovitostmi podpořené spekulacemi a dluhy"", ""Naprostá solidnost čínského finančního systému"", ""Konec kontroly komunistické strany nad ekonomikou"", ""Pokles čínského veřejného dluhu""]",0,,,,,,
course_240_la_chine_et_son_modele_economique,course_240_la_chine_et_son_modele_economique_q8,trueFalse,"Pravda nebo lež: Čínská populace začala klesat v roce 2022, po desetiletích politiky jednoho dítěte.","Populace Číny ve skutečnosti začala klesat v roce 2022, což je dlouhodobý důsledek politiky jednoho dítěte, která byla zavedena v letech 1980 až 2015.","[""Pravda"", ""Nepravda""]",0,,,,,,
course_240_la_chine_et_son_modele_economique,course_240_la_chine_et_son_modele_economique_q9,mcq,Kolem kterého území se koncentruje napětí mezi Čínou a Západem spojené s přístupem k polovodičům?,"Napětí mezi Čínou a Západem se soustředí zejména na status Tchaj-wanu a přístup k polovodičům, které jsou pro moderní průmysl zásadní.","[""Tchaj-wan"", ""Hongkong"", ""Tibet"", ""Mongolsko""]",0,,,,,,
course_240_la_chine_et_son_modele_economique,course_240_la_chine_et_son_modele_economique_q10,chronological,Seřaďte tyto etapy nedávné čínské ekonomické historie v chronologickém pořadí.,"Tyto milníky se rozprostírají od roku 1978 do roku 2022: reforma a otevírání se, iniciativa Belt and Road, krize Evergrande a poté začátek demografického poklesu.",,,"[""Zahájení reformy a politiky otevírání se"", ""Zahájení iniciativy Pás a stezka"", ""Téměř bankrot realitní skupiny Evergrande"", ""Začátek demografického poklesu čínské populace""]",,,,,
course_24_la_bataille_de_dien_bien_phu_1954,course_24_la_bataille_de_dien_bien_phu_1954_q1,mcq,Kdo vedl síly Viet Minhu během bitvy o Dien Bien Phu?,"Generál Võ Nguyên Giáp, bývalý profesor historie, vede jednotky Viet-Minhu a poráží francouzskou armádu.","[""Generál Võ Nguyên Giáp"", ""Ho Či Min"", ""Generál Henri Navarre"", ""Plukovník Charles Piroth""]",0,,,,,,
course_24_la_bataille_de_dien_bien_phu_1954,course_24_la_bataille_de_dien_bien_phu_1954_q2,trueFalse,"Pravda nebo lež: Generál Giáp trénoval na prestižní vojenské škole, než se stal stratégem.","Giáp nikdy nenavštěvoval vojenskou školu; řekl, že se strategii naučil čtením Napoleonových tažení v hanojské knihovně.","[""Pravda"", ""Nepravda""]",1,,,,,,
course_24_la_bataille_de_dien_bien_phu_1954,course_24_la_bataille_de_dien_bien_phu_1954_q3,mcq,"Jak se jmenuje francouzská operace, která v listopadu 1953 zřídila vzdušnou základnu v Diên Bien Phu?",Operace Castor instalovala francouzskou pozemní základnu v povodí Diên Bien Phu na padáku v listopadu 1953.,"[""Operace Castor"", ""Operace Dynamo"", ""Operace Overlord"", ""Operace Vulture""]",0,,,,,,
course_24_la_bataille_de_dien_bien_phu_1954,course_24_la_bataille_de_dien_bien_phu_1954_q4,trueFalse,"Pravda nebo lež: francouzský generální štáb věřil, že Viet-Minh nikdy nebude schopen zvednout těžké dělostřelectvo v džungli obklopující Diên Bien Phu.","To byla francouzská kalkulace, ale desítky tisíc nosičů převážely na hřbetech děla a munici na hřebeny s výhledem na tábor.","[""Pravda"", ""Nepravda""]",0,,,,,,
course_24_la_bataille_de_dien_bien_phu_1954,course_24_la_bataille_de_dien_bien_phu_1954_q5,mcq,"Který francouzský důstojník spáchá sebevraždu poté, co slíbil, že umlčí dělostřelectvo Viet Minhu?","Plukovník Charles Piroth, odpovědný za francouzské dělostřelectvo, spáchal sebevraždu v prvních dnech obléhání poté, co svůj slib nesplnil.","[""Plukovník Charles Piroth"", ""Generál Henri Navarre"", ""generál de Castries"", ""plukovník Bigeard""]",0,,,,,,
course_24_la_bataille_de_dien_bien_phu_1954,course_24_la_bataille_de_dien_bien_phu_1954_q6,numericSlider,"Kolik dní trvalo obléhání Dien Bien Phu, od 13. března do 7. května 1954?","Obléhání trvalo 55 dní, od 13. března do 7. května 1954, před francouzskou kapitulací.",,,,55.0,20.0,90.0,5.0,dny
course_24_la_bataille_de_dien_bien_phu_1954,course_24_la_bataille_de_dien_bien_phu_1954_q7,mcq,Která země odmítá masivní leteckou intervenci na záchranu francouzského zakořeněného tábora?,"Spojené státy odmítly masivní leteckou intervenci, což umožnilo francouzským silám 7. května 1954 kapitulovat.","[""Spojené státy"", ""Spojené království"", ""Sovětský svaz"", ""Čína""]",0,,,,,,
course_24_la_bataille_de_dien_bien_phu_1954,course_24_la_bataille_de_dien_bien_phu_1954_q8,chronological,Seřaďte tyto fáze bitvy o Dien Bien Phu v chronologickém pořadí.,"Operace Castor (listopad 1953), ofenziva 13. března 1954, kapitulace 7. května, poté ženevské dohody (červenec 1954) znamenaly konec války v Indočíně.",,,"[""Instalace francouzské letecké základny"", ""Zničení přistávací dráhy dělostřelectvem Viet-Minhu"", ""Kapitulace francouzského zakořeněného tábora"", ""Podpis ženevských dohod""]",,,,,
course_25_le_genocide_armenien_1915_1916,course_25_le_genocide_armenien_1915_1916_q1,mcq,Která říše zorganizovala v letech 1915 až 1916 vyhlazení velké části svého arménského obyvatelstva?,Vláda Osmanské říše zorganizovala deportaci a vyhlazení velké části její arménské populace.,"[""Osmanská říše"", ""Ruské impérium"", ""Rakousko-Uhersko"", ""Perská říše""]",0,,,,,,
course_25_le_genocide_armenien_1915_1916,course_25_le_genocide_armenien_1915_1916_q2,trueFalse,Pravda nebo lež: Hamidské masakry v letech 1894-1896 byly souzeny a potrestány osmanskými úřady.,"Tyto masakry, které za sultána Abdülhamida II. způsobily 100 000 až 300 000 úmrtí, zůstaly nepotrestány.","[""Pravda"", ""Nepravda""]",1,,,,,,
course_25_le_genocide_armenien_1915_1916,course_25_le_genocide_armenien_1915_1916_q3,mcq,Jaká událost z 24. dubna 1915 v Konstantinopoli znamená symbolický začátek genocidy?,"Toto datum, které se stalo světovým připomenutím, označuje zatčení a poté popravu arménských elit hlavního města.","[""Zatčení pak poprava více než 200 arménských intelektuálů a významných osobností"", ""Ničení arménských kostelů"", ""Vyhlášení zákona o vyhoštění"", ""Útok na Deir ez-Zor""]",0,,,,,,
course_25_le_genocide_armenien_1915_1916,course_25_le_genocide_armenien_1915_1916_q4,mcq,Co umožňoval deportační zákon přijatý v květnu 1915?,"Tento zákon poskytuje právní rámec pro nucené vyhoštění do pouští Mezopotámie, kde jsou decimovány konvoje.","[""Právní rámec pro vyhoštění do pouští Mezopotámie"", ""Náboženská autonomie Arménů"", ""Vytvoření arménské armády"", ""Návrat arménských exulantů""]",0,,,,,,
course_25_le_genocide_armenien_1915_1916,course_25_le_genocide_armenien_1915_1916_q5,trueFalse,Pravda nebo lež: Americký diplomat Henry Morgenthau popsal události roku 1915 jako „rasovou vraždu“.,"Henry Morgenthau, neutrální diplomat působící v Osmanské říši, použil tento výraz k popisu masakrů.","[""Pravda"", ""Nepravda""]",0,,,,,,
course_25_le_genocide_armenien_1915_1916,course_25_le_genocide_armenien_1915_1916_q6,mcq,"Kdo vymyslel slovo „genocida“, výslovně myslel na Armény?",Polský právník Raphael Lemkin vynalezl právní koncept genocidy s ohledem na osud Arménů; OSN to v roce 1948 uzákonilo.,"[""Raphael Lemkin"", ""Henry Morgenthau"", ""Woodrow Wilson"", ""Talaat paša""]",0,,,,,,
course_25_le_genocide_armenien_1915_1916,course_25_le_genocide_armenien_1915_1916_q7,percentageSlider,Jaký podíl Arménů v Osmanské říši zahynul mezi lety 1915 a 1916?,"Během tohoto období zemřely asi dvě třetiny Arménů říše, v závislosti na průběhu.",,,,67.0,0.0,100.0,10.0,%
course_25_le_genocide_armenien_1915_1916,course_25_le_genocide_armenien_1915_1916_q8,mcq,Jaký postoj zaujímá současné Turecko k událostem z let 1915–1916?,"Turecko uznává utrpení a masakry ve válečném chaosu, ale odmítá termín genocida, na rozdíl od Francie (2001) nebo Spojených států (2021).","[""Uznává masakry, ale odmítá termín genocida"", ""Oficiálně uznává genocidu"", ""Popírá jakékoli násilí vůči Arménům"", ""V roce 1915 vydala formální omluvu""]",0,,,,,,
course_25_le_genocide_armenien_1915_1916,course_25_le_genocide_armenien_1915_1916_q9,chronological,Seřaďte tyto milníky arménské genocidy a její uznání v chronologickém pořadí.,Tyto čtyři milníky sahají od beztrestnosti prvních masakrů (1894–1896) po pozdní uznání genocidy některými státy (2001 pro Francii).,,,"[""Hamidské masakry za sultána Abdülhamida II"", ""Zatčení arménských intelektuálů v Konstantinopoli"", ""Deportace a masové masakry v Anatolii"", ""Oficiální uznání genocidy Francií""]",,,,,
course_26_la_creation_de_l_onu_1945,course_26_la_creation_de_l_onu_1945_q1,mcq,Kolik zemí podepsalo Chartu Organizace spojených národů v San Franciscu 26. června 1945?,51 zemí podepsalo 26. června 1945 v San Franciscu Chartu Organizace spojených národů.,"[""51"", ""26"", ""5"", ""193""]",0,,,,,,
course_26_la_creation_de_l_onu_1945,course_26_la_creation_de_l_onu_1945_q2,mcq,"Která organizace, předchůdce OSN, zejména nedokázala zastavit italskou invazi do Etiopie?",Společnost národů bez Spojených států a bez skutečných nátlakových prostředků nemůže zastavit Japonsko v Mandžusku ani Itálii v Etiopii.,"[""Společnost národů"", ""NATO"", ""Společenství uhlí a oceli"", ""SZO""]",0,,,,,,
course_26_la_creation_de_l_onu_1945,course_26_la_creation_de_l_onu_1945_q3,trueFalse,Pravda nebo lež: Spojené státy vstoupily do Společnosti národů po první světové válce.,"Americký Senát, spojený s izolacionismem, odmítl vstoupit do Společnosti národů, navzdory jejímu zahájení prezidentem Wilsonem.","[""Pravda"", ""Nepravda""]",1,,,,,,
course_26_la_creation_de_l_onu_1945,course_26_la_creation_de_l_onu_1945_q4,mcq,Jaké je právo veta v Radě bezpečnosti OSN?,Každý z pěti stálých členů Rady bezpečnosti může rezoluci zablokovat pomocí svého práva veta.,"[""Možnost stálého člena zablokovat usnesení"", ""Volební právo všech členských států"", ""Pravomoc rozpustit valnou hromadu"", ""Právo vyloučit stát z OSN""]",0,,,,,,
course_26_la_creation_de_l_onu_1945,course_26_la_creation_de_l_onu_1945_q5,mcq,Kterých pět zemí se v roce 1945 stalo stálými členy Rady bezpečnosti?,"Pět vítězů z roku 1945, Spojené státy americké, SSSR, Spojené království, Francie a Čína, se stalo stálými členy s právem veta.","[""Spojené státy, SSSR, Velká Británie, Francie, Čína"", ""Spojené státy, Německo, Japonsko, Itálie, Čína"", ""SSSR, Čína, Indie, Brazílie, Německo"", ""Velká Británie, Francie, Španělsko, Portugalsko, Čína""]",0,,,,,,
course_26_la_creation_de_l_onu_1945,course_26_la_creation_de_l_onu_1945_q6,trueFalse,Pravda nebo lež: Akce WHO umožnila vymýcení pravých neštovic v roce 1980.,"Světová zdravotnická organizace, agentura OSN, koordinovala úsilí, které vedlo v roce 1980 k vymýcení pravých neštovic.","[""Pravda"", ""Nepravda""]",0,,,,,,
course_26_la_creation_de_l_onu_1945,course_26_la_creation_de_l_onu_1945_q7,numericSlider,Kolik zemí je dnes podle kurzu členy OSN?,OSN má dnes 193 členů ve srovnání s 51 signatáři v roce 1945.,,,,193.0,150.0,220.0,5.0,
course_26_la_creation_de_l_onu_1945,course_26_la_creation_de_l_onu_1945_q8,mcq,"Která konference v únoru 1945 mezi Rooseveltem, Churchillem a Stalinem formovala strukturu OSN?","Konference v Jaltě v únoru 1945 svedla dohromady Roosevelta, Churchilla a Stalina a vytvořila budoucí organizaci Organizace spojených národů.","[""Konference v Jaltě"", ""Konference v San Franciscu"", ""Postupimská konference"", ""Ženevská konference""]",0,,,,,,
course_27_la_naissance_de_l_ue_de_la_ceca_a_maastr,course_27_la_naissance_de_l_ue_de_la_ceca_a_maastr_q1,mcq,Co je cílem Schumanovy deklarace z roku 1950?,"Jean Monnet a Robert Schuman navrhují umístit francouzsko-německé uhlí a ocel pod společný Vysoký úřad, aby byla válka materiálně nemožná.","[""Umístěte francouzsko-německou výrobu uhlí a oceli pod společnou autoritu"", ""Vytvořte jednotnou evropskou měnu"", ""Založení společné evropské armády"", ""Zavést volný pohyb osob""]",0,,,,,,
course_27_la_naissance_de_l_ue_de_la_ceca_a_maastr,course_27_la_naissance_de_l_ue_de_la_ceca_a_maastr_q2,mcq,"Které země se připojují k Francii a Německu v ESUO, vytvořeném v roce 1951?","Itálie, Belgie, Nizozemsko a Lucembursko (Benelux) se připojují k Francii a Německu v ESUO.","[""Itálie a Benelux"", ""Spojené království a Irsko"", ""Španělsko a Portugalsko"", ""Polsko a Československo""]",0,,,,,,
course_27_la_naissance_de_l_ue_de_la_ceca_a_maastr,course_27_la_naissance_de_l_ue_de_la_ceca_a_maastr_q3,trueFalse,"Pravda nebo lež: ESUO je poprvé, kdy státy delegují část své suverenity na orgán, který je přesahuje.","ESUO zaznamenává historické prvenství: státy akceptují, že v klíčové průmyslové oblasti nad nimi rozhoduje společný vysoký úřad.","[""Pravda"", ""Nepravda""]",0,,,,,,
course_27_la_naissance_de_l_ue_de_la_ceca_a_maastr,course_27_la_naissance_de_l_ue_de_la_ceca_a_maastr_q4,mcq,Co vytvářejí Římské smlouvy podepsané 25. března 1957?,"Šestka podepisuje v Římě smlouvy, které zakládají Evropské hospodářské společenství (EHS) a Euratom pro civilní atom.","[""EHS a Euratom"", ""ESUO a NATO"", ""Euro a Evropská centrální banka"", ""Maastrichtská smlouva""]",0,,,,,,
course_27_la_naissance_de_l_ue_de_la_ceca_a_maastr,course_27_la_naissance_de_l_ue_de_la_ceca_a_maastr_q5,mcq,Která smlouva v roce 1992 transformovala EHS na Evropskou unii?,Maastrichtská smlouva (1992) vytvořila Evropskou unii s evropským občanstvím a hospodářskou a měnovou unií.,"[""Maastrichtská smlouva"", ""Římská smlouva"", ""Lisabonská smlouva"", ""Schumanova deklarace""]",0,,,,,,
course_27_la_naissance_de_l_ue_de_la_ceca_a_maastr,course_27_la_naissance_de_l_ue_de_la_ceca_a_maastr_q6,trueFalse,"Pravda nebo lež: euromince a bankovky byly uvedeny do oběhu, jakmile byla v roce 1992 podepsána Maastrichtská smlouva.","Euro se stalo psanou realitou až v roce 1999, poté bylo v oběhu v mincích a bankovkách až od 1. ledna 2002.","[""Pravda"", ""Nepravda""]",1,,,,,,
course_27_la_naissance_de_l_ue_de_la_ceca_a_maastr,course_27_la_naissance_de_l_ue_de_la_ceca_a_maastr_q7,numericSlider,"Kdy se Spojené království, Irsko a Dánsko připojily k EHS?","Spojené království, Irsko a Dánsko vstoupily do EHS v roce 1973 a rozšířily počáteční malý průmyslový okruh.",,,,1973.0,1950.0,2000.0,3.0,
course_27_la_naissance_de_l_ue_de_la_ceca_a_maastr,course_27_la_naissance_de_l_ue_de_la_ceca_a_maastr_q8,chronological,Seřaďte tyto fáze evropské výstavby v chronologickém pořadí.,"Od Schumanovy deklarace (1950) k ESUO (1951), poté od Římských smluv (1957) po Maastricht (1992) postupuje evropská integrace po etapách.",,,"[""Schumanova deklarace o uhlí a oceli"", ""Vytvoření ESUO"", ""Podpis Římských smluv"", ""Podpis Maastrichtské smlouvy""]",,,,,
course_28_le_genocide_rwandais_1994,course_28_le_genocide_rwandais_1994_q1,mcq,Kdo v roce 1933 zafixoval etnickou příslušnost Hutuů/Tutsiů na průkaz totožnosti?,"V roce 1933 belgická administrativa zafixovala etnickou příslušnost do občanského průkazu, i když dříve byla především sociální a ekonomická.","[""Belgická koloniální správa"", ""Francouzská vláda"", ""OSN"", ""Král Rwandy""]",0,,,,,,
course_28_le_genocide_rwandais_1994,course_28_le_genocide_rwandais_1994_q2,trueFalse,Pravda nebo lež: před kolonizací se Hutu obohacený o dobytek mohl stát Tutsi.,Rozdíl mezi Hutuy a Tutsiy byl před kolonizací především sociální a ekonomický a mohl se vyvíjet s bohatstvím hospodářských zvířat.,"[""Pravda"", ""Nepravda""]",0,,,,,,
course_28_le_genocide_rwandais_1994,course_28_le_genocide_rwandais_1994_q3,mcq,Jaká událost 6. dubna 1994 spustila začátek genocidy?,6. dubna 1994 bylo sestřeleno prezidentské letadlo; do hodiny se přehrady uzavřou a začne genocida.,"[""Letadlo prezidenta Habyarimana je sestřeleno"", ""Je vyhlášena nezávislost Rwandy"", ""RPF bere Kigali"", ""Vzniklo Radio des Mille Collines""]",0,,,,,,
course_28_le_genocide_rwandais_1994,course_28_le_genocide_rwandais_1994_q4,mcq,Jakou roli hrálo Radio des Mille Collines před a během genocidy?,"Radio des Mille Collines denně vysílá nenávistnou propagandu, která masakry připravuje a doprovází.","[""Každý den šíří nenávist a dehumanizuje Tutsie"", ""Vyzývá k národnímu usmíření"", ""Předává tiskové zprávy OSN"", ""Je cenzurován režimem Habyarimana""]",0,,,,,,
course_28_le_genocide_rwandais_1994,course_28_le_genocide_rwandais_1994_q5,trueFalse,Pravda nebo lež: rwandská genocida z roku 1994 byla výbuchem spontánního násilí bez předchozí organizace.,"Masakr, který provedli sousedé, kolegové a místní úřady, byl výsledkem plánované operace, nikoli spontánního výbuchu.","[""Pravda"", ""Nepravda""]",1,,,,,,
course_28_le_genocide_rwandais_1994,course_28_le_genocide_rwandais_1994_q6,mcq,Proč Spojené státy v roce 1994 zpomalily jakoukoli intervenci ve Rwandě?,"Spojené státy, traumatizované neúspěchem v Somálsku, zpomalují jakoukoli intervenci a dokonce se vyhýbají slovu „genocida“.","[""Zůstávají poznamenáni neúspěchem jejich intervence v Somálsku"", ""Podporují režim Habyarimana"", ""Chybí jim dostupné vojenské zdroje"", ""S Rwandou vyjednávají obchodní dohodu""]",0,,,,,,
course_28_le_genocide_rwandais_1994,course_28_le_genocide_rwandais_1994_q7,mcq,"Kdo konkrétně ukončil masakry tím, že 4. července 1994 dobyl Kigali?","Nebyla to OSN, ale ofenzíva RPF, vedená Paulem Kagamem, která ukončila masakry dobytím Kigali.","[""Ofenziva Rwandské vlastenecké fronty, vedená Paulem Kagamem"", ""Mise OSN, které velel Roméo Dallaire"", ""Francouzská operace Tyrkysová"", ""Rwandská prozatímní vláda""]",0,,,,,,
course_28_le_genocide_rwandais_1994,course_28_le_genocide_rwandais_1994_q8,numericSlider,Kolik dní trvala rwandská genocida mezi dubnem a červencem 1994?,"Za pouhých 100 dní, mezi dubnem a červencem 1994, si genocida vyžádala statisíce mrtvých.",,,,100.0,30.0,200.0,10.0,dny
course_28_le_genocide_rwandais_1994,course_28_le_genocide_rwandais_1994_q9,chronological,Seřaďte tyto fáze rwandské genocidy v chronologickém pořadí.,Od průkazu etnické identity z roku 1933 po dobytí Kigali 4. července 1994 tyto milníky shrnují mechanismus genocidy a jejího konce.,,,"[""Fixace etnických identit belgickou koloniální správou"", ""Útok na prezidentské letadlo"", ""Masakry na celém území"", ""Dobytí Kigali rwandskou vlasteneckou frontou""]",,,,,
course_29_la_chute_du_mur_de_berlin_1989,course_29_la_chute_du_mur_de_berlin_1989_q1,mcq,"Jak dlouho rozdělovala Berlínská zeď město, než v roce 1989 padla?","Zeď postavená v roce 1961 rozdělovala Berlín na 28 let, až do svého pádu v noci z 9. na 10. listopadu 1989.","[""28 let"", ""10 let"", ""50 let"", ""5 let""]",0,,,,,,
course_29_la_chute_du_mur_de_berlin_1989,course_29_la_chute_du_mur_de_berlin_1989_q2,mcq,Proč byla v roce 1961 postavena Berlínská zeď?,"Mezi lety 1949 a 1961 uprchly na Západ více než 3 miliony východních Němců; zeď je postavena tak, aby toto krvácení zastavila.","[""Zastavit masivní útěk Němců z východu na západ"", ""Zabránit příchodu uprchlíků ze Západu"", ""Na ochranu Berlína před sovětskou invazí"", ""Oddělit americkou a francouzskou okupační zónu""]",0,,,,,,
course_29_la_chute_du_mur_de_berlin_1989,course_29_la_chute_du_mur_de_berlin_1989_q3,trueFalse,Pravda nebo lež: východoněmecký režim oficiálně prezentoval zeď jako „antifašistický ochranný val“.,"Režim tvrdil, že drží špiony mimo, než aby přiznal, že mu jde o to, aby se jeho občané nedostali dovnitř.","[""Pravda"", ""Nepravda""]",0,,,,,,
course_29_la_chute_du_mur_de_berlin_1989,course_29_la_chute_du_mur_de_berlin_1989_q4,mcq,Která událost z května 1989 představovala první skutečné porušení železné opony?,"V květnu 1989 Maďarsko otevřelo svou hranici s Rakouskem, čímž došlo k prvnímu skutečnému porušení železné opony.","[""Otevření hranic mezi Maďarskem a Rakouskem"", ""Pád Berlínské zdi"", ""Koncert Bruce Springsteena ve východním Berlíně"", ""Náhrada Ericha Honeckera""]",0,,,,,,
course_29_la_chute_du_mur_de_berlin_1989,course_29_la_chute_du_mur_de_berlin_1989_q5,mcq,Jaká chyba mluvčího Güntera Schabowského uspíšila otevření kontrolních stanovišť 9. listopadu 1989?,"Schabowski propustil „okamžitě, bez prodlení“, i když opatření mělo platit až druhý den, což vedlo k tomu, že se Berlíňané hrnou na kontrolní stanoviště.","[""Omylem oznamuje, že nová cestovní pravidla platí okamžitě"", ""Oznamuje rezignaci východoněmecké vlády"", ""Vyhlašuje znovusjednocení Německa"", ""Nařídí pohraničníkům, aby otevřeli zeď""]",0,,,,,,
course_29_la_chute_du_mur_de_berlin_1989,course_29_la_chute_du_mur_de_berlin_1989_q6,trueFalse,"Pravda nebo lež: Michail Gorbačov se v roce 1989 rozhodl vojensky rozdrtit protestní hnutí ve východní Evropě, stejně jako v roce 1968 v Praze.","Gorbačov naopak odmítá rozdrtit své satelity jako v roce 1968, což umožňuje protestním hnutím prosperovat.","[""Pravda"", ""Nepravda""]",1,,,,,,
course_29_la_chute_du_mur_de_berlin_1989,course_29_la_chute_du_mur_de_berlin_1989_q7,numericSlider,Jak dlouhá je Berlínská zeď v kilometrech?,"Berlínská zeď, postavená v roce 1961, se rozkládá na 155 km.",,,,155.0,50.0,300.0,15.0,km
course_29_la_chute_du_mur_de_berlin_1989,course_29_la_chute_du_mur_de_berlin_1989_q8,chronological,Seřaďte tyto etapy v historii Berlínské zdi v chronologickém pořadí.,"Od postavení zdi (1961) do jejího pádu (9. listopadu 1989), poté znovusjednocení (3. října 1990), tyto milníky pokrývají téměř tři desetiletí.",,,"[""Stavba zdi mezi východním a západním Berlínem"", ""Otevření hranic mezi Maďarskem a Rakouskem"", ""Pád Berlínské zdi"", ""Oficiální znovusjednocení Německa""]",,,,,
course_2_l_appel_d_urbain_ii_et_la_1re_croisade_1,course_2_l_appel_d_urbain_ii_et_la_1re_croisade_1_q1,mcq,K jaké události došlo na koncilu v Clermontu v listopadu 1095?,"Na koncilu v Clermontu 27. listopadu 1095 Urban II. vyzval západní křesťany, aby šli a osvobodili Jeruzalém výměnou za odpuštění svých hříchů.","[""Papež Urban II vyzývá ke křížové výpravě k osvobození Jeruzaléma"", ""Papež exkomunikuje byzantského císaře"", ""Seldžuckí Turci napadají Itálii"", ""Křižáci založili Latinské státy Východu""]",0,,,,,,
course_2_l_appel_d_urbain_ii_et_la_1re_croisade_1,course_2_l_appel_d_urbain_ii_et_la_1re_croisade_1_q2,mcq,Jaká událost přiměla byzantského císaře Alexia I. Komnéna požádat papeže o pomoc?,"V roce 1071 v Mantzikertu seldžuckí Turci rozdrtili byzantskou armádu a otevřeli Anatolii, čímž přiměli Alexia I. Komnéna, aby požádal Řím.","[""Porážka Mantzikerta proti seldžuckým Turkům"", ""Dobytí Jeruzaléma muslimy"", ""Vyhození Konstantinopole"", ""Smrt jeho předchůdce""]",0,,,,,,
course_2_l_appel_d_urbain_ii_et_la_1re_croisade_1,course_2_l_appel_d_urbain_ii_et_la_1re_croisade_1_q3,trueFalse,"Pravda nebo lež: „křížová výprava chudých lidí“ vedená Petrem Poustevníkem byla disciplinovanou armádou, která bez potíží dorazila do Jeruzaléma.","Bez disciplíny a zásob, tato skupina chudých lidí drancovala v jejich cestě a byla zdecimována v Anatolii, než dosáhla Jeruzaléma.","[""Pravda"", ""Nepravda""]",1,,,,,,
course_2_l_appel_d_urbain_ii_et_la_1re_croisade_1,course_2_l_appel_d_urbain_ii_et_la_1re_croisade_1_q4,mcq,"Co slibuje Urban II těm, kdo se vydají na křížovou výpravu?","Urban II. slibuje úplné odpustky: úplné odpuštění hříchů těm, kdo berou kříž.","[""Úplné odpuštění trestů za jejich hříchy"", ""Země zaručená ve Svaté zemi"", ""Plat vyplácený církví"", ""Dědičný šlechtický titul""]",0,,,,,,
course_2_l_appel_d_urbain_ii_et_la_1re_croisade_1,course_2_l_appel_d_urbain_ii_et_la_1re_croisade_1_q5,trueFalse,Pravda nebo lež: po dobytí Jeruzaléma se Godfrey z Bouillonu prohlásil králem města.,"Godfrey z Bouillonu odmítl titul krále a raději se nechal nazývat Vyznáním Božího hrobu, ochráncem Kristova hrobu.","[""Pravda"", ""Nepravda""]",1,,,,,,
course_2_l_appel_d_urbain_ii_et_la_1re_croisade_1,course_2_l_appel_d_urbain_ii_et_la_1re_croisade_1_q6,chronological,Seřaďte tyto události v historii křížových výprav v chronologickém pořadí.,"Tyto milníky se pohybují od roku 1071 do roku 1187: byzantská porážka předchází papežově odvolání, které předchází dobytí a následnému znovuzískání Jeruzaléma.",,,"[""Byzantská porážka Mantzikertu proti seldžuckým Turkům"", ""Výzva ke křížové výpravě na koncilu v Clermontu"", ""Dobytí Jeruzaléma křižáky"", ""Obnovení Jeruzaléma Saladinem""]",,,,,
course_2_l_appel_d_urbain_ii_et_la_1re_croisade_1,course_2_l_appel_d_urbain_ii_et_la_1re_croisade_1_q7,numericSlider,Ve kterém roce dobyli křižáci Jeruzalém?,Jeruzalém padl 15. července 1099 po odchodu výpravy v roce 1096 a obléhání Antiochie.,,,,1099.0,1050.0,1150.0,5.0,
course_2_l_appel_d_urbain_ii_et_la_1re_croisade_1,course_2_l_appel_d_urbain_ii_et_la_1re_croisade_1_q8,mcq,Který muslimský sultán znovu dobývá Jeruzalém v roce 1187?,V roce 1187 sultán Saladin dobyl Jeruzalém zpět od křižáků a znovu zahájil cyklus křížových výprav.,"[""Saladin"", ""Alp Arslan"", ""Bohemund z Taranta"", ""Alexios I. Komnenos""]",0,,,,,,
course_2_l_appel_d_urbain_ii_et_la_1re_croisade_1,course_2_l_appel_d_urbain_ii_et_la_1re_croisade_1_q9,numericSlider,"Ve kterém roce padla Saint-Jean-d'Acre, poslední bašta latinských států Východu?",Pád Saint-Jean-d'Acre v roce 1291 znamená konec latinské přítomnosti ve Svaté zemi.,,,,1291.0,1200.0,1350.0,10.0,
course_30_la_blitzkrieg_1940,course_30_la_blitzkrieg_1940_q1,mcq,Kdo vymyslel termín „Blitzkrieg“ pro označení německé strategie roku 1940?,"Slovo Blitzkrieg není ve Wehrmachtu oficiální; Němci mluví o válce pohybu, je to anglosaský tisk, který tento termín vymyslel.","[""Anglosaský tisk"", ""německé vrchní velení"", ""Francouzská vláda"", ""Winston Churchill""]",0,,,,,,
course_30_la_blitzkrieg_1940,course_30_la_blitzkrieg_1940_q2,mcq,Jaký německý princip spočívá v soustředění všech prostředků na úzký bod k prolomení nepřátelské fronty?,"Schwerpunkt označuje soustředění sil na konkrétní bod, klíčový princip německého mobilního válčení.","[""Schwerpunkt"", ""Sichelschnitt"", ""Maginotova linie"", ""Blesková válka""]",0,,,,,,
course_30_la_blitzkrieg_1940,course_30_la_blitzkrieg_1940_q3,trueFalse,Pravda nebo lež: sirény německých Stukas měly skutečné vojenské využití při odhalování nepřátelských pozic.,"Tyto sirény, přezdívané „jericho trumpets“, neměly žádné skutečné vojenské využití: sloužily pouze k terorizaci vojáků a civilistů.","[""Pravda"", ""Nepravda""]",1,,,,,,
course_30_la_blitzkrieg_1940,course_30_la_blitzkrieg_1940_q4,mcq,"Kterou oblast, kterou Francouzi považovali za neprůjezdnou, překročila většina německých tanků v květnu 1940?","Na radu generála von Mansteina přivedl Sichelschnittův plán většinu německých tanků přes Ardeny, které byly považovány za neprůjezdné.","[""Ardeny"", ""Vogézy"", ""Normandie"", ""Provence""]",0,,,,,,
course_30_la_blitzkrieg_1940,course_30_la_blitzkrieg_1940_q5,mcq,Kolik francouzsko-britských vojáků bylo evakuováno během operace Dynamo v Dunkerque?,"Operace Dynamo evakuuje 338 000 francouzsko-britských vojáků do Anglie, čímž zachrání britskou armádu.","[""338 000"", ""50 000"", ""1 milion"", ""10 000""]",0,,,,,,
course_30_la_blitzkrieg_1940,course_30_la_blitzkrieg_1940_q6,trueFalse,Pravda nebo lež: příměří z roku 1940 bylo podepsáno ve stejném kočáru jako příměří z roku 1918 v Compiègne.,"Hitler vyveze vůz z muzea Compiègne, aby uspořádal svou pomstu, 22 let po německé kapitulaci v roce 1918.","[""Pravda"", ""Nepravda""]",0,,,,,,
course_30_la_blitzkrieg_1940,course_30_la_blitzkrieg_1940_q7,numericSlider,Za kolik týdnů dobyla německá armáda v roce 1940 Francii a Benelux?,"Za pouhých šest týdnů, od 10. května do 22. června 1940, dobyla německá armáda Francii, Nizozemsko, Belgii a Lucembursko.",,,,6.0,1.0,20.0,1.0,týdnů
course_30_la_blitzkrieg_1940,course_30_la_blitzkrieg_1940_q8,mcq,Ze kterého města zahájil generál de Gaulle své odvolání z 18. června 1940?,"18. června 1940 z Londýna generál de Gaulle zahájil svou výzvu k BBC, v níž uvedl, že Francie prohrála bitvu, nikoli válku.","[""Londýn"", ""Paříž"", ""Vichy"", ""Alžír""]",0,,,,,,
course_30_la_blitzkrieg_1940,course_30_la_blitzkrieg_1940_q9,chronological,Seřaďte tyto fáze kampaně z roku 1940 chronologicky.,Od ofenzivy z 10. května do příměří z 22. června 1940 tyto etapy shrnují bleskovou porážku Francie během šesti týdnů.,,,"[""Německá ofenzíva na Západě"", ""Průlom v Panzeru u Sedanu"", ""Evakuace spojeneckých jednotek u Dunkerque"", ""Podepsání francouzsko-německého příměří""]",,,,,
course_31_le_plan_marshall_1947_1952,course_31_le_plan_marshall_1947_1952_q1,mcq,Kdo oznámil Marshallův plán v červnu 1947?,V červnu 1947 oznámil americký ministr zahraničí George Marshall bezprecedentní plán pomoci na obnovu Evropy.,"[""Americký ministr zahraničí George Marshall"", ""prezident Harry Truman"", ""Generál Eisenhower"", ""Generální tajemník OSN""]",0,,,,,,
course_31_le_plan_marshall_1947_1952,course_31_le_plan_marshall_1947_1952_q2,mcq,Jaká je skutečná strategie Marshallova plánu po rekonstrukci?,"Oficiálně jde o pomoc na rekonstrukci a jeho cílem je také zabránit chudobě, aby tlačila západní Evropu ke komunismu, kterému čelí SSSR.","[""Bránit chudobě, aby tlačila západní Evropu ke komunismu"", ""Financování společné evropské armády"", ""Ekonomicky anektovat západní Evropu"", ""Splatit evropské válečné dluhy""]",0,,,,,,
course_31_le_plan_marshall_1947_1952,course_31_le_plan_marshall_1947_1952_q3,trueFalse,Pravda nebo lež: Stalin přijímá pomoc Marshallova plánu pro SSSR a jeho spojenecké země.,"Stalin nabídku odmítá a zakazuje ji přijmout Polsku a Československu, čímž se kontinent rozdělí na dvě části.","[""Pravda"", ""Nepravda""]",1,,,,,,
course_31_le_plan_marshall_1947_1952,course_31_le_plan_marshall_1947_1952_q4,mcq,Jakou podmínku položil Marshall Evropanům ve svém projevu na Harvardu 5. června 1947?,"Marshall požadoval, aby se Evropané zorganizovali podle společného plánu, spíše než aby dostávali pomoc rozptýlenou po jednotlivých zemích.","[""Musí se dohodnout na společném plánu, spíše než dostávat rozptýlenou pomoc"", ""Pomoc musí vrátit i s úroky"", ""Musí vstoupit do NATO"", ""Musí přijmout dolar jako svou měnu""]",0,,,,,,
course_31_le_plan_marshall_1947_1952,course_31_le_plan_marshall_1947_1952_q5,mcq,V jaké formě přichází americká pomoc hlavně do Evropy?,"Pomoc netvoří hlavně jízdenky, ale materiální statky: stroje, uhlí, traktory, potraviny.","[""Stroje, uhlí, traktory a potraviny"", ""Pouze dolarové bankovky"", ""Zbraně a střelivo"", ""Dlouhodobé bankovní půjčky""]",0,,,,,,
course_31_le_plan_marshall_1947_1952,course_31_le_plan_marshall_1947_1952_q6,trueFalse,Pravda nebo lež: v roce 1952 zůstala průmyslová výroba v západní Evropě pod svou předválečnou úrovní.,"Do roku 1952 překročila průmyslová výroba předválečnou úroveň o 35 %, což znamenalo ekonomický úspěch plánu.","[""Pravda"", ""Nepravda""]",1,,,,,,
course_31_le_plan_marshall_1947_1952,course_31_le_plan_marshall_1947_1952_q7,numericSlider,Kolik miliard dolarů poslaly Spojené státy do Evropy v letech 1948 až 1952?,"V letech 1948 až 1952 poslaly Spojené státy přibližně 13 miliard dolarů, tedy více než 150 miliard dnes.",,,,13.0,1.0,50.0,2.0,miliard dolarů
course_31_le_plan_marshall_1947_1952,course_31_le_plan_marshall_1947_1952_q8,mcq,Jakou organizaci vytváří 16 zemí západní Evropy pro distribuci americké pomoci?,"16 zemí západní Evropy se sdružuje v OEEC, organizaci odpovědné za rozdělování prostředků Marshallova plánu.","[""OEEC"", ""ESUO"", ""NATO"", ""Mezinárodní měnový fond""]",0,,,,,,
course_32_la_guerre_du_vietnam_1955_1975,course_32_la_guerre_du_vietnam_1955_1975_q1,mcq,Co rozhodly Ženevské dohody z roku 1954 o Vietnamu?,"Ženevské dohody z roku 1954 dočasně rozdělily Vietnam na dvě části na 17. rovnoběžce, s Ho Či Minem na severu a režimem podporovaným Washingtonem na jihu.","[""Rozdělení země na dvě části na 17. rovnoběžce"", ""Okamžitá a jednotná nezávislost Vietnamu"", ""Úplné stažení francouzských jednotek bez jakékoli územní dohody"", ""Vytvoření federace s Laosem a Kambodžou""]",0,,,,,,
course_32_la_guerre_du_vietnam_1955_1975,course_32_la_guerre_du_vietnam_1955_1975_q2,mcq,Jaká teorie tlačí prezidenty Kennedyho a poté Johnsona k intervenci ve Vietnamu?,"Podle této teorie, pokud jedna země spadne pod komunismus, její sousedé by ji následovali v kaskádě, což ospravedlňuje americkou intervenci.","[""Teorie domina"", ""Trumanova doktrína"", ""Marshallův plán"", ""Politika otevřených dveří""]",0,,,,,,
course_32_la_guerre_du_vietnam_1955_1975,course_32_la_guerre_du_vietnam_1955_1975_q3,trueFalse,Pravda nebo lež: incident v Tonkinském zálivu v srpnu 1964 posloužil jako záminka k rozšíření americké vojenské angažovanosti.,"Tento námořní incident, jehož realitu soukromě zpochybnil sám Johnson, sloužil k ospravedlnění vojenské eskalace od roku 1965.","[""Pravda"", ""Nepravda""]",0,,,,,,
course_32_la_guerre_du_vietnam_1955_1975,course_32_la_guerre_du_vietnam_1955_1975_q4,mcq,"Jakou strategii přijali Američané, aniž by se jim podařilo přerušit dodávky ze Severního Vietnamu?","Tato strategie hledání a následného zničení nepřítele nestačí k prolomení Ho Či Minovy ​​stezky, severní zásobovací cesty.","[""Hledejte a ničte"", ""Totální námořní blokáda"", ""Zákopová válka"", ""Diplomatické omezení""]",0,,,,,,
course_32_la_guerre_du_vietnam_1955_1975,course_32_la_guerre_du_vietnam_1955_1975_q5,numericSlider,Kolik amerických vojáků bylo v roce 1969 přítomno ve Vietnamu?,"V roce 1969 tam bylo nasazeno přibližně 543 000 amerických vojáků, aniž by se podařilo zlomit severovietnamský odpor.",,,,543000.0,400000.0,700000.0,30000.0,vojáků
course_32_la_guerre_du_vietnam_1955_1975,course_32_la_guerre_du_vietnam_1955_1975_q6,percentageSlider,"Kolik lesů v jižním Vietnamu je zničeno defolianty, jako je Agent Orange?",Více než 80 milionů litrů herbicidů zničilo přibližně 20 % lesů jižního Vietnamu.,,,,20.0,0.0,100.0,5.0,%
course_32_la_guerre_du_vietnam_1955_1975,course_32_la_guerre_du_vietnam_1955_1975_q7,mcq,Co změnila ofenzíva Tet v lednu 1968 ve vnímání konfliktu?,"Ofenzíva na zemi selhala pro sever, ale její televizní rozsah ve Spojených státech byl v rozporu s optimistickými oznámeními z Washingtonu.","[""Rozbíjí iluzi o téměř americkém vítězství, navzdory vojenskému selhání Severu"", ""Jde o první nesporné americké vojenské vítězství"", ""Vyvolává to vstup Číny do války na straně Jihu"", ""Boje okamžitě ukončila příměřím.""]",0,,,,,,
course_32_la_guerre_du_vietnam_1955_1975,course_32_la_guerre_du_vietnam_1955_1975_q8,chronological,Seřaďte tyto fáze vietnamské války chronologicky.,"Tyto milníky sahají od rozdělení v roce 1954 do pádu Saigonu v roce 1975, který zpečetil znovusjednocení země za komunismu.",,,"[""Rozdělení země na 17. rovnoběžce"", ""Incident v Tonkinském zálivu"", ""Tet Offensive"", ""Podpis pařížských dohod"", ""Pád Saigonu""]",,,,,
course_32_la_guerre_du_vietnam_1955_1975,course_32_la_guerre_du_vietnam_1955_1975_q9,mcq,Který masakr spáchaný americkými vojáky v roce 1968 odhaluje některé válečné zločiny konfliktu?,"V My Lai američtí vojáci zabili vietnamské civilisty v roce 1968, epizoda, která šokovala už tak rozdělené americké mínění.","[""Masakr v My Lai"", ""Sharpevillský masakr"", ""Katyňský masakr"", ""Masakr v Babí Jaru""]",0,,,,,,
course_33_le_proces_de_nuremberg_1945_1946,course_33_le_proces_de_nuremberg_1945_1946_q1,mcq,"Která linie nakonec převládá při posuzování nacistických vůdců, podporovaných americkým právníkem Robertem Jacksonem?",Na rozdíl od návrhů Churchilla (souhrnné popravy) nebo Stalina (proces s pevně stanoveným rozsudkem) americká linie ukládá skutečný kontradiktorní proces.,"[""Soud s důkazy a právy na obhajobu"", ""Souhrnné exekuce bez soudu"", ""Soud, jehož verdikt je předem napsán"", ""Čistě náboženský soud""]",0,,,,,,
course_33_le_proces_de_nuremberg_1945_1946,course_33_le_proces_de_nuremberg_1945_1946_q2,mcq,Jakou novou právní kategorii vytvořil Londýnský statut z roku 1945 poprvé?,"Vedle spiknutí, již známých zločinů proti míru a válečných zločinů se v mezinárodním právu poprvé objevují zločiny proti lidskosti.","[""Zločiny proti lidskosti"", ""válečné zločiny"", ""Zločin genocidy"", ""Státní zrada""]",0,,,,,,
course_33_le_proces_de_nuremberg_1945_1946,course_33_le_proces_de_nuremberg_1945_1946_q3,trueFalse,Pravda nebo lež: Norimberské procesy se jako důkaz opíraly především o samotné nacistické archivy.,"Právník Robert Jackson využívá především miliony stránek archivů, fotografií a deníků, které vyprodukoval samotný nacistický režim.","[""Pravda"", ""Nepravda""]",0,,,,,,
course_33_le_proces_de_nuremberg_1945_1946,course_33_le_proces_de_nuremberg_1945_1946_q4,mcq,Kdo jako bývalý šéf Luftwaffe ovládá lavici obžalovaných svou arogancí?,"Hermann Göring, bývalý šéf německého letectva, vyniká svým provokativním postojem k rozhodčím.","[""Hermann Göring"", ""Albert Speer"", ""Josifa Stalina"", ""Winston Churchill""]",0,,,,,,
course_33_le_proces_de_nuremberg_1945_1946,course_33_le_proces_de_nuremberg_1945_1946_q5,numericSlider,Kolik obžalovaných bylo souzeno v Norimberském procesu?,Před mezinárodním tribunálem je souzeno 24 nacistických vůdců zastupujících režimní aparát.,,,,24.0,10.0,40.0,2.0,
course_33_le_proces_de_nuremberg_1945_1946,course_33_le_proces_de_nuremberg_1945_1946_q6,mcq,Co říkají Norimberské zásady o uposlechnutí rozkazů?,"Soud potvrzuje, že individuální odpovědnost má přednost: následující příkazy nepředstavují platnou omluvu pro trestný čin.","[""Uposlechnutí nadřízeného vás nezbavuje trestného činu"", ""Poslouchání nadřízeného vás zcela zbavuje odpovědnosti"", ""Soudit lze pouze hlavy států"", ""Jediným platným důkazem jsou písemné objednávky""]",0,,,,,,
course_33_le_proces_de_nuremberg_1945_1946,course_33_le_proces_de_nuremberg_1945_1946_q7,trueFalse,Pravda nebo lež: všech 24 obžalovaných z norimberského procesu bylo odsouzeno k smrti.,"Verdikt rozlišuje jednotlivé odpovědnosti: 12 rozsudků smrti, 3 doživotí, 4 tresty odnětí svobody a 3 zprošťující rozsudky.","[""Pravda"", ""Nepravda""]",1,,,,,,
course_33_le_proces_de_nuremberg_1945_1946,course_33_le_proces_de_nuremberg_1945_1946_q8,chronological,Uspořádejte tyto fáze Norimberského procesu a jeho dědictví v chronologickém pořadí.,Od Londýnského statutu v srpnu 1945 po vytvoření Mezinárodního trestního soudu v roce 2002 otevírá Norimberk cestu k trvalé mezinárodní spravedlnosti.,,,"[""Podepsání Londýnského statutu"", ""Zahájení procesu před mezinárodním tribunálem"", ""Vyhlášení konečného verdiktu"", ""Vytvoření Mezinárodního trestního soudu""]",,,,,
course_33_le_proces_de_nuremberg_1945_1946,course_33_le_proces_de_nuremberg_1945_1946_q9,mcq,Jaká omezení byla kritizována za norimberské procesy týkající se zločinů spáchaných samotnými spojenci?,"Katyňský masakr, kde byli polští důstojníci zabiti Sověty v roce 1940, nebyl nikdy souzen, což podnítilo myšlenku spravedlnosti s variabilní geometrií.","[""Nedostatek posouzení katyňského masakru spáchaného Sověty"", ""Absence jakýchkoli listinných důkazů"", ""Odmítnutí jmenovat amerického soudce"", ""Britský bojkot soudu""]",0,,,,,,
course_34_la_decolonisation_panorama_1945_1975,course_34_la_decolonisation_panorama_1945_1975_q1,mcq,"Který text z roku 1941, podepsaný Rooseveltem a Churchillem, je reinterpretován hnutími za nezávislost, aby si nárokovaly svou suverenitu?","Ačkoli Churchill chtěl omezit její působnost na Evropu, afričtí a asijští vůdci se chopili tohoto slibu práva národů zvolit si svou vládu.","[""Atlantská charta"", ""Charta ze San Francisca"", ""Versailleská smlouva"", ""Všeobecná deklarace lidských práv""]",0,,,,,,
course_34_la_decolonisation_panorama_1945_1975,course_34_la_decolonisation_panorama_1945_1975_q2,trueFalse,"Pravda nebo nepravda: Spojené království obecně vyjednává o nezávislosti svých kolonií, aby si udrželo vliv prostřednictvím Commonwealthu.","Na rozdíl od Francie Spojené království upřednostňuje vyjednaný přechod při zachování spojení přes Commonwealth, klub bývalých kolonií.","[""Pravda"", ""Nepravda""]",0,,,,,,
course_34_la_decolonisation_panorama_1945_1975,course_34_la_decolonisation_panorama_1945_1975_q3,mcq,Která země se v roce 1957 pod vedením Kwame Nkrumaha stala první britskou kolonií v nezávislé subsaharské Africe?,"Kwame Nkrumah získal suverenitu nad Ghanou v roce 1957, čímž připravil cestu k africké nezávislosti.","[""Ghana"", ""Keňa"", ""Nigérie"", ""Jižní Afrika""]",0,,,,,,
course_34_la_decolonisation_panorama_1945_1975,course_34_la_decolonisation_panorama_1945_1975_q4,mcq,Která francouzská koloniální válka způsobila pád čtvrté republiky v roce 1958?,"Alžírská válka (1954-1962), zvláště násilná, způsobila politickou krizi, která ukončila Čtvrtou republiku.","[""Alžírská válka"", ""Indočínská válka"", ""Vietnamská válka"", ""Rifská válka""]",0,,,,,,
course_34_la_decolonisation_panorama_1945_1975,course_34_la_decolonisation_panorama_1945_1975_q5,numericSlider,"Kolik francouzských kolonií se stalo suverénními v roce 1960, „roku Afriky“?","V roce 1960 získalo čtrnáct francouzských kolonií nezávislost během jediného roku, což je bezprecedentní hnutí.",,,,14.0,5.0,25.0,2.0,
course_34_la_decolonisation_panorama_1945_1975,course_34_la_decolonisation_panorama_1945_1975_q6,mcq,"Co se stane s Patricem Lumumbou, prvním premiérem nezávislého Konga?",Unáhlený odchod Belgie z Konga vedl k politickému chaosu a zavraždění Lumumby.,"[""Je zavražděn po unáhleném belgickém odjezdu, který vede k chaosu"", ""Pokojně vyjednává o udržení Belgie u moci"", ""Stává se prvním prezidentem Africké unie"", ""Založil nezúčastněné hnutí v Bandungu""]",0,,,,,,
course_34_la_decolonisation_panorama_1945_1975,course_34_la_decolonisation_panorama_1945_1975_q7,mcq,Jaký princip hájí 29 zemí shromážděných na konferenci v Bandungu v roce 1955?,"Tyto asijské a africké země, které se poprvé spojily, obhajují spíše nezávaznost než automatickou volbu mezi Washingtonem a Moskvou.","[""Nezařazení, odmítání automatického výběru strany studené války"", ""Kolektivní členství v sovětském táboře"", ""Vytvoření společné africké a asijské měny"", ""Udržování koloniálních říší ve federální podobě""]",0,,,,,,
course_34_la_decolonisation_panorama_1945_1975,course_34_la_decolonisation_panorama_1945_1975_q8,trueFalse,Pravda nebo lež: termín „třetí svět“ vytvořil francouzský demograf Alfred Sauvy v roce 1952.,"Alfred Sauvy vynalezl tento termín v roce 1952, analogicky s Třetím stavem z roku 1789.","[""Pravda"", ""Nepravda""]",0,,,,,,
course_34_la_decolonisation_panorama_1945_1975,course_34_la_decolonisation_panorama_1945_1975_q9,chronological,Uspořádejte tyto fáze dekolonizace v chronologickém pořadí.,"Tyto milníky sahají od indické nezávislosti v roce 1947 až po konec Iberských říší v roce 1975, který ukončil vlnu dekolonizace.",,,"[""Nezávislost Indie a Pákistánu"", ""Bandungská konference"", ""Vlna frankofonní nezávislosti v Africe"", ""Konec alžírské války"", ""Nezávislost portugalských kolonií""]",,,,,
course_35_l_apartheid_et_mandela_1948_1994,course_35_l_apartheid_et_mandela_1948_1994_q1,mcq,Co znamená slovo „apartheid“ v afrikánštině?,"„Apartheid“ znamená v afrikánštině „oddělení“, což je název, který shrnuje princip systému založeného v roce 1948.","[""Oddělení"", ""Rovnost"", ""Smíření"", ""Svoboda""]",0,,,,,,
course_35_l_apartheid_et_mandela_1948_1994,course_35_l_apartheid_et_mandela_1948_1994_q2,mcq,Jakou roli hrají Bantustanové v systému apartheidu?,"Bantustany, které mají být „národními centry“, pokrývají pouze 13 % území a slouží především ke zbavení černochů jejich jihoafrického občanství.","[""Odeberte černochům jihoafrické občanství tím, že je omezíte na malé rezervy"", ""Nabídněte černošskému obyvatelstvu skutečnou ekonomickou autonomii"", ""Zaručit právo volit pro populace klasifikované jako Métis"", ""Vytvořte zóny volného obchodu otevřené všem""]",0,,,,,,
course_35_l_apartheid_et_mandela_1948_1994,course_35_l_apartheid_et_mandela_1948_1994_q3,trueFalse,"Pravda nebo lež: Nelson Mandela nejprve věřil v nenásilí, než se zapojil do ozbrojeného boje.","Mandela se zpočátku držel nenásilí, než změnil strategii po masakru v Sharpeville v roce 1960.","[""Pravda"", ""Nepravda""]",0,,,,,,
course_35_l_apartheid_et_mandela_1948_1994,course_35_l_apartheid_et_mandela_1948_1994_q4,mcq,Co se stalo během masakru v Sharpeville v březnu 1960?,"Policie zahájila palbu na neozbrojené demonstranty, kteří byli proti systému propustek, a zabila 69 lidí, což přimělo ANC k ozbrojenému boji.","[""Policie střílí neozbrojený dav protestující proti průsmykům"", ""Výtržníci zapálili sídlo Národní strany"", ""Jihoafrická armáda napadla sousední zemi"", ""Mandela je zatčen během pokojné demonstrace""]",0,,,,,,
course_35_l_apartheid_et_mandela_1948_1994,course_35_l_apartheid_et_mandela_1948_1994_q5,numericSlider,Kolik let strávil Nelson Mandela v zajetí před svým propuštěním?,"Zatčen v roce 1962 a odsouzen na doživotí v roce 1964, Mandela byl propuštěn po 27 letech ve vězení v únoru 1990.",,,,27.0,10.0,40.0,2.0,let
course_35_l_apartheid_et_mandela_1948_1994,course_35_l_apartheid_et_mandela_1948_1994_q6,mcq,"Který jihoafrický prezident, který se dostal k moci v roce 1989, inicioval konec apartheidu?","De Klerk chápe, že přežití země vyžaduje konec apartheidu a začíná jednání s Mandelou.","[""Frederik Willem de Klerk"", ""Desmond Tutu"", ""Jacob Zuma"", ""Thabo Mbeki""]",0,,,,,,
course_35_l_apartheid_et_mandela_1948_1994,course_35_l_apartheid_et_mandela_1948_1994_q7,percentageSlider,S jakým procentem hlasů byl Nelson Mandela zvolen prezidentem v dubnu 1994?,"V prvních multirasových volbách zvítězila ANC a prezidentem se stal Mandela s 62,6 % hlasů.",,,,62.6,0.0,100.0,5.0,%
course_35_l_apartheid_et_mandela_1948_1994,course_35_l_apartheid_et_mandela_1948_1994_q8,mcq,Jaký princip navrhuje Komise pravdy a usmíření vedená Desmondem Tutu?,"Tato přechodná spravedlnost nabízí amnestii výměnou za veřejná přiznání, aby prokázala pravdu bez vyhození země do povětří.","[""Amnestie proti veřejným přiznáním, abychom znali osud obětí"", ""Systematické popravy bývalých představitelů apartheidu"", ""Hromadná amnézie uložená zákonem"", ""Mezinárodní soud pro všechny bílé vůdce""]",0,,,,,,
course_35_l_apartheid_et_mandela_1948_1994,course_35_l_apartheid_et_mandela_1948_1994_q9,chronological,Seřaďte tyto fáze apartheidu a jeho pád v chronologickém pořadí.,Od právního ustavení segregace v roce 1948 po zvolení Mandely v roce 1994 tyto milníky zahrnují 46 let jihoafrické historie.,,,"[""Institucionalizace apartheidu Národní stranou"", ""Sharpevilleský masakr"", ""Propuštění Nelsona Mandely"", ""Mnohonárodnostní volby a volba Mandely""]",,,,,
course_36_la_revolution_culturelle_en_chine_1966_1,course_36_la_revolution_culturelle_en_chine_1966_1_q1,mcq,"Jaké selhání přimělo Maa k tomu, aby chtěl znovu získat moc zahájením kulturní revoluce?","Velký skok vpřed (1958-1962) způsobil katastrofální hladomor, který otřásl Maovou prestiží, odsunutou pragmatičtějšími vůdci.","[""Neúspěch Velkého skoku vpřed, poznamenaný hladomorem a miliony mrtvých"", ""Vojenská porážka proti Japonsku"", ""Ztráta Tchaj-wanu ve prospěch nacionalistů"", ""Neúspěch ženevských dohod o Indočíně""]",0,,,,,,
course_36_la_revolution_culturelle_en_chine_1966_1,course_36_la_revolution_culturelle_en_chine_1966_1_q2,mcq,"Co odsuzuje Dazibao „Bombard the Headquarters“, vydané Maem v roce 1966?",Tento nástěnný plakát představuje zahájení kulturní revoluce: Mao vyhlašuje válku své vlastní vládě.,"[""Straničtí vůdci obviněni z toho, že jsou „revizionisty“"", ""Japonská invaze do Mandžuska"", ""Hospodářská politika západních mocností"", ""Nedostatek disciplíny v lidové armádě""]",0,,,,,,
course_36_la_revolution_culturelle_en_chine_1966_1,course_36_la_revolution_culturelle_en_chine_1966_1_q3,mcq,Jakou misi svěřil Mao Rudým gardám složeným z milionů studentů středních a vysokých škol?,"Rudé gardy vyzbrojené Malou červenou knížkou útočí na vše, co ztělesňuje starou kulturu, ponižují učitele a stranické kádry.","[""Zničte „čtyři staré věci“: myšlenky, kulturu, zvyky a zvyky"", ""Obnova infrastruktury zničené občanskou válkou"", ""Vyjednávání se západními mocnostmi"", ""Dohled nad novými zemědělskými kolektivizacemi""]",0,,,,,,
course_36_la_revolution_culturelle_en_chine_1966_1,course_36_la_revolution_culturelle_en_chine_1966_1_q4,trueFalse,Pravda nebo lež: od roku 1967 se různé frakce Rudé gardy začaly mezi sebou střetávat.,"Hnutí se vymyká kontrole a soupeřící frakce se navzájem zabíjejí, což nutí Maa povolat armádu.","[""Pravda"", ""Nepravda""]",0,,,,,,
course_36_la_revolution_culturelle_en_chine_1966_1,course_36_la_revolution_culturelle_en_chine_1966_1_q5,numericSlider,Kolik mladých městských lidí bylo během kulturní revoluce posláno na „převýchovu“ na venkov?,"Přibližně 17 milionů mladých obyvatel měst je posláno na venkov, aby ukončili městský chaos způsobený Rudými gardami.",,,,17.0,5.0,40.0,3.0,milionů
course_36_la_revolution_culturelle_en_chine_1966_1,course_36_la_revolution_culturelle_en_chine_1966_1_q6,mcq,"Kdo vytvořil „Gang čtyř“, radikální skupinu, která na konci kulturní revoluce bojovala o moc?","Ťiang Čching, Maova manželka, vede tuto skupinu radikálů, kteří bojují za nástupnictví moci po Maově smrti.","[""Skupina kolem Jiang Qing, manželky Maa"", ""Skupina nacionalistických generálů odešla do exilu na Tchaj-wan"", ""Kruh sovětských diplomatů"", ""Bývalí vůdci byli očištěni jako Liu Shaoqi""]",0,,,,,,
course_36_la_revolution_culturelle_en_chine_1966_1,course_36_la_revolution_culturelle_en_chine_1966_1_q7,mcq,Jaký vzorec shrnuje pragmatický obrat Teng Siao-pchinga po kulturní revoluci?,"Tento vzorec ilustruje ekonomický pragmatismus Tenga Siao-pchinga, který upřednostňuje efektivitu před čistou ideologií.","[""\""Nezáleží na tom, jestli je kočka bílá nebo černá, pokud chytá myši\"""", ""“Sloužit lidem především”"", ""\""Na konci zbraně je síla\"""", ""\""Nechte vykvést sto květin\""""]",0,,,,,,
course_36_la_revolution_culturelle_en_chine_1966_1,course_36_la_revolution_culturelle_en_chine_1966_1_q8,mcq,Jaká lidská daň se odhaduje pro kulturní revoluci?,"Odhady počítají s přímými lidskými oběťmi mezi 500 000 a 2 miliony mrtvých, nepočítaje životy zničené pronásledováním.","[""Mezi 500 000 a 2 miliony přímých úmrtí"", ""Méně než 10 000 úmrtí"", ""Více než 20 milionů mrtvých, jako během Velkého skoku"", ""Hodnocení, které zůstává zcela neznámé""]",0,,,,,,
course_36_la_revolution_culturelle_en_chine_1966_1,course_36_la_revolution_culturelle_en_chine_1966_1_q9,chronological,Uspořádejte tyto fáze kulturní revoluce v chronologickém pořadí.,Od Maova odvolání v roce 1966 po reformy Teng Siao-pchinga v roce 1978 tyto milníky zahrnují desetiletí čistek následovaných ekonomickým posunem.,,,"[""Maova výzva k „bombardování velitelství“"", ""Násilí mezi frakcemi Rudé gardy"", ""Smrt Maa a zatčení Gang of Four"", ""Ekonomické reformy Teng Siao-pchinga""]",,,,,
course_37_la_shoah_mecanismes_d_un_genocide,course_37_la_shoah_mecanismes_d_un_genocide_q1,mcq,Co znamená slovo „šoa“ v hebrejštině?,"„Shoah“ znamená v hebrejštině „katastrofa“, což je termín vybraný pro označení této genocidy.","[""Katastrofa"", ""Uvolnění"", ""Paměť"", ""Odpor""]",0,,,,,,
course_37_la_shoah_mecanismes_d_un_genocide,course_37_la_shoah_mecanismes_d_un_genocide_q2,mcq,Co udělaly Norimberské zákony z roku 1935 německým Židům?,"Tyto zákony z roku 1935 zbavily německé Židy občanství a zakázaly smíšená manželství, což byl první právní krok k vyloučení.","[""Ztráta občanství a zákaz smíšených odborů"", ""Okamžité vyhoštění z Německa"", ""Konfiskace veškerého náboženského majetku"", ""Povinnost nosit žlutou hvězdu""]",0,,,,,,
course_37_la_shoah_mecanismes_d_un_genocide,course_37_la_shoah_mecanismes_d_un_genocide_q3,trueFalse,"Pravda nebo lež: Po invazi do Polska v roce 1939 nacisté zavřeli Židy do ghett, jako byla ta ve Varšavě a Lodži.","Ghettoizace omezila židovské obyvatelstvo v uzavřených čtvrtích, což způsobilo hladomor a epidemie ještě před průmyslovým zabíjením.","[""Pravda"", ""Nepravda""]",0,,,,,,
course_37_la_shoah_mecanismes_d_un_genocide,course_37_la_shoah_mecanismes_d_un_genocide_q4,mcq,Které mobilní jednotky SS vraždily komunisty a židovské obyvatelstvo po invazi do SSSR v roce 1941?,"Tato mobilní komanda SS sledovala postup německé armády a zabila téměř 1,5 milionu lidí během přibližně 18 měsíců.","[""Einsatzgruppen"", ""Wehrmacht"", ""Rudé gardy"", ""Gestapo""]",0,,,,,,
course_37_la_shoah_mecanismes_d_un_genocide,course_37_la_shoah_mecanismes_d_un_genocide_q5,mcq,Proč nacistický režim hledal jiný systém než masové střílení jako v Babím Jaru?,"Masové střelby, jako v Babí Jar, kde bylo za dva dny zabito 33 771 Židů, tlačí režim k anonymnějšímu systému vyhlazování.","[""Tato metoda je pro interprety považována za příliš pomalou, příliš viditelnou a příliš náročnou."", ""Střelba nezabila dost obětí najednou"", ""Spojenci vyhrožovali bombardováním střeleckých míst"", ""Cena munice byla pro armádu příliš vysoká""]",0,,,,,,
course_37_la_shoah_mecanismes_d_un_genocide,course_37_la_shoah_mecanismes_d_un_genocide_q6,mcq,O čem rozhodla konference ve Wannsee v lednu 1942?,Princip vyhlazování je již stanoven; konference organizuje především logistiku deportací v celokontinentálním měřítku.,"[""Logistická organizace deportace všech Židů Evropy"", ""O samotném principu vyhlazování se rozhodlo poprvé"", ""Konec pronásledování Židů výměnou za separátní mír"", ""Vznik Státu Izrael po válce""]",0,,,,,,
course_37_la_shoah_mecanismes_d_un_genocide,course_37_la_shoah_mecanismes_d_un_genocide_q7,numericSlider,Kolik vysokých nacistických úředníků se zúčastnilo konference ve Wannsee?,"Nedaleko Berlína se schází patnáct vysokých nacistických představitelů, aby koordinovali deportace evropských Židů.",,,,15.0,5.0,40.0,3.0,
course_37_la_shoah_mecanismes_d_un_genocide,course_37_la_shoah_mecanismes_d_un_genocide_q8,percentageSlider,Jaká část předválečné evropské židovské populace zmizela během holocaustu?,Z přibližně 9 milionů předválečných evropských Židů přibližně dvě třetiny zmizely během holocaustu.,,,,66.0,0.0,100.0,8.0,%
course_37_la_shoah_mecanismes_d_un_genocide,course_37_la_shoah_mecanismes_d_un_genocide_q9,chronological,Seřaďte tyto fáze holocaustu chronologicky.,"Od právního vyloučení v roce 1935 po osvobození táborů v roce 1945 tyto milníky ukazují státní proces, který se postupně zhoršuje.",,,"[""Přijetí norimberských zákonů s vyloučením německých Židů"", ""Hromadné střelby ze strany Einsatzgruppen na východě"", ""Administrativní koordinace deportace do Wannsee"", ""Osvobození táborů spojenci""]",,,,,
course_38_le_11_septembre_2001,course_38_le_11_septembre_2001_q1,mcq,Kolik letadel unesli členové Al-Káidy 11. září 2001?,"Devatenáct členů Al-Káidy toho dne uneslo čtyři letadla, z nichž dvě zasáhla Světové obchodní centrum.","[""Čtyři"", ""Dva"", ""Šest"", ""Tři""]",0,,,,,,
course_38_le_11_septembre_2001,course_38_le_11_septembre_2001_q2,mcq,Proč se Usáma bin Ládin po stažení Sovětů z Afghánistánu rozhodl zaútočit na Západ?,Po stažení Sovětů bin Ládin odsoudil americkou přítomnost v Saúdské Arábii a rozhodl se udeřit na Západ.,"[""Odsuzuje americkou vojenskou přítomnost v Saúdské Arábii"", ""Vyzývá k okamžité nezávislosti Afghánistánu"", ""Chce svrhnout íránský režim"", ""Snaží se pomstít sovětskou porážku v Afghánistánu""]",0,,,,,,
course_38_le_11_septembre_2001,course_38_le_11_septembre_2001_q3,trueFalse,"Pravda nebo nepravda: Před rokem 2001 nic nenasvědčovalo tomu, že by Al-Káida pro americké zájmy představovala hrozbu.","Několik předchozích útoků (World Trade Center v roce 1993, ambasády v roce 1998, USS Cole v roce 2000) již hrozbu oznámilo, ale rozdělení mezi CIA a FBI zabránilo propojení drátů.","[""Pravda"", ""Nepravda""]",1,,,,,,
course_38_le_11_septembre_2001,course_38_le_11_septembre_2001_q4,mcq,Co se stane se čtvrtým uneseným letadlem United 93?,"Pasažéři United 93 se vzbouřili proti únoscům, což způsobilo, že letadlo havarovalo v Pensylvánii dříve, než dosáhne svého cíle.","[""Po vzpouře cestujících havaruje v Pensylvánii"", ""Nouzově přistál bez poškození ve Washingtonu"", ""Narazí do Kapitolu ve Washingtonu"", ""Byl sestřelen americkým letectvem.""]",0,,,,,,
course_38_le_11_septembre_2001,course_38_le_11_septembre_2001_q5,numericSlider,Kolik lidí zemřelo při útocích z 11. září 2001?,"Útoky si vyžádaly 2 977 mrtvých, což je největší počet obětí útoku na americké půdě.",,,,2977.0,1000.0,5000.0,200.0,
course_38_le_11_septembre_2001,course_38_le_11_septembre_2001_q6,mcq,"Jaký cíl sleduje operace Trvalá svoboda, zahájená v Afghánistánu v říjnu 2001?","Tato operace má za cíl zničit síť Al-Káida a svrhnout režim Talibanu, který chránil bin Ládina.","[""Zničte Al-Káidu a svrhněte Taliban, který poskytoval útočiště Bin Ládinovi"", ""Zavést v Afghánistánu konstituční monarchii"", ""Zabezpečte pouze pákistánské hranice"", ""Vyjednat příměří s Talibanem""]",0,,,,,,
course_38_le_11_septembre_2001,course_38_le_11_septembre_2001_q7,trueFalse,Pravda nebo lež: Válka v Iráku v roce 2003 byla zahájena s výslovným mandátem OSN.,Spojené státy napadly Irák v roce 2003 bez mandátu OSN a lživě obvinily Saddáma Husajna z držení zbraní hromadného ničení.,"[""Pravda"", ""Nepravda""]",1,,,,,,
course_38_le_11_septembre_2001,course_38_le_11_septembre_2001_q8,mcq,Kde a kdy byl zabit Usáma bin Ládin?,"Bin Ládin byl zabit 1. května 2011 v Pákistánu při americkém náletu, téměř deset let po útocích.","[""V Pákistánu, květen 2011"", ""V Afghánistánu v roce 2003"", ""V Iráku v roce 2001"", ""V Saúdské Arábii v roce 2005""]",0,,,,,,
course_38_le_11_septembre_2001,course_38_le_11_septembre_2001_q9,chronological,Seřaďte tyto události z 11. září 2001 chronologicky.,"Dvě věže byly zasaženy během několika minut od sebe, než se zřítily, jižní věž před severní věží, i když byla zasažena jako druhá.",,,"[""První letadlo zasáhne severní věž"", ""Druhé letadlo zasáhne jižní věž"", ""Jižní věž se zhroutí"", ""Severní věž se zhroutí""]",,,,,
course_39_la_democratie_athenienne,course_39_la_democratie_athenienne_q1,mcq,"Co udělal Solon, zvolený v roce 594 př. n. l., aby otevřel město Athény?","Solon ukončuje dluhové otroctví a umožňuje přístup k soudnictví podle bohatství, spíše než podle narození.","[""Ruší dluhové otroctví a otevírá soudce podle jmění"", ""Zavádí losování pro všechny soudce"", ""Vytváří Ecclesia, shromáždění všech občanů"", ""Hlásá naprostou rovnost mezi muži a ženami""]",0,,,,,,
course_39_la_democratie_athenienne,course_39_la_democratie_athenienne_q2,mcq,"Jakou instituci vytvořil Cleisthenes kolem roku 508-507 př. n. l., aby zlomil moc klanů?",Vytvořením deseti smíšených kmenů a Boulé oslabil Cleisthenes tradiční klanovou solidaritu ve prospěch nové občanské organizace.,"[""La Boulé, Rada pěti set vylosovaná losem"", ""Ecclesia, valné shromáždění občanů"", ""L’Héliée, lidový soud"", ""Ostrakismus, dočasný exil mocných""]",0,,,,,,
course_39_la_democratie_athenienne,course_39_la_democratie_athenienne_q3,mcq,Co zaručuje Isegoria v athénské demokracii za Perikla?,"Isegoria zajišťuje, že každý občan má stejné právo mluvit před shromážděním, pilířem přímé demokracie.","[""Rovnost projevu mezi občany"", ""Vlastnická práva pro všechny obyvatele"", ""Svoboda vyznání pro metiky"", ""Volební právo pro ženy""]",0,,,,,,
course_39_la_democratie_athenienne,course_39_la_democratie_athenienne_q4,mcq,"Jaký je účel Misthos, denního příspěvku zavedeného v Aténách?",Bez této kompenzace by si chudí občané nemohli dovolit opustit svou práci a účastnit se veřejného života.,"[""Umožněte nejchudším občanům sedět v ústavech"", ""Platit vojákům athénské armády"", ""Financujte stavbu Parthenonu"", ""Odměňování vítězů olympijských her""]",0,,,,,,
course_39_la_democratie_athenienne,course_39_la_democratie_athenienne_q5,trueFalse,"Pravda nebo lež: ženy, otroci a metici mají právo volit v Ecclesia.","Volební právo mají pouze muži, mezi 30 000 a 50 000 z přibližně 300 000 obyvatel.","[""Pravda"", ""Nepravda""]",1,,,,,,
course_39_la_democratie_athenienne,course_39_la_democratie_athenienne_q6,numericSlider,"Přibližně kolikrát ročně se pod Periklem schází Ecclesia, shromáždění občanů?","Ecclesia se schází asi 40krát ročně na Pnyx Hill, aby hlasovala o zákonech, válce, míru a rozpočtu.",,,,40.0,10.0,100.0,5.0,krát
course_39_la_democratie_athenienne,course_39_la_democratie_athenienne_q7,mcq,"Jak je jmenováno 6 000 porotců Helia, aténského lidového soudu?","Losování, stejně jako Boulé, omezuje monopolizaci soudní moci elitou, s výjimkou vojenských funkcí.","[""Náhodným losováním"", ""Přímou volbou"", ""Na základě jmenování hlavního stratéga"", ""Podle rodinného dědictví""]",0,,,,,,
course_39_la_democratie_athenienne,course_39_la_democratie_athenienne_q8,mcq,"Jaký názor má Platón na athénskou demokracii, poznamenanou Sokratovou smrtí?","Platón, poznamenaný odsouzením svého mistra Sokrata v roce 399 př. n. l., kritizuje demokracii, kde mohou emoce a názor převládnout nad rozumem.","[""Vidí vládu názoru proti pravdě a formu tyranie většiny"", ""Považuje to za dokonalý a nedotknutelný politický režim"", ""Navrhuje ji rozšířit na všechna řecká města"", ""Ocenil to v několika veřejných projevech""]",0,,,,,,
course_39_la_democratie_athenienne,course_39_la_democratie_athenienne_q9,chronological,Seřaďte tyto reformy a události v aténské demokracii v chronologickém pořadí.,Od Solona po Sokratovu smrt tyto milníky pokrývají téměř dvě století budování a poté zpochybňování athénské demokracie.,,,"[""Solonovy reformy"", ""Kleisthenovy reformy"", ""Apogeum za Perikla"", ""Smrt Sokrata""]",,,,,
course_3_la_prise_de_rome_par_les_wisigoths_410,course_3_la_prise_de_rome_par_les_wisigoths_410_q1,mcq,Kdo vedl Vizigóty během dobytí Říma v roce 410?,"Král Alaric, bývalý důstojník římské armády, vedl Vizigóty, kteří v srpnu 410 vnutili brány Říma.","[""Alaric"", ""Odoacer"", ""Attila"", ""Romulus Augustulus""]",0,,,,,,
course_3_la_prise_de_rome_par_les_wisigoths_410,course_3_la_prise_de_rome_par_les_wisigoths_410_q2,trueFalse,Pravda nebo lež: Před rokem 410 nevstoupila žádná nepřátelská armáda do Říma po dobu asi osmi století.,"Poslední dobytí Říma nepřítelem se datuje do galského plenění v roce 390 př.nl. př. n. l., téměř 800 let před příchodem Alaricha.","[""Pravda"", ""Nepravda""]",0,,,,,,
course_3_la_prise_de_rome_par_les_wisigoths_410,course_3_la_prise_de_rome_par_les_wisigoths_410_q3,mcq,Proč císař Honorius v roce 402 odešel z Říma do Ravenny?,"Ravenna je město v Itálii chráněné svými močály, díky čemuž je pro císaře bezpečnějším útočištěm než Řím.","[""Ravenna, chráněná svými močály, se snadněji brání"", ""Řím byl právě zničen požárem"", ""Římský senát ho vyhnal z města"", ""Chtěl se přiblížit Konstantinopoli""]",0,,,,,,
course_3_la_prise_de_rome_par_les_wisigoths_410,course_3_la_prise_de_rome_par_les_wisigoths_410_q4,mcq,Co je římský foedus zmíněný v kurzu?,"Aby říše udržela své hranice navzdory nedostatku vojáků, usadila na své půdě germánské národy výměnou za jejich vojenskou službu.","[""Smlouva, podle které se „barbarské“ národy usadily na římském území výměnou za vojenskou službu"", ""Daň placená provinciemi Římu"", ""Mírová smlouva podepsaná s Peršany"", ""Zákon zakazující Germánům sloužit v římské armádě""]",0,,,,,,
course_3_la_prise_de_rome_par_les_wisigoths_410,course_3_la_prise_de_rome_par_les_wisigoths_410_q5,trueFalse,"Pravda nebo lež: Alaric byl bývalý důstojník římské armády, než se stal králem Vizigótů.","Alaric sloužil v římské armádě, než se stal vůdcem Vizigótů, což vysvětluje jeho znalosti římských institucí.","[""Pravda"", ""Nepravda""]",0,,,,,,
course_3_la_prise_de_rome_par_les_wisigoths_410,course_3_la_prise_de_rome_par_les_wisigoths_410_q6,mcq,"Jaké dílo napsal svatý Augustin, aby reagoval na šok způsobený vypleněním Říma?","Tváří v tvář pohanům, kteří obviňují křesťanství z oslabení Říma, Augustin v The City of God odpovídá, že pozemské říše zanikají, ale církev zůstává.","[""Město Boží"", ""Vyznání"", ""Starobylé město"", ""Punské války""]",0,,,,,,
course_3_la_prise_de_rome_par_les_wisigoths_410,course_3_la_prise_de_rome_par_les_wisigoths_410_q7,chronological,Seřaďte tyto události z pádu Západořímské říše chronologicky.,"Tyto fáze se pohybují od 402 do 476: stažení do Ravenny předchází vizigótskému pytli, poté ničivějšímu vandalskému pytli, až do konce Západního impéria.",,,"[""Honorius opouští Řím kvůli Ravenně"", ""Vyhození Říma od Alarica a Vizigótů"", ""Vyhození Říma vandaly"", ""Sesazení posledního západního císaře""]",,,,,
course_3_la_prise_de_rome_par_les_wisigoths_410,course_3_la_prise_de_rome_par_les_wisigoths_410_q8,numericSlider,Ve kterém roce Alaric a Vizigóti vyplenili Řím?,"V srpnu 410 došlo k plenění Říma Vizigóty, což byl šok pro celý starověký svět.",,,,410.0,350.0,500.0,5.0,
course_3_la_prise_de_rome_par_les_wisigoths_410,course_3_la_prise_de_rome_par_les_wisigoths_410_q9,numericSlider,Ve kterém roce byl sesazen poslední západořímský císař?,"V roce 476 vůdce Odoaker sesadil Romula Augustula, čímž skončila Západořímská říše.",,,,476.0,400.0,550.0,5.0,
course_40_la_guerre_de_secession_americaine_1861_1,course_40_la_guerre_de_secession_americaine_1861_1_q1,mcq,Co způsobilo zvolení Abrahama Lincolna v listopadu 1860?,"Lincoln, republikán proti rozšiřování otroctví, byl zvolen bez jediného jižního hlasu, což vyvolalo odtržení sedmi států.","[""Odtržení sedmi jižních států, které založily Konfederaci"", ""Okamžité podepsání mírové smlouvy s Jihem"", ""Okamžité zrušení otroctví v celé zemi"", ""Vojenská aliance mezi Severem a Jihem""]",0,,,,,,
course_40_la_guerre_de_secession_americaine_1861_1,course_40_la_guerre_de_secession_americaine_1861_1_q2,mcq,Na jaké ekonomice byl jih primárně založen před občanskou válkou?,Jih zůstal venkovskou ekonomikou založenou na produkci bavlny pracovní silou 4 milionů otroků.,"[""Bavlnu produkují asi 4 miliony otroků"", ""Textilní průmysl zaměstnávající námezdní dělníky"", ""Námořní obchod s Evropou"", ""Těžba uhlí""]",0,,,,,,
course_40_la_guerre_de_secession_americaine_1861_1,course_40_la_guerre_de_secession_americaine_1861_1_q3,trueFalse,Pravda nebo lež: Bitva u Antietamu v září 1862 zůstává nejkrvavějším dnem v americké vojenské historii.,S přibližně 23 000 oběťmi za dvanáct hodin zůstává Antietam nejsmrtelnějším dnem ve vojenské historii Spojených států.,"[""Pravda"", ""Nepravda""]",0,,,,,,
course_40_la_guerre_de_secession_americaine_1861_1,course_40_la_guerre_de_secession_americaine_1861_1_q4,mcq,Co se změnilo v Proklamaci o emancipaci podepsané Lincolnem 1. ledna 1863?,"Osvobozením otroků povstaleckých států přeměnil Lincoln válku o Unii ve válku za svobodu, která zavřela dveře evropské podpoře Jihu.","[""Osvobodí otroky v odbojných státech a promění válku v boj za svobodu"", ""Ta okamžitě ukončí válku příměřím"", ""Uděluje právo volit všem osvobozeným otrokům"", ""Zavádí povinnou brannou povinnost na jihu""]",0,,,,,,
course_40_la_guerre_de_secession_americaine_1861_1,course_40_la_guerre_de_secession_americaine_1861_1_q5,numericSlider,Kolik lidí celkem zemřelo během občanské války?,"Občanská válka si vyžádala více než 620 000 mrtvých, což je počet obětí, který zůstává nejtěžší v americké vojenské historii.",,,,620000.0,300000.0,900000.0,50000.0,
course_40_la_guerre_de_secession_americaine_1861_1,course_40_la_guerre_de_secession_americaine_1861_1_q6,mcq,Který generál Konfederace se 9. dubna 1865 vzdal u Appomattoxu a znamenal tak konec bojů?,"Robert E. Lee, přední generál Konfederace, se vzdává Ulyssesovi Grantovi v Appomattoxu, čímž válka končí.","[""Robert E. Lee"", ""Jefferson Davis"", ""William Tecumseh Sherman"", ""Ulysses Grant""]",0,,,,,,
course_40_la_guerre_de_secession_americaine_1861_1,course_40_la_guerre_de_secession_americaine_1861_1_q7,trueFalse,Pravda nebo lež: Abraham Lincoln byl zavražděn před kapitulací Roberta E. Leeho v Appomattoxu.,"Lincoln byl zavražděn Johnem Wilkesem Boothem pět dní po Leeově kapitulaci v Appomattoxu, ne dříve.","[""Pravda"", ""Nepravda""]",1,,,,,,
course_40_la_guerre_de_secession_americaine_1861_1,course_40_la_guerre_de_secession_americaine_1861_1_q8,mcq,"Co dělal 13. dodatek, přijatý v prosinci 1865?",13. dodatek zakotvil zrušení otroctví do ústavy a doplnil Prohlášení o emancipaci.,"[""V celé zemi zrušil otroctví"", ""Uděluje ženám volební právo"", ""Vytvořil Ku Klux Klan"", ""Založil právní segregaci na jihu""]",0,,,,,,
course_40_la_guerre_de_secession_americaine_1861_1,course_40_la_guerre_de_secession_americaine_1861_1_q9,chronological,Seřaďte tyto fáze občanské války v chronologickém pořadí.,Od Lincolnova zvolení v roce 1860 po Leeovu kapitulaci v roce 1865 tyto milníky pokrývají celý konflikt a jeho abolicionistický obrat.,,,"[""Volba Abrahama Lincolna"", ""Bombardování Fort Sumter"", ""Vyhlášení emancipace"", ""Kapitulace Roberta E. Lee v Appomattoxu""]",,,,,
course_41_pourquoi_le_ciel_est_il_bleu,course_41_pourquoi_le_ciel_est_il_bleu_q1,mcq,Proč se nám nebe zdá modré?,"Krátké vlny, jako je modrá, jsou mnohem více rozptýleny molekulami vzduchu než dlouhé vlny, jako je červená: to je Rayleighův rozptyl.","[""Molekuly vzduchu rozptylují modré světlo mnohem více než červené"", ""Slunce vyzařuje pouze modré světlo"", ""Atmosféra samotná je podbarvena modrou"", ""Naše oči uměle dodávají modrou tomu, na co se díváme""]",0,,,,,,
course_41_pourquoi_le_ciel_est_il_bleu,course_41_pourquoi_le_ciel_est_il_bleu_q2,trueFalse,Pravda nebo lež: na Měsíci se za bílého dne obloha jeví jako černá.,"Bez vzduchu, který rozptyluje světlo, není měsíční obloha čím zabarvit: zůstává černá i za bílého dne.","[""Pravda"", ""Nepravda""]",0,,,,,,
course_41_pourquoi_le_ciel_est_il_bleu,course_41_pourquoi_le_ciel_est_il_bleu_q3,numericSlider,Přibližně kolikrát více je modré světlo rozptýleno atmosférou než červené?,Podle Rayleighova rozptylu je modrá rozptýlena asi 9krát více než červená molekulami vzduchu.,,,,9.0,1.0,20.0,1.0,krát
course_41_pourquoi_le_ciel_est_il_bleu,course_41_pourquoi_le_ciel_est_il_bleu_q4,mcq,Kdo matematicky formuloval tento jev difúze v roce 1871?,"Britský fyzik Lord Rayleigh v roce 1871 popsal, jak molekuly vzduchu různě rozptylují barvy v závislosti na jejich vlnové délce.","[""Lord Rayleigh"", ""Isaac Newton"", ""Albert Einstein"", ""James Clerk Maxwell""]",0,,,,,,
course_41_pourquoi_le_ciel_est_il_bleu,course_41_pourquoi_le_ciel_est_il_bleu_q5,mcq,"Proč není obloha fialová, i když fialová je ještě rozptýlenější než modrá?",Slunce vysílá více modrého světla než fialového a naše oční čípky jsou na modrou citlivější: mozek proto vnímá modrou oblohu.,"[""Slunce vyzařuje více modré a naše oči jsou na ni citlivější"", ""Fialová je zcela absorbována ozonem"", ""Fialová nikdy neprojde atmosférou"", ""Ve světle Slunce není fialová""]",0,,,,,,
course_41_pourquoi_le_ciel_est_il_bleu,course_41_pourquoi_le_ciel_est_il_bleu_q6,trueFalse,Pravda nebo lež: při západu slunce prochází světlo větší tloušťkou vzduchu než v poledne.,"Když je Slunce nízko, jeho paprsky procházejí mnohem delší vrstvou vzduchu, která rozptyluje veškerou modrou a propouští jen červenou a oranžovou.","[""Pravda"", ""Nepravda""]",0,,,,,,
course_41_pourquoi_le_ciel_est_il_bleu,course_41_pourquoi_le_ciel_est_il_bleu_q7,mcq,"Jaká je dominantní barva oblohy na Marsu během dne, na rozdíl od Země?","Na Marsu prach bohatý na oxidy železa rozptyluje světlo jinak než na Zemi: obloha je přes den růžová, ale západy slunce jsou modré.","[""Rosé, kvůli prachu bohatému na železo"", ""Azurově modrá jako na Zemi"", ""Zelená kvůli metanu"", ""Černá, protože Mars nemá atmosféru""]",0,,,,,,
course_41_pourquoi_le_ciel_est_il_bleu,course_41_pourquoi_le_ciel_est_il_bleu_q8,trueFalse,"Pravda nebo lež: jsou to hlavně molekuly dusíku a kyslíku ve vzduchu, které rozptylují sluneční světlo.","Vzduch je naplněn drobnými molekulami plynu, zejména dusíkem a kyslíkem, které rozptylují světlo do všech stran.","[""Pravda"", ""Nepravda""]",0,,,,,,
course_42_pourquoi_reve_t_on,course_42_pourquoi_reve_t_on_q1,mcq,Během které fáze spánku se rodí nejvíce dlouhé a narativní sny?,"Právě během paradoxního spánku, kdy je mozek téměř stejně aktivní jako bdělý, se rodí zejména dlouhé a výpravné sny.","[""REM spánek"", ""Hluboký spánek"", ""Lehké spaní"", ""Odpolední spánek""]",0,,,,,,
course_42_pourquoi_reve_t_on,course_42_pourquoi_reve_t_on_q2,trueFalse,"Pravda nebo lež: Během REM spánku je tělo paralyzováno, zatímco mozek je téměř stejně aktivní jako bdělý.","REM spánek je fáze, kdy je mozek vysoce aktivován, zatímco tělo zůstává paralyzováno, což zabraňuje fyzickému odehrání snu.","[""Pravda"", ""Nepravda""]",0,,,,,,
course_42_pourquoi_reve_t_on,course_42_pourquoi_reve_t_on_q3,mcq,Proč po probuzení tak rychle zapomeneme většinu svých snů?,"Během paradoxního spánku klesá hladina noradrenalinu, což zanechává sen ve velmi křehké vzpomínce, rychle přepsané stimulací probuzení.","[""Hladina norepinefrinu během REM spánku klesá, což oslabuje paměť"", ""Mozek dobrovolně maže zbytečné sny"", ""Sny se nikdy nezapisují do paměti"", ""Na konci noci spíme méně tvrdě""]",0,,,,,,
course_42_pourquoi_reve_t_on,course_42_pourquoi_reve_t_on_q4,numericSlider,Přibližně kolik hodin trávíme každou noc sněním?,"Každou noc sníme asi dvě hodiny, což představuje téměř šest let celého našeho života.",,,,2.0,0.0,6.0,0.5,hodin
course_42_pourquoi_reve_t_on,course_42_pourquoi_reve_t_on_q5,mcq,"Jaký je nejlepší způsob, jak si zapamatovat sen?","Vzpomínka na sen je velmi křehká: jakmile se pohneme nebo se vystavíme světlu a myšlenkám dne, vybledne, takže je třeba si to okamžitě poznamenat.","[""Zapište si to hned, když se probudíte, ještě než se pohnete"", ""Při soustředění pevně zavřete oči"", ""Vypijte velkou sklenici vody"", ""Počkejte do večera, abyste si to rozmysleli""]",0,,,,,,
course_42_pourquoi_reve_t_on,course_42_pourquoi_reve_t_on_q6,mcq,K čemu by podle současných výzkumných představ mohlo sloužit snění?,"Dnes dominují tři cesty: třídění paměti, trénink na nebezpečí bez skutečného rizika a trávení silných emocí dne.","[""Třídění paměti, trénink nebezpečí a trávení emocí"", ""Dochází k úplnému odpočinku bez jakékoli mozkové aktivity"", ""Opakují se jen vzpomínky z raného dětství"", ""Produkují růstové hormony""]",0,,,,,,
course_42_pourquoi_reve_t_on,course_42_pourquoi_reve_t_on_q7,mcq,Co je to lucidní sen?,"V lucidním snu si uvědomujeme, že sníme, když ještě spíme, což nám někdy umožňuje sen ovlivnit.","[""Sen, ve kterém si uvědomíte, že sníte, zatímco zůstanete spát"", ""Sen, který si dokonale pamatujete, když se probudíte"", ""Sen způsobený práškem na spaní"", ""Sen, který trvá jen pár sekund""]",0,,,,,,
course_42_pourquoi_reve_t_on,course_42_pourquoi_reve_t_on_q8,mcq,Která oblast mozku se během lucidního snu trochu reaktivuje?,"Prefrontální kůra, zapojená do logiky a sebereflexe, se během lucidního snu trochu znovu zapne, což umožňuje člověku uvědomit si, že sní.","[""Prefrontální kůra, spojená s logikou a sebereflexí"", ""Mozeček, který řídí rovnováhu"", ""Mořský koník sám"", ""Mozkový kmen""]",0,,,,,,
course_43_pourquoi_la_glace_flotte_t_elle,course_43_pourquoi_la_glace_flotte_t_elle_q1,mcq,Proč led plave na tekuté vodě?,"Jak tuhne, voda vytváří vzdušnější hexagonální síť, která ponechává více prostoru mezi molekulami, takže je méně hustá než kapalná voda.","[""Je méně hustý, protože jeho molekulární síť zanechává více prázdnoty"", ""Je chladnější, tudíž lehčí"", ""Vzduch zachycený v ledu ho dělá lehčím"", ""Sůl ve vodě jej tlačí nahoru""]",0,,,,,,
course_43_pourquoi_la_glace_flotte_t_elle,course_43_pourquoi_la_glace_flotte_t_elle_q2,trueFalse,Pravda nebo nepravda: U většiny látek je pevná látka hustší než kapalina a klesá.,"Voda je výjimkou: na rozdíl od většiny látek je její pevná látka, led, méně hustá než kapalina.","[""Pravda"", ""Nepravda""]",0,,,,,,
course_43_pourquoi_la_glace_flotte_t_elle,course_43_pourquoi_la_glace_flotte_t_elle_q3,mcq,"Jaký je tvar molekuly vody, který vysvětluje toto konkrétní chování?","Molekula vody tvoří tvar V, který nerovnoměrně rozděluje elektrické náboje a vytváří vodíkové vazby mezi sousedními molekulami.","[""A V, s jedním atomem kyslíku a dvěma atomy vodíku"", ""Rovná čára"", ""Dokonalý kruh"", ""Čtyřhrotý kříž""]",0,,,,,,
course_43_pourquoi_la_glace_flotte_t_elle,course_43_pourquoi_la_glace_flotte_t_elle_q4,mcq,"Co se může stát, když dáte do mrazáku plnou láhev vody?","Vzhledem k tomu, že led zabírá větší objem než tekutá voda, může plná láhev prasknout, když zamrzne.","[""Může prasknout, protože led zabírá větší objem než kapalná voda"", ""Mírně se zahřeje"", ""Nic zvláštního se neděje"", ""Stane se lehčí bez změny objemu""]",0,,,,,,
course_43_pourquoi_la_glace_flotte_t_elle,course_43_pourquoi_la_glace_flotte_t_elle_q5,numericSlider,"Při jaké teplotě, ve stupních Celsia, voda tuhne?","Voda tuhne kolem 0 °C a vytváří šestihrannou síť, která je méně hustá než kapalná voda.",,,,0.0,-10.0,10.0,1.0,°C
course_43_pourquoi_la_glace_flotte_t_elle,course_43_pourquoi_la_glace_flotte_t_elle_q6,mcq,"Proč je životně důležité, aby led plaval a neklesal do jezer?","Povrchový led izoluje vodu pod sebou, která se může držet kolem 4 °C, což je dost na to, aby ryby a vodní rostliny přečkaly zimu.","[""Tvoří izolační kryt, který umožňuje kapalné vodě pod ní zůstat dostatečně teplá pro vodní život"", ""Zabraňuje jakémukoli odpařování z jezera"", ""Ohřívá přímo dno jezera"", ""Blokuje okolní mořské proudy""]",0,,,,,,
course_43_pourquoi_la_glace_flotte_t_elle,course_43_pourquoi_la_glace_flotte_t_elle_q7,numericSlider,Kolem jaké teploty ve stupních Celsia může pod ledem zamrzlého jezera zůstat kapalná voda?,"Pod izolačním ledem může kapalná voda zůstat kolem 4 °C, což je dostatečná teplota pro přežití vodního života.",,,,4.0,0.0,10.0,1.0,°C
course_43_pourquoi_la_glace_flotte_t_elle,course_43_pourquoi_la_glace_flotte_t_elle_q8,mcq,Jaký je klimatický efekt tání bílého ledového obalu?,"Bílý led odráží sluneční světlo zpět do vesmíru; pokud zmizí, temný oceán absorbuje více tepla a urychlí oteplování.","[""Tmavý oceán absorbuje více tepla a urychluje oteplování"", ""To ochlazuje planetu, protože je zde více kapalné vody"", ""Na klima to nemá žádný vliv"", ""To jen zvyšuje množství soli v oceánech""]",0,,,,,,
course_44_pourquoi_l_eau_de_mer_est_elle_salee,course_44_pourquoi_l_eau_de_mer_est_elle_salee_q1,mcq,Odkud pochází většina soli v oceánech?,"Mírně kyselý déšť eroduje skály a řeky odnášejí rozpuštěné minerály, zejména sodík a chlór, do moře.","[""Z eroze hornin na kontinentech, transportovaných řekami"", ""Rozkládající se ryby a mořské řasy"", ""Déšť, který obsahuje sůl, jakmile se vytvoří"", ""Sprej padající přímo do moře""]",0,,,,,,
course_44_pourquoi_l_eau_de_mer_est_elle_salee,course_44_pourquoi_l_eau_de_mer_est_elle_salee_q2,mcq,"Proč řeky, které nesou sůl do moře, nejsou samy slané?","V řekách zůstává sůl velmi zředěná a voda se neustále obnovuje, na rozdíl od oceánu, kde se hromadí.","[""Sůl je velmi zředěná a voda se neustále obnovuje"", ""Ve skutečnosti neobsahují žádné minerály"", ""Sůl se usadí na dně, než se dostane do moře"", ""Sladkovodní ryby absorbují veškerou sůl""]",0,,,,,,
course_44_pourquoi_l_eau_de_mer_est_elle_salee,course_44_pourquoi_l_eau_de_mer_est_elle_salee_q3,mcq,Proč se sůl v oceánu časem hromadí?,"Pod vlivem Slunce se mořská voda vypařuje a zanechává za sebou sůl, která se hromadí miliardy let.","[""Voda se vypaří a vrátí se na oblohu, ale sůl zůstane"", ""Sůl je produkována přímo vlnami"", ""Sůl pochází pouze z podvodních sopek"", ""Ryby uvolňují sůl do vody""]",0,,,,,,
course_44_pourquoi_l_eau_de_mer_est_elle_salee,course_44_pourquoi_l_eau_de_mer_est_elle_salee_q4,numericSlider,Kolik gramů soli je přibližně v litru mořské vody?,Litr mořské vody obsahuje v průměru kolem 35 gramů soli.,,,,35.0,0.0,60.0,5.0,G
course_44_pourquoi_l_eau_de_mer_est_elle_salee,course_44_pourquoi_l_eau_de_mer_est_elle_salee_q5,mcq,"Co se stane, když povrchová voda na pólech zamrzne?","Když povrchová voda zamrzne, uvolňuje část své soli do okolní kapalné vody, která se stává hustší a klesá ke dnu.","[""Sůl se částečně uvolňuje do okolní kapalné vody, která se stává hustší a klesá"", ""Sůl se odpařuje s ledem, který se tvoří"", ""Okolní voda okamžitě změkne"", ""Sůl se uvnitř ledu úplně rozpustí""]",0,,,,,,
course_44_pourquoi_l_eau_de_mer_est_elle_salee,course_44_pourquoi_l_eau_de_mer_est_elle_salee_q6,trueFalse,Pravda nebo lež: Tento pohyb husté slané vody potápění na pólech pomáhá řídit velké mořské proudy.,"Hustá slaná voda, která klesá na pólech, se podílí na cirkulaci hlavních oceánských proudů, které přenášejí teplo a živiny po celé zeměkouli.","[""Pravda"", ""Nepravda""]",0,,,,,,
course_44_pourquoi_l_eau_de_mer_est_elle_salee,course_44_pourquoi_l_eau_de_mer_est_elle_salee_q7,mcq,Proč není slanost všude v oceánech stejná?,"V blízkosti rovníku se při silném odpařování koncentruje sůl, zatímco v blízkosti řek nebo tajícího ledu je voda měkčí.","[""Závisí na místním odpařování a přísunu sladké vody, jako jsou řeky nebo tající led."", ""Záleží jen na hloubce vody"", ""Všude je to stejné, jen se mění teplota"", ""Záleží na barvě tamní vody.""]",0,,,,,,
course_44_pourquoi_l_eau_de_mer_est_elle_salee,course_44_pourquoi_l_eau_de_mer_est_elle_salee_q8,percentageSlider,Jakou část povrchu planety pokrývají oceány?,Oceány pokrývají více než 70 % povrchu Země.,,,,70.0,0.0,100.0,5.0,%
course_45_pourquoi_y_a_t_il_des_saisons,course_45_pourquoi_y_a_t_il_des_saisons_q1,mcq,Co je skutečnou příčinou ročních období?,"Roční období pocházejí ze sklonu zemské osy, což znamená, že polokoule přijímá sluneční světlo víceméně přímo v závislosti na ročním období.","[""Sklon osy rotace Země"", ""Měnící se vzdálenost mezi Zemí a Sluncem"", ""Rychlost rotace Země na sobě"", ""Aktivita slunečních skvrn""]",0,,,,,,
course_45_pourquoi_y_a_t_il_des_saisons,course_45_pourquoi_y_a_t_il_des_saisons_q2,trueFalse,"Pravda nebo lež: v létě je tepleji, protože Země je blíže Slunci.","To je falešné: v lednu je Země ještě o něco blíže Slunci než v červenci, i když je na severní polokouli zima.","[""Pravda"", ""Nepravda""]",1,,,,,,
course_45_pourquoi_y_a_t_il_des_saisons,course_45_pourquoi_y_a_t_il_des_saisons_q3,numericSlider,O kolik stupňů je nakloněna zemská osa vzhledem k její dráze?,"Zemská osa je odkloněna asi o 23,5 stupně od své oběžné dráhy, což způsobuje roční období.",,,,23.5,0.0,45.0,2.0,°
course_45_pourquoi_y_a_t_il_des_saisons,course_45_pourquoi_y_a_t_il_des_saisons_q4,mcq,"Proč je tepleji, když se jedna polokoule nakloní ke Slunci?","Když se polokoule nakloní ke Slunci, dny se prodlouží a paprsky dopadají na zem příměji, což koncentruje přijatou energii.","[""Dny jsou delší a paprsky přicházejí přímočařeji a koncentrují energii"", ""Slunce je v tomto ročním období větší"", ""Atmosféra se v tomto místě stává jemnější"", ""Země se otáčí rychleji kolem své osy""]",0,,,,,,
course_45_pourquoi_y_a_t_il_des_saisons,course_45_pourquoi_y_a_t_il_des_saisons_q5,mcq,"Co dokazuje fakt, že v lednu je Země blíže Slunci než v červenci, přestože je na severní polokouli zima?","Tento rozdíl ve vzdálenosti jasně ukazuje, že to není to, co určuje roční období, ale sklon zemské osy.","[""Že vzdálenost od Slunce nevysvětluje roční období"", ""Že Slunce je v lednu slabší"", ""Že jižní polokoule přijímá veškeré teplo ze Země"", ""Že roční období jsou vlastně náhodná""]",0,,,,,,
course_45_pourquoi_y_a_t_il_des_saisons,course_45_pourquoi_y_a_t_il_des_saisons_q6,mcq,"Co se děje v blízkosti rovníku, kde naklonění Země jen málo změní délku dne?","V blízkosti rovníku se délka dne po celý rok mění jen málo, což dává období sucha a dešti spíše než čtyři skutečná období.","[""Ve skutečnosti nejsou čtyři roční období, ale sušší a vlhčí období"", ""Existuje věčné léto bez zimy"", ""Dny tam trvají dvakrát déle než jinde"", ""Slunce tam není nikdy vidět""]",0,,,,,,
course_45_pourquoi_y_a_t_il_des_saisons,course_45_pourquoi_y_a_t_il_des_saisons_q7,mcq,"Co by se stalo, kdyby zemská osa nebyla vůbec nakloněna?",Bez náklonu by každé místo dostávalo zhruba konstantní množství slunečního světla po celý rok a vymazávalo by roční období.,"[""Každé místo by dostávalo zhruba stejné množství slunečního světla po celý rok, bez skutečného léta nebo zimy"", ""Roční období by bylo dvakrát tak výrazné než dnes"", ""Země by se už netočila kolem Slunce"", ""Dny a noci by úplně zmizely""]",0,,,,,,
course_45_pourquoi_y_a_t_il_des_saisons,course_45_pourquoi_y_a_t_il_des_saisons_q8,mcq,Jaký je extrémní účinek naklonění Země na pólech?,Na pólech má sklon Země extrémní efekt: několik měsíců nepřetržitého dne v létě a několik měsíců noci v zimě.,"[""Několik měsíců nepřetržitého dne v létě, několik měsíců noci v zimě"", ""Častější zemětřesení"", ""Zvrat magnetického pole Země"", ""Jedna stejná sezóna po celý rok""]",0,,,,,,
course_46_comment_les_avions_volent_ils,course_46_comment_les_avions_volent_ils_q1,mcq,"Jaké jsou čtyři hlavní síly, které působí na letadlo za letu?","Letadlo za letu zažívá čtyři hlavní síly: tah vpřed, brzdný odpor, klesající hmotnost a vztlak vzhůru.","[""Tah, tažení, váha a zdvih"", ""Gravitace, teplo, vítr a tlak"", ""Rychlost, hmotnost, barva a tvar"", ""Nadmořská výška, teplota, vlhkost a tlak""]",0,,,,,,
course_46_comment_les_avions_volent_ils,course_46_comment_les_avions_volent_ils_q2,mcq,Proč tvar křídla vytváří vztlak?,"Klenutý profil křídla zrychluje vzduch procházející přes něj, čímž se snižuje jeho tlak a vzniká tlakový rozdíl, který křídlo zvedá.","[""Vzduch prochází rychleji nad křídlem, což snižuje tlak ve srovnání s níže"", ""Křídlo je magnetizováno zemí"", ""Motor vhání vzduch přímo pod křídlo"", ""Křídlo ohřívá vzduch, který jím prochází""]",0,,,,,,
course_46_comment_les_avions_volent_ils,course_46_comment_les_avions_volent_ils_q3,trueFalse,"Pravda nebo lež: letadlo letí, protože je lehčí než vzduch, jako heliový balón.","Letadlo je mnohem hustší než vzduch: létá, protože nutí vzduch, aby ho unášel díky své rychlosti a tvaru křídel.","[""Pravda"", ""Nepravda""]",1,,,,,,
course_46_comment_les_avions_volent_ils,course_46_comment_les_avions_volent_ils_q4,mcq,Proč potřebuje letadlo ke vzletu dlouhou dráhu?,Bez dostatečné rychlosti vzduch procházející přes křídlo nevytváří dostatečný vztlak; dlouhá dráha umožňuje motorům letadlo dostatečně zrychlit.,"[""Musíte dosáhnout dostatečné rychlosti, abyste vytvořili dostatečný zdvih"", ""Aby měli cestující čas se usadit"", ""K ochlazení motorů před letem"", ""Aby se zabránilo zemním turbulencím""]",0,,,,,,
course_46_comment_les_avions_volent_ils,course_46_comment_les_avions_volent_ils_q5,mcq,Jak se letadlo otočí do stran?,"Křidélka, pohyblivé části křídel, umožňují boční náklon letadla k jeho natočení.","[""Nakláněním letadla pomocí křidélek, pohyblivých částí křídel"", ""Zastavením jednoho ze dvou motorů"", ""Změnou tvaru trupu"", ""Otevřením přistávacích klapek""]",0,,,,,,
course_46_comment_les_avions_volent_ils,course_46_comment_les_avions_volent_ils_q6,mcq,"Co dělají klapky, které se vysouvají z křídla při přistání?","Klapky zvyšují vztlak křídla, což umožňuje letadlu zůstat ve vzduchu, i když zpomaluje na přistání.","[""Zvyšují zdvih při nízkých rychlostech"", ""Ty přímo brzdí letadlo na dráze"", ""Chladí motory"", ""Snižují hmotnost letadla""]",0,,,,,,
course_46_comment_les_avions_volent_ils,course_46_comment_les_avions_volent_ils_q7,mcq,"Jaký je hlavní rozdíl mezi ptákem a letadlem, pokud jde o pohyb vzduchem?","Křídla ptáka i letadla vytvářejí vztlak, ale pták mává křídly, aby se pohyboval vpřed, zatímco letadlo používá své motory.","[""Pták mává křídly, aby se posunul vpřed, letadlo se pohybuje vpřed díky svým motorům"", ""Pták k letu nepotřebuje zdvih"", ""Letadlo nemá vůbec žádná křídla"", ""Pták vždy letí rychleji než letadlo""]",0,,,,,,
course_46_comment_les_avions_volent_ils,course_46_comment_les_avions_volent_ils_q8,mcq,"Co se stane při cestovním letu, když se letadlo pohybuje přibližně konstantní rychlostí?","Při křižování vztlak přesně vyrovnává hmotnost a tah motorů vyrovnává odpor, čímž se udržuje stabilní rychlost.","[""Zdvih vyrovnává hmotnost a tah vyrovnává tah"", ""Hmotnost letadla se stane nulovou"", ""Motory se úplně zastaví"", ""Proužek úplně zmizí""]",0,,,,,,
course_47_pourquoi_baille_t_on,course_47_pourquoi_baille_t_on_q1,mcq,Proč zíváme podle nejspolehlivějších současných vysvětlení?,"Nejsilnější myšlenkou dneška je, že zívání pomáhá regulovat teplotu mozku, díky čemuž je poněkud větraný a chladný.","[""Pomáhá regulovat teplotu mozku"", ""K naplnění krve kyslíkem"", ""K uvolnění přebytečného oxidu uhličitého"", ""Protáhnout pouze krční svaly""]",0,,,,,,
course_47_pourquoi_baille_t_on,course_47_pourquoi_baille_t_on_q2,trueFalse,"Pravda nebo lež: Experimenty ukázaly, že zvýšení kyslíku ve vzduchu nezabrání zívání.","Experimenty ukázaly, že ani více kyslíku, ani méně oxidu uhličitého nebrání zívání, což vylučuje myšlenku prostého nedostatku vzduchu.","[""Pravda"", ""Nepravda""]",0,,,,,,
course_47_pourquoi_baille_t_on,course_47_pourquoi_baille_t_on_q3,mcq,Proč je zívání u lidí nakažlivé?,"Vidět nebo slyšet někoho zívat aktivuje okruhy související s empatií a zrcadlovými neurony, což zase spouští zívání.","[""Ovlivňuje empatii a obvody spojené se zrcadlovými neurony"", ""Je to způsobeno nedostatkem sdíleného vzduchu v místnosti"", ""Přenáší se pouze zvukem dýchání"", ""Není to opravdu nakažlivé, je to náhoda""]",0,,,,,,
course_47_pourquoi_baille_t_on,course_47_pourquoi_baille_t_on_q4,numericSlider,Přibližně od kterého týdne těhotenství začíná plod zívat?,"Plody zívají přibližně od jedenáctého týdne těhotenství, dlouho předtím, než dýchají vzduch.",,,,11.0,1.0,20.0,2.0,týdnů
course_47_pourquoi_baille_t_on,course_47_pourquoi_baille_t_on_q5,mcq,"Proč plod zívá, že to není pro „nedostatek kyslíku“?","Plod zívá, i když jeho plíce ještě nedýchají vzduch, což ukazuje, že zívání nesouvisí s nedostatkem kyslíku.","[""Protože v tuto chvíli jeho plíce ještě nedýchají vzduch"", ""Protože plod ještě nemá mozek"", ""Protože plod neustále spí"", ""Protože plod se ještě nehýbe""]",0,,,,,,
course_47_pourquoi_baille_t_on,course_47_pourquoi_baille_t_on_q6,trueFalse,Pravda nebo lež: malé děti jsou od narození velmi náchylné k nakažlivému zívání.,"Malé děti zívají nakažením málo: tato citlivost přichází později, současně s určitými sociálními dovednostmi.","[""Pravda"", ""Nepravda""]",1,,,,,,
course_47_pourquoi_baille_t_on,course_47_pourquoi_baille_t_on_q7,mcq,"V jakých dalších situacích, kromě únavy, často zíváme?","Zíváme také těsně před testem nebo když se nudíme a zároveň chceme zůstat soustředění, což by nám mohlo pomoci zůstat ve střehu.","[""Těsně před testem, nebo když se nudíte, když se snažíte udržet koncentraci"", ""Pouze při hlubokém spánku"", ""Až po snězení velkého jídla"", ""Pouze při intenzivní fyzické námaze""]",0,,,,,,
course_47_pourquoi_baille_t_on,course_47_pourquoi_baille_t_on_q8,mcq,Co by podle kurzu mohlo pomoci rozvoji zívání u plodu?,U plodu by zívání mohlo přispívat k rozvoji čelistních a obličejových svalů.,"[""Svaly čelisti a obličeje"", ""Tvorba plic"", ""Růst dlouhých kostí"", ""Rozvoj zraku""]",0,,,,,,
course_48_comment_fonctionne_la_memoire,course_48_comment_fonctionne_la_memoire_q1,mcq,"Jak se mozek chová, když si něco pamatujeme?","Na rozdíl od pevného disku mozek při každém vyvolání aktivně rekonstruuje scénu, takže paměť je výkonná, ale omylná.","[""Aktivně rekonstruuje scénu, místo aby ji přehrával jako nedotčenou nahrávku"", ""Přehraje soubor uložený v neporušeném stavu, například pevný disk"", ""Promítá zamrzlý obraz z dětství"", ""Kopíruje paměť z jiné oblasti mozku, aniž by ji upravoval""]",0,,,,,,
course_48_comment_fonctionne_la_memoire,course_48_comment_fonctionne_la_memoire_q2,mcq,Jaký je rozdíl mezi pracovní pamětí a dlouhodobou pamětí?,"Pracovní paměť uchovává informace v paměti na několik sekund, jako je telefonní číslo, zatímco dlouhodobá paměť uchovává fakta a know-how po dlouhou dobu.","[""Pracovní paměť uchovává informace na několik sekund a je omezená, dlouhodobá paměť uchovává fakta a know-how po dlouhou dobu"", ""Oba se nacházejí pouze v hipokampu"", ""Pracovní paměť trvá celý život, na rozdíl od dlouhodobé paměti"", ""Ve skutečnosti existuje pouze jeden typ paměti""]",0,,,,,,
course_48_comment_fonctionne_la_memoire,course_48_comment_fonctionne_la_memoire_q3,mcq,Která mozková struktura hraje klíčovou roli při vytváření nových vzpomínek na události?,"Hipokampus, hluboká struktura v mozku, pomáhá upevnit nové vzpomínky na události.","[""Mořský koník"", ""Mozeček"", ""Vizuální kůra"", ""Mícha""]",0,,,,,,
course_48_comment_fonctionne_la_memoire,course_48_comment_fonctionne_la_memoire_q4,trueFalse,"Pravda nebo lež: spánek pomáhá upevnit to, co jsme se během dne naučili.","Některé fáze spánku pomáhají upevnit denní učení, díky čemuž je opakování a následný spánek často efektivnější než opakování celé noci.","[""Pravda"", ""Nepravda""]",0,,,,,,
course_48_comment_fonctionne_la_memoire,course_48_comment_fonctionne_la_memoire_q5,mcq,"Co znamená pravidlo Donalda Hebba „co spolu svítí, to spolu drží“?","Podle Hebbova pravidla se při současném vystřelení neuronů posílí jejich spojení, což buduje paměť.","[""Neurony, které spolu pálí, mají tendenci se spojovat silněji"", ""Nejnovější vzpomínky vždy vymažou ty nejstarší"", ""Mozek si dokáže zapamatovat pouze jednu informaci najednou"", ""Obě hemisféry mozku spolu nikdy nekomunikují""]",0,,,,,,
course_48_comment_fonctionne_la_memoire,course_48_comment_fonctionne_la_memoire_q6,mcq,"Co se stane, když si vzpomeneme?","Vyvoláním paměti je dočasně tvárná: detaily ze současnosti do ní mohou vklouznout, než se znovu uloží.","[""Stává se dočasně tvárným a lze jej upravit s detaily současnosti"", ""Zůstává dokonale zmrazené a neporušené, jako poprvé"", ""Automaticky se odstraňuje z mozku"", ""Podruhé je nemožné najít""]",0,,,,,,
course_48_comment_fonctionne_la_memoire,course_48_comment_fonctionne_la_memoire_q7,trueFalse,"Pravda nebo nepravda: můžeme mít falešné vzpomínky, to znamená scény, o kterých věříme, že jsou pravdivé, ale které se nikdy nestaly tak, jak je vyprávíme.","Mozek může vytvářet falešné vzpomínky, scény, o kterých se věří, že jsou pravdivé, ale které se nikdy nestaly, nebo nejsou přesně tak, jak se o nich říká.","[""Pravda"", ""Nepravda""]",0,,,,,,
course_48_comment_fonctionne_la_memoire,course_48_comment_fonctionne_la_memoire_q8,mcq,Proč zapomínání není vždy neúspěchem?,"Bez zapomínání bychom byli nasyceni zbytečnými detaily: zapomínání naopak pomáhá zobecňovat, rozhodovat a zachovávat to podstatné.","[""Pomáhá spíše zobecňovat, rozhodovat se a ponechat to podstatné, než být přesycen zbytečnými detaily"", ""Důsledně dokazuje, že mozek je poškozen"", ""Vlastně to nemá využití."", ""Týká se to pouze starších lidí""]",0,,,,,,
course_49_pourquoi_a_t_on_des_frissons,course_49_pourquoi_a_t_on_des_frissons_q1,mcq,"Která oblast mozku funguje jako termostat, když kůže detekuje chlad?","Když kůže zaznamená chlad, upozorní hypotalamus, oblast mozku, která funguje jako tělesný termostat.","[""Hypotalamus"", ""Mozeček"", ""Mořský koník"", ""Prefrontální kůra""]",0,,,,,,
course_49_pourquoi_a_t_on_des_frissons,course_49_pourquoi_a_t_on_des_frissons_q2,mcq,Proč třesavka produkuje teplo?,"Třes pochází z rychlých, opakovaných svalových kontrakcí, které produkují teplo k zahřátí těla.","[""Svaly se stahují velmi rychle a opakovaně"", ""Krev na chvíli přestane cirkulovat"", ""Kůže přímo absorbuje teplo ze vzduchu"", ""Srdce se na několik sekund zastaví""]",0,,,,,,
course_49_pourquoi_a_t_on_des_frissons,course_49_pourquoi_a_t_on_des_frissons_q3,trueFalse,"Pravda nebo lež: husí kůže pochází ze starého reflexu, který sloužil ke zvednutí chloupků, aby lépe izolovaly před chladem.","Husí kůže je starý reflex, který zvedne chlupy, aby lépe izolovaly tělo, i když u lidí s malým množstvím vlasů již neslouží k velkému účelu.","[""Pravda"", ""Nepravda""]",0,,,,,,
course_49_pourquoi_a_t_on_des_frissons,course_49_pourquoi_a_t_on_des_frissons_q4,mcq,"Jakou látku uvolňuje sympatický nervový systém, když čelí hrozbě?","Když sympatický nervový systém čelí hrozbě, uvolňuje adrenalin, který napíná svaly a zrychluje srdce.","[""Adrenalin"", ""melatonin"", ""Inzulín"", ""kolagen""]",0,,,,,,
course_49_pourquoi_a_t_on_des_frissons,course_49_pourquoi_a_t_on_des_frissons_q5,mcq,Proč vám může naskakovat husí kůže při sledování hororu na gauči?,"Sympatický nervový systém reaguje na strach pociťovaný při sledování filmu i bez reálného nebezpečí, což vyvolává husí kůži.","[""Pozorný nervový systém reaguje na strach, jako by existovala skutečná hrozba"", ""Během strašidelného filmu teplota v místnosti vždy klesne"", ""Toto je pouze reakce na hlasitý hluk ve filmu"", ""Tělo si chemicky plete film a realitu""]",0,,,,,,
course_49_pourquoi_a_t_on_des_frissons,course_49_pourquoi_a_t_on_des_frissons_q6,mcq,Jaká látka související s potěšením je spojena se vzrušením při poslechu rozrušující hudby?,"Hudební vzrušení aktivují mozkový okruh odměn s dopaminem, látkou spojenou s potěšením.","[""dopamin"", ""Adrenalin"", ""noradrenalin"", ""kortizol""]",0,,,,,,
course_49_pourquoi_a_t_on_des_frissons,course_49_pourquoi_a_t_on_des_frissons_q7,trueFalse,"Pravda nebo lež: chvění chladu, strachu a hudby procházejí stejným mechanismem, se stejným cílem.","Tyto chvění sdílejí slovo, ale ne mechanismus: chlad produkuje teplo, strach nás připravuje reagovat, hudba se dotýká emocionálního potěšení.","[""Pravda"", ""Nepravda""]",1,,,,,,
course_49_pourquoi_a_t_on_des_frissons,course_49_pourquoi_a_t_on_des_frissons_q8,mcq,Kdy by měla zimnice vyvolávat obavy a zasluhovat lékařskou pomoc?,Zimnice doprovázená vysokou horečkou nebo neustálá zimnice bez jasné příčiny může signalizovat problém a zaslouží si lékařskou pomoc.,"[""Zimnice s vysokou horečkou nebo neustálá zimnice bez jasného důvodu"", ""Pokaždé, když se při poslechu hudby třeseme"", ""Pokaždé, když je nám v zimě zima"", ""Jakmile se podíváme na dojemný film""]",0,,,,,,
course_4_le_couronnement_de_charlemagne_800,course_4_le_couronnement_de_charlemagne_800_q1,mcq,Kdo korunoval Karla Velikého „císařem Římanů“ na Štědrý den 800?,25. prosince 800 v bazilice svatého Petra v Římě vložil papež Lev III. císařskou korunu na hlavu Karla Velikého.,"[""Papež Lev III"", ""Papež Inocenc III"", ""Byzantský císař Alexios I. Comnenus"", ""Arcibiskup Alcuin z Yorku""]",0,,,,,,
course_4_le_couronnement_de_charlemagne_800,course_4_le_couronnement_de_charlemagne_800_q2,mcq,Jakou říši má korunovace 800 obnovit?,"Gesto Lva III má za cíl obnovit Západořímskou říši, která zmizela od sesazení Romula Augustula v roce 476.","[""Západořímská říše zanikla od roku 476"", ""Východní byzantská říše"", ""Sasanianská perská říše"", ""Italské Lombardské království""]",0,,,,,,
course_4_le_couronnement_de_charlemagne_800,course_4_le_couronnement_de_charlemagne_800_q3,trueFalse,Pravda nebo lež: Karel Veliký vedl asi třicetiletou válku proti Sasům.,"Karel Veliký bojoval se Sasy po tři desetiletí, zejména prosadil jejich nucenou konverzi ke křesťanství.","[""Pravda"", ""Nepravda""]",0,,,,,,
course_4_le_couronnement_de_charlemagne_800,course_4_le_couronnement_de_charlemagne_800_q4,mcq,Jaké jsou missi dominici ustanovené Karlem Velikým?,"Missi dominici jsou inspektoři vyslaní ve dvojicích do provincií, aby ověřili činnost místních hrabat.","[""Inspektoři byli vysláni ve dvojicích, aby kontrolovali provincie"", ""Mniši zodpovědní za kopírování starověkých textů"", ""Vojáci střežící hranice říše"", ""Obchodníci zodpovědní za ražbu mincí""]",0,,,,,,
course_4_le_couronnement_de_charlemagne_800,course_4_le_couronnement_de_charlemagne_800_q5,trueFalse,Pravda nebo lež: v Konstantinopoli byla korunovace Karla Velikého oslavována jako spravedlivé uznání jeho moci.,Pro Byzantince existoval pouze jeden legitimní římský císař: korunovace Karla Velikého byla považována za uzurpaci.,"[""Pravda"", ""Nepravda""]",1,,,,,,
course_4_le_couronnement_de_charlemagne_800,course_4_le_couronnement_de_charlemagne_800_q6,mcq,"Jaké písmo přijal Karel Veliký, aby standardizoval texty kopírované v říši?","Palácová škola v Aix-la-Chapelle rozšířila karolínské písmo, čitelné po celé říši.","[""Caroline píše"", ""Řecká abeceda"", ""Hieroglyfy"", ""cyrilice""]",0,,,,,,
course_4_le_couronnement_de_charlemagne_800,course_4_le_couronnement_de_charlemagne_800_q7,chronological,Seřaďte tyto události v životě Karla Velikého v chronologickém pořadí.,"Tyto milníky sahají od roku 768 do roku 843: od nástupu Karla Velikého k lombardskému dobytí, poté ke korunovaci až po rozdělení říše mezi jeho vnuky.",,,"[""Nástup franského království"", ""Dobytí lombardského království v severní Itálii"", ""Císařská korunovace v Římě"", ""Verdunská smlouva o rozdělení říše""]",,,,,
course_4_le_couronnement_de_charlemagne_800,course_4_le_couronnement_de_charlemagne_800_q8,numericSlider,Ve kterém roce byl Karel Veliký korunován v Římě na císaře?,Korunovace se konala 25. prosince 800 v bazilice svatého Petra v Římě.,,,,800.0,750.0,850.0,5.0,
course_4_le_couronnement_de_charlemagne_800,course_4_le_couronnement_de_charlemagne_800_q9,numericSlider,Ve kterém roce Verdunská smlouva rozdělila říši mezi vnuky Karla Velikého?,"V roce 843 rozdělila Verdunská smlouva karolinskou říši na tři království, což předznamenalo Francii a Německo.",,,,843.0,800.0,900.0,5.0,
course_50_comment_le_savon_tue_t_il_les_virus,course_50_comment_le_savon_tue_t_il_les_virus_q1,mcq,"Proč je mýdlo zvláště účinné proti virům, jako jsou koronaviry nebo chřipka?","Koronaviry a chřipkový virus mají obal vyrobený z tuku, na jehož zničení je mýdlo obzvláště účinné.","[""Tyto viry mají tukový obal, který mýdlo ničí"", ""Mýdlo je kyselé a přímo spaluje virus"", ""Mýdlo zvyšuje teplotu pokožky"", ""Mýdlo brání viru v dýchání""]",0,,,,,,
course_50_comment_le_savon_tue_t_il_les_virus,course_50_comment_le_savon_tue_t_il_les_virus_q2,mcq,Co se nazývají molekuly mýdla „povrchově aktivní látky“?,"Mýdlové povrchově aktivní látky mají hlavu, která má ráda vodu, a ocas, který ulpívá na mazu, což jim umožňuje roztrhat povlak virů.","[""Molekuly s hlavou milující vodu a ocasem milujícím tuk"", ""Molekuly, které pouze neutralizují bakterie"", ""Molekuly složené pouze z alkoholu"", ""Molekuly, které odpuzují vodu i tuk""]",0,,,,,,
course_50_comment_le_savon_tue_t_il_les_virus,course_50_comment_le_savon_tue_t_il_les_virus_q3,trueFalse,Pravda nebo lež: „nahé“ viry bez tukového obalu jsou odolnější vůči mýdlu než viry obalené.,Bez tukového obalu k útoku jsou nahé viry odolnější vůči mýdlu a alkoholu než obalené viry.,"[""Pravda"", ""Nepravda""]",0,,,,,,
course_50_comment_le_savon_tue_t_il_les_virus,course_50_comment_le_savon_tue_t_il_les_virus_q4,mcq,Jak vlastně mýdlo deaktivuje obalený virus?,"Mastný ohon molekul mýdla se zaryje do pláště viru a roztrhne ho, čímž ho deaktivuje dříve, než voda smyje trosky.","[""Jeho tukový ocas se ponoří do virového obalu a roztrhne ho"", ""Změní barvu viru"", ""Okamžitě zmrazí virus"", ""Pouze neutralizuje jeho genetický materiál""]",0,,,,,,
course_50_comment_le_savon_tue_t_il_les_virus,course_50_comment_le_savon_tue_t_il_les_virus_q5,numericSlider,Kolik sekund drhnutí se obecně doporučuje pro účinné mytí rukou?,"Doporučuje se asi 20 sekund tření, aby se mýdlo dostalo do všech záhybů rukou.",,,,20.0,0.0,40.0,5.0,sekundy
course_50_comment_le_savon_tue_t_il_les_virus,course_50_comment_le_savon_tue_t_il_les_virus_q6,mcq,Proč je tření důležité při mytí rukou?,"Třením se mýdlo dostane do každého koutku rukou, kde se mohou skrývat viry.","[""Chvíli trvá, než se mýdlo dostane do všech záhybů, jako mezi prsty a pod nehty"", ""Ohřívá vodu, aby zabil viry"", ""Vytváří pěnu, která jediná zabíjí viry"", ""Ve skutečnosti to nemá žádný zvláštní účinek""]",0,,,,,,
course_50_comment_le_savon_tue_t_il_les_virus,course_50_comment_le_savon_tue_t_il_les_virus_q7,percentageSlider,"Jaké minimální procento alkoholu by měl hydroalkoholický gel obsahovat, aby účinně zničil mnoho obalených virů?","Hydroalkoholový gel musí obsahovat alespoň 60 % alkoholu, aby účinně zničil mnoho obalených virů.",,,,60.0,0.0,100.0,5.0,%
course_50_comment_le_savon_tue_t_il_les_virus,course_50_comment_le_savon_tue_t_il_les_virus_q8,mcq,V jakém případě jsou mýdlo a voda vhodnější než hydroalkoholový gel?,"Tváří v tvář viditelným nečistotám nebo mastnotě je hydroalkoholový gel méně účinný, protože tyto nečistoty fungují jako clona: mýdlo a voda pak zůstávají nejlepší volbou.","[""Když jsou na rukou viditelné nečistoty nebo mastnota"", ""Když jsou ruce již dokonale čisté"", ""Když jsme venku"", ""Když máme málo času""]",0,,,,,,
course_51_la_decouverte_de_la_penicilline_fleming,course_51_la_decouverte_de_la_penicilline_fleming_q1,mcq,Čeho si všiml Alexander Fleming v roce 1928 na jedné ze svých zapomenutých kulturních krabic?,"Když se Fleming vrátil z dovolené, pozoroval, že na kultivační misce vyrostla plíseň a že bakterie kolem ní uhynuly.","[""Bakterie kolem ní zabila plíseň"", ""Všechny bakterie přežily bez jakékoli změny"", ""Krabice byla úplně prázdná od všeho života"", ""Neznámá houba způsobila, že bakterie byly odolnější""]",0,,,,,,
course_51_la_decouverte_de_la_penicilline_fleming,course_51_la_decouverte_de_la_penicilline_fleming_q2,numericSlider,Kdy objevil Alexander Fleming penicilin?,Fleming objevil penicilin náhodou v roce 1928 v Londýně.,,,,1928.0,1850.0,1950.0,5.0,let
course_51_la_decouverte_de_la_penicilline_fleming,course_51_la_decouverte_de_la_penicilline_fleming_q3,mcq,Do jakého rodu patří plíseň objevená Flemingem?,"Plíseň pozorovaná Flemingem patří do rodu Penicillium, odtud název látce: penicilin.","[""Penicillium"", ""Streptococcus"", ""Escherichia"", ""Aspergillus""]",0,,,,,,
course_51_la_decouverte_de_la_penicilline_fleming,course_51_la_decouverte_de_la_penicilline_fleming_q4,trueFalse,Pravda nebo lež: Fleming sám uspěl v čištění penicilinu dostatečně k léčbě nemocných.,"Fleming nebyl schopen dostatečně vyčistit penicilin, aby mohl léčit pacienty: tato práce by později připadla Floreymu a Chainovi.","[""Pravda"", ""Nepravda""]",1,,,,,,
course_51_la_decouverte_de_la_penicilline_fleming,course_51_la_decouverte_de_la_penicilline_fleming_q5,mcq,Kdo se počátkem 40. let 20. století chopil a přeměnil Flemingův objev ve skutečný lék?,"V Oxfordu Howard Florey a Ernst Chain izolovali, koncentrovali a testovali penicilin, čímž jej přeměnili ve skutečný lék.","[""Howard Florey a Ernst Chain v Oxfordu"", ""Louis Pasteur a Robert Koch"", ""Marie Curie a Pierre Curie"", ""James Watson a Francis Crick""]",0,,,,,,
course_51_la_decouverte_de_la_penicilline_fleming,course_51_la_decouverte_de_la_penicilline_fleming_q6,mcq,Proč druhá světová válka urychlila vývoj penicilinu?,"Kvůli válce bylo naléhavé být schopni léčit nakažené vojáky, což posunulo penicilin z laboratoře ke strategické otázce.","[""Nakažení vojáci museli být urychleně ošetřeni"", ""Civilní laboratoře byly všechny zavřené"", ""Vědci hledali chemickou zbraň"", ""Vláda ho chtěla prodat nepřátelským zemím""]",0,,,,,,
course_51_la_decouverte_de_la_penicilline_fleming,course_51_la_decouverte_de_la_penicilline_fleming_q7,mcq,Jak byl penicilin vyroben v dostatečném množství k léčbě milionů lidí?,"Během války Spojené státy industrializovaly výrobu penicilinu v obřích kádích, jako je pivo.","[""Spojené státy během války industrializovaly jeho výrobu v obřích kádích"", ""Každá nemocnice si vypěstovala vlastní formu zvlášť"", ""Byl chemicky syntetizován bez jakékoli plísně"", ""Ve velkém se dováželo z Asie""]",0,,,,,,
course_51_la_decouverte_de_la_penicilline_fleming,course_51_la_decouverte_de_la_penicilline_fleming_q8,chronological,Uspořádejte tyto kroky v historii penicilinu.,"Fleming objevil penicilin v roce 1928, Florey a Chain ho vyvinuli na počátku 40. let 20. století, výroba se během války industrializovala, poté tři výzkumníci dostali v roce 1945 Nobelovu cenu.",,,"[""Fleming pozoruje plíseň, která zabíjela bakterie na kultivační misce"", ""Florey and Chain izolují a testují penicilin v Oxfordu"", ""Spojené státy industrializovaly výrobu penicilinu během války"", ""Fleming, Florey a Chain dostávají Nobelovu cenu""]",,,,,
course_51_la_decouverte_de_la_penicilline_fleming,course_51_la_decouverte_de_la_penicilline_fleming_q9,mcq,Jaké riziko již Fleming počítal v souvislosti s antibiotiky?,"Fleming již varoval, že bakterie se mohou stát odolnými vůči nesprávně používaným antibiotikům, což je riziko, které se dnes stalo velmi reálným.","[""Že by se některé bakterie mohly stát rezistentními, pokud by byla antibiotika zneužita"", ""Ten penicilin by se časem stal toxickým"", ""Ta plíseň by mohla úplně zmizet"", ""Že by cena drogy byla příliš vysoká""]",0,,,,,,
course_52_la_decouverte_de_l_electricite_et_ses_ap,course_52_la_decouverte_de_l_electricite_et_ses_ap_q1,mcq,Co předvedl Benjamin Franklin svým pokusem s drakem?,"Franklin ukázal, že blesk a elektřina produkovaná třením jsou stejnou silou, klíčový nápad navzdory nebezpečí experimentu.","[""Ten blesk je elektrický jev"", ""Tato elektřina pochází přímo ze Slunce"", ""Ať hrom vždy předchází blesk"", ""Že mraky jsou zatížené pouze vodou""]",0,,,,,,
course_52_la_decouverte_de_l_electricite_et_ses_ap,course_52_la_decouverte_de_l_electricite_et_ses_ap_q2,mcq,Jaký je účel hromosvodu vynalezeného po Franklinově práci?,"Bleskosvod je kovová tyč, která vede blesk k zemi bez poškození a přivádí elektřinu do strojírenství.","[""Poskytování blesku bezpečné cesty k zemi"", ""Úplně zabraňte pádu blesku"", ""Nabijte mraky elektřinou"", ""Ochlaďte vzduch během bouřky""]",0,,,,,,
course_52_la_decouverte_de_l_electricite_et_ses_ap,course_52_la_decouverte_de_l_electricite_et_ses_ap_q3,mcq,"Co objevil Michael Faraday, co umožnilo vyrábět elektrický proud?","Toto je indukce: magnet pohybující se v blízkosti drátu generuje elektrický proud, což je princip, který je základem všech moderních dynam a elektráren.","[""Že magnet pohybující se v blízkosti drátu vytváří proud"", ""Že tření dvou kovů vytváří světlo"", ""Voda vede elektřinu lépe než kov"", ""Ten blesk lze uložit do láhve""]",0,,,,,,
course_52_la_decouverte_de_l_electricite_et_ses_ap,course_52_la_decouverte_de_l_electricite_et_ses_ap_q4,trueFalse,"Pravda nebo lež: Michael Faraday začal svou kariéru jako univerzitní profesor, než se stal vědcem.","Faraday pocházel ze skromných poměrů a začínal jako knihař, učil se vědě čtením toho, co svázal.","[""Pravda"", ""Nepravda""]",1,,,,,,
course_52_la_decouverte_de_l_electricite_et_ses_ap,course_52_la_decouverte_de_l_electricite_et_ses_ap_q5,mcq,Jaký typ hnutí bránil Nikola Tesla v rivalitě konce 19. století?,Tesla se společností Westinghouse bránila střídavý proud proti Edisonovu stejnosměrnému.,"[""Střídavý proud"", ""Stejnosměrný proud"", ""Statický proud"", ""Magnetický proud""]",0,,,,,,
course_52_la_decouverte_de_l_electricite_et_ses_ap,course_52_la_decouverte_de_l_electricite_et_ses_ap_q6,mcq,Proč je střídavý proud nezbytný pro městské sítě?,"Střídavý proud se snadněji přenáší na velké vzdálenosti, což mu umožnilo získat energii ve městech.","[""Snadněji se přepravuje na velké vzdálenosti"", ""Výroba stojí méně"", ""Je to zcela bezpečné"", ""Nevyžaduje žádnou elektrárnu""]",0,,,,,,
course_52_la_decouverte_de_l_electricite_et_ses_ap,course_52_la_decouverte_de_l_electricite_et_ses_ap_q7,trueFalse,"Pravda nebo lež: byl to Thomas Edison, kdo bránil stejnosměrný proud proti Tesle.","Edison prosazoval stejnosměrný proud, zatímco Tesla a Westinghouse prosazovali střídavý proud.","[""Pravda"", ""Nepravda""]",0,,,,,,
course_52_la_decouverte_de_l_electricite_et_ses_ap,course_52_la_decouverte_de_l_electricite_et_ses_ap_q8,mcq,Co je dnes podle kurzu hlavní výzvou kolem elektřiny?,"Výzvou už není jen vyrábět elektřinu, ale dělat to čistě a spolehlivě pro plně propojený svět.","[""Vyrobte jej čistě a spolehlivě"", ""Zjistit, jak to uložit na vzduchu"", ""Vymyslete nový typ atomu"", ""Vyměňte hromosvod""]",0,,,,,,
course_53_la_decouverte_des_rayons_x_rontgen_1895,course_53_la_decouverte_des_rayons_x_rontgen_1895_q1,numericSlider,Ve kterém roce Wilhelm Röntgen objevil rentgenové záření?,Právě 8. listopadu 1895 ve Würzburgu Röntgen učinil tento objev.,,,,1895.0,1850.0,1950.0,5.0,
course_53_la_decouverte_des_rayons_x_rontgen_1895,course_53_la_decouverte_des_rayons_x_rontgen_1895_q2,mcq,"Čeho si Röntgen všimne, že se dostal na rentgenovou stopu?","Röntgen si všimne, že fluorescenční stínítko svítí z dálky, i když není ovlivněno viditelným světlem: místností prochází neviditelné záření.","[""Fluorescenční obrazovka, která svítí, aniž by byla ovlivněna viditelným světlem"", ""V jeho laboratoři páchne"", ""Elektrický šok na ruce"", ""Z trubice vychází neobvyklý zvuk""]",0,,,,,,
course_53_la_decouverte_des_rayons_x_rontgen_1895,course_53_la_decouverte_des_rayons_x_rontgen_1895_q3,mcq,Co znamená „X“ v „rentgenovém záření“?,"Röntgen nazývá toto záření „X-paprsky“, X znamená „neznámé“.","[""Neznámý"", ""Experimentální"", ""Mimořádný"", ""Mimo""]",0,,,,,,
course_53_la_decouverte_des_rayons_x_rontgen_1895,course_53_la_decouverte_des_rayons_x_rontgen_1895_q4,mcq,"Co Röntgen vyfotografoval za pár týdnů, aby demonstroval svůj objev?","Röntgen vyfotografoval kosti ruky své manželky, včetně snubního prstenu: to byl zrod radiologie.","[""Ruční kosti jeho ženy"", ""Lebka pacienta v nemocnici"", ""Kovová mince"", ""Kousek rostlinné tkáně""]",0,,,,,,
course_53_la_decouverte_des_rayons_x_rontgen_1895,course_53_la_decouverte_des_rayons_x_rontgen_1895_q5,trueFalse,"Pravda nebo lež: Röntgen si nechal patentovat rentgenové paprsky, aby z nich profitoval.","Röntgen nikdy patent nepodal, chtěl, aby celá věda mohla jeho objev volně využívat.","[""Pravda"", ""Nepravda""]",1,,,,,,
course_53_la_decouverte_des_rayons_x_rontgen_1895,course_53_la_decouverte_des_rayons_x_rontgen_1895_q6,mcq,Co bylo před rentgenem často nutné k „vidět“ zlomeninu nebo kulku v těle?,"Před rentgenem, abyste viděli vnitřek těla, jste často museli operovat; s nimi získáte obraz bez řezání.","[""Obvykle musel být otevřen chirurgicky"", ""Na přírodní uzdravení jste si museli počkat"", ""Už jsme používali ultrazvuk"", ""Museli jsme systematicky amputovat""]",0,,,,,,
course_53_la_decouverte_des_rayons_x_rontgen_1895,course_53_la_decouverte_des_rayons_x_rontgen_1895_q7,trueFalse,Pravda nebo lež: Na začátku byla nebezpečí rentgenového záření dobře známá a vyhýbala se jim.,"Rizika byla zpočátku ignorována: operátoři prováděli rentgenové záření celé hodiny, dokud se u nich neobjevily popáleniny a pak rakovina.","[""Pravda"", ""Nepravda""]",1,,,,,,
course_53_la_decouverte_des_rayons_x_rontgen_1895,course_53_la_decouverte_des_rayons_x_rontgen_1895_q8,mcq,"K čemu přispělo i rentgenové záření, později užitečné pro studium DNA?","Rentgenové záření umožnilo studovat strukturu krystalů, což je technika, která byla později použita k pozorování struktury DNA.","[""Studium struktury krystalů"", ""Výroba skla"", ""Uhlíkové datování"", ""Konzervace potravin""]",0,,,,,,
course_54_la_decouverte_du_micro_ondes_par_acciden,course_54_la_decouverte_du_micro_ondes_par_acciden_q1,numericSlider,"Ve kterém roce si Percy Spencer všiml, že jeho tyčinka roztála poblíž radaru?","Bylo to v roce 1945, kdy Spencer při práci na radaru učinil tento náhodný objev.",,,,1945.0,1900.0,2000.0,5.0,
course_54_la_decouverte_du_micro_ondes_par_acciden,course_54_la_decouverte_du_micro_ondes_par_acciden_q2,mcq,Čeho si Percy Spencer všimne při práci na radaru?,"Spencer si všimne, že tyčinka v jeho kapse se roztavila ne tělesným teplem, ale radarovými vlnami.","[""Sladká tyčinka v jeho kapse se roztavila"", ""Jeho teploměr náhle exploduje"", ""Radar se bezdůvodně porouchá"", ""Jeho ruce se při kontaktu s kovem zahřívají""]",0,,,,,,
course_54_la_decouverte_du_micro_ondes_par_acciden,course_54_la_decouverte_du_micro_ondes_par_acciden_q3,mcq,"Co Spencer dále testuje, aby potvrdil své tušení?","Spencerovy testy s kukuřicí: popcorn praskne, což potvrzuje, že mikrovlny mohou ohřívat jídlo.","[""Kukuřice, která praská v popcorn"", ""Voda, která začne okamžitě vřít"", ""Kov, tavení"", ""Chléb, který zčerná""]",0,,,,,,
course_54_la_decouverte_du_micro_ondes_par_acciden,course_54_la_decouverte_du_micro_ondes_par_acciden_q4,mcq,"K čemu sloužily mikrovlny za války, než byly použity k vaření?",Během války se mikrovlny používaly hlavně pro radary k detekci letadel a lodí.,"[""Radary pro detekci letadel a lodí"", ""Rádiová komunikace na dlouhé vzdálenosti"", ""Raketový pohon"", ""K výrobě elektřiny""]",0,,,,,,
course_54_la_decouverte_du_micro_ondes_par_acciden,course_54_la_decouverte_du_micro_ondes_par_acciden_q5,numericSlider,Kolem kterého roku byla uvedena na trh první komerční mikrovlnná trouba Radarange?,"Radarange byl propuštěn kolem roku 1947, ale byl obrovský a drahý.",,,,1947.0,1900.0,2000.0,5.0,
course_54_la_decouverte_du_micro_ondes_par_acciden,course_54_la_decouverte_du_micro_ondes_par_acciden_q6,trueFalse,"Pravda nebo lež: První komerční mikrovlnná trouba byla malá a levná, určená pro domácí použití.","Radarange byl obrovský a drahý, určený spíše pro restaurace nebo lodě; bude trvat desetiletí, než bude cenově dostupný.","[""Pravda"", ""Nepravda""]",1,,,,,,
course_54_la_decouverte_du_micro_ondes_par_acciden,course_54_la_decouverte_du_micro_ondes_par_acciden_q7,trueFalse,Pravda nebo lež: Mikrovlny dělají jídlo radioaktivní.,"Toto je běžná mylná představa: mikrovlny ohřívají jídlo, nečiní je radioaktivní.","[""Pravda"", ""Nepravda""]",1,,,,,,
course_54_la_decouverte_du_micro_ondes_par_acciden,course_54_la_decouverte_du_micro_ondes_par_acciden_q8,mcq,Co dělají mikrovlny hlavně pro ohřívání jídla?,Mikrovlny rozvibrují hlavně molekuly vody a trochu tuků a cukrů a vytvářejí teplo uvnitř jídla.,"[""Rozechvívají molekuly vody"", ""Při přímém kontaktu spálí povrch"", ""Ionizují vzduch kolem nádobí"", ""Nejprve zahřejí nádobu""]",0,,,,,,
course_54_la_decouverte_du_micro_ondes_par_acciden,course_54_la_decouverte_du_micro_ondes_par_acciden_q9,mcq,Proč může být hustý pokrm zvenčí horký a uprostřed vlažný po mikrovlnce?,"Vlny nepronikají do jídla neomezeně, což vysvětluje, proč se hustý pokrm zahřívá hlavně na povrchu.","[""Vlny nepronikají nekonečně hluboko do jídla"", ""Trouba špatně distribuuje teplo kvůli výrobní vadě"", ""Střed je chráněn před vlhkostí"", ""Pokrm se v troubě otáčí příliš rychle""]",0,,,,,,
course_55_la_theorie_de_la_gravitation_newton_1687,course_55_la_theorie_de_la_gravitation_newton_1687_q1,numericSlider,Ve kterém roce Isaac Newton publikoval Principia a jeho teorii univerzální gravitace?,"Newton publikoval Principia v 1687, tvrdit, že gravitace je univerzální.",,,,1687.0,1600.0,1750.0,10.0,
course_55_la_theorie_de_la_gravitation_newton_1687,course_55_la_theorie_de_la_gravitation_newton_1687_q2,mcq,"Co podle Newtona vysvětluje, proč Měsíc zůstává na oběžné dráze kolem Země?","Newton reaguje přitažlivostí: Země přitahuje Měsíc, stejně jako Slunce přitahuje Zemi.","[""Přitažlivá síla mezi dvěma těly"", ""Prázdnota, která tlačí Měsíc ven"", ""Magnetické pole Země"", ""Neustálý tlak od Slunce""]",0,,,,,,
course_55_la_theorie_de_la_gravitation_newton_1687,course_55_la_theorie_de_la_gravitation_newton_1687_q3,mcq,"Jak se změní gravitační síla, když od sebe oddálíme dvě tělesa?","Síla roste s hmotností těles a klesá s druhou mocninou vzdálenosti, která je odděluje.","[""Klesá se čtvercem vzdálenosti"", ""Bez ohledu na vzdálenost zůstává konstantní"", ""Se vzdáleností se zvětšuje"", ""Náhle mizí za určitou hranicí""]",0,,,,,,
course_55_la_theorie_de_la_gravitation_newton_1687,course_55_la_theorie_de_la_gravitation_newton_1687_q4,trueFalse,Pravda nebo lež: v závislosti na průběhu je příběh o jablku padajícím na Newtonovu hlavu dobře zdokumentovaným historickým faktem.,"Příběh jablka je především příběhem často beletrizovaným; myšlenka, kterou ilustruje, je velmi reálná.","[""Pravda"", ""Nepravda""]",1,,,,,,
course_55_la_theorie_de_la_gravitation_newton_1687,course_55_la_theorie_de_la_gravitation_newton_1687_q5,mcq,"Proč Měsíc nenarazí do Země, i když k ní neustále „padá“?","Měsíc neustále padá k Zemi, ale jeho vysoká boční rychlost způsobuje, že se otáčí, místo aby narážel: to je oběžná dráha.","[""Má také velkou boční rychlost, díky které se otáčí, místo aby padala."", ""Zároveň ji odpuzuje Slunce"", ""Její atmosféra ji dost zpomaluje"", ""Země na ní ve skutečnosti nemá žádnou přitažlivost.""]",0,,,,,,
course_55_la_theorie_de_la_gravitation_newton_1687,course_55_la_theorie_de_la_gravitation_newton_1687_q6,mcq,Co říká třetí Newtonův pohybový zákon?,"Třetí Newtonův zákon říká, že každá akce vyvolá opačnou reakci stejné intenzity.","[""Každá akce má opačnou reakci"", ""Předmět zrychluje, aniž by na něj působila jakákoli síla"", ""Hmotnost předmětu se mění v závislosti na jeho rychlosti"", ""Síly se vztahují pouze na nebeské objekty""]",0,,,,,,
course_55_la_theorie_de_la_gravitation_newton_1687,course_55_la_theorie_de_la_gravitation_newton_1687_q7,trueFalse,"Pravda nebo nepravda: v závislosti na kurzu Einsteinova teorie zcela znehodnotila Newtonovu, což už dnes není užitečné.","Einstein opravuje Newtona pro extrémní případy, ale Newtonova teorie zůstává vynikající pro vypuštění rakety nebo pochopení přílivu a odlivu.","[""Pravda"", ""Nepravda""]",1,,,,,,
course_55_la_theorie_de_la_gravitation_newton_1687,course_55_la_theorie_de_la_gravitation_newton_1687_q8,mcq,Kteří vědci již před Newtonovou syntézou položili důležité základy?,"Kepler popsal oběžné dráhy planet a Galileo studoval pád těles, než je Newton spojil.","[""Galileo a Kepler"", ""Einstein a Koperník"", ""Faraday a Franklin"", ""Darwin a Wallace""]",0,,,,,,
course_56_la_decouverte_de_la_radioactivite_marie,course_56_la_decouverte_de_la_radioactivite_marie_q1,mcq,Čím je Marie Curie mezi všemi nositeli Nobelovy ceny jedinečná?,"Marie Curie je jedinou osobou, která obdržela dvě Nobelovy ceny za dvě různé vědy: fyziku a poté chemii.","[""Je jedinou osobou, která získala dvě Nobelovy ceny za dvě různé vědy"", ""Je jedinou ženou, která kdy obdržela Nobelovu cenu"", ""Třikrát obdržela Nobelovu cenu"", ""Dostala Nobelovu cenu za mír a fyziku""]",0,,,,,,
course_56_la_decouverte_de_la_radioactivite_marie,course_56_la_decouverte_de_la_radioactivite_marie_q2,mcq,Proč Marie Curie odjela studovat do Paříže a ne do Polska?,"Narodila se v Polsku a odjela studovat do Paříže, protože tamní univerzity ženám zavřely mnoho dveří.","[""Místní univerzity zavíraly ženám mnoho dveří"", ""Chtěla uniknout válce"", ""V Polsku žádná univerzita nebyla"", ""Jeho rodina už žila v Paříži""]",0,,,,,,
course_56_la_decouverte_de_la_radioactivite_marie,course_56_la_decouverte_de_la_radioactivite_marie_q3,numericSlider,"Ve kterém roce si Henri Becquerel všiml, že uranové závoje zakrývají fotografické desky bez světla?","Bylo to v roce 1896, kdy Becquerel učinil toto pozorování, které přimělo Marie Curie k podrobnému studiu tohoto jevu.",,,,1896.0,1850.0,1950.0,5.0,
course_56_la_decouverte_de_la_radioactivite_marie,course_56_la_decouverte_de_la_radioactivite_marie_q4,mcq,"Jaké slovo vymyslela Marie Curie, aby popsala tento fenomén?",Marie Curie vynalezla slovo „radioaktivita“ k popisu tohoto spontánního záření atomů.,"[""Radioaktivita"", ""Fluorescence"", ""Magnetismus"", ""Elektromagnetismus""]",0,,,,,,
course_56_la_decouverte_de_la_radioactivite_marie,course_56_la_decouverte_de_la_radioactivite_marie_q5,mcq,Jaké dva chemické prvky společně objevili Marie a Pierre Curie?,"Společně objevili polonium, pojmenované po Polsku, a radium.","[""Polonium a radium"", ""Uran a plutonium"", ""Vodík a helium"", ""Uhlík a dusík""]",0,,,,,,
course_56_la_decouverte_de_la_radioactivite_marie,course_56_la_decouverte_de_la_radioactivite_marie_q6,trueFalse,Pravda nebo lež: k izolaci polonia a radia bylo nutné zpracovat obrovské množství rudy (smolince).,"Aby se izolovalo jen pár gramů těchto prvků, musely být zpracovány tuny smůly.","[""Pravda"", ""Nepravda""]",0,,,,,,
course_56_la_decouverte_de_la_radioactivite_marie,course_56_la_decouverte_de_la_radioactivite_marie_q7,numericSlider,Ve kterém roce obdržela Marie Curie sama Nobelovu cenu za chemii?,"V roce 1911, poté, co již v roce 1903 obdržela Nobelovu cenu za fyziku, obdržela Nobelovu cenu za chemii pouze ona sama.",,,,1911.0,1890.0,1930.0,5.0,
course_56_la_decouverte_de_la_radioactivite_marie,course_56_la_decouverte_de_la_radioactivite_marie_q8,chronological,Seřaďte tyto etapy v historii radioaktivity v chronologickém pořadí.,"Tato časová osa sahá od roku 1896 do roku 1911, mezi Becquerelovým počátečním objevem a druhou Nobelovou cenou Marie Curie.",,,"[""Henri Becquerel poznamenává, že uranové závoje zakrývají fotografické desky"", ""Marie a Pierre Curie objevují polonium a radium"", ""Nobelova cena za fyziku odměňuje Becquerela a Curieových"", ""Pierre Curie nešťastnou náhodou zemře"", ""Jen Marie Curie dostává Nobelovu cenu za chemii""]",,,,,
course_56_la_decouverte_de_la_radioactivite_marie,course_56_la_decouverte_de_la_radioactivite_marie_q9,mcq,Co dělala Marie Curie během první světové války?,"Organizuje mobilní rentgenové jednotky a vystavuje se dávkám, o kterých bychom dnes věděli, že jsou nepřijatelné.","[""Organizuje mobilní rentgenové jednotky pro ošetření zraněných"", ""Vzdává se výzkumu, aby se mohla věnovat své rodině"", ""Odjíždí z Francie do Spojených států"", ""Objeví nový radioaktivní prvek""]",0,,,,,,
course_57_l_invention_d_internet,course_57_l_invention_d_internet_q1,mcq,"Proč americká armáda financuje projekt, který se stane ARPANETem?","Uprostřed studené války je cílem propojit počítače, které pokračují v komunikaci, i když je část sítě zničena.","[""Aby počítače pokračovaly v komunikaci, i když je část sítě zničena"", ""Špehovat civilní komunikaci"", ""Vytvořit vojenskou videohru"", ""Na výměnu telefonu v kancelářích""]",0,,,,,,
course_57_l_invention_d_internet,course_57_l_invention_d_internet_q2,mcq,Jak zprávy putují po ARPANETu?,"Zprávy jsou rozděleny do malých paketů, které se ubírají různými cestami: pokud jedna cesta selže, převezme ji jiná.","[""Nakrájejte na malé balíčky, které mají různé cesty"", ""Odesláno jako jedna jednotka pomocí jediného kabelu"", ""Přenášeno pouze rádiovými vlnami"", ""Uloženo na fyzických disketách""]",0,,,,,,
course_57_l_invention_d_internet,course_57_l_invention_d_internet_q3,mcq,Co vyvíjejí Vint Cerf a Bob Kahn?,"Cerf a Kahn navrhli protokol TCP/IP, který říká, jak stříhat, adresovat a znovu skládat data.","[""Protokol TCP/IP, společný jazyk pro sítě"", ""První webový prohlížeč"", ""První osobní počítač"", ""První komunikační satelit""]",0,,,,,,
course_57_l_invention_d_internet,course_57_l_invention_d_internet_q4,numericSlider,Ve kterém roce ARPANET oficiálně přešel na TCP/IP?,"1. ledna 1983 ARPANET oficiálně přijal TCP/IP, datum často považované za technický zrod internetu.",,,,1983.0,1960.0,2000.0,3.0,
course_57_l_invention_d_internet,course_57_l_invention_d_internet_q5,mcq,Kdo vynalezl World Wide Web v CERNu?,Tim Berners-Lee vynalezl World Wide Web v CERNu na počátku 90. let.,"[""Tim Berners-Lee"", ""Vint Cerf"", ""Bob Kahn"", ""Percy Spencer""]",0,,,,,,
course_57_l_invention_d_internet,course_57_l_invention_d_internet_q6,trueFalse,Pravda nebo lež: bez webu by internet zůstal především nástrojem vyhrazeným pro odborníky.,"Web poskytuje jednoduchou vrstvu (stránky, odkazy, prohlížeče), díky které je internet přístupný všem, nejen odborníkům.","[""Pravda"", ""Nepravda""]",0,,,,,,
course_57_l_invention_d_internet,course_57_l_invention_d_internet_q7,chronological,Seřaďte tyto tři hlavní etapy v historii internetu v chronologickém pořadí.,"ARPANET se zrodil na konci 60. let, TCP/IP se prosadil v roce 1983, na začátku 90. let pak přišel web.",,,"[""Vytvoření sítě ARPANET americkou armádou"", ""Přijetí běžného protokolu TCP/IP"", ""Vynález World Wide Web Tim Berners-Lee""]",,,,,
course_57_l_invention_d_internet,course_57_l_invention_d_internet_q8,mcq,Jaké nové problémy internet podle kurzu také vytvořil?,"Internet také vytvořil nové problémy: dezinformace, sledování, digitální propast.","[""Dezinformace, sledování, digitální propast"", ""Pouze problémy s rychlostí připojení"", ""Úplné zmizení poštovních zásilek"", ""Zastavení vědeckého výzkumu""]",0,,,,,,
course_58_la_structure_de_l_adn_watson_crick_1953,course_58_la_structure_de_l_adn_watson_crick_1953_q1,numericSlider,Ve kterém roce Watson a Crick publikovali svůj model dvojité šroubovice DNA?,Model dvojité šroubovice byl zveřejněn v roce 1953.,,,,1953.0,1900.0,2000.0,5.0,
course_58_la_structure_de_l_adn_watson_crick_1953,course_58_la_structure_de_l_adn_watson_crick_1953_q2,mcq,Co znamená DNA?,"DNA je zkratka pro deoxyribonukleovou kyselinu, dlouhou molekulu, která obsahuje genetický kód.","[""Deoxyribonukleová kyselina"", ""Kyselina odvozená od jádra"", ""Dvojitá nukleotidová kyselina"", ""Přírodní diazotovaná kyselina""]",0,,,,,,
course_58_la_structure_de_l_adn_watson_crick_1953,course_58_la_structure_de_l_adn_watson_crick_1953_q3,mcq,"Co chybělo vědcům ve 40. a 50. letech, aby pochopili, jak se DNA duplikuje?","Bez znalosti 3D tvaru DNA bylo obtížné pochopit, jak se tento kód mohl duplikovat při každém buněčném dělení.","[""Znalost jeho tvaru ve 3D"", ""Znalost jeho základního chemického složení"", ""Mikroskop dostatečně výkonný, aby viděl buňky"", ""Důkaz, že rodiče předávají vlastnosti svým dětem""]",0,,,,,,
course_58_la_structure_de_l_adn_watson_crick_1953,course_58_la_structure_de_l_adn_watson_crick_1953_q4,mcq,Který slavný snímek získaný Rosalind Franklinovou odhaluje jasný důkaz spirálovité struktury?,Slavný rentgenový snímek Rosalind Franklinové 51 ukazuje jasný důkaz vrtule.,"[""Foto 51"", ""Klišé 12"", ""Alfa deska"", ""Negativní""]",0,,,,,,
course_58_la_structure_de_l_adn_watson_crick_1953,course_58_la_structure_de_l_adn_watson_crick_1953_q5,trueFalse,Pravda nebo lež: Rosalind Franklinová obdržela v roce 1962 spolu s Watsonem a Crickem Nobelovu cenu za objev struktury DNA.,"Franklin zemřel v roce 1958; Nobelovu cenu za rok 1962 dostali Watson, Crick a Wilkins, nikoli ona.","[""Pravda"", ""Nepravda""]",1,,,,,,
course_58_la_structure_de_l_adn_watson_crick_1953,course_58_la_structure_de_l_adn_watson_crick_1953_q6,mcq,Jak jsou ve struktuře DNA organizovány tyto dva řetězce?,"Dvě komplementární vlákna se svinují dohromady, jejich chemická písmena jsou proti sobě ve dvojicích.","[""Obtočí se kolem sebe a jejich písmena ve dvojicích směřují k sobě"", ""Jsou zcela nezávislí a nikdy se navzájem nedotýkají"", ""Tvoří pevnou kostku bez možnosti oddělení"", ""Spojují se do jednoho jediného vlákna""]",0,,,,,,
course_58_la_structure_de_l_adn_watson_crick_1953,course_58_la_structure_de_l_adn_watson_crick_1953_q7,mcq,Proč nám tvar dvojité šroubovice pomáhá porozumět kopii DNA?,"Když se dva řetězce oddělí, každý slouží jako šablona pro rekonstrukci druhého, takže dědičnost je chemicky pochopitelná.","[""Když se prameny oddělí, každý může sloužit jako model k přestavbě druhého"", ""Protože zabraňuje jakékoli genetické mutaci"", ""Protože to dělá DNA nezničitelnou"", ""Protože přímo spojuje DNA s mozkem""]",0,,,,,,
course_58_la_structure_de_l_adn_watson_crick_1953,course_58_la_structure_de_l_adn_watson_crick_1953_q8,mcq,Na jakém jiném tématu Rosalind Franklinová také odvedla hlavní práci?,"Franklin také udělal velkou práci na virech, což je role dlouho nedoceněná v populárních účtech.","[""Viry"", ""Bakterie odolné vůči antibiotikům"", ""Sopky"", ""hvězdy""]",0,,,,,,
course_59_la_decouverte_de_l_anesthesie,course_59_la_decouverte_de_l_anesthesie_q1,numericSlider,Ve kterém roce byla v Bostonu první veřejná demonstrace éterové anestezie?,16. října 1846 se v Bostonu konala první přesvědčivá veřejná demonstrace anestezie.,,,,1846.0,1800.0,1900.0,5.0,
course_59_la_decouverte_de_l_anesthesie,course_59_la_decouverte_de_l_anesthesie_q2,mcq,Podle čeho se chirurgové před anestezií primárně posuzovali?,"Bez anestezie byli chirurgové posuzováni podle rychlosti, aby se omezilo utrpení pacienta.","[""Jejich rychlost provedení"", ""Jejich šetrnost k pacientovi"", ""Počet úspěšných operací bez anestetika"", ""Jejich schopnost přimět pacienta mluvit""]",0,,,,,,
course_59_la_decouverte_de_l_anesthesie,course_59_la_decouverte_de_l_anesthesie_q3,mcq,Jaký produkt nechal William Morton inhalovat pacienta během demonstrace v roce 1846?,Zubař William Morton přiměje pacienta před operací inhalovat éter.,"[""Éter"", ""Chloroform"", ""Opium"", ""Čistý alkohol""]",0,,,,,,
course_59_la_decouverte_de_l_anesthesie,course_59_la_decouverte_de_l_anesthesie_q4,mcq,Kdo je chirurg operující nádor na krku během této demonstrace?,"Chirurg John Warren operuje nádor na krku, zatímco pacient je na éteru.","[""John Warren"", ""Henri Becquerel"", ""Louis Pasteur"", ""Wilhelm Röntgen""]",0,,,,,,
course_59_la_decouverte_de_l_anesthesie,course_59_la_decouverte_de_l_anesthesie_q5,trueFalse,Pravda nebo lež: Během demonstrace v roce 1846 pacient po celou dobu operace křičel bolestí.,"Pacient nekřičí díky éteru, který udivuje celou místnost.","[""Pravda"", ""Nepravda""]",1,,,,,,
course_59_la_decouverte_de_l_anesthesie,course_59_la_decouverte_de_l_anesthesie_q6,mcq,"Jaký další anestetický produkt se pak stal populárním, zejména ve Velké Británii?","Chloroform se pak stal populárním, zejména ve Velké Británii, vedle éteru.","[""Chloroform"", ""Morfium"", ""Dusičnan stříbrný"", ""Jód""]",0,,,,,,
course_59_la_decouverte_de_l_anesthesie,course_59_la_decouverte_de_l_anesthesie_q7,mcq,"Jaký problém zbývá vyřešit po objevení éteru, který dal vzniknout nové lékařské specializaci?","Musíme se naučit dávkovat, sledovat dýchání a srdce: to je zrod anesteziologie.","[""Dávkujte anestezii bez usmrcení pacienta pomocí sledování dýchání a srdce"", ""Najděte zcela bezbolestný přípravek pro anesteziologa"", ""Přesvědčte pacienty, aby operaci přijali"", ""Výroba ostřejších chirurgických nástrojů""]",0,,,,,,
course_59_la_decouverte_de_l_anesthesie,course_59_la_decouverte_de_l_anesthesie_q8,trueFalse,"Pravda nebo lež: dnes může anestezie uspat pouze celé tělo, nikdy ne jen jednu oblast.",Dnes můžeme uspat celé tělo nebo jen určitou oblast pomocí lokální nebo regionální anestezie.,"[""Pravda"", ""Nepravda""]",1,,,,,,
course_5_la_magna_carta_1215,course_5_la_magna_carta_1215_q1,mcq,Proč angličtí baroni v roce 1215 uvalili Magnu chartu na krále Johna Lacklanda?,"Tváří v tvář daním, rukojmím a svévolným pokutám uloženým Johnem Lacklandem za znovudobytí jeho zemí se baroni vzbouří a uvalí text omezující jeho moc.","[""Omezit královskou svévoli: daně, rukojmí a hrubé pokuty"", ""Financovat novou křížovou výpravu ve Svaté zemi"", ""Zrušit anglickou monarchii"", ""Zvolit nového krále na místo Jana""]",0,,,,,,
course_5_la_magna_carta_1215,course_5_la_magna_carta_1215_q2,trueFalse,Pravda nebo lež: před rokem 1215 ztratil John Lackland Normandii ve prospěch francouzského krále Filipa II. Augusta.,"V roce 1204 ztratil John Lackland Normandii ve prospěch Filipa II. Augusta, což ho trvale oslabilo.","[""Pravda"", ""Nepravda""]",0,,,,,,
course_5_la_magna_carta_1215,course_5_la_magna_carta_1215_q3,mcq,Co říká článek 39 Magna Charta?,"Klauzule 39 stanoví zásadu, že žádný svobodný člověk nemůže být zatčen nebo uvězněn bez řádného soudu s jeho vrstevníky.","[""Žádný svobodný člověk nemůže být zatčen bez rozsudku svých vrstevníků"", ""Krále musí volit baroni"", ""Všechny královské daně jsou odstraněny"", ""Nevolníci se automaticky stávají svobodnými muži""]",0,,,,,,
course_5_la_magna_carta_1215,course_5_la_magna_carta_1215_q4,trueFalse,"Pravda nebo lež: Magna Charta z roku 1215 udělovala stejná práva všem obyvatelům království, včetně nevolníků.","Text z roku 1215 je určen především „svobodným mužům“; nevolníci, rolníci připoutaní k půdě, nemají přímý prospěch.","[""Pravda"", ""Nepravda""]",1,,,,,,
course_5_la_magna_carta_1215,course_5_la_magna_carta_1215_q5,mcq,"Co se stalo v srpnu 1215, krátce po podepsání Magny Charty?","Jan dosáhl zrušení textu papežem v srpnu 1215, což znovu vyvolalo konflikt s barony.","[""John Lackland nechal text anulovat papežem a občanská válka pokračuje"", ""Král je sesazen barony"", ""Charta je okamžitě aplikována v celém království"", ""John Lackland odchází do exilu ve Francii""]",0,,,,,,
course_5_la_magna_carta_1215,course_5_la_magna_carta_1215_q6,mcq,Jaká vojenská porážka v roce 1214 definitivně izolovala Johna Lacklanda před Magna Chartou?,"V roce 1214 porážka Bouvines, kde Philippe Auguste porazil koalici včetně Anglie, izolovala Johna Lacklanda.","[""Porážka Bouvines"", ""Ztráta Gaskoňska"", ""Vyhození Londýna barony"", ""Vzpoura severních baronů""]",0,,,,,,
course_5_la_magna_carta_1215,course_5_la_magna_carta_1215_q7,chronological,Seřaďte tyto události z doby vlády Johna Lacklanda v chronologickém pořadí.,"Tyto etapy jdou od roku 1204 do roku 1216: ztráta Normandie předchází porážce Bouvines, poté podepsání charty a její znovuvydání Jindřichem III.",,,"[""Prohra Normandie proti Philippe Auguste"", ""Porážka Bouvines"", ""Podepsání Magna Charty v Runnymede"", ""Znovuvydání listiny Jindřichem III""]",,,,,
course_5_la_magna_carta_1215,course_5_la_magna_carta_1215_q8,numericSlider,Ve kterém roce byla Magna Carta zapečetěna v Runnymede?,Král John Lackland umístil svou pečeť na Magna Carta v červnu 1215 v Runnymede Meadow.,,,,1215.0,1150.0,1300.0,5.0,
course_5_la_magna_carta_1215,course_5_la_magna_carta_1215_q9,numericSlider,Kolik klauzulí je v textu Magny Charty z roku 1215?,Dokument vypracovaný pod vlivem arcibiskupa Stephena Langtona má 63 klauzulí.,,,,63.0,0.0,120.0,8.0,
course_60_la_theorie_de_l_evolution_de_darwin_1859,course_60_la_theorie_de_l_evolution_de_darwin_1859_q1,numericSlider,Ve kterém roce vydal Charles Darwin knihu „O původu druhů“?,Darwin publikoval své hlavní dílo v roce 1859.,,,,1859.0,1800.0,1900.0,5.0,
course_60_la_theorie_de_l_evolution_de_darwin_1859,course_60_la_theorie_de_l_evolution_de_darwin_1859_q2,mcq,"Na které lodi Darwin léta cestoval, aby pozoroval rostliny, fosilie a ptáky?",Darwin nastoupil na loď Beagle a strávil roky pozorováním přírody po celém světě.,"[""Bígl"", ""Bígl II"", ""The Endeavour"", ""Objev""]",0,,,,,,
course_60_la_theorie_de_l_evolution_de_darwin_1859,course_60_la_theorie_de_l_evolution_de_darwin_1859_q3,mcq,Co pozoroval Darwin u ptáků na Galapágách?,"Na Galapágách si Darwin všiml, že blízcí ptáci mají různé zobáky v závislosti na jejich stravě, což je silné vodítko.","[""Různé zobáky v závislosti na jejich jídle"", ""Všude stejné barvy peří"", ""Úplná neschopnost létat"", ""Vždy stejné velikosti bez ohledu na ptáka""]",0,,,,,,
course_60_la_theorie_de_l_evolution_de_darwin_1859,course_60_la_theorie_de_l_evolution_de_darwin_1859_q4,mcq,"Jak Darwin nazval mechanismus, kterým se vlastnosti užitečné pro přežití šíří populací?","Darwin nazývá tento mechanismus přirozeným výběrem: prostředí místo toho uchovává to, co pomáhá přežít a rozmnožovat se.","[""Přírodní výběr"", ""Řízená mutace"", ""Získaná dědičnost"", ""Dobrovolná adaptace""]",0,,,,,,
course_60_la_theorie_de_l_evolution_de_darwin_1859,course_60_la_theorie_de_l_evolution_de_darwin_1859_q5,trueFalse,"Pravda nebo lež: podle Darwina se jednotlivci „chtějí“ vyvíjet, aby se přizpůsobili svému prostředí.","Není to vůle: je to filtr, prostředí si spíše zachovává vlastnosti, které fungují, bez záměru jednotlivců.","[""Pravda"", ""Nepravda""]",1,,,,,,
course_60_la_theorie_de_l_evolution_de_darwin_1859,course_60_la_theorie_de_l_evolution_de_darwin_1859_q6,mcq,"Který jiný přírodovědec přichází s myšlenkami blízkými Darwinovým, což ho nutí vydat svou knihu?","S podobnými nápady přišel Alfred Russel Wallace, což přimělo Darwina, aby konečně vydal svou knihu.","[""Alfred Russell Wallace"", ""Gregor Mendel"", ""Louis Pasteur"", ""Antoine Lavoisier""]",0,,,,,,
course_60_la_theorie_de_l_evolution_de_darwin_1859,course_60_la_theorie_de_l_evolution_de_darwin_1859_q7,mcq,Proč Darwinovy ​​myšlenky šokovaly společnost 19. století?,"Tvrzení, že se druhy mění a že lidé sdílejí historii s jinými zvířaty, otřásají tehdejším náboženstvím a společností.","[""Zpochybňují myšlenku, že druhy byly vytvořeny takové, jaké jsou, a přibližují lidi k jiným zvířatům"", ""Dokazují, že Země je mladší, než jsme si mysleli"", ""Ohlašují konec tradičního zemědělství"", ""Zpochybňují existenci fosilií""]",0,,,,,,
course_60_la_theorie_de_l_evolution_de_darwin_1859,course_60_la_theorie_de_l_evolution_de_darwin_1859_q8,mcq,Jaký současný příklad podle kurzu ilustruje „živou“ evoluci?,"Boj proti bakteriím odolným vůči antibiotikům je příkladem evoluce, kterou lze přímo pozorovat.","[""Bakterie odolné vůči antibiotikům"", ""Úplné zmizení dinosaurů"", ""Vznik kontinentů"", ""Cyklus ročních období""]",0,,,,,,
course_61_le_big_bang,course_61_le_big_bang_q1,mcq,Co je podle kurzu Velký třesk?,"Velký třesk není exploze v již existující prázdnotě: je to samotný prostor, který začíná růst a bere s sebou hmotu.","[""Samotná expanze vesmíru, nikoli exploze do prázdnoty, která již existuje"", ""Klasická exploze, která vrhla hmotu do již existujícího prostoru"", ""Srážka dvou obřích hvězd"", ""Jev, který se dodnes vyskytuje ve středu každé galaxie""]",0,,,,,,
course_61_le_big_bang,course_61_le_big_bang_q2,numericSlider,Před kolika miliardami let se odehrál Velký třesk?,"Vědci datují velký třesk do doby před 13,8 miliardami let.",,,,13.8,5.0,20.0,1.0,miliardy let
course_61_le_big_bang,course_61_le_big_bang_q3,mcq,Kdo v roce 1949 vymyslel termín „Big Bang“ a chtěl si z něj vlastně udělat legraci?,"Britský astrofyzik Fred Hoyle vymyslel tento termín v roce 1949, aby zesměšnil myšlenku, ale přezdívka zůstala zachována.","[""Fred Hoyle"", ""Edwin Hubble"", ""Albert Einstein"", ""Arno Penzias""]",0,,,,,,
course_61_le_big_bang,course_61_le_big_bang_q4,numericSlider,"Ve kterém roce Edwin Hubble pozoroval, že galaxie se vzdalují tím rychleji?","V roce 1929 Hubble ukázal, že vesmír není statický: roste.",,,,1929.0,1900.0,1950.0,5.0,
course_61_le_big_bang,course_61_le_big_bang_q5,mcq,"Co zachytili Arno Penzias a Robert Wilson v roce 1965, hlavní důkaz velkého třesku?","Penzias a Wilson zachycují kosmické mikrovlnné pozadí, tepelnou ozvěnu mladého vesmíru přicházející ze všech směrů.","[""Vesmírné mikrovlnné pozadí, praskání rádia přicházející odevšad"", ""První gravitační vlny"", ""Přímé světlo prvních hvězd"", ""Rádiový signál vyslaný jinou civilizací""]",0,,,,,,
course_61_le_big_bang,course_61_le_big_bang_q6,percentageSlider,Jaký podíl vodíku se přibližně vytvořil v prvních minutách vesmíru?,"Výpočty a pozorování ukazují, že přibližně 75 % vodíku a 25 % helia vzniklo během prvotní nukleosyntézy.",,,,75.0,0.0,100.0,5.0,%
course_61_le_big_bang,course_61_le_big_bang_q7,chronological,Seřaďte tyto hlavní etapy v historii vesmíru v chronologickém pořadí.,"Tato časová osa jde od počáteční inflace do vzniku Slunce před 4,6 miliardami let, přes první jádra kolem 3 minut a difuzní pozadí před přibližně 380 000 lety.",,,"[""Fáze inflace, těsně po začátku vesmíru"", ""Vznik prvních atomových jader"", ""Uvolnění světla na počátku kosmického mikrovlnného pozadí"", ""Vzhled prvních hvězd"", ""Vznik Slunce""]",,,,,
course_61_le_big_bang,course_61_le_big_bang_q8,trueFalse,"Pravda nebo lež: V rozpínajícím se vesmíru existuje přesný centrální bod, od kterého se vše vzdaluje.","Jako když se nafukuje balón, žádný bod ve vesmíru není středem: všechny body se od sebe vzdalují.","[""Pravda"", ""Nepravda""]",1,,,,,,
course_61_le_big_bang,course_61_le_big_bang_q9,percentageSlider,Jak velkou část obsahu vesmíru tvoří podle kurzu temná energie?,Temná energie představuje asi 68 % obsahu vesmíru ve srovnání s asi 5 % u běžné hmoty.,,,,68.0,0.0,100.0,5.0,%
course_61_le_big_bang,course_61_le_big_bang_q10,mcq,Co jsme pozorovali v roce 1998 díky vzdáleným supernovám?,"V roce 1998 pozorování vzdálených supernov ukázalo, že expanze vesmíru se zrychluje, což je připisováno tajemné temné energii.","[""Kéž se rozpínání vesmíru zrychluje"", ""Že se vesmír přestal rozpínat"", ""Že se vesmír brzy smrskne"", ""Že existuje další galaxie identická s naší""]",0,,,,,,
course_62_pourquoi_les_volcans_entrent_ils_en_erup,course_62_pourquoi_les_volcans_entrent_ils_en_erup_q1,mcq,"Co se stane s magmatem, jakmile se dostane na vzduch?","Jakmile je magma pod širým nebem, stává se lávou, která stoupá na povrch sopky.","[""Láva"", ""Ztužený čedič"", ""Pemza"", ""Žula""]",0,,,,,,
course_62_pourquoi_les_volcans_entrent_ils_en_erup,course_62_pourquoi_les_volcans_entrent_ils_en_erup_q2,mcq,Co způsobuje vznik magmatu v subdukční zóně?,"V subdukční zóně nese klesající deska vodu, která snižuje bod tání hornin a tvoří magma.","[""Voda poháněná ponornou deskou, která snižuje bod tání hornin"", ""Náhlé ochlazení desky, která se ponoří"", ""Úplné zmizení oceánské kůry"", ""Náhlý pokles atmosférického tlaku""]",0,,,,,,
course_62_pourquoi_les_volcans_entrent_ils_en_erup,course_62_pourquoi_les_volcans_entrent_ils_en_erup_q3,trueFalse,"Pravda nebo nepravda: Tekuté magma, stejně jako to na Havaji, obecně produkuje výbušné erupce.","Tekuté magma nechává plyny snadno unikat: erupce je vydatná, láva teče jako na Havaji nebo v Piton de la Fournaise.","[""Pravda"", ""Nepravda""]",1,,,,,,
course_62_pourquoi_les_volcans_entrent_ils_en_erup,course_62_pourquoi_les_volcans_entrent_ils_en_erup_q4,mcq,"Co určuje, zda je erupce více výlevná nebo výbušnější?","Tekuté magma nechává plyny unikat a proudit (efuzivní erupce), zatímco lepkavé magma zachycuje plyny, dokud neexploduje (výbušná erupce).","[""Viskozita magmatu"", ""Teplota okolního vzduchu"", ""Nadmořská výška sopky"", ""Barva lávy""]",0,,,,,,
course_62_pourquoi_les_volcans_entrent_ils_en_erup,course_62_pourquoi_les_volcans_entrent_ils_en_erup_q5,percentageSlider,"Jak velká část světové sopečné činnosti se odehrává pod oceány, daleko od našich očí?","Asi 80 % světové sopečné aktivity se odehrává pod oceány, zejména v blízkosti hřebenů.",,,,80.0,0.0,100.0,5.0,%
course_62_pourquoi_les_volcans_entrent_ils_en_erup,course_62_pourquoi_les_volcans_entrent_ils_en_erup_q6,mcq,Která sopečná erupce v Indonésii z roku 1815 ochladila globální klima a způsobila „rok bez léta“ v roce 1816?,"Erupce Tambory v roce 1815 byla tak silná, že ochladila globální klima a způsobila katastrofální úrodu v roce 1816.","[""Erupce Tambory"", ""Erupce Vesuvu"", ""Erupce Krakatoa"", ""Erupce Pinatuba""]",0,,,,,,
course_62_pourquoi_les_volcans_entrent_ils_en_erup,course_62_pourquoi_les_volcans_entrent_ils_en_erup_q7,mcq,Kteří „černí kuřáci“ se nacházejí poblíž podvodních hřebenů?,"Černí kuřáci jsou podvodní komíny, které chrlí horké tekutiny bohaté na minerály, kolem kterých žijí ekosystémy bez světla.","[""Komíny, které vypouštějí hořící tekutiny bohaté na minerály"", ""Ledové gejzíry specifické pro polární oblasti"", ""Mraky sopečného popela na povrchu"", ""Roboti používali k průzkumu sopek""]",0,,,,,,
course_62_pourquoi_les_volcans_entrent_ils_en_erup,course_62_pourquoi_les_volcans_entrent_ils_en_erup_q8,mcq,Které starověké město bylo pohřbeno při erupci Vesuvu v roce 79 našeho letopočtu? INZERÁT?,V roce 79 n. l. erupce Vesuvu poblíž Neapole pohřbila město Pompeje v popelu.,"[""Pompeje"", ""Ostia"", ""Cumae"", ""Ravenna""]",0,,,,,,
course_63_comment_se_forment_les_tremblements_de_t,course_63_comment_se_forment_les_tremblements_de_t_q1,mcq,"Co je chyba, která způsobuje zemětřesení?","K zemětřesení dochází podél zlomu, zlomu mezi dvěma bloky horniny, které se náhle sesunou.","[""Zlom mezi dvěma bloky skály"", ""Typ podvodní sopky"", ""Vrstva zemské atmosféry"", ""Seismický měřicí přístroj""]",0,,,,,,
course_63_comment_se_forment_les_tremblements_de_t,course_63_comment_se_forment_les_tremblements_de_t_q2,mcq,"Proč tektonické desky nekloužou nepřetržitě, navzdory jejich neustálému pohybu?",Na hranicích desek brání tření hornin klouzání: energie se pak tiše hromadí až do prasknutí.,"[""Tření hornin blokuje jejich klouzání na hranicích"", ""Jsou drženy pohromadě magnetickým polem Země"", ""Gravitace jim brání v pohybu"", ""Zemský plášť je zcela pevný a nehybný""]",0,,,,,,
course_63_comment_se_forment_les_tremblements_de_t,course_63_comment_se_forment_les_tremblements_de_t_q3,mcq,Jaký je rozdíl mezi ohniskem a epicentrem zemětřesení?,"Ohnisko se vztahuje k bodu zlomu v hloubce, zatímco epicentrum je bod na povrchu těsně nad, kde jsou účinky často nejsilnější.","[""Ohnisko je bod zlomu v hloubce, epicentrum je bod na povrchu těsně nad"", ""Ohnisko je na povrchu, epicentrum je hluboké"", ""To jsou dva různé názvy pro úplně stejný bod."", ""Ohnisko měří velikost, epicentrum měří trvání""]",0,,,,,,
course_63_comment_se_forment_les_tremblements_de_t,course_63_comment_se_forment_les_tremblements_de_t_q4,trueFalse,Pravda nebo nepravda: Každý další stupeň na stupnici magnitudy násobí uvolněnou energii přibližně 32.,"Stupnice magnitudy je logaritmická: každý stupeň násobí energii asi 32, takže zemětřesení o síle 8 uvolní asi 1000krát více energie než zemětřesení o síle 6.","[""Pravda"", ""Nepravda""]",0,,,,,,
course_63_comment_se_forment_les_tremblements_de_t,course_63_comment_se_forment_les_tremblements_de_t_q5,numericSlider,Jaká je přibližná délka zlomu San Andreas v Kalifornii v kilometrech?,Zlom San Andreas se táhne přibližně 800 mil podél Kalifornie.,,,,1300.0,500.0,2000.0,100.0,km
course_63_comment_se_forment_les_tremblements_de_t,course_63_comment_se_forment_les_tremblements_de_t_q6,mcq,"Jaká katastrofa následovala po zemětřesení o síle 9,1 u Sumatry v roce 2004?","Zemětřesení poblíž Sumatry v roce 2004 zvedlo mořské dno a vyvolalo vlnu tsunami, která zasáhla 14 zemí a zabila odhadem 227 000 lidí.","[""Tsunami, která zasáhla 14 zemí a zabila kolem 227 000 lidí"", ""Velká sopečná erupce v Indonésii"", ""Výpadek elektřiny na celém asijském kontinentu"", ""Extrémní mrazy v jihovýchodní Asii""]",0,,,,,,
course_63_comment_se_forment_les_tremblements_de_t,course_63_comment_se_forment_les_tremblements_de_t_q7,chronological,Seřaďte do pořadí příchodu různé typy seismických vln po protržení zlomu.,"Po roztržení nejprve dorazí P vlny, následují S vlny a poté povrchové vlny, které způsobují nejviditelnější oscilace v zemi.",,,"[""P vlny, které stlačují skálu jako harmonika"", ""S vlny, pomalejší a často ničivější"", ""Povrchové vlny, které způsobují, že země velmi viditelně kmitá""]",,,,,
course_63_comment_se_forment_les_tremblements_de_t,course_63_comment_se_forment_les_tremblements_de_t_q8,mcq,K čemu se používá zemětřesné inženýrství?,"Seismické inženýrství navrhuje budovy s mobilními základy nebo tlumiči nárazů, které jsou schopné odolat otřesům.","[""Navrhovat budovy schopné absorbovat energii otřesů"", ""Předpovědět přesný den budoucího zemětřesení"", ""Aby se zabránilo pohybu tektonických desek"", ""Změřit velikost zemětřesení po faktu""]",0,,,,,,
course_63_comment_se_forment_les_tremblements_de_t,course_63_comment_se_forment_les_tremblements_de_t_q9,trueFalse,"Pravda nebo lež: nyní víme, jak přesně předpovědět přesný den velkého zemětřesení.","Zatím nevíme, jak přesně předpovědět den velkého zemětřesení; můžeme zmapovat pouze rizikové oblasti.","[""Pravda"", ""Nepravda""]",1,,,,,,
course_64_la_catastrophe_de_tchernobyl_1986,course_64_la_catastrophe_de_tchernobyl_1986_q1,mcq,Jakou zkouškou byla noční směna reaktoru č. 4 provedení před výbuchem?,"Inženýři zkoušeli, zda stále točící se turbíny dokážou v případě výpadku proudu napájet chladicí čerpadla, než se spustí dieselové generátory.","[""Bezpečnostní test napájení chladicích čerpadel v případě výpadku proudu"", ""Zkouška seismické odolnosti budovy"", ""Test kvality vody v nedaleké řece"", ""Cvičení evakuace obyvatelstva""]",0,,,,,,
course_64_la_catastrophe_de_tchernobyl_1986,course_64_la_catastrophe_de_tchernobyl_1986_q2,mcq,"Jaký typ reaktoru, známý svou nestabilitou při nízkém výkonu, byl použit v Černobylu?","Vodou chlazený, grafitem moderovaný reaktor RBMK se stal při nízkém výkonu velmi nestabilním, což přispělo k havárii.","[""Sovětský reaktor RBMK"", ""Americký tlakovodní reaktor"", ""Francouzský rychlý neutronový reaktor"", ""Čínský reaktor na roztavenou sůl""]",0,,,,,,
course_64_la_catastrophe_de_tchernobyl_1986,course_64_la_catastrophe_de_tchernobyl_1986_q3,trueFalse,Pravda nebo lež: v Černobylu aktivace řídicích tyčí okamžitě zastavila řetězovou reakci.,"Vzhledem k jejich konstrukci, řídicí tyče nejprve způsobily krátký nárůst, než mohly zastavit reakci, což urychlilo explozi.","[""Pravda"", ""Nepravda""]",1,,,,,,
course_64_la_catastrophe_de_tchernobyl_1986,course_64_la_catastrophe_de_tchernobyl_1986_q4,numericSlider,Kolik obyvatel měla Pripjať přibližně v době své evakuace?,"Pripjať měla kolem 50 000 obyvatel, evakuovaných během několika hodin 27. dubna 1986.",,,,50000.0,20000.0,80000.0,7000.0,obyvatelé
course_64_la_catastrophe_de_tchernobyl_1986,course_64_la_catastrophe_de_tchernobyl_1986_q5,mcq,"Jaké úrovně dosahuje černobylská katastrofa na stupnici INES, která řadí jaderné nehody od 1 do 7?","Černobyl dosáhl úrovně 7, maxima na stupnici INES, jako Fukušima v roce 2011.","[""Úroveň 7, maximum stupnice"", ""Úroveň 5, střední úroveň"", ""Úroveň 3, menší incident"", ""Pro tuto nehodu neexistuje žádné měřítko""]",0,,,,,,
course_64_la_catastrophe_de_tchernobyl_1986,course_64_la_catastrophe_de_tchernobyl_1986_q6,mcq,Jak říkáme statisícům lidí mobilizovaných SSSR k potlačení katastrofy?,"Téměř 600 000 lidí, nazývaných likvidátoři, bylo mobilizováno, aby zadrželi katastrofu: piloti, dělníci, vojáci.","[""Likvidátoři"", ""Ochranáři"", ""Ohňostroj"", ""Strážci""]",0,,,,,,
course_64_la_catastrophe_de_tchernobyl_1986,course_64_la_catastrophe_de_tchernobyl_1986_q7,chronological,Seřaďte tyto fáze černobylské katastrofy chronologicky.,"K výbuchu došlo 26. dubna 1986, Pripjať byla evakuována následující den, první sarkofág byl postaven v roce 1986, poté byl v roce 2016 nahrazen novým obloukem.",,,"[""Bezpečnostní test na reaktoru č. 4 se pokazí a způsobí výbuch"", ""Město Pripjať je naléhavě evakuováno"", ""První betonový sarkofág izoluje poškozený reaktor"", ""Celý areál pokrývá obrovský ocelový oblouk""]",,,,,
course_64_la_catastrophe_de_tchernobyl_1986,course_64_la_catastrophe_de_tchernobyl_1986_q8,trueFalse,Pravda nebo lež: vyloučená zóna kolem Černobylu je nyní domovem hojné divoké zvěře.,"Bez zemědělství a měst po celá desetiletí se tam ve vyloučené zóně rozvíjí hojná zvěř: vlci, losi, koně Převalského.","[""Pravda"", ""Nepravda""]",0,,,,,,
course_64_la_catastrophe_de_tchernobyl_1986,course_64_la_catastrophe_de_tchernobyl_1986_q9,mcq,Proč místo v roce 2016 zakryl nový ocelový oblouk?,"Betonový sarkofág postavený v roce 1986 zeslábl a v roce 2016 byl zakryt novým obloukem navrženým tak, aby vydržel asi 100 let.","[""První betonový sarkofág postavený v roce 1986 zeslábl"", ""První sarkofág nebyl nikdy dokončen"", ""Právě byl objeven nový radioaktivní únik"", ""Ukrajinská vláda chtěla závod znovu otevřít""]",0,,,,,,
course_65_pourquoi_la_lune_ne_tombe_t_elle_pas_sur,course_65_pourquoi_la_lune_ne_tombe_t_elle_pas_sur_q1,mcq,"Proč Měsíc nenarazí do Země, i když jej gravitace neustále táhne?","Měsíc skutečně klesá k Zemi, ale jeho boční rychlost způsobuje, že Zemi neustále míjí: tomu říkáme oběžná dráha.","[""Má boční rychlost, díky které Zemi každou chvíli míjí: je to permanentní volný pád"", ""Je držen neviditelným magnetickým polem"", ""Zemská gravitace nepůsobí mimo atmosféru"", ""Měsíc nezažívá žádnou gravitační sílu""]",0,,,,,,
course_65_pourquoi_la_lune_ne_tombe_t_elle_pas_sur,course_65_pourquoi_la_lune_ne_tombe_t_elle_pas_sur_q2,mcq,Co si Isaac Newton představoval pro vysvětlení principu oběžné dráhy?,"Newton si představuje dělo vystřelující kouli vodorovně: při dostatečné rychlosti koule padá, aniž by se kdy dotkla země, protože Země se pod ní zakřivuje stejnou rychlostí.","[""Dělo vystřelující dělovou kouli z dostatečně vysoké hory, aby uniklo atmosféře"", ""Kyvadlo se nekonečně houpe v prázdnotě"", ""Experiment se dvěma protilehlými magnety"", ""Balón naplněný heliem vypuštěný ve výšce""]",0,,,,,,
course_65_pourquoi_la_lune_ne_tombe_t_elle_pas_sur,course_65_pourquoi_la_lune_ne_tombe_t_elle_pas_sur_q3,numericSlider,"Jak daleko obíhá Měsíc v průměru kolem Země, v kilometrech?",Měsíc obíhá přibližně 384 000 km od Země.,,,,384000.0,320000.0,440000.0,15000.0,km
course_65_pourquoi_la_lune_ne_tombe_t_elle_pas_sur,course_65_pourquoi_la_lune_ne_tombe_t_elle_pas_sur_q4,trueFalse,"Pravda nebo nepravda: pokud by gravitace náhle zmizela, Měsíc by putoval po přímce do vesmíru.","Podle principu setrvačnosti si těleso zachovává svou rychlost, pokud není zpomaleno: bez gravitace, která by ho zadržovala, by Měsíc šel rovně.","[""Pravda"", ""Nepravda""]",0,,,,,,
course_65_pourquoi_la_lune_ne_tombe_t_elle_pas_sur,course_65_pourquoi_la_lune_ne_tombe_t_elle_pas_sur_q5,mcq,Co vytváří slapové síly mezi Zemí a Měsícem?,"Gravitace Měsíce silněji přitahuje stranu Země, která je k němu přivrácená, což deformuje oceány a vytváří vybouleninu vody: příliv a odliv.","[""Měsíc přitahuje stranu Země přivrácenou k němu silněji než protilehlou stranu"", ""Rotace Země na sobě"", ""Teplo zemského jádra"", ""Sluneční vítr, který dopadá na atmosféru""]",0,,,,,,
course_65_pourquoi_la_lune_ne_tombe_t_elle_pas_sur,course_65_pourquoi_la_lune_ne_tombe_t_elle_pas_sur_q6,numericSlider,O kolik centimetrů se Měsíc každý rok vzdálí od Země?,"Kvůli slapovým silám se Měsíc vzdaluje asi o 1,5 palce za rok.",,,,3.8,0.0,8.0,1.0,cm
course_65_pourquoi_la_lune_ne_tombe_t_elle_pas_sur,course_65_pourquoi_la_lune_ne_tombe_t_elle_pas_sur_q7,mcq,Proč je dnes možné úplné zatmění Slunce?,"Geometrickou shodou okolností je Slunce 400krát větší a 400krát dále než Měsíc, což jim dává stejnou zdánlivou velikost na obloze.","[""Slunce je asi 400krát větší než Měsíc, ale také 400krát dále: obě mají stejnou zdánlivou velikost"", ""Měsíc je ve skutečnosti větší než Slunce"", ""Slunce se stále více přibližuje k Zemi"", ""Měsíc je vzhledem ke Slunci nehybný""]",0,,,,,,
course_65_pourquoi_la_lune_ne_tombe_t_elle_pas_sur,course_65_pourquoi_la_lune_ne_tombe_t_elle_pas_sur_q8,trueFalse,"Pravda nebo lež: ve vzdálené budoucnosti se Měsíc vzdálí do bodu, kdy už nebude schopen způsobit úplné zatmění Slunce.","Asi za 600 milionů let bude Měsíc příliš daleko na to, aby úplně skryl Slunce: zůstanou jen prstencová zatmění.","[""Pravda"", ""Nepravda""]",0,,,,,,
course_66_y_a_t_il_de_la_vie_ailleurs_dans_l_unive,course_66_y_a_t_il_de_la_vie_ailleurs_dans_l_unive_q1,mcq,Co je Fermiho paradox?,Fermiho paradox odkazuje na rozpor mezi nesmírným počtem možných planet a dosavadní nepřítomností jakéhokoli potvrzeného mimozemského kontaktu.,"[""Rozpor mezi nesmírným počtem možných planet a absencí jakéhokoli potvrzeného mimozemského kontaktu"", ""Teorie, která dokazuje, že nikde jinde ve vesmíru není život"", ""Matematický paradox nesouvisející s astronomií"", ""Důkaz, že nás mimozemšťané již kontaktovali""]",0,,,,,,
course_66_y_a_t_il_de_la_vie_ailleurs_dans_l_unive,course_66_y_a_t_il_de_la_vie_ailleurs_dans_l_unive_q2,mcq,"Na jakých dvou složkách je založen známý pozemský život, základ hledání života jinde?","Život na Zemi závisí především na chemii uhlíku a kapalné vody, což umožňuje chemické reakce.","[""Chemie uhlíku a kapalná voda"", ""Křemík a plynný dusík"", ""Helium a metan"", ""Železo a čpavek""]",0,,,,,,
course_66_y_a_t_il_de_la_vie_ailleurs_dans_l_unive,course_66_y_a_t_il_de_la_vie_ailleurs_dans_l_unive_q3,trueFalse,Pravda nebo lež: od 90. let 20. století bylo objeveno více než 5 000 exoplanet.,Od 90. let 20. století bylo kolem jiných hvězd objeveno více než 5500 exoplanet.,"[""Pravda"", ""Nepravda""]",0,,,,,,
course_66_y_a_t_il_de_la_vie_ailleurs_dans_l_unive,course_66_y_a_t_il_de_la_vie_ailleurs_dans_l_unive_q4,mcq,Co je Drakeova rovnice navržená v roce 1961?,V roce 1961 navrhl astronom Frank Drake vzorec násobící několik faktorů k odhadu počtu civilizací schopných komunikovat v naší galaxii.,"[""Vzorec, který násobí několik faktorů k odhadu počtu komunikujících civilizací v Mléčné dráze"", ""Vzorec, který vypočítá přesnou vzdálenost mezi dvěma galaxiemi"", ""Výpočet, který dokazuje existenci života na Marsu"", ""Rovnice používaná k měření rychlosti světla""]",0,,,,,,
course_66_y_a_t_il_de_la_vie_ailleurs_dans_l_unive,course_66_y_a_t_il_de_la_vie_ailleurs_dans_l_unive_q5,mcq,Jak by měsíc Europa kolem Jupiteru dokázal udržet pod svou ledovou kůrou tekutý oceán?,"Obrovský tah Jupitera deformuje Europu a ohřívá její vnitřek třením, což by umožnilo oceánu zůstat pod ledem tekutý.","[""Jupiterovy slapové síly ohřívají jeho vnitřek třením"", ""Před chladem ho chrání velmi hustá atmosféra"", ""Je zahříván vlastním aktivním vulkanismem na povrchu"", ""Dostává intenzivní sluneční světlo navzdory vzdálenosti""]",0,,,,,,
course_66_y_a_t_il_de_la_vie_ailleurs_dans_l_unive,course_66_y_a_t_il_de_la_vie_ailleurs_dans_l_unive_q6,mcq,Co odhalila sonda Cassini o Saturnově měsíci Enceladus?,"Sonda Cassini detekovala gejzíry a důkazy hydrotermální aktivity na dně oceánu Enceladus, zdroj chemické energie schopné živit mikroby.","[""Důkaz hydrotermální aktivity na dně jeho oceánu"", ""Přítomnost dýchatelné atmosféry"", ""Stopy vegetace na jeho povrchu"", ""Magnetické pole stejné jako na Zemi""]",0,,,,,,
course_66_y_a_t_il_de_la_vie_ailleurs_dans_l_unive,course_66_y_a_t_il_de_la_vie_ailleurs_dans_l_unive_q7,mcq,Co je hypotéza „velkého filtru“?,"Velký filtr označuje téměř nemožný krok v evoluci, kterou jsme již prošli nebo nás ještě čeká.","[""Téměř nemožný krok ve vývoji směrem k vyspělé technologické civilizaci"", ""Přírodní štít, který chrání Zemi před asteroidy"", ""Filtr používaný radioteleskopy k zachycení signálů"", ""Maximální rychlost, kterou může raketa dosáhnout""]",0,,,,,,
course_66_y_a_t_il_de_la_vie_ailleurs_dans_l_unive,course_66_y_a_t_il_de_la_vie_ailleurs_dans_l_unive_q8,numericSlider,Ve kterém roce Frank Drake navrhl svou rovnici odhadující počet komunikujících civilizací?,Frank Drake navrhl svou rovnici v roce 1961.,,,,1961.0,1940.0,1980.0,5.0,
course_66_y_a_t_il_de_la_vie_ailleurs_dans_l_unive,course_66_y_a_t_il_de_la_vie_ailleurs_dans_l_unive_q9,trueFalse,Pravda nebo lež: sondy Voyager nesou od roku 1977 zlaté disky se zvuky a obrazy Země.,"Od roku 1977 nesou sondy Voyager zlaté disky určené pro možnou mimozemskou civilizaci, i když pravděpodobnost zachycení je téměř nulová.","[""Pravda"", ""Nepravda""]",0,,,,,,
course_67_qu_est_ce_qu_un_trou_noir,course_67_qu_est_ce_qu_un_trou_noir_q1,mcq,Jak definujete černou díru?,"Černá díra je oblast časoprostoru, kde je gravitace tak intenzivní, že rychlost potřebná k úniku převyšuje rychlost světla.","[""Oblast, kde je gravitace tak intenzivní, že z ní nemůže uniknout ani světlo"", ""Tunel, který spojuje dva vzdálené body ve vesmíru"", ""Zvláště studená a temná hvězda"", ""Totální prázdnota bez jakékoli záležitosti""]",0,,,,,,
course_67_qu_est_ce_qu_un_trou_noir,course_67_qu_est_ce_qu_un_trou_noir_q2,mcq,Jak se obvykle rodí hvězdná černá díra?,"Hvězdná černá díra se často rodí kolapsem jádra hmotné hvězdy o hmotnosti nejméně 20 až 25 hmotností Slunce, jakmile je vyčerpáno její palivo.","[""Zhroucením jádra velmi hmotné hvězdy po vyčerpání jejího paliva"", ""Sloučením dvou obřích planet"", ""Postupným chladnutím bílého trpaslíka"", ""Výbuchem komety vysokou rychlostí""]",0,,,,,,
course_67_qu_est_ce_qu_un_trou_noir,course_67_qu_est_ce_qu_un_trou_noir_q3,trueFalse,"Pravda nebo nepravda: černá díra nasává vše, co prochází poblíž, a to i na velkou vzdálenost.","Černá díra nenasává vše z dálky: její gravitace závisí na její hmotnosti a vzdálenosti, jako u každého jiného objektu.","[""Pravda"", ""Nepravda""]",1,,,,,,
course_67_qu_est_ce_qu_un_trou_noir,course_67_qu_est_ce_qu_un_trou_noir_q4,mcq,Jak se jmenuje supermasivní černá díra umístěná ve středu Mléčné dráhy?,Supermasivní černá díra v srdci Mléčné dráhy se nazývá Sagittarius A* a má asi 4 miliony hmotností Slunce.,"[""Střelec A*"", ""Andromeda"", ""Messier 87*"", ""Cygnus Prime""]",0,,,,,,
course_67_qu_est_ce_qu_un_trou_noir,course_67_qu_est_ce_qu_un_trou_noir_q5,mcq,Jaký je horizont událostí černé díry?,Horizont událostí je neviditelná hranice kolem černé díry: po jejím překročení není možný návrat.,"[""Neviditelná hranice, za kterou nemůže nic uniknout"", ""Jméno dané pro světlo vyzařované černou dírou"", ""Oblast, kde se pouze tvoří akreční disk"", ""Synonymum pro gravitační singularitu""]",0,,,,,,
course_67_qu_est_ce_qu_un_trou_noir,course_67_qu_est_ce_qu_un_trou_noir_q6,numericSlider,Ve kterém roce byl zveřejněn první snímek černé díry (M87*)?,"První snímek černé díry, snímek galaxie M87, byl zveřejněn v dubnu 2019 projektem Event Horizon Telescope.",,,,2019.0,2010.0,2024.0,2.0,
course_67_qu_est_ce_qu_un_trou_noir,course_67_qu_est_ce_qu_un_trou_noir_q7,mcq,Co ukázal fyzik Stephen Hawking v roce 1974?,"Hawking ukázal, že v důsledku kvantových efektů v blízkosti horizontu by černá díra vyzařovala velmi slabé záření a pomalu by ztrácela hmotu.","[""Že černá díra bude vydávat velmi slabé záření a nakonec se pomalu vypaří"", ""Že černé díry ve skutečnosti neexistují"", ""Toto světlo může snadno uniknout z černé díry"", ""Že všechny černé díry mají přesně stejnou hmotnost""]",0,,,,,,
course_67_qu_est_ce_qu_un_trou_noir,course_67_qu_est_ce_qu_un_trou_noir_q8,trueFalse,Pravda nebo lež: v blízkosti černé díry plyne čas vzdálenému pozorovateli rychleji než někomu blízkému černé díře.,"Je to naopak: v blízkosti černé díry plyne čas pomaleji, což se vzdálenému pozorovateli jeví jako zpomalené.","[""Pravda"", ""Nepravda""]",1,,,,,,
course_68_la_theorie_de_la_relativite_pour_tous,course_68_la_theorie_de_la_relativite_pour_tous_q1,mcq,"Na jakých dvou myšlenkách je založena speciální teorie relativity, publikovaná v roce 1905?",Speciální teorie relativity je založena na dvou myšlenkách: přírodní zákony jsou stejné pro každého pozorovatele při konstantní rychlosti a rychlost světla ve vakuu je stejná pro všechny.,"[""Přírodní zákony jsou stejné pro každého pozorovatele při konstantní rychlosti a rychlost světla je stejná pro všechny"", ""Gravitace neexistuje a čas je zcela zamrzlý"", ""Prostor je nekonečný, ale čas se zastaví u každé hvězdy"", ""Světlo se šíří rychleji v závislosti na směru pohybu""]",0,,,,,,
course_68_la_theorie_de_la_relativite_pour_tous,course_68_la_theorie_de_la_relativite_pour_tous_q2,trueFalse,"Pravda nebo lež: v roce 1905, kdy publikoval speciální teorii relativity, byl Einstein již uznávaným univerzitním profesorem.",V roce 1905 nebyl Einstein univerzitním profesorem: pracoval jako zkoušející na patentovém úřadu ve švýcarském Bernu.,"[""Pravda"", ""Nepravda""]",1,,,,,,
course_68_la_theorie_de_la_relativite_pour_tous,course_68_la_theorie_de_la_relativite_pour_tous_q3,mcq,Co popisuje dilatace času?,"Dilatace času znamená, že čím rychleji se objekt pohybuje, tím pomaleji mu ubíhá čas ve srovnání s někým v klidu, což je efekt měřený atomovými hodinami.","[""Čím rychleji se objekt pohybuje, tím pomaleji mu ubíhá čas ve srovnání s pozorovatelem v klidu."", ""Nad určitou rychlostí se čas úplně zastaví"", ""Čas se jen zpomaluje ve vakuu vesmíru"", ""Čas se zrychluje pro jakýkoli pohybující se objekt""]",0,,,,,,
course_68_la_theorie_de_la_relativite_pour_tous,course_68_la_theorie_de_la_relativite_pour_tous_q4,mcq,Co znamená vzorec E=mc²?,"E=mc² ukazuje, že hmota je velmi koncentrovaná forma energie: velmi malá hmota může uvolnit kolosální energii.","[""Hmota je vysoce koncentrovaná forma energie"", ""Energie se nikdy nemůže přeměnit na hmotu"", ""Rychlost světla se mění v závislosti na hmotnosti objektu"", ""Ve fyzice se počítá pouze kinetická energie""]",0,,,,,,
course_68_la_theorie_de_la_relativite_pour_tous,course_68_la_theorie_de_la_relativite_pour_tous_q5,mcq,Jak obecná teorie relativity popisuje gravitaci?,"Einstein navrhl, že gravitace je zakřivením časoprostoru: hmota jako Slunce tuto tkaninu vyhloubí a objekty toto zakřivení následují.","[""Jako zakřivení časoprostoru způsobené přítomností hmoty"", ""Jako neviditelná síla přenášená okamžitě"", ""Jako magnetické pole vytvářené hvězdami"", ""Jako prosté konstantní zrychlení""]",0,,,,,,
course_68_la_theorie_de_la_relativite_pour_tous,course_68_la_theorie_de_la_relativite_pour_tous_q6,mcq,"Kdo v roce 1919 během zatmění ověřil, že světlo je vychylováno gravitací Slunce?","V roce 1919 Arthur Eddington pozoroval během zatmění, že se zdánlivá poloha hvězd za Sluncem posunula, což potvrdilo Einsteinovu teorii.","[""Britský astronom Arthur Eddington"", ""Fyzik Enrico Fermi"", ""Astronom Frank Drake"", ""Fyzik Stephen Hawking""]",0,,,,,,
course_68_la_theorie_de_la_relativite_pour_tous,course_68_la_theorie_de_la_relativite_pour_tous_q7,numericSlider,"Bez relativistických korekcí, kolik kilometrů za den by mohla být GPS chybná?",Bez relativistických korekcí by chyba polohy GPS mohla dosahovat kolem 11 km za den.,,,,11.0,1.0,25.0,3.0,km
course_68_la_theorie_de_la_relativite_pour_tous,course_68_la_theorie_de_la_relativite_pour_tous_q8,trueFalse,"Pravda nebo nepravda: Jakmile se zkombinují dva relativistické efekty, hodiny na satelitech GPS se posunou o 38 mikrosekund za den ve srovnání s těmi na zemi.","Efekt rychlosti zpomaluje hodiny asi o 7 mikrosekund za den, zatímco gravitační efekt je posouvá o asi 45 mikrosekund: čistý výsledek je posun asi o 38 mikrosekund za den.","[""Pravda"", ""Nepravda""]",0,,,,,,
course_68_la_theorie_de_la_relativite_pour_tous,course_68_la_theorie_de_la_relativite_pour_tous_q9,mcq,"Ve kterém desetiletí byly poprvé zjištěny gravitační vlny, které Einstein v roce 1916 předpověděl?",Na detekci gravitačních vln předpovídaných Einsteinem v roce 1916 jsme museli počkat do roku 2015 a observatoře LIGO.,"[""V roce 2010 na observatoři LIGO"", ""Ve 20. letech 20. století, těsně po jejich předpovědi"", ""V 70. letech 20. století díky prvním satelitům"", ""Nikdy předtím nebyly zjištěny""]",0,,,,,,
course_69_comment_se_forment_les_eclairs,course_69_comment_se_forment_les_eclairs_q1,mcq,Kde většinou vznikají blesky?,"Blesky se vyskytují především v oblacích cumulonimbus, které mohou dosahovat výšky až 15 km.","[""V cumulonimbu velmi velké bouřkové mraky"", ""V tenkých cirrových oblacích"", ""Pouze přes oceány"", ""V horních vrstvách atmosféry nad 50 km""]",0,,,,,,
course_69_comment_se_forment_les_eclairs,course_69_comment_se_forment_les_eclairs_q2,mcq,Jak se uvnitř bouřkového mraku oddělují elektrické náboje?,V mraku se srážejí rostoucí ledové krystaly a klesající zrnka plískanice a vyměňují si elektrické náboje.,"[""Srážkami mezi stoupajícími ledovými krystaly a klesajícími zrny plískanice"", ""Třením mraku o zem"", ""Rychlým odpařováním vody z oblaku"", ""Přímým působením slunečních paprsků""]",0,,,,,,
course_69_comment_se_forment_les_eclairs,course_69_comment_se_forment_les_eclairs_q3,trueFalse,Pravda nebo lež: v bouřkovém mraku se vrchol mraku stává spíše záporným a základna spíše kladným.,"Je to naopak: horní část mraku se stává spíše pozitivní, zatímco základna se stává spíše negativní.","[""Pravda"", ""Nepravda""]",1,,,,,,
course_69_comment_se_forment_les_eclairs,course_69_comment_se_forment_les_eclairs_q4,chronological,Dejte tyto fáze tvorby blesku do pořádku.,"Náboje se v oblaku nejprve oddělí, poté se vzduch ionizuje, zpětný oblouk osvětlí oblohu a náhlá expanze ohřátého vzduchu nakonec vyvolá hrom.",,,"[""Srážky mezi ledovými krystaly a plískanicemi oddělují elektrické náboje v oblaku"", ""Vzduch končí ionizací vlivem příliš velkého napětí"", ""Vracející se oblouk osvětluje oblohu od země k mraku"", ""Brutálně zahřátý vzduch se rozpíná a vytváří hromy""]",,,,,
course_69_comment_se_forment_les_eclairs,course_69_comment_se_forment_les_eclairs_q5,numericSlider,"O jakou teplotu přibližně stoupá vzduch kanálem blesku, ve stupních Celsia?","Vzduch v kanálu blesku stoupá na přibližně 30 000 °C, což je asi pětinásobek povrchové teploty Slunce.",,,,30000.0,10000.0,50000.0,5000.0,°C
course_69_comment_se_forment_les_eclairs,course_69_comment_se_forment_les_eclairs_q6,mcq,"Proč slyšíme hromy, když vidíme blesk?","Světlo přichází téměř okamžitě, zatímco zvuk hromu se šíří rychlostí pouze kolem 340 m/s: proto zpoždění.","[""Zvuk se šíří mnohem pomaleji než světlo"", ""Hrom přichází vždy o několik kilometrů dále"", ""Světlu blesku chvíli trvá, než projde mraky"", ""Hrom vzniká pouze několik sekund po blesku""]",0,,,,,,
course_69_comment_se_forment_les_eclairs,course_69_comment_se_forment_les_eclairs_q7,mcq,Které místo ve Venezuele je jedním z nejvíce zasažených blesků na planetě?,Jezero Maracaibo ve Venezuele zažívá téměř každý den bouřky po většinu roku.,"[""Jezero Maracaibo"", ""Jezero Titicaca"", ""Řeka Amazonka"", ""Pohoří Andy""]",0,,,,,,
course_69_comment_se_forment_les_eclairs,course_69_comment_se_forment_les_eclairs_q8,trueFalse,"Pravda nebo lež: kromě toho, že je blesk nebezpečný, pomáhá také zúrodňovat půdu.","Blesk pomáhá produkovat sloučeniny dusíku, které zúrodňují půdy, když padnou s deštěm.","[""Pravda"", ""Nepravda""]",0,,,,,,
course_6_la_peste_noire_en_europe_1347_1353,course_6_la_peste_noire_en_europe_1347_1353_q1,mcq,Jaké bakterie způsobily černou smrt?,"Černou smrt způsobuje bakterie Yersinia pestis, kterou na člověka přenášejí krysí blechy.","[""Yersinia pestis"", ""Vibrio cholerae"", ""Bacillus anthracis"", ""Xenopsylla cheopis""]",0,,,,,,
course_6_la_peste_noire_en_europe_1347_1353,course_6_la_peste_noire_en_europe_1347_1353_q2,mcq,Jakou cestou se mor šíří ze střední Asie do Středomoří?,Pax Mongolica zajišťuje Hedvábnou stezku a poskytuje bakteriím rychlou cestu mezi Střední Asií a Středozemním mořem.,"[""Hedvábná stezka, zajištěná Pax Mongolica"", ""Vikingské námořní cesty"", ""Jantarová stezka"", ""Poutní cesty do Jeruzaléma""]",0,,,,,,
course_6_la_peste_noire_en_europe_1347_1353,course_6_la_peste_noire_en_europe_1347_1353_q3,trueFalse,Pravda nebo lež: Podle legendy při obléhání Caffy Zlatá horda katapultovala nakažené mrtvoly přes městské hradby.,"Obléhání Caffa Zlatou hordou je často uváděno jako jeden z prvních příkladů biologické války, kdy do města byly katapultovány infikované mrtvoly.","[""Pravda"", ""Nepravda""]",0,,,,,,
course_6_la_peste_noire_en_europe_1347_1353,course_6_la_peste_noire_en_europe_1347_1353_q4,mcq,"Jaký je skutečný přenašeč moru, kterého tehdejší lékaři nedokázali identifikovat?","Lékaři věří v teorii miasmatu, zkaženého vzduchu, kdy skutečným přenašečem je blecha krysa, Xenopsylla cheopis.","[""Krysí blecha"", ""Vypadá zkorumpovaně"", ""Studniční voda"", ""Komáři""]",0,,,,,,
course_6_la_peste_noire_en_europe_1347_1353,course_6_la_peste_noire_en_europe_1347_1353_q5,trueFalse,"Pravda nebo lež: pneumonická forma moru, která se přenáší z člověka na člověka, zabíjí za pouhých 24 až 48 hodin.","Plicní forma je nejničivější: přenáší se přímo mezi lidmi, zabíjí během 24 až 48 hodin.","[""Pravda"", ""Nepravda""]",0,,,,,,
course_6_la_peste_noire_en_europe_1347_1353,course_6_la_peste_noire_en_europe_1347_1353_q6,mcq,Proč se pogromy v letech 1348 až 1349 zaměřovaly na židovské komunity?,Při absenci racionálního vysvětlení epidemie byly židovské komunity obviněny z otravy studní a masakrovány v několika regionech.,"[""Jsou obviněni z otrávení studní"", ""Odmítají platit královskou daň"", ""Jsou obviněni ze zavlečení moru z Asie"", ""Odmítají flagelanty vítat""]",0,,,,,,
course_6_la_peste_noire_en_europe_1347_1353,course_6_la_peste_noire_en_europe_1347_1353_q7,chronological,Seřaďte tyto fáze černé smrti v Evropě v chronologickém pořadí.,"Tyto fáze trvají od roku 1346 do roku 1353: od příjezdu do Caffy až do odeznění epidemie poté, co zpustošila celou Evropu.",,,"[""Mor zasahuje do janovské obchodní stanice Caffa na Krymu"", ""Janovské galéry zavádějí metlu na Sicílii"", ""Epidemie se šíří do Francie, Anglie a Říše"", ""Pandemie v Evropě slábne""]",,,,,
course_6_la_peste_noire_en_europe_1347_1353,course_6_la_peste_noire_en_europe_1347_1353_q8,numericSlider,"Ve kterém roce zavedly janovské galéry mor do Evropy, v Messině?",V říjnu 1347 zakotvily janovské galéry prchající z Caffy v Messině na Sicílii a zavedly do Evropy mor.,,,,1347.0,1300.0,1400.0,3.0,
course_6_la_peste_noire_en_europe_1347_1353,course_6_la_peste_noire_en_europe_1347_1353_q9,percentageSlider,Jaký je podle odhadů uvedených v kurzu maximální podíl evropské populace ztracený černou smrtí v letech 1347 až 1353?,"Kurz odhaduje, že černá smrt zabila 30 až 60 % evropské populace, tedy 25 až 50 milionů lidí.",,,,60.0,0.0,100.0,10.0,%
course_71_qu_est_ce_que_l_effet_de_serre_vraiment,course_71_qu_est_ce_que_l_effet_de_serre_vraiment_q1,mcq,"Co se vlastně děje, že skleníkový efekt ohřívá Zemi?","Země vyhřívaná Sluncem vyzařuje infračervené teplo; některé plyny jej absorbují a vracejí do všech směrů, včetně směrem k zemi.","[""Plyny absorbují infračervené teplo vrácené ze země a posílají ho zpět k sobě"", ""Slunce přímo vysílá více tepla v určitých dnech"", ""Atmosféra blokuje viditelné světlo ze Slunce"", ""Země produkuje své vlastní teplo nezávisle na Slunci""]",0,,,,,,
course_71_qu_est_ce_que_l_effet_de_serre_vraiment,course_71_qu_est_ce_que_l_effet_de_serre_vraiment_q2,numericSlider,Na jakou průměrnou teplotu by zeměkoule klesla bez skleníkového efektu?,Bez přirozeného skleníkového efektu by průměrná globální teplota klesla na zhruba -18°C oproti dnešním zhruba +15°C.,,,,-18.0,-30.0,10.0,3.0,°C
course_71_qu_est_ce_que_l_effet_de_serre_vraiment,course_71_qu_est_ce_que_l_effet_de_serre_vraiment_q3,trueFalse,"Pravda nebo nepravda: dusík a kyslík, které jsou ve vzduchu většinou přítomny, hrají hlavní roli ve skleníkovém efektu.","Dusík a kyslík tuto práci stěží zvládají: infračervené teplo absorbuje především vodní pára, CO2 a metan.","[""Pravda"", ""Nepravda""]",1,,,,,,
course_71_qu_est_ce_que_l_effet_de_serre_vraiment,course_71_qu_est_ce_que_l_effet_de_serre_vraiment_q4,mcq,Který plyn hlavně vysvětluje nárůst skleníkového efektu od průmyslové revoluce?,"Od průmyslové revoluce se při spalování uhlí, ropy a plynu uvolnil do vzduchu uhlík, který zůstal pohřben po miliony let.","[""CO2 ze spalování uhlí, ropy a plynu"", ""Dusík uvolňovaný zemědělstvím"", ""Ozon produkovaný automobily"", ""Helium z meteorologických balónů""]",0,,,,,,
course_71_qu_est_ce_que_l_effet_de_serre_vraiment,course_71_qu_est_ce_que_l_effet_de_serre_vraiment_q5,numericSlider,Přibližně kolikrát více se zahřeje metan než CO2 za 20 let?,"Pěstování a pěstování rýže přidává metan, asi 80krát žhavější než CO2 za 20 let.",,,,80.0,20.0,150.0,15.0,krát
course_71_qu_est_ce_que_l_effet_de_serre_vraiment,course_71_qu_est_ce_que_l_effet_de_serre_vraiment_q6,numericSlider,O kolik dílů na milion (ppm) dnes vzrostla koncentrace CO2 ve vzduchu ve srovnání s 280 ppm před průmyslovou érou?,"Koncentrace CO2 se zvýšila z přibližně 280 na více než 420 ppm, což je úroveň, která nebyla zaznamenána za přibližně 3 miliony let.",,,,420.0,280.0,550.0,20.0,ppm
course_71_qu_est_ce_que_l_effet_de_serre_vraiment,course_71_qu_est_ce_que_l_effet_de_serre_vraiment_q7,mcq,"Co je IPCC, zmíněný v kurzu?","IPCC syntetizuje práci tisíců klimatologů a dochází k závěru, že oteplování od roku 1950 je bezprecedentní a má lidský původ.","[""Skupina, která syntetizuje práci tisíců klimatologů"", ""Mezinárodní ropná společnost"", ""Mezinárodní smlouva o biologické rozmanitosti"", ""Vesmírná agentura, která monitoruje klima""]",0,,,,,,
course_71_qu_est_ce_que_l_effet_de_serre_vraiment,course_71_qu_est_ce_que_l_effet_de_serre_vraiment_q8,mcq,Proč tající led dále urychluje oteplování?,"Když bílý led zmizí, tmavá půda a voda absorbují více slunečního světla: to je pokles albeda Země, který dále urychluje oteplování.","[""Odhalená tmavá půda a voda absorbují více slunečního světla než bílý led"", ""Rozpuštěný led přímo uvolňuje CO2"", ""Voda z taveniny nejprve ochlazuje atmosféru a poté ji více zahřívá"", ""Ledovce při tání uvolňují metan""]",0,,,,,,
course_71_qu_est_ce_que_l_effet_de_serre_vraiment,course_71_qu_est_ce_que_l_effet_de_serre_vraiment_q9,trueFalse,"Pravda nebo lež: Na Venuši je země dostatečně horká na to, aby roztavila olovo.","Na Venuši atmosféra s 96% CO2 zvyšuje teplotu země na přibližně 460 °C, což je dost na roztavení olova.","[""Pravda"", ""Nepravda""]",0,,,,,,
course_72_pourquoi_dort_on,course_72_pourquoi_dort_on_q1,numericSlider,Kolik let přibližně strávíme spánkem ze 75letého života?,"Za život 75 let spíme téměř 25 let: spánek není přestávka, ale práce stejně zásadní jako pití nebo jídlo.",,,,25.0,10.0,40.0,3.0,let
course_72_pourquoi_dort_on,course_72_pourquoi_dort_on_q2,mcq,Co odhalila zkušenost Randyho Gardnera z 11 dnů bez spánku v roce 1964?,"Randy Gardner ukázal, že mozek bez spánku kolabuje: halucinace, paranoia a ztráta ložisek po několika dnech.","[""Mozek nemůže stát bez odpočinku: halucinace, paranoia, kolaps mysli"", ""Lidské tělo se obejde bez spánku bez následků"", ""Nedostatek spánku ovlivňuje pouze paměť, nikoli emoce"", ""Po 5 dnech bez spánku tělo automaticky usne""]",0,,,,,,
course_72_pourquoi_dort_on,course_72_pourquoi_dort_on_q3,numericSlider,Kolik hodin v řadě spal Randy Gardner po svém rekordu?,"Po 11 dnech bez spánku spal Randy Gardner 14 hodin v kuse, než se jeho spánkový vzorec po několika týdnech vrátil k normálu.",,,,14.0,1.0,24.0,2.0,hodin
course_72_pourquoi_dort_on,course_72_pourquoi_dort_on_q4,trueFalse,"Pravda nebo lež: u potkanů ​​může úplný nedostatek spánku zabít za 2 až 3 týdny, jako hladovění.","U potkanů ​​úplný nedostatek spánku zabíjí během 2 až 3 týdnů, což je doba srovnatelná s hladověním.","[""Pravda"", ""Nepravda""]",0,,,,,,
course_72_pourquoi_dort_on,course_72_pourquoi_dort_on_q5,mcq,Co dělá hipokampus během spánku?,"Během spánku hipokampus přehrává události dne a přenáší informace do neokortexu, což vysvětluje, proč se po dobrém spánku učíme o 20 až 40 % lépe.","[""Přehraje den a odešle informace do neokortexu k trvalému uložení"", ""Blokuje veškerou mozkovou aktivitu, aby šetřil energii"", ""Ničí zbytečné vzpomínky na předchozí den"", ""S každým spánkovým cyklem vytváří nové neurony""]",0,,,,,,
course_72_pourquoi_dort_on,course_72_pourquoi_dort_on_q6,mcq,"Co je to glymfatický systém, zmíněný v kurzu?","Glymfatický systém je mozková drenážní síť desetkrát aktivnější v noci; evakuuje odpad, včetně bílkovin spojených s rizikem Alzheimerovy choroby.","[""Mozková drenážní síť, přibližně desetkrát aktivnější v noci, která odvádí odpad z mozku"", ""Název 90minutového spánkového cyklu"", ""Oblast mozku, která produkuje sny"", ""Systém, který reguluje tělesnou teplotu během spánku""]",0,,,,,,
course_72_pourquoi_dort_on,course_72_pourquoi_dort_on_q7,trueFalse,Pravda nebo lež: Delfíni spí s aktivní pouze jednou hemisférou jejich mozku.,"Delfíni spí vždy jen s jednou hemisférou, aby zůstali částečně ostražití a pokračovali v nadechnutí.","[""Pravda"", ""Nepravda""]",0,,,,,,
course_72_pourquoi_dort_on,course_72_pourquoi_dort_on_q8,mcq,Co se stane po přibližně 17 hodinách nepřetržitého bdění?,"17 hodin bdění odpovídá hladině alkoholu v krvi 0,5 g/l; mozek si pak vynucuje mikrospánky, krátké přestávky ve vědomí.","[""Schopnosti klesají až k hladině alkoholu v krvi 0,5 g/l, při mikrospáncích"", ""Tělo automaticky přejde do hlubokého spánku"", ""Dlouhodobá paměť se dočasně zlepšuje"", ""Tepová frekvence se prudce zpomalí""]",0,,,,,,
course_72_pourquoi_dort_on,course_72_pourquoi_dort_on_q9,mcq,Proč obrazovky večer zdržují usínání?,"Večerní obrazovky oklamou cirkadiánní hodiny a zpomalí uvolňování melatoninu, hormonu, který připravuje tělo na spánek.","[""Oklamou vnitřní hodiny a zpomalí uvolňování melatoninu"", ""Přímo zvyšují tělesnou teplotu"", ""Trvale zvyšují srdeční frekvenci"", ""Blokují produkci imunitních cytokinů""]",0,,,,,,
course_73_comment_le_cerveau_stocke_t_il_les_souve,course_73_comment_le_cerveau_stocke_t_il_les_souve_q1,mcq,Co je synapse?,"Synapse je bod kontaktu mezi dvěma neurony, kam se přenáší signál, který buduje nebo posiluje paměť.","[""Bod kontaktu mezi dvěma neurony"", ""Centrální jádro neuronu"", ""Oblast kůry věnovaná paměti"", ""Protein, který opravuje DNA neuronů""]",0,,,,,,
course_73_comment_le_cerveau_stocke_t_il_les_souve,course_73_comment_le_cerveau_stocke_t_il_les_souve_q2,numericSlider,Kolik miliard neuronů je přibližně v lidském mozku?,Lidský mozek má přibližně 86 miliard neuronů a více než 100 bilionů synapsí.,,,,86.0,20.0,150.0,10.0,miliard
course_73_comment_le_cerveau_stocke_t_il_les_souve,course_73_comment_le_cerveau_stocke_t_il_les_souve_q3,mcq,Co je dlouhodobá potenciace?,"Když se informace opakují nebo jsou spojeny se silnou emocí, aktivují se stejné neurony společně a jejich spojení se snáze spustí: jde o dlouhodobou potenciaci.","[""Posílení spojení mezi dvěma neurony, které se často aktivují společně"", ""Postupná destrukce nepoužívaných synapsí"", ""Produkce nových neuronů v dospělosti"", ""Zpomalení mozkové aktivity během spánku""]",0,,,,,,
course_73_comment_le_cerveau_stocke_t_il_les_souve,course_73_comment_le_cerveau_stocke_t_il_les_souve_q4,mcq,Jakou roli hraje hipokampus při utváření vzpomínek?,"Hipokampus přijímá a kóduje vzpomínky, poté je přerozděluje do mozkové kůry: k tomuto přenosu, zvanému konsolidace, dochází hlavně během spánku.","[""Kóduje vzpomínky a poté je během konsolidace přerozděluje do kůry"", ""Rozhodně uchovává všechny vzpomínky na celý život"", ""Aktivuje se pouze během snů"", ""Vymaže vzpomínky, které se staly neužitečnými""]",0,,,,,,
course_73_comment_le_cerveau_stocke_t_il_les_souve,course_73_comment_le_cerveau_stocke_t_il_les_souve_q5,trueFalse,Pravda nebo lež: bez fungujícího hipokampu si již nemůžeme vytvářet nové vědomé vzpomínky.,"Bez fungujícího hipokampu můžeme žít v přítomném okamžiku, ale už nedržíme nové vědomé vzpomínky.","[""Pravda"", ""Nepravda""]",0,,,,,,
course_73_comment_le_cerveau_stocke_t_il_les_souve,course_73_comment_le_cerveau_stocke_t_il_les_souve_q6,mcq,"Co odhalil případ pacientky H.M., operované v roce 1953?","Pacient H.M. už si nevytvářel nové vědomé vzpomínky, ale každý den postupoval v kreslení v zrcadle: jeho paměť gest, procedurální paměť, zůstala nedotčena.","[""Už si nevytvářel nové vědomé vzpomínky, ale postupoval v kreslení v zrcadle"", ""Ztratil všechny své staré vzpomínky, ale normálně si vytvářel nové."", ""Ztratil pouze paměť tváří"", ""Už nemohl mluvit, ale zachoval si veškerou paměť""]",0,,,,,,
course_73_comment_le_cerveau_stocke_t_il_les_souve,course_73_comment_le_cerveau_stocke_t_il_les_souve_q7,mcq,Co ukázala psycholožka Elizabeth Loftusová?,"Elizabeth Loftus prokázala, že falešné vzpomínky lze implantovat jednoduchými otázkami, což vyžaduje opatrnost při práci s očitými svědectvími.","[""Falešné vzpomínky lze implantovat jednoduchými otázkami"", ""Lidská paměť je vždy dokonale spolehlivá"", ""Falešné vzpomínky se týkají pouze dětí"", ""Staré vzpomínky jsou spolehlivější než ty nedávné""]",0,,,,,,
course_73_comment_le_cerveau_stocke_t_il_les_souve,course_73_comment_le_cerveau_stocke_t_il_les_souve_q8,trueFalse,Pravda nebo nepravda: Pamatování si události je jako přehrávání věrného videa z minulosti.,"Vyvolání paměti není jako přehrávání videa: každé vyvolání činí paměť tvárnou a mozek ji může upravit, než ji znovu nahraje.","[""Pravda"", ""Nepravda""]",1,,,,,,
course_74_pourquoi_certaines_especes_sont_elles_im,course_74_pourquoi_certaines_especes_sont_elles_im_q1,numericSlider,Kolika let se přibližně dožila v kurzu zmíněná škeble Ming?,"Škeble Ming žila 507 let, což je pozoruhodný příklad extrémní dlouhověkosti mezi zvířaty.",,,,507.0,200.0,700.0,30.0,let
course_74_pourquoi_certaines_especes_sont_elles_im,course_74_pourquoi_certaines_especes_sont_elles_im_q2,mcq,Jak medúzy Turritopsis dohrnii unikají stárnutí?,"Zraněný nebo vyhladovělý Turritopsis dohrnii přemění své dospělé buňky na panenské buňky a poté se opět stane polypem, což je jeho počáteční stádium: to je transdiferenciace.","[""Přeměňuje své dospělé buňky na panenské buňky a stává se opět polypem"", ""Před smrtí se identicky naklonuje"", ""Hibernuje několik desítek let"", ""Neustále mění hostitelské druhy""]",0,,,,,,
course_74_pourquoi_certaines_especes_sont_elles_im,course_74_pourquoi_certaines_especes_sont_elles_im_q3,mcq,Co jsou telomery?,"Telomery se chovají jako špičky tkaniček na koncích chromozomů; s každým buněčným dělením se zkracují, a pokud jsou příliš krátké, buňka se přestane dělit.","[""Končí na koncích chromozomů, které se s každým buněčným dělením zkracují"", ""Proteiny, které opravují poškozenou DNA"", ""Kmenové buňky jsou přítomny pouze u bezobratlých"", ""Molekuly, které spouštějí rakovinu""]",0,,,,,,
course_74_pourquoi_certaines_especes_sont_elles_im,course_74_pourquoi_certaines_especes_sont_elles_im_q4,trueFalse,Pravda nebo nepravda: tardigrad může přežít vakuum vesmíru a extrémní radiaci vysušením svého těla.,"Jak vysychá, metabolismus tardigradu klesá na 99,99 %, což mu umožňuje přežít vakuum vesmíru nebo extrémní radiaci.","[""Pravda"", ""Nepravda""]",0,,,,,,
course_74_pourquoi_certaines_especes_sont_elles_im,course_74_pourquoi_certaines_especes_sont_elles_im_q5,mcq,Jak hydra obnoví celé své tělo bez známek stárnutí?,"Hydra, malý sladkovodní polyp, obnovuje celé své tělo díky téměř neomezené zásobě kmenových buněk bez měřitelného stárnutí.","[""Díky téměř neomezené zásobě kmenových buněk"", ""Díky skořápce, která ji chrání před poškozením"", ""Tím, že zůstanete v klidu, abyste ušetřili energii"", ""Pohlcováním buněk jiných hydr""]",0,,,,,,
course_74_pourquoi_certaines_especes_sont_elles_im,course_74_pourquoi_certaines_especes_sont_elles_im_q6,numericSlider,Kolika let se může přibližně dožít velryba grónská?,"Velryba grónská může přesáhnout 200 let, a to díky ultra účinné opravě DNA a silné odolnosti vůči rakovině.",,,,200.0,100.0,300.0,25.0,let
course_74_pourquoi_certaines_especes_sont_elles_im,course_74_pourquoi_certaines_especes_sont_elles_im_q7,mcq,Proč se telomery humra téměř nikdy nezkracují?,"Humři vytvářejí telomerázu v celém těle, takže se jejich telomery nezkracují; rostou celý život.","[""Vytvářejí telomerázu po celém těle"", ""Nikdy se nedělí na buněčné úrovni"", ""Jejich skořápka přímo chrání jejich DNA"", ""Nahrazují své buňky transdiferenciací, jako medúzy""]",0,,,,,,
course_74_pourquoi_certaines_especes_sont_elles_im,course_74_pourquoi_certaines_especes_sont_elles_im_q8,mcq,Na co jsou senolytické léčby probírané v kurzu zaměřeny?,"Senolytika mají za cíl eliminovat zombie buňky, které se hromadí a zanítí tkáně; u zvířat to již některé funkce omladilo.","[""Odstraňte zombie buňky, které se hromadí s věkem"", ""Urychlit dělení všech buněk v těle"", ""Výměna zkrácených telomer za nové"", ""Úplně blokovat imunitní systém""]",0,,,,,,
course_74_pourquoi_certaines_especes_sont_elles_im,course_74_pourquoi_certaines_especes_sont_elles_im_q9,trueFalse,"Pravda nebo lež: I biologicky nesmrtelný druh může zemřít na predátory, nemoci nebo katastrofy.","Biologická nesmrtelnost chrání před vnitřním poškozením stárnutím, ale ne před predátory, nemocemi nebo katastrofami.","[""Pravda"", ""Nepravda""]",0,,,,,,
course_75_la_photosynthese_expliquee_simplement,course_75_la_photosynthese_expliquee_simplement_q1,mcq,Proč se nám listy zdají zelené?,"Chlorofyl zachycuje především modré a červené světlo; vrací se zelená, která dává jejich barvu listům.","[""Chlorofyl absorbuje modrou a červenou a vrací se zelený"", ""Chlorofyl sám o sobě produkuje zelené světlo"", ""Zelená je jediná barva na slunci"", ""Listy odrážejí všechny barvy kromě zelené absorbované vzduchem""]",0,,,,,,
course_75_la_photosynthese_expliquee_simplement,course_75_la_photosynthese_expliquee_simplement_q2,mcq,Odkud CO2 vstupuje do listu pro fotosyntézu?,"CO2 vstupuje přes drobné póry zvané stomata, zatímco voda stoupá odděleně od kořenů.","[""Přes drobné póry, průduchy"", ""U kořenů, s vodou"", ""Přímo přes chlorofyl"", ""Průchozí otvory umístěné pouze na květinách""]",0,,,,,,
course_75_la_photosynthese_expliquee_simplement,course_75_la_photosynthese_expliquee_simplement_q3,mcq,Co produkuje světelná fáze fotosyntézy?,"Světelná fáze rozbíjí molekuly vody, uvolňuje kyslík a ukládá zachycenou energii do dvou chemických buněk, ATP a NADPH.","[""ATP a NADPH, rozkládají molekuly vody a uvolňují kyslík"", ""Přímo z glukózy připravené k použití"", ""CO2 určený k uvolnění do ovzduší"", ""Čerstvý chlorofyl jako náhrada za degradující""]",0,,,,,,
course_75_la_photosynthese_expliquee_simplement,course_75_la_photosynthese_expliquee_simplement_q4,mcq,Co je to Calvinův cyklus?,"Calvinův cyklus, pojmenovaný po chemikovi Melvinu Calvinovi, využívá energii ATP a NADPH k sestavení uhlíku z CO2 na glukózu.","[""Fáze, kdy rostlina shromažďuje uhlík z CO2 na glukózu pomocí již uložené energie"", ""Fáze, kdy světlo rozbíjí molekuly vody"", ""Název pigmentu, který zachycuje modré a červené světlo"", ""Proces, při kterém se kyslík uvolňuje do vzduchu""]",0,,,,,,
course_75_la_photosynthese_expliquee_simplement,course_75_la_photosynthese_expliquee_simplement_q5,numericSlider,Přibližně před kolika miliardami let proběhla Velká oxidace?,"Zhruba před 2,4 miliardami let začaly sinice masivně uvolňovat kyslík: jde o Velkou oxidaci.",,,,2.4,1.0,4.0,0.3,miliardy let
course_75_la_photosynthese_expliquee_simplement,course_75_la_photosynthese_expliquee_simplement_q6,trueFalse,Pravda nebo lež: pro mnoho organismů té doby byl kyslík uvolňovaný sinicemi jedem.,Během Velké oxidace byl kyslík masivně uvolňovaný sinicemi toxický pro mnoho tehdejších organismů.,"[""Pravda"", ""Nepravda""]",0,,,,,,
course_75_la_photosynthese_expliquee_simplement,course_75_la_photosynthese_expliquee_simplement_q7,percentageSlider,"Kolik přibližně zemského kyslíku pochází z fytoplanktonu v oceánech, a nikoli z lesů?","Asi polovina zemského kyslíku pochází z fytoplanktonu v oceánech, nejen z lesů.",,,,50.0,0.0,100.0,10.0,%
course_75_la_photosynthese_expliquee_simplement,course_75_la_photosynthese_expliquee_simplement_q8,percentageSlider,Přibližně kolik procent přijaté sluneční energie přemění list na biomasu?,"List přemění pouze 1 až 3 % přijaté sluneční energie na biomasu, což je v planetárním měřítku skromný, ale dostatečný výnos.",,,,2.0,0.0,100.0,3.0,%
course_75_la_photosynthese_expliquee_simplement,course_75_la_photosynthese_expliquee_simplement_q9,mcq,"V čem je mořský slimák Elysia chlorotica, zmíněný v kurzu, zvláštního?","Mořský slimák Elysia chlorotica jde tak daleko, že ukradne chloroplasty z řas, které požírá, a žije tak trochu ze sluneční energie.","[""Krade chloroplasty řasám, aby díky sluneční energii trochu žily"", ""Od narození si vyrábí vlastní chlorofyl"", ""Živí se výhradně cukrem produkovaným stromy."", ""Svou pokožkou přeměňuje CO2 na kyslík""]",0,,,,,,
course_76_pourquoi_les_feuilles_changent_elles_de,course_76_pourquoi_les_feuilles_changent_elles_de_q1,mcq,Proč jsou listy zelené od jara do konce léta?,"Dokud dominuje chlorofyl, list zůstává zelený, i když už obsahuje žluté a oranžové karotenoidy, pod zelení neviditelné.","[""Chlorofyl dominuje a maskuje ostatní pigmenty přítomné v listu"", ""Karotenoidy se zatím nevyrábějí"", ""Listy neobsahují žádný jiný pigment než chlorofyl"", ""Letní světlo zneviditelní ostatní pigmenty""]",0,,,,,,
course_76_pourquoi_les_feuilles_changent_elles_de,course_76_pourquoi_les_feuilles_changent_elles_de_q2,mcq,Co je skutečným spouštěčem změny barvy listů na podzim?,"Podzim nespouští hlavně chlad, ale délka nocí měřená fytochromy stromů.","[""Prodlužující se noci, detekované fytochromy"", ""Náhlý pokles teplot"", ""Množství srážek, které spadlo na podzim"", ""Vítr, který trhá listí""]",0,,,,,,
course_76_pourquoi_les_feuilles_changent_elles_de,course_76_pourquoi_les_feuilles_changent_elles_de_q3,trueFalse,"Pravda nebo nepravda: žluté a oranžové pigmenty, karotenoidy, vznikají pouze na podzim.","Karotenoidy jsou přítomny již v létě, ale pod zelení chlorofylu neviditelné; podzim je jen odhaluje.","[""Pravda"", ""Nepravda""]",1,,,,,,
course_76_pourquoi_les_feuilles_changent_elles_de,course_76_pourquoi_les_feuilles_changent_elles_de_q4,mcq,"Jaká je separační zóna, která se tvoří na bázi řapíku?","Separační zóna tvoří zátku na bázi řapíku: míza méně stoupá, list se izoluje a rychleji odbourává svůj chlorofyl.","[""Druh zátky, která snižuje cirkulaci mízy a izoluje list"", ""Ochranná vrstva, která zabraňuje pádu listu"", ""Místo, kde se chlorofyl produkuje v největším množství"", ""Oblast, kde se tvoří červené antokyany""]",0,,,,,,
course_76_pourquoi_les_feuilles_changent_elles_de,course_76_pourquoi_les_feuilles_changent_elles_de_q5,mcq,"Proč strom produkuje antokyany, červené a fialové pigmenty, těsně před ztrátou listů?","Antokyany působí jako solární filtr, který chrání tkáně, zatímco strom získává z listů dusík a další cenné živiny.","[""K ochraně stále aktivních tkání během recyklace živin"", ""K přilákání opylujícího hmyzu na podzim"", ""Pro urychlení pádu listů"", ""Nahradit chybějící chlorofyl a pokračovat ve fotosyntéze""]",0,,,,,,
course_76_pourquoi_les_feuilles_changent_elles_de,course_76_pourquoi_les_feuilles_changent_elles_de_q6,mcq,Jaké podmínky obvykle vytvářejí nejzářivější podzimní červeň?,"Nejkrásnější červené se rodí ze slunečných dnů a chladných nocí bez mrazu, které podporují přeměnu cukru na antokyany.","[""Slunečné dny následované chladnými nocemi bez mrazu"", ""Šedý a deštivý podzim od začátku do konce"", ""Brzký mráz na začátku sezóny"", ""Větrné dny bez slunce""]",0,,,,,,
course_76_pourquoi_les_feuilles_changent_elles_de,course_76_pourquoi_les_feuilles_changent_elles_de_q7,trueFalse,"Pravda nebo nepravda: Časný mráz zahubí listy dříve, než stihnou změnit barvu.","Na rozdíl od slunečných dnů a chladných nocí, které upřednostňují zářivou červenou, brzký mráz zahubí listy ještě před vybarvením.","[""Pravda"", ""Nepravda""]",0,,,,,,
course_76_pourquoi_les_feuilles_changent_elles_de,course_76_pourquoi_les_feuilles_changent_elles_de_q8,mcq,"Co jsou třísloviny, zmiňované na konci sezóny?","Na závěr zbývají jen třísloviny, hnědé látky typické pro podzimní lesní půdu.","[""Hnědé látky, které zůstávají v lesní půdě po degradaci jiných pigmentů"", ""Pigmenty zodpovědné za nejjasnější červenou"", ""Molekuly, které chrání list před mrazem"", ""Hormony, které spouštějí pád listů""]",0,,,,,,
course_77_qu_est_ce_que_la_matiere_noire,course_77_qu_est_ce_que_la_matiere_noire_q1,percentageSlider,Jak velkou část vesmíru tvoří temná hmota?,"Temná hmota představuje asi 27 % vesmíru, pětkrát více než veškerá běžná hmota.",,,,27.0,0.0,100.0,5.0,%
course_77_qu_est_ce_que_la_matiere_noire,course_77_qu_est_ce_que_la_matiere_noire_q2,mcq,Co objevila astronomka Vera Rubinová v 70. letech?,"Vera Rubin změřila, že hvězdy na okrajích spirálních galaxií rotují stejně rychle jako ty ve středu, což je důkazem neviditelné hmoty, která je brzdí.","[""Hvězdy na okraji galaxií rotovaly stejně rychle jako ty ve středu"", ""Spirální galaxie neobsahují na periferii žádné hvězdy"", ""Rychlost rotace galaxií s časem klesá"", ""Sluneční soustava rotuje stejnou rychlostí jako spirální galaxie""]",0,,,,,,
course_77_qu_est_ce_que_la_matiere_noire,course_77_qu_est_ce_que_la_matiere_noire_q3,trueFalse,Pravda nebo lež: Vera Rubin čelila překážkám kvůli svému pohlaví na začátku své kariéry.,"Princeton dlouho upíral Vere Rubinové doktorát z astronomie, protože byla žena, což bylo pravidlo udržované až do roku 1975.","[""Pravda"", ""Nepravda""]",0,,,,,,
course_77_qu_est_ce_que_la_matiere_noire,course_77_qu_est_ce_que_la_matiere_noire_q4,mcq,"Co je WIMP, jedna z cest uvažovaných pro temnou hmotu?","WIMP by byla těžká částice mimo standardní model fyziky, kterou vyhledávají zejména detektory kapalného xenonu zakopané pod zemí.","[""Těžká částice, která by existovala mimo standardní model fyziky"", ""Neviditelná hvězda, protože je příliš studená na to, aby svítila"", ""Velmi malá černá díra"", ""Typ galaxie, který nebyl dosud pozorován""]",0,,,,,,
course_77_qu_est_ce_que_la_matiere_noire,course_77_qu_est_ce_que_la_matiere_noire_q5,mcq,Jak temná hmota prozrazuje svou přítomnost jinými prostředky než rotací galaxií?,"Temná hmota ohýbá prostor a vytváří gravitační čočky, které zkreslují obraz galaxií za ní.","[""Zakřivuje prostor a deformuje obraz galaxií umístěných za ním"", ""Vydává velmi slabé, ale detekovatelné světlo"", ""Zcela blokuje světlo hvězd, které obklopuje"", ""Mění barvu hvězd, které přechází""]",0,,,,,,
course_77_qu_est_ce_que_la_matiere_noire,course_77_qu_est_ce_que_la_matiere_noire_q6,mcq,"Jak temná energie, objevená v roce 1998, působí opačně než temná hmota?","Temná hmota se přitahuje, zatímco temná energie urychluje expanzi vesmíru: galaxie se od sebe vzdalují stále rychleji.","[""Místo přitahování hmoty urychluje rozpínání vesmíru"", ""Přitahuje hmotu ještě silněji než gravitace"", ""Zpomaluje rotaci galaxií"", ""Týká se pouze nitra galaxií, nikdy prostoru mezi nimi""]",0,,,,,,
course_77_qu_est_ce_que_la_matiere_noire,course_77_qu_est_ce_que_la_matiere_noire_q7,percentageSlider,Jakou část vesmíru přibližně tvoří temná energie?,"Odhaduje se, že temná energie tvoří asi 68 % vesmíru; s temnou hmotou to tvoří 95 % neviditelného vesmíru.",,,,68.0,0.0,100.0,5.0,%
course_77_qu_est_ce_que_la_matiere_noire,course_77_qu_est_ce_que_la_matiere_noire_q8,mcq,Co by podle kurzu mohla temná energie způsobit ve velmi vzdálené budoucnosti?,"Ve velmi vzdálené budoucnosti by temná energie mohla odtlačit jiné galaxie do té míry, že by byly z Mléčné dráhy neviditelné.","[""Přesuňte ostatní galaxie tak, aby byly z Mléčné dráhy neviditelné"", ""Přivedení všech galaxií do jediného centrálního bodu"", ""Postupná přeměna temné hmoty na běžnou hmotu"", ""Úplně zastavte expanzi vesmíru""]",0,,,,,,
course_77_qu_est_ce_que_la_matiere_noire,course_77_qu_est_ce_que_la_matiere_noire_q9,numericSlider,Kdy byla objevena temná energie?,"Temná energie byla objevena v roce 1998, když bylo pozorováno, že expanze vesmíru se zrychluje místo zpomalování.",,,,1998.0,1980.0,2015.0,3.0,
course_78_comment_fonctionne_l_electricite_dans_no,course_78_comment_fonctionne_l_electricite_dans_no_q1,mcq,"Co v těle cirkuluje a vytváří elektrické signály, na rozdíl od zásuvky?","V zásuvce ve zdi cirkulují elektrony; v těle jsou to ionty, nabité atomy, které vstupují do buněk a vycházejí z nich.","[""Ionty, nabité atomy, které se pohybují dovnitř a ven z buněk"", ""Volné elektrony cirkulující v krvi"", ""Magnetické vlny produkované mozkem"", ""Statická elektřina se nahromadila v kůži""]",0,,,,,,
course_78_comment_fonctionne_l_electricite_dans_no,course_78_comment_fonctionne_l_electricite_dans_no_q2,numericSlider,Jaký je přibližně klidový potenciál neuronu v milivoltech?,"Díky sodíkovo-draslíkovým pumpám si neuron v klidu udržuje potenciál kolem -70 milivoltů, přičemž vnitřek je negativnější než vnější.",,,,-70.0,-100.0,-20.0,8.0,mV
course_78_comment_fonctionne_l_electricite_dans_no,course_78_comment_fonctionne_l_electricite_dans_no_q3,mcq,Jaký je akční potenciál neuronu?,"Když přijde podnět, náhle vstoupí sodík a polarita se obrátí: je to akční potenciál, signál všechno nebo nic, který se šíří axonem.","[""Elektrický signál všechno nebo nic, který běží podél axonu, když náhle vstoupí sodík"", ""Úroveň energie, kterou neuron spotřebovává v klidu"", ""Množství neurotransmiterů uložených v neuronu"", ""Doba potřebná k regeneraci neuronu po použití""]",0,,,,,,
course_78_comment_fonctionne_l_electricite_dans_no,course_78_comment_fonctionne_l_electricite_dans_no_q4,mcq,"Jak neuron přenáší svůj signál přes synapsi, prostor, který jej odděluje od dalšího neuronu?","Elektrický signál nemůže přeskočit synapsi: axon uvolňuje neurotransmitery, které se připojují k dalšímu neuronu jako klíč v zámku.","[""Uvolněním neurotransmiterů, které se připojí k dalšímu neuronu"", ""Přímým vysláním elektrického proudu vesmírem"", ""Dočasným spojením jeho membrány s membránou dalšího neuronu"", ""Uvolněním iontů vápníku, které volně procházejí prostorem""]",0,,,,,,
course_78_comment_fonctionne_l_electricite_dans_no,course_78_comment_fonctionne_l_electricite_dans_no_q5,numericSlider,"Přibližně jak rychle se pohybují určité nervové signály, v metrech za sekundu?","Některé nervové signály se pohybují rychlostí kolem 120 m/s, neboli více než 430 km/h, což je dost na to, aby téměř okamžitě reagovaly na popáleniny.",,,,120.0,20.0,250.0,20.0,paní
course_78_comment_fonctionne_l_electricite_dans_no,course_78_comment_fonctionne_l_electricite_dans_no_q6,mcq,Co je sinusový uzel v srdci?,"V pravé síni generuje sinusový uzel vlastní elektrické impulsy, v klidu přibližně 60 až 100krát za minutu.","[""Struktura, která sama generuje elektrické impulsy srdečního tepu"", ""Chlopeň, která odděluje síně od komor"", ""Hlavní sval, který pumpuje krev do plic"", ""Nerv, který spojuje srdce přímo s mozkem""]",0,,,,,,
course_78_comment_fonctionne_l_electricite_dans_no,course_78_comment_fonctionne_l_electricite_dans_no_q7,trueFalse,Pravda nebo lež: srdce potřebuje příkaz z mozku pro každý úder.,Srdce nečeká na příkaz z mozku pro každý úder: sinusový uzel sám generuje své vlastní elektrické impulsy.,"[""Pravda"", ""Nepravda""]",1,,,,,,
course_78_comment_fonctionne_l_electricite_dans_no,course_78_comment_fonctionne_l_electricite_dans_no_q8,numericSlider,Kolik voltů dokáže vyrobit elektrický úhoř?,"Elektrický úhoř využívá stejný princip vzrušivých buněk jako lidské tělo, ale v sérii až 600 voltů, což stačí k paralyzaci kořisti.",,,,600.0,100.0,800.0,50.0,voltů
course_78_comment_fonctionne_l_electricite_dans_no,course_78_comment_fonctionne_l_electricite_dans_no_q9,mcq,Co defibrilace dělá?,"Defibrilace vyšle externí výboj, který resetuje všechny srdeční buňky, takže sinusový uzel se vrátí do normálního tempa.","[""Vyšle výboj, který resetuje všechny srdeční buňky, takže sinusový uzel obnoví tempo"", ""Přímo stimuluje mozek k oživení srdce"", ""Chemicky nahrazuje tep stálým umělým rytmem"", ""Zcela blokuje elektrickou aktivitu srdce""]",0,,,,,,
course_79_pourquoi_certains_sons_nous_donnent_ils,course_79_pourquoi_certains_sons_nous_donnent_ils_q1,percentageSlider,Jaký přibližně podíl lidí pociťuje při poslechu hudby mráz po zádech?,"Zhruba 55 až 70 procent lidí zažívá při hudbě mráz po zádech, což je fenomén zvaný estetické vzrušení.",,,,60.0,0.0,100.0,10.0,%
course_79_pourquoi_certains_sons_nous_donnent_ils,course_79_pourquoi_certains_sons_nous_donnent_ils_q2,mcq,"Jaký mozkový systém se aktivuje, když se někoho dotkne hudební skladba?","Dotykový kousek aktivuje mozkový systém odměn, stejně jako u jídla, sexu nebo některých drog.","[""Systém odměn, stejný jako za jídlo nebo některé léky"", ""Imunitní systém, boj proti stresu"", ""Motorický systém, který řídí dobrovolné pohyby"", ""Trávicí systém spojený se silnými emocemi""]",0,,,,,,
course_79_pourquoi_certains_sons_nous_donnent_ils,course_79_pourquoi_certains_sons_nous_donnent_ils_q3,mcq,"Jaký účinek má naltrexon, lék, který blokuje opioidní receptory?","Naltrexon, který blokuje opioidní receptory, může téměř vymazat hudební potěšení, což je důkaz, že mozek produkuje své vlastní látky odměny.","[""Dokáže téměř vymazat hudební potěšení, což je důkaz, že mozek produkuje své vlastní odměny"", ""Výrazně umocňuje požitek při poslechu hudby"", ""Na hudební požitek to nemá žádný měřitelný vliv"", ""Zlepšuje paměť slyšených melodií""]",0,,,,,,
course_79_pourquoi_certains_sons_nous_donnent_ils,course_79_pourquoi_certains_sons_nous_donnent_ils_q4,percentageSlider,"Přibližně jaký podíl lidí necítí žádnou radost z hudby, přestože mají normální sluch?",Přibližně 5 % lidí nepociťuje žádné potěšení z hudby navzdory normálnímu sluchu: tomu se říká specifická hudební anhedonie.,,,,5.0,0.0,100.0,5.0,%
course_79_pourquoi_certains_sons_nous_donnent_ils,course_79_pourquoi_certains_sons_nous_donnent_ils_q5,mcq,Co často spouští hudební vzrušení v závislosti na kurzu?,Vzrušení často pramení z porušení hudebního očekávání: mozek neustále předpovídá další tón a harmonické překvapení spouští emocionální bdělost.,"[""Porušení hudebního očekávání, jako je neočekávaná modulace"", ""Naprosto pravidelné tempo od začátku do konce"", ""Úplné ticho po celou dobu písně"", ""Identické opakování stejné noty""]",0,,,,,,
course_79_pourquoi_certains_sons_nous_donnent_ils,course_79_pourquoi_certains_sons_nous_donnent_ils_q6,mcq,Proč vám z některých písní naskakuje husí kůže?,"Husí kůže neboli piloerekce je starý reflex, který zvedne chlupy, aby vypadaly vyšší nebo udržely teplo; hudba ho překvapí.","[""Je to starý reflex, který zvedá chloupky, aby vypadaly vyšší nebo aby se udržely v teple"", ""Je to známka toho, že tělu chybí kyslík."", ""Jedná se o reakci výhradně spojenou s teplotou místnosti."", ""Je to přímý vedlejší účinek nízkých frekvencí na kůži""]",0,,,,,,
course_79_pourquoi_certains_sons_nous_donnent_ils,course_79_pourquoi_certains_sons_nous_donnent_ils_q7,mcq,"Co ukázal výzkumník Matthew Sachs o lidech, kteří jsou vysoce citliví na hudební vzrušení?","Matthew Sachs ukázal, že lidé náchylní k třesačce mají často více spojení mezi sluchovou kůrou, prefrontální kůrou a insulou.","[""Mají více spojení mezi sluchovou kůrou, prefrontální kůrou a inzulou"", ""Mají fyzicky citlivější sluch, než je průměr"", ""Systematicky poslouchají více hudby než ostatní"", ""Mají méně aktivní systém odměn, než je průměr""]",0,,,,,,
course_79_pourquoi_certains_sons_nous_donnent_ils,course_79_pourquoi_certains_sons_nous_donnent_ils_q8,trueFalse,Pravda nebo nepravda: Z evoluční perspektivy hudební vzrušení přímo vyživuje nebo chrání jednotlivce.,"Hudební vzrušení je evoluční paradox: přímo nevyživuje ani nechrání, ale synchronizace emocí skupiny mohla podpořit sociální soudržnost.","[""Pravda"", ""Nepravda""]",1,,,,,,
course_7_jeanne_d_arc_et_la_guerre_de_cent_ans_14,course_7_jeanne_d_arc_et_la_guerre_de_cent_ans_14_q1,mcq,"Jak stará byla Johanka z Arku, když se v roce 1429 přidala k dauphinovi Karlovi?","Jeanne bylo 17, když opustila Domrémy, aby přesvědčila dauphina, aby jí svěřil armádu.","[""17 let"", ""25 let"", ""30 let"", ""21 let""]",0,,,,,,
course_7_jeanne_d_arc_et_la_guerre_de_cent_ans_14,course_7_jeanne_d_arc_et_la_guerre_de_cent_ans_14_q2,mcq,Odkud se vzala Johanka z Arku?,Jeanne je rolnická dívka z Domrémy v Lotrinsku.,"[""Z Domrémy v Lotrinsku"", ""Z Orleansu"", ""Z Remeše"", ""Z Rouenu""]",0,,,,,,
course_7_jeanne_d_arc_et_la_guerre_de_cent_ans_14,course_7_jeanne_d_arc_et_la_guerre_de_cent_ans_14_q3,trueFalse,Pravda nebo lež: Stoletá válka postavila krále Francie proti králům Španělska.,"Stoletá válka proti sobě postavila anglické krále, Plantagenety, a krále Francie, Valois, nikoli Španělsko.","[""Pravda"", ""Nepravda""]",1,,,,,,
course_7_jeanne_d_arc_et_la_guerre_de_cent_ans_14,course_7_jeanne_d_arc_et_la_guerre_de_cent_ans_14_q4,mcq,Co poskytuje smlouva z Troyes z roku 1420?,"Troyská smlouva vydědí dauphina Karla ve prospěch anglického krále, jehož vláda je vyhlášena v Paříži.","[""Dauphin je vyděděn ve prospěch anglického krále"", ""Francie anektuje Burgundsko"", ""Johanka z Arku se stává rytířem"", ""Okamžitá korunovace Karla VII v Remeši""]",0,,,,,,
course_7_jeanne_d_arc_et_la_guerre_de_cent_ans_14,course_7_jeanne_d_arc_et_la_guerre_de_cent_ans_14_q5,mcq,Jaké poslání podle Jeanne dostala ze svých hlasů?,"Jeho hlasy mu přikazují zrušit obléhání Orléansu a poté vést dauphina ke korunovaci Remeše, což je jediný obřad, který dělá skutečného krále.","[""Zrušte obležení Orléans a veďte dauphina ke korunovaci Remeše"", ""Vyhnání Burgundů z Paříže"", ""Vezmi si dauphina Charlese"", ""Dobýt zpět Normandii""]",0,,,,,,
course_7_jeanne_d_arc_et_la_guerre_de_cent_ans_14,course_7_jeanne_d_arc_et_la_guerre_de_cent_ans_14_q6,numericSlider,Ve kterém roce zahájila Johanka z Arku obléhání Orléans?,"Joan prolomila obležení Orléans v květnu 1429, za pouhých devět dní.",,,,1429.0,1400.0,1450.0,3.0,
course_7_jeanne_d_arc_et_la_guerre_de_cent_ans_14,course_7_jeanne_d_arc_et_la_guerre_de_cent_ans_14_q7,trueFalse,Pravda nebo lež: Johanka z Arku zabila během bitvy mnoho nepřátel vlastní rukou.,"Jeanne nikdy nezabila nepřítele vlastní rukou; dala přednost tomu, aby vedla svůj prapor, aniž by sama prolévala krev.","[""Pravda"", ""Nepravda""]",1,,,,,,
course_7_jeanne_d_arc_et_la_guerre_de_cent_ans_14,course_7_jeanne_d_arc_et_la_guerre_de_cent_ans_14_q8,chronological,Seřaďte tyto události v životě Johanky z Arku v chronologickém pořadí.,"Tyto milníky sahají od roku 1420 do roku 1431: smlouva z Troyes, poté z Orléans a Remeše v roce 1429, zajetí v roce 1430 a poprava v roce 1431.",,,"[""Smlouva z Troyes vydědí dauphina"", ""Joan ruší obléhání Orléans"", ""Korunovace Karla VII v Remeši"", ""Zajetí Jeanne v Compiègne"", ""Hranice v Rouenu""]",,,,,
course_80_pourquoi_les_saisons_existent_sur_d_autr,course_80_pourquoi_les_saisons_existent_sur_d_autr_q1,mcq,Jaká je šikmost planety?,"Obliquita je úhel mezi osou rotace planety a kolmicí k její orbitě; čím je větší, tím výraznější jsou roční období.","[""Úhel mezi jeho osou otáčení a kolmicí k jeho oběžné dráze"", ""Průměrná vzdálenost mezi planetou a Sluncem"", ""Rychlost, kterou se planeta otáčí"", ""Celková délka roku na této planetě""]",0,,,,,,
course_80_pourquoi_les_saisons_existent_sur_d_autr,course_80_pourquoi_les_saisons_existent_sur_d_autr_q2,numericSlider,"O kolik stupňů je nakloněn Uran, nejextrémnější případ ve Sluneční soustavě?","Uran je nakloněn o 98°, téměř leží na boku, což mu dává extrémní roční období.",,,,98.0,0.0,130.0,10.0,°
course_80_pourquoi_les_saisons_existent_sur_d_autr,course_80_pourquoi_les_saisons_existent_sur_d_autr_q3,numericSlider,Na Uranu přibližně kolik let trvá každé období nepřetržitého dne na pólu?,"Uranu trvá 84 let, než obletí Slunce; každý pól tedy přijímá téměř 42 let nepřetržitého dne a poté 42 let úplné noci.",,,,42.0,10.0,80.0,5.0,let
course_80_pourquoi_les_saisons_existent_sur_d_autr,course_80_pourquoi_les_saisons_existent_sur_d_autr_q4,mcq,Proč nemají Jupiter a Merkur téměř žádná roční období?,"Jupiter a Merkur mají téměř přímou rotační osu, která nevytváří téměř žádné roční období, na rozdíl od Uranu nebo Země.","[""Jejich osa otáčení je téměř rovná, velmi mírně skloněná"", ""Jsou příliš daleko od Slunce na to, aby pocítili změny"", ""Jejich oběžná dráha je dokonale kruhová, bez jakýchkoliv možných změn"", ""Nerotují na sobě""]",0,,,,,,
course_80_pourquoi_les_saisons_existent_sur_d_autr,course_80_pourquoi_les_saisons_existent_sur_d_autr_q5,mcq,"Proč jsou na Marsu léta na jižní polokouli kratší, ale teplejší?","Dráha Marsu je oválná; Na jižní polokouli padá léto blízko perihélia, což má za následek kratší, ale teplejší léta, někdy s prachovými bouřemi.","[""Dopadají poblíž perihélia, tedy bodu, kde je Mars nejblíže Slunci"", ""Marťanská atmosféra zadržuje teplo jako obří skleník"", ""Jižní pól dostává dvakrát více světla než severní pól"", ""Mars mění rychlost rotace v závislosti na ročním období""]",0,,,,,,
course_80_pourquoi_les_saisons_existent_sur_d_autr,course_80_pourquoi_les_saisons_existent_sur_d_autr_q6,trueFalse,Pravda nebo lež: V roce 2018 ukončila misi roveru Opportunity sezónní prachová bouře.,V roce 2018 sezónní marťanská prachová bouře zakryla Slunce a trvale zastavila rover Opportunity.,"[""Pravda"", ""Nepravda""]",0,,,,,,
course_80_pourquoi_les_saisons_existent_sur_d_autr,course_80_pourquoi_les_saisons_existent_sur_d_autr_q7,mcq,Proč zůstává teplota Venuše všude téměř konstantní i přes extrémní sklon její osy?,Navzdory extrémnímu náklonu Venušin monstrózní skleníkový efekt neustále vyrovnává teplotu kolem 460 °C.,"[""Jeho monstrózní skleníkový efekt vyrovnává teplotu všude kolem 460 °C"", ""Venuše ve skutečnosti nemá žádný měřitelný sklon"", ""Jeho velmi rychlá rotace distribuuje teplo rovnoměrně"", ""Venuše je příliš daleko od Slunce na to, aby cítila změny""]",0,,,,,,
course_80_pourquoi_les_saisons_existent_sur_d_autr,course_80_pourquoi_les_saisons_existent_sur_d_autr_q8,trueFalse,"Pravda nebo lež: na Venuši trvá den, to znamená úplná rotace na sobě samé, déle než rok, to znamená revoluce kolem Slunce.","Na Venuši jeden den trvá 243 pozemských dní, ve srovnání s 225 pozemskými dny za rok: rotace je delší než revoluce.","[""Pravda"", ""Nepravda""]",0,,,,,,
course_80_pourquoi_les_saisons_existent_sur_d_autr,course_80_pourquoi_les_saisons_existent_sur_d_autr_q9,mcq,Jakou roli hraje Měsíc v ročních obdobích Země?,Bez Měsíce by sklon Země chaoticky osciloval mezi 0° a více než 80°; Měsíc funguje jako gravitační stabilizátor.,"[""Stabilizuje sklon zemské osy a zabraňuje chaotickým oscilacím"", ""Přímo ohřívá polokouli, kterou v noci osvětluje"", ""Urychluje rotaci Země kolem Slunce"", ""V létě blokuje část slunečního záření""]",0,,,,,,
course_81_l_odyssee_homere,course_81_l_odyssee_homere_q1,mcq,"Kterému řeckému hrdinovi trvalo deset let, než se vrátil domů po trojské válce?","Odysseovi, králi Ithaky, trvá deset let, než se vrátí domů po skončení trojské války: to je téma Odyssey.","[""Ulysses"", ""Achilles"", ""Agamemnon"", ""Aeneas""]",0,,,,,,
course_81_l_odyssee_homere,course_81_l_odyssee_homere_q2,mcq,"Jak příběh Odyssey začíná, narativně řečeno?","Homer začíná svůj příběh uprostřed dění: Odysseus, držený nymfou Calypso, pak ve flashbacku líčí svá minulá dobrodružství.","[""In media res, uprostřed dění, zatímco Ulysses je držen Calypso"", ""Příběhem narození Odyssea"", ""Do začátku trojské války"", ""Odysseovým návratem na Ithaku""]",0,,,,,,
course_81_l_odyssee_homere,course_81_l_odyssee_homere_q3,trueFalse,"Pravda nebo lež: Ulysses unikne Cyclops Polyphemus, aniž by kdy odhalil své jméno.","Odysseus po oslepení Polyféma hrdě vykřikuje své pravé jméno, což umožňuje Cyclopsovi přivolat pomstu svého otce Poseidona na něm.","[""Pravda"", ""Nepravda""]",1,,,,,,
course_81_l_odyssee_homere,course_81_l_odyssee_homere_q4,mcq,"Jak Penelope odrazí nápadníky, kteří ji obléhají na Ithace?","Penelope získává čas tím, že slíbí, že se znovu vdá, jakmile bude rubáš hotový, což každou noc tajně rozbalí.","[""Ve dne tká rubáš a každou noc ho roztahuje"", ""Zamkne se v nedobytné věži"", ""Požádá Athénu, aby je proměnila v kámen"", ""Jde se se synem schovat na Krétu""]",0,,,,,,
course_81_l_odyssee_homere,course_81_l_odyssee_homere_q5,mcq,"Kdo pozná Odyssea jako první, když se vrátí na Ithaku v přestrojení za žebráka?","Pes Argos, velmi starý, rozpoznává Ulyssea dříve než kdokoli jiný, následovaný jeho ošetřovatelkou Eurycleou.","[""Jeho starý pes Argos"", ""Jeho žena Penelope"", ""Jeho syn Telemachus"", ""Jeden z nápadníků""]",0,,,,,,
course_81_l_odyssee_homere,course_81_l_odyssee_homere_q6,trueFalse,"Pravda nebo nepravda: Moderní učenci věří, že Odyssea vzešla z dlouhé ústní tradice spíše než z pera jediného autora.","Dílo Milmana Parryho ukazuje, že text pochází z tradice zpěváků, bardů, kteří skládali podle hotových vzorců.","[""Pravda"", ""Nepravda""]",0,,,,,,
course_81_l_odyssee_homere,course_81_l_odyssee_homere_q7,numericSlider,Kolik písní (částí) je v Odyssey přibližně?,The Odyssey má 24 písní a přibližně 12 000 veršů.,,,,24.0,10.0,40.0,2.0,písně
course_81_l_odyssee_homere,course_81_l_odyssee_homere_q8,mcq,Který spisovatel 20. století převedl Ulyssesovu cestu do jediného dne v Dublinu?,"V roce 1922 vydal James Joyce svůj román Ulysses, který transponuje homérské putování do jediného dne v Dublinu.","[""James Joyce"", ""Marcel Proust"", ""Albert Camus"", ""Viktor Hugo""]",0,,,,,,
course_82_l_iliade_homere,course_82_l_iliade_homere_q1,mcq,Na kolik dní se akce Iliady soustředí především?,"Homer zaměřuje své vyprávění na 51 dní desátého roku války, nikoli na celý konflikt.","[""51 dní desátého roku války"", ""Celých deset let trojské války"", ""Jediný den bitvy"", ""Dvacet let Odysseovy nepřítomnosti""]",0,,,,,,
course_82_l_iliade_homere,course_82_l_iliade_homere_q2,mcq,Jaké je podle kurzu pravé první téma básně?,"Báseň začíná hněvem Achilla, vyprovokovaným ponížením, které způsobil Agamemnon, ještě před otázkou Tróje.","[""Achilleův hněv"", ""Ulyssesův trik"", ""Stavba trojského koně"", ""Rozsudek z Paříže""]",0,,,,,,
course_82_l_iliade_homere,course_82_l_iliade_homere_q3,trueFalse,"Pravda nebo lež: Agamemnon poníží Achilla tím, že vezme jeho zajatou Briseis.","Agamemnon vezme Briseis od Achilla, což zraňuje jeho čas, čest za jeho zásluhy, a spouští jeho hněv.","[""Pravda"", ""Nepravda""]",0,,,,,,
course_82_l_iliade_homere,course_82_l_iliade_homere_q4,mcq,Proč si Patroklos půjčuje Achillovu zbroj?,"Bez Achilla odstraněného z boje, Řekové složit; Patroklos si půjčuje své brnění, aby zastrašil Trojany vedené Hektorem.","[""Vyděsit Trojany, kteří ohrožují řecké lodě"", ""Předstírat, že jsem Agamemnon"", ""Účastnit se pohřebních her"", ""Na návštěvu Priama""]",0,,,,,,
course_82_l_iliade_homere,course_82_l_iliade_homere_q5,mcq,Kdo zabije Patrokla s pomocí boha Apollóna?,"Patroklos neuposlechne Achillovy rozkazy a je zabit trojským princem Hektorem, kterému pomáhá Apollo.","[""Sekýrovat"", ""Paříž"", ""Agamemnon"", ""Priam""]",0,,,,,,
course_82_l_iliade_homere,course_82_l_iliade_homere_q6,trueFalse,Pravda nebo lež: v Iliadě mohou bohům ublížit i smrtelníci.,Válečník Diomedes zraní Afroditu do ruky a bůh Ares musí s křikem prchnout: ani bohové nejsou nezranitelní.,"[""Pravda"", ""Nepravda""]",0,,,,,,
course_82_l_iliade_homere,course_82_l_iliade_homere_q7,mcq,"Jak Achilles zachází s Hektorovým tělem poté, co ho zabil?","Achilles přiváže Hectorovo tělo ke svému vozu a táhne ho před hradby Tróje před očima své rodiny, přičemž odmítá pohřební obřady.","[""Přiváže ho ke svému vozu a táhne ho prachem"", ""Ihned ho s poctami pohřbil"", ""Okamžitě to vrátí Priamovi"", ""Spálí to na řecké pohřební hranici""]",0,,,,,,
course_82_l_iliade_homere,course_82_l_iliade_homere_q8,mcq,"Co vede Achilla k tomu, aby konečně vrátil Hectorovo tělo Priamovi?","Tváří v tvář starému králi Priamovi, který ho přišel prosit, Achilles myslí na svého otce a vrací mu tělo svého syna.","[""Když vidí Priama zlomeného bolestí, myslí na svého otce"", ""Zeus to nařizuje přímo na bojišti"", ""Řekové hrozí vzpourou"", ""Hélène zasahuje, aby požádala o mír""]",0,,,,,,
course_82_l_iliade_homere,course_82_l_iliade_homere_q9,chronological,Dejte tyto kroky Iliady do pořádku.,"Tyto čtyři milníky strukturují báseň: počáteční hádka, smutek, který vyzbrojuje Achilla, rozhodující souboj, pak scéna znovuobjeveného lidstva.",,,"[""Spor mezi Achillem a Agamemnonem"", ""Smrt Patrokla"", ""Smrt Hectora"", ""Setkání Priama a Achilla""]",,,,,
course_82_l_iliade_homere,course_82_l_iliade_homere_q10,trueFalse,Pravda nebo lež: Ilias končí epizodou trojského koně.,Báseň končí Hectorovým pohřbem; trojský kůň tam není.,"[""Pravda"", ""Nepravda""]",1,,,,,,
course_83_dipe_roi_sophocle,course_83_dipe_roi_sophocle_q1,mcq,Jaký mor zasáhne Théby na začátku hry?,Théby zachvátí mor a orákulum požaduje potrestání vraha bývalého krále Laia.,"[""Mor"", ""Hladomor"", ""Invaze"", ""Zemětřesení""]",0,,,,,,
course_83_dipe_roi_sophocle,course_83_dipe_roi_sophocle_q2,mcq,Co slibuje Oidipus městu Théby?,"Oidipus slibuje, že najde vraha Laia, aniž by věděl, že ho najde v sobě.","[""Najděte a potrestejte vraha Laia"", ""Obnovte městské hradby"", ""Oženit se s dcerou předchozího krále"", ""Poraďte se s jiným příznivějším orákulem""]",0,,,,,,
course_83_dipe_roi_sophocle,course_83_dipe_roi_sophocle_q3,trueFalse,Pravda nebo lež: Sofokles zjemňuje tragédii zděděnou po Aischylovi přidáním dalších postav a psychologického napětí.,"Sophocles rozvíjí tragický žánr tím, že dává více prostoru postavám a jejich vnitřnímu napětí, sbor zůstává spíše komentátorem než hybnou silou akce.","[""Pravda"", ""Nepravda""]",0,,,,,,
course_83_dipe_roi_sophocle,course_83_dipe_roi_sophocle_q4,mcq,Koho se Oidipus při vyšetřování vraždy Laia ptá jako prvního?,"Oidipus nejprve zpochybňuje věštce Tiresiase, poté jeho manželku Jocastu, vdovu po Laiovi, než se stopy zavře v něm samotném.","[""Věštec Tiresias"", ""Jeho žena Jocasta"", ""Jeho syn"", ""Sfinga""]",0,,,,,,
course_83_dipe_roi_sophocle,course_83_dipe_roi_sophocle_q5,mcq,"Jaké jsou podle Aristotela dva klíčové efekty, které na Oidipu Rexe obdivuje?","Aristoteles obdivuje peripetie, náhlý zvrat situace a anagnorisis, okamžik, kdy Oidipus pochopí, kdo je.","[""Obrat a uznání"", ""Napětí a humor"", ""Násilí a podívaná"", ""Politický diskurz a morálka""]",0,,,,,,
course_83_dipe_roi_sophocle,course_83_dipe_roi_sophocle_q6,mcq,"Co udělá Oidipus, když pravda vyjde najevo?","Když pravda vyjde najevo a Jocasta spáchá sebevraždu, Oidipus zhasne oči, ten, kdo viděl město, se nyní odmítá dívat na svět.","[""Zhasne oči"", ""Okamžitě se beze slova vyhnal"", ""V zoufalství zabije Jocastu"", ""Abdikuje a jmenuje nástupce""]",0,,,,,,
course_83_dipe_roi_sophocle,course_83_dipe_roi_sophocle_q7,trueFalse,"Pravda nebo lež: v Oidipovi králi, čím jasněji hrdina hledá pravdu, tím blíže se blíží svému vlastnímu pádu.","To je tragická ironie hry: Oidipova touha být spravedlivý a jasný spíše urychluje jeho ztrátu, než aby ho před ní chránila.","[""Pravda"", ""Nepravda""]",0,,,,,,
course_83_dipe_roi_sophocle,course_83_dipe_roi_sophocle_q8,mcq,"Co znamená Oidipus pro město, jakmile bude známa pravda?","Oidipus se stává farmakos: mor je známkou neočištěného zločinu a je vyhnán, aby očistil město.","[""Farmakos, ten, kdo je vyloučen, aby očistil komunitu"", ""Král, který je oslavován jako spasitel"", ""Prostý svědek bez odpovědnosti"", ""Soudce odpovědný za potrestání ostatních viníků""]",0,,,,,,
course_83_dipe_roi_sophocle,course_83_dipe_roi_sophocle_q9,mcq,Který myslitel 20. století znovu čte mýtus o Oidipovi prostřednictvím psychoanalýzy?,"Freud vidí v oidipovském mýtu komplex, který nese jeho jméno, což je mimo jiné čtení širšího rozsahu hry.","[""Freud"", ""Marx"", ""Nietzsche"", ""Darwin""]",0,,,,,,
course_84_antigone_sophocle,course_84_antigone_sophocle_q1,mcq,"Co Kreón odmítne dát jednomu ze dvou bratrů, kteří zemřeli při vzájemném zabití?","Kreón nařídí jednoho z bratrů vyznamenat a druhého nechat nepohřbeného, ​​což Antigona odmítá.","[""Hrob"", ""Posmrtný rozsudek"", ""Thébský trůn"", ""Odpuštění bohů""]",0,,,,,,
course_84_antigone_sophocle,course_84_antigone_sophocle_q2,mcq,Co dělá Antigona proti rozkazu krále Kreóna?,"Antigona odmítá Kreónův výnos a sama pohřbívá tělo svého bratra, který zůstává nepohřbený.","[""Pohřbí tělo svého bratra"", ""Odejde do dobrovolného exilu"", ""Organizuje ozbrojené povstání"", ""Požaduje arbitráž od bohů v chrámu""]",0,,,,,,
course_84_antigone_sophocle,course_84_antigone_sophocle_q3,trueFalse,Pravda nebo lež: Antigona je dcerou Oidipa.,"Antigona patří do Oidipovy prokleté rodiny, což tíží celou hru.","[""Pravda"", ""Nepravda""]",0,,,,,,
course_84_antigone_sophocle,course_84_antigone_sophocle_q4,mcq,Jaký konflikt hodnot staví Antigona proti Kreónovi?,"Antigona se dovolává zákona staršího než královský výnos, zatímco Kreón hájí pozitivní zákon, který právě nařídil.","[""Přirozený zákon povinností vůči mrtvým proti pozitivnímu právu města"", ""Demokracie versus monarchie"", ""Bohatství versus chudoba"", ""Mládí versus stáří""]",0,,,,,,
course_84_antigone_sophocle,course_84_antigone_sophocle_q5,mcq,Kdo je Haemon ve hře?,"Haemon, syn Kreóna a snoubenec Antigony, marně prosí svého otce, aby se vzdal rozsudku.","[""Kreonův syn, Antigonin snoubenec"", ""Antigonin bratr zabit v bitvě"", ""Věštec, který předpovídá katastrofu"", ""Strážce, který odhalí Antigonin zločin""]",0,,,,,,
course_84_antigone_sophocle,course_84_antigone_sophocle_q6,mcq,Jakou chybu na Creonovi zdůrazňuje Sofokles svým rozhodnutím být tvrdohlavý?,"Kreón navzdory prosbám přetrvává a ztělesňuje aroganci, přemíru, která oslepuje a vede ke katastrofě.","[""Arogance, hrdý exces, který oslepuje"", ""Zbabělost před lidmi"", ""Přehnaná štědrost"", ""Nedostatek politické inteligence""]",0,,,,,,
course_84_antigone_sophocle,course_84_antigone_sophocle_q7,trueFalse,"Pravda nebo lež: když se Kreón konečně poddá a zřekne se svého rozhodnutí, zbývá ještě čas všechny zachránit.","Kreón se vzdává příliš pozdě: Antigona, pak Haemon a královna Eurydika umírají navzdory jeho změně názoru.","[""Pravda"", ""Nepravda""]",1,,,,,,
course_84_antigone_sophocle,course_84_antigone_sophocle_q8,mcq,Jak na Kreónův výnos zareaguje Antigonina sestra Ismene?,"Ismene tváří v tvář královskému zákazu váhá, zatímco Antigona její čin otevřeně přijímá.","[""Ta váhá, na rozdíl od Antigony, která volí čin"", ""Udá svou sestru králi"", ""Pohřbí tělo na jeho místo"", ""Zvedne zbraně proti Creonovi""]",0,,,,,,
course_84_antigone_sophocle,course_84_antigone_sophocle_q9,mcq,Který filozof 19. století čte v Antigoně konflikt mezi dvěma stejně legitimními právy?,"Hegel hru analyzuje jako konfrontaci dvou legitimních práv, veřejného pořádku a rodinné zbožnosti, aniž by jedna z nich byla zcela mylná.","[""Hegel"", ""Descartes"", ""Kant"", ""Rousseau""]",0,,,,,,
course_85_le_banquet_platon,course_85_le_banquet_platon_q1,mcq,V jakém kontextu se dialog Banketu odehrává?,"Banket se koná během sympozia, občanského jídla, kde lidé pijí, diskutují a soutěží ve výmluvnosti.","[""Jídlo athénských občanů, sympozia"", ""Lidový soud"", ""Lekce na Akademii"", ""Chrám během náboženského obřadu""]",0,,,,,,
course_85_le_banquet_platon,course_85_le_banquet_platon_q2,mcq,Jakému tématu by se měli hosté Banketu ve svých projevech věnovat?,Vnuceným tématem večera je Eros a každý host nabízí svou vlastní teorii lásky.,"[""Eros, láska-touha"", ""Spravedlnost ve městě"", ""Smrt a nesmrtelnost duše"", ""Povaha bohů""]",0,,,,,,
course_85_le_banquet_platon,course_85_le_banquet_platon_q3,mcq,Co říkají androgyni v Aristofanově řeči?,"Aristofanés vypráví, že lidé byli kdysi dvojití a že je Zeus rozsekl na dvě části, aby je potrestal, a od té doby každý hledal svou ztracenou polovinu.","[""Lidé byli kdysi dvojití, než je Zeus rozsekl na dvě části"", ""Bohové stvořili lidstvo z hlíny"", ""Muži pocházejí z jediného nesmrtelného předka"", ""Milenci byli původně nepřátelé""]",0,,,,,,
course_85_le_banquet_platon,course_85_le_banquet_platon_q4,trueFalse,Pravda nebo lež: Aristofanův mýtus o androgynech dal francouzštině výraz „spřízněná duše“.,"Tento příběh o lidech rozdělených na dvě části inspiroval francouzský výraz „spřízněná duše“, označující polovinu, kterou se snažíme najít.","[""Pravda"", ""Nepravda""]",0,,,,,,
course_85_le_banquet_platon,course_85_le_banquet_platon_q5,mcq,Kdo učí Sokrata teorii lásky jako prostředníka nebo démona?,"Sokrates hlásí učení Diotimy, moudrého cizince, že Eros je démon, prostředník, který touží po tom, co mu chybí.","[""Diotima"", ""Aristofanés"", ""Alkibiades"", ""Agathon""]",0,,,,,,
course_85_le_banquet_platon,course_85_le_banquet_platon_q6,mcq,V jakých fázích podle učení Diotimy milenec postupuje?,"Milenec začíná od krásného těla, přesouvá se ke krásným duším, pak ke krásným činům, než dosáhne Krásy v sobě: to je měřítko Platónského Erosu.","[""Od krásných těl po krásné duše, pak po krásné činy, až po Krásu v sobě"", ""Od přátelství přes nenávist k odpuštění"", ""Od manželství k samotě pak k moudrosti"", ""Od bohatství přes chudobu ke ctnosti""]",0,,,,,,
course_85_le_banquet_platon,course_85_le_banquet_platon_q7,mcq,"Kdo vtrhne, opilý, na konci sympozia chválit Sokrata?","Alkibiadés, opilý ctižádostivý mladík, vtrhne dovnitř a chválí Sokrata jako znepokojujícího satyra, čímž ukazuje, že filozofická touha neruší potíže.","[""Alkibiades"", ""Kreon"", ""Jocasta"", ""Diotima""]",0,,,,,,
course_85_le_banquet_platon,course_85_le_banquet_platon_q8,trueFalse,Pravda nebo lež: v běžném jazyce má „platonická“ láska stejný význam jako pro samotného Platóna.,"V běžném jazyce „platonický“ znamená bez masa, zatímco u Platóna zůstává tělo legitimním výchozím bodem, nikoli hanbou.","[""Pravda"", ""Nepravda""]",1,,,,,,
course_86_la_republique_platon,course_86_la_republique_platon_q1,mcq,Jakou ústřední otázku se snaží Platón v Republice vyřešit?,"Republika začíná jednoduchou otázkou: co je spravedlnost? Aby na to odpověděl Sokrates, představuje ideální město.","[""co je spravedlnost?"", ""Jak vyhrát válku?"", ""Jaký je původ bohů?"", ""Jak sestavit tragédii?""]",0,,,,,,
course_86_la_republique_platon,course_86_la_republique_platon_q2,mcq,Jak Platón rozděluje lidskou duši v Republice?,"Platón rozlišuje touhu (Epithumia), odvahu (Thumos) a rozum (Logos), které staví do paralely se třemi třídami ideálního města.","[""Ve třech částech: touha, odvaha a rozum"", ""Ve dvou částech: tělo a mysl"", ""Ve čtyřech přírodních živlech"", ""V pěti smyslech""]",0,,,,,,
course_86_la_republique_platon,course_86_la_republique_platon_q3,mcq,Kdo by měl podle Platóna vládnout ideálnímu městu?,"Ideálními vládci jsou králové-filosofové, dlouho vyučení v matematice a dialektice, žijící bez nadměrného soukromého vlastnictví.","[""Filosofové-králové, kteří milují pravdu více než moc"", ""Nejbohatší občané"", ""Nejlepší válečníci"", ""Chrámoví kněží""]",0,,,,,,
course_86_la_republique_platon,course_86_la_republique_platon_q4,trueFalse,Pravda nebo lež: Platón věří athénské demokracii jako nejlepšímu možnému režimu.,"Platón je naopak podezřívavý k athénské demokracii, která podle něj odsoudila Sokrata, spravedlivého člověka.","[""Pravda"", ""Nepravda""]",1,,,,,,
course_86_la_republique_platon,course_86_la_republique_platon_q5,mcq,Co vidí připoutaní vězni v mýtu o jeskyni?,"Vězni mýtů vidí jen stíny na zdi a tyto iluze si pletou s jedinou realitou, kterou znají.","[""Jen stíny vržené na zeď"", ""Slunce přímo"", ""Sochy bohů"", ""Jejich vlastní odraz ve vodě""]",0,,,,,,
course_86_la_republique_platon,course_86_la_republique_platon_q6,mcq,"Co se stane, když se osvobozený vězeň vrátí, aby varoval ostatní, v mýtu o jeskyni?","Osvobozený vězeň, který se vrací oznámit slunci, co viděl, je těmi, kdo zůstávají v řetězech, považován za blázna.","[""Říkají mu blázen"", ""Všichni ho okamžitě následují směrem k východu"", ""Je jmenován králem jeskyně"", ""Ostatní mu poděkují a jdou s ním ven""]",0,,,,,,
course_86_la_republique_platon,course_86_la_republique_platon_q7,mcq,Který filozof 20. století obviňuje republiku z vyhlašování totality?,"Karl Popper obviňuje republiku z otevření cesty k totalitě, jiní to považují spíše za vzdělávací utopii.","[""Karlem Popperem"", ""Sigmund Freud"", ""Jean-Paul Sartre"", ""Friedrich Nietzsche""]",0,,,,,,
course_86_la_republique_platon,course_86_la_republique_platon_q8,chronological,Dejte tyto politické režimy zpět do řádu degenerace popsaného Platónem.,"Platón popisuje postupnou degeneraci režimů, z nichž každý se zrodil z neřestí předchozího, od aristokracie k tyranii.",,,"[""Aristokracie"", ""Timokracie"", ""Oligarchie"", ""Demokracie"", ""Tyranie""]",,,,,
course_86_la_republique_platon,course_86_la_republique_platon_q9,mcq,"Co podle teorie Idejí představuje smyslový svět, který vnímáme?","Pro Platóna je rozumný svět jen stínem ve srovnání se světem Idejí, který ilustruje mýtus o jeskyni.","[""Stín skutečného světa Ideas"", ""Jediná realita, která existuje"", ""Dokonalé stvoření bohů"", ""Nedůležitý kolektivní sen""]",0,,,,,,
course_87_l_apologie_de_socrate_platon,course_87_l_apologie_de_socrate_platon_q1,numericSlider,Ve kterém roce byl Sokrates souzen a odsouzen k smrti v Athénách?,"Sokrates byl souzen a odsouzen v roce 399 př. n. l., proces, který se stal zakládajícím dějištěm západní filozofie.",,,,399.0,380.0,420.0,5.0,prům. INZERÁT
course_87_l_apologie_de_socrate_platon,course_87_l_apologie_de_socrate_platon_q2,mcq,Z čeho je Sokrates obviněn během procesu?,"Sokrates je obviněn, že nectí bohy města a svými řečmi kazí mládež.","[""Ne ctít bohy města a kazit mladé"", ""O vojenské zradě proti Athénám"", ""Krádeže veřejného majetku"", ""Za to, že jsem veřejně urazil soudce""]",0,,,,,,
course_87_l_apologie_de_socrate_platon,course_87_l_apologie_de_socrate_platon_q3,trueFalse,"Pravda nebo lež: Sokrates u soudu žádá o milost, aby získal milost od soudců.","Sokrates odmítá hrát kajícného obviněného: přeměňuje tribunál na zkoumání samotného města, místo aby žádal o milost.","[""Pravda"", ""Nepravda""]",1,,,,,,
course_87_l_apologie_de_socrate_platon,course_87_l_apologie_de_socrate_platon_q4,mcq,Co odhaluje věštec z Delphi Sokratovi podle jeho vlastního vyprávění?,"Orákulum z Delphi tvrdí, že nikdo není moudřejší než Sokrates, který pak chápe, že jeho moudrost spočívá v poznání, že neví.","[""Že nikdo není moudřejší než on"", ""Že musí uprchnout z Athén"", ""Že se stane králem"", ""Že se musí stát sofistou""]",0,,,,,,
course_87_l_apologie_de_socrate_platon,course_87_l_apologie_de_socrate_platon_q5,mcq,Jak se nazývá Sokratova metoda dialogu ve srovnání s porodem?,Sokratovská maieutika přirovnává dialog k porodu: vytváření jasnějších myšlenek v druhém prostřednictvím postupných otázek.,"[""Porodnictví"", ""Materialistická dialektika"", ""Sofistická rétorika"", ""Katarze""]",0,,,,,,
course_87_l_apologie_de_socrate_platon,course_87_l_apologie_de_socrate_platon_q6,mcq,"Co navrhuje Sokrates jako trest poté, co byl shledán vinným, čímž rozzlobil soudce?","Spíše než opatrné vyhnanství Sokrates navrhuje, aby se dal nakrmit Prytaneovi, což je provokace, která způsobí, že soudci hlasují pro smrt.","[""Být krmen v Prytaneu, čest vyhrazená pro dobrodince"", ""Okamžitý dobrovolný exil"", ""Pokuta zaplacená jeho učedníky"", ""Rok veřejných prací""]",0,,,,,,
course_87_l_apologie_de_socrate_platon,course_87_l_apologie_de_socrate_platon_q7,mcq,Kdo napsal Sokratovu Apologii?,"Apologii napsal Platón, žák Sokrata, který zobrazuje soud se svým mistrem.","[""Platón, jeho žák"", ""Sokrates sám"", ""Aristoteles"", ""Pouze Xenophon""]",0,,,,,,
course_87_l_apologie_de_socrate_platon,course_87_l_apologie_de_socrate_platon_q8,trueFalse,"Pravda nebo lež: v závislosti na kurzu se Sokrates jasně odlišuje od sofistů, i když je veřejné mínění někdy mate.","Sofisté jsou placení učitelé rétoriky, mezi nimiž Sokrates vyčnívá, i když je athénské mínění spíše mísí.","[""Pravda"", ""Nepravda""]",0,,,,,,
course_88_la_poetique_aristote,course_88_la_poetique_aristote_q1,mcq,Co se Aristoteles snaží analyzovat v Poetice?,"Poetika analyzuje tragédii a snaží se pochopit, jak příběh vyvolává strach a lítost a proč se díky tomuto efektu cítíme dobře.","[""Jak tragédie vytváří strach a lítost a proč se cítíme dobře"", ""Jak sestavit politický projev"", ""Jak najít ideální město"", ""Jak vést soudní vyšetřování""]",0,,,,,,
course_88_la_poetique_aristote,course_88_la_poetique_aristote_q2,mcq,"Jak Aristoteles pojmenovává umělecké napodobování, které rehabilituje tváří v tvář Platónově nedůvěře k obrazům?","Aristoteles rehabilituje mimesis, umělecké napodobování, které přirovnává k tomu, jak dítě napodobuje, aby pochopilo svět.","[""mimesis"", ""Porodnictví"", ""Dialektika"", ""Arogance""]",0,,,,,,
course_88_la_poetique_aristote,course_88_la_poetique_aristote_q3,trueFalse,Pravda nebo lež: podle Aristotela musí tragédie respektovat především dokumentární přesnost skutečných faktů.,"Pro Aristotela není kritériem skutečný dokument, ale pravděpodobné a nutné, co se v tomto příběhu muselo stát.","[""Pravda"", ""Nepravda""]",1,,,,,,
course_88_la_poetique_aristote,course_88_la_poetique_aristote_q4,mcq,Co znamená katarze podle Aristotela?,"Katarze se týká způsobu, jakým tragédie řídí naše působení soucitu a strachu, i když přesný význam tohoto termínu zůstává diskutován.","[""Forma čištění emocí soucitu a strachu"", ""Cvičení paměti pro herce"", ""Inscenační technika"", ""Náboženský rituál před představením""]",0,,,,,,
course_88_la_poetique_aristote,course_88_la_poetique_aristote_q5,mcq,Co podle Aristotela tvoří jádro dramatu více než postavy?,"Aristoteles umisťuje muthos, intriky do středu dramatu a cení si dobrodružství a uznání více než samotné postavy.","[""Muthos, intriky"", ""Výzdoba"", ""Sborová hudba"", ""Kostým herců""]",0,,,,,,
course_88_la_poetique_aristote,course_88_la_poetique_aristote_q6,mcq,Kterou hru Aristoteles uvádí jako hvězdný příklad peripetií a uznání?,"Aristoteles bere Oidipa krále jako hvězdný příklad: hrdina zjistí příliš pozdě, kdo je, v exemplárním zvratu.","[""Oidipus král"", ""Antigona"", ""Peršané"", ""Žáby""]",0,,,,,,
course_88_la_poetique_aristote,course_88_la_poetique_aristote_q7,mcq,Jaký typ hrdiny preferuje Aristoteles pro úspěšnou tragédii?,"Aristoteles dává přednost omylu, hamartii, před čistou špatností: hrdina není ani dokonale dobrý, ani nestvůrný, a proto je jeho pád logický a hrozný.","[""Hrdina, který udělá chybu, ani dokonale dobrý, ani monstrózní"", ""Dokonale ctnostný hrdina trestaný bezdůvodně"", ""Totálně zlý hrdina, který dostává svůj trest"", ""Hrdina nepřítomný v hlavní akci""]",0,,,,,,
course_88_la_poetique_aristote,course_88_la_poetique_aristote_q8,trueFalse,"Pravda nebo lež: podle Aristotela poezie říká konkrétní, zatímco historie říká obecné.","Je to naopak: pro Aristotela poezie mluví o obecném, zatímco historie mluví o konkrétním.","[""Pravda"", ""Nepravda""]",1,,,,,,
course_89_les_travaux_et_les_jours_hesiode,course_89_les_travaux_et_les_jours_hesiode_q1,mcq,Komu Hésiodos adresuje svou báseň Díla a dny?,"Báseň je adresována Persesovi, Hesiodovu bratru, obviněnému z podvodu při dělení dědictví.","[""Svého bratra Persese"", ""Své dceři"", ""K cizímu králi"", ""K samotné Muze""]",0,,,,,,
course_89_les_travaux_et_les_jours_hesiode,course_89_les_travaux_et_les_jours_hesiode_q2,trueFalse,"Pravda nebo lež: na rozdíl od Homéra, neurčité postavy, Hésiodos ve své básni zobrazuje sám sebe.","Hésiodos mluví o své vesnici, o svém otci, který pocházel z Malé Asie, ao jeho procesu proti Persesovi, osobním hlasem, který kontrastuje s anonymitou homérského barda.","[""Pravda"", ""Nepravda""]",0,,,,,,
course_89_les_travaux_et_les_jours_hesiode,course_89_les_travaux_et_les_jours_hesiode_q3,mcq,"Co dělá Prométheus v mýtu, který vyprávěl Hésiodos, aby vysvětlil tvrdost života?","Hésiodos vypráví, že Prométheus krade oheň, což je gesto, které má za následek boží trest a pomáhá vysvětlit tvrdost lidského stavu.","[""Krade oheň"", ""Vytváří první muže v hlíně"", ""Osvobodí uvězněné Titány"", ""Ožení se s Pandorou""]",0,,,,,,
course_89_les_travaux_et_les_jours_hesiode,course_89_les_travaux_et_les_jours_hesiode_q4,mcq,Co uvolňuje Pandořina nádoba podle mýtu vyprávěného Hésiodem?,"Pandořina nádoba uvolňuje zlo, které od té doby zasáhlo lidstvo.","[""Zlo, které sužuje lidstvo"", ""Poklady pro spravedlivé muže"", ""Oheň ukradený Prométheem"", ""Pět věků lidstva""]",0,,,,,,
course_89_les_travaux_et_les_jours_hesiode,course_89_les_travaux_et_les_jours_hesiode_q5,mcq,V jakém věku žijeme podle pěti věků lidstva popsaných Hésiodem?,"Hésiodos umístí svůj čas do doby železné, posledního a nejhoršího z pěti věků, kde spravedlnost pokulhává.","[""Doba železná, nejhorší, kde spravedlnost kolísá"", ""Zlatý věk, nejšťastnější"", ""Stříbrný věk, klidný a dlouhý"", ""Věk hrdinů, slavný a spravedlivý""]",0,,,,,,
course_89_les_travaux_et_les_jours_hesiode,course_89_les_travaux_et_les_jours_hesiode_q6,mcq,"Jaká další báseň, připisovaná Hésiodovi, vypráví o zrození bohů?","Theogonie, další báseň od Hésioda, vypráví o zrození bohů, zatímco Díla a Dny sestupují z nebe na pluh.","[""Theogonie"", ""Odyssey"", ""Georgiové"", ""Ilias""]",0,,,,,,
course_89_les_travaux_et_les_jours_hesiode,course_89_les_travaux_et_les_jours_hesiode_q7,mcq,Jaká morální opozice tvoří jádro básně?,"Báseň staví proti Dikè, spravedlnosti, k Aroganci, arogantnímu excesu: nespravedlivé krále ohrožuje Zeus, zatímco poctivý rolník má šanci.","[""Dikè, spravedlnost, proti Hybris, arogantní exces"", ""Bohatství versus chudoba"", ""Město versus venkov"", ""Mládí versus stáří""]",0,,,,,,
course_89_les_travaux_et_les_jours_hesiode,course_89_les_travaux_et_les_jours_hesiode_q8,mcq,Který latinský básník by později čerpal inspiraci z Works and Days v jeho Georgice?,"Virgil si vzpomene na Hésiodovu báseň ve své Georgice, dalším velkém básnickém textu věnovaném zemědělskému životu.","[""Virgil"", ""Ovidius"", ""Horace"", ""Cicero""]",0,,,,,,
course_89_les_travaux_et_les_jours_hesiode,course_89_les_travaux_et_les_jours_hesiode_q9,trueFalse,Pravda nebo lež: podle Hésioda je jakákoli forma rivality mezi sousedy špatná a je třeba se jí vyhnout.,"Hesiodos odlišuje dobrou Eris, užitečnou rivalitu, která člověka tlačí k lepší práci, od špatné Eris, nenávisti a soudu.","[""Pravda"", ""Nepravda""]",1,,,,,,
course_8_la_chute_de_constantinople_1453,course_8_la_chute_de_constantinople_1453_q1,numericSlider,Ve kterém roce padla Konstantinopol do rukou Osmanů?,Konstantinopol padla 29. května 1453 po 53 dnech obléhání.,,,,1453.0,1420.0,1480.0,3.0,
course_8_la_chute_de_constantinople_1453,course_8_la_chute_de_constantinople_1453_q2,mcq,Kdo vedl obléhání a dobytí Konstantinopole v roce 1453?,"Byl to mladý osmanský sultán Mehmed II., kdo vedl obléhání a dobytí města.","[""Osmanský sultán Mehmed II"", ""Byzantský císař Konstantin XI"", ""Křižáci 4. křížové výpravy"", ""Francouzský král Karel VII""]",0,,,,,,
course_8_la_chute_de_constantinople_1453,course_8_la_chute_de_constantinople_1453_q3,trueFalse,Pravda nebo lež: před rokem 1453 nebyly Theodosiánské hradby nikdy po tisíc let vynuceny Zemí.,"Tento trojitý val z 5. století odolával všem pozemním útokům po celé tisíciletí, až do osmanského dělostřelectva v roce 1453.","[""Pravda"", ""Nepravda""]",0,,,,,,
course_8_la_chute_de_constantinople_1453,course_8_la_chute_de_constantinople_1453_q4,mcq,Co trvale oslabilo Byzantskou říši před rokem 1453?,Křesťanští křižáci ze Západu vyplenili město v roce 1204 a Byzantská říše zůstala bez krve.,"[""Vyplenění Konstantinopole 4. křížovou výpravou v roce 1204"", ""Epidemie neštovic"", ""Velké zemětřesení"", ""Ztráta Egypta""]",0,,,,,,
course_8_la_chute_de_constantinople_1453,course_8_la_chute_de_constantinople_1453_q5,mcq,"Jak se jmenuje obří dělo, které vyrobil zakladatel Urban pro Mehmeda II.?","Městské kovárny pro Mehmeda II. 8metrové dělo zvané Bazilika, schopné střílet 600 kg dělové koule.","[""Bazilika"", ""Royal Bombard"", ""Leviatan"", ""Velká Bertha""]",0,,,,,,
course_8_la_chute_de_constantinople_1453,course_8_la_chute_de_constantinople_1453_q6,numericSlider,Kolik obránců postavil poslední byzantský císař Konstantin XI. proti Osmanům?,Tváří v tvář desítkám tisíc Osmanů měl Konstantin XI jen asi 7 000 obránců.,,,,7000.0,1000.0,15000.0,1000.0,obránci
course_8_la_chute_de_constantinople_1453,course_8_la_chute_de_constantinople_1453_q7,chronological,Seřaďte tyto události pádu Konstantinopole v chronologickém pořadí.,"Tyto čtyři fáze sahají od roku 1204 do roku 1453: oslabení Byzance, nástup Mehmeda II. k moci, obléhání a poté pád.",,,"[""Vyplenění města 4. křížovou výpravou"", ""Nástup Mehmeda II jako sultána"", ""Začátek osmanského obléhání"", ""Dobytí města a jeho přeměna na osmanské hlavní město""]",,,,,
course_8_la_chute_de_constantinople_1453,course_8_la_chute_de_constantinople_1453_q8,mcq,"Co se stalo s chrámem Hagia Sophia poté, co bylo město dobyto?",Mehmed II přeměnil velký Hagia Sophia na mešitu po dobytí.,"[""Mešita"", ""Osmanský císařský palác"", ""Knihovna"", ""Je zničená""]",0,,,,,,
course_8_la_chute_de_constantinople_1453,course_8_la_chute_de_constantinople_1453_q9,mcq,Jaký je jeden z evropských důsledků pádu Konstantinopole?,"Silným zdaněním východních cest Osmané dotlačili Portugalsko a Španělsko k hledání Atlantiku, čímž otevřeli cestu k Velkým objevům.","[""S zablokovanými cestami na východ hledá Evropa jiné cesty do Asie"", ""Anglie anektuje Řecko"", ""Papež přesouvá své hlavní město do Konstantinopole"", ""Západořímská říše je znovuzrozena""]",0,,,,,,
course_90_medee_euripide,course_90_medee_euripide_q1,mcq,Proč Iáson opouští Medeu v Korintu?,"V Korintu Jason opustí Medeu, aby se oženil s královskou dcerou, což spustí Medeinu pomstu.","[""Oženit se s dcerou korintského krále"", ""Protože ztratila své magické schopnosti"", ""Protože to bohové vyžadují"", ""Abych se vrátil sám do Kolchidy""]",0,,,,,,
course_90_medee_euripide,course_90_medee_euripide_q2,mcq,"Co přinesla Medea Jasonovi, než se s ní rozvedl?",Bez Medeiných kouzel by Jason nikdy nezískal Zlaté rouno: Euripides trvá na nevděku „civilizovaného“ člověka.,"[""Jeho magická pomoc při získávání Zlatého rouna"", ""Značné osobní jmění"", ""Armáda k dobytí Korintu"", ""Království v Colchis""]",0,,,,,,
course_90_medee_euripide,course_90_medee_euripide_q3,trueFalse,"Pravda nebo lež: v očích Řeků je Médea považována za barbara, cizího helénskému světu.","Medea pochází z Kolchidy, mimo řecký svět, a tento status cizinky se stane ústředním, když ji Jason zavrhne.","[""Pravda"", ""Nepravda""]",0,,,,,,
course_90_medee_euripide,course_90_medee_euripide_q4,mcq,Jak Euripides představuje Médeino rozhodnutí zabít své děti?,"Médea váhá, ale její rozhodnutí zabít své děti je vysvětleno v lucidní řeči: není to tichý akt šílenství.","[""Jako jasná volba, prezentovaná v promyšlené řeči"", ""Jako zcela neúmyslná nehoda"", ""Jako přímý rozkaz od bohů"", ""Jako čin okamžitě litoval a zrušil""]",0,,,,,,
course_90_medee_euripide,course_90_medee_euripide_q5,mcq,Jak skončí hra pro Medeu?,"Deus ex machina umožňuje Medee uprchnout na okřídleném voze, který poslal její děd Slunce, bez okamžitého trestu.","[""Uteče na okřídleném voze, který poslal její dědeček Slunce"", ""Je veřejně popraven v Korintu"", ""Spáchá sebevraždu jako Jocasta v Oidipovi králi"", ""Je jí odpuštěno Jasonem a zůstává v Korintu""]",0,,,,,,
course_90_medee_euripide,course_90_medee_euripide_q6,trueFalse,Pravda nebo lež: v závislosti na kurzu se Euripides zjevně snaží omluvit Médeino jednání.,"Euripides neomlouvá infanticidu, ale nutí diváky slyšet hlas toho, kdo ji spáchá.","[""Pravda"", ""Nepravda""]",1,,,,,,
course_90_medee_euripide,course_90_medee_euripide_q7,mcq,Jak je Euripides považován za „nejmodernějšího“ ze tří velkých řeckých tragédií?,"Euripides vedle Aischyla a Sofokla zkoumá niternost postav, které o sobě pochybují a protiřečí si, což z něj dělá psychologického génia.","[""Zkoumá niternost postav, které o sobě pochybují a protiřečí si"", ""Vyhýbá se jakémukoli dialogu ve prospěch čisté akce"", ""Ve všech svých skladbách opouští refrén"", ""Odmítá mytologická témata""]",0,,,,,,
course_90_medee_euripide,course_90_medee_euripide_q8,mcq,"Co kromě osobní pomsty na Jasonovi také Médea zničí tím, že zabije své děti, podle kurzu?","Zničením své vlastní linie Medea také poškozuje budoucnost města, což je politická cena, kterou kurz podtrhuje.","[""Budoucnost linie, s politickými náklady pro město"", ""Reputace Corinthu v zahraničí"", ""Kolchidský trůn"", ""Apollónův chrám""]",0,,,,,,
course_91_les_miserables_victor_hugo,course_91_les_miserables_victor_hugo_q1,mcq,Za jaký zločin byl Jean Valjean odsouzen na devatenáct let do vězení?,Valjean je odsouzen za krádež kousku chleba a před propuštěním stráví devatenáct let ve vězení.,"[""Krádež kousku chleba"", ""Finanční podvod"", ""Ozbrojený útok"", ""Vojenská dezerce""]",0,,,,,,
course_91_les_miserables_victor_hugo,course_91_les_miserables_victor_hugo_q2,mcq,"Kdo nabídne Valjeanovi druhou šanci tím, že ho přiměje uvěřit, že své stříbrné příbory dostal jako dárek?","Biskup Myriel nabízí Valjeanovi druhou šanci tím, že ho nechá uvěřit, že své stříbrné příbory dostal jako dárek, místo aby ho nahlásil za krádež.","[""biskup Myriel"", ""Inspektor Javert"", ""Fantine"", ""Cosette""]",0,,,,,,
course_91_les_miserables_victor_hugo,course_91_les_miserables_victor_hugo_q3,mcq,Pod jakou identitou se Valjean stává starostou a filantropickým průmyslníkem?,"Pod identitou monsieur Madeleine se Valjean stává filantropickým starostou, než ho Javert nakonec pozná.","[""Pane Madeleine"", ""Pane Thénardiere"", ""Pane Javerte"", ""Pane Myrieli""]",0,,,,,,
course_91_les_miserables_victor_hugo,course_91_les_miserables_victor_hugo_q4,trueFalse,"Pravda nebo lež: Inspektor Javert v románu ztělesňuje nemilosrdnou spravedlnost, která neúnavně pronásleduje Valjeana.","Javert představuje nepružnou spravedlnost, neschopnou smířit zákon a milost, což ho dovede k sebevraždě.","[""Pravda"", ""Nepravda""]",0,,,,,,
course_91_les_miserables_victor_hugo,course_91_les_miserables_victor_hugo_q5,mcq,Proč se Fantine propadá do chudoby?,"Fantine ochudí a obětuje se, aby zaplatila důchod své dceři Cosette, která zůstala v rukou Thénardierů.","[""Vyplácet důchod své dceři Cosette, svěřené Thénardierovým"", ""Aby financoval bratrova studia"", ""Splatit dluh z hazardu"", ""Utéct před policií po krádeži""]",0,,,,,,
course_91_les_miserables_victor_hugo,course_91_les_miserables_victor_hugo_q6,mcq,Která pařížská historická událost strukturuje vyvrcholení románu?,"Příběh se přesouvá do Paříže s povstáním v červnu 1832, vedeným republikánskou mládeží Přátel ABC.","[""Republikánské povstání v červnu 1832"", ""Útok na Bastilu"", ""Napoleonova korunovace"", ""Pařížská komuna""]",0,,,,,,
course_91_les_miserables_victor_hugo,course_91_les_miserables_victor_hugo_q7,mcq,Kdo umírá na barikádách a stává se symbolem obětované nevinnosti?,"Gavroche, dítě ulice, umírá na barikádách a stává se symbolem nevinnosti obětované násilím dějin.","[""Gavroche"", ""Marius"", ""Cosette"", ""Javert""]",0,,,,,,
course_91_les_miserables_victor_hugo,course_91_les_miserables_victor_hugo_q8,trueFalse,"Pravda nebo lež: Inspektor Javert nakonec spáchá sebevraždu, neschopný sladit zákon a milost poté, co ho zachránil Valjean.","Javert, zachráněn Valjeanem, nemůže smířit svou připoutanost k zákonu s milostí, kterou právě obdržel, a spáchá sebevraždu.","[""Pravda"", ""Nepravda""]",0,,,,,,
course_91_les_miserables_victor_hugo,course_91_les_miserables_victor_hugo_q9,chronological,Dejte si tyto fáze příběhu Les Miserables do pořádku.,"Hugo začal román v roce 1845, rukopis převzal v exilu po převratu v roce 1851, než se kniha objevila v Bruselu v roce 1862.",,,"[""Hugo začíná psát román pod názvem „Les Misères“"", ""Státní převrat přeruší a poté znovu spustí psaní v exilu"", ""Román se nakonec objeví v Bruselu""]",,,,,
course_91_les_miserables_victor_hugo,course_91_les_miserables_victor_hugo_q10,numericSlider,Ve kterém roce po sedmnácti letech práce konečně vyšly Les Misérables?,"Les Miserables se objevili v roce 1862 v Bruselu, po sedmnácti letech práce od roku 1845.",,,,1862.0,1840.0,1880.0,3.0,
course_92_madame_bovary_flaubert,course_92_madame_bovary_flaubert_q1,mcq,Kdo je autorem Madame Bovary?,"Gustave Flaubert publikoval Madame Bovary v roce 1857, což znamenalo zrod moderního realismu.","[""Gustave Flauberta"", ""Stendhal"", ""Honoré de Balzac"", ""Emile Zola""]",0,,,,,,
course_92_madame_bovary_flaubert,course_92_madame_bovary_flaubert_q2,mcq,Koho si Emma vezme na začátku románu?,"Emma se provdá za Charlese Bovaryho, čestného, ​​ale nudného provinčního lékaře, se kterým se usadí v Yonville.","[""Charles Bovary, provinční lékař"", ""Rodolphe, bohatý majitel"", ""Léon, notářský úředník"", ""Homais, lékárník""]",0,,,,,,
course_92_madame_bovary_flaubert,course_92_madame_bovary_flaubert_q3,mcq,"Jaký vypravěčský postup Flaubert v tomto románu vynalézá, když mísí hlas vypravěče s hlasem postavy bez uvozovek?","Flaubert vynalézá volný nepřímý styl: hlas vypravěče splyne s hlasem Emmy, přičemž si zachovává ironický odstup.","[""Volný nepřímý styl"", ""Vnitřní monolog"", ""Epistolární příběh"", ""Vyprávění v první osobě""]",0,,,,,,
course_92_madame_bovary_flaubert,course_92_madame_bovary_flaubert_q4,trueFalse,Pravda nebo nepravda: Flaubert byl odsouzen během soudního procesu v roce 1857 pro madame Bovaryovou.,Flaubert byl v roce 1857 zproštěn obvinění z „urážek veřejné morálky“.,"[""Pravda"", ""Nepravda""]",1,,,,,,
course_92_madame_bovary_flaubert,course_92_madame_bovary_flaubert_q5,mcq,"Co tlačí Emmu ke snům a cizoložství, podle románu?","Emma, ​​vychovaná v klášteře se sentimentálními romány, si plete skutečný život s fikcí, kterou četla, což podporuje její nespokojenost.","[""Sentimentální romány, které četla v klášteře"", ""Rada její matky"", ""Jeho politické ambice"", ""Jeho vášeň pro malování""]",0,,,,,,
course_92_madame_bovary_flaubert,course_92_madame_bovary_flaubert_q6,mcq,Kdo tlačí Emmu do dluhů prodejem jejího zboží na úvěr?,"Obchodník Lheureux tlačí na Emmu, aby se stále více zadlužovala, až do finančního krachu manželského páru.","[""Obchodník Lheureux"", ""Doktor Charles"", ""Lékárník Homais"", ""Klerik Léon""]",0,,,,,,
course_92_madame_bovary_flaubert,course_92_madame_bovary_flaubert_q7,mcq,Jak se Emma zabije na konci románu?,"Emma spáchá sebevraždu arsenem, který ukradne lékárníkovi Homaisovi, a nedokáže se vyrovnat se svými dluhy a deziluzí.","[""Polyká arsen ukradený lékárníkovi Homaisovi"", ""Vlévá se do Seiny"", ""Umírá žalem"", ""Je zabita Charlesem""]",0,,,,,,
course_92_madame_bovary_flaubert,course_92_madame_bovary_flaubert_q8,numericSlider,Kolik let strávil Flaubert psaním Madame Bovary?,"Flaubert se izoloval v Croissetu a pět let, od roku 1851 do roku 1856, věnoval psaní tohoto románu.",,,,5.0,1.0,12.0,1.0,let
course_92_madame_bovary_flaubert,course_92_madame_bovary_flaubert_q9,mcq,Jaký termín použil filozof Jules de Gaultier k označení Emminy chronické nespokojenosti?,"Jules de Gaultier vymyslel termín „bovaryismus“ k označení nespokojenosti někoho, kdo dává přednost fantazii před realitou.","[""Bovaryismus"", ""Romantismus"", ""Ten smutek"", ""Absurdní""]",0,,,,,,
course_93_le_rouge_et_le_noir_stendhal,course_93_le_rouge_et_le_noir_stendhal_q1,mcq,"Kdo je autorem Le Rouge et le Noir, jehož skutečné jméno je Henri Beyle?","Stendhal, jehož skutečné jméno bylo Henri Beyle, publikoval Le Rouge et le Noir v roce 1830.","[""Stendhal"", ""Honoré de Balzac"", ""Gustave Flauberta"", ""Viktor Hugo""]",0,,,,,,
course_93_le_rouge_et_le_noir_stendhal,course_93_le_rouge_et_le_noir_stendhal_q2,mcq,"Jaký je sociální původ Juliena Sorela, hrdiny románu?","Julien Sorel, syn opovrhovaného tesaře, má vzácnou inteligenci a sní o tom, že se prosadí ve společnosti, která je mu uzavřená.","[""Syn tesaře, chce se prosadit ve společnosti"", ""Syn zničeného šlechtice"", ""Syn bohatého obchodníka"", ""Syn napoleonského generála""]",0,,,,,,
course_93_le_rouge_et_le_noir_stendhal,course_93_le_rouge_et_le_noir_stendhal_q3,mcq,Co symbolizuje červená a černá v názvu?,Červená na vojenské uniformě a černá na církevním oděvu byly v rámci Obnovy jedinými vektory moci pro vzdělané prosté občany.,"[""Vojenská uniforma a církevní oděv, pro prostého člověka jediné cesty k nanebevzetí"", ""Krev a smutek"", ""Vášeň a smrt"", ""Barvy Obnovy""]",0,,,,,,
course_93_le_rouge_et_le_noir_stendhal,course_93_le_rouge_et_le_noir_stendhal_q4,trueFalse,Pravda nebo lež: Stendhal nazývá svůj suchý a nedůrazný styl „beylismus“.,"Stendhal tvrdí suchý styl ovlivněný jeho vojenskou kariérou, který sám nazývá beylismus.","[""Pravda"", ""Nepravda""]",0,,,,,,
course_93_le_rouge_et_le_noir_stendhal,course_93_le_rouge_et_le_noir_stendhal_q5,mcq,Komu se Julien stane učitelem ve Verrières?,Julien vstoupil do semináře a poté se stal učitelem dětí pana a paní de Rênalových ve Verrières.,"[""U Rênalovy rodiny"", ""U markýze de La Mole"", ""U biskupa z Besançonu"", ""V domě bohatého obchodníka""]",0,,,,,,
course_93_le_rouge_et_le_noir_stendhal,course_93_le_rouge_et_le_noir_stendhal_q6,mcq,Koho v Paříži svede Julien do služeb markýze de La Mole?,"Julien se stane sekretářem markýze de La Mole a svede jeho dceru Mathildu, hrdou aristokratku, která miluje nebezpečí.","[""Mathilde de La Mole"", ""paní de Rênal"", ""Pařížská herečka"", ""Dcera ministra""]",0,,,,,,
course_93_le_rouge_et_le_noir_stendhal,course_93_le_rouge_et_le_noir_stendhal_q7,mcq,Co způsobí Julienův konečný pád?,"Zatímco se Julien připravuje na sňatek s Mathildou, dopis od madame de Rênal odhalí jeho minulé lži a přeruší jeho vzestup.","[""Dopis od Madame de Rênal odsuzující její lži"", ""Objevování jeho původu"", ""Nezaplacený dluh z hazardu"", ""Prohraný duel proti rivalovi""]",0,,,,,,
course_93_le_rouge_et_le_noir_stendhal,course_93_le_rouge_et_le_noir_stendhal_q8,mcq,Jaká skutečná zpráva inspirovala děj románu?,"Stendhal je inspirován případem Antoina Bertheta, seminaristy odsouzeného k smrti v roce 1827.","[""Aféra Antoina Bertheta, seminarista odsouzen k smrti"", ""Flaubertův soud"", ""Atentát na vévodu z Berry"", ""Aféra Delphine Delamare""]",0,,,,,,
course_93_le_rouge_et_le_noir_stendhal,course_93_le_rouge_et_le_noir_stendhal_q9,numericSlider,Ve kterém roce vyšla kniha Červená a černá?,"Román se objevil v roce 1830, krátce před Trois Glorieuses.",,,,1830.0,1810.0,1840.0,3.0,
course_93_le_rouge_et_le_noir_stendhal,course_93_le_rouge_et_le_noir_stendhal_q10,trueFalse,Pravda nebo lež: tváří v tvář smrti Julien zdvojnásobí své úsilí uniknout z lešení lstí.,Ve vězení Julien přestává kalkulovat: tváří v tvář smrti si odmítne zachránit hlavu intrikami a přijímá svůj osud.,"[""Pravda"", ""Nepravda""]",1,,,,,,
course_94_candide_voltaire,course_94_candide_voltaire_q1,mcq,Kdo je autorem Candide?,"Voltaire publikoval Candide ou l'Optimisme v roce 1759, mistrovské dílo filozofického příběhu.","[""Voltaire"", ""Diderot"", ""Rousseau"", ""Montesquieu""]",0,,,,,,
course_94_candide_voltaire,course_94_candide_voltaire_q2,mcq,Jaká skutečná událost v roce 1755 šokovala Voltaira a podnítila psaní Candide?,"Lisabonské zemětřesení z 1. listopadu 1755, které zabilo kolem 60 000 lidí, rozbilo Voltairovu důvěru v dokonale uspořádaný svět.","[""Zemětřesení v Lisabonu"", ""Francouzská revoluce"", ""Sedmiletá válka"", ""Erupce Vesuvu""]",0,,,,,,
course_94_candide_voltaire,course_94_candide_voltaire_q3,mcq,Na jakou filozofickou teorii útočí Voltaire prostřednictvím postavy Panglose?,"Pangloss je karikatura Leibnize: Voltaire napadá myšlenku, že všechno zlo je podmínkou vyššího dobra.","[""Leibnizův optimismus"", ""Montaigneův skepticismus"", ""Descartův racionalismus"", ""Lockův empirismus""]",0,,,,,,
course_94_candide_voltaire,course_94_candide_voltaire_q4,trueFalse,"Pravda nebo lež: podle Panglose má každá událost, i strašná, prospěšnou příčinu.","Pangloss tvrdí, že každá událost, bez ohledu na to, jak hrozná, má prospěšnou příčinu, a jde tak daleko, že říká, že syfilis je pro čokoládu nezbytná.","[""Pravda"", ""Nepravda""]",0,,,,,,
course_94_candide_voltaire,course_94_candide_voltaire_q5,mcq,Proč je Candide na začátku příběhu vyhnána z hradu?,"Candide je vyhozena z hradu za to, že milovala Cunégonde, baronovu dceru, což spustilo jeho putování po světě.","[""Protože miluje Cunégonde"", ""Protože urazil barona"", ""Protože byl nuceně odveden"", ""Protože zradil Panglose""]",0,,,,,,
course_94_candide_voltaire,course_94_candide_voltaire_q6,mcq,Co Eldorado v příběhu demonstruje?,"Eldorado, racionální jihoamerická utopie, dokazuje, že optimismus může fungovat, ale Candide to nechá stejně, aby našla Cunégonde.","[""Ten optimismus může fungovat v racionální společnosti"", ""Ty peníze vás vždycky potěší"", ""Toto náboženství je nezbytné pro štěstí"", ""Tato válka je nezbytná pro pokrok""]",0,,,,,,
course_94_candide_voltaire,course_94_candide_voltaire_q7,mcq,"Co žene osud „černa ze Surinamu“, otroka zmrzačeného pro evropský cukr, Candide?","Tváří v tvář tomuto zmrzačenému otrokovi Candide konečně definuje optimismus jako „vztek tvrdit, že všechno je dobré, když je člověk špatný“.","[""Definujte optimismus jako „vztek tvrdit, že všechno je dobré, když jsme špatní“"", ""Natrvalo opustit Cunégonde"", ""Připojte se k inkvizici"", ""Návrat do Eldorada""]",0,,,,,,
course_94_candide_voltaire,course_94_candide_voltaire_q8,mcq,Jaká slavná věta příběh uzavírá?,Příběh končí slovy „Musíme obdělávat naši zahradu“: Voltaire upouští od metafyzických spekulací ve prospěch konkrétní akce.,"[""\""Musíme pěstovat naši zahradu\"""", ""„Všechno v pořádku, to končí dobře“"", ""\""Život je sen\"""", ""\""Peklo jsou jiní lidé\""""]",0,,,,,,
course_94_candide_voltaire,course_94_candide_voltaire_q9,numericSlider,Ve kterém roce vyšla Candide?,"Candide se objevil v roce 1759, bez jména autora, čtyři roky po zemětřesení v Lisabonu.",,,,1759.0,1740.0,1780.0,3.0,
course_94_candide_voltaire,course_94_candide_voltaire_q10,trueFalse,"Pravda nebo nepravda: Candide je pařížským parlamentem zakázán, ale stále tajně koluje.",Navzdory zákazu pařížského parlamentu se příběh šířil v podzemí s více než 20 000 výtisky v prvním roce.,"[""Pravda"", ""Nepravda""]",0,,,,,,
course_95_les_confessions_rousseau,course_95_les_confessions_rousseau_q1,mcq,Kdo je autorem Vyznání?,"Jean-Jacques Rousseau napsal Les Confessions, vydaný posmrtně v letech 1782 až 1789.","[""Jean-Jacques Rousseau"", ""Voltaire"", ""Diderot"", ""Chateaubriand""]",0,,,,,,
course_95_les_confessions_rousseau,course_95_les_confessions_rousseau_q2,mcq,Jaký literární žánr vymysleli The Confessions?,Vyznání znamenají zrod moderní autobiografie: „já“ se stává předmětem literárního zkoumání.,"[""Moderní autobiografie"", ""Epistolární román"", ""Filosofický příběh"", ""Klasická tragédie""]",0,,,,,,
course_95_les_confessions_rousseau,course_95_les_confessions_rousseau_q3,mcq,Proč podle Rousseauova autobiografického paktu vypráví svůj životní příběh?,"Rousseau píše: „Zakládám společnost, která nikdy neměla příklad“; říká svůj život pro jeho vlastní dobro, ne proto, aby oslavoval historii.","[""Sama za sebe, ne aby skrze ni oslavovala Dějiny"", ""Aby odsuzoval své politické nepřátele"", ""Získat odpuštění od církve"", ""K výchově mladých šlechticů""]",0,,,,,,
course_95_les_confessions_rousseau,course_95_les_confessions_rousseau_q4,trueFalse,Pravda nebo lež: stejně jako v Augustinových Vyznáních zůstává zpovědním soudcem v Rousseauovi Bůh.,"Na rozdíl od Augustina už soudcem není Bůh, ale čtenář: Rousseau sekularizuje zpověď a vynalézá autenticitu jako nejvyšší hodnotu.","[""Pravda"", ""Nepravda""]",1,,,,,,
course_95_les_confessions_rousseau,course_95_les_confessions_rousseau_q5,mcq,Jakou přezdívku dává Rousseau madame de Warens?,"Rousseau nazývá Madame de Warens „Mama“, vztah, který hluboce poznamenal jeho mládí.","[""\""mami\"""", ""\""Moje múza\"""", ""\""Moje dobrodinec\"""", ""\""Moje sestra\""""]",0,,,,,,
course_95_les_confessions_rousseau,course_95_les_confessions_rousseau_q6,mcq,Co přiznává Rousseau o svých pěti dětech?,"Rousseau přiznává, že přenechal svých pět dětí Foundlings, což je bolestné přiznání v jádru jeho upřímného podnikání.","[""Přenechal je nalezencům"", ""Poslal je studovat do zahraničí"", ""Svěřil je své sestře"", ""Veřejně se jich zřekl""]",0,,,,,,
course_95_les_confessions_rousseau,course_95_les_confessions_rousseau_q7,mcq,Kdo veřejně odhalil v anonymní brožuře opuštění Rousseauových dětí?,"Voltaire odhaluje v anonymní brožuře opuštění Rousseauových dětí a nutí ho, aby učinil veřejné přiznání v Confessions.","[""Voltaire"", ""Diderot"", ""D'Alembert"", ""Biskup z Paříže""]",0,,,,,,
course_95_les_confessions_rousseau,course_95_les_confessions_rousseau_q8,mcq,Jakou roli hraje v The Confessions příroda?,"Pro Rousseaua se krajina stává zrcadlem nové citlivosti, která se stane základem romantismu.","[""Stává se zrcadlem nové citlivosti, u zdroje romantismu"", ""Slouží jako jednoduchá, nedůležitá dekorace."", ""Symbolizuje pouze boží trest"", ""Představuje městskou civilizaci""]",0,,,,,,
course_95_les_confessions_rousseau,course_95_les_confessions_rousseau_q9,trueFalse,Pravda nebo lež: Vyznání byla vydána ještě za Rousseauova života.,"Vyznání byla vydána posmrtně, v letech 1782 až 1789, po Rousseauově smrti v roce 1778.","[""Pravda"", ""Nepravda""]",1,,,,,,
course_96_l_etranger_camus,course_96_l_etranger_camus_q1,mcq,Kdo je autorem Cizince?,"Albert Camus vydal The Stranger v roce 1942, svůj první román.","[""Albert Camus"", ""Jean-Paul Sartre"", ""André Malraux"", ""Georges Bernanos""]",0,,,,,,
course_96_l_etranger_camus,course_96_l_etranger_camus_q2,mcq,"Jaká je práce Meursaulta, vypravěče románu?","Meursault je úředník v Alžíru, jehož lhostejnost ke konvencím vede k jeho pádu.","[""Administrativní pracovník v Alžíru"", ""Koloniální lékař"", ""Profesor filozofie"", ""Advokát""]",0,,,,,,
course_96_l_etranger_camus,course_96_l_etranger_camus_q3,mcq,Co Meursault odmítne udělat na pohřbu své matky a ve vztahu s Marií?,"Meursault odmítá lhát o svých pocitech, žije přítomností a svými fyzickými pocity více než očekávanou morálkou.","[""Lhát o svých pocitech"", ""Účastnit se důležitých akcí"", ""Mluvte o své minulosti"", ""Opustit Alžír""]",0,,,,,,
course_96_l_etranger_camus,course_96_l_etranger_camus_q4,mcq,Za jakých okolností zabije Meursault muže na pláži?,"Meursault, oslněný sluncem na pláži, zastřelí muže v gestu, které román prezentuje jako tragickou náhodu, bez nenávisti a pomsty.","[""Oslněný sluncem, v gestu bez nenávisti a pomsty"", ""Pomstít přítele"", ""Během neúspěšného letu"", ""Náhodou při manipulaci se zbraní""]",0,,,,,,
course_96_l_etranger_camus,course_96_l_etranger_camus_q5,mcq,Z čeho také státní zástupce Meursaulta během procesu viní?,"Žalobce Meursaulta viní z toho, že před matčinou rakví vypil café au lait a den po pohřbu šel do kina.","[""Za pití kávy s mlékem před matčinou rakví"", ""Za vyhrožování policistovi"", ""Za lhaní o své identitě"", ""Mít záznam v trestním rejstříku""]",0,,,,,,
course_96_l_etranger_camus,course_96_l_etranger_camus_q6,trueFalse,"Pravda nebo lež: Meursault je odsouzen pouze za vraždu, kterou spáchal.","Společnost zvláště odsuzuje Meursaulta za to, že odmítl kolektivní rituály, jako by svou matku pohřbil „se srdcem zločince“.","[""Pravda"", ""Nepravda""]",1,,,,,,
course_96_l_etranger_camus,course_96_l_etranger_camus_q7,mcq,Jaký filozofický koncept román převádí do fikce?,Cizinec uvádí do fikce absurditu Camuse: rozchod mezi naším apelem na smysl a tichem světa.,"[""Absurdní v Camusovi"", ""Sartreovský existencialismus"", ""nietzscheovský nihilismus"", ""Starověký stoicismus""]",0,,,,,,
course_96_l_etranger_camus,course_96_l_etranger_camus_q8,trueFalse,Pravda nebo lež: pro Camuse musí absurdita vést k nihilismu a odříkání.,"Pro Camuse absurdita nevede k nihilismu, ale ke vzpouře: jde o to žít navzdory absenci smyslu.","[""Pravda"", ""Nepravda""]",1,,,,,,
course_96_l_etranger_camus,course_96_l_etranger_camus_q9,numericSlider,V jakém věku dostal Camus Nobelovu cenu za literaturu?,"Camus obdržel Nobelovu cenu za literaturu v roce 1957, ve věku 44 let.",,,,44.0,30.0,60.0,3.0,let
course_96_l_etranger_camus,course_96_l_etranger_camus_q10,mcq,"Který současný alžírský spisovatel znovu čte Cizinec z pohledu anonymní oběti v „Meursault, kontra-vyšetřování“?","Kamel Daoud znovu čte Cizinec z pohledu anonymní oběti ve svém románu „Meursault, contre-investigation“.","[""Kamel Daoud"", ""Yasmina Khadra"", ""Asie Djebar"", ""Kateb Yacine""]",0,,,,,,
course_97_le_mythe_de_sisyphe_camus,course_97_le_mythe_de_sisyphe_camus_q1,mcq,Kdo je autorem Mýtu o Sisyfovi?,"Albert Camus vydal v roce 1942 Mýtus o Sisyfovi, zakládající esej o myšlence absurdna.","[""Albert Camus"", ""Jean-Paul Sartre"", ""Simone de Beauvoir"", ""Emmanuel Levinas""]",0,,,,,,
course_97_le_mythe_de_sisyphe_camus,course_97_le_mythe_de_sisyphe_camus_q2,mcq,Jakým slavným výrokem Camus zahajuje svou esej?,"Camus zahajuje svou esej tvrzením, že jediným skutečně vážným filozofickým problémem je posouzení, zda život stojí za to žít.","[""\""Existuje jen jeden skutečně vážný filozofický problém, a to je sebevražda\"""", ""\""Peklo jsou jiní lidé\"""", ""\""Bůh je mrtvý\"""", ""\""Existence předchází podstatu\""""]",0,,,,,,
course_97_le_mythe_de_sisyphe_camus,course_97_le_mythe_de_sisyphe_camus_q3,mcq,Kde podle Camuse sídlí absurdita?,"Pro Camuse není absurdno ani ve světě, ani v člověku samotném, ale v jejich konfrontaci: mysl touží po řádu, svět mlčí.","[""V konfrontaci mezi lidskou touhou po pořádku a tichem světa"", ""Pouze v lidské mysli"", ""Pouze v chaosu vnějšího světa"", ""Při naprosté absenci rozumu v člověku""]",0,,,,,,
course_97_le_mythe_de_sisyphe_camus,course_97_le_mythe_de_sisyphe_camus_q4,mcq,Co je podle Camuse jedinou autentickou odpovědí na absurdno?,"Jedinou autentickou odpovědí je absurdní revolta: stát tváří v tvář tichu světa, bez útěchy a úniku.","[""Absurdní revolta"", ""Sebevražda"", ""Náboženská víra"", ""Naprostá lhostejnost""]",0,,,,,,
course_97_le_mythe_de_sisyphe_camus,course_97_le_mythe_de_sisyphe_camus_q5,trueFalse,Pravda nebo lež: pro Camuse filozofická sebevražda spočívá v útěku k víře nebo iracionálnu.,"Filosofická sebevražda, neboli „skok“ podle Kierkegaarda, utíká před absurditou směrem k víře nebo iracionálnu, místo aby se s tím konfrontovala.","[""Pravda"", ""Nepravda""]",0,,,,,,
course_97_le_mythe_de_sisyphe_camus,course_97_le_mythe_de_sisyphe_camus_q6,mcq,"Proč je Sisyfos odsouzen v řeckém mýtu, který převzal Camus?","Sisyfos, král Korintu, je odsouzen věčně valit kámen na vrchol, odkud se vždy vrací dolů.","[""Navěky valit kámen, který se vždy vrátí dolů"", ""Aby nesl svět na svých bedrech"", ""Toulat se nekonečně daleko od svého království"", ""Čelit mořským příšerám""]",0,,,,,,
course_97_le_mythe_de_sisyphe_camus,course_97_le_mythe_de_sisyphe_camus_q7,mcq,Kdy přesně se Camus zajímá o mýtus o Sisyfovi?,"Camus se zajímá o okamžik sestupu: Sisyfos je nadřazen svému osudu, protože si ho plně uvědomuje.","[""V okamžiku sestupu, kdy si Sisyfos uvědomuje svůj osud"", ""Když Sisyfos tlačí skálu nahoru"", ""V době jeho odsouzení bohy"", ""V době jeho smrti""]",0,,,,,,
course_97_le_mythe_de_sisyphe_camus,course_97_le_mythe_de_sisyphe_camus_q8,mcq,Jaká slavná věta uzavírá esej?,"Esej končí slovy „Musíme si představit Sisyfa šťastného“: štěstí, které se rodí z jasnosti a přijetí boje.","[""\""Musíte si představit Sisyfa šťastného\"""", ""\""Sysyfos je potrestaný muž\"""", ""\""Skála je prokletí\"""", ""\""Musíme uprchnout z hory\""""]",0,,,,,,
course_97_le_mythe_de_sisyphe_camus,course_97_le_mythe_de_sisyphe_camus_q9,mcq,Které dramatiky absurdního divadla Camus ovlivňuje?,"Mýtus o Sisyfovi ovlivňuje absurdní divadlo Samuela Becketta a Eugèna Ionesca, kde postavy rotují ve smyčce.","[""Samuel Beckett a Eugene Ionesco"", ""Jean Racine a Molière"", ""Bertolt Brecht a Antonín Artaud"", ""Jean Anouilh a Jean Giraudoux""]",0,,,,,,
course_98_a_la_recherche_du_temps_perdu_proust,course_98_a_la_recherche_du_temps_perdu_proust_q1,mcq,Kdo je autorem knihy Hledání ztraceného času?,Marcel Proust napsal knihu Hledání ztraceného času v letech 1913 až 1927.,"[""Marcel Proust"", ""André Gide"", ""Marcel Pagnol"", ""Anatole Francie""]",0,,,,,,
course_98_a_la_recherche_du_temps_perdu_proust,course_98_a_la_recherche_du_temps_perdu_proust_q2,mcq,"Jaký typ vzpomínek, vyvolaných senzací, klade Proust do středu románu?","Proust rozlišuje dobrovolnou, chladnou vzpomínku od nedobrovolné paměti, vyvolané senzací a která křísí minulost v její emocionální celistvosti.","[""Nedobrovolná paměť"", ""Kolektivní paměť"", ""Dobrovolná paměť"", ""Fotografická paměť""]",0,,,,,,
course_98_a_la_recherche_du_temps_perdu_proust,course_98_a_la_recherche_du_temps_perdu_proust_q3,mcq,Jaké jídlo namočené v čaji spouští nejslavnější vzpomínku v románu?,Madeleine namočená v čaji oživuje ve vypravěči všechny emocionální vzpomínky na Combraye.,"[""Madeleine"", ""Croissant"", ""Brioška"", ""Perník""]",0,,,,,,
course_98_a_la_recherche_du_temps_perdu_proust,course_98_a_la_recherche_du_temps_perdu_proust_q4,mcq,Proč si Proust obkládá svůj pokoj korkem?,"Proust se po smrti své matky izoloval a svůj pokoj vyložil korkem, aby se chránil před hlukem a pylem.","[""K ochraně proti hluku a pylu"", ""Aby lépe slyšel hluk z ulice"", ""K ozdobení vašeho interiéru"", ""K izolaci vašich rukopisů před vlhkostí""]",0,,,,,,
course_98_a_la_recherche_du_temps_perdu_proust,course_98_a_la_recherche_du_temps_perdu_proust_q5,trueFalse,"Pravda nebo lež: první díl, Na straně Swanna, vydavatelé okamžitě přijali.",Na straně Swanna utrpěl několik odmítnutí a musel být publikován samostatně v roce 1913.,"[""Pravda"", ""Nepravda""]",1,,,,,,
course_98_a_la_recherche_du_temps_perdu_proust,course_98_a_la_recherche_du_temps_perdu_proust_q6,mcq,"Který spisovatel později přizná, že se dopustil vážné chyby, když odmítl Proustův rukopis?","André Gide, který rukopisem pohrdal, později přiznal, že udělal vážnou chybu.","[""André Gide"", ""Anatole Francie"", ""Paul Valéry"", ""Emile Zola""]",0,,,,,,
course_98_a_la_recherche_du_temps_perdu_proust,course_98_a_la_recherche_du_temps_perdu_proust_q7,mcq,Co sedmý a poslední díl odhaluje vypravěči?,"Time Recovered odhaluje vypravěči jeho povolání spisovatele: psát dílo, které čtenář právě četl.","[""Jeho povoláním spisovatele, psaním díla, které jsme právě četli"", ""Swannova skutečná identita"", ""Rodinné tajemství skryté od dětství"", ""Gilbertina zrada""]",0,,,,,,
course_98_a_la_recherche_du_temps_perdu_proust,course_98_a_la_recherche_du_temps_perdu_proust_q8,numericSlider,Kolik svazků má In Search of Lost Time?,"Román má sedm svazků, vydaných v letech 1913 až 1927.",,,,7.0,3.0,12.0,1.0,svazky
course_98_a_la_recherche_du_temps_perdu_proust,course_98_a_la_recherche_du_temps_perdu_proust_q9,mcq,Která postava vnáší do románu dosud tabuizovaná témata?,"Monsieur de Charlus uvádí v La Recherche témata, která byla dříve v literatuře tabu.","[""Monsieur de Charlus"", ""Swann"", ""baron de Guermantes"", ""Doktor Cottard""]",0,,,,,,
course_98_a_la_recherche_du_temps_perdu_proust,course_98_a_la_recherche_du_temps_perdu_proust_q10,mcq,Jakou literární cenu obdržel Proust v roce 1919?,Proust obdržel Goncourtovu cenu v roce 1919 za film Ve stínu mladých dívek v květech.,"[""Goncourtova cena"", ""Nobelova cena"", ""Cena Femina"", ""Cena Interallié""]",0,,,,,,
course_99_le_pere_goriot_balzac,course_99_le_pere_goriot_balzac_q1,mcq,Kdo je autorem knihy Père Goriot?,Honoré de Balzac publikoval Le Père Goriot v roce 1835.,"[""Honoré de Balzac"", ""Viktor Hugo"", ""Gustave Flauberta"", ""Stendhal""]",0,,,,,,
course_99_le_pere_goriot_balzac,course_99_le_pere_goriot_balzac_q2,mcq,Ke které romantické skupině patří otec Goriot?,"Otec Goriot je ústředním bodem Comédie humaine, kde Balzac poprvé představuje návrat opakujících se postav.","[""Lidská komedie"", ""Rougon-Macquartovi"", ""Legenda staletí"", ""Legrační příběhy""]",0,,,,,,
course_99_le_pere_goriot_balzac,course_99_le_pere_goriot_balzac_q3,mcq,Pro koho obětuje otec Goriot všechno své jmění?,"Goriot, bývalý výrobce nudlí, obětoval vše pro své dcery Anastasii a Delphine, které ho opustily, jakmile zbohatly.","[""Jeho dcery Anastasie a Delphine"", ""Jeho jediný syn"", ""Jeho bývalí zaměstnanci"", ""Kostel jeho farnosti""]",0,,,,,,
course_99_le_pere_goriot_balzac,course_99_le_pere_goriot_balzac_q4,mcq,"Kde žije otec Goriot, zatímco jeho zdroje docházejí?","Goriot sestupuje z patra do patra v penzionu Vauquer, jak se jeho zdroje vyčerpají, až do toho nejskromnějšího pokoje.","[""V penzionu Vauquer"", ""V soukromém hotelu"", ""U jeho dcery Delphine"", ""V klášteře""]",0,,,,,,
course_99_le_pere_goriot_balzac,course_99_le_pere_goriot_balzac_q5,trueFalse,Pravda nebo lež: Goriotovy dcery zůstaly u jeho lůžka až do jeho smrti.,"Jeho dcery se vrací pouze požádat o peníze a jít na ples, zatímco jejich otec umírá sám v penzionu.","[""Pravda"", ""Nepravda""]",1,,,,,,
course_99_le_pere_goriot_balzac,course_99_le_pere_goriot_balzac_q6,mcq,"Kdo je Vautrin, postava, která navrhuje Rastignacovi cynickou smlouvu?","Vautrin, vlastním jménem Jacques Collin, je uprchlý trestanec, který nabízí Rastignacovi, aby vydělal své jmění vraždou.","[""Uprchlý trestanec, vlastním jménem Jacques Collin"", ""Zničený bývalý notář"", ""Padlý šlechtic"", ""Bezohledný lékař""]",0,,,,,,
course_99_le_pere_goriot_balzac,course_99_le_pere_goriot_balzac_q7,mcq,"Co nabízí Vautrin v Rastignacu, aby rychle vydělal jmění?","Vautrin nabízí Rastignacovi cynickou smlouvu: vydělat jmění zorganizováním vraždy, kterou Rastignac nakonec odmítne.","[""Vydělat jmění vraždou"", ""Oženit se s bohatou dědičkou"", ""Ukrást z penzijního fondu Vauquer"", ""Zmanipulování karetní hry""]",0,,,,,,
course_99_le_pere_goriot_balzac,course_99_le_pere_goriot_balzac_q8,mcq,Co říká Rastignac ze hřbitova Père-Lachaise na konci románu?,"Z Père-Lachaise, po smrti Goriota, Rastignac zahájil svou výzvu do Paříže: ""Teď jsme to my oba!"" »","[""\""Teď my oba!\"" »"", ""\""Proklínám tě, Paris!\"" »"", ""\""Sbohem, můj otče!\"""", ""\""Vautrin měl pravdu!\""""]",0,,,,,,
course_99_le_pere_goriot_balzac,course_99_le_pere_goriot_balzac_q9,mcq,Jakou románovou techniku ​​Balzac tímto románem zahajuje?,"Otec Goriot inauguruje v Comédie humaine návrat postav, které se znovu objevují z jednoho románu do druhého.","[""Návrat postav z jednoho románu do druhého"", ""Vnitřní monolog"", ""Epistolární román"", ""Vyprávění v první osobě""]",0,,,,,,
course_99_le_pere_goriot_balzac,course_99_le_pere_goriot_balzac_q10,numericSlider,Kolik postav se Balzac snaží vytvořit v celé Comédie humaine?,Balzac chce archivovat všechny společenské typy své doby prostřednictvím 90 románů a kolem 2000 postav.,,,,2000.0,1000.0,3000.0,200.0,postavy
course_9_l_empire_azteque,course_9_l_empire_azteque_q1,numericSlider,Ve kterém roce Mexiko zastihlo Tenochtitlán?,Mexika založila Tenochtitlán v roce 1325 na ostrůvku v jezeře Texcoco.,,,,1325.0,1280.0,1380.0,10.0,
course_9_l_empire_azteque,course_9_l_empire_azteque_q2,mcq,"Jaké znamení hledají Mexičané, aby založili své hlavní město, podle svého boha Huitzilopochtliho?","Mexica našla toto znamení na ostrůvku v jezeře Texcoco, kde v roce 1325 založili Tenochtitlán.","[""Orel požírající hada na kaktusu"", ""Kometa křižující oblohu"", ""Úplné zatmění Slunce"", ""Bílý jaguár""]",0,,,,,,
course_9_l_empire_azteque,course_9_l_empire_azteque_q3,mcq,"Co jsou chinampy, zdokonalené Aztéky?",Tyto ultraúrodné umělé ostrovy pomáhají napájet hlavní město jezera Tenochtitlán.,"[""Úrodné umělé ostrovy z bahna a rostlin"", ""Chrámy zasvěcené slunci"", ""Dlážděné cesty spojující provincie"", ""Podzemní obilné sýpky""]",0,,,,,,
course_9_l_empire_azteque,course_9_l_empire_azteque_q4,trueFalse,Pravda nebo lež: Aztékové používali koně a voly k přepravě kamenů svých pyramid.,"Aztékové neměli ani kolo pro přepravu, ani břemeno; přesto přemístili miliony tun kamene.","[""Pravda"", ""Nepravda""]",1,,,,,,
course_9_l_empire_azteque,course_9_l_empire_azteque_q5,mcq,"Co je to Triple Alliance, která vznikla v roce 1428?","V roce 1428 se Tenochtitlán spojil s Texcoco a Tlacopan a vytvořil trojitou alianci, která brzy ovládla region.","[""Spojení Tenochtitlán, Texcoco a Tlacopan"", ""Aliance mezi Aztéky a Španěly"", ""Mírová smlouva s Tlaxcaltéky"", ""Koalice proti Moctezumovi II""]",0,,,,,,
course_9_l_empire_azteque,course_9_l_empire_azteque_q6,mcq,Proč podle Kosmogonie pěti sluncí Aztékové praktikovali lidské oběti?,"Tento mýtus říká, že slunce přežívá pouze živené lidskou krví a přináší oběti nutné pro kontinuitu světa.","[""Nakrmit slunce krví a udržet svět v chodu"", ""K potrestání zločinců říše"", ""Vyděsit nepřátelské národy"", ""Na oslavu každoroční sklizně""]",0,,,,,,
course_9_l_empire_azteque,course_9_l_empire_azteque_q7,mcq,Co bylo hlavním faktorem rychlého pádu Aztécké říše do rukou Španělů?,"Skutečným zabijákem jsou pravé neštovice, evropská nemoc místním populacím neznámá, která decimuje Aztéky mnohem více než španělské zbraně.","[""Neštovice, nemoc, proti které Aztékové neměli imunitu"", ""Nedostatek aztéckých válečníků"", ""Absence opevněného hlavního města"", ""Odmítnutí Aztéků bojovat""]",0,,,,,,
course_9_l_empire_azteque,course_9_l_empire_azteque_q8,numericSlider,Kolik dní trvalo poslední obléhání Tenochtitlánu v roce 1521?,"Tenochtitlán padl v roce 1521 po 80 dnech obléhání, hladověl a zpustošil nemocemi.",,,,80.0,20.0,150.0,10.0,dny
course_9_l_empire_azteque,course_9_l_empire_azteque_q9,chronological,Seřaďte tyto etapy aztécké historie v chronologickém pořadí.,"Tyto čtyři milníky sahají od roku 1325 do roku 1521: založení hlavního města, imperiální expanze, příchod Španělů a poté konečný pád.",,,"[""Založení Tenochtitlánu na jezeře Texcoco"", ""Vznik trojité aliance"", ""Cortésův příjezd do Mexika"", ""Pád Tenochtitlánu""]",,,,,
