courseId,id,type,question,explanation,options_json,correctIndex,items_json,correctValue,sliderMin,sliderMax,tolerance,unit
course_100_les_fleurs_du_mal_baudelaire,course_100_les_fleurs_du_mal_baudelaire_q1,mcq,Kdo je avtor Les Fleurs du Mal?,"Charles Baudelaire je leta 1857 izdal Les Fleurs du Mal, rojstni list moderne poezije.","[""Charles Baudelaire"", ""Paul Verlaine"", ""Stéphane Mallarmé"", ""Arthur Rimbaud""]",0,,,,,,
course_100_les_fleurs_du_mal_baudelaire,course_100_les_fleurs_du_mal_baudelaire_q2,mcq,Zakaj so bili Les Fleurs du Mal obsojeni leta 1857?,"Zbirka je bila obsojena zaradi ""ogorčenja javne morale"", škandala, ki je bil uradno razglašen šele leta 1949.","[""Za »zločitev javne morale«"", ""Za plagiat"", ""Zaradi spodbujanja političnega nasilja"", ""Zaradi ogrožanja državne varnosti""]",0,,,,,,
course_100_les_fleurs_du_mal_baudelaire,course_100_les_fleurs_du_mal_baudelaire_q3,numericSlider,Katerega leta je bilo šest obsojenih pesmi iz Les Fleurs du Mal uradno rehabilitiranih?,"Šest pesmi, obsojenih leta 1857, je bilo uradno rehabilitiranih šele leta 1949, 92 let pozneje.",,,,1949.0,1920.0,1970.0,5.0,
course_100_les_fleurs_du_mal_baudelaire,course_100_les_fleurs_du_mal_baudelaire_q4,mcq,Kaj predstavlja albatros v razdelku »Vranica in ideal«?,"Albatros, veličasten v letu, a smešen, ko je postavljen na tla, predstavlja pesnika v svetu, ki ga ne razume.","[""Pesnik, veličasten v letu, a smešen na tleh"", ""Popolna svoboda umetnika"", ""Neizogibna smrt"", ""Nedosegljiva lepota""]",0,,,,,,
course_100_les_fleurs_du_mal_baudelaire,course_100_les_fleurs_du_mal_baudelaire_q5,mcq,Kateri del zbirke naredi Pariz psihološko pokrajino?,"""Pariške slike"" spremenijo mesto v psihološko pokrajino. Pesnik se tam potepa kot sprehajalec, opazovalec pariškega življenja pod Haussmannom.","[""\""Pariške slike\"""", ""“Vranica in ideal”"", ""\""Vino\"""", ""\""Smrt\""""]",0,,,,,,
course_100_les_fleurs_du_mal_baudelaire,course_100_les_fleurs_du_mal_baudelaire_q6,mcq,"Katera pesem opisuje naravo kot »tempelj« znakov, ki povezujejo vonjave, barve in zvoke?","»Korespondenca« naravo opisuje kot tempelj znamenj. Tam se mešajo čutila: dišave, barve in zvoki se odzivajo drug na drugega.","[""“Korespondenca”"", ""\""Albatros\"""", ""\""vranica\"""", ""“Zbirka”""]",0,,,,,,
course_100_les_fleurs_du_mal_baudelaire,course_100_les_fleurs_du_mal_baudelaire_q7,trueFalse,"Res ali ne: Baudelaire v celoti zavrača klasične pesniške oblike, kot je sonet.","Nasprotno, Baudelaire povezuje klasično obliko, kot sta sonet in aleksandrinka, z radikalno novo pesniško vizijo.","[""Prav"", ""Narobe""]",1,,,,,,
course_100_les_fleurs_du_mal_baudelaire,course_100_les_fleurs_du_mal_baudelaire_q8,mcq,"Kakšno pesniško gibanje je našla poetika Baudelairove korespondence, ki sta jo kasneje nosila Verlaine in Mallarmé?","Ta poetika dopisovanja je utemeljila simbolizem, ki sta ga nato nosila Verlaine in Mallarmé.","[""Simbolika"", ""romantika"", ""Naturalizem"", ""klasicizem""]",0,,,,,,
course_100_les_fleurs_du_mal_baudelaire,course_100_les_fleurs_du_mal_baudelaire_q9,mcq,"Katerega ameriškega pisatelja, ki ga opisujejo kot »dušnega brata«, je prevedel Baudelaire?","Baudelaire je prevedel Edgarja Poeja, ki ga je imel za ""dušnega brata"", ki je delil njegov okus za grozljivo.","[""Edgar Allan Poe"", ""Herman Melville"", ""Nathaniel Hawthorne"", ""Walt Whitman""]",0,,,,,,
course_100_les_fleurs_du_mal_baudelaire,course_100_les_fleurs_du_mal_baudelaire_q10,mcq,Kako Baudelaire povzema svojo poetično alkimijo pridobivanja lepote iz blata?,Baudelaire svoj projekt povzame s formulo: »Dal si mi svoje blato in iz njega sem naredil zlato«.,"[""\""Dal si mi svoje blato in iz njega sem naredil zlato\"""", ""“Lepota je večna”"", ""\""Zlo rodi zlo\"""", ""“Umetnost zaradi umetnosti”""]",0,,,,,,
course_101_1984_george_orwell,course_101_1984_george_orwell_q1,mcq,Kakšno je pravo ime Georgea Orwella?,George Orwell je psevdonim Erica Arthurja Blaira.,"[""Eric Arthur Blair"", ""George Bernard Shaw"", ""Aldous Huxley"", ""Herbert George Wells""]",0,,,,,,
course_101_1984_george_orwell,course_101_1984_george_orwell_q2,mcq,"V katerem konfliktu se je bojeval Orwell, preden je napisal 1984?","Orwell se je boril v letih 1936-1937 v milicah POUM med špansko državljansko vojno, kjer je bil ranjen.","[""Španska državljanska vojna"", ""Prva svetovna vojna"", ""Burska vojna"", ""Alžirska vojna""]",0,,,,,,
course_101_1984_george_orwell,course_101_1984_george_orwell_q3,mcq,Kaj je Orwella med to izkušnjo najbolj prizadelo poleg nasilja?,"Orwella najbolj preseneti, ko vidi, kako časopisi prepisujejo preteklost in izbrišejo borce, obsedenost z državnimi lažmi, ki napaja roman.","[""Potvarjanje dejstev in preteklosti s propagando"", ""Pomanjkanje hrane"", ""Izdaja njegovih tovarišev"", ""Cenzura tujega tiska""]",0,,,,,,
course_101_1984_george_orwell,course_101_1984_george_orwell_q4,mcq,Kateri resnični totalitarni režim navdihuje sistem Oceanije?,Oceanijski sistem se zgleduje predvsem po sovjetskem totalitarizmu kot modelu.,"[""Sovjetski totalitarizem"", ""italijanski fašizem"", ""Vichyjev režim"", ""Britanski imperij""]",0,,,,,,
course_101_1984_george_orwell,course_101_1984_george_orwell_q5,mcq,"Kako se imenuje ena sama stranka, ki vodi Oceanijo?","Oceanijo vodi Ingsoc, ki temelji na štirih paradoksalnih ministrstvih: mir, obilje, ljubezen in resnica.","[""Ingsoc"", ""Ljudska stranka"", ""Rdeča liga"", ""Centralni blok""]",0,,,,,,
course_101_1984_george_orwell,course_101_1984_george_orwell_q6,mcq,Kaj naredi Winston Smith za delo na ministrstvu za resnico?,"Winston Smith dela na ministrstvu za resnico, kjer briše preteklost, da bi ustrezala sedanjosti, ki jo določa stranka.","[""Briše in na novo piše preteklost, da se prilega partijski sedanjosti"", ""Državljane spremlja preko teleekranov"", ""Piše govore Big Brotherja"", ""Usposablja nove člane stranke""]",0,,,,,,
course_101_1984_george_orwell,course_101_1984_george_orwell_q7,mcq,Kako leta 1984 imenujete sposobnost sprejemanja dveh protislovnih resnic hkrati?,"Dvojno mišljenje se nanaša na sposobnost sprejemanja dveh nasprotujočih si resnic hkrati, steber partijske kontrole uma.","[""Doublethink"", ""Novogovor"", ""Teleekran"", ""Ingsoc""]",0,,,,,,
course_101_1984_george_orwell,course_101_1984_george_orwell_q8,mcq,Zakaj partija z novogovorom krči besedni zaklad?,"Novogovor zmanjša razpoložljivo besedišče, tako da kritičnega mišljenja ni mogoče oblikovati.","[""Onemogočiti kritično mišljenje"", ""Za poenostavitev administracije"", ""Za olajšanje mednarodne trgovine"", ""Poenotiti regionalna narečja""]",0,,,,,,
course_101_1984_george_orwell,course_101_1984_george_orwell_q9,chronological,Postavite te faze Orwellovega življenja in dela v red.,"Te štiri faze zaznamujejo Orwellovo kariero: španska državljanska vojna (1936-1937), Živalska farma (1945), 1984 (1949), nato njegova smrt leta 1950.",,,"[""Orwell se je med špansko državljansko vojno boril v milicah POUM"", ""Objavlja Živalsko farmo"", ""Objavil je 1984"", ""Umrl je na Škotskem kmalu po izidu svojega romana.""]",,,,,
course_101_1984_george_orwell,course_101_1984_george_orwell_q10,trueFalse,Res ali ne: na koncu romana Winston Smith na koncu vzljubi Big Brotherja.,"Totalitarizem zmaga na psihološki ravni: Winston ne le uboga, ampak tudi vzljubi Big Brotherja.","[""Prav"", ""Narobe""]",0,,,,,,
course_102_la_ferme_des_animaux_george_orwell,course_102_la_ferme_des_animaux_george_orwell_q1,mcq,Kateri zgodovinski dogodek Živalska farma prikazuje v obliki alegorije?,Orwell glavne faze ruske revolucije in stalinistične izdaje prenese v živalsko pravljico.,"[""Ruska revolucija"", ""Francoska revolucija"", ""Španska državljanska vojna"", ""Angleška industrijska revolucija""]",0,,,,,,
course_102_la_ferme_des_animaux_george_orwell,course_102_la_ferme_des_animaux_george_orwell_q2,mcq,Katero žival predstavlja Stalin v Orwellovi alegoriji?,"Napoleon, prašič, ki po lovu na Snežno kepo s silo prevzame oblast, je model Stalina.","[""Napoleon"", ""Stari Major"", ""Snežna kepa"", ""Malabar""]",0,,,,,,
course_102_la_ferme_des_animaux_george_orwell,course_102_la_ferme_des_animaux_george_orwell_q3,trueFalse,"Res ali ne: Založnik T.S. Eliot je zavrnil objavo Orwellovega rokopisa, ker se je bal, da bi pametni prašiči užalili državnike.","T.S. Eliot, takratni urednik, je rokopis iz tega razloga dejansko zavrnil.","[""Prav"", ""Narobe""]",0,,,,,,
course_102_la_ferme_des_animaux_george_orwell,course_102_la_ferme_des_animaux_george_orwell_q4,mcq,Kaj v alegoriji predstavljajo Napoleonovi psi?,"Psi, ki jih je Napoleon izuril, da lovijo Snowballa in terorizirajo kmetijo, predstavljajo sovjetsko tajno policijo.","[""Tajna policija"", ""Carjeva redna vojska"", ""Uporni kmetje"", ""Uradni novinarji""]",0,,,,,,
course_102_la_ferme_des_animaux_george_orwell,course_102_la_ferme_des_animaux_george_orwell_q5,mcq,Katera žival uteleša do onemoglosti izkoriščani proletariat?,"Malabar, predan in neutruden vlečni konj, simbolizira proletariat, ki dela, ne da bi se spraševal o avtoriteti.","[""Malabar, pridni konj"", ""Brille-Babil, propagandist"", ""Stari Major"", ""Snežna kepa""]",0,,,,,,
course_102_la_ferme_des_animaux_george_orwell,course_102_la_ferme_des_animaux_george_orwell_q6,chronological,Postavite te korake iz Živalske farme v red.,To zaporedje prikazuje postopen premik od egalitarne revolucije proti prašičji diktaturi.,,,"[""Živali zasledujejo kmeta Jonesa"", ""Napoleon s svojimi psi lovi Snežno kepo"", ""Prašiči skrivaj spreminjajo sedem zapovedi"", ""Prašiči začnejo hoditi po dveh nogah""]",,,,,
course_102_la_ferme_des_animaux_george_orwell,course_102_la_ferme_des_animaux_george_orwell_q7,mcq,Katera končna formula na koncu romana povzema izdajo egalitarnega ideala?,"Ta paradoksalna formula, zapisana na steni hleva, razkriva, da je razglašena enakost izpraznjena.","[""\""Vse živali so enake, vendar so nekatere živali bolj enake od drugih\"""", ""\""Prašiči morajo služiti drugim živalim\"""", ""\""Napoleon ima vedno prav\"""", ""\""Mlin bo naša rešitev\""""]",0,,,,,,
course_102_la_ferme_des_animaux_george_orwell,course_102_la_ferme_des_animaux_george_orwell_q8,trueFalse,Res ali ne: na koncu romana druge živali ne morejo več razlikovati prašičev od ljudi.,"Prašiči hodijo po dveh nogah, se oblačijo in gostijo s kmeti ter popolnoma zabrišejo mejo med njimi.","[""Prav"", ""Narobe""]",0,,,,,,
course_102_la_ferme_des_animaux_george_orwell,course_102_la_ferme_des_animaux_george_orwell_q9,numericSlider,"Približno koliko besed ima Živalska farma, namerno zelo kratko besedilo?","Orwell podaja svojo alegorijo v komaj 30.000 besedah, kar še okrepi učinkovitost basni.",,,,30000.0,15000.0,50000.0,5000.0,besede
course_103_hamlet_shakespeare,course_103_hamlet_shakespeare_q1,mcq,"Kdo ubije danskega kralja, Hamletovega očeta?","Klavdij ubije svojega brata, kralja, se nato poroči s kraljico Gertrudo in prevzame prestol.","[""Klavdij"", ""Polonij"", ""Laertes"", ""Fortinbras""]",0,,,,,,
course_103_hamlet_shakespeare,course_103_hamlet_shakespeare_q2,mcq,Kdo pove Hamletu o očetovem umoru?,"Duh pokojnega kralja se prikaže Hamletu, da bi razkril Klavdijev zločin.","[""Očetov duh"", ""Njegova mati Gertruda"", ""Ofelija"", ""Horatio""]",0,,,,,,
course_103_hamlet_shakespeare,course_103_hamlet_shakespeare_q3,mcq,"Kakšno strategijo sprejme Hamlet, da razišče zločin, ne da bi se razkril?","Hamlet se pretvarja, da je nor, da opazuje dvorišče, ne da bi vzbudil sum, strategija, ki nazadnje spodleti.","[""Simulira norost"", ""Odide v izgnanstvo v Wittenberg"", ""Javno obtoži Klavdija"", ""Pridruži se gledališki skupini""]",0,,,,,,
course_103_hamlet_shakespeare,course_103_hamlet_shakespeare_q4,trueFalse,"Res ali ne: med vladavino Elizabete I. so ženske vloge, kot je Ofelija, na odru igrale ženske.","Ženske so bile na odru prepovedane: ženske vloge so igrali moški, pogosto najstniki.","[""Prav"", ""Narobe""]",1,,,,,,
course_103_hamlet_shakespeare,course_103_hamlet_shakespeare_q5,mcq,"Kaj naredi Hamlet, da ujame Klavdija in potrdi njegovo krivdo?","Hamlet uprizori predstavo o umoru svojega očeta, da bi opazoval Klavdijev odziv.","[""Soba v sobi, »mišolovka«"", ""Javni dvoboj"", ""Sojenje na sodišču"", ""Anonimno pismo""]",0,,,,,,
course_103_hamlet_shakespeare,course_103_hamlet_shakespeare_q6,mcq,Koga Hamlet po pomoti ubije in tako sproži tragično spiralo?,"Hamlet ubije Polonija, kraljevega svetovalca, saj verjame, da udari vohuna, skritega za zaveso.","[""Polonij"", ""Laertes"", ""Klavdij"", ""Horatio""]",0,,,,,,
course_103_hamlet_shakespeare,course_103_hamlet_shakespeare_q7,mcq,Kaj po mnenju takratne medicine pojasnjuje Hamletovo melanholijo?,"Elizabetanska medicina je melanholijo pripisovala presežku črnega žolča, zaradi česar je bil subjekt bister, a paraliziran.","[""Presežek črnega žolča"", ""Demonska obsedenost"", ""Neravnovesje tople krvi"", ""Družinsko prekletstvo""]",0,,,,,,
course_103_hamlet_shakespeare,course_103_hamlet_shakespeare_q8,mcq,"Kakšno branje predlaga Freud za Hamleta, nekaj stoletij po Shakespearu?",Freud interpretira Hamletovo obotavljanje skozi Ojdipov kompleks in popularizira psihoanalitično branje drame.,"[""Vidi ga kot izraz Ojdipovega kompleksa"", ""Vidi ga kot kritiko nastajajočega kapitalizma"", ""Vidi ga kot versko alegorijo"", ""To vidi kot prošnjo za monarhijo""]",0,,,,,,
course_103_hamlet_shakespeare,course_103_hamlet_shakespeare_q9,trueFalse,Res ali ne: monolog »Biti ali ne biti« je ostal najbolj znano eksistencialno vprašanje v zahodnem gledališču.,"Ta monolog je postal simbol eksistencialnega vprašanja v gledališču, ki nasprotuje dejanju in trpljenju.","[""Prav"", ""Narobe""]",0,,,,,,
course_104_romeo_et_juliette_shakespeare,course_104_romeo_et_juliette_shakespeare_q1,mcq,"Na kateri vir se je Shakespeare predvsem zanašal, ko je napisal Romea in Julijo?","Shakespeare črpa navdih pri italijanskem pripovedniku Matteu Bandellu, vendar je dogajanje stisnjeno na pet dni, da bi okrepili tragedijo.","[""Kratka zgodba Mattea Bandella"", ""Starogrški mit"", ""Igra Christopherja Marloweja"", ""Sodobna londonska novica""]",0,,,,,,
course_104_romeo_et_juliette_shakespeare,course_104_romeo_et_juliette_shakespeare_q2,numericSlider,V koliko dneh Shakespeare zgosti vse dogajanje v igri?,"Shakespeare v petih dneh zaostri zaplet, zaradi česar je končna katastrofa še toliko bolj neizogibna.",,,,5.0,1.0,14.0,1.0,dni
course_104_romeo_et_juliette_shakespeare,course_104_romeo_et_juliette_shakespeare_q3,mcq,Kateri dogodek spremeni ton igre iz komedije v tragedijo?,"Smrt Mercutia, ki ga je ubil Tybalt, odpravi neprevidnost in igro dokončno premakne v tragedijo.","[""Smrt Mercutia"", ""Bal v maskah Capuletovih"", ""Skrivna poroka zaljubljencev"", ""Romeovo izgon""]",0,,,,,,
course_104_romeo_et_juliette_shakespeare,course_104_romeo_et_juliette_shakespeare_q4,mcq,"Kdo slavi skrivno poroko Romea in Julije v upanju, da bo spravil obe družini?","Brat Laurent se na skrivaj poroči z zaljubljencema v upanju, da bo njuna zveza pomirila sovraštvo med klani.","[""Brat Laurent"", ""Veronski princ"", ""Mercutio"", ""Juliettina medicinska sestra""]",0,,,,,,
course_104_romeo_et_juliette_shakespeare,course_104_romeo_et_juliette_shakespeare_q5,mcq,"Kaj preprečuje, da bi sporočilo brata Lawrencea pravočasno prispelo do Romea?","Epidemija kuge zadrži sela, odgovornega za opozorilo Romeu, kar povzroči končni dvojni samomor.","[""Epidemija kuge, ki zamuja sel"", ""Nevihta na morju"", ""Prijetje glasnika s strani princa"", ""Napaka naslova""]",0,,,,,,
course_104_romeo_et_juliette_shakespeare,course_104_romeo_et_juliette_shakespeare_q6,trueFalse,"Res ali ne: v Bandellu, Shakespearovem italijanskem viru, se Julija zbudi, preden Romeo umre, za razliko od predstave.","Shakespeare izbriše to poslovilno darilo v Bandellu, da bi bil konec predstave bolj okruten.","[""Prav"", ""Narobe""]",0,,,,,,
course_104_romeo_et_juliette_shakespeare,course_104_romeo_et_juliette_shakespeare_q7,mcq,"Kdo ubije Tybalta, zaradi česar je bil Romeo izgnan iz Verone?","Romeo ubije Tybalta, da bi se maščeval Mercutiu, zaradi česar je bil izgnan iz mesta.","[""Romeo sam"", ""Mercutio"", ""grof Paris"", ""Veronski princ""]",0,,,,,,
course_104_romeo_et_juliette_shakespeare,course_104_romeo_et_juliette_shakespeare_q8,mcq,Katero delo iz 20. stoletja prenaša spopad veronskih klanov na ulice New Yorka?,West Side Story zamenja Montagueje in Capuletove s tolpami Sharks in Jets.,"[""West Side Story"", ""Mast"", ""Boter"", ""Bes življenja""]",0,,,,,,
course_104_romeo_et_juliette_shakespeare,course_104_romeo_et_juliette_shakespeare_q9,trueFalse,Res ali ne: Dante je že dve stoletji pred Shakespearom govoril o družinah Montecchi in Cappelletti.,"Dante omenja ti dve družini Veronese v svojem delu, veliko preden ju je Shakespeare naredil za univerzalno tragedijo.","[""Prav"", ""Narobe""]",0,,,,,,
course_105_le_meilleur_des_mondes_aldous_huxley,course_105_le_meilleur_des_mondes_aldous_huxley_q1,mcq,"Kako se dominacija, ki si jo predstavlja Huxley, razlikuje od Orwellove leta 1984?","Kjer Orwell opisuje policijski teror, si Huxley predstavlja prostovoljno podrejanje, pridobljeno z užitkom in udobjem.","[""Temelji na užitku in udobju in ne na grozi"", ""Temelji na organizirani lakoti"", ""Temelji na stalni vojni"", ""Zanaša se na stalni policijski nadzor""]",0,,,,,,
course_105_le_meilleur_des_mondes_aldous_huxley,course_105_le_meilleur_des_mondes_aldous_huxley_q2,mcq,Kateri industrijski model je Huxley navdihnil za organizacijo svoje prihodnje družbe?,Huxley prenaša logiko tekočih trakov in industrijske standardizacije na samo človeško reprodukcijo.,"[""Fordizem in Taylorism"", ""Britanski kolonializem"", ""pruski militarizem"", ""Tradicionalne obrti""]",0,,,,,,
course_105_le_meilleur_des_mondes_aldous_huxley,course_105_le_meilleur_des_mondes_aldous_huxley_q3,trueFalse,"Res ali ne: izvirni naslov, Brave New World, ironično citira Shakespearovo igro.","Naslov citira Shakespearov Vihar, čigar naivna čudežnost tukaj prikriva razčlovečeno prihodnost.","[""Prav"", ""Narobe""]",0,,,,,,
course_105_le_meilleur_des_mondes_aldous_huxley,course_105_le_meilleur_des_mondes_aldous_huxley_q4,mcq,"Kako so v romanu določene družbene kaste, od Alf do Epsilonov?","Proces Bokanovskega omogoča, da je vsaka kasta proizvedena in pogojena od spočetja, tako da ji je všeč njeno stanje.","[""Od oblikovanja, zahvaljujoč postopku Bokanovsky"", ""Z izpitom, opravljenim kot odrasel"", ""Po družinski dednosti"", ""Z žrebom ob rojstvu""]",0,,,,,,
course_105_le_meilleur_des_mondes_aldous_huxley,course_105_le_meilleur_des_mondes_aldous_huxley_q5,mcq,Kakšno vlogo ima soma v tej družbi?,"Soma je zdravilo brez stranskih učinkov, ki takoj odpravi vsako frustracijo ali bolečino.","[""To je tolažilno zdravilo, ki odstrani vse frustracije"", ""Je gorivo, rezervirano za industrijo"", ""Je obvezno cepivo za vse"", ""Je obrokirana osnovna hrana""]",0,,,,,,
course_105_le_meilleur_des_mondes_aldous_huxley,course_105_le_meilleur_des_mondes_aldous_huxley_q6,mcq,Kdo je Savage John?,"John, rojen izven sistema v rezervatu, uteleša humanista, sposobnega bolečine in ekstaze, ki ga je izšolalo branje Shakespeara.","[""Človek, naravno rojen v rezervatu, ki je bral Shakespeara"", ""Globalni krmilnik sistema"", ""Uporniški alfa, vzgojen v prestolnici"", ""Znanstvenik, ki je ustvaril somo""]",0,,,,,,
course_105_le_meilleur_des_mondes_aldous_huxley,course_105_le_meilleur_des_mondes_aldous_huxley_q7,mcq,"Kaj John trdi proti Mustaphi Mondu, svetovnemu nadzorniku?","John zavrača umetno tolažbo in si prisvaja pravico do trpljenja, ustvarjanja in resnične ljubezni.","[""Pravica biti nesrečen"", ""Pravica do posedovanja več some"", ""Pravica vladati svetu"", ""Pravica do življenja v prestolnici""]",0,,,,,,
course_105_le_meilleur_des_mondes_aldous_huxley,course_105_le_meilleur_des_mondes_aldous_huxley_q8,trueFalse,"Res ali ne: na koncu romana se John strinja, da bo živel udobno v Krasnem novem svetu.","John zavrne somo in umetni raj, ki ga predlaga Mond: ubije se, brez možnosti sprave.","[""Prav"", ""Narobe""]",1,,,,,,
course_105_le_meilleur_des_mondes_aldous_huxley,course_105_le_meilleur_des_mondes_aldous_huxley_q9,numericSlider,Katerega leta je Aldous Huxley objavil Brave New World?,"Huxley je ta roman objavil leta 1932, potem ko ga je napisal leto prej.",,,,1932.0,1900.0,1960.0,3.0,
course_106_frankenstein_mary_shelley,course_106_frankenstein_mary_shelley_q1,mcq,"Kateri podnebni dogodek je prisilil Mary Shelley in njene prijatelje, da so leta 1816 ostali zaklenjeni v vili Diodati?","Izbruh Tambore je Evropo leta 1816 pahnil v leto brez poletja, zaradi česar je bila skupina prisiljena ostati zaprta na obali Ženevskega jezera.","[""Izbruh vulkana Tambora, ki je povzročil leto brez poletja"", ""Epidemija kolere v Evropi"", ""Napoleonska vojna"", ""Ostra, a običajna zima""]",0,,,,,,
course_106_frankenstein_mary_shelley,course_106_frankenstein_mary_shelley_q2,mcq,Kdo vodi tekmovanje Frankenstein Scary Story?,"Lord Byron je predlagal to tekmovanje, da bi razbremenil dolgčas v slabem vremenu leta 1816.","[""Lord Byron"", ""Percy Shelley"", ""Janez Polidori"", ""Sama Mary Shelley""]",0,,,,,,
course_106_frankenstein_mary_shelley,course_106_frankenstein_mary_shelley_q3,numericSlider,"Koliko je bila stara Mary Shelley, ko je napisala Frankensteina?","Mary Shelley je bila stara le 18 let, ko je napisala ta roman, na stičišču temačne romantike in znanstvenih razprav svojega časa.",,,,18.0,10.0,30.0,2.0,let
course_106_frankenstein_mary_shelley,course_106_frankenstein_mary_shelley_q4,mcq,Na katerem znanstvenem področju Mary Shelley črpa navdih za prebujenje bitja?,"Galvanizem, za katerega se je zdelo, da oživlja mrtvo snov z elektriko, neposredno navdihuje prizor ustvarjanja bitja.","[""Galvanizem, ti električni poskusi na mrtvi snovi"", ""Nastajajoča industrijska kemija"", ""Newtonova astronomija"", ""Tropska medicina""]",0,,,,,,
course_106_frankenstein_mary_shelley,course_106_frankenstein_mary_shelley_q5,mcq,Zakaj Victor Frankenstein išče skrivnost življenja v Ingolstadtu?,"Victorja žene ambicija, da bi izzval naravni red in postal ustvarjalec, »moderni Prometej«.","[""Postati sodobni Prometej, ne pa obogateti"", ""Za ozdravitev družinske bolezni"", ""Za pridobitev finančnega priznanja"", ""Da bi maščeval očetovo smrt""]",0,,,,,,
course_106_frankenstein_mary_shelley,course_106_frankenstein_mary_shelley_q6,mcq,Kako se bitje nauči človeškega jezika in čustev?,"Bitje se uči samo, na skrivaj, z opazovanjem kmečke družine in branjem Izgubljenega raja.","[""Z opazovanjem kmečke družine in branjem Miltonovega Izgubljenega raja"", ""Z obiskovanjem tečajev na Univerzi v Ingolstadtu"", ""Branje Victorjevih dnevnikov"", ""Poslušanje potujočih duhovnikov""]",0,,,,,,
course_106_frankenstein_mary_shelley,course_106_frankenstein_mary_shelley_q7,mcq,"Kaj bitje zahteva od Victorja, ki to zavrne?","Bitje prosi za spremljevalca, da ne bi bilo več samo; Victorjeva zavrnitev sproži njegovo uničujoče maščevanje.","[""Spremljevalec njenega stanja"", ""Denar za potovanje"", ""Ime za družbeni obstoj"", ""Javno pomilostitev za njegove zločine""]",0,,,,,,
course_106_frankenstein_mary_shelley,course_106_frankenstein_mary_shelley_q8,trueFalse,"Res ali ne: V romanu se ime ""Frankenstein"" nanaša na stvarnika, medtem ko samo bitje nima imena.","Bitje nikoli nima pravega imena, kar je znak Victorjevega zanikanja očetovstva: poimenovanje pošasti ""Frankenstein"" je torej napačna razlaga.","[""Prav"", ""Narobe""]",0,,,,,,
course_106_frankenstein_mary_shelley,course_106_frankenstein_mary_shelley_q9,mcq,"Kje se roman konča, med Victorjevo smrtjo in izginotjem bitja?","Roman se konča v ledu na Arktiki, kjer Victor umre, bitje pa izgine v meglicah.","[""Na Arktiki"", ""V Ženevi"", ""V Ingolstadtu"", ""V odprtem Sredozemskem morju""]",0,,,,,,
course_107_crime_et_chatiment_dostoievski,course_107_crime_et_chatiment_dostoievski_q1,mcq,"Kaj naredi Raskolnikov, da bi preizkusil svojo teorijo o ""nadčloveku""?","Raskolnikov umori starega posojilničarja, da bi preveril, ali pripada ""izjemnim"" bitjem, pooblaščenim za kršitev moralnega zakona.","[""Ubije posojilojemalca, ki se mu zdi neuporaben za družbo"", ""Oropa banko v Sankt Peterburgu"", ""Nedolžnega človeka prijavi policiji"", ""Plemiča izzove na dvoboj""]",0,,,,,,
course_107_crime_et_chatiment_dostoievski,course_107_crime_et_chatiment_dostoievski_q2,mcq,"Koga Raskolnikov tudi ubije, ne da bi to načrtoval?","Raskolnikov ubije tudi Lizaveto, ki je prispela nenadoma, kar še poslabša njegov zločin nenaklepnega umora.","[""Lizaveta, posojilničarjeva nedolžna sestra"", ""Sonya Marmeladova"", ""Njegova lastna mati"", ""Sodnik Porfirij Petrovič""]",0,,,,,,
course_107_crime_et_chatiment_dostoievski,course_107_crime_et_chatiment_dostoievski_q3,mcq,Kdo ima po Raskolnikovi teoriji pravico kršiti moralni zakon?,"Raskolnikov deli človeštvo na »navadne« in »izredne«, od katerih lahko slednji prekršijo zakon za višji namen.","[""»Izjemni« posamezniki, kot je Napoleon"", ""Plemiči rojstva"", ""Duhovniki in redovniki"", ""Bogati trgovci""]",0,,,,,,
course_107_crime_et_chatiment_dostoievski,course_107_crime_et_chatiment_dostoievski_q4,trueFalse,"Res ali ne: Raskolnikov je po umoru v celoti izkoristil denar, ukraden posojilničarju.","Raskolnikovu ukradeni denar ne koristi: ugotovi, da njegova vest ne prenese prelite krvi.","[""Prav"", ""Narobe""]",1,,,,,,
course_107_crime_et_chatiment_dostoievski,course_107_crime_et_chatiment_dostoievski_q5,mcq,"Katera osebna izkušnja je spremenila pogled na svet Dostojevskega, preden je napisal ta roman?","Dostojevski, član kroga Petračevskega, je bil podvržen lažni usmrtitvi, nato pa je odšel v kazensko kolonijo Omsk, izkušnja, ki je spremenila njegov pogled na svet.","[""Lažno streljanje, ki mu sledi zapor v Sibiriji"", ""Dolgo študijsko potovanje po zahodni Evropi"", ""Neuspela dogovorjena poroka"", ""Dvoboj, ki ga tesno izgubi""]",0,,,,,,
course_107_crime_et_chatiment_dostoievski,course_107_crime_et_chatiment_dostoievski_q6,mcq,Kdo je Sonia Marmeladova v romanu?,"Sonia, ki se je žrtvovala iz ljubezni do svoje družine, Raskolnikovu odpre pot do odrešitve s priznanjem in ne s ponosom.","[""Mlada ženska, ki se je žrtvovala, da bi prehranila svojo družino, kar potisne Raskolnikova k priznanju"", ""Preiskovalni sodnik, ki vodi preiskavo"", ""Raskolnikova sestra"", ""Prijatelj posojilojemalca iz otroštva""]",0,,,,,,
course_107_crime_et_chatiment_dostoievski,course_107_crime_et_chatiment_dostoievski_q7,mcq,"Kako sodnik Porfirij Petrovič ravna z Raskolnikovim, ki ga močno sumi?","Magister forenzične psihologije Porfirij Petrovič dovoli Raskoljnikovu, da se postopoma po lastni vesti izda.","[""Ugiba o njegovi krivdi, a mu pusti, da se obtoži"", ""Takoj ga aretira brez dokazov"", ""Dal ga je mučiti, da bi dobil priznanje"", ""Do sojenja ga popolnoma ignorira""]",0,,,,,,
course_107_crime_et_chatiment_dostoievski,course_107_crime_et_chatiment_dostoievski_q8,trueFalse,"Res ali ne: Raskolnikov odkrije, da zlahka prenese težo prelite krvi, kar potrjuje njegovo teorijo o superčloveku.","Nasprotno, Raskolnikov odkrije, da njegova vest ne more prenesti zločina: ni nadčlovek, za katerega se je mislil.","[""Prav"", ""Narobe""]",1,,,,,,
course_107_crime_et_chatiment_dostoievski,course_107_crime_et_chatiment_dostoievski_q9,mcq,Proti kateremu intelektualnemu gibanju se s tem romanom bori predvsem Dostojevski?,"Po vrnitvi iz izgnanstva se Dostojevski bori proti nihilizmu, ki je preplavil rusko mladino v šestdesetih letih 19. stoletja, in pokaže, kako ideja, odrezana od življenja, vodi v zločin.","[""Ruski nihilizem 1860"", ""Nemška romantika"", ""Tradicionalni katolicizem"", ""Angleški ekonomski liberalizem""]",0,,,,,,
course_108_le_proces_kafka,course_108_le_proces_kafka_q1,mcq,Kaj se zgodi z Josefom K. na samem začetku romana?,"Josefa K. nekega jutra aretirajo brez kakršne koli razlage, s čimer se začne sojenje, katerega pravil ne bo nikoli zares razumel.","[""Nekega jutra ga aretirajo, ne da bi mu pojasnili, zakaj"", ""Povabljen je na redno civilno obravnavo"", ""Nenadoma izgubi službo bankirja"", ""Sosedje ga javno obtožujejo""]",0,,,,,,
course_108_le_proces_kafka,course_108_le_proces_kafka_q2,mcq,Kakšno dvojno življenje je ob svojem delu vodil sam Kafka?,"Kafka je podnevi delal za zavarovalnico v Pragi, pisal pa je le ponoči.","[""Podnevi zavarovalniški uradnik, ponoči pisatelj"", ""Podnevi odvetnik, ponoči slikar"", ""Podnevi učitelj, ponoči glasbenik"", ""Podnevi zdravnik, ponoči novinar""]",0,,,,,,
course_108_le_proces_kafka,course_108_le_proces_kafka_q3,trueFalse,"Res ali ne: Kafka je svojega prijatelja Maxa Broda prosil, naj po njegovi smrti zažge njegove rokopise.","Kafka je prosil Maxa Broda, naj uniči svoje rokopise; Brod je zavrnil in leta 1925 objavil Proces.","[""Prav"", ""Narobe""]",0,,,,,,
course_108_le_proces_kafka,course_108_le_proces_kafka_q4,numericSlider,Katerega leta je Max Brod posthumno objavil Proces?,"Proces je izšel leta 1925, leto po Kafkovi smrti, zahvaljujoč Maxu Brodu, ki je uganil vrstni red poglavij.",,,,1925.0,1900.0,1950.0,3.0,
course_108_le_proces_kafka,course_108_le_proces_kafka_q5,mcq,Kje v romanu potekajo sodne obravnave?,"Sodišče zaseda na podstrešjih navadnih zgradb, znamenje pravičnosti, ki je hkrati vseprisotno in izmuzljivo.","[""Na podstrešjih priljubljenih stavb"", ""V impozantnem sodišču"", ""V državnem zaporu"", ""V osamljenem samostanu""]",0,,,,,,
course_108_le_proces_kafka,course_108_le_proces_kafka_q6,mcq,Kaj reče duhovnik Josefu K. v stolnici?,"Ta prilika iz postave ponazarja prazno pričakovanje in nezmožnost dostopa do pravice, ki ostaja nedosegljiva.","[""Prispodoba o človeku, ki vse življenje čaka pred zaprtimi vrati"", ""Zgodba o lastnem verskem spreobrnjenju"", ""Zgodba o sojenju še enim oproščenim obtožencem"", ""Prerokba o izidu lastnega sojenja""]",0,,,,,,
course_108_le_proces_kafka,course_108_le_proces_kafka_q7,trueFalse,"Res ali ne: v svojem poklicnem življenju je bil Kafka povprečen uslužbenec, ki so ga nadrejeni pogosto grajali.","Ironično je, da je bil Kafka vzoren delavec, ki je uvedel varnostne ukrepe, kot so čelade za delavce.","[""Prav"", ""Narobe""]",1,,,,,,
course_108_le_proces_kafka,course_108_le_proces_kafka_q8,mcq,Katera filozofska struja priznava Kafko kot glavnega predhodnika?,Sartre in Camus vidita v absurdnosti Procesa prefiguracijo eksistencializma 20. stoletja.,"[""Eksistencializem Sartra in Camusa"", ""pravoslavni marksizem"", ""Nemška romantika"", ""Znanstveni pozitivizem""]",0,,,,,,
course_108_le_proces_kafka,course_108_le_proces_kafka_q9,mcq,Kako se na koncu romana konča življenje Josefa K.?,"Josefa K. usmrtijo, ne da bi sploh razumel njegovo obtožbo, samo zamrmra ""Kot pes!"" "".","[""Izvaja se ob šepetanju \""Kot pes!\"" »"", ""Končno ga je sodišče oprostilo"", ""Pobegne in pobegne v tujino"", ""Sam postane sodnik sodišča""]",0,,,,,,
course_109_don_quichotte_cervantes,course_109_don_quichotte_cervantes_q1,mcq,"Kaj Don Kihot misli, da vidi, ko napade mline na veter?","Don Kihot, ki ga je prebralo branje viteških romanov, si vzame mline na veter za velikane, s katerimi se bo boril.","[""Velikani"", ""zmaji"", ""Sovražna vojska"", ""Zlobni čarovniki""]",0,,,,,,
course_109_don_quichotte_cervantes,course_109_don_quichotte_cervantes_q2,mcq,"Katera osebna izkušnja je zaznamovala Cervantesovo življenje, preden je napisal Don Kihota?","Cervantes je bil leta 1571 ranjen pri Lepantu, nato pa ujet in pet let v ujetništvu v Alžiru, preden je v Španiji doživel relativno revščino.","[""V bitki pri Lepantu je bil ranjen, nato pa pet let v ujetništvu v Alžiru."", ""Preden je začel pisati, je postal duhovnik"", ""Vodi potujočo gledališko skupino"", ""Podeduje bogastvo, ki ga izgubi pri igrah na srečo""]",0,,,,,,
course_109_don_quichotte_cervantes,course_109_don_quichotte_cervantes_q3,trueFalse,"Res ali ne: leta 1614 je drug avtor izdal lažno nadaljevanje Don Kihota, kar je Cervantesa spodbudilo k pisanju pravega drugega dela.","Besen na to lažno nadaljevanje je Cervantes leta 1615 izdal svoj drugi del, kjer junaki odkrijejo lastno slavo.","[""Prav"", ""Narobe""]",0,,,,,,
course_109_don_quichotte_cervantes,course_109_don_quichotte_cervantes_q4,mcq,"Kateri simbolični duo izumi Cervantes, da bi postavil kontrast med idealnim in resničnim?","Don Kihot, sanjač o viteštvu, in Sancho Panza, pragmatičen in privržen želodcu, tvorita duet, ki je postal univerzalen.","[""Don Kihot in Sančo Panza"", ""Alonso Quijano in vitez bele lune"", ""Cervantes in njegov arabski pripovedovalec"", ""Dulcineja in Sančo Panza""]",0,,,,,,
course_109_don_quichotte_cervantes,course_109_don_quichotte_cervantes_q5,mcq,"Kakšen postopek uporablja Cervantes, da zabriše mejo med fikcijo in resničnostjo?","Cervantes se pretvarja, da je le prevajalec arabskega rokopisa, kar postavlja pod vprašaj samo zanesljivost zgodbe.","[""Trdi, da bo prevedel arabski rokopis, najden na tržnici"", ""Piše samo v prvi osebi kot Don Kihot"", ""V zgodbo vnaša resnična pisma bralcev"", ""Zavrača vsakršno obliko zaključka romana""]",0,,,,,,
course_109_don_quichotte_cervantes,course_109_don_quichotte_cervantes_q6,mcq,Kako se nekateri plemiči norčujejo iz Don Kihota v drugem delu romana?,"Ko so prebrali njegove objavljene dogodivščine, plemiči orkestrirajo uprizoritve, da se zabavajo na vitezove stroške, kar še bolj zabriše mejo med fikcijo in resničnostjo.","[""Organizirajo scenarije, da bi ga prevarali, ko so prebrali prvi zvezek"", ""Takoj ko se srečata, ga zaprejo v azilni dom"", ""Obtožijo ga verskim oblastem"", ""Najamejo ga kot pravega viteza v svojo službo""]",0,,,,,,
course_109_don_quichotte_cervantes,course_109_don_quichotte_cervantes_q7,mcq,Kaj danes pomeni izraz donkihotstvo?,"Donkihotstvo označuje velikodušen idealizem, ki vztraja kljub neuspehu, podedovan po liku Cervantesa.","[""Velikodušen, včasih naiven idealizem"", ""Globok in uničujoč pesimizem"", ""Izrazit okus po nasilju"", ""Ekskluzivna strast do potovanj""]",0,,,,,,
course_109_don_quichotte_cervantes,course_109_don_quichotte_cervantes_q8,mcq,Kako se na koncu romana konča Don Kihotovo življenje?,"Don Kihota, ki ga je premagal vitez Bele lune, se odpove viteštvu, povrne razum in umre pod svojim pravim imenom.","[""Poražen v dvoboju, se spametuje in umre pod svojim pravim imenom Alonso Quijano"", ""Umre v boju z zadnjim mlinom na veter"", ""S Sanchom postane guverner otoka"", ""Izgine, ne da bi vedeli za njegovo usodo""]",0,,,,,,
course_109_don_quichotte_cervantes,course_109_don_quichotte_cervantes_q9,numericSlider,Katerega leta je Cervantes objavil prvi del Don Kihota s takojšnjim uspehom?,Prvi del Don Kihota je bil objavljen leta 1605 in je v javnosti takoj doživel uspeh.,,,,1605.0,1580.0,1630.0,5.0,
course_10_la_decouverte_de_l_amerique_1492,course_10_la_decouverte_de_l_amerique_1492_q1,numericSlider,Katerega leta je Krištof Kolumb dosegel Bahame?,"Kolumb je 12. oktobra 1492 pristal na otoku na Bahamih, ki ga je poimenoval San Salvador.",,,,1492.0,1450.0,1520.0,3.0,
course_10_la_decouverte_de_l_amerique_1492,course_10_la_decouverte_de_l_amerique_1492_q2,mcq,Kakšen je bil pravi gospodarski namen Kolumbove odprave proti zahodu?,"Kolumb išče zahodno pot v Azijo, da bi zaobšel Osmane, ki nadzorujejo trgovske poti na vzhod.","[""Pridite do začimb in svile, ne da bi šli skozi poti, ki so pod nadzorom Otomanov"", ""Dokaži, da je Zemlja okrogla"", ""Kolonizirajte Zahodno Afriko"", ""Iskanje zlata za financiranje križarske vojne""]",0,,,,,,
course_10_la_decouverte_de_l_amerique_1492,course_10_la_decouverte_de_l_amerique_1492_q3,trueFalse,"Res ali ne: Krištof Kolumb je skušal predvsem dokazati, da je Zemlja okrogla, česar pred njim ni poznal.",Sferičnost Zemlje je izračunal že grški učenjak Eratosten v 3. stoletju pr. AD; Kolumbov cilj je bil ekonomski.,"[""Prav"", ""Narobe""]",1,,,,,,
course_10_la_decouverte_de_l_amerique_1492,course_10_la_decouverte_de_l_amerique_1492_q4,mcq,Katere so tri ladje ekspedicije 1492?,Te tri ladje so zapustile Palos v Španiji 3. avgusta 1492 s posadko približno 90 mož.,"[""La Pinta, la Niña in la Santa María"", ""Santa Fe, Reina in Isabela"", ""Victoria, Trinidad in Concepción"", ""Santa Clara, Gallega in Aztlán""]",0,,,,,,
course_10_la_decouverte_de_l_amerique_1492,course_10_la_decouverte_de_l_amerique_1492_q5,numericSlider,Koliko dni traja prečkanje Atlantika do San Salvadorja?,"Prečkanje traja približno 70 dni, od začetka avgusta do sredine oktobra 1492.",,,,70.0,30.0,120.0,7.0,dni
course_10_la_decouverte_de_l_amerique_1492,course_10_la_decouverte_de_l_amerique_1492_q6,mcq,"Kako je Kolumb imenoval domorodne prebivalce, ki jih je srečal, prepričan, da so v Aziji?","Prepričan, da je dosegel Indijo, Kolumb Tainove, ki jih sreča, imenuje ""Indijanci"".","[""Indijanci"", ""Azteki"", ""Barbari"", ""Saraceni""]",0,,,,,,
course_10_la_decouverte_de_l_amerique_1492,course_10_la_decouverte_de_l_amerique_1492_q7,mcq,Kaj je kolumbijska borza?,"Ta prenos prinese krompir in paradižnik v Evropo, pšenico, konje ali govedo pa v Ameriko in za vedno spremeni oba svetova.","[""Ogromen prenos rastlin, živali in bolezni med Evropo in Ameriko"", ""Mirovna pogodba med Španijo in Portugalsko"", ""Trgovina s sužnji med Afriko in Zahodno Indijo"", ""Izmenjava vojnih ujetnikov med Kolumbom in Tainosi""]",0,,,,,,
course_10_la_decouverte_de_l_amerique_1492,course_10_la_decouverte_de_l_amerique_1492_q8,percentageSlider,"Kolikšen delež domorodnega prebivalstva v enem stoletju umre zaradi bolezni, uvoženih iz Evrope?","Črne koze, ošpice in gripa ubijejo med 50 in 90 % domorodnega prebivalstva v enem stoletju, odvisno od regije.",,,,70.0,0.0,100.0,20.0,%
course_10_la_decouverte_de_l_amerique_1492,course_10_la_decouverte_de_l_amerique_1492_q9,mcq,Kateri kartograf je leta 1507 celini dal ime Amerika?,Leta 1507 je kartograf Waldseemüller celino poimenoval Amerika v poklon pomorščaku Amerigu Vespucciju.,"[""Waldseemüller"", ""Vespucci"", ""Magellan"", ""Kolumb""]",0,,,,,,
course_10_la_decouverte_de_l_amerique_1492,course_10_la_decouverte_de_l_amerique_1492_q10,chronological,Postavite te faze Kolumbove odprave v kronološki vrstni red.,"Te štiri faze potekajo od avgusta 1492 do 1507: odhod, prihod na Bahame, Tordesillasova pogodba, nato ime celine.",,,"[""Odhod treh ladij iz Palosa"", ""Prihod na otok na Bahamih"", ""Delitev sveta med Španijo in Portugalsko"", ""Waldseemüllerjev krst ameriške celine""]",,,,,
course_110_les_raisins_de_la_colere_steinbeck,course_110_les_raisins_de_la_colere_steinbeck_q1,mcq,Zakaj je družina Joad pregnana s svoje zemlje v Oklahomi?,"Suša Dust Bowl in zamenjava delničarjev s traktorji sta prisilili banke, da so izselile Joade.","[""Zaradi suše in kmetijske mehanizacije"", ""Zaradi lokalne državljanske vojne"", ""Zaradi epidemije, ki zdesetka regijo"", ""Zaradi požiga""]",0,,,,,,
course_110_les_raisins_de_la_colere_steinbeck,course_110_les_raisins_de_la_colere_steinbeck_q2,mcq,Kako je Steinbeck zbiral snov za svoj roman?,"Steinbeck se potopi v življenja migrantov in živi v začasnih taboriščih, Hoovervillih, da bi ujel njihov jezik in njihov obup.","[""Potoval je z migranti in živel v Hoovervillesu"", ""Zanašal se je izključno na vladna poročila"", ""Intervjuval je kalifornijske bankirje"", ""Navdih je črpal iz svojega otroštva v posodi za prah""]",0,,,,,,
course_110_les_raisins_de_la_colere_steinbeck,course_110_les_raisins_de_la_colere_steinbeck_q3,trueFalse,"Res ali ne: naslov romana izvira iz vrstice iz pesmi, ki jo je Steinbecku predlagala njegova žena Carol.","Naslov je vzet iz vrstice v The Battle Hymn of the Republic, ideje, ki jo je predlagala Steinbeckova žena Carol.","[""Prav"", ""Narobe""]",0,,,,,,
course_110_les_raisins_de_la_colere_steinbeck,course_110_les_raisins_de_la_colere_steinbeck_q4,mcq,"Katero ikonično pot ubere družina Joad, da pobegne na Zahod?","Zakonca Joad se s preobremenjenim tovornjakom odpravita po cesti 66, ki ji pravijo ""pobeg v sili"", proti Kaliforniji.","[""Cesta 66"", ""Pot 40"", ""Oregonska pot"", ""Avtocesta I-95""]",0,,,,,,
course_110_les_raisins_de_la_colere_steinbeck,course_110_les_raisins_de_la_colere_steinbeck_q5,mcq,"Kaj odkrijeta Joadova, ko prispeta v Kalifornijo?","Kalifornijska realnost je v nasprotju z letaki: migrante čakajo zdrobljene plače, nehigienska taborišča in zasebne milice.","[""Zdrobljene plače in nehigienska taborišča, daleč od obljubljenih sanj"", ""Rodovitna zemlja in dobro plačane službe za vse"", ""Toplo gostoljubje lokalnih kmetov"", ""Zapuščena regija brez prebivalcev""]",0,,,,,,
course_110_les_raisins_de_la_colere_steinbeck,course_110_les_raisins_de_la_colere_steinbeck_q6,mcq,Kdo pomaga Tomu Joadu razvijati politično in kolektivno zavest?,"Stik z Jimom Casyjem, potujočim pridigarjem, spremeni Toma, ki je bil sprva osredotočen le na svoje preživetje.","[""Jim Casy, potujoči pridigar"", ""Ma Joad, njegova mati"", ""Skrbna kalifornijska sodnica"", ""Skesani šef tovarne""]",0,,,,,,
course_110_les_raisins_de_la_colere_steinbeck,course_110_les_raisins_de_la_colere_steinbeck_q7,trueFalse,"Res ali ne: Jim Casy umre, ko poskuša organizirati sindikat med delavci migranti.","Casy umre, ko poskuša organizirati delavce migrante, kar Toma prisili, da razume kolektivno razsežnost njihovega boja.","[""Prav"", ""Narobe""]",0,,,,,,
course_110_les_raisins_de_la_colere_steinbeck,course_110_les_raisins_de_la_colere_steinbeck_q8,mcq,Katera gesta zapira roman kot simbol absolutne solidarnosti?,"Rose of Sharon, katere otrok je umrl zaradi podhranjenosti, doji starca, ki umira od lakote, in spreminja intimno tragedijo v simbol delitve.","[""Rose of Sharon doji sestradanega starca"", ""Ma Joad vse svoje prihranke razdeli sosedom"", ""Tom Joad se pridruži vojski, da bi zaščitil svojo družino"", ""Joadova se vrneta v Oklahomo, da bi obnovila svojo kmetijo""]",0,,,,,,
course_110_les_raisins_de_la_colere_steinbeck,course_110_les_raisins_de_la_colere_steinbeck_q9,numericSlider,"Katerega leta je bilo izdano Grozdje jeze, sredi velike depresije?",Roman je izšel leta 1939 in naslednje leto prejel Pulitzerjevo nagrado.,,,,1939.0,1910.0,1960.0,5.0,
course_111_to_kill_a_mockingbird_harper_lee,course_111_to_kill_a_mockingbird_harper_lee_q1,mcq,Kdo pripoveduje zgodbo v Ne streljaj na posmehljivega ptiča?,"Roman je pripovedovan skozi oči Scout, šestletne deklice, ki živi v Maycombu v Alabami.","[""Scout, šestletna deklica"", ""Atticus Finch, odvetnik"", ""Boo Radley, samotarski sosed"", ""Tom Robinson, obtoženi""]",0,,,,,,
course_111_to_kill_a_mockingbird_harper_lee,course_111_to_kill_a_mockingbird_harper_lee_q2,mcq,"Kaj Atticus Finch zagovarja na sodišču, če ve, da bo izgubil?","Atticus se strinja, da bo branil Toma Robinsona kljub gotovosti poraza, saj na segregacijskem jugu barva kože obtoženega tehta več kot dokazi.","[""Tom Robinson, črnec, ki je bil nepravično obtožen"", ""Boo Radley, obtožen potepuha"", ""Njegova hči Scout, obtožena tatvine"", ""Prijatelj odvetnik grozi z izključitvijo""]",0,,,,,,
course_111_to_kill_a_mockingbird_harper_lee,course_111_to_kill_a_mockingbird_harper_lee_q3,trueFalse,"Res ali ne: Truman Capote, prijatelj iz otroštva Harper Lee v Monroevillu, je navdihnil lik Dill.","Truman Capote, bodoči avtor Hladnokrvno, je bil prijatelj Harper Lee iz otroštva in navdih za dečka Dilla, ki vsako poletje obišče Fincheve.","[""Prav"", ""Narobe""]",0,,,,,,
course_111_to_kill_a_mockingbird_harper_lee,course_111_to_kill_a_mockingbird_harper_lee_q4,mcq,"Kaj simbolizira posmehljiva ptica, ki vam jo Atik prepoveduje ubiti?","Nenevarna posmehljiva ptica predstavlja Toma Robinsona in Booja Radleyja: dve bitji, ki ju družba brez razloga preganja ali spreminja v pošasti.","[""Nedolžna bitja, kot sta Tom Robinson in Boo Radley"", ""Ameriško pravosodje kot celota"", ""Samo mesto Maycomb"", ""Pogum južnjaških odvetnikov""]",0,,,,,,
course_111_to_kill_a_mockingbird_harper_lee,course_111_to_kill_a_mockingbird_harper_lee_q5,mcq,Kdo na koncu romana skrivaj reši Scouta in Jema?,"Boo Radley, puščavnik, ki se ga boji vsa soseska, reši otroke in se izkaže bolj za plašnega človeka kot za pošast.","[""Boo Radley, samotarski sosed"", ""Atticus Finch"", ""Tom Robinson"", ""Šerif iz Maycomba""]",0,,,,,,
course_111_to_kill_a_mockingbird_harper_lee,course_111_to_kill_a_mockingbird_harper_lee_q6,trueFalse,"Res ali ne: Kljub Atticusovim dokazom, ki dokazujejo fizično nemogočnost zločina, je Tom Robinson obsojen.","Čeprav Atticus dokaže, da Tom ni mogel zagrešiti zločina, je obsojen: pravica je zatajila ob rasizmu porote.","[""Prav"", ""Narobe""]",0,,,,,,
course_111_to_kill_a_mockingbird_harper_lee,course_111_to_kill_a_mockingbird_harper_lee_q7,mcq,"Kateri roman, objavljen leta 2015 malo pred smrtjo Harper Lee, se izkaže za prvo različico, napisano pred letom 1960?","Pojdi in objavi Sentinel, objavljen leta 2015, je pravzaprav osnutek pred končno različico iz leta 1960.","[""Pojdi in postavi stražarja"", ""Maycombova tišina"", ""Poletje Monroeville"", ""Atticusovi zvezki""]",0,,,,,,
course_111_to_kill_a_mockingbird_harper_lee,course_111_to_kill_a_mockingbird_harper_lee_q8,mcq,Kakšen nauk Atticus prenese na svoje otroke po sojenju?,"Atticus uči empatije: razumevanje drugih zahteva, da se postavite na njihovo mesto, pravi pogum pa je boj, tudi če veste, da boste izgubili.","[""Nekoga zares spoznaš šele, ko se postaviš v njegovo kožo."", ""Nikoli ne brani izgubljenega primera"", ""Zakon ima vedno prav"", ""Čim prej moramo pobegniti iz Maycomba""]",0,,,,,,
course_111_to_kill_a_mockingbird_harper_lee,course_111_to_kill_a_mockingbird_harper_lee_q9,chronological,Postavite te faze romaneskne kariere v kronološki vrstni red.,"Roman je izšel leta 1960, leta 1961 je prejel Pulitzerja, nato pa je bil leta 1962 prirejen za kino z Gregoryjem Peckom.",,,"[""Objava romana"", ""Pulitzerjeva nagrada podeljena Harper Lee"", ""Izid priredbe z Gregoryjem Peckom""]",,,,,
course_112_le_grand_gatsby_fitzgerald,course_112_le_grand_gatsby_fitzgerald_q1,mcq,"Kdo prireja razkošne zabave, da bi ponovno osvojil Daisy Buchanan?","Jay Gatsby prireja čudovite zabave v svoji vili West Egg z edinim ciljem, da ponovno pridobi Daisy Buchanan.","[""Jay Gatsby"", ""Nick Carraway"", ""Tom Buchanan"", ""F. Scott Fitzgerald""]",0,,,,,,
course_112_le_grand_gatsby_fitzgerald,course_112_le_grand_gatsby_fitzgerald_q2,mcq,"Kaj simbolizira zelena luč, ki jo Gatsby razmišlja vsako noč na koncu perona?","Zelena luč na koncu ploščadi Buchananovih simbolizira prihodnost, ki ji Gatsby sledi, ne da bi jo kdaj dosegel.","[""Prihodnost, ki jo zasleduje, vedno nedosegljiva"", ""Njegov otroški dom na srednjem zahodu"", ""Bogastvo Toma Buchanana"", ""Svetilnik, ki vodi čolne iz pristanišča""]",0,,,,,,
course_112_le_grand_gatsby_fitzgerald,course_112_le_grand_gatsby_fitzgerald_q3,trueFalse,"Res ali ne: Ko je bil leta 1925 izdan, je bil Veliki Gatsby velik komercialni uspeh.",Roman je bil ob izidu prodan le v okoli 20.000 izvodih; šele po Fitzgeraldovi smrti je postala klasika.,"[""Prav"", ""Narobe""]",1,,,,,,
course_112_le_grand_gatsby_fitzgerald,course_112_le_grand_gatsby_fitzgerald_q4,mcq,"Od kod izvira bogastvo Jaya Gatsbyja, rojenega kot James Gatz, sina revnih kmetov?","Gatsby je svoje bogastvo zgradil v trgovini z alkoholom, ki je zaradi prohibicije postala donosna, z edinim ciljem, da bi ponovno pridobil Daisy.","[""Trgovina z alkoholom v času prohibicije"", ""Nepričakovana družinska dediščina"", ""Borzne špekulacije na Wall Streetu"", ""Pomorska trgovina z Evropo""]",0,,,,,,
course_112_le_grand_gatsby_fitzgerald,course_112_le_grand_gatsby_fitzgerald_q5,mcq,"Kdo pripoveduje zgodbo o Gatsbyju, ga opazuje z očaranostjo in gnusom?","Pripovedovalec Nick Carraway, Daisyin bratranec, opazuje ta svet tako z navdušenjem nad Gatsbyjem kot z gnusom nad krutostjo Buchananovih.","[""Nick Carraway, Daisyin bratranec"", ""Jay Gatsby sam"", ""Daisy Buchanan"", ""Tom Buchanan""]",0,,,,,,
course_112_le_grand_gatsby_fitzgerald,course_112_le_grand_gatsby_fitzgerald_q6,mcq,"Kdo je v resnici odgovoren za smrt Myrtle Wilson, ko jo je zbil avto?","Daisy med vožnjo Gatsbyjevega avtomobila pomotoma ubije Myrtle, vendar ga prepusti, da prevzame krivdo za nesrečo.","[""Daisy Buchanan, ki prepusti Gatsbyju krivdo"", ""Jaya Gatsbyja, ki je namenoma zapeljal proti njej"", ""Tom Buchanan, ljubosumen na njegovo afero"", ""George Wilson, Myrtlin mož""]",0,,,,,,
course_112_le_grand_gatsby_fitzgerald,course_112_le_grand_gatsby_fitzgerald_q7,trueFalse,Res ali ne: Gatsbyjevega pogreba se udeleži veliko prijateljev in znancev.,"Nihče ne pride na Gatsbyjev pogreb in Nicku razkrije, da je bilo njegovo celotno družabno življenje fatamorgana.","[""Prav"", ""Narobe""]",1,,,,,,
course_112_le_grand_gatsby_fitzgerald,course_112_le_grand_gatsby_fitzgerald_q8,mcq,"Kaj pomenijo oči doktorja T.J. Eckleburg, ki bdijo nad Dolino pepela simbolizirajo?","Te oči, narisane na reklamnem panoju, simbolizirajo odsotnega boga, brezbrižnega do moralne pokvarjenosti te zemlje.","[""Odsoten bog na pokvarjeni zemlji"", ""Policijski nadzor prohibicije"", ""Kritični pogled Nicka Carrawaya"", ""Vseprisotno oglaševanje dvajsetih let prejšnjega stoletja""]",0,,,,,,
course_112_le_grand_gatsby_fitzgerald,course_112_le_grand_gatsby_fitzgerald_q9,mcq,"Kateri dogodek je omogočil, da je roman, ki so se ga ob izidu izogibali, po Fitzgeraldovi smrti postal klasika?","Ponovno odkrit po letu 1945, ko so ga med drugo svetovno vojno delili vojakom, je roman končno postal klasika.","[""Njegova razdelitev vojakom med drugo svetovno vojno"", ""Njen prevod v številne jezike"", ""Nov predgovor, ki ga je napisal slavni kritik"", ""Njegova takojšnja prilagoditev kinematografiji iz leta 1926""]",0,,,,,,
course_113_le_seigneur_des_anneaux_tolkien,course_113_le_seigneur_des_anneaux_tolkien_q1,mcq,"Kaj je bil J.R.R. Tolkienov poklic, preden je postal avtor Srednjega sveta?",Tolkien je bil profesor stare angleščine na Oxfordu in njegova specialnost filologa je osnova njegovega celotnega vesolja.,"[""Profesor stare angleščine in filolog na Oxfordu"", ""Častnik britanske vojske v Indiji"", ""Založba otroških knjig v Londonu"", ""Zgodovinar, specializiran za stari Rim""]",0,,,,,,
course_113_le_seigneur_des_anneaux_tolkien,course_113_le_seigneur_des_anneaux_tolkien_q2,mcq,V kakšnem vrstnem redu je Tolkien zgradil Srednji svet?,"Tolkien najprej izumi jezike, kot sta Quenya in Sindarin, nato pa si zamisli ljudi, ki ju govorijo.","[""Najprej je izumil jezike, nato pa si zamislil ljudi, ki jih govorijo"", ""Najprej je narisal zemljevid, nato pa izumil jezike"", ""Najprej je pisal zgodovino, nato je nazadnje ustvaril jezike"", ""Prevajal je že obstoječe stare jezike""]",0,,,,,,
course_113_le_seigneur_des_anneaux_tolkien,course_113_le_seigneur_des_anneaux_tolkien_q3,mcq,Kdo naj uniči One Ring na Mount Destiny?,"Frodo Baggins, preprosti hobit brez ambicij, je zadolžen za nošenje in uničenje One Ringa na Mount Doom.","[""Frodo Baggins, preprosti hobit"", ""Aragorn, dedič Gondorja"", ""Gandalf, čarovnik"", ""Sauron sam""]",0,,,,,,
course_113_le_seigneur_des_anneaux_tolkien,course_113_le_seigneur_des_anneaux_tolkien_q4,mcq,Kdo je skoval One Ring?,"En prstan je skoval Sauron, padli Maia, ki je vanj usmeril vso svojo moč.","[""Sauron, padla Maia"", ""Aragorn, dedič Gondorja"", ""Gollum, pred njegovo korupcijo"", ""Škrati iz Morije""]",0,,,,,,
course_113_le_seigneur_des_anneaux_tolkien,course_113_le_seigneur_des_anneaux_tolkien_q5,trueFalse,Res ali ne: Bratovščina prstana združuje devet predstavnikov svobodnih ljudstev Srednjega sveta.,"Bratstvo prstana ima devet članov, ki predstavljajo različna svobodna ljudstva Srednjega sveta.","[""Prav"", ""Narobe""]",0,,,,,,
course_113_le_seigneur_des_anneaux_tolkien,course_113_le_seigneur_des_anneaux_tolkien_q6,mcq,Zakaj je hobit predstavljen kot idealen kandidat za nošenje prstana?,"Prstan napade voljo svojega nosilca; hobit brez političnih ambicij je torej idealen kandidat, da se upreš njegovi skušnjavi.","[""Ker nima političnih ambicij"", ""Ker je fizično najmočnejši"", ""Ker je imun na magijo"", ""Ker je v sorodu s Sauronom""]",0,,,,,,
course_113_le_seigneur_des_anneaux_tolkien,course_113_le_seigneur_des_anneaux_tolkien_q7,mcq,"Kaj nenamerno dopušča usmiljenje, ki ga uživa Gollum po ujetju?","Gollum, ki mu je bilo prizaneseno iz sočutja, nevede dovoli končno dokončanje iskanja, ko Frodo nato ne vrže prstana.","[""Končna izpolnitev naloge, ko Frodo sam ne vrže prstana"", ""Frodovo takojšnje uničenje prstana"", ""Ujetje Saurona s strani gondorske vojske"", ""Samova izdaja Froda""]",0,,,,,,
course_113_le_seigneur_des_anneaux_tolkien,course_113_le_seigneur_des_anneaux_tolkien_q8,trueFalse,Res ali ne: Tolkien je Gospodarja prstanov zasnoval kot eksplicitno alegorijo druge svetovne vojne.,Tolkien zavrača eksplicitno alegorijo; namesto tega njegovo delo širše raziskuje korupcijo z močjo.,"[""Prav"", ""Narobe""]",1,,,,,,
course_113_le_seigneur_des_anneaux_tolkien,course_113_le_seigneur_des_anneaux_tolkien_q9,mcq,"Kdo bije bitke kot dedič Gondorja, medtem ko Frodo sam napreduje proti Mordorju?","Aragorn, dedič Gondorja, bije bitke, medtem ko Frodo in Sam napredujeta sama, kar ponazarja dve obliki poguma.","[""Aragorn"", ""Gandalf"", ""Boromir"", ""Théoden""]",0,,,,,,
course_114_fahrenheit_451_bradbury,course_114_fahrenheit_451_bradbury_q1,mcq,"Kaj počnejo gasilci v svetu, ki si ga predstavlja 451 stopinj Fahrenheita?","V tej prihodnosti, ki si jo predstavlja Bradbury, je naloga gasilcev sežiganje knjig, za katere menijo, da so nevarne za družbeno stabilnost.","[""Sežigajo knjige, ki se jim zdijo nevarne"", ""Gasijo požare kot danes"", ""Varujejo mestne meje"", ""Izdelujejo stenske paravane""]",0,,,,,,
course_114_fahrenheit_451_bradbury,course_114_fahrenheit_451_bradbury_q2,mcq,Kaj pomeni naslov Fahrenheit 451?,"Naslov se nanaša na temperaturo v stopinjah Fahrenheita, pri kateri se papir vname.","[""Temperatura, pri kateri se papir vname"", ""Temperatura zgorevanja lesa"", ""Številka gasilskega doma Montag"", ""Letnica rojstva Raya Bradburyja""]",0,,,,,,
course_114_fahrenheit_451_bradbury,course_114_fahrenheit_451_bradbury_q3,trueFalse,Res ali ne: po Bradburyju je izginotje knjig izključno posledica državne cenzure.,"Bradburyjev odtenek: grožnja prihaja tudi iz televizije in množične potrošnje, ne samo iz politične cenzure.","[""Prav"", ""Narobe""]",1,,,,,,
course_114_fahrenheit_451_bradbury,course_114_fahrenheit_451_bradbury_q4,mcq,"Za razliko od leta 1984, od kod prihaja zatiranje v Fahrenheit 451?","Za razliko od leta 1984 so se tukaj knjigam odpovedali državljani sami, iz tolažbe in strahu pred razpravo.","[""Državljani sami, ki so se zaradi tolažbe odpovedali knjigam"", ""Enega diktatorja, ki vsiljuje svojo voljo"", ""O tuji vojaški invaziji"", ""Iz centralne umetne inteligence""]",0,,,,,,
course_114_fahrenheit_451_bradbury,course_114_fahrenheit_451_bradbury_q5,mcq,Zaradi koga se Guy Montag sprašuje o svojem delu gasilca?,"Njegova mlada soseda Clarisse ga spomni, da so gasilci nekoč gasili požare, zaradi česar Montag dvomi.","[""Njegova soseda Clarisse"", ""Njegova žena Mildred"", ""Stotnik Beatty"", ""Mehanski pes""]",0,,,,,,
course_114_fahrenheit_451_bradbury,course_114_fahrenheit_451_bradbury_q6,mcq,"Zakaj jih kapitan Beatty, ki pozna klasike, goreče žge?","Beatty meni, da knjige ustvarjajo tesnobo, saj razkrivajo neenakosti, kar po njegovem mnenju opravičuje njihov sežig.","[""Kajti po njegovem knjige ustvarjajo tesnobo z razkrivanjem neenakosti"", ""Ker jih sam nikoli ni uspel prebrati"", ""Ker jih Mildred sovraži"", ""Ker jih je vlada naredila nečitljive""]",0,,,,,,
course_114_fahrenheit_451_bradbury,course_114_fahrenheit_451_bradbury_q7,mcq,"Kako intelektualci, ki jih sreča Montag, ohranjajo prepovedano kulturo?","Skupnost intelektualcev, ki se ji pridruži Montag, si vsak zapomni celotno knjigo, da jo posreduje ustno.","[""Vsak si zapomni celotno knjigo, da jo ustno prenese"", ""Na skrivaj tiskajo nove kopije"", ""Knjige skrivajo v podzemnih bunkerjih"", ""Knjige prevedejo v skrivno kodo""]",0,,,,,,
course_114_fahrenheit_451_bradbury,course_114_fahrenheit_451_bradbury_q8,trueFalse,Res ali ne: roman se konča z upanjem na kulturni preporod po jedrski vojni.,"Roman se konča z jedrsko vojno, ki uniči mesto, vendar odporniški borci odidejo: kultura se lahko ponovno rodi, če se človeštvo strinja, da bo znova razmišljalo.","[""Prav"", ""Narobe""]",0,,,,,,
course_114_fahrenheit_451_bradbury,course_114_fahrenheit_451_bradbury_q9,numericSlider,"V koliko dneh je Ray Bradbury napisal Fahrenheit 451 na pisalnem stroju, ki si ga je izposodil v knjižnici?","Bradbury je roman napisal v samo devetih dneh, na pisalnem stroju, ki si ga je za deset centov za trideset minut izposodil v univerzitetni knjižnici.",,,,9.0,1.0,30.0,2.0,dni
course_115_cent_ans_de_solitude_garcia_marquez,course_115_cent_ans_de_solitude_garcia_marquez_q1,mcq,Koliko generacij družine Buendía zajema roman v Macondu?,"Roman sledi sedmim generacijam družine Buendía v Macondu, od ustanovitelja vasi do njenih zadnjih potomcev.","[""Sedem generacij"", ""Tri generacije"", ""Dvanajst generacij"", ""Ena sama generacija""]",0,,,,,,
course_115_cent_ans_de_solitude_garcia_marquez,course_115_cent_ans_de_solitude_garcia_marquez_q2,mcq,Katero svetovno literarno gibanje je sprožilo Sto let samote?,"Sto let samote je svetovni rojstni list magičnega realizma, kjer je čudovito pripovedovano kot običajno dejstvo.","[""Magični realizem"", ""Novi roman"", ""Naturalizem"", ""Nadrealizem""]",0,,,,,,
course_115_cent_ans_de_solitude_garcia_marquez,course_115_cent_ans_de_solitude_garcia_marquez_q3,mcq,Kdo je ustanovil vas Macondo v džungli?,"José Arcadio Buendía je v džungli ustanovil vasico Macondo, zibelko celotne družinske sage.","[""José Arcadio Buendia"", ""Polkovnik Aureliano Buendía"", ""Melquíades, cigan"", ""Garcia Marquez sam""]",0,,,,,,
course_115_cent_ans_de_solitude_garcia_marquez,course_115_cent_ans_de_solitude_garcia_marquez_q4,mcq,Kaj se zgodi s polkovnikom Aurelianom Buendío po njegovih dvaintridesetih oboroženih uporih?,"Polkovnik Aureliano Buendía vodi dvaintrideset oboroženih uporov in vse izgubi, ne da bi kdaj strmoglavil obstoječo oblast.","[""Vse jih izgubi"", ""Na koncu prevzame oblast"", ""Umrl je med prvo vstajo"", ""Iz Kolumbije odide v izgnanstvo""]",0,,,,,,
course_115_cent_ans_de_solitude_garcia_marquez,course_115_cent_ans_de_solitude_garcia_marquez_q5,mcq,Kateri resnični zgodovinski dogodek transponira poboj delavcev v romanu?,"Epizoda poboja delavcev transponira resnični pokol kolumbijskih nasadov banan iz leta 1928, ki je bil nato izbrisan iz kolektivnega spomina.","[""Pokol na plantaži banan v Kolumbiji leta 1928"", ""Kolumbijska državljanska vojna 19. stoletja"", ""Kolumbijska neodvisnost"", ""Kubanska revolucija""]",0,,,,,,
course_115_cent_ans_de_solitude_garcia_marquez,course_115_cent_ans_de_solitude_garcia_marquez_q6,trueFalse,"Res ali ne: ko se Remedios z zlaganjem rjuh dvigne v nebesa, pripovedovalec poudarja izjemnost dogodka.","Pripovedovalec ne pokaže presenečenja: magično je pripovedovano kot organski podaljšek resničnosti, brez elementa presenečenja.","[""Prav"", ""Narobe""]",1,,,,,,
course_115_cent_ans_de_solitude_garcia_marquez,course_115_cent_ans_de_solitude_garcia_marquez_q7,mcq,"Kaj razkriva rokopis Melquíades, napisan v sanskrtu?",Rokopis Melquíades vnaprej pripoveduje v sanskrtu sto let zgodovine družine Buendía.,"[""Celotna zgodba družine Buendía, sto let preden se je zgodila"", ""Vaški alkimistični recepti"", ""Zemljevid rudnikov zlata v regiji"", ""Mirovna pogodba med rivalskimi družinami""]",0,,,,,,
course_115_cent_ans_de_solitude_garcia_marquez,course_115_cent_ans_de_solitude_garcia_marquez_q8,mcq,Kaj počne García Márquez takoj po ustvarjalnem razsvetljenju med vožnjo v Acapulco?,"García Márquez se je obrnil in se za osemnajst mesecev osamil, da bi napisal roman, medtem ko je njegova žena zastavila njihovo premoženje.","[""Obrnil se je in se za osemnajst mesecev osamil, da je napisal roman"", ""Projekt dokončno opusti"", ""Takoj odide, da predstavi svojo idejo uredniku"", ""Roman začne pisati v angleščini""]",0,,,,,,
course_115_cent_ans_de_solitude_garcia_marquez,course_115_cent_ans_de_solitude_garcia_marquez_q9,trueFalse,"Res ali ne: čas v Macondu je krožen, Buendíjevi pa ponavljajo napake svojih prednikov.",Čas v Macondu je krožen: člani družine Buendía iz generacije v generacijo ponavljajo napake svojih prednikov.,"[""Prav"", ""Narobe""]",0,,,,,,
course_115_cent_ans_de_solitude_garcia_marquez,course_115_cent_ans_de_solitude_garcia_marquez_q10,numericSlider,Katerega leta je García Márquez prejel Nobelovo nagrado za književnost?,"García Márquez je leta 1982, petnajst let po izidu romana, prejel Nobelovo nagrado za književnost.",,,,1982.0,1960.0,2000.0,3.0,
course_116_la_metamorphose_kafka,course_116_la_metamorphose_kafka_q1,mcq,Kako se začne Metamorfoza v enem najslavnejših uvodov v literaturi?,"Roman se začne z Gregorjem Samso, ki se prebudi spremenjen v pošastno žuželko, brez kakršne koli razlage pojava.","[""Gregor Samsa se zbudi spremenjen v pošastno žuželko"", ""Gregor Samsa gre tako kot vsako jutro v službo"", ""Družina Samsa izve za Gregorjevo smrt"", ""Gregor Samsa zapušča družinsko hišo""]",0,,,,,,
course_116_la_metamorphose_kafka,course_116_la_metamorphose_kafka_q2,mcq,Kaj je bil po poklicu Gregor Samsa pred preobrazbo?,Pred preobrazbo je bil Gregor trgovski potnik in edina finančna opora družine.,"[""Potujoči trgovec, edina finančna podpora družini"", ""Deželni zdravnik"", ""Bančni uslužbenec v Pragi"", ""Profesor filologije""]",0,,,,,,
course_116_la_metamorphose_kafka,course_116_la_metamorphose_kafka_q3,trueFalse,"Res ali ne: Kafka v zgodbi podrobno razloži, kako in zakaj se Gregor spremeni v žuželko.","Kafka transformacijo obravnava s kliničnim realizmom, ne da bi sploh pojasnil pojav; poudarek je na njegovih posledicah.","[""Prav"", ""Narobe""]",1,,,,,,
course_116_la_metamorphose_kafka,course_116_la_metamorphose_kafka_q4,mcq,Zakaj Kafka svojemu založniku prepove upodabljanje žuželke na naslovnici knjige?,"Kafka je raje želel, da si bralec sam zamisli grozo preobrazbe, namesto da bi jo videl posneto z ilustracijo.","[""Tako, da si vsak bralec zamisli svojo različico grozljivke"", ""Ker je izdelava dizajna stala preveč"", ""Ker bi ga cenzura prepovedala"", ""Ker je želel ohraniti avtorja anonimen""]",0,,,,,,
course_116_la_metamorphose_kafka,course_116_la_metamorphose_kafka_q5,mcq,"Kdo ni ubogal Kafkove zadnje želje in je objavil njegove rokopise, namesto da bi jih uničil?","Max Brod, Kafkov prijatelj, ni ubogal njegovih zadnjih želja in objavil njegove rokopise, namesto da bi jih uničil.","[""Njegov prijatelj Max Brod"", ""Njegova sestra Grete"", ""Njegov praški založnik"", ""Njegova zaročenka""]",0,,,,,,
course_116_la_metamorphose_kafka,course_116_la_metamorphose_kafka_q6,mcq,Kdo v družini Samsa hrani in čisti Gregorjevo sobo na začetku njegove metamorfoze?,"Sprva je njegova sestra Grete tista, ki hrani Gregorja in pospravlja njegovo sobo, preden njena predanost sčasoma oslabi.","[""Njegova sestra Grete"", ""Njegova mati"", ""Njegov oče"", ""Najeti pansion""]",0,,,,,,
course_116_la_metamorphose_kafka,course_116_la_metamorphose_kafka_q7,mcq,S čim se Samsa preživljata po Gregorjevi preobrazbi?,"Da bi preživeli, se vsak član družine vrne v službo, sobe pa oddajajo stanovalcem.","[""Vsi spet delajo in oddajajo sobe internatom"", ""Družinsko hišo prodajo"", ""Selijo se na podeželje"", ""Za pomoč prosijo občino""]",0,,,,,,
course_116_la_metamorphose_kafka,course_116_la_metamorphose_kafka_q8,mcq,"Kako se konča Gregorjevo življenje, ko Grete izjavi, da se ga morajo znebiti?","Ko spozna, da nima več svojega mesta, se Gregor izstrada v svoji sobi.","[""Pusti se umreti od lakote"", ""Pobegne skozi okno"", ""Nenadoma spet postane človek"", ""Na silo ga odžene oče""]",0,,,,,,
course_116_la_metamorphose_kafka,course_116_la_metamorphose_kafka_q9,trueFalse,Res ali ne: Gregorjevo smrt njegova družina doživlja kot srce parajočo tragedijo.,"Gregorjeva smrt je ravno nasprotno odrešitev za njegovo družino, ki gre na sprehod že z mislijo na Gretino poroko.","[""Prav"", ""Narobe""]",1,,,,,,
course_116_la_metamorphose_kafka,course_116_la_metamorphose_kafka_q10,numericSlider,Katerega leta je Kafka napisal Metamorfozo?,"Kafka je Metamorfozo napisal leta 1912, v obdobju velike ustvarjalnosti, preden je bila objavljena leta 1915.",,,,1912.0,1880.0,1940.0,3.0,
course_117_le_maitre_et_marguerite_boulgakov,course_117_le_maitre_et_marguerite_boulgakov_q1,mcq,Katere tri svetove prepleta roman Mojster in Margarita?,"V romanu so prepleteni trije svetovi: sovjetska Moskva v tridesetih letih prejšnjega stoletja, starodavni Jeruzalem in fantastičen prostor, ki mu vlada hudič.","[""Sovjetska Moskva, starodavni Jeruzalem in domišljijski svet, ki mu vlada hudič"", ""Moskva, Sankt Peterburg in Kijev"", ""Caristična preteklost, stalinistična sedanjost in idealna komunistična prihodnost"", ""Berlin, Pariz in Moskva""]",0,,,,,,
course_117_le_maitre_et_marguerite_boulgakov,course_117_le_maitre_et_marguerite_boulgakov_q2,mcq,Zakaj je Bulgakov leta 1930 zažgal prvi rokopis romana?,"Zaradi strahu pred preiskavami s strani sovjetske politične policije, NKVD, je Bulgakov svoj prvi rokopis zažgal in nato znova začel pisati po spominu.","[""Zaradi strahu pred preiskavami NKVD"", ""Ker je menil, da je besedilo nedokončano"", ""Po neposrednem ukazu Stalina"", ""Ker je naključno izbruhnil požar""]",0,,,,,,
course_117_le_maitre_et_marguerite_boulgakov,course_117_le_maitre_et_marguerite_boulgakov_q3,trueFalse,Res ali ne: Bulgakov je svoj roman v celoti izdal že za svojega življenja.,"Bulgakov je umrl leta 1940, ne da bi videl svoje delo objavljeno; roman se bo v celoti pojavil šele leta 1967.","[""Prav"", ""Narobe""]",1,,,,,,
course_117_le_maitre_et_marguerite_boulgakov,course_117_le_maitre_et_marguerite_boulgakov_q4,mcq,Kdo pride v Moskvo s svojim črnim mačkom Behemotom in seje paniko med literarno kasto?,"Woland, ki ni nihče drug kot Satan, prispe v Moskvo s svojim črnim mačkom Behemotom in zaseje paniko med pokvarjeno literarno kasto.","[""Woland, torej Satan"", ""Mojster, preganjani pisatelj"", ""Poncij Pilat"", ""Kapitan sovjetske tajne službe""]",0,,,,,,
course_117_le_maitre_et_marguerite_boulgakov,course_117_le_maitre_et_marguerite_boulgakov_q5,mcq,"Kaj pove Mojster v romanu, ki ga piše znotraj romana?","Mojster piše zgodbo o Ponciju Pilatu in Ješui Ha-Nozriju v Jeruzalemu, vzporedno z moskovskimi spletkami.","[""Zgodba o Ponciju Pilatu in Ješui Ha-Nozriju"", ""Vsakdanje življenje v Moskvi pod Stalinom"", ""Napoleonske vojne"", ""Namišljena biografija Wolanda""]",0,,,,,,
course_117_le_maitre_et_marguerite_boulgakov,course_117_le_maitre_et_marguerite_boulgakov_q6,mcq,"Kaj stori Marguerite, da bi rešila Mojstra, interniranega po uničenju njegovega rokopisa?","Marguerite se strinja, da bo postala čarovnica in vodila hudičev bal, da bi rešila Mojstra, v popolni ljubeči žrtvi.","[""Postane čarovnica in vodi hudičev bal"", ""Wolanda obtoži oblastem"", ""Izgubljeni rokopis je prepisala sama"", ""Odide v izgnanstvo v Leningrad""]",0,,,,,,
course_117_le_maitre_et_marguerite_boulgakov,course_117_le_maitre_et_marguerite_boulgakov_q7,mcq,Katero razvado Woland predstavlja kot najhujšo od vseh?,"Woland razkriva, da je strahopetnost najstrašnejša razvada Poncija Pilata in tudi sovjetskih kritikov.","[""Strahopetnost"", ""Ponos"", ""Pohlep"", ""krutost""]",0,,,,,,
course_117_le_maitre_et_marguerite_boulgakov,course_117_le_maitre_et_marguerite_boulgakov_q8,mcq,Kaj pomeni slavni stavek »Rokopisi ne gorijo«?,"Ta stavek potrjuje, da resnica umetnosti vedno zmaga nad represijo in politično cenzuro.","[""Naj resnične ideje preživijo cenzuro"", ""Da je bil papir, ki ga je uporabljal Bulgakov, negorljiv"", ""Da je Stalin prepovedal uničevanje knjig"", ""Da so bile sovjetske knjižnice ognjevarne""]",0,,,,,,
course_117_le_maitre_et_marguerite_boulgakov,course_117_le_maitre_et_marguerite_boulgakov_q9,mcq,Kako je roman tajno krožil po ZSSR pred uradno objavo?,"V ZSSR je roman krožil v samizdatu, skrivnih tipkanih izvodih, ki so si jih izmenjevali bralci.","[""V obliki samizdata, skrivnih tipkanih kopij"", ""S tajnimi javnimi branji"", ""Zahvaljujoč izdaji, natisnjeni v tujini in uvoženi nezakonito"", ""Z ustnim prenosom med pisci""]",0,,,,,,
course_117_le_maitre_et_marguerite_boulgakov,course_117_le_maitre_et_marguerite_boulgakov_q10,trueFalse,"Res ali ne: Mojster in Margarita sta navdihnila pesem ""Sympathy for the Devil"" skupine Rolling Stones.","Roman je navdihnil Micka Jaggerja, da je napisal ""Sympathy for the Devil"", potem ko je Marianne Faithfull leta 1967 ponudila angleški prevod.","[""Prav"", ""Narobe""]",0,,,,,,
course_118_moby_dick_melville,course_118_moby_dick_melville_q1,mcq,"Kakšno osebno izkušnjo je imel Herman Melville, preden je napisal Moby Dicka?",Melville je v štiridesetih letih 19. stoletja plul na kitolovskih ladjah po Tihem oceanu in celo živel med plemeni na Markeških otokih.,"[""Plul je na kitolovskih ladjah po Tihem oceanu in živel med plemeni na Markeških otokih"", ""Bil je britanski mornariški častnik"", ""Vodil je kitolovsko podjetje v New Bedfordu"", ""Študiral je morsko biologijo na Harvardu""]",0,,,,,,
course_118_moby_dick_melville,course_118_moby_dick_melville_q2,trueFalse,Res ali ne: Moby Dick je ob izidu leta 1851 dosegel izjemen komercialni uspeh.,"Roman je bil ob izidu popoln komercialni neuspeh; Melville umre prepričan, da bo njegovo ime izginilo.","[""Prav"", ""Narobe""]",1,,,,,,
course_118_moby_dick_melville,course_118_moby_dick_melville_q3,mcq,Kako se začne roman z enim najbolj znanih stavkov v ameriški literaturi?,"Roman se začne s stavkom ""Call me Ishmael"", enim najbolj znanih uvodov v ameriški literaturi.","[""Kliči me Ishmael"", ""To so bili najboljši časi"", ""Na začetku je bil Moby Dick"", ""Nekoč je bil kit""]",0,,,,,,
course_118_moby_dick_melville,course_118_moby_dick_melville_q4,mcq,Na katero ladjo se vkrca pripovedovalec Izmael?,"Ishmaël se pridruži Pequodu v New Bedfordu, ladji, ki postane mikrokozmos ameriške družbe.","[""Pequod"", ""Rachel"", ""Nantucket"", ""Essex""]",0,,,,,,
course_118_moby_dick_melville,course_118_moby_dick_melville_q5,mcq,"Kdo je Queequeg, eden od Pequodovih mornarjev?","Queequeg, sin polinezijskega poglavarja, ponazarja raznolikost izvorov, zbranih na krovu Pequoda.","[""Sin polinezijskega poglavarja"", ""Kapitan ladje"", ""Nekdanji župnik se je spreobrnil"", ""Ishmaelov brat""]",0,,,,,,
course_118_moby_dick_melville,course_118_moby_dick_melville_q6,mcq,Kaj je za kapitana Ahaba v resnici beli kit Moby Dick?,"Za Ahaba Moby Dick ni žival, temveč maska kozmične malignosti, ki jo želi uničiti.","[""Maska kozmičnega malignoma, ne preproste živali"", ""Preprosta igra med drugim"", ""Simbol bogastva, ki ga je treba osvojiti"", ""Bitje, ki ga je izumila legenda mornarjev""]",0,,,,,,
course_118_moby_dick_melville,course_118_moby_dick_melville_q7,mcq,Zakaj je Ahab svoje življenje posvetil izsleditvi Mobyja Dicka?,"Ahab, ki je izgubil nogo v prejšnjem srečanju s kitom, zdaj svoje življenje posveča iskanju zla, ki ga zanj uteleša.","[""Ker je zaradi kita izgubil nogo"", ""Ker je ubila svojega sina"", ""Ker je potopila prijateljsko ladjo"", ""Ker predstavlja neprecenljivo bogastvo""]",0,,,,,,
course_118_moby_dick_melville,course_118_moby_dick_melville_q8,mcq,Kaj po Melvillu simbolizira belina kita?,"Melville uporablja belo barvo kita, da poudari brezbrižnost narave, grozljivo praznino, na katero se vesolje ne odziva.","[""Brezbrižnost narave, grozljiva praznina brez odziva vesolja"", ""Čistost in božanska dobrota"", ""Bogastvo, obljubljeno mornarjem"", ""Starost živali""]",0,,,,,,
course_118_moby_dick_melville,course_118_moby_dick_melville_q9,mcq,Kdo je edini preživeli dokončno potopitev ladje Pequod?,"Brodolom preživi samo Ishmael, ki lebdi na Queequegovi krsti, preden ga pobere kitolovka Rachel.","[""Izmael, pripovedovalec"", ""Kapitan Ahab"", ""Queequeg"", ""Starbuck, prvi poročnik""]",0,,,,,,
course_118_moby_dick_melville,course_118_moby_dick_melville_q10,trueFalse,"Res ali ne: ko je umrl leta 1891, je bil Herman Melville že priznan kot veliki ameriški pisatelj.","Melville je bil tako pozabljen, ko je umrl, da je New York Times objavil njegovo osmrtnico pod napačnim imenom ""Henry Melville"".","[""Prav"", ""Narobe""]",1,,,,,,
course_119_le_petit_prince_saint_exupery,course_119_le_petit_prince_saint_exupery_q1,mcq,Kje in v kakšnem kontekstu je Saint-Exupéry napisal Malega princa?,"Saint-Exupéry, izgnan v New Yorku, medtem ko je bila Francija okupirana, je to puščavsko zgodbo napisal v udobju Long Islanda.","[""V izgnanstvu v New Yorku, med okupacijo Francije"", ""V Parizu, pred drugo svetovno vojno"", ""V severni Afriki med njegovimi misijami Aéropostale"", ""V Maroku, po upokojitvi kot pilot""]",0,,,,,,
course_119_le_petit_prince_saint_exupery,course_119_le_petit_prince_saint_exupery_q2,mcq,"Od kod prihaja Mali princ, ki ga pripovedovalec sreča sredi Sahare?",Mali princ prihaja iz majhnega asteroida B-612.,"[""Z asteroida B-612"", ""S planeta, imenovanega Zemlja"", ""Z otoka, izgubljenega v puščavi"", ""Iz domišljijske dežele Maycomb""]",0,,,,,,
course_119_le_petit_prince_saint_exupery,course_119_le_petit_prince_saint_exupery_q3,mcq,"Kaj je treba redno odstranjevati s planeta Malega princa, da ga rešimo?","Na svojem asteroidu mora Mali princ izruvati drevesa baobaba, sicer bodo njihove korenine počile njegov majceni planet.","[""Baobabi"", ""Divje vrtnice"", ""Vulkanski kamni"", ""Invazivna trava""]",0,,,,,,
course_119_le_petit_prince_saint_exupery,course_119_le_petit_prince_saint_exupery_q4,mcq,"Kdo med odraslimi, ki jih Mali princ sreča, najde naklonjenost v njegovih očeh?","V očeh Malega princa je naklonjenost samo svetilka, saj osvetljuje svet drugim in ne sebi.","[""Prižigalec svetilk, ki osvetljuje svet drugim"", ""Kralj, ki kraljuje nad vsem"", ""Domišljavec, ki je rad občudovan"", ""Poslovnež, ki šteje zvezde""]",0,,,,,,
course_119_le_petit_prince_saint_exupery,course_119_le_petit_prince_saint_exupery_q5,mcq,Kaj ga lisica nauči o krotenju?,"Lisica uči Malega princa, da krotiti pomeni ustvariti vezi, zaradi katerih je drugi edinstven med vsemi drugimi.","[""Ukrotiti pomeni ustvariti povezave, zaradi katerih je drugi edinstven"", ""Ukrotiti pomeni prevladovati nad divjo živaljo"", ""Krotenje je preprosto hranjenje nekoga"", ""Ukrotiti pomeni nekoga postopoma pozabiti""]",0,,,,,,
course_119_le_petit_prince_saint_exupery,course_119_le_petit_prince_saint_exupery_q6,trueFalse,Res ali ne: po Foxu je »bistveno očem nevidno«.,"Ta stavek iz Lisice povzema zamisel, da je resnica bitja v odnosu, ki ga imamo z njim, ne v njegovem videzu.","[""Prav"", ""Narobe""]",0,,,,,,
course_119_le_petit_prince_saint_exupery,course_119_le_petit_prince_saint_exupery_q7,mcq,"Kateri element izvirnega rokopisa je bil odstranjen na predlog prijatelja, da bi pustili prostor bralčevi domišljiji?","Izvirni rokopis je prikazoval ovco v zaboju; prijatelj je Saint-Exupéryju predlagal, naj ga skrije, da pusti prostor domišljiji.","[""Ovce, vidne v zaboju"", ""Speča lisica"", ""Kača, ki ugrizne Malega princa"", ""Baobabi asteroida""]",0,,,,,,
course_119_le_petit_prince_saint_exupery,course_119_le_petit_prince_saint_exupery_q8,trueFalse,"Res ali ne: Antoine de Saint-Exupéry je živel dovolj dolgo, da je doživel svetovni uspeh svoje knjige.",Saint-Exupéry je leta 1944 izginil na morju in nikoli ni doživel svetovnega uspeha svojega dela.,"[""Prav"", ""Narobe""]",1,,,,,,
course_119_le_petit_prince_saint_exupery,course_119_le_petit_prince_saint_exupery_q9,mcq,Kaj se je zgodilo s Saint-Exupéryjevim letalom 31. julija 1944?,31. julija 1944 je Saint-Exupéryjevo letalo izginilo na morju; njegove razbitine bodo identificirali šele leta 2000 ob obali Marseilla.,"[""Izginil je v morju, njegova razbitina pa je bila identificirana šele leta 2000."", ""Sestrelili so ga nad Parizom"", ""Zasilno pristane v Sahari"", ""Strmoglavi v New Yorku""]",0,,,,,,
course_119_le_petit_prince_saint_exupery,course_119_le_petit_prince_saint_exupery_q10,numericSlider,"V koliko jezikov je bil preveden Mali princ, zaradi česar je najbolj prevajana francoska knjiga na svetu?","Mali princ je bil preveden v več kot 300 jezikov, zaradi česar je najbolj prevajana francoska knjiga na svetu.",,,,300.0,50.0,500.0,30.0,JEZIKI
course_11_la_prise_de_la_bastille_1789,course_11_la_prise_de_la_bastille_1789_q1,mcq,"Kaj so predvsem želeli Parižani, ko so 14. julija 1789 zavzeli Bastiljo?","V Bastilji je bilo samo 7 zapornikov; napadalci so iskali predvsem smodnik, shranjen v trdnjavi.","[""Puder za obrambo"", ""Izpustitev na tisoče zapornikov"", ""Zlato iz kraljeve zakladnice"", ""Kraljevi arhiv""]",0,,,,,,
course_11_la_prise_de_la_bastille_1789,course_11_la_prise_de_la_bastille_1789_q2,trueFalse,Res ali ne: v Bastilji je bilo 14. julija 1789 na tisoče političnih zapornikov.,"Tistega dne je bilo v Bastilji le 7 zapornikov: 4 ponarejevalci, 2 človeka, ki sta bila ocenjena kot nora, in en aristokrat.","[""Prav"", ""Narobe""]",1,,,,,,
course_11_la_prise_de_la_bastille_1789,course_11_la_prise_de_la_bastille_1789_q3,mcq,Zakaj je Ludvik XVI. maja 1789 sklical generalne stanove?,"Kraljestvo je uničeno, zlasti zaradi drage podpore ameriškim kolonijam, in kralj išče nove davke.","[""Zvišati nove davke ob bankrotu kraljevine"", ""Napovedati vojno Angliji"", ""Da bi organiziral kronanje svojega sina"", ""Reformirati kraljevo vojsko""]",0,,,,,,
course_11_la_prise_de_la_bastille_1789,course_11_la_prise_de_la_bastille_1789_q4,mcq,"Kaj je naredil tretji stan 17. junija 1789, ko se je soočil z blokado generalnih stanov?","Blokiran s sistemom treh redov, se je tretji stan 17. junija razglasil za narodno skupščino.","[""Razglasi se za državni zbor"", ""Iz Versaillesa odhaja v Pariz"", ""Pridruži se plemstvu"", ""Razpusti generalne stanove""]",0,,,,,,
course_11_la_prise_de_la_bastille_1789,course_11_la_prise_de_la_bastille_1789_q5,mcq,Kateri dogodek je 11. julija 1789 povzročil paniko v Parizu?,"Odstavitev Neckerja, zelo priljubljenega ministra, je sprožila paniko in Parižane prisilila k oboroževanju.","[""Odstavitev Jacquesa Neckerja, priljubljenega ministra za finance"", ""Aretacija tretjega stanu"", ""Požar v Versaillesu"", ""Smrt Ludvika XVI""]",0,,,,,,
course_11_la_prise_de_la_bastille_1789,course_11_la_prise_de_la_bastille_1789_q6,numericSlider,Koliko pušk je množica zasegla v Domu invalidov 14. julija zjutraj?,"Množica je iz Les Invalidov zasegla okoli 32.000 pušk, vendar jim je še vedno manjkal smodnik.",,,,32000.0,10000.0,50000.0,3000.0,puške
course_11_la_prise_de_la_bastille_1789,course_11_la_prise_de_la_bastille_1789_q7,mcq,"Kaj je lettre de cachet, zaradi katerega je Bastilja tako osovražena?","Lettre de cachet omogoča, da je nekdo zaprt brez sojenja, kar v očeh Parižanov pooseblja kraljevo samovoljo.","[""Odredba o priporu brez sojenja"", ""Kraljevski davek na kruh"", ""Kraljevi odlok o amnestiji"", ""Kraljevska poročna pogodba""]",0,,,,,,
course_11_la_prise_de_la_bastille_1789,course_11_la_prise_de_la_bastille_1789_q8,trueFalse,"Res ali ne: ko so kralju povedali za napad na Bastiljo, je odgovoril, da je bil to navaden upor.","Nasprotno, rekli so mu ""Ne Sire, to je revolucija"", čeprav je kralj 14. v svojem lovskem dnevniku zapisal ""Nič"".","[""Prav"", ""Narobe""]",1,,,,,,
course_11_la_prise_de_la_bastille_1789,course_11_la_prise_de_la_bastille_1789_q9,chronological,Postavite te dogodke poleti 1789 v kronološki vrstni red.,"Te štiri faze potekajo od maja do avgusta 1789: kraljevi poziv, prisega poslancev, napad na Bastiljo in nato odprava privilegijev.",,,"[""Sklic generalnih stanov"", ""Igra Prisega dlani"", ""Napad na Bastiljo"", ""Odprava privilegijev""]",,,,,
course_11_la_prise_de_la_bastille_1789,course_11_la_prise_de_la_bastille_1789_q10,mcq,Kaj se je zgodilo na podeželju po napadu na Bastiljo pod vplivom velikega strahu?,"V strahu pred maščevanjem plemičev so kmetje sežigali listine o svojih gosposkih pravicah, kar je pospešilo odpravo privilegijev.","[""Kmetje sežigajo listine o gosposkih pravicah"", ""Kmetje se dvignejo proti državnemu zboru"", ""Kampanje ostajajo ravnodušne do dogodkov v Parizu"", ""Kmetje zahtevajo vrnitev absolutnega kralja""]",0,,,,,,
course_120_l_alchimiste_paulo_coelho,course_120_l_alchimiste_paulo_coelho_q1,mcq,"Kaj Santiago, andaluzijski pastir, sanja, da bi našel na piramidah v Egiptu?","Santiago, andaluzijski pastir, sanja o zakladu, skritem v bližini egiptovskih piramid.","[""Zaklad"", ""Izgubljeni vodni vir"", ""Starodavni rokopis"", ""Zapuščena čreda ovac""]",0,,,,,,
course_120_l_alchimiste_paulo_coelho,course_120_l_alchimiste_paulo_coelho_q2,mcq,"Kaj ga Melkizedek, kralj Salema, nauči o njegovi usodi?","Melchizedek uči Santiaga pojma osebne legende, usode, ki si jo vsi želijo izpolniti že od otroštva.","[""Osebna legenda, usoda, ki si jo vsi želijo doseči že od otroštva"", ""Umetnost branja zvezdnih kart"", ""Tehnika srednjeveške alkimije"", ""Trgovina s kristali v Tangerju""]",0,,,,,,
course_120_l_alchimiste_paulo_coelho,course_120_l_alchimiste_paulo_coelho_q3,trueFalse,"Res ali ne: ko je bil prvič objavljen leta 1988, je Alkimist takoj postal velika komercialna uspešnica.",Majhen brazilski založnik je leta 1988 natisnil samo 900 izvodov in zavrnil ponatis; svetovni uspeh pride kasneje.,"[""Prav"", ""Narobe""]",1,,,,,,
course_120_l_alchimiste_paulo_coelho,course_120_l_alchimiste_paulo_coelho_q4,mcq,Kdo v puščavi uči Santiaga brati znamenja vesolja?,"Alkimist, ki ga je srečal med prečkanjem Sahare, je tisti, ki uči Santiaga brati znamenja vesolja.","[""Alkimist"", ""Melkizedek, Salemski kralj"", ""Fatima"", ""Trgovec s kristali iz Tangerja""]",0,,,,,,
course_120_l_alchimiste_paulo_coelho,course_120_l_alchimiste_paulo_coelho_q5,mcq,Kaj v romanu predstavlja koncept Duše sveta?,"Duša sveta se nanaša na edinstveno energijo, za katero se verjame, da jo deli vse, kar obstaja, v skladu s filozofijo romana.","[""Edinstvena energija, ki jo deli vse, kar obstaja"", ""Duh andaluzijskih prednikov"", ""Kolektivna zavest tangerskih trgovcev"", ""Sila, rezervirana samo za alkimiste""]",0,,,,,,
course_120_l_alchimiste_paulo_coelho,course_120_l_alchimiste_paulo_coelho_q6,mcq,"Kaj pomeni arabska beseda »Maktub«, ki jo Santiago pogosto sliši na svoji poti?","Maktub pomeni ""bilo je zapisano"": ta izraz se nanaša na islamsko idejo o že začrtani usodi.","[""\""Bilo je zapisano\"", nanašajoč se na usodo"", ""\""Srečno\"" v klasični arabščini"", ""Ime oaze v Sahari"", ""Tradicionalni pozdrav med trgovci""]",0,,,,,,
course_120_l_alchimiste_paulo_coelho,course_120_l_alchimiste_paulo_coelho_q7,mcq,"Kaj je počel Paulo Coelho, preden je postal uspešen pisatelj?","Preden je zaslovel kot pisec, je bil Paulo Coelho pisec besedil za brazilskega rokerja Raula Seixasa.","[""Bil je pisec besedil za brazilskega rockerja Raula Seixasa"", ""Bil je profesor filozofije v Riu"", ""V Egiptu je delal kot turistični vodnik"", ""Bil je menih v španskem samostanu""]",0,,,,,,
course_120_l_alchimiste_paulo_coelho,course_120_l_alchimiste_paulo_coelho_q8,mcq,"Kaj končno odkrije Santiago, ko prispe do piramid?","Pri piramidah Santiago ne najde ničesar: zaklad je bil dejansko blizu izhodišča, pod platano v Španiji.","[""Da tam ne najde nobenega zaklada, saj je v resnici blizu njegovega izhodišča v Španiji"", ""Neizmeren zaklad, ki ga naredi bogatega za vse življenje"", ""Kraljeva grobnica, neznana arheologom"", ""Šifrirano sporočilo, ki ga je pustil Melchizedek""]",0,,,,,,
course_120_l_alchimiste_paulo_coelho,course_120_l_alchimiste_paulo_coelho_q9,trueFalse,Res ali ne: po romanu je Santiagov materialni zaklad na koncu pomembnejši od same izkušnje potovanja.,"Roman ravno nasprotno potrjuje, da so izkušnja, srečanje s Fatimo in poslušanje srca vredni več kot zlato.","[""Prav"", ""Narobe""]",1,,,,,,
course_120_l_alchimiste_paulo_coelho,course_120_l_alchimiste_paulo_coelho_q10,numericSlider,Koliko izvodov je imel prvi brazilski natis Alkimista leta 1988?,"Prva brazilska izdaja je imela le 900 izvodov, založnik pa je zavrnil ponatis knjige.",,,,900.0,100.0,5000.0,200.0,izvodov
course_121_la_renaissance_italienne,course_121_la_renaissance_italienne_q1,mcq,Katera florentinska družina je prek bančništva financirala renesančne umetnike?,"Medičejci, bogati firenški bankirji, so množično financirali umetnike prek pokroviteljstva, da bi si utrdili svoj prestiž.","[""Medičejci"", ""Borgie"", ""Sforza"", ""Estesovi""]",0,,,,,,
course_121_la_renaissance_italienne,course_121_la_renaissance_italienne_q2,mcq,Kdo je okoli leta 1420 v Firencah izumil linearno perspektivo?,Okoli leta 1420 je arhitekt Brunelleschi razvil matematična pravila linearne perspektive.,"[""Brunelleschi"", ""Leonardo da Vinci"", ""Michelangelo"", ""Rafael""]",0,,,,,,
course_121_la_renaissance_italienne,course_121_la_renaissance_italienne_q3,trueFalse,"Res ali ne: Padec Konstantinopla leta 1453 je povzročil, da so bizantinski učenjaki pobegnili v Italijo s starogrškimi rokopisi.",Ta prihod pozabljenih grških rokopisov je neposredno spodbudil humanizem in ponovno odkritje antike v Italiji.,"[""Prav"", ""Narobe""]",0,,,,,,
course_121_la_renaissance_italienne,course_121_la_renaissance_italienne_q4,numericSlider,Katerega leta je Michelangelo dokončal strop Sikstinske kapele?,"Michelangelo je med letoma 1508 in 1512 poslikal strop Sikstinske kapele, ki pokriva približno 500 kvadratnih metrov.",,,,1512.0,1450.0,1550.0,3.0,
course_121_la_renaissance_italienne,course_121_la_renaissance_italienne_q5,chronological,Postavite te mejnike italijanske renesanse v kronološki vrstni red.,"Ti štirje mejniki (1420, 1453, 1504, 1512) zajemajo skoraj stoletje, od tehničnega izuma perspektive do umetniškega vrhunca visoke renesanse v Rimu.",,,"[""Brunelleschi izumi linearno perspektivo"", ""Padec Konstantinopla"", ""Michelangelov David"", ""Strop Sikstinske kapele je dokončan""]",,,,,
course_121_la_renaissance_italienne,course_121_la_renaissance_italienne_q6,mcq,Katera Rafaelova freska združuje velike mislece antike?,"Rafael naslika Atensko šolo, v kateri so Platon, Aristotel in drugi starodavni filozofi v popolni harmoniji.","[""Atenska šola"", ""Stvarjenje Adama"", ""Mona Lisa"", ""Zadnja večerja""]",0,,,,,,
course_121_la_renaissance_italienne,course_121_la_renaissance_italienne_q7,mcq,"Katero miselno gibanje potrjuje, da lahko ljudje razumejo naravo z razumom?","Humanistični misleci, kot je Pic de la Mirandola, postavljajo človeški razum v središče razumevanja sveta.","[""Humanizem"", ""Manierizem"", ""Pokroviteljstvo"", ""Šolastik""]",0,,,,,,
course_121_la_renaissance_italienne,course_121_la_renaissance_italienne_q8,trueFalse,"Res ali ne: francoski kralj François I. je bil tisti, ki je povabil Leonarda da Vincija in začel francosko renesanso.","Franc I. je v Francijo privabil Leonarda da Vincija in začel francosko renesanso, vidno zlasti na gradovih Loire.","[""Prav"", ""Narobe""]",0,,,,,,
course_121_la_renaissance_italienne,course_121_la_renaissance_italienne_q9,mcq,Katera slikovna tehnika iz Flandrije omogoča chiaroscuro?,"Oljna barva, ki je prihajala iz Flandrije, je postopoma nadomestila tempero in omogočila močne kontraste chiaroscura.","[""Oljna slika"", ""Freska"", ""Mozaik"", ""Akvarel""]",0,,,,,,
course_122_la_naissance_de_l_impressionnisme,course_122_la_naissance_de_l_impressionnisme_q1,mcq,"Kateri kritik je izumil besedo ""impresionisti"", ko se je norčeval iz Monetove slike?","Louis Leroy se posmehuje Monetovemu naslovu Vtis, Vzhajajoče sonce, ki nehote daje ime gibanju.","[""Louis Leroy"", ""Emile Zola"", ""Charles Baudelaire"", ""Théophile Gautier""]",0,,,,,,
course_122_la_naissance_de_l_impressionnisme,course_122_la_naissance_de_l_impressionnisme_q2,mcq,Katera Manetova slika je škandalizirala Salon des Refusés leta 1863?,Manet šokira z mešanjem ženskega akta in dveh moških v modernih kostumih v Le Déjeuner sur l'herbe.,"[""Kosilo na travi"", ""Tisk, vzhajajoče sonce"", ""Vodne lilije"", ""Splav Meduze""]",0,,,,,,
course_122_la_naissance_de_l_impressionnisme,course_122_la_naissance_de_l_impressionnisme_q3,trueFalse,Res ali ne: leta 1863 je žirija salona zavrnila več kot 3000 slik.,"Ta množična zavrnitev je Napoleona III. spodbudila, da je v odgovor odobril Salon des Refusés.","[""Prav"", ""Narobe""]",0,,,,,,
course_122_la_naissance_de_l_impressionnisme,course_122_la_naissance_de_l_impressionnisme_q4,mcq,Katera materialna inovacija je impresionistom omogočila slikanje na prostem?,Prenosne cevi za barvo sprostijo pleskarje iz delavnice in jim omogočijo delo na prostem.,"[""Cevi za barve"", ""fotografija"", ""Papirna kaša"", ""Litografija""]",0,,,,,,
course_122_la_naissance_de_l_impressionnisme,course_122_la_naissance_de_l_impressionnisme_q5,mcq,Kateri kemik je navdihnil impresioniste pri uporabi komplementarnih barv?,Chevreulovo raziskovanje komplementarnih barv je impresioniste spodbudilo k prepovedi črne barve v sencah.,"[""Michel-Eugène Chevreul"", ""Louis Pasteur"", ""Antoine Lavoisier"", ""Marie Curie""]",0,,,,,,
course_122_la_naissance_de_l_impressionnisme,course_122_la_naissance_de_l_impressionnisme_q6,mcq,Kje je bila prva impresionistična razstava leta 1874?,"Skupina razstavlja v nekdanji delavnici fotografa Nadarja, zaradi nedostopnosti uradnega salona.","[""V studiu fotografa Nadarja"", ""V uradnem salonu Louvre"", ""V muzeju Orsay"", ""Na Akademiji za likovno umetnost""]",0,,,,,,
course_122_la_naissance_de_l_impressionnisme,course_122_la_naissance_de_l_impressionnisme_q7,mcq,Kateri umetniški vpliv iz Azije je navdihnil asimetrično uokvirjanje impresionistov?,"Japonski tiski zagotavljajo asimetrično uokvirjanje in poglede iz ptičje perspektive, kakršnih prej v Evropi ni bilo.","[""Japonski tiski"", ""Kitajska kaligrafija"", ""Perzijske miniature"", ""Bizantinski mozaiki""]",0,,,,,,
course_122_la_naissance_de_l_impressionnisme,course_122_la_naissance_de_l_impressionnisme_q8,chronological,Postavite te faze impresionizma v kronološki vrstni red.,"Ti trije mejniki segajo od leta 1863 do 1886, od začetnega škandala do konca skupinskih razstav skupine.",,,"[""Škandal Manetovega Déjeuner sur l'herbe"", ""Prva samostojna razstava pri Nadarju"", ""Zadnja od osmih razstav skupine""]",,,,,
course_122_la_naissance_de_l_impressionnisme,course_122_la_naissance_de_l_impressionnisme_q9,numericSlider,Katerega leta so impresionisti organizirali prvo samostojno razstavo?,Prva samostojna razstava skupine je bila aprila 1874 v ateljeju fotografa Nadarja.,,,,1874.0,1850.0,1900.0,3.0,
course_123_le_caravage_et_le_clair_obscur,course_123_le_caravage_et_le_clair_obscur_q1,mcq,"Kakšno je pravo ime slikarja, znanega kot Caravaggio?","Caravaggievo pravo ime je Michelangelo Merisi, izvira iz milanske regije.","[""Michelangelo Merisi"", ""Michelangelo Buonarroti"", ""Domenico Fetti"", ""Annibale Carracci""]",0,,,,,,
course_123_le_caravage_et_le_clair_obscur,course_123_le_caravage_et_le_clair_obscur_q2,mcq,"Kako se imenuje skrajna oblika chiaroscura, ki jo je izumil Caravaggio?","Tenebrizem prizorišče potopi v nepregledno temo, iz katere s kiparsko silo izraščajo telesa.","[""Tenebrizem"", ""Sfumato"", ""Pointilizem"", ""Manierizem""]",0,,,,,,
course_123_le_caravage_et_le_clair_obscur,course_123_le_caravage_et_le_clair_obscur_q3,trueFalse,"Res ali ne: Caravaggio je svoje modele izbiral med berači in navadnimi ljudmi, da bi slikal svoje svetnike.","Zavračal je idealiziranje svojih religioznih likov in je svoje modele jemal z ulice, kar je škandaliziralo njegove sodobnike.","[""Prav"", ""Narobe""]",0,,,,,,
course_123_le_caravage_et_le_clair_obscur,course_123_le_caravage_et_le_clair_obscur_q4,mcq,Katera slika iz leta 1600 osupne Rim s svojo svetostjo na ulici?,"Poklic svetega Mateja, naslikan za kapelo Contarelli, vsiljuje sveto, ki ga poosebljajo navadni ljudje.","[""Poklicanost svetega Mateja"", ""Nočna straža"", ""Mlade dame iz Avignona"", ""Splav Meduze""]",0,,,,,,
course_123_le_caravage_et_le_clair_obscur,course_123_le_caravage_et_le_clair_obscur_q5,mcq,Zakaj je moral Caravaggio leta 1606 pobegniti iz Rima?,"Med pretepom leta 1606 je ubil Ranuccia Tomassonija in bil obsojen na smrt, zaradi česar je bil prisiljen v izgnanstvo.","[""Med prepirom ubije Ranuccia Tomassonija"", ""Obtožen je herezije"", ""Ukradel je kraljevi ukaz"", ""Javno žali papeža""]",0,,,,,,
course_123_le_caravage_et_le_clair_obscur,course_123_le_caravage_et_le_clair_obscur_q6,mcq,"Kateri slog je zavrnil Caravaggio, saj se mu je zdel preveč graciozen in umeten?","Zavrača izumetničenje manierizma, tega gracioznega in popačenega sloga, ki je pred njim.","[""Manierizem"", ""Barok"", ""Neoklasicizem"", ""romantika""]",0,,,,,,
course_123_le_caravage_et_le_clair_obscur,course_123_le_caravage_et_le_clair_obscur_q7,mcq,Kateri nizozemski slikar je pozneje podedoval Caravaggievo poezijo senc?,Rembrandt prevzema in poglablja dediščino caravaggesque chiaroscuro v svojem slogu.,"[""Rembrandt"", ""Vermeer"", ""Van Eyck"", ""Bruegel""]",0,,,,,,
course_123_le_caravage_et_le_clair_obscur,course_123_le_caravage_et_le_clair_obscur_q8,numericSlider,Pri kateri starosti je Caravaggio umrl na begu v Porto Ercoleju?,"Caravaggio je lovljen in ranjen umrl v starosti 38 let, nekaj dni pred papeževo pomilostitvijo.",,,,38.0,20.0,60.0,2.0,let
course_123_le_caravage_et_le_clair_obscur,course_123_le_caravage_et_le_clair_obscur_q9,chronological,Postavite te dogodke v Caravaggiovem življenju v kronološki vrstni red.,"Ta pot zajema njegov prihod okoli leta 1593, njegovo zmagoslavje leta 1600, njegovo izgnanstvo po letu 1606 in njegovo smrt leta 1610.",,,"[""Prihod v Rim"", ""Poklic svetega Mateja osupne mesto"", ""Umor Ranuccia Tomassonija in pobeg"", ""Smrt v Porto Ercole""]",,,,,
course_124_rembrandt_et_l_ecole_flamande,course_124_rembrandt_et_l_ecole_flamande_q1,mcq,"V katerem političnem prostoru deluje Rembrandt, ki ga poganja meščanski umetniški trg?","V 17. stoletju je nizozemsko protestantsko meščanstvo naročalo slike za svoje domove, ne da bi šlo prek cerkve ali sodišča.","[""Združene province (Nizozemska)"", ""Francija"", ""Španija"", ""Italija""]",0,,,,,,
course_124_rembrandt_et_l_ecole_flamande,course_124_rembrandt_et_l_ecole_flamande_q2,mcq,Kako se imenuje značilna Rembrandtova tehnika debelega dvignjenega slikanja?,"Impasto je ta barva, nanesena tako gosto, da ustvari relief, ki je v nasprotju z okusom gladkih površin.","[""Impasto"", ""Sfumato"", ""Sivina"", ""Akvarel""]",0,,,,,,
course_124_rembrandt_et_l_ecole_flamande,course_124_rembrandt_et_l_ecole_flamande_q3,trueFalse,Res ali ne: Nočna straža dejansko predstavlja dnevni prizor.,"Naslov je napačna interpretacija: prizor je dnevni, vendar so stoletja umazanega laka potemnila platno do te mere, da namiguje na noč.","[""Prav"", ""Narobe""]",0,,,,,,
course_124_rembrandt_et_l_ecole_flamande,course_124_rembrandt_et_l_ecole_flamande_q4,mcq,"Kaj v resnici predstavlja slika, znana kot Nočna straža?","To je četa kapitana Fransa Banninga Cocqa, milica, ki je prikazana v gibanju in ne poravnana, kot zahteva konvencija.","[""Meščanska miličniška četa na poti"", ""Rembrandtov avtoportret"", ""Svetopisemski nočni prizor"", ""Nizozemska pokrajina""]",0,,,,,,
course_124_rembrandt_et_l_ecole_flamande,course_124_rembrandt_et_l_ecole_flamande_q5,mcq,Kateri finančni dogodek je prizadel Rembrandta leta 1656?,Leta 1656 je Rembrandtov osebni bankrot povzročil dražbo njegove hiše in zbirk.,"[""Njegov osebni bankrot"", ""Njegovo plemenitenje"", ""Njegov zakon"", ""Njegov izgnanstvo""]",0,,,,,,
course_124_rembrandt_et_l_ecole_flamande,course_124_rembrandt_et_l_ecole_flamande_q6,numericSlider,Približno koliko avtoportretov je Rembrandt naslikal v svojem življenju?,"Rembrandt je v skoraj štiridesetih letih naslikal okoli 80 do 90 avtoportretov, kar je edinstveno pričevanje o njegovem razvoju.",,,,85.0,50.0,120.0,10.0,
course_124_rembrandt_et_l_ecole_flamande,course_124_rembrandt_et_l_ecole_flamande_q7,mcq,Kateri slikar iz 17. stoletja je vplival na Rembrandtov chiaroscuro?,"Rembrandt na novo izumi chiaroscuro, podedovan od Caravaggia, tako da postane bolj notranji in čustven.","[""Caravaggio"", ""Botticelli"", ""Tizian"", ""Giotto""]",0,,,,,,
course_124_rembrandt_et_l_ecole_flamande,course_124_rembrandt_et_l_ecole_flamande_q8,trueFalse,"Res ali ne: Rembrandt je ob koncu življenja omilil svoj slog, da bi ugajal modi in rešil svoje bogastvo.","Nasprotno, kljub pogubnemu življenjskemu slogu noče omehčati svojega sloga in ostaja zvest svoji umetniški viziji.","[""Prav"", ""Narobe""]",1,,,,,,
course_124_rembrandt_et_l_ecole_flamande,course_124_rembrandt_et_l_ecole_flamande_q9,chronological,Postavite ta obdobja Rembrandtovega življenja v kronološki vrstni red.,"Ti mejniki segajo od leta 1631 do 1669, od njegove zmagoslavne postavitve v Amsterdamu do njegove smrti.",,,"[""Prihod v Amsterdam"", ""Nočna straža"", ""Osebni stečaj"", ""Smrt slikarja""]",,,,,
course_125_le_romantisme_en_peinture_delacroix_geri,course_125_le_romantisme_en_peinture_delacroix_geri_q1,mcq,Proti kateremu gibanju se je v reakciji postavila romantika?,"Romantizem nasprotuje hladni strogosti neoklasicizma, ki ga uteleša Jacques-Louis David.","[""Neoklasicizem"", ""Barok"", ""Impresionizem"", ""Pop art""]",0,,,,,,
course_125_le_romantisme_en_peinture_delacroix_geri,course_125_le_romantisme_en_peinture_delacroix_geri_q2,mcq,Kateri resnični dogodek navdihuje Géricaultov splav Meduze?,"Géricaulta je navdihnil resnični potop ladje Méduse leta 1816, ko je kapitan zapustil približno 150 mornarjev na splavu.","[""Potop fregate Méduse"", ""Bitka pri Waterlooju"", ""Julijska revolucija"", ""Sedež v Parizu""]",0,,,,,,
course_125_le_romantisme_en_peinture_delacroix_geri,course_125_le_romantisme_en_peinture_delacroix_geri_q3,trueFalse,"Res ali ne: Delacroix je naslikal Svobodo, ki vodi ljudstvo v praznovanje julijske revolucije leta 1830.","Slika praznuje tri slavna leta, revolucionarne dni julija 1830.","[""Prav"", ""Narobe""]",0,,,,,,
course_125_le_romantisme_en_peinture_delacroix_geri,course_125_le_romantisme_en_peinture_delacroix_geri_q4,mcq,Kakšno potovanje je spremenilo Delacroixovo paleto leta 1832?,Njegovo potovanje v Maroko leta 1832 mu je razkrilo novo luč in delno utemeljilo orientalizem.,"[""Potovanje v Maroko"", ""Potovanje v Italijo"", ""Potovanje v Egipt"", ""Potovanje v Grčijo""]",0,,,,,,
course_125_le_romantisme_en_peinture_delacroix_geri,course_125_le_romantisme_en_peinture_delacroix_geri_q5,mcq,"Kateri akademski slikar se je zoperstavil Delacroixu tako, da je zagovarjal linijo namesto barve?","Jean-Auguste-Dominique Ingres, tekmec Delacroixa, brani gladko in natančno linijo pred čustveno barvo.","[""Ingres"", ""David"", ""Géricault"", ""Manet""]",0,,,,,,
course_125_le_romantisme_en_peinture_delacroix_geri,course_125_le_romantisme_en_peinture_delacroix_geri_q6,mcq,"Kaj naredi Géricault, da naslika resnico o truplih Meduzine splavi?","Géricault preučuje trupla, da bi realistično predstavil agonijo brodolomcev.","[""Proučuje trupla"", ""Posvetuje se z vojaškimi zdravniki"", ""Kopira antične kipe"", ""Intervjuje samo preživele""]",0,,,,,,
course_125_le_romantisme_en_peinture_delacroix_geri,course_125_le_romantisme_en_peinture_delacroix_geri_q7,numericSlider,Koliko mornarjev je bilo približno zapuščenih na splavu Méduse leta 1816?,"Kapitan, imenovan s kraljevo milostjo, zapusti okoli 150 mornarjev na improviziranem splavu.",,,,150.0,50.0,300.0,20.0,
course_125_le_romantisme_en_peinture_delacroix_geri,course_125_le_romantisme_en_peinture_delacroix_geri_q8,mcq,Kdo je prevzel vodstvo v romantičnem gibanju po Géricaultovi prezgodnji smrti?,Po Géricaultovi prezgodnji smrti je Delacroix postal vodja romantičnega gibanja.,"[""Eugene Delacroix"", ""Ingres"", ""David"", ""Manet""]",0,,,,,,
course_125_le_romantisme_en_peinture_delacroix_geri,course_125_le_romantisme_en_peinture_delacroix_geri_q9,chronological,Postavite ta dela in dogodke romantike v kronološki vrstni red.,"Ti mejniki segajo od leta 1816 do 1832, od dejanskega brodoloma do transformacije Delacroixove palete s strani Orienta.",,,"[""Potop fregate Méduse"", ""Razstavljen je splav Meduze"", ""Julijska revolucija in svoboda, ki vodi ljudstvo"", ""Delacroixovo potovanje v Maroko""]",,,,,
course_126_le_cubisme_picasso_et_braque,course_126_le_cubisme_picasso_et_braque_q1,mcq,"Kateri slikar svetuje obravnavo narave skozi valj, kroglo in stožec, ki vpliva na kubizem?",Cézanne išče trdnost oblik za svetlobo in neposredno navdihuje kubistično geometrizacijo.,"[""Paul Cezanne"", ""Claude Monet"", ""Édouard Manet"", ""Henri Matisse""]",0,,,,,,
course_126_le_cubisme_picasso_et_braque,course_126_le_cubisme_picasso_et_braque_q2,mcq,Katero odkritje v muzeju Trocadéro leta 1907 je zaznamovalo Picassa?,"Picasso je na Trocadéru odkril afriške in oceanske maske, ki so konceptualizirale obraz, namesto da bi ga kopirale.","[""Afriške in oceanske umetnosti"", ""egipčanska umetnost"", ""Bizantinska umetnost"", ""Predkolumbovska umetnost""]",0,,,,,,
course_126_le_cubisme_picasso_et_braque,course_126_le_cubisme_picasso_et_braque_q3,mcq,Katera slika iz leta 1907 predstavlja izhodišče kubizma?,"Les Demoiselles d'Avignon je s svojimi ostrimi akti osupnila tudi tiste, ki so bili blizu Picassu.","[""Mlade dame iz Avignona"", ""Guernica"", ""Svoboda vodi ljudi"", ""Kosilo na travi""]",0,,,,,,
course_126_le_cubisme_picasso_et_braque,course_126_le_cubisme_picasso_et_braque_q4,trueFalse,Res ali ne: v analitičnem kubizmu barve skoraj izginejo v korist sivin in oker.,"Med letoma 1908 in 1912 sta Picasso in Braque zmanjšala barvo, da bi prisilila oko k konstrukciji prostora.","[""Prav"", ""Narobe""]",0,,,,,,
course_126_le_cubisme_picasso_et_braque,course_126_le_cubisme_picasso_et_braque_q5,mcq,"Kako se imenuje tehnika, ki je okoli leta 1912 v kubistične slike uvedla časopise in tapete?","Kolaž, ki se je pojavil s sintetičnim kubizmom, prinaša v sliko prave materiale, kot je časopis.","[""Kolaž"", ""Sitotisk"", ""Freska"", ""Šablona""]",0,,,,,,
course_126_le_cubisme_picasso_et_braque,course_126_le_cubisme_picasso_et_braque_q6,mcq,Kateri kubist je gibanju prinesel posebno matematično strogost?,"Juan Gris razvija pristop k kubizmu, ki ga zaznamujeta geometrijska in matematična strogost.","[""Juan Gray"", ""Fernand Léger"", ""Robert Delaunay"", ""Marcel Duchamp""]",0,,,,,,
course_126_le_cubisme_picasso_et_braque,course_126_le_cubisme_picasso_et_braque_q7,mcq,Kateri prejšnji poklic Georgesa Braqueja pojasnjuje njegov talent za posnemanje materialov v njegovih kolažih?,"Nekdanji slikar-dekorater, Braque je znal naslikati lažni les tako popolno, da se je zdel bolj resničen od lesa, ki je bil dejansko zlepljen.","[""Slikar-dekorater"", ""Fotograf"", ""Kipar"", ""Arhitekt""]",0,,,,,,
course_126_le_cubisme_picasso_et_braque,course_126_le_cubisme_picasso_et_braque_q8,chronological,Postavite te faze kubizma v kronološki vrstni red.,"Ti mejniki segajo od leta 1907 do 1912, od začetnega razpada do izuma kolaža.",,,"[""Mlade dame iz Avignona"", ""Analitični kubizem secira predmet"", ""Kolaž in sintetični kubizem""]",,,,,
course_126_le_cubisme_picasso_et_braque,course_126_le_cubisme_picasso_et_braque_q9,numericSlider,Približno katerega leta je Picasso dokončal Les Demoiselles d'Avignon?,Picasso je to temeljno sliko kubizma dokončal leta 1907.,,,,1907.0,1880.0,1930.0,3.0,
course_127_le_surrealisme_dali_et_magritte,course_127_le_surrealisme_dali_et_magritte_q1,mcq,Kdo je ustanovil nadrealizem z nadrealističnim manifestom leta 1924?,"Pesnik André Breton je ustanovil gibanje s svojim Manifestom nadrealizma, objavljenim leta 1924.","[""Andre Breton"", ""Salvador Dalí"", ""Rene Magritte"", ""Tristan Tzara""]",0,,,,,,
course_127_le_surrealisme_dali_et_magritte,course_127_le_surrealisme_dali_et_magritte_q2,mcq,Kakšno metodo je Dalí izumil za slikanje svojega prostovoljnega delirija?,"Dalí izumi paranoično-kritično metodo, prostovoljni delirij, ki združuje heterogene elemente.","[""Paranoično-kritična metoda"", ""Samodejno pisanje"", ""Izjemno truplo"", ""Kolaž""]",0,,,,,,
course_127_le_surrealisme_dali_et_magritte,course_127_le_surrealisme_dali_et_magritte_q3,trueFalse,Res ali ne: nadrealizem se zgleduje po teorijah Sigmunda Freuda o nezavednem.,"Freud pokaže, da nezavedno prevladuje nad psiho, kar je neposredno navdihnilo nadrealiste.","[""Prav"", ""Narobe""]",0,,,,,,
course_127_le_surrealisme_dali_et_magritte,course_127_le_surrealisme_dali_et_magritte_q4,mcq,Katera Dalíjeva slika prikazuje mehke ure v katalonski pokrajini?,"Vztrajnost spomina, naslikana leta 1931, prikazuje mehke ure v pokrajini, ki jo je navdihnil Port Lligat.","[""Vztrajnost spomina"", ""Izdajstvo podob"", ""Splav Meduze"", ""Guernica""]",0,,,,,,
course_127_le_surrealisme_dali_et_magritte,course_127_le_surrealisme_dali_et_magritte_q5,mcq,Kateri stavek je Magritte napisal pod realistično naslikano pipo?,"V Izdaji podob nas Magritte spomni, da je podoba cevi le znak, ne pa predmet sam.","[""To ni cev"", ""Slika je laž"", ""Nič ni resnično"", ""Sanje so resnica""]",0,,,,,,
course_127_le_surrealisme_dali_et_magritte,course_127_le_surrealisme_dali_et_magritte_q6,mcq,Katero gibanje je pred nadrealizmom in nanj neposredno vpliva?,"Po dadaizmu, ki je uničil pomen, je Breton hotel obnoviti um z osvoboditvijo misli.","[""dadaizem"", ""kubizem"", ""Fovizem"", ""romantika""]",0,,,,,,
course_127_le_surrealisme_dali_et_magritte,course_127_le_surrealisme_dali_et_magritte_q7,trueFalse,Res ali ne: André Breton je Dalíju dal vzdevek Avida Dollars in ga leta 1939 izključil iz gibanja.,"Breton je presodil, da se je Dalí preveč komercializiral, in ga leta 1939 izključil iz nadrealistične skupine.","[""Prav"", ""Narobe""]",0,,,,,,
course_127_le_surrealisme_dali_et_magritte,course_127_le_surrealisme_dali_et_magritte_q8,mcq,"Kakšno kolektivno igro so izumili nadrealisti, da bi ustvarili brez racionalnega nadzora?","The Exquisite Corpse je igra, kjer vsak doda stavek ali risbo, ne da bi videl prejšnji prispevek.","[""Izjemno truplo"", ""Kolaž"", ""Sitotisk"", ""Dogajanje""]",0,,,,,,
course_127_le_surrealisme_dali_et_magritte,course_127_le_surrealisme_dali_et_magritte_q9,chronological,Postavite te mejnike nadrealizma v kronološki vrstni red.,"Ti mejniki segajo od leta 1924 do 1939, od ustanovitve gibanja do preloma med Bretonom in Dalíjem.",,,"[""Bretonov manifest nadrealizma"", ""Dalí se pridruži nadrealistični skupini"", ""Vztrajnost spomina"", ""Bretonova izključitev Dalíja""]",,,,,
course_128_l_expressionnisme_munch_et_le_cri,course_128_l_expressionnisme_munch_et_le_cri_q1,mcq,Kateri norveški slikar je bil s Krikom pionir ekspresionizma?,Norvežan Edvard Munch je s Krikom sodobno tesnobo in samoto naredil za univerzalni simbol.,"[""Edvard Munch"", ""Vincent Van Gogh"", ""Paul Gauguin"", ""Vasilij Kandinski""]",0,,,,,,
course_128_l_expressionnisme_munch_et_le_cri,course_128_l_expressionnisme_munch_et_le_cri_q2,mcq,Kateri dve nemški skupini sta strukturirali ekspresionizem na začetku 20. stoletja?,"Die Brücke, bolj surovo, in Der Blaue Reiter, bolj duhovno, sta strukturirala gibanje v Nemčiji.","[""Die Brücke in Der Blaue Reiter"", ""Nabiji in fauvi"", ""Bauhaus in De Stijl"", ""Kubisti in futuristi""]",0,,,,,,
course_128_l_expressionnisme_munch_et_le_cri,course_128_l_expressionnisme_munch_et_le_cri_q3,trueFalse,Res ali ne: Munch je zaradi tuberkuloze izgubil mamo in sestro.,Ta zgodnja žalovanja so močno vplivala na Munchovo delo in okrepila njegovo eksistencialno bolečino.,"[""Prav"", ""Narobe""]",0,,,,,,
course_128_l_expressionnisme_munch_et_le_cri,course_128_l_expressionnisme_munch_et_le_cri_q4,mcq,"Kje je imel Munch vizijo, ki je navdihnila Krik?","Izvor Cri sega v sprehod po hribu Ekeberg, kjer nebo ob sončnem zahodu postane ogenj.","[""Na hribu Ekeberg v Oslu"", ""Na bergenskih pomolih"", ""V fjordu na severu Norveške"", ""V Parizu""]",0,,,,,,
course_128_l_expressionnisme_munch_et_le_cri,course_128_l_expressionnisme_munch_et_le_cri_q5,mcq,Kateri naravni dogodek je včasih povezan z rdečim nebom na izvoru Krika?,Pepel iz izbruha Krakatoe leta 1883 naj bi sončne zahode po vsem svetu obarval rdeče.,"[""Izbruh Krakatoe"", ""Potres"", ""Aurora borealis"", ""Sončev mrk""]",0,,,,,,
course_128_l_expressionnisme_munch_et_le_cri,course_128_l_expressionnisme_munch_et_le_cri_q6,numericSlider,"Katerega leta je bila prvič uporabljena beseda »ekspresionizem«, pri berlinski secesiji?","Beseda se je pojavila leta 1911 v Berlinski secesiji, da bi razlikovala umetnike, ki so zavračali impresionistično nežnost.",,,,1911.0,1880.0,1930.0,3.0,
course_128_l_expressionnisme_munch_et_le_cri,course_128_l_expressionnisme_munch_et_le_cri_q7,mcq,Koliko različic Krika je Munch skupaj naslikal?,"Munch je naslikal štiri različice Krika, v temperi, pastelu in olju, kar dokazuje, da ga je ta motiv dolgo časa preganjal.","[""štiri"", ""Dva"", ""Šest"", ""Samo enega""]",0,,,,,,
course_128_l_expressionnisme_munch_et_le_cri,course_128_l_expressionnisme_munch_et_le_cri_q8,trueFalse,"Res ali ne: v Kriku si figura zamaši ušesa, ker jok prihaja od zunaj, iz pokrajine.","Jok je pravzaprav notranji: figura si zamaši ušesa pred tuljenjem sveta, ne obratno.","[""Prav"", ""Narobe""]",1,,,,,,
course_128_l_expressionnisme_munch_et_le_cri,course_128_l_expressionnisme_munch_et_le_cri_q9,mcq,Kateremu poznejšemu umetniškemu gibanju je pomagala utrti pot Munchova drznost?,Ta drznost predstavljanja psihološke resnice namesto popolne anatomije utira pot nadrealizmu.,"[""Nadrealizem"", ""kubizem"", ""Impresionizem"", ""Neoklasicizem""]",0,,,,,,
course_129_l_art_abstrait_kandinsky_et_mondrian,course_129_l_art_abstrait_kandinsky_et_mondrian_q1,mcq,Katero starodavno pravilo slikanja krši abstraktna umetnost?,"Abstrakcija prekine mimesis, to starodavno obveznost zvestega predstavljanja vidnega sveta.","[""Mimesis, obveznost predstavljanja vidnega sveta"", ""Uporaba perspektive"", ""Uporaba barve"", ""Oblika tabele""]",0,,,,,,
course_129_l_art_abstrait_kandinsky_et_mondrian,course_129_l_art_abstrait_kandinsky_et_mondrian_q2,mcq,Kateri dogodek je okoli leta 1910 Kandinskega potisnil k abstrakciji?,"Ob vrnitvi v mraku je Kandinski vznemirjen zaradi slike, ki je ne prepozna: je njegova lastna, postavljena na glavo.","[""Razburja ga ena od njegovih slik, postavljena narobe, neprepoznavna"", ""Obišče razstavo afriških mask"", ""Bere Freudov traktat"", ""Spozna Mondriana""]",0,,,,,,
course_129_l_art_abstrait_kandinsky_et_mondrian,course_129_l_art_abstrait_kandinsky_et_mondrian_q3,mcq,V kateri knjigi je Kandinski leta 1911 teoretiziral lirično abstrakcijo?,"Kandinski je leta 1911 objavil Du Spirituel dans l'Art, kjer je teoretiziral čustveno vibracijo barv.","[""Duhovnost v umetnosti"", ""Manifest nadrealizma"", ""De Stijl"", ""Mlade dame iz Avignona""]",0,,,,,,
course_129_l_art_abstrait_kandinsky_et_mondrian,course_129_l_art_abstrait_kandinsky_et_mondrian_q4,trueFalse,"Res ali ne: Mondrian pride do abstrakcije tako, da izhaja iz serije predstavitev dreves, ki jih postopoma poenostavlja.","Med letoma 1908 in 1912 njegova serija dreves prikazuje deblo in veje, ki izginjajo v korist ogrodja črt.","[""Prav"", ""Narobe""]",0,,,,,,
course_129_l_art_abstrait_kandinsky_et_mondrian,course_129_l_art_abstrait_kandinsky_et_mondrian_q5,mcq,"Kako se imenuje gibanje, ki ga je ustanovil Mondrian leta 1917?",Mondrian je leta 1917 ustanovil gibanje De Stijl in teoretiziral neoplastizem.,"[""De Stijl"", ""Der Blaue Reiter"", ""Die Brücke"", ""Bauhaus""]",0,,,,,,
course_129_l_art_abstrait_kandinsky_et_mondrian,course_129_l_art_abstrait_kandinsky_et_mondrian_q6,mcq,Katere barve in oblike izključno dopušča Mondrianov neoplasticizem?,"Neoplasticizem reducira umetnost na ravne črte in tri osnovne barve, da stremi k univerzalnemu.","[""Ravna črta in tri osnovne barve"", ""Obline in pastelne barve"", ""Diagonale in črno-belo"", ""Cvetlični vzorci in topli toni""]",0,,,,,,
course_129_l_art_abstrait_kandinsky_et_mondrian,course_129_l_art_abstrait_kandinsky_et_mondrian_q7,mcq,"Katera šola, ki jo je leta 1919 ustanovil Walter Gropius, povezuje abstrakcijo z oblikovanjem in arhitekturo?","Na Bauhausu, ki ga je ustanovil Walter Gropius leta 1919, je Kandinski poučeval, Mondrianova estetika pa je navdihnila arhitekte in oblikovalce.","[""Bauhaus"", ""Šola za likovno umetnost"", ""Akademija v Firencah"", ""Delavnica Batignolles""]",0,,,,,,
course_129_l_art_abstrait_kandinsky_et_mondrian,course_129_l_art_abstrait_kandinsky_et_mondrian_q8,chronological,Postavite te mejnike abstraktne umetnosti v kronološki vrstni red.,"Ti mejniki segajo od 1910 do 1919, od začetkov Kandinskega do vstopa abstrakcije v oblikovanje.",,,"[""Kandinski se usmerja k abstrakciji"", ""Izhaja Duhovno v umetnosti"", ""Mondrian ustanovi De Stijl"", ""Temelj Bauhausa""]",,,,,
course_129_l_art_abstrait_kandinsky_et_mondrian,course_129_l_art_abstrait_kandinsky_et_mondrian_q9,numericSlider,Katerega leta je Mondrian ustanovil gibanje De Stijl?,Mondrian je leta 1917 ustanovil De Stijl in tam teoretiziral neoplastizem.,,,,1917.0,1900.0,1930.0,3.0,
course_12_la_strategie_de_napoleon_a_ulm_1805,course_12_la_strategie_de_napoleon_a_ulm_1805_q1,numericSlider,Katerega leta je potekala akcija Ulm?,"Ulmska kampanja je potekala oktobra 1805, nekaj tednov pred zmago pri Austerlitzu.",,,,1805.0,1780.0,1830.0,3.0,
course_12_la_strategie_de_napoleon_a_ulm_1805,course_12_la_strategie_de_napoleon_a_ulm_1805_q2,mcq,"Kdo poveljuje avstrijski vojski, potisnjeni v Ulm?","General Karl Mack poveljuje avstrijski vojski, za katero verjame, da se skriva za obzidjem Ulma.","[""General Karl Mack"", ""Car Aleksander I"", ""General Kutuzov"", ""Sam cesar Franc II""]",0,,,,,,
course_12_la_strategie_de_napoleon_a_ulm_1805,course_12_la_strategie_de_napoleon_a_ulm_1805_q3,trueFalse,"Res ali ne: Avstrija čaka na prihod ruskih okrepitev, preden napoti svoje enote v Ulm.","Avstrija ne čaka na Ruse: sama potisne okoli 70.000 mož v Ulm, napaka, ki osami Macka.","[""Prav"", ""Narobe""]",1,,,,,,
course_12_la_strategie_de_napoleon_a_ulm_1805,course_12_la_strategie_de_napoleon_a_ulm_1805_q4,mcq,"Kaj je Napoleonov armadni korpus, ključna prednost kampanje?","Vsak armadni korpus je avtonomna sila, ki lahko sama manevrira, kar sedmim korpusom omogoča vzporedni korak proti Ulmu.","[""Majhna avtonomna vojska s svojo pehoto, konjenico in topovi"", ""Samo polk lahke konjenice"", ""Napoleonova obveščevalna služba"", ""Cesarjev osebni stražar""]",0,,,,,,
course_12_la_strategie_de_napoleon_a_ulm_1805,course_12_la_strategie_de_napoleon_a_ulm_1805_q5,mcq,Kakšno vlogo igra maršal Murat pri manevru obkolitve?,"Murat je zasedel Mack z zahoda, medtem ko so drugi maršali obšli Ulm s severa, da bi mu presekali pot do Dunaja.","[""Mackovo pozornost usmeri na zahod, medtem ko drugi korpusi krožijo okoli Ulma"", ""Uniči avstrijsko floto"", ""Pogaja se o Mackovi predaji"", ""Poveljuje oblegovalnemu topništvu""]",0,,,,,,
course_12_la_strategie_de_napoleon_a_ulm_1805,course_12_la_strategie_de_napoleon_a_ulm_1805_q6,numericSlider,Koliko avstrijskih vojakov se je vdalo med kapitulacijo Ulma 17. oktobra 1805?,17. oktobra 1805 je 27.000 avstrijskih vojakov položilo orožje na mestu Ulma.,,,,27000.0,10000.0,50000.0,3000.0,vojaki
course_12_la_strategie_de_napoleon_a_ulm_1805,course_12_la_strategie_de_napoleon_a_ulm_1805_q7,mcq,Kaj se je zgodilo s francosko floto isti teden ob kapitulaciji Ulma?,"Istega meseca je pri Trafalgarju admiral Nelson uničil francosko-špansko floto, tako da je Anglija prepustila nadzor nad morji.","[""Uničil ga je Nelson pri Trafalgarju"", ""Ujame angleško floto"", ""Blokira dunajsko pristanišče"", ""Zmagoslavno se vrne v Toulon""]",0,,,,,,
course_12_la_strategie_de_napoleon_a_ulm_1805,course_12_la_strategie_de_napoleon_a_ulm_1805_q8,chronological,Postavite te faze Ulmske in Austerlitske kampanje v kronološki vrstni red.,"Te štiri etape trajajo od konca septembra do decembra 1805: obračanje proti Nemčiji, obkolitev, predaja Macka, nato odločilna zmaga pri Austerlitzu.",,,"[""Prečkanje Rena s strani Grande Armée"", ""Prečkanje Donave za Mackom"", ""Kapitulacija Ulma"", ""Zmaga pri Austerlitzu""]",,,,,
course_12_la_strategie_de_napoleon_a_ulm_1805,course_12_la_strategie_de_napoleon_a_ulm_1805_q9,mcq,Kaj je general Mack rekel Napoleonu med njunim srečanjem po kapitulaciji?,"Mack se tako postavi pred Napoleona, ki mu med častniško večerjo vendarle vrne meč.","[""\""Prihaja nesrečni Mack\"""", ""\""Naj živi cesar\"""", ""“Nikoli se ne bom predal”"", ""“Avstrija se vam zahvaljuje”""]",0,,,,,,
course_130_le_pop_art_warhol_et_lichtenstein,course_130_le_pop_art_warhol_et_lichtenstein_q1,mcq,"V kateri državi se je pop art rodil, preden je eksplodiral v Združenih državah?","Pop art se je rodil v Veliki Britaniji z Independent Group, preden je eksplodiral v ZDA v šestdesetih letih prejšnjega stoletja.","[""Velika Britanija"", ""Francija"", ""Nemčija"", ""Italija""]",0,,,,,,
course_130_le_pop_art_warhol_et_lichtenstein,course_130_le_pop_art_warhol_et_lichtenstein_q2,mcq,Katero umetniško gibanje pop art zavrača in se mu zdi preveč introspektivno?,"Pop umetniki so nasprotovali abstraktnemu ekspresionizmu, ki je takrat prevladoval introspektivno slikarstvo.","[""Abstraktni ekspresionizem"", ""kubizem"", ""Nadrealizem"", ""romantika""]",0,,,,,,
course_130_le_pop_art_warhol_et_lichtenstein,course_130_le_pop_art_warhol_et_lichtenstein_q3,mcq,Kako se imenuje kolektivni studio Andyja Warhola v New Yorku?,"Warholova tovarna deluje kot tovarna, kjer pomočniki in prijatelji proizvajajo skupaj.","[""Tovarna"", ""Bauhaus"", ""Delavnica Batignolles"", ""Studio 54""]",0,,,,,,
course_130_le_pop_art_warhol_et_lichtenstein,course_130_le_pop_art_warhol_et_lichtenstein_q4,mcq,"Kakšno tehniko je uporabil Warhol, da je več desetkrat reproduciral podobo Marilyn Monroe?","Sitotisk omogoča Warholu, da pomnoži sliko, kar ponazarja idejo, da reprodukcija spremeni avro dela.","[""Sitotisk"", ""Freska"", ""Akvarel"", ""Mozaik""]",0,,,,,,
course_130_le_pop_art_warhol_et_lichtenstein,course_130_le_pop_art_warhol_et_lichtenstein_q5,mcq,"Kateri značilni vizualni motiv Lichtenstein ročno reproducira na svojih platnih, ki jih navdihuje strip?","Pika Ben-Day, ročna imitacija postopka industrijskega tiskanja, je vizualni podpis Lichtensteina.","[""Točka Ben-Day"", ""Kolaž iz časopisnega papirja"", ""Impasto"", ""Sfumato""]",0,,,,,,
course_130_le_pop_art_warhol_et_lichtenstein,course_130_le_pop_art_warhol_et_lichtenstein_q6,trueFalse,"Res ali ne: Richard Hamilton je pop art leta 1957 opisal s pridevniki, kot so minljivo, poceni in seksi.","Leta 1957 je Hamilton tako povzel umetnost, zasnovano tako, da jo porabimo tako hitro kot revijo.","[""Prav"", ""Narobe""]",0,,,,,,
course_130_le_pop_art_warhol_et_lichtenstein,course_130_le_pop_art_warhol_et_lichtenstein_q7,mcq,Katera Lichtensteinova slika preoblikuje strip o zračnem boju v monumentalno sliko?,Waam! spremeni diverzijsko stripovsko ploščo v moderno zgodovinsko sliko velikega formata.,"[""Waam!"", ""Vztrajnost spomina"", ""Krik"", ""Guernica""]",0,,,,,,
course_130_le_pop_art_warhol_et_lichtenstein,course_130_le_pop_art_warhol_et_lichtenstein_q8,numericSlider,Katerega leta je Warholov portret Marilyn na dražbi dosegel 195 milijonov dolarjev?,"Leta 2022 postane ta portret Marilyn eno najdražjih ameriških umetnin, kar jih je bilo kdaj prodanih.",,,,2022.0,1990.0,2024.0,2.0,
course_130_le_pop_art_warhol_et_lichtenstein,course_130_le_pop_art_warhol_et_lichtenstein_q9,chronological,Postavite te mejnike pop arta v kronološki vrstni red.,"Ti mejniki segajo od leta 1957 do 2022, od definicije gibanja do posvetitve njegovih ikon na umetniškem trgu.",,,"[""Richard Hamilton definira pop art"", ""Warhol in Lichtenstein vsiljujeta pop estetiko v ZDA"", ""Portret Marilyn je bil prodan za 195 milijonov dolarjev""]",,,,,
course_131_la_naissance_de_la_musique_electronique,course_131_la_naissance_de_la_musique_electronique_q1,mcq,"Kdo je leta 1920 izumil teremin, instrument, na katerega se igra brez dotika?","Leta 1920 je ruski izumitelj Leon Theremin oblikoval napravo, na katero se igra s premikanjem rok v bližini elektromagnetnih anten.","[""Leon Theremin"", ""Robert Moog"", ""Pierre Schaeffer"", ""Karlheinz Stockhausen""]",0,,,,,,
course_131_la_naissance_de_la_musique_electronique,course_131_la_naissance_de_la_musique_electronique_q2,mcq,Kdo je izumil musique concrete v Parizu po letu 1945?,Pierre Schaeffer in Pierre Henry sta izumila musique concrete s snemanjem in obdelavo vsakodnevnih zvokov na magnetni trak.,"[""Pierre Schaeffer in Pierre Henry"", ""Ralf Hütter in Florian Schneider"", ""Juan Atkins in Derrick May"", ""Robert Moog in Wendy Carlos""]",0,,,,,,
course_131_la_naissance_de_la_musique_electronique,course_131_la_naissance_de_la_musique_electronique_q3,trueFalse,"Res ali ne: musique concrete temelji na zvokih, ki jih ustvarjajo oscilatorji, brez pravega akustičnega vira.","Ravno nasprotno: musique concrete izhaja iz resničnih posnetih šumov, medtem ko čista kölnska sinteza uporablja oscilatorje.","[""Prav"", ""Narobe""]",1,,,,,,
course_131_la_naissance_de_la_musique_electronique,course_131_la_naissance_de_la_musique_electronique_q4,mcq,Kdo je miniaturiziral sintetizator z uporabo tranzistorjev v šestdesetih letih?,"Ameriški inženir Robert Moog je miniaturiziral sintetizator s tranzistorji, tako da je bil uporaben v studiu.","[""Robert Moog"", ""Leon Theremin"", ""Peter Henry"", ""Frankie Knuckles""]",0,,,,,,
course_131_la_naissance_de_la_musique_electronique,course_131_la_naissance_de_la_musique_electronique_q5,mcq,"Kateri album iz leta 1968 dokazuje, da lahko elektronika prenese kompleksnost klasične glasbe?","Wendy Carlos Switched-On Bach je leta 1968 pokazal, da lahko sintetizator izvaja kompleksna klasična dela.","[""Vklopljeni Bach"", ""avtocesta"", ""Človek stroj"", ""Trans-Europe Express""]",0,,,,,,
course_131_la_naissance_de_la_musique_electronique,course_131_la_naissance_de_la_musique_electronique_q6,mcq,"Katera nemška skupina vsiljuje hladen in ponavljajoč se pop z albumi, kot sta Autobahn in The Man-Machine?","Skupina Kraftwerk, ki sta jo ustanovila Ralf Hütter in Florian Schneider v Düsseldorfu, poje o avtocesti, robotu in mestu.","[""Kraftwerk"", ""Die Brücke"", ""Der Blaue Reiter"", ""Sanje mandarine""]",0,,,,,,
course_131_la_naissance_de_la_musique_electronique,course_131_la_naissance_de_la_musique_electronique_q7,mcq,Kateri poceni bobnarski stroj iz osemdesetih je postal ključno orodje v house in technu?,"Sprva komercialni neuspeh, ki se je zdel nerealen, je TR-808 postal poceni orožje čikaških DJ-jev.","[""Roland TR-808"", ""Sintetizator Moog"", ""Teremin"", ""Hammondove orgle""]",0,,,,,,
course_131_la_naissance_de_la_musique_electronique,course_131_la_naissance_de_la_musique_electronique_q8,mcq,Kateri DJ je oplemenitil house glasbo v Chicagu v osemdesetih?,"Frankie Knuckles izpopolnjuje Chicago house s svojim rednim 4/4 ritmom, podedovanim iz diska.","[""Frankie Knuckles"", ""Juan Atkins"", ""Derrick May"", ""Kevin Saunderson""]",0,,,,,,
course_131_la_naissance_de_la_musique_electronique,course_131_la_naissance_de_la_musique_electronique_q9,mcq,"Katero mesto je izumilo tehno, ki so ga vodili trije univerzitetni prijatelji v osemdesetih?","V Detroitu so Juan Atkins, Derrick May in Kevin Saunderson izumili temnejšo elektronsko estetiko: techno.","[""Detroit"", ""Chicago"", ""Berlin"", ""Dusseldorf""]",0,,,,,,
course_131_la_naissance_de_la_musique_electronique,course_131_la_naissance_de_la_musique_electronique_q10,chronological,Postavite te mejnike elektronske glasbe v kronološki vrstni red.,"Ti mejniki segajo od leta 1920 do 1980, od pionirskih laboratorijev do rojstva sodobnega elektronskega plesa.",,,"[""Izum teremina"", ""Rojstvo musique concrete v Parizu"", ""Switched-On Bach popularizira sintetizator"", ""House in techno sta rojena v Chicagu in Detroitu""]",,,,,
course_132_bob_dylan_et_la_folk_protest,course_132_bob_dylan_et_la_folk_protest_q1,mcq,Zakaj je mladi Robert Zimmerman leta 1961 zapustil Minnesoto in odšel v New York?,"Dylan občuduje folk pevca Woodyja Guthrieja, glas delavskih in zatiranih, in si ga nadvse želi spoznati.","[""Želi spoznati svojega idola Woodyja Guthrieja, nato hospitaliziran"", ""Želi se udeležiti avdicije za newyorški šov talentov"", ""Beži pred prepirom z družino"", ""Želi študirati glasbo na univerzi""]",0,,,,,,
course_132_bob_dylan_et_la_folk_protest,course_132_bob_dylan_et_la_folk_protest_q2,mcq,V kateri boemski soseski Manhattna se je Dylan naselil in podpisal pogodbo z založbo Columbia Records?,"Greenwich Village, srce ljudskega preporoda, je soseska, kjer je Dylan taval po kavarnah, preden je konec leta 1961 podpisal pogodbo s Columbio.","[""Greenwich Village"", ""Harlem"", ""Brooklyn"", ""Times Square""]",0,,,,,,
course_132_bob_dylan_et_la_folk_protest,course_132_bob_dylan_et_la_folk_protest_q3,trueFalse,Res ali ne: avgusta 1963 je Dylan pel na Maršu na Washington tik pred govorom Martina Luthra Kinga.,Dylan nastopi pred 250.000 ljudmi malo pred slavnim govorom Martina Luthra Kinga.,"[""Prav"", ""Narobe""]",0,,,,,,
course_132_bob_dylan_et_la_folk_protest,course_132_bob_dylan_et_la_folk_protest_q4,numericSlider,"Katerega leta je izšel album The Freewheelin' Bob Dylan, ki vsebuje Blowin' in the Wind?","The Freewheelin' Bob Dylan, izdan leta 1963, je uveljavil Blowin' in the Wind kot himno protesta.",,,,1963.0,1958.0,1970.0,1.0,
course_132_bob_dylan_et_la_folk_protest,course_132_bob_dylan_et_la_folk_protest_q5,mcq,Kateri inštrument je Dylan izdal na festivalu v Newportu leta 1965 in izzval žvižge folk puristov?,S priklopom električnega Stratocasterja v Newportu je Dylan izumil folk-rock in škandaliziral del javnosti.,"[""Električna kitara Fender Stratocaster"", ""Električni klavir"", ""Električni bas"", ""Sintetizator""]",0,,,,,,
course_132_bob_dylan_et_la_folk_protest,course_132_bob_dylan_et_la_folk_protest_q6,mcq,Kaj je del ljudske javnosti očital Dylanu v Newportu 1965?,Puristična javnost ocenjuje elektriko kot komercialno izdajo tradicionalnega ljudstva.,"[""Ker je z vrtenjem elektrike izdal akustično čistost folka"", ""Ker sem pel v francoščini"", ""Ker ni hotel iti na oder"", ""Ker sem kritiziral Woodyja Guthrieja""]",0,,,,,,
course_132_bob_dylan_et_la_folk_protest,course_132_bob_dylan_et_la_folk_protest_q7,chronological,Postavite te faze kariere Boba Dylana v kronološki vrstni red.,"Od leta 1961 do 2016 je Dylan prešel od prihoda v New York do Nobelove nagrade za literaturo, prečkal Marš na Washington in električni premik v Newportu.",,,"[""Prihod v New York in odkritje Greenwich Villagea"", ""Udeležba na Maršu na Washington"", ""Prehod na električno kitaro v Newportu"", ""Pridobitev Nobelove nagrade za književnost""]",,,,,
course_132_bob_dylan_et_la_folk_protest,course_132_bob_dylan_et_la_folk_protest_q8,trueFalse,"Res ali ne: leta 2016 je Bob Dylan postal prvi rock skladatelj, ki je prejel Nobelovo nagrado za književnost.",Švedska akademija rock skladatelja prvič priznava kot velikega pisca.,"[""Prav"", ""Narobe""]",0,,,,,,
course_132_bob_dylan_et_la_folk_protest,course_132_bob_dylan_et_la_folk_protest_q9,mcq,"Katera Dylanova pesem, izdana leta 1963, je postala himna protesta proti rasizmu in vojni?",Blowin' in the Wind na albumu Boba Dylana The Freewheelin' je postala himna protestne pesmi.,"[""Blowin' in the Wind"", ""Kot Rolling Stone"", ""orkan"", ""Trkanje na vrata nebes""]",0,,,,,,
course_133_le_hip_hop_naissance_d_une_culture,course_133_le_hip_hop_naissance_d_une_culture_q1,mcq,V kateri četrti New Yorka se je hip-hop rodil v zgodnjih sedemdesetih?,"Hip-hop se je rodil v Bronxu, opustošenem zaradi uničenja stanovanj in špekulacij z nepremičninami.","[""Bronx"", ""Harlem"", ""Brooklyn"", ""Kraljice""]",0,,,,,,
course_133_le_hip_hop_naissance_d_une_culture,course_133_le_hip_hop_naissance_d_une_culture_q2,mcq,"Kdo je organiziral zabavo 11. avgusta 1973, ki velja za rojstni dan hip-hopa?","Jamajški priseljenec Clive Campbell, znan kot Kool DJ Herc, organizira to zabavo na 1520 Sedgwick Avenue.","[""Kool DJ Herc"", ""Grandmaster Flash"", ""Afrika Bambaataa"", ""Veliki čarovnik Theodore""]",0,,,,,,
course_133_le_hip_hop_naissance_d_une_culture,course_133_le_hip_hop_naissance_d_une_culture_q3,mcq,"Kakšno tehniko je izumil Kool Herc, ko je ritemski del plošče izoliral z dvema gramofonoma?","Kool Herc izumi breakbeat, ki izolira in razširi najbolj plesni del plošče.","[""Brejkbeat"", ""praskanje"", ""Digitalno vzorčenje"", ""Beatboxing""]",0,,,,,,
course_133_le_hip_hop_naissance_d_une_culture,course_133_le_hip_hop_naissance_d_une_culture_q4,trueFalse,"Res ali ne: hip-hop temelji na štirih disciplinah, DJ-ju, MC-ju, breakdancu in grafitih.",Ti štirje stebri so strukturirali hip-hop kulturo od njenih začetkov v Bronxu.,"[""Prav"", ""Narobe""]",0,,,,,,
course_133_le_hip_hop_naissance_d_une_culture,course_133_le_hip_hop_naissance_d_une_culture_q5,mcq,"Kdo je izumil praskanje po naključju leta 1975, star komaj 12 let?","Veliki čarovnik Theodore si zatakne ploščo v roko, da bi slišal svojo mamo, in tako izumi praskanje.","[""Veliki čarovnik Theodore"", ""Kool Herc"", ""Grandmaster Flash"", ""Afrika Bambaataa""]",0,,,,,,
course_133_le_hip_hop_naissance_d_une_culture,course_133_le_hip_hop_naissance_d_une_culture_q6,mcq,"Katera organizacija, ki jo je ustanovil Afrika Bambaataa, želi nadomestiti nasilje tolp z umetniškim tekmovanjem?","Afrika Bambaataa je ustanovil univerzalni zulujski narod okoli vrednot miru, ljubezni, enotnosti in užitka.","[""Univerzalni zulujski narod"", ""The Furious Five"", ""Bronx United"", ""Narod islama""]",0,,,,,,
course_133_le_hip_hop_naissance_d_une_culture,course_133_le_hip_hop_naissance_d_une_culture_q7,numericSlider,"Katerega leta je izšla Rapper's Delight skupine Sugarhill Gang, prva večja komercialna uspešnica rapa?","Rapper's Delight, izdan leta 1979, je dokazal, da je lahko rap svetovna uspešnica.",,,,1979.0,1970.0,1990.0,2.0,
course_133_le_hip_hop_naissance_d_une_culture,course_133_le_hip_hop_naissance_d_une_culture_q8,chronological,Postavite te mejnike v zgodovini hip-hopa v kronološkem vrstnem redu.,Od ustanovne stranke leta 1973 do Pulitzerja leta 2018 hip-hop preide iz sosedske kulture v institucionalno priznano umetnost.,,,"[""Kool Herc izumi breakbeat na zabavi v Bronxu"", ""Rapper's Delight postane mednarodna uspešnica"", ""The Message vsiljuje družbeno kroniko rapa"", ""Kendrick Lamar prejme Pulitzerjevo nagrado za glasbo""]",,,,,
course_133_le_hip_hop_naissance_d_une_culture,course_133_le_hip_hop_naissance_d_une_culture_q9,trueFalse,Res ali ne: V devetdesetih letih prejšnjega stoletja je rivalstvo med vzhodno in zahodno obalo nasprotovalo predvsem The Notorious B.I.G. in Tupac Shakur.,To rivalstvo je v devetdesetih strukturiralo rap industrijo med newyorško lirično virtuoznostjo in kalifornijskim gangsta rapom.,"[""Prav"", ""Narobe""]",0,,,,,,
course_134_l_opera_de_verdi,course_134_l_opera_de_verdi_q1,mcq,"Katera opera iz leta 1842 je zaslovela Verdija zaradi zbora Va, pensiero?","Nabucco je zmagal leta 1842 in njegov refren Va, pensiero je postal tajna himna v okupirani Italiji.","[""Nabucco"", ""Rigoletto"", ""Aida"", ""Otello""]",0,,,,,,
course_134_l_opera_de_verdi,course_134_l_opera_de_verdi_q2,mcq,"Kaj pravi refren Va, pensiero iz Nabucca, ki je postal italijanska domoljubna himna?","Nabucco pripoveduje o izgnanstvu Hebrejcev v Babilon, zgodbi, ki odmeva v Italiji, ki jo je okupirala Avstrija.","[""Izgnanstvo Hebrejcev v Babilon"", ""Bitka pri Waterlooju"", ""Obleganje Rima"", ""Francoska revolucija""]",0,,,,,,
course_134_l_opera_de_verdi,course_134_l_opera_de_verdi_q3,trueFalse,"Res ali ne: slogan Viva VERDI, izpisan na italijanskih stenah, skriva akronim Vittorio Emanuele Re D'Italia.",Za imenom skladatelja se skriva politično sporočilo v korist bodočega kralja Italije.,"[""Prav"", ""Narobe""]",0,,,,,,
course_134_l_opera_de_verdi,course_134_l_opera_de_verdi_q4,mcq,"Katero italijansko politično gibanje je podpiral Verdi in je šel tako daleč, da je leta 1861 postal poslanec?","Verdi je postal osebnost Risorgimenta, gibanja za nacionalno združitev, ki ga je vodil Cavour.","[""Risorgimento"", ""Fašizem"", ""Karbonarizem"", ""Socializem""]",0,,,,,,
course_134_l_opera_de_verdi,course_134_l_opera_de_verdi_q5,mcq,Po katerem francoskem romanu je nastala La Traviata?,"La Traviata je adaptacija Gospe s kamelijami, ki šokira s sodobno in tuberkulozno junakinjo.","[""Dama s kamelijami Alexandra Dumasa fils"", ""Notre-Dame de Paris Victorja Huga"", ""Les Miserables Victorja Hugoja"", ""Gospa Bovary Gustava Flauberta""]",0,,,,,,
course_134_l_opera_de_verdi,course_134_l_opera_de_verdi_q6,trueFalse,Res ali ne: Aida je bila sestavljena za Kairo ob vrtanju Sueškega prekopa.,Aida je bila naročena leta 1871 za Kairo in Sueški prekop ter meša spektakel in dramo.,"[""Prav"", ""Narobe""]",0,,,,,,
course_134_l_opera_de_verdi,course_134_l_opera_de_verdi_q7,numericSlider,"Katerega leta je umrl Verdi, ki mu je sledilo več kot 300.000 ljudi v Milanu?",Verdi je umrl leta 1901; množica je med njegovim pogrebom spontano zapela Nabucca.,,,,1901.0,1850.0,1950.0,3.0,
course_134_l_opera_de_verdi,course_134_l_opera_de_verdi_q8,chronological,Postavite te Verdijeve opere v kronološki vrstni red njihovega nastanka.,Od Nabucca leta 1842 do Falstaffa leta 1893 Verdi obsega več kot petdeset let liričnega ustvarjanja.,,,"[""Nabucco zmaga in Va, pensiero postane himna"", ""Priljubljena trilogija se konča z La Traviato"", ""Aida je ustvarjena za Kairo"", ""Nastala je zadnja opera Falstaff""]",,,,,
course_134_l_opera_de_verdi,course_134_l_opera_de_verdi_q9,mcq,Kateri nemški skladatelj nasproti Verdiju uteleša drugo veliko pot opere 19. stoletja?,Soočen z Wagnerjem in njegovim totalnim mitološkim delom Verdi ostaja zvest italijanski melodični jasnosti.,"[""Richard Wagner"", ""Johannes Brahms"", ""Franz Liszt"", ""Robert Schumann""]",0,,,,,,
course_135_mozart_enfant_prodige_et_vie_tragique,course_135_mozart_enfant_prodige_et_vie_tragique_q1,mcq,V katerem mestu je bil leta 1756 rojen Mozart?,Wolfgang Amadeus Mozart se je rodil 27. januarja 1756 v Salzburgu.,"[""Salzburg"", ""Dunaj"", ""Praga"", ""Pariz""]",0,,,,,,
course_135_mozart_enfant_prodige_et_vie_tragique,course_135_mozart_enfant_prodige_et_vie_tragique_q2,mcq,"Kdo je organiziral turneje po evropskih dvorih od šestega leta, ko je bil Mozart star šest let?","Leopold, ambiciozen violinist in učitelj, je organiziral ta potovanja, ki so izšolala uho njegovega sina.","[""Njegov oče Leopold"", ""Nadškof Colloredo"", ""Cesar Jožef II"", ""Joseph Haydn""]",0,,,,,,
course_135_mozart_enfant_prodige_et_vie_tragique,course_135_mozart_enfant_prodige_et_vie_tragique_q3,mcq,Kaj je Mozart dosegel v Italiji leta 1770 z Miserere Gregoria Allegrija?,Po samo enem poslušanju v Sikstinski kapeli je Mozart to zaščiteno partituro prepisal po spominu.,"[""Prepišite ga po spominu po enem samem poslušanju"", ""Prevedi v nemščino"", ""Vodi pred papežem"", ""Preorkestrirajte jo za solo klavir""]",0,,,,,,
course_135_mozart_enfant_prodige_et_vie_tragique,course_135_mozart_enfant_prodige_et_vie_tragique_q4,trueFalse,Res ali ne: leta 1781 je Mozart zapustil službo nadškofa Colloreda in postal neodvisen skladatelj na Dunaju.,"Mozart je postal eden prvih samostojnih skladateljev v zgodovini, ko se je leta 1781 naselil na Dunaju.","[""Prav"", ""Narobe""]",0,,,,,,
course_135_mozart_enfant_prodige_et_vie_tragique,course_135_mozart_enfant_prodige_et_vie_tragique_q5,mcq,Katera opera iz leta 1786 zaznamuje eksplozijo Mozartovega dramskega genija na Dunaju?,"Figarova svatba, nastala leta 1786, daje operi sodobno psihologijo brez primere.","[""Figarova poroka"", ""Don Giovanni"", ""Čarobna piščal"", ""Cosi fan tutte""]",0,,,,,,
course_135_mozart_enfant_prodige_et_vie_tragique,course_135_mozart_enfant_prodige_et_vie_tragique_q6,numericSlider,"Katerega leta je umrl Mozart, star komaj 35 let?","Mozart je umrl 5. decembra 1791, njegov Requiem pa je ostal nedokončan.",,,,1791.0,1750.0,1820.0,2.0,
course_135_mozart_enfant_prodige_et_vie_tragique,course_135_mozart_enfant_prodige_et_vie_tragique_q7,mcq,"Katero nedokončano delo je Mozart komponiral tik pred smrtjo, po tajnem naročilu?","Skrivnostni odposlanec naroči Mozartu, naj napiše Rekviem, ki pa ga ne more dokončati pred smrtjo.","[""Requiem"", ""Čarobna piščal"", ""Simfonija št. 41"", ""Koncert za klarinet""]",0,,,,,,
course_135_mozart_enfant_prodige_et_vie_tragique,course_135_mozart_enfant_prodige_et_vie_tragique_q8,trueFalse,Res ali ne: Mozartov Rekviem je po njegovi smrti dokončal skladatelj Antonio Salieri.,"Njegov učenec Franz Xaver Süssmayr je dokončal Requiem, da bi vdova Constance prejela preostanek naročila.","[""Prav"", ""Narobe""]",1,,,,,,
course_135_mozart_enfant_prodige_et_vie_tragique,course_135_mozart_enfant_prodige_et_vie_tragique_q9,chronological,Postavite ta obdobja Mozartovega življenja v kronološki vrstni red.,"Od evropske turneje do njegove smrti leta 1791, preko Rima in razpada Dunaja, se je Mozartovo življenje pospešilo do njegove zgodnje smrti.",,,"[""Mozart potuje po Evropi pod očetovim mentorstvom"", ""Po spominu prepisuje Allegrijevo Miserere v Italiji"", ""Prelomi z nadškofom Colloredom in se naseli na Dunaju"", ""Dokončal je Čarobno piščal in kmalu zatem umrl.""]",,,,,
course_136_beethoven_genie_et_surdite,course_136_beethoven_genie_et_surdite_q1,mcq,V katerem mestu je bil leta 1770 rojen Beethoven?,Ludwig van Beethoven se je rodil v Bonnu leta 1770 pod skrbništvom brutalnega očeta.,"[""Bonn"", ""Dunaj"", ""Salzburg"", ""Leipzig""]",0,,,,,,
course_136_beethoven_genie_et_surdite,course_136_beethoven_genie_et_surdite_q2,mcq,Pri katerem slavnem skladatelju je Beethoven na kratko študiral po prihodu na Dunaj leta 1792?,Beethoven je po prihodu v glasbeno prestolnico kratek čas študiral pri Josephu Haydnu.,"[""Joseph Haydn"", ""Mozart"", ""Bach"", ""Schubert""]",0,,,,,,
course_136_beethoven_genie_et_surdite,course_136_beethoven_genie_et_surdite_q3,trueFalse,"Res ali ne: v Heiligenstadtski zavezi, napisani leta 1802, Beethoven zaupa samomorilne misli, preden se odloči živeti in skladati.","To pismo njegovim bratom, ki ni bilo nikoli poslano, označuje premik k junaškemu obdobju njegovega ustvarjanja.","[""Prav"", ""Narobe""]",0,,,,,,
course_136_beethoven_genie_et_surdite,course_136_beethoven_genie_et_surdite_q4,mcq,"Komu je bila najprej posvečena Heroična simfonija, preden je Beethoven posvetilo umaknil?","Beethoven prekliče posvetilo, ko je Napoleon razglašen za cesarja.","[""Napoleon Bonaparte"", ""Cesar Jožef II"", ""knez Lichnovsky"", ""Car Aleksander I""]",0,,,,,,
course_136_beethoven_genie_et_surdite,course_136_beethoven_genie_et_surdite_q5,mcq,Katera pesem Friedricha von Schillerja je navdih za zborovski finale Devete simfonije?,Finale devete spremeni Schillerjevo Odo radosti v sporočilo univerzalnega bratstva.,"[""Oda radosti"", ""The Brigands"", ""Viljem Tell"", ""Marija Stuart""]",0,,,,,,
course_136_beethoven_genie_et_surdite,course_136_beethoven_genie_et_surdite_q6,numericSlider,Katerega leta je Beethoven dokončal svojo Deveto simfonijo?,"Beethoven je deveto simfonijo dokončal leta 1824, ko je bil skoraj popolnoma gluh.",,,,1824.0,1780.0,1830.0,3.0,
course_136_beethoven_genie_et_surdite,course_136_beethoven_genie_et_surdite_q7,mcq,"Kdo pripravi Beethovna, zdaj gluhega, da se obrne, da vidi množico, ki stoji na premieri Devetega?","Ker ni mogel slišati ovacij, je Beethovnu vrnila kontraaltistka Caroline Unger, da bi videla množico, ki stoji.","[""Kontralt Caroline Unger"", ""Pianist Franz Liszt"", ""Njegov brat"", ""Joseph Haydn""]",0,,,,,,
course_136_beethoven_genie_et_surdite,course_136_beethoven_genie_et_surdite_q8,trueFalse,"Res ali ne: Beethoven je dal razžagati noge svojih klavirjev, da bi bolje občutil tresljaje skozi tla.","Da bi nadomestil svojo gluhost, je Beethoven dal razžagati noge svojih klavirjev, tako da so počivale neposredno na tleh.","[""Prav"", ""Narobe""]",0,,,,,,
course_136_beethoven_genie_et_surdite,course_136_beethoven_genie_et_surdite_q9,chronological,Postavite ta obdobja Beethovnovega življenja v kronološki vrstni red.,Od svojega prihoda na Dunaj leta 1792 do Devete simfonije leta 1824 je Beethoven svojo kalvarijo gluhote spremenil v monumentalno stvaritev.,,,"[""Beethoven se naseli na Dunaju in študira pri Haydnu"", ""Napisal je Testament iz Heiligenstadta"", ""Zložil je Herojsko simfonijo"", ""Dokonča Deveto simfonijo in Odo radosti""]",,,,,
course_137_la_naissance_du_rock_n_roll,course_137_la_naissance_du_rock_n_roll_q1,mcq,"Kateri trije glasbeni slogi so se združili, da se je rodil rock'n'roll v petdesetih letih?","Rock'n'roll združuje glasbo, dolgo ločeno z rasnimi ovirami: blues, country in gospel.","[""Blues, country in gospel"", ""Jazz, opera in klasična glasba"", ""Reggae, salsa in blues"", ""Baročna in ljudska glasba""]",0,,,,,,
course_137_la_naissance_du_rock_n_roll,course_137_la_naissance_du_rock_n_roll_q2,mcq,S katerim producentom je Elvis Presley leta 1954 posnel That's All Right?,S producentom Samom Phillipsom v Memphisu je Elvis posnel svojo prvo pomembno pesem.,"[""Sam Phillips, v Memphisu"", ""Berry Gordy, v Detroitu"", ""Sam Cooke, v Chicagu"", ""Leonard Chess, v New Yorku""]",0,,,,,,
course_137_la_naissance_du_rock_n_roll,course_137_la_naissance_du_rock_n_roll_q3,mcq,Kakšno glasbeno inovacijo je v rock'n'roll prinesel Chuck Berry?,"Chuck Berry vsiljuje riff, ponavljajoč se kitarski motiv, ki postane hrbtenica skladbe.","[""Ponavljajoči se kitarski rif"", ""praskanje"", ""Mreža v dvanajstih taktih"", ""Beatboxing""]",0,,,,,,
course_137_la_naissance_du_rock_n_roll,course_137_la_naissance_du_rock_n_roll_q4,trueFalse,"Res ali ne: Leta 1956 so kamere v oddaji The Ed Sullivan Show posnele Elvisa Presleyja samo nad pasom, njegovo nihanje bokov pa je veljalo za preveč škandalozno.","Elvisovi gibi bokov so tako šokirali puritansko Ameriko, da so ga v oddaji namenoma uokvirili nad pasom.","[""Prav"", ""Narobe""]",0,,,,,,
course_137_la_naissance_du_rock_n_roll,course_137_la_naissance_du_rock_n_roll_q5,mcq,Kaj je priredba v glasbeni industriji 1950-ih glede na tečaj?,"Ovitki omogočajo, da se bele različice, kot je Tutti Frutti Pata Boona, bolje prodajajo kot črni izvirniki.","[""Razvodenela bela različica črnskega hita, bolje promovirana na radiu"", ""Zvesta priredba, izvedena na koncertu"", ""Elektronski remiks stare pesmi"", ""Francoski prevod ameriškega naslova""]",0,,,,,,
course_137_la_naissance_du_rock_n_roll,course_137_la_naissance_du_rock_n_roll_q6,mcq,Kateri glasbeni slog navdihuje surovo energijo in jok Little Richarda na klavirju?,"Little Richard od gospela podeduje gorečnost in energijo, ki ju prenese na stoječi klavir.","[""evangelij"", ""Klasika"", ""kul jazz"", ""Sam akustični blues""]",0,,,,,,
course_137_la_naissance_du_rock_n_roll,course_137_la_naissance_du_rock_n_roll_q7,numericSlider,Katerega leta je Elvis Presley posnel That's All Right at Sam Phillips?,Leta 1954 je ta posnetek Sama Phillipsa pomenil pravi začetek rock'n'rolla.,,,,1954.0,1945.0,1965.0,1.0,
course_137_la_naissance_du_rock_n_roll,course_137_la_naissance_du_rock_n_roll_q8,chronological,Postavite te faze rojstva rock'n'rolla v kronološki vrstni red.,Od Elvisovega posnetka leta 1954 do britanske invazije v šestdesetih letih prejšnjega stoletja je bil rock'n'roll zgrajen in nato izžarevan po vsem svetu.,,,"[""Elvis Presley posname That's All Right v hiši Sama Phillipsa"", ""Chuck Berry in Little Richard vsiljujeta rif in surovo energijo"", ""Elvis šokira Ameriko v oddaji Eda Sullivana"", ""Beatli in Rolling Stones sprožijo britansko invazijo""]",,,,,
course_137_la_naissance_du_rock_n_roll,course_137_la_naissance_du_rock_n_roll_q9,trueFalse,"Res ali ne: DJ Alan Freed je bil tisti, ki je populariziral izraz rock'n'roll za označevanje te nove glasbene zvrsti.","DJ Alan Freed je populariziral ta izraz, ki se je prej uporabljal v bluesu za označevanje nečesa drugega.","[""Prav"", ""Narobe""]",0,,,,,,
course_138_bach_et_la_musique_baroque,course_138_bach_et_la_musique_baroque_q1,mcq,V katerem mestu je bil leta 1685 rojen Bach?,Johann Sebastian Bach se je rodil v Eisenachu leta 1685 v dinastiji glasbenikov.,"[""Eisenach"", ""Leipzig"", ""Dunaj"", ""Hamburg""]",0,,,,,,
course_138_bach_et_la_musique_baroque,course_138_bach_et_la_musique_baroque_q2,mcq,Kakšen položaj je imel Bach od leta 1723 v Leipzigu?,"Leta 1723 je Bach postal kantor cerkve sv. Tomaža v Leipzigu, kar je bil izjemen položaj.","[""Kantor cerkve sv. Tomaža"", ""Cesarski dvorni organist"", ""Operni dirigent"", ""Kapellmeister francoskemu kralju""]",0,,,,,,
course_138_bach_et_la_musique_baroque,course_138_bach_et_la_musique_baroque_q3,trueFalse,"Res ali ne: leta 1717 je Bach preživel mesec dni v zaporu v Weimarju, ker je preveč vztrajal pri odstopu.","Vojvoda Weimarski ne dovoli, da bi Bach odšel v Köthen, kar ga stane mesec dni pripora.","[""Prav"", ""Narobe""]",0,,,,,,
course_138_bach_et_la_musique_baroque,course_138_bach_et_la_musique_baroque_q4,numericSlider,Približno koliko kantat je Bach komponiral v svojem življenju?,"Ocenjuje se, da je bilo okoli 300 Bachovih kantat, od katerih jih je okoli 200 prišlo do nas.",,,,300.0,100.0,500.0,30.0,kantate
course_138_bach_et_la_musique_baroque,course_138_bach_et_la_musique_baroque_q5,mcq,Kaj dokazuje Dobro temperirani klavir zaradi enake temperamentnosti?,"Zahvaljujoč enakemu temperamentu Bach dokazuje, da lahko ista klaviatura igra na vse tipke.","[""Da lahko klaviatura igra na vse tipke"", ""Da so orgle boljše od klavirja"", ""Da je fuga manjša zvrst"", ""Ta sveta glasba mora ostati preprosta""]",0,,,,,,
course_138_bach_et_la_musique_baroque,course_138_bach_et_la_musique_baroque_q6,trueFalse,Res ali ne: po njegovi smrti je Bachova glasba takoj ostala zelo priljubljena in se je še naprej pogosto izvajala.,"Ob njegovi smrti je moda dajala prednost galantnemu, lahkotnejšemu slogu in Bach se je takrat v očeh svojega časa zdel zastarel.","[""Prav"", ""Narobe""]",1,,,,,,
course_138_bach_et_la_musique_baroque,course_138_bach_et_la_musique_baroque_q7,mcq,Kdo je Bachu leta 1829 povrnil velik sloves z dirigiranjem Matejevega pasijona v Berlinu?,Mladi Felix Mendelssohn je leta 1829 z dirigiranjem Pasijona po Mateju začel Bachovo renesanso.,"[""Felix Mendelssohn"", ""Johannes Brahms"", ""Franz Liszt"", ""Robert Schumann""]",0,,,,,,
course_138_bach_et_la_musique_baroque,course_138_bach_et_la_musique_baroque_q8,mcq,"Kaj pomeni napis SDG, ki ga Bach pogosto doda svojim partituram?","Bach, goreč luteran, pogosto podpisuje svoja dela SDG, za Soli Deo Gloria.","[""Soli Deo Gloria, samo Bogu v slavo"", ""Sic Deus Gloriae, molitvena formula"", ""Njegov božanski genij, vzdevek, ki so ga dali njegovi učenci"", ""Studio de Grande Gloire, ime njegove delavnice""]",0,,,,,,
course_138_bach_et_la_musique_baroque,course_138_bach_et_la_musique_baroque_q9,chronological,Postavite te mejnike v Bachovem življenju in zapuščini v kronološki vrstni red.,Od leta 1723 do 1977 je Bach od malo znanega kantavtorja postal zvočni ambasador človeštva v vesolju.,,,"[""Bach postane kantor cerkve sv. Tomaža v Leipzigu"", ""Dokonča celoten Dobro temperirani klavir"", ""Mendelssohn dirigira Matejev pasijon v Berlinu"", ""NASA svoje delo prenaša na sonde Voyager""]",,,,,
course_139_la_naissance_du_jazz_americain,course_139_la_naissance_du_jazz_americain_q1,mcq,V katerem ameriškem mestu se je konec 19. stoletja rodil jazz?,"Pristanišče Louisiane in stičišče kultur, New Orleans je zvočni laboratorij, kjer se je rodil jazz.","[""New Orleans"", ""Chicago"", ""New York"", ""Memphis""]",0,,,,,,
course_139_la_naissance_du_jazz_americain,course_139_la_naissance_du_jazz_americain_q2,mcq,"Kaj je trg Kongo, omenjen kot ključni kraj rojstva jazza?","Na trgu Kongo, edinem mestu, ki ponuja to pravico do nedeljskega srečanja, preživijo bobni in afriške poliritmije.","[""Edino mesto, kjer bi se črnsko prebivalstvo lahko srečalo v nedeljo"", ""Harlemski jazz klub"", ""Snemalni studio v New Orleansu"", ""Glasbena šola, ki jo je ustanovil Buddy Bolden""]",0,,,,,,
course_139_la_naissance_du_jazz_americain,course_139_la_naissance_du_jazz_americain_q3,trueFalse,Res ali ne: pionir jazza Buddy Bolden je zapustil številne posnetke svojega korneta.,"Buddy Bolden ni bil nikoli posnet: njegova legenda temelji izključno na pripovedovanju tistih, ki so ga slišali.","[""Prav"", ""Narobe""]",1,,,,,,
course_139_la_naissance_du_jazz_americain,course_139_la_naissance_du_jazz_americain_q4,mcq,"Kaj prinaša improvizacija, predstavljena kot velik prelom med jazzom in evropsko glasbo?","Z improvizacijo partitura ni več zakon, temveč mreža, na katero glasbenik sklada sproti.","[""Glasbenik sklada v realnem času na mreži, namesto da bi sledil fiksni partituri"", ""Glasbenik igra vedno enako partituro"", ""Orkester sistematično nadomešča solista"", ""Ples postaja pomembnejši od glasbe""]",0,,,,,,
course_139_la_naissance_du_jazz_americain,course_139_la_naissance_du_jazz_americain_q5,mcq,Kateri glasbenik je virtuoznega solista postavil v središče jazza po Veliki selitvi v Chicago in New York?,Louis Armstrong postavlja virtuoznega solista v središče jazza v času njegove rasti v Chicagu in New Yorku.,"[""Louis Armstrong"", ""Duke Ellington"", ""Charlie Parker"", ""Miles Davis""]",0,,,,,,
course_139_la_naissance_du_jazz_americain,course_139_la_naissance_du_jazz_americain_q6,mcq,"Kateri slog, ki ga je izumil Charlie Parker po letu 1945, daje prednost hitrim tempom in kompleksnim harmonijam?","Charlie Parker je izumil bebop, poslušanje glasbe s hitrim tempom in zapletenimi harmonijami.","[""bebop"", ""Gugalnica"", ""Free jazz"", ""Ragtime""]",0,,,,,,
course_139_la_naissance_du_jazz_americain,course_139_la_naissance_du_jazz_americain_q7,numericSlider,"Katerega leta je Miles Davis izdal Kind of Blue, še danes najbolj prodajano jazz ploščo na svetu?","Kind of Blue, izdan leta 1959, je izumil modalni jazz z upočasnitvijo sprememb akordov.",,,,1959.0,1940.0,1975.0,2.0,
course_139_la_naissance_du_jazz_americain,course_139_la_naissance_du_jazz_americain_q8,chronological,Postavite te faze zgodovine jazza v kronološki vrstni red.,Od Congo Square do Kind of Blue gre jazz skozi skoraj stoletje zaporednih izumov.,,,"[""Jazz se pojavi v New Orleansu okoli trga Kongo in godb na pihala"", ""Louis Armstrong uveljavlja virtuoznega solista v Chicagu in New Yorku"", ""Charlie Parker izumi bebop"", ""Miles Davis objavlja Kind of Blue in modalni jazz""]",,,,,
course_139_la_naissance_du_jazz_americain,course_139_la_naissance_du_jazz_americain_q9,trueFalse,Res ali ne: newyorški klub Birdland je dobil ime po vzdevku Charlieja Parkerja Bird.,Klub Birdland je poimenovan po Charlieju Parkerju z vzdevkom Bird.,"[""Prav"", ""Narobe""]",0,,,,,,
course_13_la_bataille_de_waterloo_1815,course_13_la_bataille_de_waterloo_1815_q1,numericSlider,Katerega leta je potekala bitka pri Waterlooju?,Bitka pri Waterlooju je potekala 18. junija 1815 v Belgiji.,,,,1815.0,1780.0,1840.0,3.0,
course_13_la_bataille_de_waterloo_1815,course_13_la_bataille_de_waterloo_1815_q2,mcq,"Kdo sta bila poveljnika, ki sta se spopadla z Napoleonom pri Waterlooju?",Napoleon se sooči z vojvodo Wellingtonom in pruskim maršalom Blücherjem.,"[""Wellington (Britanija) in Blücher (Prus)"", ""Nelson (Britanec) in Kutuzov (Rus)"", ""Mack (Avstrijski) in Aleksander I. (Ruski)"", ""Wellington (Britanija) in Franc II (Avstrica)""]",0,,,,,,
course_13_la_bataille_de_waterloo_1815,course_13_la_bataille_de_waterloo_1815_q3,mcq,"Kakšen je bil Napoleonov prvotni načrt pred bitko, imenovan osrednji položaj?","Napoleon se želi postaviti med sovražni vojski in ju premagati drugo za drugo, preden se združita.","[""Postavite se med Wellingtona in Blücherja, da ju premagate ločeno"", ""Neposredno napad na Bruselj"", ""Počakajte na avstrijske okrepitve"", ""Obkroži Wellington po morju""]",0,,,,,,
course_13_la_bataille_de_waterloo_1815,course_13_la_bataille_de_waterloo_1815_q4,trueFalse,"Res ali ne: Napoleon je poslal maršala Grouchyja, da zasleduje Pruse za Lignyjem, saj je mislil, da jih je izločil iz akcije.","Napoleon je verjel, da so Prusi nevtralizirali po Lignyju in izločil Grouchyja s 33.000 možmi, da bi jih zasledoval, napaka, ki bi bila draga.","[""Prav"", ""Narobe""]",0,,,,,,
course_13_la_bataille_de_waterloo_1815,course_13_la_bataille_de_waterloo_1815_q5,mcq,Zakaj je Napoleon z napadom čakal do 11.30 zjutraj 18. junija?,"Po deževni noči je Napoleon počakal, da se je zemlja posušila, preden je premaknil topništvo, kar je Blücherju dalo čas, da je prišel.","[""Želi, da se zemlja posuši, da premakne svojo veliko baterijo topov"", ""Čaka na okrepitev iz Grouchyja"", ""Z Wellingtonom se pogaja o premirju"", ""Čaka na sončni vzhod""]",0,,,,,,
course_13_la_bataille_de_waterloo_1815,course_13_la_bataille_de_waterloo_1815_q6,mcq,Kateri dogodek je sprožil paniko in poraz francoske vojske pri Waterlooju?,"Cesarska garda, ki je bila sprožena kot zadnja možnost, se prvič umakne in krik ""Garda se umika!"" » spremeni umik v pobeg.","[""Umik cesarske garde"", ""Napoleonova smrt na bojišču"", ""Prihod avstrijskih okrepitev"", ""Uničenje Velike baterije""]",0,,,,,,
course_13_la_bataille_de_waterloo_1815,course_13_la_bataille_de_waterloo_1815_q7,mcq,Kam je bil izgnan Napoleon po končnem porazu pri Waterlooju?,"Po abdikaciji 22. junija 1815 je bil Napoleon izgnan na Sveto Heleno, osamljen otok v južnem Atlantiku, kjer je leta 1821 umrl.","[""Sveta Helena"", ""Otok Elba"", ""Korzika"", ""Malta""]",0,,,,,,
course_13_la_bataille_de_waterloo_1815,course_13_la_bataille_de_waterloo_1815_q8,chronological,Postavite te dogodke iz Stotih dni v kronološki vrstni red.,"Te štiri etape trajajo od 1. marca do 22. junija 1815: vrnitev z otoka Elba, delna zmaga Lignyja, poraz pri Waterlooju in nato abdikacija.",,,"[""Napoleonovo izkrcanje blizu Antibov"", ""Bitka pri Lignyju"", ""Bitka pri Waterlooju"", ""Napoleonova dokončna abdikacija""]",,,,,
course_13_la_bataille_de_waterloo_1815,course_13_la_bataille_de_waterloo_1815_q9,mcq,Kaj je odločil dunajski kongres po dokončnem padcu Napoleona?,"Dunajski kongres vsili načelo legitimnosti in obnovi kraljeve dinastije, da bi oblikovali evropski koncert, ki ohranja mir do leta 1914.","[""Ponovno postavitev kraljevih dinastij na njihove prestole, Legitimnost"", ""Francijo razdelite na štiri kraljestva"", ""Odpraviti vse evropske monarhije"", ""Daj krono Francije Wellingtonu""]",0,,,,,,
course_140_le_blues_racines_de_toute_la_musique_mod,course_140_le_blues_racines_de_toute_la_musique_mod_q1,mcq,V kateri regiji se je ob koncu 19. stoletja rodil blues?,Blues se je rodil v revščini bombažnih polj Mississippija na globokem jugu.,"[""Globoko na jugu, na bombažnih poljih Mississippija"", ""Samo pristaniška mesta Louisiane"", ""Industrijski sever ZDA"", ""Teksaške ravnice""]",0,,,,,,
course_140_le_blues_racines_de_toute_la_musique_mod,course_140_le_blues_racines_de_toute_la_musique_mod_q2,mcq,"Katero večjo glasbeno inovacijo je izumil blues, ki sta jo nato prevzela jazz in rock?","Dvanajsttaktna struktura, mreža treh akordov, postane platno za improvizacijo skozi blues.","[""Zgradba v dvanajstih taktih"", ""Simfonija v štirih stavkih"", ""A cappella rap"", ""Popularna opera""]",0,,,,,,
course_140_le_blues_racines_de_toute_la_musique_mod,course_140_le_blues_racines_de_toute_la_musique_mod_q3,mcq,"Kaj pomeni ozko grlo, ki ga uporabljajo blues kitaristi?","Ozko grlo, ki zdrsne po strunah kitare, pripelje instrument v dialog s pevčevim glasom.","[""Čez strune je zdrsnila steklena ali kovinska cev"", ""Vrsta lesenega krampa"", ""Pedal za električne efekte"", ""Posebna uglasitev basa""]",0,,,,,,
course_140_le_blues_racines_de_toute_la_musique_mod,course_140_le_blues_racines_de_toute_la_musique_mod_q4,trueFalse,"Res ali ne: Robert Johnson je pustil na stotine posnetkov, kar pojasnjuje njegov velik vpliv.","Robert Johnson je zapustil le 29 posnetkov, a njihov vpliv ostaja ogromen.","[""Prav"", ""Narobe""]",1,,,,,,
course_140_le_blues_racines_de_toute_la_musique_mod,course_140_le_blues_racines_de_toute_la_musique_mod_q5,mcq,Kakšna je legenda o Robertu Johnsonu na razpotju?,"Legenda Crossroads pravi, da je Johnson prodal svojo dušo hudiču v zameno za svoje obvladovanje kitare.","[""Prodal bi dušo hudiču, da bi obvladal kitaro"", ""Spoznal bi svojo ženo"", ""Zložil bi Sweet Home Chicago v eni noči"", ""Odkril naj bi ga newyorški producent""]",0,,,,,,
course_140_le_blues_racines_de_toute_la_musique_mod,course_140_le_blues_racines_de_toute_la_musique_mod_q6,mcq,"V katerem mestu je blues postal električen v štiridesetih letih prejšnjega stoletja, ki ga je poganjal Muddy Waters?","V Chicagu je blues postal naelektren, da bi preglasil hrup tovarn, z Muddyjem Watersom in Howlin' Wolfom.","[""Chicago"", ""New Orleans"", ""Memphis"", ""Detroit""]",0,,,,,,
course_140_le_blues_racines_de_toute_la_musique_mod,course_140_le_blues_racines_de_toute_la_musique_mod_q7,trueFalse,Res ali ne: ime britanske skupine Rolling Stones je vzeto iz pesmi Muddyja Watersa.,"The Rolling Stones so svoje ime prevzeli po pesmi Muddyja Watersa, ki so jo pomagali predstaviti belskemu občinstvu.","[""Prav"", ""Narobe""]",0,,,,,,
course_140_le_blues_racines_de_toute_la_musique_mod,course_140_le_blues_racines_de_toute_la_musique_mod_q8,numericSlider,"Približno katerega leta je blues postal električen v Chicagu, ki ga je vodil Muddy Waters?",V štiridesetih letih prejšnjega stoletja je podeželski Delta blues v Chicagu postal električen.,,,,1945.0,1900.0,1980.0,5.0,
course_140_le_blues_racines_de_toute_la_musique_mod,course_140_le_blues_racines_de_toute_la_musique_mod_q9,chronological,Postavite te faze zgodovine bluesa v kronološki vrstni red.,Od podeželskega globokega juga do britanskega izvoza je blues šel skozi skoraj stoletje transformacije.,,,"[""Blues se je rodil na bombažnih poljih globokega juga s hollerji in spirituali"", ""Robert Johnson snema svoje pesmi v delti Mississippija"", ""Blues se v Chicagu naelektri z Muddyjem Watersom"", ""Rolling Stones in Led Zeppelin ponovno izvozijo blues v širšo javnost""]",,,,,
course_141_la_naissance_de_la_photographie,course_141_la_naissance_de_la_photographie_q1,mcq,"Kakšno napravo so uporabljali umetniki pred letom 1839 za projiciranje zunanjega sveta, ne da bi mogli popraviti sliko?","Temnica projicira zunanji svet na steno, vendar slika izgine takoj, ko ugasnemo luč.","[""Temna soba"", ""Dagerotipija"", ""Kalotip"", ""Fotoaparat Kodak""]",0,,,,,,
course_141_la_naissance_de_la_photographie,course_141_la_naissance_de_la_photographie_q2,mcq,"Kdo je naredil prvo znano trajno fotografsko sliko, okoli 1826-1827?","Nicéphore Niépce pritrdi prvo trajno podobo, Pogled z okna Grasa, na kositrno ploščo.","[""Nicéphore Niépce"", ""Louis Daguerre"", ""William Fox Talbot"", ""George Eastman""]",0,,,,,,
course_141_la_naissance_de_la_photographie,course_141_la_naissance_de_la_photographie_q3,trueFalse,Res ali ne: Niépceova prva fotografija je zahtevala osvetlitev približno 8 ur.,"Osvetlitev traja približno 8 ur, toliko časa, da sonce osvetli obe strani stavb na posnetku.","[""Prav"", ""Narobe""]",0,,,,,,
course_141_la_naissance_de_la_photographie,course_141_la_naissance_de_la_photographie_q4,mcq,"Kateri britanski postopek, ki se je razvil vzporedno z dagerotipijo, omogoča izdelavo več kopij iz negativa?","Kalotipija Williama Foxa Talbota omogoča, za razliko od dagerotipije, izdelavo več kopij iste slike.","[""Kalotip Williama Foxa Talbota"", ""Bitumen iz Judeje"", ""Vizitka"", ""Film Kodak""]",0,,,,,,
course_141_la_naissance_de_la_photographie,course_141_la_naissance_de_la_photographie_q5,numericSlider,Katerega leta je Louis Daguerre predstavil svoj postopek Akademiji znanosti?,Daguerre je dagerotipijo predstavil Akademiji znanosti leta 1839.,,,,1839.0,1800.0,1870.0,2.0,
course_141_la_naissance_de_la_photographie,course_141_la_naissance_de_la_photographie_q6,mcq,Kateri fotograf je leta 1855 dokumentiral fronto med krimsko vojno?,Roger Fenton poroča o eni prvih fotografskih podob konflikta med krimsko vojno.,"[""Roger Fenton"", ""Matthew Brady"", ""Louis Daguerre"", ""William Fox Talbot""]",0,,,,,,
course_141_la_naissance_de_la_photographie,course_141_la_naissance_de_la_photographie_q7,mcq,Katera inovacija Georgea Eastmana in Kodaka je naredila fotoaparat prenosljiv v poznem 19. stoletju?,"Eastman zamenja težke steklene plošče s prožnim filmom, zaradi česar je naprava prenosljiva.","[""Fleksibilna folija, ki nadomešča steklene plošče"", ""Električna bliskavica"", ""Digitalna naprava"", ""Zoom objektiv""]",0,,,,,,
course_141_la_naissance_de_la_photographie,course_141_la_naissance_de_la_photographie_q8,trueFalse,Res ali ne: Med državljansko vojno je fotograf Mathew Brady dokumentiral vojake in bojišča.,Mathew Brady fotografira vojake in bojišča ameriške državljanske vojne.,"[""Prav"", ""Narobe""]",0,,,,,,
course_141_la_naissance_de_la_photographie,course_141_la_naissance_de_la_photographie_q9,chronological,Postavite te mejnike v zgodovini fotografije v kronološki vrstni red.,Od Niépcejeve prve slike do Kodakove demokratizacije se je fotografija razširila v manj kot stoletju.,,,"[""Niépce strmi v prvo stalno podobo iz svojega okna"", ""Daguerre predstavi dagerotipijo v Parizu"", ""Talbot razvije kalotip in večkratno izdajo"", ""Kodak demokratizira amaterski fotoaparat""]",,,,,
course_142_charlie_chaplin_et_le_cinema_muet,course_142_charlie_chaplin_et_le_cinema_muet_q1,mcq,"Katera iznajdba bratov Lumière, patentirana leta 1895, je rodila kinematografijo kot kolektivni spektakel?",Leta 1895 patentiran kinematograf bratov Lumière je omogočil prvo plačljivo javno predvajanje v Parizu.,"[""Kinematograf"", ""Kinetoskop"", ""Vitafon"", ""Fonograf""]",0,,,,,,
course_142_charlie_chaplin_et_le_cinema_muet,course_142_charlie_chaplin_et_le_cinema_muet_q2,mcq,"Kdo je izumil fikcijo in posebne učinke v kinematografiji, kmalu po izumu bratov Lumière?","Georges Méliès, francoski iluzionist, je na samem začetku kinematografije izumil fikcijo in posebne učinke.","[""Georges Méliès"", ""Thomas Edison"", ""Charlie Chaplin"", ""David Griffith""]",0,,,,,,
course_142_charlie_chaplin_et_le_cinema_muet,course_142_charlie_chaplin_et_le_cinema_muet_q3,trueFalse,"Res ali ne: Charlot je reven, a dostojanstven potepuh, prepoznaven po klobuku in palici.","Charlot nosi premajhen klobuk, preširoke hlače in palico ter simbolizira reveža, ki ohranja svoje dostojanstvo.","[""Prav"", ""Narobe""]",0,,,,,,
course_142_charlie_chaplin_et_le_cinema_muet,course_142_charlie_chaplin_et_le_cinema_muet_q4,mcq,"Kateri film iz leta 1940, ki ga je režiral Chaplin, je satira Adolfa Hitlerja?","Leta 1940 je Chaplin posnel Velikega diktatorja, satiro o Hitlerju in svoj prvi vsegovoreči film.","[""Diktator"", ""Mestne luči"", ""Pevec jazza"", ""Zlata mrzlica""]",0,,,,,,
course_142_charlie_chaplin_et_le_cinema_muet,course_142_charlie_chaplin_et_le_cinema_muet_q5,numericSlider,Katerega leta je Chaplin izumil kostum Potepuha?,Leta 1914 je Chaplin skoraj po naključju v garderobi studia izumil kostum Potepuha.,,,,1914.0,1895.0,1935.0,3.0,
course_142_charlie_chaplin_et_le_cinema_muet,course_142_charlie_chaplin_et_le_cinema_muet_q6,trueFalse,Res ali ne: ob prihodu govorečega filma leta 1927 je Chaplin takoj opustil neme filme.,"Chaplin se je upiral govorjenju in je nadaljeval s snemanjem nemih filmov, kot pri Luči mesta leta 1931.","[""Prav"", ""Narobe""]",1,,,,,,
course_142_charlie_chaplin_et_le_cinema_muet,course_142_charlie_chaplin_et_le_cinema_muet_q7,mcq,Zakaj je bila Chaplinu leta 1952 prepovedana vrnitev v ZDA?,"Sredi hladne vojne in makartizma so Chaplinu, osumljenemu levičarskih idej, leta 1952 prepovedali vrnitev v ZDA.","[""Sumijo ga, da je imel v času makartizma levičarske ideje"", ""Zavračal je plačilo davkov v ZDA"", ""Užalil je vplivnega hollywoodskega producenta"", ""Obsojen je bil zaradi vohunjenja""]",0,,,,,,
course_142_charlie_chaplin_et_le_cinema_muet,course_142_charlie_chaplin_et_le_cinema_muet_q8,chronological,Postavite te faze Chaplinove kariere in filma v kronološki vrstni red.,"Ti štirje mejniki (1895, 1914, 1940, 1952) opisujejo rojstvo filma, izum Charlota, Chaplinovo politično angažiranost in nato njegovo prisilno izgnanstvo.",,,"[""Prvo javno predvajanje bratov Lumière"", ""Chaplin izumi kostum Potepuha"", ""Izstop diktatorja, satira Hitlerja"", ""Prepoved vrnitve v ZDA""]",,,,,
course_142_charlie_chaplin_et_le_cinema_muet,course_142_charlie_chaplin_et_le_cinema_muet_q9,mcq,"Katero produkcijsko podjetje je Chaplin soustanovil, da bi ohranil popoln nadzor nad svojimi filmi?","Chaplin je soustanovil United Artists, kar mu je omogočilo ohraniti svojo ustvarjalno neodvisnost.","[""Združeni umetniki"", ""Slike RKO"", ""Metro-Goldwyn-Mayer"", ""Paramount Pictures""]",0,,,,,,
course_143_orson_welles_et_citizen_kane,course_143_orson_welles_et_citizen_kane_q1,mcq,Kateri radijski dogodek iz leta 1938 je Orsona Wellesa pognal v Hollywood?,"30. oktobra 1938 je Welles prepričal ljudi v invazijo vesoljcev s svojo radijsko priredbo Vojne svetov, ki je pritegnila pozornost Hollywooda.","[""Njegova priredba Vojne svetov"", ""Njegova produkcija Macbetha v gledališču"", ""Njegov prvi film za RKO"", ""Predavanje o kinu""]",0,,,,,,
course_143_orson_welles_et_citizen_kane,course_143_orson_welles_et_citizen_kane_q2,mcq,"Kakšno redko svobodo je RKO Pictures podelil Wellesu, da je posnel Državljana Kanea?","RKO, studio v težavah, ponuja Wellesu redko pogodbo: popolno svobodo teme in Final Cut, pravico, da sam odloča o montaži.","[""Popolna svoboda teme in končni nadzor nad montažo"", ""Neomejen proračun brez kakršnih koli omejitev"", ""Ekskluzivna izbira filmskega distributerja"", ""Lastništvo avtorskih pravic za scenarij""]",0,,,,,,
course_143_orson_welles_et_citizen_kane,course_143_orson_welles_et_citizen_kane_q3,mcq,S katerim kinematografom je Welles razvil tehniko globinske ostrine v Državljanu Kanu?,"S kinematografom Greggom Tolandom Welles vsiljuje globinsko ostrino, ki ohranja vse ostro od ospredja do ozadja slike.","[""Gregg Toland"", ""William Randolph Hearst"", ""François Truffaut"", ""David O. Selznick""]",0,,,,,,
course_143_orson_welles_et_citizen_kane,course_143_orson_welles_et_citizen_kane_q4,mcq,"Kakšna je bila zadnja beseda Charlesa Fosterja Kanea, preden je umrl?","Kane umre sam v svoji palači v Xanadu, medtem ko izgovarja besedo Rosebud, kar sproži novinarjevo preiskavo.","[""Rosebud"", ""Xanadu"", ""Rozalinda"", ""Charlotte""]",0,,,,,,
course_143_orson_welles_et_citizen_kane,course_143_orson_welles_et_citizen_kane_q5,trueFalse,"Res ali ne: Državljan Kane pripoveduje zgodbo o Kaneu skozi nasprotujoča si pričevanja, ne da bi razkril eno resnico o tem človeku.","Prijatelji in sovražniki skozi povratne spomine pripovedujejo nasprotujoče si različice Kanea, gledalec pa nikoli ne dobi niti ene resnice.","[""Prav"", ""Narobe""]",0,,,,,,
course_143_orson_welles_et_citizen_kane,course_143_orson_welles_et_citizen_kane_q6,mcq,Kateri novinarski mogotec se prepozna v liku Kanea in skuša zadušiti film?,"William Randolph Hearst, pravi tiskovni magnat, se je v Kanu prepoznal in skušal film zadušiti z bojkotom njegovih časopisov.","[""William Randolph Hearst"", ""Joseph Pulitzer"", ""David Sarnoff"", ""Randolph Churchill""]",0,,,,,,
course_143_orson_welles_et_citizen_kane,course_143_orson_welles_et_citizen_kane_q7,trueFalse,Res ali ne: Državljan Kane je bil ob izidu leta 1941 velik komercialni uspeh.,"Nasprotno, Državljan Kane je bil ob izidu komercialno neuspešen, predvsem zaradi pritiska Hearsta.","[""Prav"", ""Narobe""]",1,,,,,,
course_143_orson_welles_et_citizen_kane,course_143_orson_welles_et_citizen_kane_q8,mcq,Katero francosko kinematografsko gibanje petdesetih let prejšnjega stoletja je naredilo Državljana Kanea za vzor režiserja-avtorja?,"V petdesetih letih prejšnjega stoletja so kritiki in nato francoski novi val rehabilitirali film in ga naredili za standard režiserja, ki vse nadzoruje.","[""Novi val"", ""Nemi kino"", ""italijanski neorealizem"", ""nemški ekspresionizem""]",0,,,,,,
course_143_orson_welles_et_citizen_kane,course_143_orson_welles_et_citizen_kane_q9,chronological,Postavite te faze zgodbe o Državljanu Kanu v kronološki vrstni red.,"Ti trije mejniki (1938, 1941, 1950) spremljajo radijski vzpon Wellesa, začetni neuspeh filma, nato pa njegovo rehabilitacijo s strani evropskih kritikov.",,,"[""Radijska prevara o vojni svetov"", ""Izpustitev Državljana Kanea"", ""Ponovno odkritje filma s strani evropskih kritikov""]",,,,,
course_144_la_nouvelle_vague_francaise,course_144_la_nouvelle_vague_francaise_q1,mcq,"Katera kritična revija, ustanovljena leta 1951, je postala idejni laboratorij novega vala?","Cahiers du cinéma, ki ga je leta 1951 ustanovil André Bazin, je združeval mlade kritike, ki so postali režiserji novega vala.","[""Filmski zvezki"", ""Pogled in zvok"", ""Pozitivno"", ""francoski film""]",0,,,,,,
course_144_la_nouvelle_vague_francaise,course_144_la_nouvelle_vague_francaise_q2,mcq,"Kdo je glede na politiko avtorjev, ki jo zagovarja Cahiers du cinéma, pravi ustvarjalec filma?","Za kritike Cahiersa pravi ustvarjalec ni scenarist, temveč tisti, ki režira prizor, tako kot ima romanopisec svoj stil.","[""Direktor"", ""Scenarist"", ""Proizvajalec"", ""Glavni igralec""]",0,,,,,,
course_144_la_nouvelle_vague_francaise,course_144_la_nouvelle_vague_francaise_q3,mcq,Kateri film Françoisa Truffauta je leta 1959 zmagal v Cannesu in sprožil novi val?,Leta 1959 je film Les Quatre Cents Coups Françoisa Truffauta zmagal v Cannesu in uveljavil umetniški kinematograf.,"[""Štiristo udarcev"", ""Brez sape"", ""Državljan Kane"", ""Diktator""]",0,,,,,,
course_144_la_nouvelle_vague_francaise,course_144_la_nouvelle_vague_francaise_q4,trueFalse,Res ali ne: Breathless Jean-Luca Godarda je leta 1960 šokiral ljudi s svojimi nenadnimi rezi sredi gest.,"Godard v Breathless zareže sredi gest, kot da bi film montiral s škarjami, kar je bilo leta 1960 šokantno.","[""Prav"", ""Narobe""]",0,,,,,,
course_144_la_nouvelle_vague_francaise,course_144_la_nouvelle_vague_francaise_q5,mcq,"Katera tehnična inovacija je omogočila režiserjem novega vala, da so zapustili studie in snemali na ulicah Pariza?","Lahke kamere, kot je Éclair Caméflex, in občutljivejši filmi omogočajo snemanje v naravnih okoljih, zunaj studiev.","[""Lahke kamere, kot je Éclair Caméflex"", ""Cinemascope široki zasloni"", ""Dolby stereo zvok"", ""Okraski iz kartona""]",0,,,,,,
course_144_la_nouvelle_vague_francaise,course_144_la_nouvelle_vague_francaise_q6,mcq,Katero brazilsko kinematografsko gibanje se neposredno zgleduje po svobodi snemanja novega vala?,"Svoboda snemanja novega vala je nato navdihnila Cinema Novo v Braziliji, nato Dogme 95 na Danskem.","[""Novo kino"", ""italijanski neorealizem"", ""nemški ekspresionizem"", ""Dogma 95""]",0,,,,,,
course_144_la_nouvelle_vague_francaise,course_144_la_nouvelle_vague_francaise_q7,trueFalse,Res ali ne: Režiserji novega vala so večinoma snemali v studiih s sofisticirano umetno razsvetljavo.,"Nasprotno, snemajo v kavarnah, stanovanjih in na ulicah Pariza, pogosto v naravni svetlobi.","[""Prav"", ""Narobe""]",1,,,,,,
course_144_la_nouvelle_vague_francaise,course_144_la_nouvelle_vague_francaise_q8,mcq,Katere ameriške režiserje v sedemdesetih letih prejšnjega stoletja je navdihnila svoboda novega vala?,"V sedemdesetih letih je novi Hollywood, ki so ga vodili Scorsese, Coppola in Spielberg, mešal ameriško učinkovitost in francosko svobodo.","[""Scorsese, Coppola in Spielberg"", ""Hitchcock, Welles in Kubrick"", ""Chaplin in Keaton"", ""Bergman in Fellini""]",0,,,,,,
course_144_la_nouvelle_vague_francaise,course_144_la_nouvelle_vague_francaise_q9,chronological,Postavite te faze novega vala v kronološki vrstni red.,"Ti trije mejniki (1951, 1959, 1960) kažejo prehod od kritičnega pregleda do revolucije v avtorski kinematografiji.",,,"[""Fundacija Cahiers du cinéma"", ""Triumf Štiristo udarcev v Cannesu"", ""Izdaja Breathless""]",,,,,
course_145_kubrick_2001_l_odyssee_de_l_espace,course_145_kubrick_2001_l_odyssee_de_l_espace_q1,numericSlider,Katerega leta je bilo 2001: Vesoljska odiseja predvajano v kinematografih?,"2001: leta 1968 je izšla vesoljska odiseja, ki je na novo definirala znanstveno fantastiko v kinematografiji.",,,,1968.0,1950.0,1985.0,3.0,
course_145_kubrick_2001_l_odyssee_de_l_espace,course_145_kubrick_2001_l_odyssee_de_l_espace_q2,mcq,"S katerim piscem znanstvene fantastike je Kubrick leta 1964 stopil v stik, da bi ustvaril leto 2001?","Leta 1964 je Kubrick stopil v stik s pisateljem Arthurjem C. Clarkom, da bi skupaj izumil film in roman.","[""Arthur C. Clarke"", ""Isaac Asimov"", ""Filip K. Dick"", ""Ray Bradbury""]",0,,,,,,
course_145_kubrick_2001_l_odyssee_de_l_espace,course_145_kubrick_2001_l_odyssee_de_l_espace_q3,mcq,Katere novice sta Kubrick in Clarke uporabila za razvoj leta 2001?,"Kubrick in Clarke izhajata iz kratke zgodbe The Sentinel, da bi vzporedno zgradila film in roman.","[""Sentinel"", ""Fundacija"", ""Marsovske kronike"", ""Srečanje z Ramo""]",0,,,,,,
course_145_kubrick_2001_l_odyssee_de_l_espace,course_145_kubrick_2001_l_odyssee_de_l_espace_q4,mcq,Kdo je izumil tehniko špranjskega skeniranja za snemanje zadnjega potovanja filma?,"Nadzornik učinkov Douglas Trumbull izumi slit-scan, ki ustvari hipnotične tunele svetlobe za zadnje potovanje.","[""Douglas Trumbull"", ""Gregg Toland"", ""Arthur C. Clarke"", ""Stanley Kubrick""]",0,,,,,,
course_145_kubrick_2001_l_odyssee_de_l_espace,course_145_kubrick_2001_l_odyssee_de_l_espace_q5,mcq,Kaj v filmu predstavlja HAL 9000?,"HAL 9000, vgrajeni računalnik, se odloči odstraniti ljudi, da bi rešil protislovje v svoji misiji.","[""Vgrajeni računalnik, ki na koncu odpravi posadko"", ""Nezemelj je prišel posvarit človeštvo"", ""Robotski klon astronavta"", ""Preprost glasovni pomočnik brez zavesti""]",0,,,,,,
course_145_kubrick_2001_l_odyssee_de_l_espace,course_145_kubrick_2001_l_odyssee_de_l_espace_q6,trueFalse,"Res ali ne: HAL 9000 napade posadko, ker je ujeta v protislovju med izpolnjevanjem svoje misije in skrivanjem svoje prave narave.","Ujet v to protislovje, se HAL odloči odstraniti ljudi, da bi ohranil skrivnost svoje misije.","[""Prav"", ""Narobe""]",0,,,,,,
course_145_kubrick_2001_l_odyssee_de_l_espace,course_145_kubrick_2001_l_odyssee_de_l_espace_q7,mcq,"Za snemanje Barryja Lyndona le ob soju sveč, katere objektive je prilagodil Kubrick?","Kubrick je dal leče Zeiss, oblikovane za Naso, prilagojene za snemanje Barryja Lyndona samo ob soju sveč.","[""Optika Zeiss, zasnovana za Naso"", ""Miniaturni studijski projektorji"", ""Vojaški infrardeči filtri"", ""Termalne kamere""]",0,,,,,,
course_145_kubrick_2001_l_odyssee_de_l_espace,course_145_kubrick_2001_l_odyssee_de_l_espace_q8,mcq,Katera glasbena skladba spremlja kroženje vesoljskih postaj leta 2001?,"Valček Lepa modra Donava Johanna Straussa spremlja vesoljske postaje, Tako je govoril Zaratustra pa označuje skoke evolucije.","[""Lepa modra Donava Johanna Straussa"", ""Tako je govoril Zaratustra Richarda Straussa"", ""Dvořákova Simfonija novega sveta"", ""Vivaldijevi Štirje letni časi""]",0,,,,,,
course_145_kubrick_2001_l_odyssee_de_l_espace,course_145_kubrick_2001_l_odyssee_de_l_espace_q9,mcq,Kaj simbolizira črni monolit leta 2001?,"Črni monolit je tiha prisotnost, ki na več točkah v filmu znova zažene človeško evolucijo.","[""Prisotnost, ki znova zažene človeško evolucijo"", ""Nezemljansko orožje, namenjeno uničenju Zemlje"", ""Preprosta postavitev brez pripovednega pomena"", ""Vesoljska ladja astronavtov""]",0,,,,,,
course_146_hitchcock_et_le_suspense,course_146_hitchcock_et_le_suspense_q1,mcq,Kakšna je po Hitchcocku razlika med presenečenjem in suspenzom?,"Hitchcock pojasnjuje Truffautu, da napetost občinstvu pokaže bombo, medtem ko jo liki ignorirajo, kar podaljšuje napetost.","[""Napetost pokaže bombo občinstvu, preden eksplodira, presenečenje pa ne"", ""Napetost prestraši, presenečenje nasmeji"", ""Presenečenje traja dlje kot suspenz"", ""Ni razlike, so sinonimi""]",0,,,,,,
course_146_hitchcock_et_le_suspense,course_146_hitchcock_et_le_suspense_q2,mcq,Kaj je MacGuffin v Hitchcockovem filmu?,"MacGuffin je predmet ali skrivnost, ki pospešuje zaplet, tudi če njegova natančna narava v resnici ni pomembna.","[""Predmet ali skrivnost, ki motivira like, ne da bi bila pomembna njegova natančna narava"", ""Značilen Hitchcockov posnetek kamere"", ""Ime morilca v Psihu"", ""Tehnika urejanja zvoka""]",0,,,,,,
course_146_hitchcock_et_le_suspense,course_146_hitchcock_et_le_suspense_q3,mcq,"Kakšno tehniko uporablja Hitchcock v The Rope (1948), da simulira film, posnet v enem gibu?","Hitchcock skrije ureznine za hrbtom ali temnim kosom pohištva, da simulira posamezen posnetek v The Rope.","[""Zaporedje posnetkov s skritimi rezi za hrbtom ali pohištvom"", ""Klasična izmenična montaža"", ""Neprekinjena subjektivna kamera"", ""Razdeljen zaslon""]",0,,,,,,
course_146_hitchcock_et_le_suspense,course_146_hitchcock_et_le_suspense_q4,mcq,Kakšen vizualni učinek je izumil Hitchcock za Vertigo leta 1958?,"Za Vertigo je Hitchcock izumil Dolly Zoom: kamera se premika nazaj, medtem ko se povečava premika naprej, kar popači prostor, da se ljudem vrti.","[""Dolly Zoom"", ""Globinska ostrina"", ""Skeniranje rež"", ""Razdeljen zaslon""]",0,,,,,,
course_146_hitchcock_et_le_suspense,course_146_hitchcock_et_le_suspense_q5,trueFalse,"Res ali ne: v Rear Window gledalec zaradi subjektivne kamere vidi točno to, kar vidi junak.","Hitchcock uporablja subjektivno kamero: vidimo točno to, kar vidi junak, nič več.","[""Prav"", ""Narobe""]",0,,,,,,
course_146_hitchcock_et_le_suspense,course_146_hitchcock_et_le_suspense_q6,mcq,Kdo je junak filma Rear Window (1954)?,"Junak je fotograf z zlomljeno nogo, ki z okna vohuni za sosedi.","[""Fotograf z zlomljeno nogo, ki vohuni za sosedi"", ""Zasebni detektiv, zadolžen za preiskavo"", ""Policist na prisilnem dopustu"", ""Pisatelj brez navdiha""]",0,,,,,,
course_146_hitchcock_et_le_suspense,course_146_hitchcock_et_le_suspense_q7,trueFalse,Res ali ne: za Psiha je Hitchcock prepovedal vstop v sobo po začetku seanse.,Hitchcock Psihu prepove vstop po začetku seje in skrivnost zapleta spremeni v dogodek.,"[""Prav"", ""Narobe""]",0,,,,,,
course_146_hitchcock_et_le_suspense,course_146_hitchcock_et_le_suspense_q8,mcq,"Kateri skladatelj redno sodeluje s Hitchcockom, da z glasbo poveča napetost?","Sodelovanje med Hitchcockom in skladateljem Bernardom Herrmannom povezuje glasbo in montažo, da pospeši gledalčev utrip.","[""Bernard Herrmann"", ""Richard Strauss"", ""John Strauss"", ""Ennio Morricone""]",0,,,,,,
course_146_hitchcock_et_le_suspense,course_146_hitchcock_et_le_suspense_q9,chronological,Postavite te Hitchcockove tehnične inovacije v kronološki vrstni red.,"Te tri inovacije (1948, 1954, 1958) zaznamujejo razvoj Hitchcockovega sloga, od iluzije neprekinjene ravnine do optične distorzije vrtoglavice.",,,"[""La Corde simulira posnetek enega zaporedja"", ""Zadnje okno uporablja subjektivno kamero"", ""Vertigo izumi Dolly Zoom""]",,,,,
course_147_l_architecture_gothique_les_cathedrales,course_147_l_architecture_gothique_les_cathedrales_q1,mcq,Kje in okoli katerega datuma se je rodil gotski slog?,"Gotika se je rodila v Île-de-France okoli leta 1140, z zborom bazilike Saint-Denis.","[""V Île-de-France, okoli leta 1140"", ""V Toskani okoli 1400"", ""Na Bavarskem okoli 1250"", ""V Normandiji okoli 1000""]",0,,,,,,
course_147_l_architecture_gothique_les_cathedrales,course_147_l_architecture_gothique_les_cathedrales_q2,mcq,"Kdo je začel gradnjo kora bazilike Saint-Denis, na začetku gotskega sloga?","Opat Suger je prenesel temeljni šok gotike z željo po enotnejšem, jasnejšem in višjem prostoru v Saint-Denisu.","[""Oče Suger"", ""Kralj Ludvik IX"", ""Arhitekt Villard de Honnecourt"", ""Papež Inocenc III""]",0,,,,,,
course_147_l_architecture_gothique_les_cathedrales,course_147_l_architecture_gothique_les_cathedrales_q3,mcq,Katere tri novosti so omogočile posvetlitev sten gotskih katedral?,"Koničast lok, rebrasti obok in leteča opora delujejo skupaj, da sprostijo stene in omogočijo velika okna.","[""Šilast lok, rebrasti obok in leteča opora"", ""Kupola, zabat in stebrišče"", ""Kupola, pilaster in preklada"", ""Banasti obok, masivna opora in veranda zvonika""]",0,,,,,,
course_147_l_architecture_gothique_les_cathedrales,course_147_l_architecture_gothique_les_cathedrales_q4,mcq,"Kakšno vlogo ima svetloba v katedrali glede na teologijo, ki jo zagovarja oče Suger?","Za Sugerja barvni žarki vitražov pomagajo duši, da se dvigne proti Bogu, zaradi česar je katedrala kletka svetlobe.","[""Pomaga duši, da se dvigne proti Bogu"", ""Uporablja se samo za osvetlitev verskih obredov."", ""Označuje finančno moč duhovščine"", ""Ščiti kamen pred vlago""]",0,,,,,,
course_147_l_architecture_gothique_les_cathedrales,course_147_l_architecture_gothique_les_cathedrales_q5,trueFalse,Res ali ne: gradnja gotske katedrale pogosto traja več kot dve stoletji.,"Vojne, epidemije in pomanjkanje denarja so povzročili, da so se gradbišča premikala naprej, pogosto v več kot dveh stoletjih.","[""Prav"", ""Narobe""]",0,,,,,,
course_147_l_architecture_gothique_les_cathedrales,course_147_l_architecture_gothique_les_cathedrales_q6,numericSlider,Katerega leta se je začela gradnja Notre-Dame de Paris?,"Notre-Dame de Paris se je začela leta 1163 in je dobila svojo obliko okoli leta 1345, po približno 180 letih gradnje.",,,,1163.0,1100.0,1250.0,5.0,
course_147_l_architecture_gothique_les_cathedrales,course_147_l_architecture_gothique_les_cathedrales_q7,trueFalse,"Res ali ne: pri gradnji katedral sodelujejo samo menihi, brez pomoči prebivalcev mesta.","Na gradbišču dela celotno mesto: kamnoseki, tesarji in steklarji, zaradi česar je tudi ekonomičen stroj.","[""Prav"", ""Narobe""]",1,,,,,,
course_147_l_architecture_gothique_les_cathedrales,course_147_l_architecture_gothique_les_cathedrales_q8,mcq,Katera nedokončana gotska katedrala je bila končno dokončana v 19. stoletju zahvaljujoč preporodu gotike?,"V 19. stoletju je Evropa ponovno odkrila gotiko in dokončala nedokončane projekte, kot je tisti v Kölnu, dokončan leta 1880.","[""Kölnska katedrala"", ""Notre-Dame v Parizu"", ""Katedrala v Chartresu"", ""Sainte-Chapelle""]",0,,,,,,
course_147_l_architecture_gothique_les_cathedrales,course_147_l_architecture_gothique_les_cathedrales_q9,chronological,Postavite te faze gotske arhitekture v kronološki vrstni red.,"Ti mejniki (1140, 1163, 13. stoletje, 19. stoletje) kažejo rojstvo sloga, njegovo širjenje, njegov klasični vrhunec in nato njegovo sodobno ponovno odkritje.",,,"[""Suger ustanovi zbor Saint-Denis"", ""Začetek gradnje Notre-Dame de Paris"", ""Chartres in Amiens vsiljujeta klasični model"", ""Evropa ponovno odkriva slog z neogotsko""]",,,,,
course_148_le_bauhaus,course_148_le_bauhaus_q1,mcq,Kdo je ustanovil Bauhaus v Weimarju leta 1919?,"Arhitekt Walter Gropius je leta 1919 v Weimarju ustanovil Bauhaus, njegov končni cilj pa je bila arhitektura.","[""Walter Gropius"", ""Mies van der Rohe"", ""Vasilij Kandinski"", ""Marcel Breuer""]",0,,,,,,
course_148_le_bauhaus,course_148_le_bauhaus_q2,mcq,Katero načelo Gropiusovega manifesta odpravlja hierarhijo med likovno in uporabno umetnostjo?,"Vsako delavnico Bauhaus vodita umetnik in rokodelec, pri čemer izdelava postane osnova vsega ustvarjanja.","[""Vsaka delavnica ima enako mojstra umetnika in mojstra obrti"", ""Na Bauhausu lahko poučujejo le arhitekti"", ""Umetnost mora ostati ločena od obrti"", ""Učenci izberejo eno umetnost, ki jo bodo obvladali""]",0,,,,,,
course_148_le_bauhaus,course_148_le_bauhaus_q3,mcq,Katero nizozemsko gibanje se pogovarja z Bauhausom okoli pravokotnika in čistih barv?,"Šolski dialogi z De Stijlom, nizozemskim gibanjem, obsedenim s pravokotnikom in čistimi barvami.","[""De Stijl"", ""kubizem"", ""Futurizem"", ""Art Nouveau""]",0,,,,,,
course_148_le_bauhaus,course_148_le_bauhaus_q4,mcq,Kateri slogan povzema filozofijo Bauhausa po njegovi postavitvi v Dessauu?,Bauhaus se je v Dessauu usmeril v množično proizvodnjo pod sloganom oblika sledi funkciji.,"[""Oblika sledi funkciji"", ""Umetnost zaradi umetnosti"", ""Manj oblike, več okraskov"", ""Lepota pred uporabnostjo""]",0,,,,,,
course_148_le_bauhaus,course_148_le_bauhaus_q5,mcq,"Kateri industrijski material reciklira Marcel Breuer, da izumi lahke stole?",Marcel Breuer reciklira jeklene cevi iz koles za ustvarjanje lahkih in modernih stolov.,"[""Jeklene cevi za kolesa"", ""Ukrivljen les starih foteljev"", ""Oblikovana plastika"", ""Aluminij za letalo""]",0,,,,,,
course_148_le_bauhaus,course_148_le_bauhaus_q6,trueFalse,Res ali ne: nacistični režim je leta 1933 zaprl Bauhaus in ga obtožil kulturnega boljševizma.,"Šolo, ki je veljala za preveč moderno in preveč levičarsko, so leta 1933 zaprli nacisti, obtoženi kulturnega boljševizma.","[""Prav"", ""Narobe""]",0,,,,,,
course_148_le_bauhaus,course_148_le_bauhaus_q7,mcq,"Kdo je vodil Bauhaus v Berlinu, tik preden so ga zaprli nacisti?","Mies van der Rohe je vodil Bauhaus med svojim obiskom v Berlinu, tik pred njegovim zaprtjem leta 1933.","[""Mies van der Rohe"", ""Walter Gropius"", ""Vasilij Kandinski"", ""Le Corbusier""]",0,,,,,,
course_148_le_bauhaus,course_148_le_bauhaus_q8,trueFalse,"Res ali ne: z zaprtjem Bauhausa je konec njegovega vpliva, ki s šolo izgine.","Nasprotno, izgnanstvo mojstrov Bauhausa v ZDA, Veliki Britaniji in Palestini je njegove ideje razširilo po vsem svetu.","[""Prav"", ""Narobe""]",1,,,,,,
course_148_le_bauhaus,course_148_le_bauhaus_q9,chronological,Postavite te faze v zgodovini Bauhausa v kronološki vrstni red.,"Ti trije mejniki (1919, 1925, 1933) prikazujejo ustanovitev v Weimarju, industrijski premik v Dessauu in nato zaprtje, ki je Bauhaus razširilo po vsem svetu.",,,"[""Ustanovitev Bauhausa v Weimarju"", ""Bauhaus se naseli v Dessauu in si prizadeva za množično proizvodnjo"", ""Šolo so zaprli nacisti""]",,,,,
course_149_la_joconde,course_149_la_joconde_q1,mcq,Kdo je naslikal Mona Lizo med letoma 1503 in 1519?,Leonardo da Vinci je portret začel slikati okoli leta 1503 v Firencah in ga retuširal do svoje smrti leta 1519.,"[""Leonardo da Vinci"", ""Michelangelo"", ""Rafael"", ""Tizian""]",0,,,,,,
course_149_la_joconde,course_149_la_joconde_q2,mcq,Kdo je naročil portret in kdo bi bil model?,"Sponzor je trgovec Francesco del Giocondo, model pa naj bi bila njegova žena Lisa Gherardini.","[""Trgovec Francesco del Giocondo, čigar žena Lisa Gherardini bi bila model"", ""Kralj Franc I., čigar sestra bi bila model"", ""Papež Julij II., čigar model je bila nečakinja"", ""Milanski vojvoda, čigar hči bi bila model""]",0,,,,,,
course_149_la_joconde,course_149_la_joconde_q3,mcq,"Katera Leonardova slikarska tehnika, narejena iz tankih nanosov, izbriše konture obraza?","Leonardian sfumato, zelo tanko plastene glazure, izbrišejo ostre linije in naredijo, da se obraz stopi v zraku.","[""Sfumato"", ""Freska"", ""Akvarel"", ""Tempera""]",0,,,,,,
course_149_la_joconde,course_149_la_joconde_q4,mcq,"Zakaj se zdi, da se nasmeh Mona Lise spreminja glede na to, kam pogledate?","Ko strmimo v oči, robovi mrežnice zaznavajo usta v mehkih sencah, zaradi česar se nasmeh pojavi ali izgine.","[""Igra se s perifernim vidom človeškega očesa"", ""Leonardo je sliko večkrat preslikal"", ""Gre za učinek laka, ki je nanesen na sliko"", ""Nasmeh se spreminja glede na osvetljenost prostora""]",0,,,,,,
course_149_la_joconde,course_149_la_joconde_q5,trueFalse,"Res ali ne: Leonardo da Vinci je svojemu sponzorju dostavil Mona Liso kmalu po tem, ko jo je dokončal.","Leonardo nikoli ne dostavi slike: obdrži jo, leta retušira in odnese s seboj v Francijo.","[""Prav"", ""Narobe""]",1,,,,,,
course_149_la_joconde,course_149_la_joconde_q6,mcq,Kdo je 21. avgusta 1911 ukradel Mona Liso?,"Vincenzo Peruggia, italijanski steklar, ki dela v Louvru, je ukradel sliko tako, da jo je skril pod svojo bluzo.","[""Vincenzo Peruggia, muzejski steklar"", ""Guillaume Apollinaire, pesnik"", ""Pablo Picasso, slikar"", ""Anonimni obiskovalec nikoli identificiran""]",0,,,,,,
course_149_la_joconde,course_149_la_joconde_q7,trueFalse,Res ali ne: pred krajo leta 1911 je Mona Lisa že veljala za delo številka ena v Louvru.,"V 19. stoletju je bila Mona Lisa občudovana, a še ne najbolj znano delo v Louvru; to je let, zaradi katerega je svetovno znan.","[""Prav"", ""Narobe""]",1,,,,,,
course_149_la_joconde,course_149_la_joconde_q8,numericSlider,"Katerega leta se je Mona Lisa, ukradena leta 1911, ponovno pojavila?",Slika se ponovno pojavi leta 1913 in se vrne v Louvre spremenjena v svetovno slavo.,,,,1913.0,1911.0,1920.0,1.0,
course_149_la_joconde,course_149_la_joconde_q9,chronological,Postavite te faze zgodbe o Moni Lisi v kronološki vrstni red.,"Ti mejniki (1503, 1519, 1911, 1913) prikazujejo nastanek portreta, Leonardovo smrt in nato krajo, ki je delo spremenila v svetovni mit.",,,"[""Leonardo začne portret v Firencah"", ""Smrt Leonarda da Vincija v Franciji"", ""Kraja Mona Lise v Peruggii"", ""Vrnitev slike v Louvre""]",,,,,
course_14_la_commune_de_paris_1871,course_14_la_commune_de_paris_1871_q1,numericSlider,"Koliko dni je trajala pariška komuna, od 18. marca do 28. maja 1871?","Komuna je vladala Parizu 72 dni, od 18. marca do 28. maja 1871.",,,,72.0,30.0,120.0,5.0,dni
course_14_la_commune_de_paris_1871,course_14_la_commune_de_paris_1871_q2,mcq,Kateri dogodek je neposredno sprožil upor 18. marca 1871?,"18. marca je Thiers hotel zaseči topove, shranjene na Montmartru, vendar se je množica pobratila z vojaki in Thiers je moral evakuirati Pariz.","[""Thiersov poskus zavzetja topov nacionalne garde na Montmartru"", ""Usmrtitev Napoleona III"", ""Požar v Louvru"", ""Prihod pruskih čet v Pariz""]",0,,,,,,
course_14_la_commune_de_paris_1871,course_14_la_commune_de_paris_1871_q3,trueFalse,Res ali ne: Pariška komuna se je rodila neposredno po francoskem porazu v francosko-pruski vojni.,"Ujetje Napoleona III. pri Sedanu in stradajoče obleganje Pariza sta ustvarila kontekst razpada, ki je pripeljal do komune.","[""Prav"", ""Narobe""]",0,,,,,,
course_14_la_commune_de_paris_1871,course_14_la_commune_de_paris_1871_q4,mcq,"Kdo vodi večinsko monarhistično skupščino, umaknjeno v Versailles?","Adolphe Thiers vodi to konservativno skupščino, ki je v odprtem konfliktu z uporniškim Parizom.","[""Adolphe Thiers"", ""Louise Michel"", ""Karl Marx"", ""Napoleon III""]",0,,,,,,
course_14_la_commune_de_paris_1871,course_14_la_commune_de_paris_1871_q5,mcq,Katere socialne ukrepe je uvedla Komuna v času svojega obstoja?,"Občinski svet nujno sprejema zakone s socialnimi ukrepi, kot je odpust najemnin.","[""Odpust najemnin in odprava nočnega dela za peke"", ""Uvedba dohodnine"", ""Prepoved časopisov"", ""Obnova monarhije""]",0,,,,,,
course_14_la_commune_de_paris_1871,course_14_la_commune_de_paris_1871_q6,mcq,Kateri simbol imperija komuna ruši?,"Vendômski steber, simbol Prvega cesarstva, je porušila komuna.","[""Stolpec Vendôme"", ""Slavolok zmage"", ""Panteon"", ""Eifflov stolp""]",0,,,,,,
course_14_la_commune_de_paris_1871,course_14_la_commune_de_paris_1871_q7,trueFalse,Res ali ne: v času komune je tribarvna zastava ostala uradni simbol Pariza.,"Rdeča zastava je med komuno postala uradni simbol Pariza in je nadomestila trobojnico, ki je bila preveč povezana s silami, ki so kapitulirale.","[""Prav"", ""Narobe""]",1,,,,,,
course_14_la_commune_de_paris_1871,course_14_la_commune_de_paris_1871_q8,mcq,"Kako se imenuje dokončna represija, ki uniči Komuno?",Od 21. do 28. maja 1871 so čete Versaillesa med Krvavim tednom zadušile vstajo.,"[""Krvavi teden"", ""Noč dolgih nožev"", ""Pokol na dan sv. Bartolomeja"", ""Teror""]",0,,,,,,
course_14_la_commune_de_paris_1871,course_14_la_commune_de_paris_1871_q9,chronological,Postavite te dogodke pariške komune v kronološki vrstni red.,"Te štiri etape potekajo od marca do maja 1871: vstaja, razglasitev komune, nato njen zlom med Krvavim tednom.",,,"[""Poskus zasega topov na Montmartru"", ""Razglasitev komune"", ""Začetek Krvavega tedna"", ""Zadnje bitke pri Père-Lachaise""]",,,,,
course_14_la_commune_de_paris_1871,course_14_la_commune_de_paris_1871_q10,numericSlider,Približno koliko ljudi umre med Krvavim tednom?,Število smrtnih žrtev Krvavega tedna je po ocenah med 10.000 in 30.000 smrtnih žrtev.,,,,20000.0,5000.0,50000.0,10000.0,mrtev
course_150_la_nuit_etoilee_van_gogh,course_150_la_nuit_etoilee_van_gogh_q1,mcq,Kje je Van Gogh leta 1889 naslikal Zvezdno noč?,Van Gogh je naslikal Zvezdno noč iz svoje sobe v azilu Saint-Paul-de-Mausole blizu Saint-Rémy-de-Provence.,"[""V azilu Saint-Paul-de-Mausole blizu Saint-Rémy-de-Provence"", ""V svoji pariški delavnici"", ""V Arlesu, z bratom Théom"", ""Na Nizozemskem, v njegovi rodni regiji""]",0,,,,,,
course_150_la_nuit_etoilee_van_gogh,course_150_la_nuit_etoilee_van_gogh_q2,mcq,Kateri dogodek je bil tik pred Van Goghovo internacijo v Saint-Rémyju?,"Po drami v Arlesu z Gauguinom, ki ga je stala del ušesa, je bil Van Gogh interniran v Saint-Paul-de-Mausole.","[""Drama Arlesa z Gauguinom, ki ga je stala del ušesa"", ""Smrt njegovega brata Théa"", ""Nesreča s kočijo"", ""Sojenje za dolg""]",0,,,,,,
course_150_la_nuit_etoilee_van_gogh,course_150_la_nuit_etoilee_van_gogh_q3,trueFalse,"Res ali ne: vas, prikazana v Zvezdni noči, je natančna kopija pokrajine, vidne iz Van Goghovega okna.","Van Gogh združuje opazovanje in invencijo: pokrajino in vas rekonstruira tako, da služi čustvom, namesto da natančno kopira realnost.","[""Prav"", ""Narobe""]",1,,,,,,
course_150_la_nuit_etoilee_van_gogh,course_150_la_nuit_etoilee_van_gogh_q4,mcq,Katera slikarska tehnika daje nebu v Zvezdni noči skoraj izklesan videz?,"Van Gogh uporablja impasto, gosto, skoraj izklesano barvo, da bi olajšal vrtinčasto nebo.","[""Impasto"", ""Sfumato"", ""Akvarel"", ""Freska""]",0,,,,,,
course_150_la_nuit_etoilee_van_gogh,course_150_la_nuit_etoilee_van_gogh_q5,mcq,Katero japonsko delo je navdihnilo velike zvitke neba v Zvezdni noči?,"Vrtinci neba spominjajo na dinamiko Velikega vala pri Kanagavi, japonski grafiki, ki jo je Van Gogh občudoval.","[""Veliki val pri Kanagawi"", ""Pogled na goro Fudži iz Kjota"", ""Sto pogledov na Edo"", ""Lepote Yoshiwara""]",0,,,,,,
course_150_la_nuit_etoilee_van_gogh,course_150_la_nuit_etoilee_van_gogh_q6,trueFalse,Res ali ne: Van Gogh je bil slaven in priznan že v času svojega življenja.,Van Gogh je leta 1890 umrl skoraj neznan; po njegovi smrti je njegova svakinja Johanna van Gogh-Bonger razglasila njegovo delo.,"[""Prav"", ""Narobe""]",1,,,,,,
course_150_la_nuit_etoilee_van_gogh,course_150_la_nuit_etoilee_van_gogh_q7,mcq,Kdo rešuje Van Goghovo delo po njegovi smrti z organizacijo razstav in publikacij?,"Johanna van Gogh-Bonger, Van Goghova svakinja, je njegovo delo rešila z razstavami, prodajami in objavami njegovih pisem.","[""Njegova svakinja, Johanna van Gogh-Bonger"", ""Njegov brat Théo"", ""Paul Gauguin"", ""Muzej Louvre""]",0,,,,,,
course_150_la_nuit_etoilee_van_gogh,course_150_la_nuit_etoilee_van_gogh_q8,numericSlider,V kateri starosti je Van Gogh umrl leta 1890?,"Van Gogh je umrl julija 1890 v Auvers-sur-Oise, star 37 let, skoraj neznan.",,,,37.0,20.0,60.0,2.0,let
course_150_la_nuit_etoilee_van_gogh,course_150_la_nuit_etoilee_van_gogh_q9,chronological,Postavite ta obdobja Van Goghovega življenja v kronološki vrstni red.,"Ti mejniki (1888, 1889, 1890) spremljajo krizo z Gauguinom, ustvarjanje Zvezdne noči iz azila in nato umetnikovo smrt.",,,"[""Drama Arlesa z Gauguinom"", ""Van Gogh naslika Zvezdno noč v Saint-Rémyju"", ""Smrt Van Gogha v Auvers-sur-Oise""]",,,,,
course_151_guernica_picasso,course_151_guernica_picasso_q1,mcq,Kateri dogodek leta 1937 je Picassa spodbudil k slikanju Guernice?,"26. aprila 1937 je bilo med špansko državljansko vojno bombardirano baskovsko mesto Guernica, zaradi česar je Picasso reagiral z ogromnim platnom.","[""Bombardiranje baskovskega mesta Guernica"", ""Padec Madrida"", ""Začetek druge svetovne vojne"", ""Francova usmrtitev""]",0,,,,,,
course_151_guernica_picasso,course_151_guernica_picasso_q2,mcq,Zakaj se je Picasso za to sliko odrekel barvi?,"Picasso opusti barvo, da bi se držal nujnosti pričevanja, kot da bi naslovnico časopisa slikal črno-belo.","[""Držati se nujnosti pričevanja, kot naslovnice časopisa"", ""Ker mu je zmanjkalo barvne barve"", ""Izpolnjevanje ukaza španske vlade"", ""S posnemanjem analitičnega kubizma""]",0,,,,,,
course_151_guernica_picasso,course_151_guernica_picasso_q3,trueFalse,Res ali ne: Guernica prikazuje junaško bitko z zmagovitimi vojaki.,"Guernica prikazuje slovnico civilnega terorja, razmršenega konja in matere z otrokom, ne pa junaške bitke.","[""Prav"", ""Narobe""]",1,,,,,,
course_151_guernica_picasso,course_151_guernica_picasso_q4,mcq,Katera stran je podpirala bombardiranje Guernice med špansko državljansko vojno?,Nasičeno bombardiranje Guernice izvajajo Francovi nacionalisti ob podpori nemške legije Kondor.,"[""Francovi nacionalisti, ki jim je pomagala nemška legija Kondor"", ""Samo Druga španska republika"", ""Mednarodne brigade"", ""Francoska vlada""]",0,,,,,,
course_151_guernica_picasso,course_151_guernica_picasso_q5,trueFalse,"Res ali ne: Picasso ni dovolil, da bi Guernico poslali v Španijo, dokler je Franco ostal na oblasti.","Picasso pravzaprav ni dovolil, da bi slika dosegla Španijo, dokler je Franco ostal na oblasti.","[""Prav"", ""Narobe""]",0,,,,,,
course_151_guernica_picasso,course_151_guernica_picasso_q6,numericSlider,Katerega leta se je Guernica po Francovi smrti vrnila v Španijo?,"Slika se je v Madrid vrnila leta 1981, po koncu Francove diktature.",,,,1981.0,1960.0,2000.0,3.0,
course_151_guernica_picasso,course_151_guernica_picasso_q7,mcq,Kje je bila slika zaščitena med večjim delom Francove diktature?,"Po univerzalni razstavi v Parizu je slika dolgo ostala v MoMA v New Yorku, zaščitena v času Francove diktature.","[""V MoMA v New Yorku"", ""V pariškem Louvru"", ""V Pradu v Madridu"", ""V Narodni galeriji v Londonu""]",0,,,,,,
course_151_guernica_picasso,course_151_guernica_picasso_q8,chronological,Postavite te faze zgodbe o Guernici v kronološki vrstni red.,"Slika je bila naslikana po bombardiranju aprila 1937, prikazana na univerzalni razstavi v Parizu istega leta, nato pa je bila izgnana v MoMA, preden se je leta 1981 vrnila v Madrid.",,,"[""Bombardiranje baskovskega mesta Guernica"", ""Pariška univerzalna razstava predstavlja sliko"", ""Delo hrani MoMA v New Yorku"", ""Po Francovi smrti se slika vrne v Madrid""]",,,,,
course_152_la_liberte_guidant_le_peuple_delacroix,course_152_la_liberte_guidant_le_peuple_delacroix_q1,mcq,Kateri dogodek leta 1830 je Delacroixa spodbudil k slikanju te slike?,"Leta 1830 so Trije Glorieuse pregnali kralja Karla X. in Delacroix je takoj naslikal Svobodo, ki vodi ljudstvo.","[""Tri čudovita dekleta, ki so lovila Charlesa"", ""Napad na Bastiljo"", ""Napoleonovo kronanje"", ""Pariška komuna""]",0,,,,,,
course_152_la_liberte_guidant_le_peuple_delacroix,course_152_la_liberte_guidant_le_peuple_delacroix_q2,mcq,"Katero umetniško gibanje uteleša ta slika, ki meša alegorijo in poročanje?","V tej sliki se mešata alegorija in reportaža, to je romantika na delu.","[""romantika"", ""klasicizem"", ""Impresionizem"", ""Simbolika""]",0,,,,,,
course_152_la_liberte_guidant_le_peuple_delacroix,course_152_la_liberte_guidant_le_peuple_delacroix_q3,mcq,Kaj simbolizira ženska s frigijsko kapo v središču slike?,"Ženska s frigijsko kapo pooseblja Marianne, simbol Francoske republike.","[""Marianne, alegorija republike"", ""Devica Marija"", ""Boginja Atena"", ""Kraljica Marija Antoineta""]",0,,,,,,
course_152_la_liberte_guidant_le_peuple_delacroix,course_152_la_liberte_guidant_le_peuple_delacroix_q4,trueFalse,"Res ali ne: svoboda je na sliki predstavljena kot oddaljena boginja, ločena od ljudi.","Svoboda, golih prsi, ni oddaljena boginja: z ljudmi hodi po blatu.","[""Prav"", ""Narobe""]",1,,,,,,
course_152_la_liberte_guidant_le_peuple_delacroix,course_152_la_liberte_guidant_le_peuple_delacroix_q5,mcq,"Kaj postavlja Delacroix v ospredje, da pokaže ceno upora?",Delacroix postavlja trupla v ospredje: zmaga ima svojo ceno.,"[""Mrtva telesa"", ""Rože"", ""Vojaki na paradi"", ""Zgradbe v ognju""]",0,,,,,,
course_152_la_liberte_guidant_le_peuple_delacroix,course_152_la_liberte_guidant_le_peuple_delacroix_q6,trueFalse,"Res ali ne: Delacroix naj bi izjavil, da se je lotil ""sodobne teme, barikade"".","Delacroix bi izjavil, da se je lotil moderne teme, barikade.","[""Prav"", ""Narobe""]",0,,,,,,
course_152_la_liberte_guidant_le_peuple_delacroix,course_152_la_liberte_guidant_le_peuple_delacroix_q7,mcq,Zakaj je bila slika po Salonu umaknjena s tirnic slik?,"Slika, ki je bila razstavljena na Salonu, je hitro zmotila Louis-Philippe d'Orléans, novega kralja, ki jo je dal odstraniti.","[""Moti novega kralja Ludvika Filipa Orléanskega"", ""Velja za preslabo pobarvano"", ""Delacroix ga je sam odstranil iz vraževerja"", ""Prodano tujemu zbiratelju""]",0,,,,,,
course_152_la_liberte_guidant_le_peuple_delacroix,course_152_la_liberte_guidant_le_peuple_delacroix_q8,mcq,Kateri politični režim je pravkar strmoglavila revolucija leta 1830?,"Burbonska restavracija, ki je razočarala, je bila strmoglavljena v treh dneh upora v Parizu.","[""Obnova Bourbonov"", ""Prvo cesarstvo"", ""Tretja republika"", ""Imenik""]",0,,,,,,
course_152_la_liberte_guidant_le_peuple_delacroix,course_152_la_liberte_guidant_le_peuple_delacroix_q9,mcq,Kateri družbeni tipi se mešajo okrog Svobode v skladbi?,"Okoli Marianne se družijo delavec, meščan in otrok, ki je blizu bodočemu Gavrocheju, ter združujejo razrede v uporu.","[""Delavec, meščan in otrok blizu Gavrocheju"", ""Samo poklicni vojaki"", ""Aristokrati v dvornih oblačilih"", ""Osamljeni kmetje na podeželju""]",0,,,,,,
course_153_la_creation_d_adam_michel_ange,course_153_la_creation_d_adam_michel_ange_q1,mcq,Kdo je Michelangelu naročil slikanje stropne freske Sikstinske kapele?,Papež Julij II. je želel veličasten strop in Michelangelu naložil red.,"[""Papež Julij II"", ""Papež Leon X"", ""Kralj Frančišek I"", ""Beneški dož""]",0,,,,,,
course_153_la_creation_d_adam_michel_ange,course_153_la_creation_d_adam_michel_ange_q2,trueFalse,"Res ali ne: Michelangelo, predvsem kipar, je takoj in brez oklevanja sprejel naročilo za strop.","Michelangelo, predvsem kipar, je najprej protestiral, preden je sprejel naročilo.","[""Prav"", ""Narobe""]",1,,,,,,
course_153_la_creation_d_adam_michel_ange,course_153_la_creation_d_adam_michel_ange_q3,numericSlider,Katerega leta je Michelangelo dokončal strop Sikstinske kapele?,Michelangelo je med letoma 1508 in 1512 poslikal strop Sikstinske kapele in leta 1512 dokončal delo.,,,,1512.0,1480.0,1550.0,3.0,
course_153_la_creation_d_adam_michel_ange,course_153_la_creation_d_adam_michel_ange_q4,mcq,"Katera slikovna tehnika zahteva slikanje na še svež premaz, kot je pri tem stropu?","Freska zahteva slikanje na svežem ometu, kar Michelangelu nalaga naporen tempo dela.","[""Freska"", ""Oljna slika"", ""Mozaik"", ""Akvarel""]",0,,,,,,
course_153_la_creation_d_adam_michel_ange,course_153_la_creation_d_adam_michel_ange_q5,mcq,"Kaj pravi celoten Sikstinski strop, od katerega je Stvarjenje Adama le ena plošča?","Celoten strop pripoveduje zgodbo o Genezi, Stvarjenje Adama pa je le najbolj fotografirana plošča.","[""Geneza"", ""Kristusovo življenje"", ""Rimska mitologija"", ""Zgodovina starega Rima""]",0,,,,,,
course_153_la_creation_d_adam_michel_ange,course_153_la_creation_d_adam_michel_ange_q6,mcq,Kaj ustvarja osrednjo vizualno napetost med Bogom in Adamom?,"Prostor med obema kazalcema ustvarja napetost: Adam se skoraj dotakne Boga, a vrzel ostaja.","[""Prostor, ki ločuje njuna dva kazalca, ne da bi se dotikala"", ""Žarek božanske svetlobe"", ""Angel, ki ju fizično loči"", ""Tančica, ki skriva njihove roke""]",0,,,,,,
course_153_la_creation_d_adam_michel_ange,course_153_la_creation_d_adam_michel_ange_q7,mcq,Kako so Michelangelove študije anatomije vplivale na njegovo slikanje teles?,"Njegove študije anatomije, ki so blizu disekciji, dajejo naslikanim mišicam redko resnico.","[""Mišicam dajejo redko resnico, blizu disekcije"", ""Pritiskajo ga k slikanju teles, ki so vedno zagrnjena"", ""Odmaknejo ga od upodobitve človeškega telesa"", ""Nimajo vpliva na njegov slikovni slog""]",0,,,,,,
course_153_la_creation_d_adam_michel_ange,course_153_la_creation_d_adam_michel_ange_q8,trueFalse,"Res ali ne: teorija, da je Božji plašč oblikovan kot možgani, je zdaj znanstveno dokazana.","Ta teorija plašča v obliki možganov ostaja privlačna, a nedokazana sodobna hipoteza.","[""Prav"", ""Narobe""]",1,,,,,,
course_153_la_creation_d_adam_michel_ange,course_153_la_creation_d_adam_michel_ange_q9,mcq,Zakaj je bilo Michelangelovo delo na tem stropu fizično zahtevno?,Michelangelo je več mesecev delal leže pod obokom in njegova pisma pričajo o tem fizičnem trpljenju.,"[""Več mesecev mora slikati leže, s sklonjenim hrbtom"", ""Delati mora ponoči ob soju sveč"", ""Slika stoje na lestvi brez počitka"", ""Sam mora prepeljati pigmente iz Firenc""]",0,,,,,,
course_154_impression_soleil_levant_monet,course_154_impression_soleil_levant_monet_q1,mcq,"Kje je Monet naslikal prizor, prikazan v Impression, Soleil Levant?",Monet je naslikal pristanišče Le Havre zgodaj zjutraj okoli leta 1872.,"[""Pristanišče Le Havre"", ""Pristanišče Marseille"", ""Sena v Parizu"", ""Neapeljski zaliv""]",0,,,,,,
course_154_impression_soleil_levant_monet,course_154_impression_soleil_levant_monet_q2,mcq,Kdo je s posmehom slike leta 1874 nehote dal ime impresionizmu?,Kritik Louis Leroy se je leta 1874 iz slike norčeval in jo kljub temu krstil za impresionizem.,"[""Kritik Louis Leroy"", ""Slikar Édouard Manet"", ""Trgovec Paul Durand-Ruel"", ""Fotograf Nadar""]",0,,,,,,
course_154_impression_soleil_levant_monet,course_154_impression_soleil_levant_monet_q3,trueFalse,Res ali ne: slika je bila predstavljena na Uradnem slikarskem salonu leta 1874.,"Slika je bila razstavljena v Nadarju leta 1874, zunaj uradnega Salona.","[""Prav"", ""Narobe""]",1,,,,,,
course_154_impression_soleil_levant_monet,course_154_impression_soleil_levant_monet_q4,mcq,Kaj skuša Monet predvsem ujeti na tej sliki?,"Glavna stvar ni Dokumentarni zavetje, ampak oranžno vibriranje v sivi megli.","[""Svetlobna vibracija trenutka, več kot dokumentarna podrobnost pristanišča"", ""Natančna zgodovinska rekonstrukcija pristanišča"", ""Portret ladjedelniških delavcev"", ""Turistična razglednica iz Le Havra""]",0,,,,,,
course_154_impression_soleil_levant_monet,course_154_impression_soleil_levant_monet_q5,numericSlider,"Katerega leta je bila slika razstavljena pri Nadarju, kar je povzročilo škandal, po katerem je gibanje dobilo ime?","Slika je bila razstavljena v Nadarju leta 1874, kjer je bil Louis Leroy ironičen glede njenega naslova.",,,,1874.0,1850.0,1900.0,3.0,
course_154_impression_soleil_levant_monet,course_154_impression_soleil_levant_monet_q6,mcq,"Kdo finančno podpira Moneta, ko francoska javnost še vedno okleva glede njegove slike?","Trgovec Paul Durand-Ruel je podpiral Moneta, ko je francoska javnost še oklevala.","[""Trgovec Paul Durand-Ruel"", ""Papež Pij IX"", ""Francoska država"", ""Angleški kralj""]",0,,,,,,
course_154_impression_soleil_levant_monet,course_154_impression_soleil_levant_monet_q7,trueFalse,Res ali ne: leta 2014 je nekemu astrofiziku uspelo natančno datirati prizor na sliki s pomočjo plimovanja in položaja sonca.,"Leta 2014 je astrofizik prizor datiral na 13. november 1872 okoli 7.35 zjutraj, zahvaljujoč plimovanju in soncu.","[""Prav"", ""Narobe""]",0,,,,,,
course_154_impression_soleil_levant_monet,course_154_impression_soleil_levant_monet_q8,mcq,"Kaj je Monet naslikal sredi industrializacije pristanišča, daleč od idealizirane mornarice?","Monet je naslikal dimnike, ladje in meglo pristanišča Le Havre v polni industrializaciji.","[""Dimniki, ladje in megla"", ""Ribiči v narodni noši"", ""Zapuščene pečine"", ""Starodavne jadrnice""]",0,,,,,,
course_155_nighthawks_hopper,course_155_nighthawks_hopper_q1,mcq,Kateri zgodovinski dogodek je bil tik pred dokončanjem Nighthawkov leta 1942?,"Slika je bila dokončana kmalu po napadu na Pearl Harbor, ko je država vstopila v vojno.","[""Napad na Pearl Harbor"", ""Izkrcanje v Normandiji"", ""Konec prve svetovne vojne"", ""Kriza leta 1929""]",0,,,,,,
course_155_nighthawks_hopper,course_155_nighthawks_hopper_q2,mcq,Kaj Hopper prikazuje Ameriko v vojni namesto bojnih prizorov?,"Hopper prikazuje čustveno ozadje: nespečnost, vroča kava, tišina.","[""Čustveno zaledje, sestavljeno iz nespečnosti in tišine"", ""Vojaki v boju"", ""Tovarne orožja v polnem obratovanju"", ""Domoljubne parade""]",0,,,,,,
course_155_nighthawks_hopper,course_155_nighthawks_hopper_q3,trueFalse,"Res ali ne: Restavracija, ki jo je naslikal Hopper, ima jasno vidna vrata, ki se odpirajo na ulico.","Okrepčevalnica nima vidnih vrat, zaradi česar je prostor osvetljen, izpostavljen in odmaknjen hkrati.","[""Prav"", ""Narobe""]",1,,,,,,
course_155_nighthawks_hopper,course_155_nighthawks_hopper_q4,mcq,"Kdo je bil Hopper učenec, preden je razvil svoj osebni slog?","Hopper je bil učenec Roberta Henrija, preden je s svojo hladno jasnostjo slikal motele, bencinske črpalke in okna.","[""Robert Henri"", ""Pablo Picasso"", ""Claude Monet"", ""Salvador Dalí""]",0,,,,,,
course_155_nighthawks_hopper,course_155_nighthawks_hopper_q5,mcq,Kako Hopper sestavlja svoje prizore glede na potek?,"Hopper gradi prizore kot filmske kulise, z ostrimi koti in liki, ki so odrezani drug od drugega.","[""Kot filmski prizorišči, z ostrimi koti in liki, odrezanimi drug od drugega"", ""Kot preobremenjene verske freske"", ""Kot abstraktni kolaži brez figuralike"", ""Kot politične karikature""]",0,,,,,,
course_155_nighthawks_hopper,course_155_nighthawks_hopper_q6,trueFalse,Res ali ne: Hopperja je za slikanje te restavracije navdihnila prava restavracija v Greenwich Villageu.,"Hopper je dejal, da je navdih dobil v restavraciji Greenwich Village, poenostavljeno do bistvenega.","[""Prav"", ""Narobe""]",0,,,,,,
course_155_nighthawks_hopper,course_155_nighthawks_hopper_q7,mcq,Kateri režiserji so kasneje reciklirali svetlobo in samoto Nighthawkov?,Ridley Scott in Wim Wenders sta med drugim reciklirala neonsko svetlobo in samoto slike.,"[""Ridley Scott in Wim Wenders"", ""Alfred Hitchcock in Charlie Chaplin"", ""Steven Spielberg in George Lucas"", ""Federico Fellini in Ingmar Bergman""]",0,,,,,,
course_155_nighthawks_hopper,course_155_nighthawks_hopper_q8,numericSlider,Katerega leta je Hopper dokončal Nighthawks?,"Edward Hopper je dokončal Nighthawks leta 1942, kmalu po vstopu Združenih držav v vojno.",,,,1942.0,1900.0,1970.0,3.0,
course_156_les_demoiselles_d_avignon_picasso,course_156_les_demoiselles_d_avignon_picasso_q1,mcq,V katerem mestu je Picasso leta 1907 naslikal Les Demoiselles d'Avignon?,"Picasso je delal v Bateau-Lavoirju na Montmartru, kjer je leta 1907 dokončal sliko.","[""Pariz (Montmartre)"", ""Barcelona"", ""Madrid"", ""London""]",0,,,,,,
course_156_les_demoiselles_d_avignon_picasso,course_156_les_demoiselles_d_avignon_picasso_q2,mcq,Od kod izvira naziv Demoiselles d’Avignon?,"Naslov se nanaša na ulico v Barceloni, povezano s prostitucijo.","[""Iz ulice v Barceloni, povezane s prostitucijo"", ""Iz vasi na jugu Francije"", ""Iz imena glavnega modela"", ""Iz naročila mesta Avignon""]",0,,,,,,
course_156_les_demoiselles_d_avignon_picasso,course_156_les_demoiselles_d_avignon_picasso_q3,trueFalse,"Res ali ne: slika predstavlja akte po klasičnem grškem idealu, mehke in harmonične.","Akt ni več grški ideal: je frontalen in moteč, ruši klasično mimezo.","[""Prav"", ""Narobe""]",1,,,,,,
course_156_les_demoiselles_d_avignon_picasso,course_156_les_demoiselles_d_avignon_picasso_q4,mcq,Kaj navdihuje zamaskirana obraza obeh figur na desni?,Obrazi na desni se zgledujejo po zgodnji afriški in iberski umetnosti v primitivistični logiki.,"[""Zgodnja afriška in iberska umetnost"", ""Beneško renesančno slikarstvo"", ""Bizantinske ikone"", ""Japonska umetnost ukiyo-e""]",0,,,,,,
course_156_les_demoiselles_d_avignon_picasso,course_156_les_demoiselles_d_avignon_picasso_q5,trueFalse,"Res ali ne: Picasso je to sliko naslikal naenkrat, brez kakršnega koli pripravljalnega študija.","Pred platnom je na desetine študij: Picasso okleva, popravlja in utrjuje svojo kompozicijo.","[""Prav"", ""Narobe""]",1,,,,,,
course_156_les_demoiselles_d_avignon_picasso,course_156_les_demoiselles_d_avignon_picasso_q6,mcq,Katero umetniško gibanje naznanja ta slika s svojimi fasetnimi oblikami?,Faseti slike napovedujejo analitični kubizem.,"[""Analitični kubizem"", ""Impresionizem"", ""Nadrealizem"", ""romantika""]",0,,,,,,
course_156_les_demoiselles_d_avignon_picasso,course_156_les_demoiselles_d_avignon_picasso_q7,mcq,Kako so se Picassovi bližnji odzvali na odkritje slike?,"Tudi tisti, ki so Picassu blizu, so šokirani, saj je mimezis, nežno posnemanje realnosti, mrtev.","[""Šokirani so"", ""Takoj zaploskajo delu"", ""Popolnoma ga ignorirajo"", ""Zdi se jim preveč akademsko""]",0,,,,,,
course_156_les_demoiselles_d_avignon_picasso,course_156_les_demoiselles_d_avignon_picasso_q8,mcq,"Kateri slikar, najprej osupel nad delom, se je nato pridružil Picassu v kubistični dekonstrukciji prostora?","Braque, sprva osupel, se je kmalu pridružil Picassu pri kubistični dekonstrukciji prostora.","[""George Braque"", ""Henri Matisse"", ""Marc Chagall"", ""Fernand Léger""]",0,,,,,,
course_156_les_demoiselles_d_avignon_picasso,course_156_les_demoiselles_d_avignon_picasso_q9,numericSlider,Katerega leta je Picasso dokončal Les Demoiselles d'Avignon?,Picasso je sliko dokončal leta 1907 na Montmartru.,,,,1907.0,1880.0,1930.0,3.0,
course_157_la_persistance_de_la_memoire_dali,course_157_la_persistance_de_la_memoire_dali_q1,mcq,"Kje je prizorišče slike, navdihnjene z resničnim krajem, kjer je Dalí živel?","Prizorišče spominja na Cap de Creus in Port Lligat v Kataloniji, kjer Dalí živi z Galo.","[""Cap de Creus, Katalonija"", ""Puščava Sahara"", ""Švicarske Alpe"", ""Francoska Provansa""]",0,,,,,,
course_157_la_persistance_de_la_memoire_dali,course_157_la_persistance_de_la_memoire_dali_q2,mcq,Kaj simbolizirajo mehke ure na sliki?,Ure ponazarjajo počasen čas: doživeti čas ni čas ure.,"[""Notranji čas, doživet, drugačen od časa, ki ga merijo ure"", ""Znanstvena natančnost časa"", ""Dalijevo materialno bogastvo"", ""Minevanje letnih časov""]",0,,,,,,
course_157_la_persistance_de_la_memoire_dali,course_157_la_persistance_de_la_memoire_dali_q3,trueFalse,Res ali ne: Dalí slika te nemogoče prizore z namenoma grobo in površno tehniko.,"Dalí slika nemogoče z renesančnim zaključkom, zaradi česar je podoba verjetna in moteča.","[""Prav"", ""Narobe""]",1,,,,,,
course_157_la_persistance_de_la_memoire_dali,course_157_la_persistance_de_la_memoire_dali_q4,mcq,"Kako Dalí sam opisuje, kar slika?","Dalí trdi, da slika ""sanjske fotografije"", pri čemer meša resnični in nezavedni dekor.","[""“Sanjske fotografije”"", ""\""Nočne more brez glave in repa\"""", ""\""Znanstvene študije časa\"""", ""\""Poklon italijanski renesansi\""""]",0,,,,,,
course_157_la_persistance_de_la_memoire_dali,course_157_la_persistance_de_la_memoire_dali_q5,trueFalse,"Res ali ne: Dalí je trdil, da ga je navdihnil preveč izdelan Camembert, da si je zamislil mehke ure.","Dalí je trdil, da ga je navdihnil preveč narejen Camembert, nekje med šalo in metodo.","[""Prav"", ""Narobe""]",0,,,,,,
course_157_la_persistance_de_la_memoire_dali,course_157_la_persistance_de_la_memoire_dali_q6,mcq,"Katera ameriška ustanova je pridobila sliko, kar je prispevalo k njeni svetovni slavi?","Delo je pridobila MoMA, kar mu je pomagalo pri vstopu v popularno kulturo.","[""MoMA"", ""Metropolitanski muzej"", ""Narodna galerija"", ""Guggenheim""]",0,,,,,,
course_157_la_persistance_de_la_memoire_dali,course_157_la_persistance_de_la_memoire_dali_q7,mcq,S kom je Dalí živel v Port Lligatu v Kataloniji v času nastanka slike?,Dalí je nato živel z Galo v Port Lligatu v Kataloniji.,"[""Gala"", ""Frida Kahlo"", ""Amanda Lear"", ""Coco Chanel""]",0,,,,,,
course_157_la_persistance_de_la_memoire_dali,course_157_la_persistance_de_la_memoire_dali_q8,numericSlider,Katerega leta je Dalí naslikal Obstojnost spomina?,Dalí je sliko naslikal leta 1931.,,,,1931.0,1900.0,1960.0,3.0,
course_158_la_tragedie_grecque_et_le_theatre_antiqu,course_158_la_tragedie_grecque_et_le_theatre_antiqu_q1,mcq,"Kdo financira uprizarjanje grških tragedij, skozi koreografijo?",Bogat državljan financira predstavo: to je choregy.,"[""Bogat meščan"", ""Rimska država"", ""Veliki duhovnik templja"", ""Sami igralci""]",0,,,,,,
course_158_la_tragedie_grecque_et_le_theatre_antiqu,course_158_la_tragedie_grecque_et_le_theatre_antiqu_q2,mcq,V kakšnem verskem in državljanskem okviru se dogaja grška tragedija?,"Dionizije, prazniki Dioniza, organizirajo tekmovanja, kjer se rodi tragedija.","[""Dionizije, prazniki v čast Dionizu"", ""Olimpijske igre"", ""Javni pogrebi"", ""Kraljeve poroke""]",0,,,,,,
course_158_la_tragedie_grecque_et_le_theatre_antiqu,course_158_la_tragedie_grecque_et_le_theatre_antiqu_q3,mcq,"Kako se imenuje eksces, ki potiska tragičnega junaka proti propadu?","Tragični junak se pogosto vda hibrisu, ekscesu, ki kljubuje redu.","[""Hubris"", ""Katarza"", ""choregy"", ""Mimeza""]",0,,,,,,
course_158_la_tragedie_grecque_et_le_theatre_antiqu,course_158_la_tragedie_grecque_et_le_theatre_antiqu_q4,mcq,Kakšen učinek ima po Aristotelu tragedija na gledalca?,"Po Aristotelu tragedija povzroči katarzo, očiščenje skozi usmiljenje in grozo.","[""Katarza, očiščenje skozi usmiljenje in grozo"", ""Preprosta zabava brez moralnega učinka"", ""Postopno uspavanje"", ""Trajna jeza proti mestu""]",0,,,,,,
course_158_la_tragedie_grecque_et_le_theatre_antiqu,course_158_la_tragedie_grecque_et_le_theatre_antiqu_q5,trueFalse,"Res ali ne: atenska javnost je na splošno odkrila popolnoma neznano zaroto, ne da bi vnaprej poznala mit.","Javnost pogosto pozna mit: zanimanje ni zasuk, ampak način povedanega.","[""Prav"", ""Narobe""]",1,,,,,,
course_158_la_tragedie_grecque_et_le_theatre_antiqu,course_158_la_tragedie_grecque_et_le_theatre_antiqu_q6,mcq,"Katera odrska naprava je omogočila, da je boga spustil žerjav, da je rešil zaplet?","Deus ex machina je z žerjavom spustil boga, da bi rešil zaplet.","[""Deus ex machina"", ""Pevski zbor"", ""choregy"", ""Tragična maska""]",0,,,,,,
course_158_la_tragedie_grecque_et_le_theatre_antiqu,course_158_la_tragedie_grecque_et_le_theatre_antiqu_q7,mcq,Kaj zbor počne med nastopom?,"Zbor poje, pleše in komentira dogajanje skozi igro.","[""Poje, pleše in komentira dogajanje"", ""Ostaja miren in tih"", ""Zamenja glavne igralce"", ""Izbere zmagovalca natečaja""]",0,,,,,,
course_158_la_tragedie_grecque_et_le_theatre_antiqu,course_158_la_tragedie_grecque_et_le_theatre_antiqu_q8,trueFalse,"Res ali ne: Ajshil, Sofoklej in Evripid so vsak prinesli drugačen razvoj tragedije.","Ajshil dodaja igralce, Sofoklej izpopolnjuje psihologijo, Evripid moti gotovosti.","[""Prav"", ""Narobe""]",0,,,,,,
course_159_le_theatre_de_shakespeare,course_159_le_theatre_de_shakespeare_q1,mcq,Za kakšno občinstvo je Shakespeare predvsem pisal svoje igre?,"Shakespeare je pisal za londonski oder, ne za šolo, pred priljubljenim občinstvom.","[""Priljubljeno občinstvo londonskega gledališča"", ""Samo tuji kraljevi dvori"", ""Univerzi Oxford in Cambridge"", ""Anglikanska cerkev""]",0,,,,,,
course_159_le_theatre_de_shakespeare,course_159_le_theatre_de_shakespeare_q2,mcq,"Kako se imenuje gledališče na prostem, kjer igra Shakespearova skupina?","Z možem Lord Chamberlain's Shakespeare igra v gledališču Globe, krožku na prostem.","[""Gledališče Globe"", ""Stari Vic"", ""Royal Albert Hall"", ""Drury Lane""]",0,,,,,,
course_159_le_theatre_de_shakespeare,course_159_le_theatre_de_shakespeare_q3,mcq,Kdo so prizemljeni v gledališču Globe?,Prizemljeni plačajo malo in ostanejo stati blizu odra.,"[""Manj premožni gledalci, ki ostanejo stati ob odru"", ""Glavni igralci skupine"", ""Glasbeniki orkestra"", ""Kraljevsko gledališče cenzurira""]",0,,,,,,
course_159_le_theatre_de_shakespeare,course_159_le_theatre_de_shakespeare_q4,trueFalse,"Res ali ne: Shakespeare piše svoje igre v rimani prozi, brez običajnega metra.","Shakespeare pogosto piše v praznem verzu, nerimanem jambskem pentametru.","[""Prav"", ""Narobe""]",1,,,,,,
course_159_le_theatre_de_shakespeare,course_159_le_theatre_de_shakespeare_q5,mcq,"Zahvaljujoč kateri zbirki, ki je izšla po njegovi smrti, je do nas prišlo več Shakespearovih dram?","Več del je prišlo do nas šele po zaslugi prvega folija iz leta 1623, ki je bil objavljen po njegovi smrti.","[""Prvi folij iz leta 1623"", ""Soneti iz leta 1609"", ""Knjiga kraljev"", ""Diderotova enciklopedija""]",0,,,,,,
course_159_le_theatre_de_shakespeare,course_159_le_theatre_de_shakespeare_q6,mcq,Kje Shakespeare pogosto dobi snov za svoje spletke?,"Reciklira kronike, italijanske kratke zgodbe in stare komade; njegova izvirnost je v jeziku in likih.","[""Iz kronik, italijanskih kratkih zgodb in že obstoječih starodavnih del"", ""Iz čistega osebnega izuma brez kakršnega koli vira"", ""Iz svojih sanj, po svojih beležnicah"", ""Naročila angleškega kralja""]",0,,,,,,
course_159_le_theatre_de_shakespeare,course_159_le_theatre_de_shakespeare_q7,trueFalse,"Res ali ne: Shakespeare v isti igri pogosto meša komično in tragično, na primer skozi lik norca, ki govori resnico.","Komedije in tragedije se pri Shakespearu med seboj odzivajo: norec pove resnico, kralj znori.","[""Prav"", ""Narobe""]",0,,,,,,
course_159_le_theatre_de_shakespeare,course_159_le_theatre_de_shakespeare_q8,numericSlider,Katerega leta je Shakespeare umrl?,William Shakespeare je umrl leta 1616.,,,,1616.0,1550.0,1650.0,3.0,
course_15_la_belle_epoque_1871_1914,course_15_la_belle_epoque_1871_1914_q1,mcq,Kaj pomeni Belle Époque med letoma 1871 in 1914?,"Belle Époque sega od konca francosko-pruske vojne (1871) do izbruha prve svetovne vojne (1914), obdobja, ko so ljudje verjeli v znanost in napredek.","[""Obdobje relativnega miru, ki ga zaznamuje vera v napredek"", ""Leta obnove po drugi svetovni vojni"", ""Osebna vladavina Napoleona III"", ""Desetletje francoske revolucije""]",0,,,,,,
course_15_la_belle_epoque_1871_1914,course_15_la_belle_epoque_1871_1914_q2,trueFalse,"Res ali ne: izraz ""Belle Époque"" uporabljajo ljudje, ki so to preživeli pred letom 1914.","Ime se je pojavilo šele po letu 1914: tisti, ki so preživeli strelske jarke, so izumili ta izgubljeni raj, z zaostankom vojne.","[""Prav"", ""Narobe""]",1,,,,,,
course_15_la_belle_epoque_1871_1914,course_15_la_belle_epoque_1871_1914_q3,mcq,"Kakšna afera je raztrgala Francosko republiko v času Belle Époque, okoli judovskega častnika, ki je bil po krivici obsojen vohunjenja?","Alfred Dreyfus, judovski častnik, je po krivici obsojen vohunjenja: afera razkrije virulen antisemitizem in trajno razdeli Francijo.","[""Afera Dreyfus"", ""Berlinska konferenca"", ""Škandal s Panamskim prekopom"", ""Afera s kartami""]",0,,,,,,
course_15_la_belle_epoque_1871_1914,course_15_la_belle_epoque_1871_1914_q4,mcq,"Katero znanstveno odkritje Alberta Einsteina, objavljeno leta 1905, je revolucioniralo pojmovanje prostora in časa?","Einstein je leta 1905 objavil relativnostno teorijo, s katero je spodbijal klasična pojmovanja prostora in časa.","[""Teorija relativnosti"", ""Teorija evolucije"", ""Teorija kalčkov"", ""Kvantna mehanika""]",0,,,,,,
course_15_la_belle_epoque_1871_1914,course_15_la_belle_epoque_1871_1914_q5,numericSlider,"Katerega leta se v Parizu odpre univerzalna razstava, ki privabi 50 milijonov obiskovalcev?",Univerzalna razstava leta 1900 je pritegnila 50 milijonov obiskovalcev in Pariz naredila za svetovno izkaznico napredka.,,,,1900.0,1871.0,1914.0,3.0,
course_15_la_belle_epoque_1871_1914,course_15_la_belle_epoque_1871_1914_q6,mcq,"Kateri dogodek junija 1914 je sprožil spiralo, ki je končala Belle Époque?","Atentat na nadvojvodo Franca Ferdinanda v Sarajevu 28. junija 1914 je sprožil igro zavezništev, ki je pripeljala do prve svetovne vojne.","[""Atentat na nadvojvodo Franca Ferdinanda v Sarajevu"", ""Padec francoske vlade"", ""Požar na Eifflovem stolpu"", ""Podpis francosko-nemške pogodbe""]",0,,,,,,
course_15_la_belle_epoque_1871_1914,course_15_la_belle_epoque_1871_1914_q7,mcq,Koliko ur na dan so delavci pogosto delali v času Belle Époque?,"Za okni napredka delavci pogosto delajo 10 do 12 ur na dan, brez prave socialne zaščite.","[""10 do 12 ur"", ""4 do 6 ur"", ""6 do 8 ur"", ""14. do 16. ure""]",0,,,,,,
course_15_la_belle_epoque_1871_1914,course_15_la_belle_epoque_1871_1914_q8,chronological,Postavite te dogodke Belle Époque v kronološki vrstni red.,Ti mejniki segajo od leta 1871 do 1914 in spremljajo vzpon in nato brutalni konec Belle Époque.,,,"[""Konec francosko-pruske vojne"", ""Gradnja Eifflovega stolpa"", ""Pariška univerzalna razstava"", ""Atentat na nadvojvodo Franca Ferdinanda""]",,,,,
course_160_la_liberte_de_la_presse_et_le_journalism,course_160_la_liberte_de_la_presse_et_le_journalism_q1,mcq,"Kako je Henri Cartier-Bresson poimenoval svojo teorijo o pravem času, pravem kraju, pravilnem kadriranju?","Cartier-Bresson teoretizira o ""odločilnem trenutku"": biti na pravem mestu, ob pravem času, s pravim okvirjem.","[""Odločilni trenutek"", ""Absolutni pogled"", ""Totalna fotografija"", ""Oko priče""]",0,,,,,,
course_160_la_liberte_de_la_presse_et_le_journalism,course_160_la_liberte_de_la_presse_et_le_journalism_q2,mcq,Kdo je umrl pri poročanju o španski državljanski vojni skupaj z Robertom Capo?,Gerda Taro je skupaj s Capo umrla med poročanjem o španski državljanski vojni.,"[""Gerda Taro"", ""Nick Ut"", ""Louis Leroy"", ""Paul Durand-Ruel""]",0,,,,,,
course_160_la_liberte_de_la_presse_et_le_journalism,course_160_la_liberte_de_la_presse_et_le_journalism_q3,mcq,"Katera fotografija iz vietnamske vojne je šokirala javnost z deklico, ki jo je ožgal napalm?","Fotografija Nicka Uta, ki prikazuje deklico, opečeno z napalmom, je med vietnamsko vojno zamajala mnenje.","[""Fotografija Nicka Uta"", ""Fotografija Cartier-Bressona"", ""Avtor fotografije Gerda Taro"", ""Fotografija Roberta Cape""]",0,,,,,,
course_160_la_liberte_de_la_presse_et_le_journalism,course_160_la_liberte_de_la_presse_et_le_journalism_q4,trueFalse,"Resnično ali napačno: odvisno od poteka, je fotografija Nicka Uta sama in takoj končala vietnamsko vojno.","Samo podoba ne konča vojne, vendar onemogoča zanikanje človeške cene.","[""Prav"", ""Narobe""]",1,,,,,,
course_160_la_liberte_de_la_presse_et_le_journalism,course_160_la_liberte_de_la_presse_et_le_journalism_q5,mcq,"Kaj glede na tečaj razkriva način, kako diktature obravnavajo novinarsko fotografijo?","Velike demokracije teoretično ščitijo tisk, medtem ko diktature nadzorujejo iskalo.","[""Ti nadzorujejo iskalo, za razliko od demokracij, ki teoretično ščitijo tisk"", ""Spodbujajo popolno svobodo fotografov"", ""Velikodušno financirajo neodvisne fotoagencije"", ""Imidž jih ne zanima""]",0,,,,,,
course_160_la_liberte_de_la_presse_et_le_journalism,course_160_la_liberte_de_la_presse_et_le_journalism_q6,trueFalse,"Resnično ali napačno: številni današnji slavni klišeji so bili najprej cenzurirani ali o njih razpravljali, preden so postali zgodovinski dokazi.","Številne znane fotografije so bile najprej cenzurirane ali o njih razpravljali, preden so postale zgodovinski dokazi.","[""Prav"", ""Narobe""]",0,,,,,,
course_160_la_liberte_de_la_presse_et_le_journalism,course_160_la_liberte_de_la_presse_et_le_journalism_q7,mcq,Katere prakse so v digitalni dobi potrebne za preverjanje pristnosti novinarske fotografije?,"V digitalni dobi je preverjanje nujno: metapodatki, povratno iskanje slik, kontekst.","[""Analiza metapodatkov in povratno iskanje slik"", ""Edino zaupanje v ugled fotografa"", ""Popolna prepoved digitalne fotografije"", ""Takojšnja objava brez preverjanja""]",0,,,,,,
course_160_la_liberte_de_la_presse_et_le_journalism,course_160_la_liberte_de_la_presse_et_le_journalism_q8,mcq,Kaj profesionalizira videz ilustriranih revij in fotografskih agencij?,Pojav ilustriranih revij in fotografskih agencij je profesionaliziral poklic reporterja-fotografa.,"[""Poklic reporter-fotograf"", ""Poklic uradnega slikopleskarja"", ""Samo poklic tiskarja"", ""Delo državnega cenzorja""]",0,,,,,,
course_161_la_naissance_des_dieux_grecs_cronos_zeus,course_161_la_naissance_des_dieux_grecs_cronos_zeus_q1,mcq,Kdo loči nebesa (Ouranos) od Zemlje (Gaia) s kastracijo lastnega očeta?,"Kronos, najmlajši od Titanov, uporabi srp, ki ga je skovala Gaia, da kastrira Ourana in loči nebesa od Zemlje.","[""Kronos"", ""Zeus"", ""Pozejdon"", ""Atlas""]",0,,,,,,
course_161_la_naissance_des_dieux_grecs_cronos_zeus,course_161_la_naissance_des_dieux_grecs_cronos_zeus_q2,trueFalse,"Res ali ne: Kronos požira lastne otroke v strahu, da bi ga eden od njih nekega dne vrgel s prestola.","Prerokba pove Kronusu, da ga bo eden od njegovih sinov zrinil s prestola: zato svoje otroke požre takoj, ko se rodijo, da bi se temu izognil.","[""Prav"", ""Narobe""]",0,,,,,,
course_161_la_naissance_des_dieux_grecs_cronos_zeus,course_161_la_naissance_des_dieux_grecs_cronos_zeus_q3,mcq,Kako Rhei uspe rešiti otroka Zeusa pred njegovim očetom Cronosom?,"Rhea prevara Krona s kamnom, zavitim v tkanine, medtem ko pravi Zevs na skrivaj odrašča v votlini na Kreti.","[""Prisili Kronosa, da namesto otroka pogoltne povit kamen"", ""Zevsa pošlje neposredno na Olimp"", ""Zevsa spremeni v orla"", ""Prosi Ateno za pomoč""]",0,,,,,,
course_161_la_naissance_des_dieux_grecs_cronos_zeus,course_161_la_naissance_des_dieux_grecs_cronos_zeus_q4,mcq,"Kakšno orožje ponujajo Kiklopi Zevsu, da bi premagal Titane?","Kiklop kuje strelo, odločilno orožje, ki Zevsu omogoča zmago med Titanomahijo.","[""Strela"", ""Trizob"", ""Zlati meč"", ""Čarobni ščit""]",0,,,,,,
course_161_la_naissance_des_dieux_grecs_cronos_zeus,course_161_la_naissance_des_dieux_grecs_cronos_zeus_q5,chronological,Postavite te faze grške mitologije v kronološki vrstni red.,Od te prvotne praznine do Zevsove zmage grška mitologija pripoveduje o vrsti kriz in družinskih prevzemov.,,,"[""Izvirni kaos"", ""Gaia in Ouranos ustvarita Titane"", ""Kronos postane kralj s kastracijo očeta"", ""Zevs s strelo premaga Titane""]",,,,,
course_161_la_naissance_des_dieux_grecs_cronos_zeus,course_161_la_naissance_des_dieux_grecs_cronos_zeus_q6,mcq,Kako se je rodila boginja Atena?,"Zaradi strahu pred sinom, ki je močnejši od njega, Zevs pogoltne svojo nosečo ženo Metido: Atena se nato rodi popolnoma oborožena in izstopi iz svoje lobanje.","[""Zevs pogoltne boginjo Metido in Atena se popolnoma oborožena pojavi iz njene lobanje"", ""Rodila se je iz morske pene"", ""Je Kronosova hči"", ""Rojena je iz krvi Ouranosa""]",0,,,,,,
course_161_la_naissance_des_dieux_grecs_cronos_zeus,course_161_la_naissance_des_dieux_grecs_cronos_zeus_q7,mcq,V katerem besedilu pesnik Hesiod pripoveduje o rojstvu grških bogov?,"Heziod v Teogoniji v 8. stoletju pr. n. št. pripoveduje, kako svet preide iz Kaosa na Zevsov dvor.","[""Teogonija"", ""Iliada"", ""Metamorfoze"", ""Republika""]",0,,,,,,
course_161_la_naissance_des_dieux_grecs_cronos_zeus,course_161_la_naissance_des_dieux_grecs_cronos_zeus_q8,trueFalse,"Res ali ne: francoska beseda ""panika"" izvira iz boga Pana, katerega krik naj bi povzročil nenadno grozo.","Med vojno proti velikanom bi krik boga Pana med sovražniki povzročil iracionalen teror, od tod tudi beseda ""panika"".","[""Prav"", ""Narobe""]",0,,,,,,
course_162_promethee_le_voleur_de_feu,course_162_promethee_le_voleur_de_feu_q1,mcq,"Koga je Zevs kaznoval, ker je ljudem dal ogenj?","Prometej ukrade ogenj z Olimpa, da bi ga dal ljudem, dejanje, ki ga Zevs ne odpusti.","[""Prometej"", ""Epimetej"", ""Hefajst"", ""Atlas""]",0,,,,,,
course_162_promethee_le_voleur_de_feu,course_162_promethee_le_voleur_de_feu_q2,trueFalse,"Res ali ne: med žrtvovanjem v Mekonéju je Prometej tisti, ki prevara Zevsa tako, da dobro meso skrije pod grdo kožo.","Prometej skrije meso pod neprivlačno kožo in kosti pod mamljivo maščobo, zaradi česar Zevs izbere napačen del.","[""Prav"", ""Narobe""]",0,,,,,,
course_162_promethee_le_voleur_de_feu,course_162_promethee_le_voleur_de_feu_q3,mcq,"Kje Prometej skriva iskro, ukradeno z Olimpa?","Prometej ukrade iskro in jo skrije v obročno palico, katere jedro gori zelo počasi.","[""V votli obročni palici"", ""V zaprti amfori"", ""Pod njegovim ogrinjalom"", ""V kozjem rogu""]",0,,,,,,
course_162_promethee_le_voleur_de_feu,course_162_promethee_le_voleur_de_feu_q4,mcq,"Katera žival vsak dan požre jetra Prometeja, priklenjenega na Kavkazu?","Zevs obsodi Prometeja, da mu orel vsak dan požre jetra na skali Kavkaza.","[""orel"", ""Jastreb"", ""Kača"", ""lev""]",0,,,,,,
course_162_promethee_le_voleur_de_feu,course_162_promethee_le_voleur_de_feu_q5,trueFalse,"Res ali ne: Prometeju vsako noč znova zrastejo jetra, zaradi česar je njegova muka neskončna.","Vsako noč se organ ponovno rodi, tako da se mučenje začne znova ob zori, za nedoločen čas.","[""Prav"", ""Narobe""]",0,,,,,,
course_162_promethee_le_voleur_de_feu,course_162_promethee_le_voleur_de_feu_q6,mcq,Kateri junak končno osvobodi Prometeja iz njegovih verig?,"Heraklej, Zevsov sin, s puščico sestreli orla in osvobodi Prometeja s Kavkaza.","[""Heraklej"", ""Perzej"", ""Tezej"", ""Jason""]",0,,,,,,
course_162_promethee_le_voleur_de_feu,course_162_promethee_le_voleur_de_feu_q7,mcq,Kakšno skrivnost razkrije Prometej Zevsu v zameno za njegovo svobodo?,"Prometej razkrije, da bi lahko nimfa Tetida rodila sina, močnejšega od Zevsa, ki se tako izogne lastnemu propadu.","[""Ime nimfe, katere sin naj bi bil močnejši od Zevsa"", ""Lokacija skritega zaklada"", ""Način, kako dokončno premagati Titane"", ""Formula, da ponovno postaneš smrtnik""]",0,,,,,,
course_162_promethee_le_voleur_de_feu,course_162_promethee_le_voleur_de_feu_q8,chronological,Postavite te faze mita o Prometeju v red.,"Od zvijače žrtvovanja do kraje ognja, nato do mučenja in osvoboditve, sledi mit o Prometeju jasno napredovanje.",,,"[""Prometej med žrtvovanjem v Mekoneju prevara Zevsa"", ""Prometej moškim ukrade ogenj z Olimpa"", ""Prometej je na Kavkazu priklenjen in predan orlu"", ""Herakles osvobodi Prometeja iz njegovih verig""]",,,,,
course_163_pandore_et_la_boite,course_163_pandore_et_la_boite_q1,mcq,Kdo je naredil Pandoro po Zevsovem ukazu?,"Zevs naroči Hefajstu, bogu kovačnice, naj oblikuje Pandoro iz gline in vode.","[""Hefajst"", ""Prometej"", ""Hermes"", ""Zeus sam""]",0,,,,,,
course_163_pandore_et_la_boite,course_163_pandore_et_la_boite_q2,mcq,Kateri bog ponuja Pandori zvijače in laži?,"Hermes, glasnik bogov, se zvito in laži pomakne med darila Pandore.","[""Hermes"", ""Atena"", ""Afrodita"", ""Apollo""]",0,,,,,,
course_163_pandore_et_la_boite,course_163_pandore_et_la_boite_q3,trueFalse,"Res ali ne: Epimetej zavrne Zevsovo darilo, kot mu je priporočil njegov brat Prometej.",Kljub Prometejevemu opozorilu Epimetej pade pod Pandorin urok in jo sprejme.,"[""Prav"", ""Narobe""]",1,,,,,,
course_163_pandore_et_la_boite,course_163_pandore_et_la_boite_q4,mcq,Kaj je pravzaprav vsebovala Pandorina posoda glede na izvirna grška besedila?,"Prvotno poročilo govori o ""pithosu"", velikem kozarcu za shranjevanje, ne škatli.","[""Pitos, velik kozarec za shranjevanje"", ""Majhna lesena škatla"", ""Pletena košara"", ""Vinska amfora""]",0,,,,,,
course_163_pandore_et_la_boite,course_163_pandore_et_la_boite_q5,mcq,"Od kod izvira napaka, ki je Pandorin kozarec spremenila v “škatlo”?","Erazem Rotterdamski je pri prevajanju Hezioda zamešal ""pithos"" (kozarec) in ""pyxis"" (majhna škatla).","[""Zmeda Erazma Rotterdamskega v 16. stoletju"", ""Napaka, ki jo je naredil sam Hesiod"", ""Angleški prevod iz 19. stoletja"", ""Pozni Zeusov izum""]",0,,,,,,
course_163_pandore_et_la_boite,course_163_pandore_et_la_boite_q6,mcq,"Kaj ostane samo na dnu kozarca, ko vse zlo izgine?","Samo Elpis, Hope, se oklepa dna kozarca, potem ko kuge pobegnejo.","[""upanje"", ""Modrost"", ""Lepota"", ""Maščevanje""]",0,,,,,,
course_163_pandore_et_la_boite,course_163_pandore_et_la_boite_q7,trueFalse,"Res ali ne: pri Heziodu je Pandora predstavljena kot dobrohotno darilo, namenjeno osrečevanju ljudi.","Pandora je zasnovana kot »lepo zlo«, kazen, namenjena udarcu človeštva, ne pa kot dobrohotno darilo.","[""Prav"", ""Narobe""]",1,,,,,,
course_163_pandore_et_la_boite,course_163_pandore_et_la_boite_q8,chronological,Postavite te faze mita o Pandori v red.,Od nastanka do usodnega odpiranja kozarca sledi mit o Pandori zelo natančen potek.,,,"[""Bogovi naredijo Pandoro po Zeusovem ukazu"", ""Epimetej sprejme Pandoro kljub Prometejevemu opozorilu"", ""Pandora dvigne pokrov kozarca"", ""Samo upanje ostane zaklenjeno na dnu""]",,,,,
course_164_demeter_et_persephone_les_saisons,course_164_demeter_et_persephone_les_saisons_q1,mcq,"Kdo ugrabi Perzefono, da jo odpelje v podzemlje?","Had, kralj podzemlja, se pojavi na svojem vozu in po Zevsovem skrivnem dogovoru odpelje Perzefono.","[""Had"", ""Zeus"", ""Pozejdon"", ""Ares""]",0,,,,,,
course_164_demeter_et_persephone_les_saisons,course_164_demeter_et_persephone_les_saisons_q2,mcq,"Kaj stori Demeter, ko izve za ugrabitev svoje hčerke?","Neutolažljiva Demetra zemlji prepove kalitev, kar povzroči lakoto, ki grozi ljudem.","[""Preprečuje, da bi zemlja obrodila, kar povzroča lakoto"", ""Zevsa prosi, naj jo ubije"", ""Brez odziva se zateče na Olimp"", ""Spremeni Had v pošast""]",0,,,,,,
course_164_demeter_et_persephone_les_saisons,course_164_demeter_et_persephone_les_saisons_q3,mcq,"Katero past uporablja Had, da zadrži Perzefono v podzemlju?","Kdor jé v kraljestvu mrtvih, pripada njemu: Had ponudi zrna granatnega jabolka Perzefoni pred njenim odhodom.","[""Prisili jo jesti semena granatnega jabolka"", ""Ponudi ji zastrupljeno jabolko"", ""Dal ji je čarobni prstan"", ""Prisili jo, da popije napoj pozabe""]",0,,,,,,
course_164_demeter_et_persephone_les_saisons,course_164_demeter_et_persephone_les_saisons_q4,trueFalse,Res ali ne: zaradi semen granatnega jabolka mora Perzefona zdaj del vsakega leta preživeti v podzemlju.,Potreben je kompromis: Perzefona si leto deli Had in njena mati Demetra.,"[""Prav"", ""Narobe""]",0,,,,,,
course_164_demeter_et_persephone_les_saisons,course_164_demeter_et_persephone_les_saisons_q5,mcq,"Katerega boga Zevs pošlje, da zahteva vrnitev Perzefone?","Zevs pošlje Hermesa, glasnika bogov, da zahteva vrnitev Perzefone v Had.","[""Hermes"", ""Apollo"", ""Ares"", ""Dioniz""]",0,,,,,,
course_164_demeter_et_persephone_les_saisons,course_164_demeter_et_persephone_les_saisons_q6,mcq,Kako mit razlaga prihod jeseni in zime?,"Odhod Perzefone v Had potisne Demetro, da odvzame svojo milost pridelkom: jesen in zima sta.","[""Ko se Perzefona vrne v podzemlje, Demetra umakne svojo milost naravi"", ""Ko se Zevs razjezi na moške"", ""Ko Had iz maščevanja kaznuje zemljo"", ""Ko se Demetra odpravi na izlet na Olimp""]",0,,,,,,
course_164_demeter_et_persephone_les_saisons,course_164_demeter_et_persephone_les_saisons_q7,mcq,Kaj so Elevzinski misteriji?,"Med svojim potepanjem se Demeter ustavi v Elevzini, kjer se rodijo skrivni obredi, ki obljubljajo boljšo usodo v posmrtnem življenju.","[""Skrivni obredi, ki so se rodili iz Demetrinega prehoda v Elevzino in obljubljajo upanje po smrti"", ""Tempelj, ki ga je zgradil Had za Perzefono"", ""Zabava ob proslavljanju ugrabitve Perzefone"", ""Sodišče, ki sodi dušam mrtvih""]",0,,,,,,
course_164_demeter_et_persephone_les_saisons,course_164_demeter_et_persephone_les_saisons_q8,chronological,Razporedite te faze mita o Demetri in Perzefoni.,Od ugrabitve do delitve leta ta mit pojasnjuje menjavanje letnih časov.,,,"[""Perzefonino ugrabitev s strani Hada"", ""Lakota, ki jo je povzročila Demetrina žalost"", ""Perzefona poje semena granatnega jabolka v podzemlju"", ""Delitev leta med Hadom in Demetro""]",,,,,
course_165_orphee_et_eurydice,course_165_orphee_et_eurydice_q1,mcq,Kdo ponudi svojo liro Orfeju?,"Orfejeva lira je darilo Apolona, boga umetnosti.","[""Apollo"", ""Zeus"", ""Hermes"", ""Dioniz""]",0,,,,,,
course_165_orphee_et_eurydice,course_165_orphee_et_eurydice_q2,mcq,Kako umre Evridika?,"Na poročni dan Evridika pobegne pred pastirjem Aristejem, stopi na kačo in zaradi strupa umre.","[""Med begom pred pastirjem Aristejem ga je ugriznila kača"", ""Utopljen v reki"", ""Razstrelil Zeus"", ""Ugrabljen neposredno s strani Hada""]",0,,,,,,
course_165_orphee_et_eurydice,course_165_orphee_et_eurydice_q3,trueFalse,"Res ali ne: Orfejevi glasbi uspe uspavati Cerberusa in oslabiti Harona, čolnara mrtvih.","Orfej brez orožja prečka podzemlje zgolj zahvaljujoč svoji glasbi, ki uspava Cerberja in omehča Harona.","[""Prav"", ""Narobe""]",0,,,,,,
course_165_orphee_et_eurydice,course_165_orphee_et_eurydice_q4,mcq,"Kakšen pogoj Had naloži Orfeju, da Evridika dovoli vrnitev gor?","Had sprejme Evridikino vrnitev pod pogojem, da Orfej hodi pred njo, ne da bi se obrnil pred svetlobo.","[""Ne obračajte se, dokler ne pridete do svetlobe"", ""Nikoli več ne govori z Eurydice"", ""Vrni se v eni sami noči"", ""Ponudite svojo liro v zameno""]",0,,,,,,
course_165_orphee_et_eurydice,course_165_orphee_et_eurydice_q5,trueFalse,"Res ali ne: Orfej se obrne proti Evridiki, preden ga odpeljejo iz podzemlja, zaradi česar se ta dokončno vrne v svet mrtvih.","Blizu izhoda prevlada dvom: Orfej se obrne, Evridiko pa za vedno zagrabi tema.","[""Prav"", ""Narobe""]",0,,,,,,
course_165_orphee_et_eurydice,course_165_orphee_et_eurydice_q6,mcq,Kako Orfej umre na koncu mita?,"Orfejeva zavrnitev kakršne koli nove ljubezni izzove bes Menad, ki ga raztrgajo.","[""Raztrgale so ga Menade, Dionizove svečenice"", ""Požrl ga je Cerberus"", ""Razstrelil Zeus"", ""Utopljen v reki Stiks""]",0,,,,,,
course_165_orphee_et_eurydice,course_165_orphee_et_eurydice_q7,mcq,Katero versko gibanje se je rodilo po Orfejevi smrti?,"Iz Orfejeve smrti se je rodil orfizem, versko gibanje, ki je obljubljalo rešitev duše z obredi očiščenja.","[""Orfizem"", ""Stoicizem"", ""Misteriji Elevze"", ""pitagorejstvo""]",0,,,,,,
course_165_orphee_et_eurydice,course_165_orphee_et_eurydice_q8,chronological,Razporedite te faze mita o Orfeju in Evridiki.,Od poroke do dokončne izgube Evridike ta mit sledi tragičnemu in natančnemu zapletu.,,,"[""Orfej se poroči z nimfo Evridiko"", ""Evridika umre zaradi ugriza kače"", ""Orfej s svojo glasbo očara podzemlje, da ga vrne nazaj"", ""Orfej se obrne in za vedno izgubi Evridiko""]",,,,,
course_166_narcisse_et_echo,course_166_narcisse_et_echo_q1,mcq,Zakaj Hera kaznuje nimfo Echo?,"Eho je Hero zadrževal z neskončnimi pogovori, medtem ko se je Zevs pridružil drugim nimfam.","[""Pomagala je Zevsu skriti svojo nezvestobo tako, da jo je zamotila z dolgimi pogovori"", ""Javno je užalila Hero"", ""Z Olimpa je ukradla sveti predmet"", ""Zavrnila je poroko z bogom""]",0,,,,,,
course_166_narcisse_et_echo,course_166_narcisse_et_echo_q2,mcq,Kakšno kazen Hera naloži Ehu?,Echo ne more več začeti stavka: lahko le ponovi zadnje besede drugih.,"[""Lahko samo ponovi zadnje besede drugih"", ""Popolnoma izgubi glas"", ""Takoj se spremeni v kamen"", ""Izgnana je iz gozda""]",0,,,,,,
course_166_narcisse_et_echo,course_166_narcisse_et_echo_q3,mcq,"Kako se Narcis odzove, ko ga Echo poskuša objeti?","Ko se Echo približa, da bi jo objel, jo Narcisse s prezirom zavrne.","[""Zavrača jo s prezirom"", ""Takoj se zaljubi vanjo"", ""Spremeni jo v rožo"", ""Brez besed zbeži""]",0,,,,,,
course_166_narcisse_et_echo,course_166_narcisse_et_echo_q4,trueFalse,"Res ali ne: po Narcisovi zavrnitvi Echoovo telo oveni, dokler ne ostane le glas.","Ponižana Echo se umakne v jame, neha jesti in njeno telo oveni, dokler ne ostane le tavajoči glas.","[""Prav"", ""Narobe""]",0,,,,,,
course_166_narcisse_et_echo,course_166_narcisse_et_echo_q5,mcq,Katera boginja naj kaznuje Narcisa za njegovo krutost?,"Žrtev Narcisa moli k Nemesis, boginji pravičnega maščevanja, da bi lahko trpel nemogočo ljubezen.","[""Nemesis"", ""Afrodita"", ""Atena"", ""Hera""]",0,,,,,,
course_166_narcisse_et_echo,course_166_narcisse_et_echo_q6,mcq,V kaj se zaljubi Narcis na robu izvira?,"Narcis se nagne nad izvir, odkrije njegov obraz in se vanj zaljubi, saj verjame, da vidi vodnega duha.","[""Svojega lastnega odseva"", ""Od vodne nimfe"", ""Eho se je končno spet pojavil"", ""Iz nevidnega duha""]",0,,,,,,
course_166_narcisse_et_echo,course_166_narcisse_et_echo_q7,trueFalse,"Res ali ne: vedeževalec Teiresias je napovedal, da bo Narcis živel dolgo življenje, če ne bo nikoli spoznal samega sebe.","Teiresias je posvaril Narcisovo mamo: ""Živel bo do starosti, če se ne bo poznal.""","[""Prav"", ""Narobe""]",0,,,,,,
course_166_narcisse_et_echo,course_166_narcisse_et_echo_q8,mcq,Kaj se rodi namesto Narcisovega telesa po njegovi smrti?,"Na mestu manjkajočega telesa Narcise raste roža z rumenim srcem in belimi cvetnimi listi, narcisa.","[""Roža, narcisa"", ""Nov vir"", ""Skala"", ""Drevo""]",0,,,,,,
course_167_icare_et_dedale,course_167_icare_et_dedale_q1,mcq,Zakaj je Minos zaklenil Dedala in Ikarja v labirint?,"Ko Minos izve, da je Dedal pomagal Tezeju pobegniti z Ariadnino nitjo, izumitelja in njegovega sina zapre v njuno delo.","[""Ker je Dedal pomagal Tezeju pobegniti zahvaljujoč Ariadnini niti"", ""Ker je Dedal ukradel Minotavra"", ""Ker je Daedalus zavrnil gradnjo Labirinta"", ""Ker je Dedal izdal kralja sovražniku""]",0,,,,,,
course_167_icare_et_dedale,course_167_icare_et_dedale_q2,mcq,Iz katerih materialov je Daedalus naredil krila?,"Med opazovanjem ptic si Dedal naredi krila iz lesa, perja in čebeljega voska.","[""Les, perje in čebelji vosek"", ""Kovina in usnje"", ""Perje in rastlinsko lepilo"", ""Trst in tkanina""]",0,,,,,,
course_167_icare_et_dedale,course_167_icare_et_dedale_q3,mcq,Kaj Dedal svetuje Ikarju pred odhodom?,"Dedal priporoča srednjo pot: prenizko, vlaga obteži perje, previsoko, sonce topi vosek.","[""Sledite srednji poti, ne previsoko ne prenizko"", ""Poletite čim višje, da se izognete vlagi"", ""Skrivanje nad oblaki"", ""Leti samo ponoči""]",0,,,,,,
course_167_icare_et_dedale,course_167_icare_et_dedale_q4,mcq,"Kaj se zgodi, ko Ikar leti preblizu sonca?","Očaran nad nebom se Ikar dvigne previsoko: vosek se zmehča, perje odpade in pahne v morje.","[""Vosek na njegovih krilih se stopi in perje odpade"", ""Njegove oči so zaslepljene od svetlobe"", ""Njegova krila se vnamejo"", ""Zadene ga Zeusova strela""]",0,,,,,,
course_167_icare_et_dedale,course_167_icare_et_dedale_q5,trueFalse,"Res ali ne: morje, kamor je padel Ikar, še danes nosi ime Ikarsko morje.",Tokovi odnesejo Ikarjevo truplo na otok z imenom Ikaria in okoliško morje postane Ikarsko morje.,"[""Prav"", ""Narobe""]",0,,,,,,
course_167_icare_et_dedale,course_167_icare_et_dedale_q6,mcq,Kje najde Dedal zatočišče po smrti svojega sina?,"Dedal sam doseže Sicilijo in ponudi svoja krila bogu Apolonu ter priseže, da ne bo nikoli več poletel.","[""Na Siciliji"", ""Na Kreti"", ""V Atenah"", ""Na Rodosu""]",0,,,,,,
course_167_icare_et_dedale,course_167_icare_et_dedale_q7,mcq,Kako slikar Bruegel starejši na svoji sliki predstavlja Ikarjev padec?,"Na Brueglovi sliki je Ikarjev padec le detajl: svet se nadaljuje, ne da bi se za junaka ustavil.","[""Kot skoraj neviden detajl, medtem ko orač nadaljuje svojo nalogo"", ""Kot osrednji in spektakularen dogodek"", ""Črno-belo za poudarjanje tragedije"", ""Z bogovi, ki jokajo na nebu""]",0,,,,,,
course_167_icare_et_dedale,course_167_icare_et_dedale_q8,chronological,Razporedite te faze mita o Ikarju in Dedalu.,Od gradnje Labirinta do padca Ikarja sledi zgodba natančnemu napredku.,,,"[""Daedalus zgradi labirint za kralja Minosa"", ""Minos zapre Dedala in Ikarja v njuno lastno delo"", ""Daedalus naredi krila iz lesa, perja in voska"", ""Ikar leti preblizu sonca in pade v morje""]",,,,,
course_168_sisyphe_punition_eternelle,course_168_sisyphe_punition_eternelle_q1,mcq,Kakšno skrivnost razkrije Sizif in s tem razjezi Zevsa?,Sizif proda skrivnost Zevsove ugrabitve Egine rečnemu bogu Asopu v zameno za vir vode.,"[""Rečnemu bogu Asopu razkrije, da je Zevs ugrabil njegovo hčer Egino"", ""Razkrije lokacijo Labirinta"", ""Razkrije zaroto proti Zeusu"", ""Poskuša ukrasti prestol Olimpa""]",0,,,,,,
course_168_sisyphe_punition_eternelle,course_168_sisyphe_punition_eternelle_q2,mcq,"Kako Sizifu uspe zapreti Tanatosa, poosebljeno smrt?","Sizif prosi Tanatosa za demonstracijo njegovih verig, nato pa ga dejansko uklene.","[""Pretvarja se, da občuduje njene verige in jo prosi za demonstracijo, nato pa jo priklene"", ""Uspava jo z napitkom"", ""Ujame ga v labirint"", ""Svoje življenje zamenja za svobodo""]",0,,,,,,
course_168_sisyphe_punition_eternelle,course_168_sisyphe_punition_eternelle_q3,trueFalse,"Res ali ne: medtem ko je Thanatos priklenjen s Sizifom, nihče ne more umreti na Zemlji.",S smrtjo v verigah niti Aresovi vojaki ne morejo več pasti v boju.,"[""Prav"", ""Narobe""]",0,,,,,,
course_168_sisyphe_punition_eternelle,course_168_sisyphe_punition_eternelle_q4,mcq,"Kakšen izgovor uporabi Sizif, da po smrti ostane tri dni na Zemlji?","Sizif se pritoži Perzefoni, da je osramočen zaradi pomanjkanja pogreba, in dobi tri dni na Zemlji.","[""Pritoži se Perzefoni, da mu žena ni priredila pogreba."", ""Trdi, da je pozabil zaklad"", ""Prosi, da bi spet videl svoje otroke"", ""Trdi, da je bil ugrabljen pomotoma""]",0,,,,,,
course_168_sisyphe_punition_eternelle,course_168_sisyphe_punition_eternelle_q5,mcq,Kateri bog končno na silo pripelje Sizifa nazaj v podzemlje?,"Hermes, glasnik bogov in dirigent duš, s silo pripelje Sizifa nazaj v Had.","[""Hermes"", ""Thanatos"", ""Ares"", ""Had""]",0,,,,,,
course_168_sisyphe_punition_eternelle,course_168_sisyphe_punition_eternelle_q6,mcq,Kakšna je Sizifova večna kazen?,"Sizif je obsojen, da potisne skalo na vrh hriba, a se kamen vrne tik pred ciljem.","[""Potiskanje skale, ki se vrne navzdol tik preden doseže vrh"", ""Nosite nebo na svojih ramenih"", ""Vsak dan ti orel požre jetra"", ""Ostanite potopljeni v vodo, ne da bi mogli piti""]",0,,,,,,
course_168_sisyphe_punition_eternelle,course_168_sisyphe_punition_eternelle_q7,mcq,"Po Albertu Camusu v ""Mitu o Sizifu"", kaj ga dela za ""absurdnega junaka""?","Za Camusa Sizifova lucidnost ob neuporabnosti njegovega truda in dejstvo, da kljub vsemu nadaljuje, spodbuja rast.","[""Nadaljuje s svojim trudom, saj dobro ve, da je zaman"", ""Na tihem upa, da se bodo bogovi utrudili"", ""Popolnoma ignorira nečimrnost svoje naloge"", ""Zdaj noče potisniti skale""]",0,,,,,,
course_168_sisyphe_punition_eternelle,course_168_sisyphe_punition_eternelle_q8,trueFalse,Res ali ne: za razliko od Prometeja je Sizif s svojo kaznijo vsak dan fizično poškodovan.,"Sizif ni poškodovan v svojem mesu: njegovo mučenje je nekoristnost njegovega truda, ne fizična bolečina.","[""Prav"", ""Narobe""]",1,,,,,,
course_168_sisyphe_punition_eternelle,course_168_sisyphe_punition_eternelle_q9,chronological,Postavite te faze mita o Sizifu v red.,Od razkritja skrivnosti Egine do večne obsodbe sledi mit o Sizifu jasen napredek.,,,"[""Sizif razkrije Asoposu, da je Zevs ugrabil njegovo hčer"", ""Sizif priklene Tanatosa, poosebljeno smrt"", ""Sizif dobi tri dni na Zemlji in se noče vrniti"", ""Sizif je obsojen, da v večnost potiska skalo""]",,,,,
course_169_tantale_et_son_supplice,course_169_tantale_et_son_supplice_q1,mcq,Zakaj Tantal ubije svojega sina Pelopa in ga služi bogovom?,"Tantal povabi bogove na banket in jim postreže svojega odrezanega sina, da vidi, ali bodo opazili prevaro.","[""Da preizkusim, če bogovi res vse vidijo"", ""Iz ljubosumja do sina"", ""Po naročilu Zevsa"", ""Da bi se maščeval Demetri""]",0,,,,,,
course_169_tantale_et_son_supplice,course_169_tantale_et_son_supplice_q2,mcq,Katera boginja nehote odgrizne kos Pelopsovega ramena?,"Demetra, raztresena zaradi žalosti svoje hčerke Perzefone, je edina, ki ugrizne kos jedi.","[""Demeter"", ""Afrodita"", ""Hera"", ""Atena""]",0,,,,,,
course_169_tantale_et_son_supplice,course_169_tantale_et_son_supplice_q3,mcq,"S čim Zevs nadomesti Pelopsovo pojedeno ramo, ko ga obuja?",Zevs obudi Pelopsa in nadomesti pojedeno ramo s kosom slonovine.,"[""Kos slonovine"", ""Kos zlata"", ""Poliran kamen"", ""bron""]",0,,,,,,
course_169_tantale_et_son_supplice,course_169_tantale_et_son_supplice_q4,mcq,Iz česa je sestavljeno mučenje Tantala v Tartarju?,"Tantal, potopljen v jezero in obdan s sadjem, vidi, kako voda in hrana izginjata vsakič, ko ju poskuša doseči.","[""Pred očmi ima vodo in sadje, ne da bi ju sploh lahko dosegel"", ""Neskončno mora potiskati kamen"", ""Orel vsak dan poje svoja jetra"", ""Na svojih ramenih nosi nebo""]",0,,,,,,
course_169_tantale_et_son_supplice,course_169_tantale_et_son_supplice_q5,trueFalse,"Res ali ne: takoj ko Tantal nagne glavo, da bi pil, voda iz jezera ponikne v zemljo.","Tantala ne muči odsotnost vode, temveč njena varljiva bližina: potopi se takoj, ko se ji približa.","[""Prav"", ""Narobe""]",0,,,,,,
course_169_tantale_et_son_supplice,course_169_tantale_et_son_supplice_q6,mcq,Kateri kemični element je poimenovan po tem mitu?,"Leta 1802 je kemik Anders Ekeberg novo kovino poimenoval ""tantal"" v zvezi z žejnim kraljem mita.","[""tantal"", ""Titan"", ""Merkur"", ""Plutonij""]",0,,,,,,
course_169_tantale_et_son_supplice,course_169_tantale_et_son_supplice_q7,mcq,"Zakaj je kemik Ekeberg izbral to ime za kovino, ki jo je odkril?","Kovina se upira kislinam, ne da bi jih absorbirala, tako kot Tantal nikoli ne more piti vode okoli sebe.","[""Ker kovina, potopljena v kisline, skoraj nič ne absorbira"", ""Ker kovino kopljejo blizu Lidije"", ""Ker je kovina težka kot Sizifova skala"", ""Ker kovina ob stiku z vodo spremeni barvo""]",0,,,,,,
course_169_tantale_et_son_supplice,course_169_tantale_et_son_supplice_q8,trueFalse,"Res ali ne: Tantalova linija, Atridi, ostaja prekleta še več generacij po tem zločinu.","Prekletstvo se prenese na Atride, ki jih bosta kasneje podedovala Agamemnon in Orest.","[""Prav"", ""Narobe""]",0,,,,,,
course_16_la_bataille_de_verdun_1916,course_16_la_bataille_de_verdun_1916_q1,mcq,Kako so Nemci poimenovali svojo ofenzivo proti Verdunu leta 1916?,"Operacija nosi ime Gericht, »sodišče«, ki ga je izbral general Falkenhayn.","[""Gericht"", ""Barbarossa"", ""Etui modra"", ""Michael""]",0,,,,,,
course_16_la_bataille_de_verdun_1916,course_16_la_bataille_de_verdun_1916_q2,mcq,Zakaj je nemški general Falkenhayn za svojo ofenzivo izbral prav Verdun?,"Falkenhayn želi »izkrvaviti Francijo« tako, da jo potegne v bitko izčrpavanja na mestu, ki se mu ne more odreči braniti.","[""Ker je Francija ne more zapustiti, ne da bi izgubila obraz, ki ji omogoča, da izkrvavi"", ""Ker je Verdun vojaška prestolnica Francije"", ""Ker je Verdun najmanj branjeno mesto na fronti"", ""Ker so tam nameščeni Britanci""]",0,,,,,,
course_16_la_bataille_de_verdun_1916,course_16_la_bataille_de_verdun_1916_q3,numericSlider,"Koliko dni je trajala bitka pri Verdunu, od 21. februarja do 18. decembra 1916?","Bitka je trajala 299 dni, ena najdaljših v prvi svetovni vojni.",,,,299.0,150.0,450.0,20.0,dni
course_16_la_bataille_de_verdun_1916,course_16_la_bataille_de_verdun_1916_q4,trueFalse,"Res ali ne: trdnjava Douaumont, ključna za francosko obrambo, je padla po večtedenskem junaškem odporu.","Fort Douaumont je padel 25. februarja 1916 skoraj brez boja, le štiri dni po začetku nemške ofenzive.","[""Prav"", ""Narobe""]",1,,,,,,
course_16_la_bataille_de_verdun_1916,course_16_la_bataille_de_verdun_1916_q5,mcq,Kakšna je vloga Svete poti med bitko pri Verdunu?,Voie Sacrée povezuje Bar-le-Duc z Verdunom: skoraj 6000 tovornjakov vsak dan potuje tja za vzdrževanje zalog.,"[""Oskrbi Verdun z ljudmi in opremo iz Bar-le-Duca"", ""Evakuirajte civiliste v Pariz"", ""Povežite Verdun s progo Maginot"", ""Prevoz nemških ujetnikov v zaledje""]",0,,,,,,
course_16_la_bataille_de_verdun_1916,course_16_la_bataille_de_verdun_1916_q6,mcq,"Kaj omogoča sistem rotacije enot, Noria, ki ga je uvedel Pétain?","Zahvaljujoč Noriji se divizije redno razbremenijo, tako da se okoli 70 % francoske vojske občasno bori pri Verdunu.","[""Hitro menjajte oddelke, da omejite čas, preživet na fronti"", ""Nujno pripeljite britanske okrepitve"", ""Zamenjajte francoske vojake samo s kolonialnimi enotami"", ""Med celotno bitko osredotočite eno samo divizijo""]",0,,,,,,
course_16_la_bataille_de_verdun_1916,course_16_la_bataille_de_verdun_1916_q7,numericSlider,"Koliko moških, Francozov in Nemcev skupaj, je bilo približno ubitih ali ranjenih med bitko pri Verdunu?","Bitka je skupno povzročila okoli 700.000 žrtev, okoli 370.000 Francozov in 330.000 Nemcev.",,,,700000.0,300000.0,1200000.0,100000.0,
course_16_la_bataille_de_verdun_1916,course_16_la_bataille_de_verdun_1916_q8,chronological,Postavite te faze bitke pri Verdunu in spomin nanjo v kronološkem vrstnem redu.,Ti mejniki segajo od začetka nemške ofenzive februarja 1916 do francosko-nemške sprave leta 1984.,,,"[""Začetek nemškega bombardiranja"", ""Padec Fort Douaumonta"", ""Zavezniška ofenziva na Sommi razbremeni Verdun"", ""Konec bitke pri Verdunu"", ""Rokovanje francoskih in nemških voditeljev pred kostnico""]",,,,,
course_16_la_bataille_de_verdun_1916,course_16_la_bataille_de_verdun_1916_q9,mcq,Kaj simbolizira rokovanje med Françoisom Mitterrandom in Helmutom Kohlom v Verdunu leta 1984?,Zaradi te geste pred kostnico Douaumont je Verdun simbol miru med Francijo in Nemčijo.,"[""Francosko-nemška sprava"", ""Podpis nove vojaške pogodbe"", ""Otvoritev Evropske unije"", ""Odpuščanje preživelih vojakov""]",0,,,,,,
course_170_meduse_et_persee,course_170_meduse_et_persee_q1,mcq,"Kaj se zgodi z Meduzo, potem ko jo Posejdon posili v Atenskem templju?","Po starodavni tragični logiki Atena kaznuje žrtev: Meduzini lasje postanejo kače, njen pogled pa okameni.","[""Atena jo spremeni v pošast, njeni lasje postanejo kače"", ""Pozejdon se z njo poroči in jo naredi za boginjo"", ""Brez nadaljnje spremembe postane nesmrten"", ""Preprosto je izgnana brez kazni""]",0,,,,,,
course_170_meduse_et_persee,course_170_meduse_et_persee_q2,mcq,Kakšno moč ima Meduzin pogled?,"Meduzin pogled vsakogar, ki ga sreča, spremeni v kamen.","[""Okameni vsakogar, ki ga sreča"", ""To vas naredi nevidnega"", ""On celi vse rane"", ""Takoj zaspi""]",0,,,,,,
course_170_meduse_et_persee,course_170_meduse_et_persee_q3,mcq,Kakšen izziv kralj Polidekt naloži Perzeju?,"Polidekt hoče poslati Perzeja, da bi zapeljal njegovo mater Danajo, in mu vsili ta samomorilni izziv.","[""Prinesite Meduzino glavo"", ""Premagajte Minotavra"", ""Takoj se poroči z Andromedo"", ""Poiščite drobtine""]",0,,,,,,
course_170_meduse_et_persee,course_170_meduse_et_persee_q4,mcq,"Kako Perzeju uspe odrezati Meduzino glavo, ne da bi okamenel?","Voden z odsevom svojega ščita, ki ga je ponudila Atena, Perzej odseka glavo speče Meduze, ne da bi jo sploh pogledal neposredno.","[""Gleda jo le skozi odsev svojega poliranega bronastega ščita"", ""Bori se z zaprtimi očmi"", ""Napade ga ponoči, ko spi, brez posebnih previdnosti."", ""Ščiti ga Afroditin čar""]",0,,,,,,
course_170_meduse_et_persee,course_170_meduse_et_persee_q5,mcq,Kdo ponudi Perzeju odločilni zrcalni ščit?,"Atena da Perzeju svoj poliran bronast ščit, da ga uporabi kot ogledalo proti Meduzi.","[""Atena"", ""Hermes"", ""Had"", ""Zeus""]",0,,,,,,
course_170_meduse_et_persee,course_170_meduse_et_persee_q6,mcq,"Kaj izvira iz Meduzinega vratu, ko ji Perzej odseka glavo?",Meduza je bila noseča s Pozejdonom: iz njenega vratu sta vzklila Pegaz in velikan Chrysaor.,"[""Krilati konj Pegasus in velikan Chrysaor"", ""Še dve kači"", ""Pretok zlate krvi"", ""Pozejdonov duh""]",0,,,,,,
course_170_meduse_et_persee,course_170_meduse_et_persee_q7,mcq,"Zakaj je Andromeda priklenjena na skalo, ko jo odkrije Perzej?","Andromeda je ponujena morski pošasti Cetos, ki jo je poslal Pozejdon, da bi kaznovala ponos njegove matere Kasiopeje.","[""Ponudili so jo kot žrtev morski pošasti, da bi kaznovali materin ponos"", ""Ni ubogala svojega očeta kralja"", ""Ukradla je sveti zaklad"", ""Noče se poročiti s Perzejem""]",0,,,,,,
course_170_meduse_et_persee,course_170_meduse_et_persee_q8,mcq,"Kaj se zgodi z Meduzino glavo, ko jo preda Ateni?","Atena pritrdi Meduzino glavo na svoje okrilje: ta Gorgoneion postane zaščitna sila, ki krasi templje in ščite.","[""Pritrjen je na svoje okrilje in postane Gorgoneion, zaščitni simbol"", ""Uničeno je, da se izbriše spomin na Meduzo"", ""Pokopana je na vrhu Olimpa"", ""Ponujena je Pozejdonu kot popravilo""]",0,,,,,,
course_170_meduse_et_persee,course_170_meduse_et_persee_q9,chronological,Razporedite te faze mita o Meduzi in Perzeju.,Od Meduzinega napada do Andromedine rešitve sledi zgodba natančnemu napredku.,,,"[""Pozejdon napade Meduzo v Atenskem templju"", ""Perzej za svoje iskanje od bogov prejme čarobno orožje"", ""Perzej odseka Meduzino glavo zaradi odseva svojega ščita"", ""Perzej osvobodi Andromedo pred morsko pošastjo Ketos""]",,,,,
course_171_hercule_et_ses_12_travaux,course_171_hercule_et_ses_12_travaux_q1,mcq,Zakaj mora Heraklej opraviti svojih dvanajst podvigov?,"Heraklej, ki ga je Hera prevzela norost, ubije svojo ženo Megaro in svoje otroke; dela so njegova pokora za ta zločin.","[""Kot pokora za umor svoje žene in otrok v napadu norosti, ki ga je izzvala Hera"", ""Da bi dokazal svojo moč bogovom Olimpa"", ""Po preprostem okusu avanture"", ""Po neposrednem ukazu Zevsa, brez posebnega razloga""]",0,,,,,,
course_171_hercule_et_ses_12_travaux,course_171_hercule_et_ses_12_travaux_q2,mcq,Kdo naloži Herakleju seznam njegovih del?,"Preročišče v Delfih naroči Herakleju, naj služi svojemu bratrancu Evristeju, ki mu naloži deset in nato dvanajst del.","[""Kralj Evristej, njegov bratranec, po ukazu preročišča v Delfih"", ""Zeus sam"", ""Hera sama"", ""Kralj Minos""]",0,,,,,,
course_171_hercule_et_ses_12_travaux,course_171_hercule_et_ses_12_travaux_q3,mcq,Kako Heraklej premaga Nemejskega leva?,"Soočen z neprebojno kožo leva, ga Heraklej zadavi z golimi rokami, nato pa ga nosi kot oklep.","[""Zadavi ga z golimi rokami, njegova koža je neprepustna za orožje"", ""Živega ga zažge"", ""Utopi ga v reki"", ""Ujame ga v mrežo""]",0,,,,,,
course_171_hercule_et_ses_12_travaux,course_171_hercule_et_ses_12_travaux_q4,mcq,Zaradi katere posebnosti je Lernejsko hidro tako težko premagati?,"Vsaki odsekani glavi Hidre znova zrasteta dve, dokler ji Heraklej z ognjem ne požge vratov.","[""Za vsako odrezano glavo zrasteta dve"", ""Je popolnoma nevidna"", ""Diha ogenj"", ""Vsak večer se popolnoma regenerira""]",0,,,,,,
course_171_hercule_et_ses_12_travaux,course_171_hercule_et_ses_12_travaux_q5,mcq,Kako Heraklej očisti Avgejeve hleve v enem dnevu?,"Heraklej preusmeri reki Alfej in Penej, katerih tok v enem samem dnevu odnese gnoj.","[""Skozi hleve preusmeri tok dveh rek"", ""Uporablja vojsko sužnjev"", ""Zažge ves nakopičen gnoj"", ""Za pomoč prosi Atheno""]",0,,,,,,
course_171_hercule_et_ses_12_travaux,course_171_hercule_et_ses_12_travaux_q6,mcq,Kako Herakleju uspe Hesperidam prinesti zlata jabolka?,"Heraklej pretenta titana Atlasa, da dobi zlata jabolka Hesperid.","[""Pretenta titana Atlasa, ki na svojih ramenih nosi nebo"", ""Z zmajem se bori sam v sadovnjaku"", ""Ponoči krade jabolka, ne da bi ga opazili"", ""Kupi jih od nimf varuhov""]",0,,,,,,
course_171_hercule_et_ses_12_travaux,course_171_hercule_et_ses_12_travaux_q7,mcq,Kaj je zadnje in najstrašnejše od dvanajstih Heraklejevih podvigov?,Vrnitev Cerberusa živega iz podzemlja za Herakleja simbolizira zmago nad samo smrtjo.,"[""Spustite se v pekel in vrnite Cerberusa"", ""Ubijte Minotavra"", ""Ukradi Hipolitov pas"", ""Premagajte velikana Geryona""]",0,,,,,,
course_171_hercule_et_ses_12_travaux,course_171_hercule_et_ses_12_travaux_q8,trueFalse,"Res ali ne: Heraklej umre zastrupljen s tuniko, prepojeno s krvjo kentavra Nesusa, ki mu jo je ponudila njegova žena Deianira.","Deianira prisili Herakleja, da nosi tuniko, prepojeno s strupeno krvjo kentavra Nessusa, ki ga živega sežge.","[""Prav"", ""Narobe""]",0,,,,,,
course_171_hercule_et_ses_12_travaux,course_171_hercule_et_ses_12_travaux_q9,mcq,"Kaj se zgodi, ko Heraklej umre na grmadi na gori Oeta?","Na grmadi gori smrtni del Herakleja, medtem ko se njegovo božansko bistvo vzpenja proti Olimpu: to je apoteoza.","[""Njegov božanski del se pridružuje Olimpu: je apoteoza"", ""Postane le ozvezdje na nebu"", ""Ponovno se rodi nesmrten na Zemlji"", ""Zagotovo se spusti v pekel""]",0,,,,,,
course_171_hercule_et_ses_12_travaux,course_171_hercule_et_ses_12_travaux_q10,chronological,Postavite te faze mita o Herakleju v red.,"Od norosti, ki jo je izzvala Hera, do spusta v podzemlje sledijo Heraklejeva dela jasnemu napredovanju.",,,"[""Hera obnori Herakla in ga prisili, da ubije svojo družino"", ""Heraklej z golimi rokami zadavi Nemejskega leva"", ""Heraklej preusmeri dve reki, da očisti Avgejeve hleve"", ""Heraklej se spusti v podzemlje, da bi vrnil Cerberusa""]",,,,,
course_172_thesee_et_le_minotaure,course_172_thesee_et_le_minotaure_q1,mcq,Zakaj se je po mitu rodil Minotaver?,"Minos noče žrtvovati belega bika Pozejdonu, ki se maščuje tako, da navdihne kraljico Pasifaé s strastjo do živali, iz katere se rodi Minotaver.","[""Pozejdon kaznuje Minosa tako, da kraljici Pasifaji vzbudi strast do bika"", ""Minos namenoma ustvari pošast, da prestraši Atene"", ""Minotaver je Zevsovo darilo Minosu"", ""Daedalus izumi Minotavra, da preizkusi svoj labirint""]",0,,,,,,
course_172_thesee_et_le_minotaure,course_172_thesee_et_le_minotaure_q2,mcq,"Kdo je zgradil labirint, ki naj bi zaprl Minotavra?","Kralj Minos naroči izumitelju Dedalu, da zgradi slepi zapor, Labirint.","[""Labirint"", ""Tezej"", ""Minos"", ""Ariane""]",0,,,,,,
course_172_thesee_et_le_minotaure,course_172_thesee_et_le_minotaure_q3,mcq,Kaj naj Atene dostavijo na Kreto vsakih devet let?,Po izgubljeni vojni morajo Atene Minotavru vsakih devet let predati sedem mladeničev in sedem mladih deklet kot hrano.,"[""Sedem mladeničev in sedem mladih deklet se pase z Minotavrom"", ""Poklon zlata in srebra"", ""Sedem vojnih ladij"", ""Samo sin kralja Egeja""]",0,,,,,,
course_172_thesee_et_le_minotaure,course_172_thesee_et_le_minotaure_q4,mcq,Zahvaljujoč kateremu predmetu Tezej uspe priti iz Labirinta?,"Ariane mu da klobčič volne, ki ga odvije, ko hodi naprej, nato pa ga previje nazaj, da bi našel izhod.","[""Klob niti, ki mu ga je dala Ariane"", ""Zemljevid, ki ga je narisal Dedal"", ""Čarobna svetilka"", ""Na stenah vgraviran zemljevid""]",0,,,,,,
course_172_thesee_et_le_minotaure,course_172_thesee_et_le_minotaure_q5,trueFalse,Res ali ne: Tezej med povratkom zapusti spečo Ariadno na otoku Naxos.,"Na otoku Naksos Tezej zapusti spečo Ariadno; nekateri pravijo, da jo je bog Dioniz želel za svojo ženo.","[""Prav"", ""Narobe""]",0,,,,,,
course_172_thesee_et_le_minotaure,course_172_thesee_et_le_minotaure_q6,mcq,Zakaj se je kralj Egej vrgel z rta Sounion?,"Tezej pozabi dvigniti dogovorjena bela jadra; ko vidi črna jadra, Egej misli, da je njegov sin mrtev, in se vrže s pečine.","[""Misli, da je njegov sin mrtev, ko zagleda črna jadra ladje"", ""Izve za ženino smrt"", ""Minos ga premaga"", ""Pobegnil je pred invazijo Krečanov""]",0,,,,,,
course_172_thesee_et_le_minotaure,course_172_thesee_et_le_minotaure_q7,mcq,Od kod izvira ime Egejskega morja?,"Morje se je imenovalo Egejsko, odkar se je vanj vrgel kralj, ki je verjel, da je njegov sin mrtev.","[""O kralju Egeju, ki je umrl, ko se je vrgel v njene vode"", ""Od boginje morja po imenu Egej"", ""Z otoka, imenovanega Egej"", ""Poimenovana po Tezejevi ladji""]",0,,,,,,
course_172_thesee_et_le_minotaure,course_172_thesee_et_le_minotaure_q8,mcq,"Katero veliko politično delo pripisujejo Tezeju, ko je bil nekoč atenski kralj?","Tezeju pripisujejo sinojizem, združitev atiških vasi okoli Aten, pa tudi ustanovitev Panatenej.","[""Združitev atiških mest okoli Aten (sinojizem)"", ""Gradnja Partenona"", ""Ustanovitev atenske demokracije"", ""Osvojitev Krete""]",0,,,,,,
course_172_thesee_et_le_minotaure,course_172_thesee_et_le_minotaure_q9,chronological,Postavite te faze mita o Tezeju in Minotavru v vrsto.,"Minosova zavrnitev sproži rojstvo Minotavra, nato poklon, Ariadnino zvijačo in končno Egejevo smrt po pomoti.",,,"[""Minos noče žrtvovati belega bika Pozejdonu"", ""Tezej se prostovoljno javi za poklon, poslan na Kreto"", ""Ariadna da Tezeju nit, ki mu bo omogočila pobeg iz Labirinta"", ""Egej se vrže z rta Sounion, ko vidi črna jadra""]",,,,,
course_173_ulysse_et_le_cyclope,course_173_ulysse_et_le_cyclope_q1,mcq,Kdo je Polifem?,"Polifem je Kiklop, enooki velikan, sin boga morja Pozejdona.","[""Kiklop, sin boga Pozejdona"", ""Grški kralj se je povezal z Uliksesom"", ""Bog Olimpa"", ""Ulyssesov brat""]",0,,,,,,
course_173_ulysse_et_le_cyclope,course_173_ulysse_et_le_cyclope_q2,mcq,"Katero sveto grško pravilo Odisej upa, da bo spoštovano, ko vstopi v Kiklopovo votlino?","Grki so verjeli v ksenijo, sveto dolžnost sprejemanja tujca pod Zevsovo zaščito; Polifem se tega popolnoma ne zaveda.","[""Ksenija, dolžnost sprejeti tujca"", ""Vojno pravo"", ""Zakon najmočnejšega"", ""Letni poklon""]",0,,,,,,
course_173_ulysse_et_le_cyclope,course_173_ulysse_et_le_cyclope_q3,mcq,Kakšno zvito ime je Odisej dal Polifemu?,"Ulikses se predstavi kot »Nihče« (grško Outis), ime, ki spominja tudi na mešanstvo, zvitost in seje zmedo po napadu.","[""Nihče (Outis)"", ""Nič"", ""Odisej z Itake"", ""Neznanec""]",0,,,,,,
course_173_ulysse_et_le_cyclope,course_173_ulysse_et_le_cyclope_q4,mcq,Kako Odiseju in njegovim možem uspe raniti Polifema?,"Odisej zareže oljčni kol, ki ga segreje, nato pa ga njegovi možje zarinejo v eno oko Kiklopa, ki spi ob vinu.","[""V eno oko mu zabijejo goreč oljčni kol"", ""Zastrupijo ga z vinom"", ""Med spanjem ga napadejo z meči"", ""Zaradi njih se jama zruši""]",0,,,,,,
course_173_ulysse_et_le_cyclope,course_173_ulysse_et_le_cyclope_q5,trueFalse,"Res ali ne: ko drugi Kiklopi vprašajo, kdo napada Polifema, ta odgovori ""Nihče"" in odidejo, ne da bi posredovali.","Polifem zavpije, da ga »nihče« ne napada: drugi Kiklopi, ki verjamejo v božansko zlo, mu ne pridejo pomagat.","[""Prav"", ""Narobe""]",0,,,,,,
course_173_ulysse_et_le_cyclope,course_173_ulysse_et_le_cyclope_q6,mcq,"Kako se Odisej in njegovi tovariši rešijo iz jame, ki jo opazuje slepi Kiklop?","Odisej svoje tovariše priveže pod trebuh najbolj volnate ovce, sam pa se obesi pod največjega ovna, da bi prevaral slepega Kiklopa.","[""Skrit pod trebuhi ovc črede"", ""S kopanjem tunela"", ""Tako, da se pretvarjam, da sem naslikana ovca"", ""Tako, da drugič uspava Polifema""]",0,,,,,,
course_173_ulysse_et_le_cyclope,course_173_ulysse_et_le_cyclope_q7,mcq,"Kakšno napako naredi Odisej, ko je na varnem na morju?","Zaradi želje po kleosu, slavi, ki preživi v imenu, Odisej zakriči svojo identiteto Polifemu, ki ga lahko nato po imenu preklinja Pozejdonu.","[""Zaradi želje po slavi Polifemu razkrije svoje pravo ime in svoje mesto."", ""Zapusti nekaj svojih ljudi na otoku"", ""Ponovno napade Kiklopovo jamo"", ""Poškodovanim sopotnikom noče pomagati""]",0,,,,,,
course_173_ulysse_et_le_cyclope,course_173_ulysse_et_le_cyclope_q8,mcq,Kakšne so posledice Polifemovega prekletstva na Odiseja?,"Polifem moli k svojemu očetu Pozejdonu, da Odisej dolgo tava in izgubi vse svoje spremljevalce: to prekletstvo odpre deset let preizkušenj na morju.","[""Struktura desetletnega potepanja po morju za Uliksa"", ""Odiseja spremeni v Kiklopa"", ""Takoj ubije vse svoje spremljevalce"", ""Odiseju prepreči, da bi še kdaj videl Itako""]",0,,,,,,
course_173_ulysse_et_le_cyclope,course_173_ulysse_et_le_cyclope_q9,chronological,Postavite te faze epizode Cyclops v vrstni red.,"Od vstopa v jamo do oslepitve, nato do izpovedi imena na morju, epizoda sledi natančnemu napredovanju, ki zapečati Uliksesovo usodo.",,,"[""Odisej in njegovi možje vstopijo v Polifemovo jamo"", ""Polifem se napije in vpraša svojega gosta za ime"", ""Grki oslepijo Kiklopa z gorečim kolom"", ""Odisej z ladje kriči svoje pravo ime""]",,,,,
course_174_ulysse_et_les_sirenes,course_174_ulysse_et_les_sirenes_q1,mcq,"Kaj Sirene obljubljajo tistim, ki jih poslušajo?","Sirene obljubljajo absolutno znanje, vključno z vsem, kar se je zgodilo v trojanski vojni, največji skušnjavi za Odiseja.","[""Absolutno znanje o vsem, kar se dogaja na zemlji"", ""Neskončno bogastvo"", ""Nesmrtnost"", ""Takojšnja vrnitev na Itako""]",0,,,,,,
course_174_ulysse_et_les_sirenes,course_174_ulysse_et_les_sirenes_q2,trueFalse,Res ali ne: pri Homerju so sirene predstavljene kot ženske z ribjimi repi.,"Pri Homerju so sirene pol ženske, pol ptice; upodobitev ribice se pojavi šele pozneje, v srednjem veku.","[""Prav"", ""Narobe""]",1,,,,,,
course_174_ulysse_et_les_sirenes,course_174_ulysse_et_les_sirenes_q3,mcq,"Kaj stori Odisej, da njegovi tovariši ne slišijo pesmi siren?","Ulikses zamaši ušesa svojim tovarišem s čebeljim voskom, da ne slišijo ničesar o pesmi.","[""Ušesa jim zamaši s čebeljim voskom"", ""Zaradi njega zaspijo"", ""Izkrca jih pred otokom siren"", ""Da jim protistrup""]",0,,,,,,
course_174_ulysse_et_les_sirenes,course_174_ulysse_et_les_sirenes_q4,mcq,"Kako Odiseju uspe slišati pesem, ne da bi ji podlegel?","Odisej se priveže na jambor in naroči svojim možem, naj zategnejo njegove vezi, če zahteva svojo svobodo, karkoli reče.","[""Privezan je na jambor z ukazom, naj zategne vezi, če zaprosi za izpustitev."", ""Na pol si pokrije ušesa"", ""Med celotnim prehodom zapre oči"", ""Svoje može prisili, da nosijo čarobni ščit""]",0,,,,,,
course_174_ulysse_et_les_sirenes,course_174_ulysse_et_les_sirenes_q5,mcq,"Kdo je Uliksa opozoril na nevarnost in strategijo, ki jo je treba sprejeti proti sirenam?","Čarovnik Circe je bil tisti, ki je opozoril Ulyssesa in mu dovolil, da pripravi svojo strategijo.","[""Čarovnik Circe"", ""Boginja Atena"", ""Vedeževalec Tiresias"", ""Njegova žena Penelope""]",0,,,,,,
course_174_ulysse_et_les_sirenes,course_174_ulysse_et_les_sirenes_q6,mcq,"Kateri družboslovni koncept ponazarja prizor Odiseja, privezanega na jambor?","Ker ve, da bo pred skušnjavo šibek, Ulikses sam vnaprej omeji svoje možnosti: to je predhodna zaveza ali predzaveza.","[""Predhodna zaveza"", ""Pristranskost potrditve"", ""Učinek skupine"", ""Kognitivna disonanca""]",0,,,,,,
course_174_ulysse_et_les_sirenes,course_174_ulysse_et_les_sirenes_q7,trueFalse,"Res ali ne: ko se sliši pesem, Ulikses ostane popolnoma miren in nikoli ne prosi, da bi se oddaljil.","Ko se pesem dvigne, Ulikses izgubi mir in zavpije, naj ga odvežejo; le njegovi možje, gluhi in zvesti načrtu, mu preprečujejo, da bi popuščal.","[""Prav"", ""Narobe""]",1,,,,,,
course_174_ulysse_et_les_sirenes,course_174_ulysse_et_les_sirenes_q8,mcq,Kako se je v srednjem veku razvijala podoba siren?,"V srednjem veku je homerska ptica-ženska postala riba-ženska, Cerkev pa je sirene razumela kot simbole poželenja.","[""Ptičja ženska postane ženska riba, simbol poželenja Cerkve"", ""Sirene postanejo angeli zaščitniki"", ""Povsem izginejo iz ikonografije"", ""Povezani so z bogom Pozejdonom""]",0,,,,,,
course_174_ulysse_et_les_sirenes,course_174_ulysse_et_les_sirenes_q9,chronological,Postavite te korake iz epizode Mermaids v vrstni red.,"Pred pripravo materiala je Circino opozorilo, nato preizkus same pesmi, kjer Uliksa reši le predhodni dogovor.",,,"[""Circe opozori Ulyssesa na nevarnost siren"", ""Odisej svojim tovarišem zamaši ušesa z voskom"", ""Odiseja privežejo na ladijski jambor"", ""Zazveni pesem siren in Ulikses zahteva svojo svobodo""]",,,,,
course_175_jason_et_la_toison_d_or,course_175_jason_et_la_toison_d_or_q1,mcq,Zakaj gre Jason iskat zlato runo?,"Pelias, ki je uzurpiral Iolcosov prestol, obljubi, da ga bo vrnil Jazonu, če mu prinese zlato runo, ki ga varuje zmaj.","[""Njegov stric Pelias to zahteva od njega v zameno za prestol, ki ga je uzurpiral."", ""Želi narediti vtis na Medejo"", ""Bogovi ga izženejo v Kolhido"", ""Skuša maščevati svojega očeta Ésona""]",0,,,,,,
course_175_jason_et_la_toison_d_or,course_175_jason_et_la_toison_d_or_q2,mcq,"Kako Jason izgubi sandal, preden zasede svoj prestol?","Jazon pomaga stari ženski prečkati potok, pravzaprav preoblečeni boginji Heri, in v blatu izgubi sandal.","[""S pomočjo stari ženski, v resnici preoblečeni boginji Heri, pri prečkanju potoka"", ""Med bojem z morsko pošastjo"", ""Med nevihto na Argu"", ""Beži pred Harpijami""]",0,,,,,,
course_175_jason_et_la_toison_d_or,course_175_jason_et_la_toison_d_or_q3,mcq,Kdo sestavlja posadko ladje Argo poleg Jasona?,"Argo sprejme na krov elitno skupino grških junakov, vključno s Heraklesom, Orfejem ter dvojčkoma Kastorjem in Poluksom.","[""Heroji, kot so Heraklej, Orfej, Kastor in Poluks"", ""Samo anonimni mornarji iz Iolcosa"", ""Amazonke so prišle kot okrepitev"", ""Kralj Aeetes in njegov dvor""]",0,,,,,,
course_175_jason_et_la_toison_d_or,course_175_jason_et_la_toison_d_or_q4,mcq,Kako so Argonavti prečkali skale Symplegades?,"Jason izpusti goloba: skale se zaprejo na njegovih peresih in nato odprejo, zaradi česar Argo komaj prečka.","[""Jason izpusti goloba, da preizkusi, kdaj se skale odprejo"", ""Skale obidejo po drugi poti"", ""Pozejdon sam premika skale"", ""Čakajo na noč brez meseca, da ostanejo neopaženi""]",0,,,,,,
course_175_jason_et_la_toison_d_or,course_175_jason_et_la_toison_d_or_q5,mcq,Kakšno vlogo ima Medeja pri osvojitvi zlatega runa?,"Zaljubljena v Jazona Medeja mu priskrbi mazilo proti ognju bikov, svetuje zvijačo proti bojevnikom, rojenim iz zmajevih zob, nato pa zmaja varuha uspava.","[""Jasonu da zaščitno mazilo in uspava zmaja varuha"", ""Sama se z mečem bori z zmajem"", ""Očeta prepriča, naj se mirno odpove Runu"", ""Jasona spremeni v nepremagljivega bika""]",0,,,,,,
course_175_jason_et_la_toison_d_or,course_175_jason_et_la_toison_d_or_q6,trueFalse,"Res ali ne: Medeja, da bi pobegnila iz Kolhide, ubije lastnega brata Absirta in njegove ostanke raztrese po morju, da bi zadržala njunega očeta.","Medeja ubije svojega brata Absirta in njegove ostanke raztrese po morju; njihov oče Aeetes se ustavi, da pobere truplo, kar Jasonu in Medeji omogoči beg.","[""Prav"", ""Narobe""]",0,,,,,,
course_175_jason_et_la_toison_d_or,course_175_jason_et_la_toison_d_or_q7,mcq,"Kako se Medeja maščuje Peliju, ki noče prepustiti prestola Jazonu?","Medeja pretenta Pelijeve hčere, da verjamejo, da lahko očeta pomladijo tako, da ga razrežejo, kar ga ubije.","[""Svoje hčerke prevara, da ga ubijejo, v prepričanju, da ga bo tako pomladila"", ""Neposredno ga zastrupi"", ""Izroči ga zmaju iz Kolhide"", ""Herakleja prosi, naj se bori z njim""]",0,,,,,,
course_175_jason_et_la_toison_d_or,course_175_jason_et_la_toison_d_or_q8,mcq,Zakaj se Medeja končno maščuje Jazonu v Korintu?,"Ko se želi Jazon poročiti s hčerko kralja Kreonta, se Medeja maščuje tako, da z zastrupljeno obleko ubije svojo tekmico, nato pa še lastne otroke.","[""Jason jo želi zapustiti, da bi se poročil s hčerko kralja Kreonta"", ""Jason noče priznati njunih otrok"", ""Jazon jo brez razloga nažene iz Korinta"", ""Jason razkrije svojo čarobno skrivnost kralju""]",0,,,,,,
course_175_jason_et_la_toison_d_or,course_175_jason_et_la_toison_d_or_q9,chronological,Postavite te korake v zgodbi o Jazonu in zlatem runu v vrstni red.,Od odhoda k Iolcosu do Medejinega končnega maščevanja v Korintu mit sledi nepretrgani poti osvajanja in nato padca.,,,"[""Jason izgubi sandal, medtem ko pomaga stari ženski"", ""Argo prečka Roches Symlégades zahvaljujoč golobu"", ""Medeja uspava zmaja, Jazon pa vzame runo"", ""Medeja se v Korintu maščuje za Jazonovo izdajo""]",,,,,
course_176_achille_le_talon_et_l_invulnerabilite,course_176_achille_le_talon_et_l_invulnerabilite_q1,mcq,Kdo so Ahilovi starši?,Ahil je sin nimfe Tetide in smrtnika Peleja.,"[""Nimfa Tetida in smrtnik Pelej"", ""Boginja Hera in kralj Priam"", ""Nimfa Tetida in bog Zevs"", ""Niti ni smrtnik""]",0,,,,,,
course_176_achille_le_talon_et_l_invulnerabilite,course_176_achille_le_talon_et_l_invulnerabilite_q2,mcq,Zakaj Tetida pahne Ahila v Stiks?,"Tetida potopi Ahila v Stiks, reko podzemlja, katere voda bi naredila njegovo kožo neprepustno, da bi ga zaščitila.","[""Da naredi njegovo kožo neprebojno in ga zaščiti"", ""Da ga očisti pred uradnim rojstvom"", ""Da mu dam dar besede bogov"", ""Da ga uspavam pred daljšo potjo""]",0,,,,,,
course_176_achille_le_talon_et_l_invulnerabilite,course_176_achille_le_talon_et_l_invulnerabilite_q3,mcq,Zakaj Ahilova peta ostaja ranljiva?,"Ko ga Tetida prime za peto, da bi ga potopila v Stiks, pusti to območje suho in zato ranljivo.","[""Tetida ga prime za peto tako, da ga potopi v Stiks, ki zato ostane suh"", ""Ahil je iz radovednosti vzel nogo iz vode"", ""Styx se nikoli ni dotaknil njegovih nog"", ""Ljubosumni bog je preklel svojo peto""]",0,,,,,,
course_176_achille_le_talon_et_l_invulnerabilite,course_176_achille_le_talon_et_l_invulnerabilite_q4,mcq,Zakaj se Ahil umakne iz boja pred Trojo?,"Potem ko Agamemnon vzame svojo ujetnico Brizeido, se Ahil užaljen umakne iz boja, kar močno oslabi grško vojsko.","[""Agamemnon vzame svojo ujetnico Briseis, žalitev, ki je ne prenese"", ""Ima poškodovano peto"", ""Noče se soočiti s Hectorjem"", ""Bogovi mu prepovedujejo boj""]",0,,,,,,
course_176_achille_le_talon_et_l_invulnerabilite,course_176_achille_le_talon_et_l_invulnerabilite_q5,mcq,Kaj končno pripelje Ahila nazaj v boj?,"Smrt Patrokla, njegovega najdražjega spremljevalca, je tista, ki Ahila prisili, da ponovno prime v roke.","[""Smrt njegovega spremljevalca Patrokla"", ""Agamemnonova obljuba bogastva"", ""Zevsov neposredni ukaz"", ""Trojanci zavzamejo Briseis""]",0,,,,,,
course_176_achille_le_talon_et_l_invulnerabilite,course_176_achille_le_talon_et_l_invulnerabilite_q6,trueFalse,"Res ali ne: po umoru Hektorja Ahil njegovo truplo vleče za svoj voz in le kralj Priam ga uspe prepričati, da ga vrne.","Ahil iz jeze vleče Hektorjevo telo; to je nočni obisk starega kralja Priama, ki ga pripelje nazaj med človeštvo in prisili, da vrne telo.","[""Prav"", ""Narobe""]",0,,,,,,
course_176_achille_le_talon_et_l_invulnerabilite,course_176_achille_le_talon_et_l_invulnerabilite_q7,mcq,"Kdo izstreli usodno puščico, ki ubije Ahila v peto?","Paris, princ lokostrelec, malo cenjen zaradi svojega poguma, je tisti, ki izstreli usodno puščico, ki jo vodi Apolon, v Ahilovo peto.","[""Pariz, ki ga vodi Apolon"", ""Hector, pred smrtjo"", ""Agamemnon, iz ljubosumja"", ""Priam, da bi maščeval svojega sina""]",0,,,,,,
course_176_achille_le_talon_et_l_invulnerabilite,course_176_achille_le_talon_et_l_invulnerabilite_q8,mcq,Kakšno izbiro bi imel Ahil glede na mit?,"Ahil bi lahko izbiral med dolgim in pozabljenim življenjem ter kratkim, a večno slavnim življenjem: izbral je slavo.","[""Dolgo in pozabljeno življenje ali kratko in veličastno življenje"", ""Postanite kralj Troje ali ostanite preprosti vojak"", ""Poroči se z Briseis ali s Hélène"", ""Boj za Trojance ali Grke""]",0,,,,,,
course_176_achille_le_talon_et_l_invulnerabilite,course_176_achille_le_talon_et_l_invulnerabilite_q9,mcq,"Kaj danes pomeni izraz ""Ahilova peta""?","Izraz ""Ahilova peta"" se nanaša na skrito napako v sicer močnem sistemu ali osebi.","[""Napaka v sicer na videz trdnem sistemu"", ""Samo običajna športna poškodba"", ""Prostovoljna junaška žrtev"", ""Zadnja obrambna črta vojske""]",0,,,,,,
course_176_achille_le_talon_et_l_invulnerabilite,course_176_achille_le_talon_et_l_invulnerabilite_q10,chronological,Uredite te faze Ahilovega življenja.,"Od njegove zaščite kot otroka do njegove smrti v bitki sledi Ahilova usoda poti, ki jo zaznamujeta slava in usodnost njegove pete.",,,"[""Tetida pahne otroka Ahila v Stiks in ga drži za peto"", ""Ahil se po napadu na Agamemnona umakne iz boja"", ""Patroklova smrt pripelje Ahila nazaj na bojno polje"", ""Paris doseže Ahilovo peto s puščico, ki jo vodi Apolon""]",,,,,
course_177_dipe_et_le_sphinx,course_177_dipe_et_le_sphinx_q1,mcq,Kaj je Sfinga v mitu o Ojdipu?,"Sfinga je hibridno bitje (levje telo, ženski kip, ptičja krila, kačji rep), ki blokira tebanske ceste in ubija tiste, ki ne uspejo rešiti njene uganke.","[""Hibridna pošast, ki mimoidočim v bližini Teb predstavlja smrtonosno uganko"", ""Maščevalni grški bog"", ""Tekmovalni kralj Teb"", ""Morsko bitje, ki ga je poslal Pozejdon""]",0,,,,,,
course_177_dipe_et_le_sphinx,course_177_dipe_et_le_sphinx_q2,mcq,"Zakaj so Tebe brez pravega voditelja, ko jih prevzame Sfinga?","Kralj Laius je izginil, ubila ga je neznana oseba na križišču, tako da je mesto Tebe ostalo brez zakonitega voditelja.","[""Kralj Laius je izginil, ubila ga je neznana oseba na križišču"", ""Kralj je prostovoljno abdiciral"", ""Mesto je bilo pravkar napadeno"", ""Prestol je bil vedno prazen""]",0,,,,,,
course_177_dipe_et_le_sphinx,course_177_dipe_et_le_sphinx_q3,mcq,Kakšno vprašanje je postavila Sfinga?,"Sfinga sprašuje, katero bitje ima štiri noge zjutraj, dve opoldne in tri zvečer.","[""Katero bitje ima štiri noge zjutraj, dve opoldne, tri zvečer?"", ""Kako je ime pravemu tebanskemu kralju?"", ""Kako premagati pošast brez orožja?"", ""Katero mesto bo vladalo Grčiji?""]",0,,,,,,
course_177_dipe_et_le_sphinx,course_177_dipe_et_le_sphinx_q4,mcq,Kakšen odgovor daje Ojdip na uganko o Sfingi?,"Ojdip odgovarja »Človek«: kot otrok se plazi po vseh štirih, kot odrasel hodi po dveh nogah, kot star človek se opira na palico.","[""Človek"", ""Čas"", ""Štirinožna žival"", ""Bog""]",0,,,,,,
course_177_dipe_et_le_sphinx,course_177_dipe_et_le_sphinx_q5,trueFalse,Res ali ne: Ojdip kot nagrado za zmago nad Sfingo prejme tebansko krono in se poroči z ovdovelo kraljico Jokasto.,"Kot je bilo obljubljeno, Ojdip postane kralj Teb in se po zmagi nad Sfingo poroči z ovdovelo kraljico Jokasto.","[""Prav"", ""Narobe""]",0,,,,,,
course_177_dipe_et_le_sphinx,course_177_dipe_et_le_sphinx_q6,mcq,"Zakaj je Ojdip pobegnil iz Korinta, preden je prišel v Tebe?","Ojdipu je orakelj napovedal, da bo ubil očeta in se poročil z materjo: pobegnil je iz Korinta, verjel je, da se bo izognil tej usodi.","[""Orakelj je napovedal, da bo ubil očeta in se poročil z materjo."", ""Bil je izgnan zaradi izdaje"", ""Svojo srečo je iskal drugje"", ""Bežal je pred državljansko vojno""]",0,,,,,,
course_177_dipe_et_le_sphinx,course_177_dipe_et_le_sphinx_q7,mcq,"Kaj razkrije Apolon, ko kuga prizadene Tebe, pozneje med Ojdipovo vladavino?","Apollo razkrije, da se bo kuga končala šele, ko bodo identificirali morilca kralja Laja, kar bo sprožilo Ojdipovo usodno preiskavo.","[""Nadloga se bo končala, ko bodo našli Lajevega morilca"", ""Mesto mora žrtvovati kraljevega otroka"", ""Sfingo je treba maščevati"", ""Nova pošast grozi mestu""]",0,,,,,,
course_177_dipe_et_le_sphinx,course_177_dipe_et_le_sphinx_q8,mcq,Kakšno tragično resnico na koncu razkrije Ojdipova preiskava?,"Preiskava razkrije, da je Ojdip ubil lastnega očeta Laja in se poročil z lastno materjo Jokasto, ne da bi vedel.","[""Sam je ubil Laja, svojega očeta, in se poročil z Jokasto, svojo materjo"", ""Pravi krivec je Kreon"", ""Laius je še vedno živ, skrit"", ""Sfinga je lagala o identiteti kralja""]",0,,,,,,
course_177_dipe_et_le_sphinx,course_177_dipe_et_le_sphinx_q9,mcq,"Kaj naredi Ojdip, ko izve resnico o svoji usodi?","Ko je Ojdip oslepel, ko si je iztaknil oči, končno »ugleda« resnico o sebi; nato tava, podpira ga njegova hči Antigona.","[""Ugasne oči"", ""Takoj odide v izgnanstvo na morje"", ""Abdicira in imenuje Kreonta za kralja"", ""Pomiri se z Jokasto""]",0,,,,,,
course_177_dipe_et_le_sphinx,course_177_dipe_et_le_sphinx_q10,chronological,Razporedite te faze mita o Ojdipu.,"Od bega iz Korinta do tragičnega razkritja svoje identitete gre Ojdip skozi potovanje, kjer zmaga nad Sfingo sledi njegovemu padcu.",,,"[""Ojdip pobegne iz Korinta, da bi se izognil prerokbi"", ""Ojdip na uganko o Sfingi odgovori z »človek«."", ""Ojdip postane tebanski kralj in se poroči z Jokasto"", ""Raziskava kuge razkrije, da je Ojdip ubil lastnega očeta""]",,,,,
course_178_antigone_devoir_familial_vs_loi_de_l_eta,course_178_antigone_devoir_familial_vs_loi_de_l_eta_q1,mcq,Zakaj Polinejk po Kreontovem dekretu ni upravičen do pogreba?,"Polinejk je napadel Tebe s tujo vojsko; Kreont, ki ga obravnavajo kot izdajalca, zavrne kakršen koli pokop, za razliko od njegovega brata Eteokla.","[""S tujo vojsko je napadel lastno mesto in obravnavan je kot izdajalec"", ""Umrl je predaleč od Teb"", ""Ni pripadal kraljevi družini"", ""Kreon preprosto ignorira njegovo smrt""]",0,,,,,,
course_178_antigone_devoir_familial_vs_loi_de_l_eta,course_178_antigone_devoir_familial_vs_loi_de_l_eta_q2,mcq,Zakaj je bila odsotnost groba za stare Grke tako grozljiva?,"Za Grke duša mrtvega brez pogrebnega obreda tava blizu Stiksa, reke podzemlja, ne da bi kdaj našla počitek.","[""Brez pogrebnih obredov duša nemirno tava ob Stiksu"", ""Telo tvega, da ga pojedo svete živali"", ""Sramoti le žive, ne mrtve"", ""Mesto izgubi verski status""]",0,,,,,,
course_178_antigone_devoir_familial_vs_loi_de_l_eta,course_178_antigone_devoir_familial_vs_loi_de_l_eta_q3,mcq,Kako Antigona kljub Kreontovi prepovedi opravi pogrebni obred?,"Preprosta prgišče zemlje je bila simbolično dovolj za dokončanje pogrebnega obreda: to je diskretna gesta, ki jo Antigona izvaja sama.","[""S simbolnim prekrivanjem telesa z zemljo"", ""Z organizacijo ogromnih javnih pogrebov"", ""S pozivom vojski za zaščito telesa"", ""S pokvarjenjem Kreontovih stražarjev""]",0,,,,,,
course_178_antigone_devoir_familial_vs_loi_de_l_eta,course_178_antigone_devoir_familial_vs_loi_de_l_eta_q4,mcq,Na katerem načelu Antigona utemeljuje svojo nepokorščino Kreontu?,"Antigona zahteva naravno pravo: nenapisane in nespremenljive zakone, starejše in bolj legitimne od kraljevih odlokov.","[""Nenapisani in nespremenljivi zakoni, starejši od človeških odlokov"", ""Njen status princese, nadrejen zakonom"", ""Skrivni ukaz bogov, prejet v sanjah"", ""Obljuba očetu Ojdipu""]",0,,,,,,
course_178_antigone_devoir_familial_vs_loi_de_l_eta,course_178_antigone_devoir_familial_vs_loi_de_l_eta_q5,mcq,Kakšno kazen naloži Kreont Antigoni?,"Kreon obsodi Antigono, da jo živo zazidajo, ker ni upoštevala njegovega odloka.","[""Biti živ zazidan"", ""Dokončno izgnanstvo"", ""Javno kamenjanje"", ""Izgon njene sestre Ismene z njo""]",0,,,,,,
course_178_antigone_devoir_familial_vs_loi_de_l_eta,course_178_antigone_devoir_familial_vs_loi_de_l_eta_q6,trueFalse,"Res ali ne: Antigonina sestra, Ismena, ji že od začetka ne uboga in pokoplje Polinejka poleg nje.","Ismena okleva, je previdna in ne ukrepa z Antigono: prepovedani pogrebni obred opravi sama.","[""Prav"", ""Narobe""]",1,,,,,,
course_178_antigone_devoir_familial_vs_loi_de_l_eta,course_178_antigone_devoir_familial_vs_loi_de_l_eta_q7,mcq,Kdo je Haemon in kakšno vlogo igra v tragediji?,"Haemon, Kreonov sin in Antigonin zaročenec, se zaman trudi pregovoriti z očetom, preden pride do tragedije.","[""Kreontov sin in Antigonin zaročenec, ki skuša ugovarjati očetu"", ""Antigonin brat je umrl v vojni"", ""Vedeževalec, ki je napovedal padec Teb"", ""Novi kralj po Kreonu""]",0,,,,,,
course_178_antigone_devoir_familial_vs_loi_de_l_eta,course_178_antigone_devoir_familial_vs_loi_de_l_eta_q8,mcq,Kaj vedeževalec Tiresias razkrije Kreontu?,"Teiresias naznanja, da so bogovi jezni: mesto je omadeženo zaradi zapuščenega trupla in zaradi nepravičnega zapora Antigone.","[""Bogovi so jezni na mesto, omadeženo s svojimi odločitvami"", ""Antigono je treba takoj in brezpogojno izpustiti"", ""Polinejk je bil pravzaprav nedolžen"", ""Tebam grozi nova pošast""]",0,,,,,,
course_178_antigone_devoir_familial_vs_loi_de_l_eta,course_178_antigone_devoir_familial_vs_loi_de_l_eta_q9,mcq,Katere smrti se zgodijo po Kreontovi pozni premislitvi?,"Kreont se prepozno vda: Antigona se obesi, njen sin Hémon naredi samomor, potem se ubije tudi Evridika, Kreontova žena.","[""Antigona se obesi, Hemon in Evridika naredita samomor"", ""Samo Antigona umre, ostali člani družine preživijo"", ""Kreont umre prvi"", ""Ismene naredi samomor namesto Antigone""]",0,,,,,,
course_178_antigone_devoir_familial_vs_loi_de_l_eta,course_178_antigone_devoir_familial_vs_loi_de_l_eta_q10,chronological,Postavite te faze tragedije Antigone v vrsto.,"Od smrti obeh bratov do Kreontovega ukaza, nato do Antigonine neposlušnosti in njene obsodbe, se tragedija neizogibno vrsti.",,,"[""Eteokles in Polinejk se pobijeta za tebanski prestol"", ""Kreon prepove vsak pokop za Polinejka"", ""Antigona opravi prepovedani pogrebni obred sama"", ""Kreon obsodi Antigono, da jo živo zazidajo""]",,,,,
course_179_la_guerre_de_troie_et_le_cheval_de_bois,course_179_la_guerre_de_troie_et_le_cheval_de_bois_q1,mcq,Kaj je po mitu začelo trojansko vojno?,"Paris izbere Afrodito po sodbi zlatega jabolka; ponudi mu ljubezen Helene, Menelajeve žene, kar sproži vojno.","[""Izbira Parisa, ki Afroditi ponudi zlato jabolko in za nagrado dobi Heleno"", ""Presenetljiv napad Troje na Šparto"", ""Trgovski spor med Grki in Trojanci"", ""Smrt kralja Priama""]",0,,,,,,
course_179_la_guerre_de_troie_et_le_cheval_de_bois,course_179_la_guerre_de_troie_et_le_cheval_de_bois_q2,mcq,"Kdo prevzame poveljstvo nad grško koalicijo, ki namerava oblegati Trojo?","Agamemnon, Menelajev brat in kralj Miken, prevzame poveljstvo nad grško floto, ki se odpravi oblegati Trojo.","[""Agamemnon, mikenski kralj in Menelajev brat"", ""Odisej, kralj Itake"", ""Ahil, največji bojevnik"", ""Priam, kralj Troje""]",0,,,,,,
course_179_la_guerre_de_troie_et_le_cheval_de_bois,course_179_la_guerre_de_troie_et_le_cheval_de_bois_q3,mcq,Zakaj obzidje Troje velja za skoraj neuničljivo?,"Obzidje Troje naj bi bilo neuničljivo, saj sta bila zgrajena s pomočjo bogov Pozejdona in Apolona.","[""Zgradili so jih s pomočjo Pozejdona in Apolona"", ""Izdelani so iz edinstvene svete kovine"", ""Noben bog se jih ne more dotakniti"", ""Ponoči so nevidni""]",0,,,,,,
course_179_la_guerre_de_troie_et_le_cheval_de_bois,course_179_la_guerre_de_troie_et_le_cheval_de_bois_q4,mcq,Kdo je izumil trik z lesenim konjem?,"Odisej, mojster mešancev, inteligentne zvijače, je tisti, ki izumi past lesenega konja, da bi podrl Trojo.","[""Odisej, kralj Itake in gospodar mešancev"", ""Agamemnon"", ""Ahil"", ""Duhovnik Laokoon""]",0,,,,,,
course_179_la_guerre_de_troie_et_le_cheval_de_bois,course_179_la_guerre_de_troie_et_le_cheval_de_bois_q5,mcq,"Kako so Grki prepričali Trojance, da so konja sprejeli med svoje obzidje?","Grški vohun Autre kljub opozorilom duhovnika Laokoona prepriča Trojance, da je konj daritev za Ateno.","[""Vohun Autre jih prepriča, da je to daritev za Ateno"", ""Uradno ga ponujajo kot znak podpisanega miru"", ""V nasprotnem primeru grozijo, da bodo zažgali mesto"", ""Kralj Priam to sam zahteva""]",0,,,,,,
course_179_la_guerre_de_troie_et_le_cheval_de_bois,course_179_la_guerre_de_troie_et_le_cheval_de_bois_q6,trueFalse,"Res ali ne: trojanski svečenik Laokoon opozarja svoje rojake, da je konj past, a ga ne upoštevajo.","Laokoon zavpije past, vendar ga Trojanci ignorirajo in pripeljejo konja v mesto ter zapečatijo svojo usodo.","[""Prav"", ""Narobe""]",0,,,,,,
course_179_la_guerre_de_troie_et_le_cheval_de_bois,course_179_la_guerre_de_troie_et_le_cheval_de_bois_q7,mcq,"Kako grški vojaki, skriti v konju, na koncu zavzamejo mesto?","Ko je prišla noč, so vojaki, skriti v konju, prišli ven, odprli mestna vrata in vrnjena grška vojska je dokončala zavzetje Troje.","[""Ponoči pridejo ven in odprejo vrata vračajoči se grški vojski"", ""Napadejo sredi belega dne, takoj ko pridejo"", ""Pogajajo se o mirni predaji"", ""Čakajo še deset dni, preden ukrepajo""]",0,,,,,,
course_179_la_guerre_de_troie_et_le_cheval_de_bois,course_179_la_guerre_de_troie_et_le_cheval_de_bois_q8,mcq,Kaj se zgodi s trojanskim princem Enejem po padcu mesta?,Enej pobegne s svojim očetom in svojimi bogovi Lares; Rimska legenda ga je pozneje postavila za ustanovitelja Rima.,"[""Z očetom in bogovi je pobegnil in po legendi postal prednik Rima"", ""Ujame ga Agamemnon"", ""Postane kralj obnovljene Troje"", ""Pridruži se grški vojski""]",0,,,,,,
course_179_la_guerre_de_troie_et_le_cheval_de_bois,course_179_la_guerre_de_troie_et_le_cheval_de_bois_q9,mcq,"Kaj pomenijo Nostoji, omenjeni po padcu Troje?","Nostoji označujejo vrnitve grških zmagovalcev, pogosto tragične: Agamemnon je umorjen, Ulikses tava še deset let.","[""Nevarne in pogosto tragične vrnitve zmagovitih grških junakov"", ""Novi zakoni, vsiljeni Troji"", ""Ime za preživele Trojane"", ""Poklon, ki so ga Grki plačevali bogovom""]",0,,,,,,
course_179_la_guerre_de_troie_et_le_cheval_de_bois,course_179_la_guerre_de_troie_et_le_cheval_de_bois_q10,chronological,Postavite te faze trojanske vojne v red.,Od sodbe v Parizu do končne zvijače lesenega konjička deset let loči izbruh vojne od padca mesta.,,,"[""Paris izbere Afrodito in pridobi ljubezen Helene"", ""Grška koalicija oblega Trojo deset let brez zmagovalca"", ""Grki zgradijo lesenega konja in se pretvarjajo, da odhajajo"", ""Skriti vojaki ponoči odprejo vrata Troje""]",,,,,
course_17_la_revolution_russe_1917,course_17_la_revolution_russe_1917_q1,mcq,Kaj je sprožilo februarsko revolucijo leta 1917 v Rusiji?,Februarska revolucija se je začela z demonstracijami za kruh v Petrogradu; delavci gredo na ulice in garnizija se brati z njimi.,"[""Protesti v Petrogradu zaradi pomanjkanja kruha"", ""Vojaški udar, ki ga je organiziral Lenin"", ""Popoln poraz ruske vojske proti Nemčiji"", ""Napad na carja Nikolaja II""]",0,,,,,,
course_17_la_revolution_russe_1917,course_17_la_revolution_russe_1917_q2,numericSlider,"Koliko let je vladala dinastija Romanov, ko je Nikolaj II. marca 1917 abdiciral?",Z abdikacijo Nikolaja II. 2. marca 1917 se je končalo 300-letno vladanje dinastije Romanov.,,,,300.0,150.0,450.0,25.0,let
course_17_la_revolution_russe_1917,course_17_la_revolution_russe_1917_q3,trueFalse,Res ali ne: po abdikaciji Nikolaja II Rusiji jasno vlada ena sila.,"Vzpostavljena je bila »dvojna oblast«: začasna vlada na eni strani, petrograjski sovjet, svet delavcev in vojakov, na drugi strani.","[""Prav"", ""Narobe""]",1,,,,,,
course_17_la_revolution_russe_1917,course_17_la_revolution_russe_1917_q4,mcq,"Katero geslo povzema program, ki ga je Lenin predstavil v svojih aprilskih tezah?","Po vrnitvi aprila 1917 je Lenin pozval k ""Mir, kruh, zemlja"", programu, ki je neposredno odgovoril na pričakovanja ljudi.","[""\""Mir, kruh, zemlja\"""", ""\""Svoboda, enakost, bratstvo\"""", ""\""Vsa oblast carjem\"""", ""\""Delo, družina, domovina\""""]",0,,,,,,
course_17_la_revolution_russe_1917,course_17_la_revolution_russe_1917_q5,mcq,Kako se je Leninu leta 1917 uspelo vrniti v Rusijo?,"Nemčija, ki želi oslabiti svojega ruskega sovražnika, organizira Leninovo vrnitev iz izgnanstva v »svinčenem vlaku«.","[""V zapečatenem vlaku, ki ga organizira Nemčija, ki upa oslabiti Rusijo"", ""Na krovu britanske ladje"", ""S tajnim prečkanjem Sibirije"", ""Po tajnem dogovoru s carjem""]",0,,,,,,
course_17_la_revolution_russe_1917,course_17_la_revolution_russe_1917_q6,mcq,Kdo je poleg Lenina organiziral boljševiško vstajo oktobra 1917?,"Leon Trocki, izjemen organizator, je skupaj z Leninom pripravil vstajo, ki je strmoglavila začasno vlado.","[""Leon Trocki"", ""Aleksander Kerenski"", ""Nikolaja II"", ""Grigorij Rasputin""]",0,,,,,,
course_17_la_revolution_russe_1917,course_17_la_revolution_russe_1917_q7,chronological,Postavite te dogodke ruske revolucije v kronološki vrstni red.,Ti mejniki segajo od padca carizma februarja 1917 do ustanovitve ZSSR leta 1922.,,,"[""Abdikacija Nikolaja II"", ""Aprilske Leninove teze"", ""Zajem Zimske palače"", ""Mir v Brest-Litovsku"", ""Rojstvo ZSSR""]",,,,,
course_17_la_revolution_russe_1917,course_17_la_revolution_russe_1917_q8,mcq,"Kaj postavlja Čeka, boljševiška politična policija?","Čeka je izvajala teror nad nasprotniki nove oblasti, zlasti po boljševiškem prevzemu oblasti.","[""Politika terorja proti nasprotnikom"", ""Brezplačni volilni sistem"", ""Mirna zemljiška reforma"", ""Mednarodno sodišče""]",0,,,,,,
course_17_la_revolution_russe_1917,course_17_la_revolution_russe_1917_q9,mcq,"Katera ideologija je ustanovila ZSSR, rojeno leta 1922?","ZSSR je prva država, zgrajena na marksizmu-leninizmu, ki združuje Marxove ideje in Leninovo metodo.","[""Marksizem-leninizem"", ""Ekonomski liberalizem"", ""Carski panslavizem"", ""ruski nacionalizem""]",0,,,,,,
course_180_thor_et_loki_mythologie_nordique,course_180_thor_et_loki_mythologie_nordique_q1,mcq,"Kateri je glavni vir, ki nam prenaša mite o Thorju in Lokiju?","Prozna Edda, ki jo je okoli leta 1220 napisal Islandec Snorri Sturluson in dopolnila s Poetično Eddo, je glavni vir teh mitov.","[""Prozna Edda, ki jo je okoli leta 1220 napisal Snorri Sturluson"", ""Rimska pesnitev iz 1. stol"", ""Runski napisi, najdeni v Grčiji"", ""Krščanska verska razprava iz 6. stol""]",0,,,,,,
course_180_thor_et_loki_mythologie_nordique,course_180_thor_et_loki_mythologie_nordique_q2,mcq,Kako je po mitologiji organiziran nordijski svet?,"Svet je organiziran okoli kozmičnega drevesa Yggdrasil: Asgard, dom bogov, zgoraj in Midgard, svet ljudi, spodaj, ki ga povezuje Bifröst.","[""Okoli kozmičnega drevesa Yggdrasil, z Asgardom zgoraj in Midgardom spodaj"", ""Okoli enega samega oceana brez kopnega"", ""Na sedmih prekrivajočih se nebesih brez povezave med seboj"", ""Okoli edinstvene gore, ki jo naseljujejo vsi bogovi""]",0,,,,,,
course_180_thor_et_loki_mythologie_nordique,course_180_thor_et_loki_mythologie_nordique_q3,mcq,Kakšna je Thorova vloga med nordijskimi bogovi?,Thor je najbolj čaščen bog ljudi: s svojim kladivom Mjöllnir brani človeštvo pred velikani.,"[""Človeštvo ščiti pred velikani s svojim kladivom Mjöllnir"", ""Vlada podzemlju"", ""Je bog prevar in laži"", ""Na nordijskem Olimpu kraljuje sam brez drugega boga""]",0,,,,,,
course_180_thor_et_loki_mythologie_nordique,course_180_thor_et_loki_mythologie_nordique_q4,mcq,"Kaj je posebnega na Thorjevem kladivu, Mjöllnir?","Mjöllnir, ki so ga skovali škrati, razbija gore in se vedno vrne v Thorjevo roko, potem ko ga vržejo.","[""Po vrgu se vedno vrne v Thorjevo roko"", ""Dvigne ga lahko samo Odin"", ""V stiku z ognjem se stopi"", ""Deluje samo ponoči""]",0,,,,,,
course_180_thor_et_loki_mythologie_nordique,course_180_thor_et_loki_mythologie_nordique_q5,mcq,Kdo je Loki po izvoru?,"Loki živi med Aesirji, vendar je velikanske krvi; pridružil se je panteonu preko krvnega pakta z Odinom.","[""Ogromna kri, ki je bila vključena v panteon Aesirjev s paktom z Odinom"", ""Thorjev biološki brat"", ""Vane bog, specializiran za plodnost"", ""Navadni smrtnik, povzdignjen v boga""]",0,,,,,,
course_180_thor_et_loki_mythologie_nordique,course_180_thor_et_loki_mythologie_nordique_q6,trueFalse,Res ali ne: Loki lahko spremeni obliko in celo spol in enkrat postane mati Odinovega osemnožnega konja.,"Loki spreminja obliko in spol; v obliki kobile postane mati Sleipnirja, Odinovega osemnožnega konja.","[""Prav"", ""Narobe""]",0,,,,,,
course_180_thor_et_loki_mythologie_nordique,course_180_thor_et_loki_mythologie_nordique_q7,mcq,Kakšne pošasti ustvari Loki z velikanko Angrbodo?,"Z velikanko Angrbodo Loki ustvari tri pošasti: volka Fenrirja, kačo Jörmungandra in Hel, varuha mrtvih.","[""Volk Fenrir, kača Jörmungandr in Hel"", ""Trije zmaji, ki bruhajo ogenj"", ""En sam triglavi velikan"", ""nordijski kiklop""]",0,,,,,,
course_180_thor_et_loki_mythologie_nordique,course_180_thor_et_loki_mythologie_nordique_q8,mcq,Katero Lokijevo dejanje dokončno zapečati njegovo usodo izdajalca?,Z organizacijo smrti svetlobnega boga Baldra Loki dokončno preide iz farse v izdajo in njegova usoda je zapečatena.,"[""Organizira smrt svetlobnega boga Baldra"", ""Ukrade Thorjevo kladivo"", ""Noče pomagati bogovom proti velikanom"", ""Moškim razkrije Odinovo skrivnost""]",0,,,,,,
course_180_thor_et_loki_mythologie_nordique,course_180_thor_et_loki_mythologie_nordique_q9,mcq,"Kako Thor in Loki pridobita kladivo, ki ga je ukradel velikan Thrym?","Ko velikan Thrym ukrade Mjöllnirja, se Thor preobleče v nevesto, Loki pa v služabnika, da se infiltrira v njegov brlog in vrne kladivo.","[""Thor se preobleče v nevesto, Loki pa v služabnika"", ""Neposredno napadejo velikanov brlog"", ""Odin se pogaja za trgovino"", ""Pošljejo Sleipnirja, da ga diskretno ukrade""]",0,,,,,,
course_180_thor_et_loki_mythologie_nordique,course_180_thor_et_loki_mythologie_nordique_q10,chronological,Postavimo te faze razmerja Thor in Loki v red.,Od Lokijeve vključitve v Aesir do Thorjeve smrti pri Ragnaröku se komično zavezništvo postopoma spremeni v usoden spopad.,,,"[""Loki se prek pakta z Odinom pridruži panteonu Aesirjev"", ""Thor in Loki skupaj najdeta kladivo, ki ga je ukradel velikan Thrym"", ""Loki poskrbi za smrt boga Baldra"", ""Thor ubije kačo Jörmungandra in umre zaradi njenega strupa v Ragnaröku""]",,,,,
course_181_ragnarok_la_fin_du_monde_nordique,course_181_ragnarok_la_fin_du_monde_nordique_q1,mcq,"Kaj beseda ""Ragnarök"" v stari norveščini pomeni bolj natančno kot ""somrak bogov""?","Točen pomen ""Ragnarök"" je blizu ""usodi moči""; prevod »somrak bogov« izhaja iz etimološke zmede, ki jo je populariziral Wagner.","[""Usoda moči"", ""Padec neba"", ""Večno spanje"", ""Jeza velikanov""]",0,,,,,,
course_181_ragnarok_la_fin_du_monde_nordique,course_181_ragnarok_la_fin_du_monde_nordique_q2,trueFalse,"Res ali ne: Ragnarök se začne z veliko zimo treh let brez poletja, imenovano Fimbulwinter.","Fimbulwinter, triletna zima brez poletja, ki razbija družine, predhodi in napoveduje Ragnarök.","[""Prav"", ""Narobe""]",0,,,,,,
course_181_ragnarok_la_fin_du_monde_nordique,course_181_ragnarok_la_fin_du_monde_nordique_q3,mcq,Katerega boga med zadnjo bitko požre volk Fenrir?,"Odina, očeta bogov, pogoltne Fenrir na planjavi Vígríðr, preden se mu maščuje njegov sin Víðarr.","[""Odin"", ""Thor"", ""Heimdall"", ""Freyr""]",0,,,,,,
course_181_ragnarok_la_fin_du_monde_nordique,course_181_ragnarok_la_fin_du_monde_nordique_q4,mcq,"Kako Thor umre, potem ko je z Mjölnirjem zdrobil kačo Jörmungandra?","Thor ubije Jörmungandra s svojim kladivom Mjölnir, vendar podleže njegovemu strupu, potem ko naredi devet korakov.","[""Umre zastrupljen s kačjim strupom po devetih korakih"", ""Živega ga sežge velikan Surtr"", ""Utopi se v poplavljenem oceanu"", ""Požre ga kozmični volk""]",0,,,,,,
course_181_ragnarok_la_fin_du_monde_nordique,course_181_ragnarok_la_fin_du_monde_nordique_q5,mcq,"Zakaj se bog Freyr znajde brez orožja, da bi se soočil z Ragnarökom?",Freyr je iz ljubezni ponudil svoj čarobni meč za poroko z velikanko Gerd: zato je med Ragnarökom umrl neoborožen.,"[""Iz ljubezni je ponudil svoj čarobni meč, da bi dobil roko velikanke Gerd"", ""Izgubil ga je v stavi z Lokijem"", ""Ukradel mu jo je kača Jörmungandr"", ""Nikoli ni imel čarobnega meča""]",0,,,,,,
course_181_ragnarok_la_fin_du_monde_nordique,course_181_ragnarok_la_fin_du_monde_nordique_q6,chronological,Postavite te stopnje Ragnaröka v kronološki vrstni red.,"Od velike zime do ponovnega rojstva zemlje Ragnarök sledi natančnemu zaporedju: opozorilni znaki, zadnja bitka, požar, nato obnova.",,,"[""Fimbulwinter, triletna zima brez poletja"", ""Volk Fenrir zlomi svoje verige"", ""Bitka na planjavi Vígríðr"", ""Velikan Surtr zažge devet svetov"", ""Zemlja spet ozeleni in nova generacija bogov preživi""]",,,,,
course_181_ragnarok_la_fin_du_monde_nordique,course_181_ragnarok_la_fin_du_monde_nordique_q7,mcq,"Kdo preživi, skrit v drevesu Yggdrasil, da bi ponovno naselil svet po Ragnaröku?","Líf in Lífþrasir, katerih imeni pomenita ""Življenje"" in ""Dotik življenja"", sta se hranila z roso, skrito v Yggdrasilu, in obudila človeštvo nazaj v življenje.","[""Dva človeka, Líf in Lífþrasir"", ""Valkire"", ""Sam bog Baldr"", ""Einherjar""]",0,,,,,,
course_181_ragnarok_la_fin_du_monde_nordique,course_181_ragnarok_la_fin_du_monde_nordique_q8,trueFalse,Res ali ne: po Ragnaröku zemlja za vedno ostane pusta in zoglenela.,"Nasprotno, ko plameni ugasnejo, se zemlja pojavi iz valov bolj zelena in rodovitnejša kot prej.","[""Prav"", ""Narobe""]",1,,,,,,
course_182_osiris_et_set_mythologie_egyptienne,course_182_osiris_et_set_mythologie_egyptienne_q1,mcq,Kako Setu uspe ujeti svojega brata Ozirisa?,"Na banketu Set predstavi skrinjo, ki jo bo ponudil tistemu, ki se vanjo popolnoma prilega: Oziris se uleže nanjo in Set jo zapečati, preden jo vrže v Nil.","[""Povabi jo, naj se uleže v veličastno skrinjo, izdelano točno po njeni velikosti"", ""Na banketu jo zastrupi"", ""Utopi ga neposredno v Nilu brez predhodne pasti"", ""Izzove ga na dvoboj na sodišču""]",0,,,,,,
course_182_osiris_et_set_mythologie_egyptienne,course_182_osiris_et_set_mythologie_egyptienne_q2,trueFalse,"Res ali ne: ko najde Ozirisovo telo, ga Set razreže na štirinajst kosov, ki jih raztrese po dolini.","Ko Isis najde truplo, ga Set razreže na štirinajst kosov in jih raztrese, da prepreči kakršen koli mir v posmrtnem življenju.","[""Prav"", ""Narobe""]",0,,,,,,
course_182_osiris_et_set_mythologie_egyptienne,course_182_osiris_et_set_mythologie_egyptienne_q3,mcq,Zakaj je Oziris pogosto upodobljen z zeleno kožo?,"Ozirisova zelena ne nakazuje smrti, temveč ponovno rojstvo, kot polja, ki ozelenijo po poplavah Nila.","[""Ta barva simbolizira ponovno rojstvo rastline, ne gnitje"", ""Označuje njegovo pripadnost kraljestvu mrtvih"", ""Spominja na barvo vode reke Nil"", ""Nakazuje, da je manjši bog""]",0,,,,,,
course_182_osiris_et_set_mythologie_egyptienne,course_182_osiris_et_set_mythologie_egyptienne_q4,mcq,Kdo pomaga Izidi najti in ponovno sestaviti dele Ozirisovega telesa?,"Isis se poda na iskanje drobcev, pri čemer ji pomagata njena sestra Neftis in bog Anubis ter na vsaki najdeni lokaciji postavi svetišče.","[""Njegova sestra Neftis in bog Anubis"", ""Njegov sin Horus"", ""Sam bog Ra"", ""Kača Apophis""]",0,,,,,,
course_182_osiris_et_set_mythologie_egyptienne,course_182_osiris_et_set_mythologie_egyptienne_q5,mcq,"Kaj ustvarita Izida in Anubis tako, da zbereta koščke Ozirisovega telesa in jih zavijeta v trakove?",Z ovijanjem rekonstituiranega telesa v trakove Izida in Anubis ustvarita prvo mumijo v egipčanski tradiciji.,"[""Prva mumija"", ""Prvi zlati sarkofag"", ""Prvi pogrebni tempelj"", ""Prvi sveti hieroglif""]",0,,,,,,
course_182_osiris_et_set_mythologie_egyptienne,course_182_osiris_et_set_mythologie_egyptienne_q6,chronological,Postavite te faze mita o Ozirisu in Setu v vrstni red.,"Zgodba sledi jasnemu zaporedju: umor Ozirisa, njegova rekonstitucija s strani Izide, skrita Horusova mladost, nato njegovo kronanje po spopadu s Setom.",,,"[""Nastavite pasti in razkosajte Ozirisovo telo"", ""Isis sestavi koščke in ustvari prvo mumijo"", ""Horus je na skrivaj odraščal v močvirjih Khemmisa"", ""Horus je po dolgem konfliktu s Setom okronan za kralja""]",,,,,
course_182_osiris_et_set_mythologie_egyptienne,course_182_osiris_et_set_mythologie_egyptienne_q7,trueFalse,"Res ali ne: med spopadom s Setom je Horus izgubil oko, ki je nato postalo egipčanski simbol zaščite.","Horusovo oko, ki ga je po tem boju ponovno sestavil bog Thoth, postane Oudjat, simbol zdravljenja in zaščite.","[""Prav"", ""Narobe""]",0,,,,,,
course_182_osiris_et_set_mythologie_egyptienne,course_182_osiris_et_set_mythologie_egyptienne_q8,mcq,"Kaj se zgodi z Ozirisom, ko je mumificiran in ne more več kraljevati na zemlji?","Mumificiran Oziris ne more več vladati na zemlji in postane suveren Amentija, kraljestva mrtvih.","[""Vladar kraljestva mrtvih, Amenti"", ""Bog Nila in poplav"", ""Preprost pozabljen prednik"", ""Varuh Horusovega prestola""]",0,,,,,,
course_182_osiris_et_set_mythologie_egyptienne,course_182_osiris_et_set_mythologie_egyptienne_q9,mcq,"Kaj se zgodi med tehtanjem srca, ki je opisano v Knjigi mrtvih, če je srce pokojnika težko z napakami?","Če je srce, pretehtano z Ma'atovim peresom, težko z napakami, ga pošast Ammout požre in pokojnik dokončno izgine.","[""Pošast Ammout ga požre, kar pomeni dokončno pozabo"", ""Naslednje leto se mora znova tehtati"", ""Postane Ozirisov služabnik za večno"", ""Poslan je v boj s kačo Apophisom""]",0,,,,,,
course_183_gilgamesh_le_premier_heros_de_l_histoire,course_183_gilgamesh_le_premier_heros_de_l_histoire_q1,mcq,V katerem mediju je Ep o Gilgamešu ohranjen več kot 4000 let?,"Besedilo je bilo vklesano v klinopisu na glinenih ploščicah, mediju, ki je preživel tam, kjer bi papirus izginil.","[""Glinene tablice, vgravirane s klinopisom"", ""Papirusni zvitki"", ""Napisi na kamnitih blokih"", ""Rokopisi na pergamentu""]",0,,,,,,
course_183_gilgamesh_le_premier_heros_de_l_histoire,course_183_gilgamesh_le_premier_heros_de_l_histoire_q2,numericSlider,"Katerega leta je asirolog George Smith v Britanskem muzeju dešifriral zgodbo o potopu, ki jo vsebuje ep?","George Smith je leta 1872 dešifriral Potopno ploščo in razkril zgodbo, ki je bila približno tisoč let pred Genezo.",,,,1872.0,1800.0,1950.0,10.0,
course_183_gilgamesh_le_premier_heros_de_l_histoire,course_183_gilgamesh_le_premier_heros_de_l_histoire_q3,mcq,Kaj razkriva primerjava med zgodbo o Gilgameševem potopu in zgodbo iz biblične Geneze?,"Ta zgodba o potopu je približno tisoč let pred svetopisemsko zgodbo o Noetu, vendar ima isto mezopotamsko kulturno ozadje.","[""Zgodba o Gilgamešu je pred svetopisemsko zgodbo približno tisoč let"", ""Zgodba o Gilgamešu je bila napisana po Genezi"", ""Zgodbi nimata nič skupnega."", ""Zgodba o Gilgamešu je bila prevedena neposredno iz grščine""]",0,,,,,,
course_183_gilgamesh_le_premier_heros_de_l_histoire,course_183_gilgamesh_le_premier_heros_de_l_histoire_q4,mcq,Zakaj boginja Aruru oblikuje Enkiduja?,"Gilgameš je za Uruk neznosen kralj: Aruru oblikuje Enkiduja, divjega človeka, da ga usmeri.","[""Ustvariti tekmeca, ki je sposoben kanalizirati tiranijo Gilgameša"", ""Da bi maščeval smrt užaljenega boga"", ""Naseliti mesto Uruk z dodatnimi prebivalci"", ""Služiti boginji Ishtar""]",0,,,,,,
course_183_gilgamesh_le_premier_heros_de_l_histoire,course_183_gilgamesh_le_premier_heros_de_l_histoire_q5,mcq,"Kaj počneta Gilgameš in Enkidu skupaj, ko postaneta prijatelja?","Po boju brez zmagovalca postaneta prijatelja, skupaj ubijeta pošast Humbabo in nato Nebeškega bika, ki ga pošlje Ishtar.","[""Ubijejo pošast Humbabo in nato Nebeškega bika"", ""Našli so novo rivalsko mesto Uruk"", ""Takoj odidejo iskat rastlino nesmrtnosti"", ""V boju se soočijo z Ut-napishtijem""]",0,,,,,,
course_183_gilgamesh_le_premier_heros_de_l_histoire,course_183_gilgamesh_le_premier_heros_de_l_histoire_q6,trueFalse,"Res ali ne: Gilgameša je smrt njegovega prijatelja Enkiduja spodbudila, da se odpravi iskat nesmrtnost.","Ko se sooči z Enkidujevim truplom, Gilgameš razume, da bo tudi on umrl, in gre iskat Ut-napishtija, edinega človeka, ki je postal nesmrten.","[""Prav"", ""Narobe""]",0,,,,,,
course_183_gilgamesh_le_premier_heros_de_l_histoire,course_183_gilgamesh_le_premier_heros_de_l_histoire_q7,mcq,"Kakšno preizkušnjo naloži Ut-napishti Gilgamešu, da preizkusi njegovo sposobnost premagovanja smrti?","Gilgameš ob tej preizkušnji takoj zaspi: kdor ne premaga spanca, ne premaga smrti.","[""Ostani buden šest dni in sedem noči"", ""Plavanje čez vode smrti"", ""Borite se z morsko pošastjo"", ""Brez napak recitiraj sveto pesem""]",0,,,,,,
course_183_gilgamesh_le_premier_heros_de_l_histoire,course_183_gilgamesh_le_premier_heros_de_l_histoire_q8,mcq,"Kaj se zgodi z rastlino mladosti, ki jo je na koncu dobil Gilgameš?","Medtem ko se Gilgameš kopa, kača ukrade rastlino mladosti in se takoj po tem, ko jo zaužije, lini.","[""Med kopanjem mu jo ukrade kača"", ""Prehitro jo poje, ona pa nič ne naredi"", ""Enkiduju, ki je že mrtev, ga ponuja zaman."", ""Posuši se, preden se vrne v Uruk""]",0,,,,,,
course_183_gilgamesh_le_premier_heros_de_l_histoire,course_183_gilgamesh_le_premier_heros_de_l_histoire_q9,mcq,"Kaj se je Gilgameš nazadnje naučil iz tega, da ni postal nesmrten?","V Uruku Gilgameš razume, da biološka nesmrtnost pripada bogovom, medtem ko človek vztraja s svojimi deli in spominom živih.","[""Resnična nesmrtnost je v delih, ki jih pustimo za seboj, in v spominu živih"", ""Samo kralji si zaslužijo nesmrtnost"", ""Če želite živeti dlje, se morate izogibati vsakemu prijateljstvu"", ""Nesmrtnost se pridobi le z molitvijo""]",0,,,,,,
course_184_romulus_et_remus_la_fondation_de_rome,course_184_romulus_et_remus_la_fondation_de_rome_q1,mcq,"Zakaj Amulij prisili svojo nečakinjo Rheo Silvio, da postane vestalska devica?","S tem ko prisili svojo nečakinjo Rejo Silvijo, da postane vestalka, skuša uzurpator Amulij uničiti rod svojega brata Numitorja.","[""Da ne bi imela otrok, ki bi ogrozili njeno uzurpirano oblast"", ""Da bi jo počastili kot princeso Albe Dolge"", ""Ker je tradicija to zahtevala za vse princeske"", ""Da bi jo zaščitil pred neizbežno vojno""]",0,,,,,,
course_184_romulus_et_remus_la_fondation_de_rome,course_184_romulus_et_remus_la_fondation_de_rome_q2,mcq,Kdo je božanski oče dvojčkov Romula in Rema?,"Bog vojne Mars se združi z Rejo Silvijo, ki rodi dvojčka Romula in Rema.","[""Bog Mars"", ""Kralj Amulij"", ""Kralj Numitor"", ""Pastir Faustulus""]",0,,,,,,
course_184_romulus_et_remus_la_fondation_de_rome,course_184_romulus_et_remus_la_fondation_de_rome_q3,trueFalse,"Res ali ne: dvojčka, potem ko ju vržejo v Tibero, sprejme in doji volkulja.","Zibelko dvojčkov naplavi blizu Palatina, kjer ju podoji volkulja, preden ju vzredi pastir Faustulus.","[""Prav"", ""Narobe""]",0,,,,,,
course_184_romulus_et_remus_la_fondation_de_rome,course_184_romulus_et_remus_la_fondation_de_rome_q4,mcq,"Kako se Romul in Rem skušata odločiti, kje naj ustanovita svoje mesto?","Dvojčka sprejmeta znamenja: Remus najprej vidi šest jastrebov, nato pa Romul dvanajst.","[""Z opazovanjem leta jastrebov, po praksi znamenj"", ""Z vlečenjem slamic"", ""S posvetovanjem z oddaljenim orakljem"", ""Z organizacijo dvoboja med njima""]",0,,,,,,
course_184_romulus_et_remus_la_fondation_de_rome,course_184_romulus_et_remus_la_fondation_de_rome_q5,mcq,Zakaj Romul ubije svojega brata Rema?,"Romul je obljubil smrt vsakomur, ki bo prečkal pomoerium, sveto brazdo: Remus jo je prečkal v kljubovanju in Romulus ga je ubil.","[""Remus kljubovalno prečka sveto brazdo, ki jo je pravkar zarisal Romul"", ""Remus ga poskuša strmoglaviti s prestola"", ""Remus se želi poročiti s Sabinko, obljubljeno Romulu"", ""Remus noče sodelovati pri ustanovitvi mesta""]",0,,,,,,
course_184_romulus_et_remus_la_fondation_de_rome,course_184_romulus_et_remus_la_fondation_de_rome_q6,mcq,Kateri datum rimska tradicija ohranja za ustanovitev Rima?,"Po izročilu je bil Rim ustanovljen 21. aprila 753 pr. pr. Kr., začetni datum rimskega koledarja.","[""21. april 753 pr. n. št"", ""1. januar 509 pr. n. št"", ""15. marec 44 pr. n. št"", ""21. april 27 pr. n. št""]",0,,,,,,
course_184_romulus_et_remus_la_fondation_de_rome,course_184_romulus_et_remus_la_fondation_de_rome_q7,mcq,"Kateri dogodek je spodbudil Rimljane, da so organizirali posilstvo Sabinjank?","V mestu, kjer primanjkuje žensk, Romul organizira igre, da bi privabil sosede in ugrabil mlade Sabinke.","[""Pomanjkanje žensk v novem mestu Rim"", ""Nenadna vojna napoved s strani Sabincev"", ""Prerokba, ki jo prinašajo znamenja"", ""Smrt Tita Tacija""]",0,,,,,,
course_184_romulus_et_remus_la_fondation_de_rome,course_184_romulus_et_remus_la_fondation_de_rome_q8,mcq,"Kako se je končala vojna med Rimljani in Sabinci, ki jo je sprožilo posilstvo Sabinčank?","Sabinke, že matere rimskih otrok, posredujejo na bojišču: vojna se konča in narodi se združita.","[""Sabinke se vstavijo med svoje očete in može in obe ljudstvi se združita"", ""Sabinci so popolnoma iztrebljeni"", ""Rim je uničen in treba ga je ponovno ustanoviti"", ""Titus Tatius sam osvoji Rim""]",0,,,,,,
course_184_romulus_et_remus_la_fondation_de_rome,course_184_romulus_et_remus_la_fondation_de_rome_q9,mcq,"Kaj se je zgodilo z Romulom, po uradni različici njegovega izginotja med nevihto?","Uradna različica je, da Mars odnese Romula v nebesa, kjer postane bog Kvirin, čeprav govorice govorijo o atentatu s strani senatorjev.","[""Mars ga ponese v nebesa in postane bog Kvirin"", ""Umakne se v osamljen tempelj"", ""Zbežal je v Etrurijo"", ""Senat ga izžene""]",0,,,,,,
course_184_romulus_et_remus_la_fondation_de_rome,course_184_romulus_et_remus_la_fondation_de_rome_q10,chronological,Postavite te faze ustanovitve Rima v red.,"Od zapuščene zibelke na Tiberi do apoteoze Romula sledi mit natančni kronologiji rojstva, ustanovitve in zlitja ljudstev.",,,"[""Rojstvo dvojčkov, sinov Marsa in Rhee Silvie"", ""Volk doji dvojčka, zapuščena na bregovih Tibere"", ""Romul izsledi sveto brazdo in ubije Rema"", ""Posilstvo Sabincev sproži vojno in nato zlitje narodov"", ""Romul izgine in postane bog Kvirin""]",,,,,
course_185_vishnou_et_shiva_mythologie_hindoue,course_185_vishnou_et_shiva_mythologie_hindoue_q1,mcq,Kakšno vlogo igra Višnu v hindujskem Trimurtiju?,"Višnu zagotavlja ohranitev svetovnega reda, medtem ko Brahma ustvarja in Šiva uničuje, da omogoči prenovo.","[""On ohranja svetovni red"", ""Vsak cikel ustvarja vesolje"", ""Uniči, kar je obrabljeno, da omogoči obnovo"", ""Sodi duše mrtvih""]",0,,,,,,
course_185_vishnou_et_shiva_mythologie_hindoue,course_185_vishnou_et_shiva_mythologie_hindoue_q2,trueFalse,"Res ali ne: Brahma, stvarnik vesolja, je eden najbolj cenjenih bogov v današnji Indiji.","Vloga Brahme se konča po ustvarjanju vsakega cikla vesolja, kar pojasnjuje, zakaj je danes malo čaščen v primerjavi z Višnujem in Šivo.","[""Prav"", ""Narobe""]",1,,,,,,
course_185_vishnou_et_shiva_mythologie_hindoue,course_185_vishnou_et_shiva_mythologie_hindoue_q3,mcq,Zakaj se Vishnu spusti na Zemljo v obliki avatarja?,"Višnu ščiti Dharmo, moralni in kozmični zakon, tako da se spusti na Zemljo v obliki avatarja, ko zlo grozi, da bo prevzelo oblast.","[""Za zaščito Dharme, ko zlo grozi, da bo prevladalo"", ""Kaznovati ljudi za njihove grehe"", ""Za zamenjavo Brahme po nastanku vesolja"", ""Neposredno soočiti se s Shivo""]",0,,,,,,
course_185_vishnou_et_shiva_mythologie_hindoue,course_185_vishnou_et_shiva_mythologie_hindoue_q4,mcq,Kateri od teh Višnujevih avatarjev posebej pooseblja modrost in božansko ljubezen?,"Med Višnujevimi avatarji kralj Rama uteleša vrlino, medtem ko Krišna uteleša modrost in božansko ljubezen.","[""Krišna"", ""Rama"", ""Kalki"", ""Buda""]",0,,,,,,
course_185_vishnou_et_shiva_mythologie_hindoue,course_185_vishnou_et_shiva_mythologie_hindoue_q5,mcq,"Kateri Višnujev avatar naj bi zaključil Kali Yugo, zadnjo temno dobo?","Deseti avatar, Kalki, bo prišel na belem konju, da zaključi temno dobo Kali Yuge.","[""Kalki, jahanje na belem konju"", ""Krišna"", ""Buda"", ""Rama""]",0,,,,,,
course_185_vishnou_et_shiva_mythologie_hindoue,course_185_vishnou_et_shiva_mythologie_hindoue_q6,mcq,"V kakšni obliki Shiva izvaja svoj kozmični ples, Tandavo?","V obliki Nataraja, ""kralja plesa"", Shiva izvaja Tandavo, drži ritem ustvarjanja v eni roki in ogenj uničenja v drugi.","[""Nataraja, \""kralj plesa\"""", ""Sveta linga"", ""Samotni asket na gori Kailash"", ""Tretje oko""]",0,,,,,,
course_185_vishnou_et_shiva_mythologie_hindoue,course_185_vishnou_et_shiva_mythologie_hindoue_q7,trueFalse,"Resnično ali napačno: v kipu Nataraje ena Šivina noga zdrobi nevednost, medtem ko druga dvignjena nudi osvoboditev.","Ena noga Nataraje zdrobi nevednost, druga, dvignjena, ponuja osvoboditev: sprememba je predstavljena kot edina stalnica.","[""Prav"", ""Narobe""]",0,,,,,,
course_185_vishnou_et_shiva_mythologie_hindoue,course_185_vishnou_et_shiva_mythologie_hindoue_q8,mcq,"Kdo sta Šivina žena in sin, kljub njegovi podobi samotnega asketa?","Shiva je bog paradoksov: asket prekrit s pepelom na gori Kailash, a tudi mož Parvati in oče Ganesha.","[""Parvati in Ganesh"", ""Semela in Horus"", ""Izida in Anubis"", ""Radha in Krišna""]",0,,,,,,
course_185_vishnou_et_shiva_mythologie_hindoue,course_185_vishnou_et_shiva_mythologie_hindoue_q9,numericSlider,Koliko milijard let traja »Brahmov dan« (kalpa) po hindujski tradiciji?,"Kalpa traja približno 4,32 milijarde let, trajanje pa je presenetljivo blizu starosti Zemlje, ki jo ocenjuje sodobna znanost.",,,,4.32,0.0,10.0,1.0,milijarde let
course_186_les_valkyries_et_le_valhalla,course_186_les_valkyries_et_le_valhalla_q1,mcq,"Kaj dobesedno pomeni ime ""Valkyrie""?","Ime Valkyrie pomeni ""tisti, ki se odločijo za uboje"", glede na njihovo vlogo izbire na bojiščih.","[""Tisti, ki izbirajo uboje"", ""Odinove služabnice"", ""Krilati glasniki"", ""Hčere vojne""]",0,,,,,,
course_186_les_valkyries_et_le_valhalla,course_186_les_valkyries_et_le_valhalla_q2,mcq,"Zakaj Odin združuje najboljše bojevnike, ki so umrli v Valhalli?","Odin pozna prerokbo Ragnaröka in zbere Einherjar, elitno vojsko, v Valhalli, da odloži neizogibno.","[""Zgraditi vojsko za Ragnarök"", ""Da jim ponudimo miren pokoj"", ""Ponovno naseliti Asgard po lakoti"", ""Da jih obsojajo za njihove napake""]",0,,,,,,
course_186_les_valkyries_et_le_valhalla,course_186_les_valkyries_et_le_valhalla_q3,trueFalse,"Res ali ne: vsi bojevniki, ki umrejo v boju, se samodejno pridružijo Valhalli.","Samo polovica bojevnikov, ki so umrli v bitki, doseže Valhallo; druga polovica gre v Fólkvangr, domeno boginje Freyje.","[""Prav"", ""Narobe""]",1,,,,,,
course_186_les_valkyries_et_le_valhalla,course_186_les_valkyries_et_le_valhalla_q4,numericSlider,Koliko vrat ima Valhalla glede na nordijska besedila?,"Valhalla ima 540 vrat, od katerih je vsaka dovolj velika, da lahko skoznjo gre osemsto borcev.",,,,540.0,100.0,1000.0,50.0,vrata
course_186_les_valkyries_et_le_valhalla,course_186_les_valkyries_et_le_valhalla_q5,mcq,"Kako starodavna besedila, kot je Poetična Edda, dejansko opisujejo Valkire v nasprotju z romantično podobo 19. stoletja?","Podoba nežnih devic izhaja iz romantike 19. stoletja; starodavna besedila kažejo ostrejše figure, povezane z vranami in včasih grozljive.","[""Kot trde figure, povezane z vranami in včasih grozljive"", ""Kot sladko pojoča dekleta"", ""Kot nevidna brezoblična bitja"", ""Kot preprosti služabniki brez moči""]",0,,,,,,
course_186_les_valkyries_et_le_valhalla,course_186_les_valkyries_et_le_valhalla_q6,mcq,"Kakšno vlogo igrajo Valkire, ko junaki prispejo v Valhallo?","V Valhali so Valkire odvrgle oklep, da bi junakom postregle medico, s čimer so priznale svoj novi status asgardske elite.","[""Na pojedinah jim postrežejo medico"", ""Sodijo jih, preden jih spustijo noter"", ""Zanje se borijo vsak dan"", ""Po enem letu jih pošljejo nazaj na zemljo""]",0,,,,,,
course_186_les_valkyries_et_le_valhalla,course_186_les_valkyries_et_le_valhalla_q7,mcq,Kakšen je tipičen dan v Valhalli za Einherjarja?,Ob petelinjem petju se Einherjarji oborožijo in pobijejo med seboj na ravnini; zvečer se njihove rane zaprejo in pride pojedina.,"[""Čez dan se prepirajo, rane se celijo, potem ponoči praznujejo"", ""Ves dan spijo in čakajo na Ragnaröka"", ""Trenirajo, ne da bi se kdaj poškodovali ali pretepli"", ""Odinu služijo kot preprosti služabniki""]",0,,,,,,
course_186_les_valkyries_et_le_valhalla,course_186_les_valkyries_et_le_valhalla_q8,trueFalse,"Res ali ne: umiranje zaradi starosti ali bolezni, ""slamnata smrt"", vodi v Valhallo tako kot umiranje v bitki.",Straw Death vodi v temno kraljestvo Hel; samo junaška smrt z mečem v roki odpre vrata Valhalle.,"[""Prav"", ""Narobe""]",1,,,,,,
course_186_les_valkyries_et_le_valhalla,course_186_les_valkyries_et_le_valhalla_q9,mcq,Kateri zaključni dogodek po mitu opravičuje ves ta dnevni trening Einherjarja v Valhalli?,"Odin pripravi to elitno vojsko, da se sooči z Ragnarökom, zadnjo bitko, ki bo uničila svet in ubila bogove.","[""Ragnarök, zadnja bitka proti velikanom in pošasti"", ""Človeška invazija na Asgard"", ""Letni turnir, ki ga organizira Odin"", ""Stalna vojna proti Vanirjem""]",0,,,,,,
course_187_le_phenix_a_travers_les_cultures,course_187_le_phenix_a_travers_les_cultures_q1,mcq,"Kdo je egipčanski prednik feniksa, ki ga pogosto predstavljajo kot čapljo in ne kot gorečo ujedo?","Benu, katerega ime pomeni ""sijati"" ali ""vstati"", je egipčanski prednik feniksa, ki je pogosto predstavljen kot čaplja.","[""Benou"", ""Fenghuang"", ""Hōō"", ""Simorgh""]",0,,,,,,
course_187_le_phenix_a_travers_les_cultures,course_187_le_phenix_a_travers_les_cultures_q2,mcq,"Kateri grški zgodovinar je egipčanskega Benuja spremenil v feniksa, ptico z rdečim in zlatim perjem?","Grški zgodovinar Herodot je Benuja spremenil v feniksa, redko ptico z rdečim in zlatim perjem.","[""Herodot"", ""Ovid"", ""Plinij starejši"", ""Homer""]",0,,,,,,
course_187_le_phenix_a_travers_les_cultures,course_187_le_phenix_a_travers_les_cultures_q3,numericSlider,Po Herodotu naj bi se vsakih koliko let Feniks znova pojavil?,Po Herodotu se feniks znova pojavi vsakih 500 let.,,,,500.0,50.0,1000.0,50.0,let
course_187_le_phenix_a_travers_les_cultures,course_187_le_phenix_a_travers_les_cultures_q4,mcq,"Kako Rimljani, zlasti Ovid in Plinij starejši, opisujejo konec Feniksa?","Feniks zgradi gnezdo začimb, ki jih prižge sonce ali lastna krila; iz pepela se rodi mlada ptica, ki posmrtne ostanke starešine odnese v Egipt.","[""Zaužije se v gnezdu začimb, preden se iz njegovega pepela ponovno rodi mlada ptica"", ""Potopi se v Nil, da se regenerira"", ""Spremeni se v sveti kamen"", ""Preprosto izgine brez sledu""]",0,,,,,,
course_187_le_phenix_a_travers_les_cultures,course_187_le_phenix_a_travers_les_cultures_q5,mcq,Kaj simbolizira feniks za rimski imperij?,"Za Rim postane Feniks simbol Aeternitas, večnosti cesarstva; pozneje bodo kristjani tam brali vstajenje.","[""Aeternitas, večnost imperija"", ""Vojaška zmaga nad Galci"", ""Bogastvo sredozemske trgovine"", ""Modrost senata""]",0,,,,,,
course_187_le_phenix_a_travers_les_cultures,course_187_le_phenix_a_travers_les_cultures_q6,mcq,Kako se kitajski Fenghuang razlikuje od grško-rimskega feniksa?,"Fenghuang ni goreča ptica: je bitje harmonije, pogosto povezano s cesarico, katere pojav naznanja pravičnega suverena.","[""Ne gori ptica, ampak bitje harmonije, povezano s cesarico"", ""Živi točno 500 let kot feniks"", ""Ponovno se rodi le iz vode, nikoli iz ognja"", ""Je izključni simbol vojne""]",0,,,,,,
course_187_le_phenix_a_travers_les_cultures,course_187_le_phenix_a_travers_les_cultures_q7,trueFalse,Res ali ne: na Japonskem se Hōō pojavlja zlasti na bankovcih za 10.000 jenov.,Japonski Hōō krasi bankovce za 10.000 jenov in strehe templjev v Kjotu.,"[""Prav"", ""Narobe""]",0,,,,,,
course_187_le_phenix_a_travers_les_cultures,course_187_le_phenix_a_travers_les_cultures_q8,mcq,Kako so srednjeveški alkimisti na novo interpretirali mit o feniksu?,"Feniksov cikel spominja alkimiste na transmutacijo kovin, vključno s temno fazo, imenovano nigredo: potrebno je uničiti, da se očisti.","[""Kot metafora za transmutacijo, kjer je treba uničiti, da se očisti"", ""Kot preprosta pravljica za otroke"", ""Kot dokaz obstoja zmajev"", ""Kot simbol materialnega bogastva""]",0,,,,,,
course_187_le_phenix_a_travers_les_cultures,course_187_le_phenix_a_travers_les_cultures_q9,mcq,Zakaj ima mesto Phoenix v Arizoni to ime?,"Mesto Phoenix, imenovano leta 1867, je stalo na kanalih in ruševinah civilizacije Hohokam, ki je izginila stoletja prej.","[""Nastal je na kanalih in ruševinah izginule civilizacije Hohokam"", ""Ustanovili so ga grški priseljenci"", ""Pogorela je do tal in bila nato enaka obnovljena."", ""V njem je tempelj, posvečen bogu Bénouju""]",0,,,,,,
course_188_les_titans_vs_les_dieux_titanomachie,course_188_les_titans_vs_les_dieux_titanomachie_q1,mcq,"Zakaj Kronos požre lastne otroke takoj, ko se rodijo?","Potem ko je s prestola odstranil lastnega očeta Ourana, se Kronos boji enake usode in zato požre svoje otroke takoj, ko se rodijo.","[""Boji se, da bo dočakal isto usodo kot njegov oče Ouranos, ki ga je vrgel s prestola"", ""Uboga ukaz svoje matere Gaie"", ""Svojo ženo Rheo želi kaznovati"", ""Prizadeva si pridobiti nesmrtnost""]",0,,,,,,
course_188_les_titans_vs_les_dieux_titanomachie,course_188_les_titans_vs_les_dieux_titanomachie_q2,numericSlider,"Koliko let je trajala titanomahija, vojna med Titani in Olimpijci?","V Titanomahiji se Titani in Olimpijci borijo deset let, pred Zeusovo zmago.",,,,10.0,0.0,30.0,2.0,let
course_188_les_titans_vs_les_dieux_titanomachie,course_188_les_titans_vs_les_dieux_titanomachie_q3,mcq,"Kaj kujejo Kiklopi, da bi pomagali olimpijcem premagati Titane?","Kiklop, ki ga je Zevs osvobodil Tartarja, kuje strelo, trizob in čelado nevidnosti, odločilno orožje treh bratov.","[""Zevsova strela, Pozejdonov trizob in nevidna čelada za Had"", ""Zlati oklep za vse bogove"", ""Neprehodna stena okoli Olimpa"", ""Mreža, ki ujame Kronosa""]",0,,,,,,
course_188_les_titans_vs_les_dieux_titanomachie,course_188_les_titans_vs_les_dieux_titanomachie_q4,mcq,"Kakšna je fizična posebnost Hekatonhirjev, odločilnih Zevsovih zaveznikov?","Trije Hekatonhirji imajo sto rok in petdeset glav, kar jim omogoča, da odtrgajo dele gore in jih vržejo v Titane.","[""Po sto rok in petdeset glav"", ""Eno oko na sredini čela"", ""Ognjena krila"", ""Telo v celoti kačje""]",0,,,,,,
course_188_les_titans_vs_les_dieux_titanomachie,course_188_les_titans_vs_les_dieux_titanomachie_q5,trueFalse,"Res ali ne: po porazu so Titani priklenjeni v Tartar, varujejo pa jih Hekatonhirji, njihovi nekdanji spremljevalci v ujetništvu.","Poraženi Titani so priklenjeni v Tartarju, kjer so njihovi ječarji zdaj Hekatonhirji, včeraj ujetniki na istem mestu.","[""Prav"", ""Narobe""]",0,,,,,,
course_188_les_titans_vs_les_dieux_titanomachie,course_188_les_titans_vs_les_dieux_titanomachie_q6,mcq,"Kako si Zevs, Pozejdon in Had delijo svet po zmagi?","Trije zmagovalni bratje žrebajo za svoja področja: nebo za Zevsa, morje za Pozejdona, podzemlje za Had.","[""Žrebajo: Zevs dobi nebo, Pozejdon morje, Had podzemlje"", ""Zevs svojim bratom na silo vsiljuje svoje odločitve"", ""Delijo si svet brez razlikovanja domene"", ""Vsak preprosto obdrži domeno, ki jo je že zasedel""]",0,,,,,,
course_188_les_titans_vs_les_dieux_titanomachie,course_188_les_titans_vs_les_dieux_titanomachie_q7,mcq,Kateri titanid se izogne splošnemu porazu in obdrži mesto ob Zevsu v novem redu?,"Nekaterim Titanom je prizaneseno: Temida, porok božanskega zakona, tako ostane ob Zevsu.","[""Themis, porok božjega prava"", ""Metis"", ""Gaja"", ""Rhea""]",0,,,,,,
course_188_les_titans_vs_les_dieux_titanomachie,course_188_les_titans_vs_les_dieux_titanomachie_q8,mcq,"Katerega smrtnika morajo bogovi poklicati na pomoč, da premagajo velikane med Gigantomahijo, ki sledi Titanomahiji?","Gaia še vedno rojeva grožnje po Titanomahiji; da bi premagali velikane med Gigantomahijo, potrebujejo bogovi smrtnega Herakleja.","[""Heraklej"", ""Perzej"", ""Tezej"", ""Ahil""]",0,,,,,,
course_188_les_titans_vs_les_dieux_titanomachie,course_188_les_titans_vs_les_dieux_titanomachie_q9,trueFalse,"Res ali ne: beseda ""titan"", ki jo je leta 1795 poimenoval kemik Martin Heinrich Klaproth, svoje ime dolguje legendarni moči Titanov.",Leta 1795 je kemik Martin Heinrich Klaproth titan poimenoval po Titanih glede na njegovo moč.,"[""Prav"", ""Narobe""]",0,,,,,,
course_188_les_titans_vs_les_dieux_titanomachie,course_188_les_titans_vs_les_dieux_titanomachie_q10,chronological,Postavite te faze Titanomahije v red.,Od Kronosove tiranije do delitve sveta med tremi brati sledi Titanomahija jasnemu napredovanju proti olimpijskemu redu.,,,"[""Kronos požre svoje otroke v strahu, da bi ga odstranili s prestola"", ""Zevs prisili Krona, da povrne svoje brate in sestre"", ""Zevs osvobodi Kiklope in Hekatonhire iz Tartarja"", ""Poraženi Titani so priklenjeni na Tartar"", ""Zevs, Pozejdon in Had si delijo svet""]",,,,,
course_189_dionysos_le_dieu_du_vin_et_de_l_exces,course_189_dionysos_le_dieu_du_vin_et_de_l_exces_q1,mcq,"Zakaj pravimo, da je bil Dioniz »dvakrat rojen«?",Po Semelini smrti Zevs položi otroka v svoje stegno do rojstva: Dioniz je torej »dvakrat rojen«.,"[""Zevs je nosil otroka v svojem stegnu po smrti njegove smrtne matere Semele"", ""Vstal je po tem, ko so ga ubili Titani"", ""Najprej se rodi v ljudeh, nato v bogovih"", ""Vsako pomlad spremeni telo""]",0,,,,,,
course_189_dionysos_le_dieu_du_vin_et_de_l_exces,course_189_dionysos_le_dieu_du_vin_et_de_l_exces_q2,mcq,"Zakaj Semela, Dionizova smrtna mati, umre, preden se on rodi?","Hera, ljubosumna, potisne Semele, da zahteva, da se Zevs pokaže v svoji pravi podobi: božanska strela jo nato ubije.","[""Hera jo prisili, da prosi Zeusa, naj se pokaže v svoji resnični božanski podobi, čigar strela jo ubije"", ""Bogovi jo kaznujejo, ker je ljubila smrtnika"", ""Umre naravno pri porodu"", ""Set jo ubije zaradi ljubosumja""]",0,,,,,,
course_189_dionysos_le_dieu_du_vin_et_de_l_exces,course_189_dionysos_le_dieu_du_vin_et_de_l_exces_q3,mcq,"Kdo so Dionizovi privrženci, ki zaidejo v trans med njegovimi obredi v gorah?","Menade ali Bakante zapustijo mesto in se odpravijo v gore, kjer ples, glasba in vino povzročijo trans.","[""Menade ali Bakante"", ""Vestalske device"", ""Valkire"", ""Titanidi""]",0,,,,,,
course_189_dionysos_le_dieu_du_vin_et_de_l_exces,course_189_dionysos_le_dieu_du_vin_et_de_l_exces_q4,trueFalse,"Resnično ali napačno: Dionizovi obredi, imenovani misteriji, utrjujejo ustaljeni družbeni red mesta.","Nasprotno, ti obredi za eno noč prevrnejo družbeni red, preden razum spet pridobi svoje pravice.","[""Prav"", ""Narobe""]",1,,,,,,
course_189_dionysos_le_dieu_du_vin_et_de_l_exces,course_189_dionysos_le_dieu_du_vin_et_de_l_exces_q5,mcq,"Kako se je po legendi Dioniz maščeval piratom, ki so ga ujeli, da bi ga prodali?","Prestrašeni zaradi vesl, ki so postala kače, in vinske trte, ki rastejo na jamboru, pirati skočijo v morje in postanejo delfini.","[""Vesla spremeni v kače in poskrbi, da na jamboru rastejo trte"", ""Ladjo spremeni v kamen"", ""Prikliče nevihto, ki potopi čoln"", ""Zaradi tega so gusarji nesmrtni in nori""]",0,,,,,,
course_189_dionysos_le_dieu_du_vin_et_de_l_exces,course_189_dionysos_le_dieu_du_vin_et_de_l_exces_q6,mcq,Katera umetnost se je rodila iz praznikov v čast Dionizu v Atenah med Veliko Dionizijo?,V Atenah je ta bog presežka postal pokrovitelj gledališča: Velika dionizija je organizirala dramska tekmovanja.,"[""Gledališče"", ""Filozofija"", ""Monumentalna skulptura"", ""Epska poezija""]",0,,,,,,
course_189_dionysos_le_dieu_du_vin_et_de_l_exces,course_189_dionysos_le_dieu_du_vin_et_de_l_exces_q7,mcq,Kako se glede na zgodbo o evoluciji ditiramba »rodi« gledališki igralec?,"Ditiramb, zborovska pesem v čast bogu, rodi igralca, ko se pevec odcepi od zbora, da bi odgovoril.","[""Ko se pevec odcepi od zbora, da odgovori"", ""Ko je bila prvič izumljena gledališka maska"", ""Ko pesnik sestavi prvi dialog"", ""Ko na oder stopi sam Dioniz""]",0,,,,,,
course_189_dionysos_le_dieu_du_vin_et_de_l_exces,course_189_dionysos_le_dieu_du_vin_et_de_l_exces_q8,mcq,"Katerima dvema načeloma je v 19. stoletju nasprotoval filozof Nietzsche, ki se je zgledoval pri Apolonu in Dionizu?","Nietzsche zoperstavi Apolona, boga mere in jasnosti, Dionizu, sili omame in ustvarjalnega kaosa, da bi razložil grško tragedijo.","[""Mera in jasnost proti pijanosti in ustvarjalnemu kaosu"", ""Vojna proti državljanskemu miru"", ""Razum proti veri"", ""Znanost proti umetnosti""]",0,,,,,,
course_189_dionysos_le_dieu_du_vin_et_de_l_exces,course_189_dionysos_le_dieu_du_vin_et_de_l_exces_q9,chronological,Postavite te faze Dionizovega življenja in njegovega kulta v red.,Od svojega rojstva do rojstva gledališča mit o Dionizu sledi jasnemu napredovanju proti državljanski umetnosti.,,,"[""Semela umre in Zevs dokonča Dionizovo brejost v njegovem stegnu"", ""Menade vstopijo v trans med obredi v njegovo čast v gorah"", ""Pesem ditiramba pojejo v zboru na festivalih v njegovo čast"", ""Velike dionizije rodijo gledališče v Atenah""]",,,,,
course_18_la_grande_depression_1929,course_18_la_grande_depression_1929_q1,mcq,"Kateri dan leta 1929 je newyorška borza propadla, kar je sprožilo veliko depresijo?","24. oktobra 1929, imenovan črni četrtek, se je newyorška borza zrušila in sprožila veliko depresijo.","[""24. oktober, “črni četrtek”"", ""1. januar, novoletni dan"", ""14. julij, francoski državni praznik"", ""11. november, premirje 1918""]",0,,,,,,
course_18_la_grande_depression_1929,course_18_la_grande_depression_1929_q2,percentageSlider,Kolikšen delež Američanov je bil brezposelnih na vrhuncu velike depresije?,Približno 25 % Američanov se med krizo znajde brezposelnih.,,,,25.0,0.0,100.0,5.0,%
course_18_la_grande_depression_1929,course_18_la_grande_depression_1929_q3,mcq,Kateri mehanizem je spodbudil špekulativni balon Roaring Twenties pred zlomom?,"Za nakup delnic si izposojamo tako, da stavimo na njihovo rast: ta sistem nakupa na marži pomnoži izgube, ko trg propade.","[""Nakup delnic z maržo, izposojanje za nakup vrednostnih papirjev"", ""Množično tiskanje denarja s strani države"", ""Nadaljevanje padanja cen kmetijskih proizvodov"", ""Prepoved potrošniških kreditov""]",0,,,,,,
course_18_la_grande_depression_1929,course_18_la_grande_depression_1929_q4,trueFalse,Res ali ne: med letoma 1929 in 1932 je ameriški delniški trg izgubil skoraj 90 % svoje vrednosti.,Ameriški delniški trg je med letoma 1929 in 1932 izgubil približno 89 % svoje vrednosti.,"[""Prav"", ""Narobe""]",0,,,,,,
course_18_la_grande_depression_1929,course_18_la_grande_depression_1929_q5,mcq,"Kakšni so ""bančni pobegi"", ki so prizadeli ameriške banke po zlomu?","Stranke v paniki hitijo dvigovati svoj denar, kar je povzročilo propad približno 9000 ameriških bank.","[""Valovi strank, ki v paniki dvigujejo svoj denar"", ""Ropi, ki jih organizirajo tolpe"", ""Obvezne revizije, ki jih uvede država"", ""Prisilne združitve velikih bank""]",0,,,,,,
course_18_la_grande_depression_1929,course_18_la_grande_depression_1929_q6,chronological,Postavite te dogodke velike depresije v kronološki vrstni red.,"Zlom oktobra 1929 je privedel do verige propadov bank, nato pa je kriza utrla pot Hitlerju in odzivu New Deala, oboje v začetku leta 1933.",,,"[""Črni četrtek na Wall Streetu"", ""Val propadov bank v ZDA"", ""Hitlerjev vzpon na oblast v Nemčiji"", ""Rooseveltov začetek New Deala""]",,,,,
course_18_la_grande_depression_1929,course_18_la_grande_depression_1929_q7,mcq,Kateri denarni sistem širi ameriško gospodarsko krizo v Evropo?,"Da bi ohranile svoje zlate rezerve, evropske centralne banke zvišujejo obrestne mere, kar še poslabša recesijo.","[""Zlati standard, ki sili centralne banke, da dvignejo svoje obrestne mere"", ""Zlati frank, enotna evropska valuta"", ""Sistem Bretton Woods"", ""Evropska carinska unija""]",0,,,,,,
course_18_la_grande_depression_1929,course_18_la_grande_depression_1929_q8,mcq,"Kdo je izkoristil ogromno brezposelnost v Nemčiji, da je januarja 1933 prišel na oblast?",S 30-odstotno brezposelnostjo v Nemčiji je Hitler izkoristil ljudski obup proti krhki Weimarski republiki.,"[""Adolf Hitler"", ""Franklin D. Roosevelt"", ""Herbert Hoover"", ""Winston Churchill""]",0,,,,,,
course_18_la_grande_depression_1929,course_18_la_grande_depression_1929_q9,mcq,"Kakšno politiko je začel Franklin D. Roosevelt, da bi se odzval na krizo?","Roosevelt, izvoljen leta 1932, je sprožil New Deal: velika dela, ureditev bančništva in začetek socialne zaščite, da bi oživili gospodarstvo.","[""New Deal, ki konča laissez-faire in prek države oživi gospodarstvo"", ""Kolektivizacija kmetijskih zemljišč"", ""Obnova zlatega standarda"", ""Vojaško zavezništvo z Nemčijo""]",0,,,,,,
course_191_enee_et_la_fondation_de_rome_virgile,course_191_enee_et_la_fondation_de_rome_virgile_q1,mcq,"Kdo je avtor Eneide, ustanovitvenega epa Rima?","Virgil je Eneido sestavljal enajst let, da bi Rimu dal preteklost, vredno Homerja.","[""Virgil"", ""Homer"", ""Ovid"", ""Livy""]",0,,,,,,
course_191_enee_et_la_fondation_de_rome_virgile,course_191_enee_et_la_fondation_de_rome_virgile_q2,mcq,Zakaj je cesar Avgust ta ep naročil Vergilu?,"Po državljanskih vojnah je želel Avgust stabilizirati svojo oblast tako, da jo je prek Eneja povezal z božanskim izvorom: to je avgustejska propaganda.","[""Svojo moč povezati z božanskim junakom po državljanskih vojnah"", ""Za financiranje gradnje velikega templja"", ""Za proslavo vojaške zmage nad Kartagino"", ""Da bi nadomestil homerske zgodbe, ki so bile preveč grške""]",0,,,,,,
course_191_enee_et_la_fondation_de_rome_virgile,course_191_enee_et_la_fondation_de_rome_virgile_q3,mcq,"Koga reši Enej med begom iz goreče Troje, poleg svojega očeta in sina?","Enej odnese penate, bogove, ki varujejo dom, gesto, ki opredeljuje rimske piete: dolžnost do družine, bogov in usode.","[""Penati, bogovi ognjišča"", ""Priamov kraljevi zaklad"", ""Ahilovo orožje"", ""Trojanski konj""]",0,,,,,,
course_191_enee_et_la_fondation_de_rome_virgile,course_191_enee_et_la_fondation_de_rome_virgile_q4,trueFalse,"Res ali ne: V Kartagini kraljica Didona naredi samomor, potem ko Enej odide in preklinja njen rod.","Eneja, ki ga je Jupiter poklical nazaj k svojemu poslanstvu, zapusti Didono, ki naredi samomor in preklinja njen rod: mit tako pojasnjuje prihodnje sovraštvo med Rimom in Kartagino.","[""Prav"", ""Narobe""]",0,,,,,,
course_191_enee_et_la_fondation_de_rome_virgile,course_191_enee_et_la_fondation_de_rome_virgile_q5,mcq,"Katera rimska družina, vključno z Julijem Cezarjem in Avgustom, trdi, da je božanski izvor po Enejevem sinu?","Enejev sin, Ascanius, imenovan tudi Iule, daje svoje ime družini Julijev, ki ji pripisujeta zasluge Julij Cezar in Avgust.","[""Juliji"", ""Scipionci"", ""Flavijci"", ""Tarquinovi""]",0,,,,,,
course_191_enee_et_la_fondation_de_rome_virgile,course_191_enee_et_la_fondation_de_rome_virgile_q6,mcq,Kateri italijanski princ ob podpori boginje Junone sproži vojno proti Eneju v Laciju?,"Turn, ki ga podpira Junona, boginja, sovražna do Trojancev, nasprotuje Enejevi zvezi z Lavinijo in začne vojno.","[""Turnus"", ""Latinus"", ""Askanij"", ""Anchises""]",0,,,,,,
course_191_enee_et_la_fondation_de_rome_virgile,course_191_enee_et_la_fondation_de_rome_virgile_q7,mcq,Kaj je Enej ugotovil po zmagi nad Turnom?,"Po zmagi nad Turnom se je Enej poročil z Lavinijo in ustanovil Lavinij; njegov sin bo nato našel Albo Dolgo, iz katere se bosta rodila Romulus in Remus.","[""Lavinij"", ""Rim"", ""Kartagina"", ""Troja""]",0,,,,,,
course_191_enee_et_la_fondation_de_rome_virgile,course_191_enee_et_la_fondation_de_rome_virgile_q8,chronological,Postavite te etape Enejevega potovanja v red.,"Enejevo potovanje vodi od padca Troje do tragične ljubezni v Kartagini, pred italijansko zmago, s katero se začne rod Rima.",,,"[""Z očetom in sinom beži iz goreče Troje"", ""Razpadla ljubezen s kraljico Dido v Kartagini"", ""Zmaga nad Turnom in ustanovitev Lavinija""]",,,,,
course_191_enee_et_la_fondation_de_rome_virgile,course_191_enee_et_la_fondation_de_rome_virgile_q9,mcq,Kateri srednjeveški pesnik uporablja Vergilija kot vodnika v veliki pesmi?,"V srednjem veku je Dante izbral Vergilija za svojega vodnika v Božanski komediji, zaradi česar je latinski pesnik postal skoraj preroška osebnost.","[""Dante, v Božanski komediji"", ""Petrarka, v Canconiere"", ""Boccaccio, v Dekameronu"", ""Chrétien de Troyes v svojih romanih""]",0,,,,,,
course_192_les_dieux_azteques_et_les_sacrifices_hum,course_192_les_dieux_azteques_et_les_sacrifices_hum_q1,mcq,"Koliko obdobij je po mitu o petih soncah že izginilo pred tem, v katerem živimo?","Azteški mit ima pet sonc: pred sedanjim petim soncem, Nahui Ollinom, so v katastrofah izginila štiri obdobja.","[""štiri"", ""Dva"", ""Sedem"", ""Samo enega""]",0,,,,,,
course_192_les_dieux_azteques_et_les_sacrifices_hum,course_192_les_dieux_azteques_et_les_sacrifices_hum_q2,mcq,Zakaj bogovi darujejo lastno kri Teotihuacánu glede na mit o petih soncah?,"Potem ko so se vrgli v ogenj, da bi postali sonce in luna, bogovi opazijo, da sonce ostane nepremično: nato ponudijo svojo kri, da ga zaženejo, dolg, ki ga bodo ljudje podedovali.","[""Spraviti mirno sonce v gibanje"", ""Kaznovati moške za njihov ponos"", ""Ustvariti prve azteške bojevnike"", ""Za pogasitev prvotnega požara""]",0,,,,,,
course_192_les_dieux_azteques_et_les_sacrifices_hum,course_192_les_dieux_azteques_et_les_sacrifices_hum_q3,mcq,"Kateri azteški bog, povezan z vojno in opoldanskim soncem, se vsako noč bori s temo?","Huitzilopochtli, bog vojne in opoldanskega sonca, se vsako noč bori proti temi, da bi se zjutraj znova rodil.","[""Huitzilopochtli"", ""Tlaloc"", ""Quetzalcoatl"", ""Tezcatlipoca""]",0,,,,,,
course_192_les_dieux_azteques_et_les_sacrifices_hum,course_192_les_dieux_azteques_et_les_sacrifices_hum_q4,mcq,Kateri bog med Azteki nadzoruje dež in s tem žetev ali lakoto?,Tlaloc daje dež: odvisno od njegovega razpoloženja prinaša dobre letine ali lakoto.,"[""Tlaloc"", ""Huitzilopochtli"", ""Coatlicue"", ""Tezcatlipoca""]",0,,,,,,
course_192_les_dieux_azteques_et_les_sacrifices_hum,course_192_les_dieux_azteques_et_les_sacrifices_hum_q5,trueFalse,Res ali ne: Vojne cvetov (Xochiyaoyotl) si prizadevajo ubiti čim več sovražnikov.,"Cilj cvetličnih vojn je ujeti žive bojevnike, vredne žrtvovanja, in ne ubiti jih na bojišču.","[""Prav"", ""Narobe""]",1,,,,,,
course_192_les_dieux_azteques_et_les_sacrifices_hum,course_192_les_dieux_azteques_et_les_sacrifices_hum_q6,mcq,S katerim orodjem duhovnik izvleče srca žrtev na vrhu Templa Mayor?,"Duhovnik uporablja nož iz obsidiana, oster vulkanski kamen, da izvleče srce na vrhu Templa Mayor v Tenochtitlánu.","[""Nož iz obsidiana"", ""Bronasto kopje"", ""Železen meč"", ""Zlato bodalo""]",0,,,,,,
course_192_les_dieux_azteques_et_les_sacrifices_hum,course_192_les_dieux_azteques_et_les_sacrifices_hum_q7,mcq,"Kako se imenuje dragocena kri, ponujena azteškim bogovom?","Kri, darovana bogovom, se imenuje chalchihuatl, »dragocena voda«; izvlečeno srce je mišljeno kot sončna iskra, vrnjena v nebo.","[""Chalchihuatl"", ""Sveta rosa"", ""Voda jezera Texcoco"", ""Ritualni pulque""]",0,,,,,,
course_192_les_dieux_azteques_et_les_sacrifices_hum,course_192_les_dieux_azteques_et_les_sacrifices_hum_q8,mcq,Kateri dogodek leta 1519 je pospešil konec azteškega sistema žrtvovanja?,Leta 1519 je prihod Hernána Cortésa in španskih konkvistadorjev pospešil konec tega ritualnega vesolja.,"[""Prihod Hernána Cortésa"", ""Vulkanski izbruh"", ""Smrt cesarja Moctezuma"", ""Splošna lakota""]",0,,,,,,
course_192_les_dieux_azteques_et_les_sacrifices_hum,course_192_les_dieux_azteques_et_les_sacrifices_hum_q9,mcq,"Kateri rivalski bog Quetzalcoatla vlada noči, usodi in magiji?","Tezcatlipoca, dimeče se ogledalo, je Quetzalcoatlov tekmec in vlada noči, usodi in magiji.","[""Tezcatlipoca"", ""Huitzilopochtli"", ""Coatlicue"", ""Tlaloc""]",0,,,,,,
course_193_quetzalcoatl,course_193_quetzalcoatl_q1,mcq,Kaj simbolizira združitev kače in perja v imenu Quetzalcoatl?,"Ime asociira na kačo (zemlja) in quetzal, ptico z zelenim perjem (nebo), zaradi česar je Quetzalcoatl most med človeškim in božanskim.","[""Vez med zemljo in nebom"", ""Zmaga nad smrtjo"", ""Dvojnost med dnevom in nočjo"", ""Prehod iz otroštva v odraslost""]",0,,,,,,
course_193_quetzalcoatl,course_193_quetzalcoatl_q2,mcq,"Kaj bo Quetzalcoatl iskal v Mictlánu, svetu mrtvih, da bi ustvaril nove ljudi?","Quetzalcoatl se spusti v Mictlán, da bi dobil kosti ljudi iz prejšnjih obdobij, ki jim povrne življenje s svojo krvjo.","[""Človeške kosti iz preteklih obdobij"", ""Semena originalne koruze"", ""Srce Tezcatlipoca"", ""Perje svetega quetzala""]",0,,,,,,
course_193_quetzalcoatl,course_193_quetzalcoatl_q3,trueFalse,Res ali ne: pri Majih in Aztekih je bilo ubijanje kecala kaznovano s smrtjo.,"Ptica je bila tako sveta, da so ji lahko vzeli le nekaj peres, preden so jo izpustili; umor je bil kaznovan s smrtjo.","[""Prav"", ""Narobe""]",0,,,,,,
course_193_quetzalcoatl,course_193_quetzalcoatl_q4,mcq,"Kdo je Topiltzin Quetzalcoatl, zgodovinski obraz mita?","Topiltzin Quetzalcoatl je tulski svečenik-kralj iz 10. stoletja, ki naj bi poskušal človeške žrtve nadomestiti z darovanjem rož in metuljev.","[""Kralj-duhovnik iz Tule, ki bi želel odpraviti človeške žrtve"", ""Azteški cesar osvaja Špance"", ""Majevski duhovnik, ki je ustanovil Chichén Itzá"", ""Prvi španski raziskovalec Mehike""]",0,,,,,,
course_193_quetzalcoatl,course_193_quetzalcoatl_q5,mcq,Zakaj je duhovnik-kralj iz Tule končal v izgnanstvu na vzhod?,"Tezcatlipoca potisne kralja-duhovnika, da se napije pulqueja; ponižan se je izgnal na vzhod in obljubil, da se bo nekega leta vrnil »A Reed«.","[""Njegov tekmec Tezcatlipoca ga poniža tako, da mu da piti pulque"", ""Izgubi vojno proti Majom"", ""Izžene ga ljudski upor"", ""Odide iskat izgubljeno koruzo""]",0,,,,,,
course_193_quetzalcoatl,course_193_quetzalcoatl_q6,mcq,V kakšni nebesni obliki po mitu še naprej obstaja Quetzalcoatl po svojem odhodu?,"Po svojem izgnanstvu Quetzalcoatl včasih postane Jutranja zvezda, planet Venera: bog ne umre, spremeni obliko.","[""Jutranja zvezda, planet Venera"", ""Luna"", ""Letni komet"", ""Opoldansko sonce""]",0,,,,,,
course_193_quetzalcoatl,course_193_quetzalcoatl_q7,mcq,Zakaj je prihod Cortésa leta 1519 še posebej vznemiril cesarja Moctezuma II.?,"Cortés je prispel leta 1519, natanko v letu »A Reed« azteškega koledarja, ko se je pričakovala vrnitev Quetzalcoatla, kar je Moctezumo pahnilo v obotavljanje.","[""Sovpada z letom »A Reed«, letom pričakovane vrnitve boga"", ""Pojavi se na dan popolnega sončnega mrka."", ""Sovpada z letnim praznikom koruze"", ""Sledi vojaškemu porazu proti Majevom""]",0,,,,,,
course_193_quetzalcoatl,course_193_quetzalcoatl_q8,chronological,Postavite te faze mita o Quetzalcoatlu v red.,"Mit sledi nepretrgani niti: stvarjenje, nato izgnanstvo kralja-duhovnika in končno oživitev legende med španskim osvajanjem.",,,"[""Bog stvarnik vrne ljudi v življenje in jim ponudi koruzo"", ""Duhovnik-kralj iz Tule po svojem ponižanju izgine na vzhod"", ""Prihod Cortésa oživi obljubo božanske vrnitve""]",,,,,
course_194_le_mahabharata,course_194_le_mahabharata_q1,mcq,"Koga tradicionalno imenujejo avtor Mahabharate, hkrati pa je tudi lik v zgodbi?","Mahabharata se pripisuje modrecu Vyasi, ki je hkrati legendarni avtor in lik v epu.","[""Žajbelj Vyasa"", ""Bog Krišna"", ""Lokostrelec Arjuna"", ""Kralj Duryodhana""]",0,,,,,,
course_194_le_mahabharata,course_194_le_mahabharata_q2,trueFalse,"Res ali ne: po legendi je bog Ganeša zlomil enega od svojih oklov, da bi Vyasi služil kot stiletto.","Legenda pravi, da je Vyasa narekoval tako hitro, da je Ganesha zlomil enega od svojih oklov, da je lahko nadaljeval s pisanjem brez prekinitev.","[""Prav"", ""Narobe""]",0,,,,,,
course_194_le_mahabharata,course_194_le_mahabharata_q3,mcq,Kaj je osrednje vprašanje vojne Mahabharate?,"Vojna spopade Pandave in Kaurave, dve veji iste kraljeve družine, za prestol Hastinapure.","[""Prestol Hastinapura, sporen med dvema vejama iste družine"", ""Posedovanje čarobnega prstana"", ""Nadzor nad indijskimi trgovskimi potmi"", ""Osvajanje tujega sosednjega kraljestva""]",0,,,,,,
course_194_le_mahabharata,course_194_le_mahabharata_q4,mcq,Kaj uniči Pandave in jih pošlje v izgnanstvo za trinajst let?,"Zaradi prirejene igre s kockami, ki so jo organizirali Kaurave, so Pandave izgubile svoje kraljestvo in jih poslale v izgnanstvo za trinajst let.","[""Prirejena igra s kockami"", ""Vojaški poraz proti Kauravi"", ""Božansko prekletstvo"", ""Požar v njihovi palači""]",0,,,,,,
course_194_le_mahabharata,course_194_le_mahabharata_q5,mcq,"Kdo poskuša posredovati med Pandavo in Kauravo, preden izbruhne vojna?","Krišna, zaveznik Pandav, poskuša posredovati pred vojno, vendar ga Kaurave zavrnejo.","[""Krišna"", ""Vyasa"", ""Arjuna"", ""Dhritarashtra""]",0,,,,,,
course_194_le_mahabharata,course_194_le_mahabharata_q6,mcq,Zakaj lokostrelec Arjuna odvrže lok pred prvo bitko na Kurukšetri?,"Arjuna vidi svoje strice, svoje prijatelje in svoje gospodarje v sovražnem taboru in razburjen odvrže svoj lok, preden ga vodi Krišna.","[""V sovražnikovih vrstah prepozna svoje strice, prijatelje in gospodarje"", ""Poškoduje ga zastrupljena puščica"", ""Izve za bratovo smrt"", ""Zaradi prekletstva izgubi vid""]",0,,,,,,
course_194_le_mahabharata,course_194_le_mahabharata_q7,mcq,Kaj predstavlja Bhagavad-Gita v zgodbi Mahabharate?,"Bhagavad-Gita je dialog približno 700 verzov, v katerih Krišna, Arjunov vozar, uči dolžnosti in nesebičnega delovanja.","[""Krišnin dialog z Arjuno na dolžnosti in akciji"", ""Dnevnik kralja Dhritarashtre"", ""Seznam zakonov izgnanstva Pandav"", ""Zgodba o rojstvu stotih Kaurav""]",0,,,,,,
course_194_le_mahabharata,course_194_le_mahabharata_q8,mcq,"Kaj pomeni karma joga, ki jo je Krišna učil Arjuno?","Karma joga uči delovati v skladu s svojo dolžnostjo, dharmo, ne da bi se oklepali rezultatov ali sadov dejanja.","[""Delujte v skladu s svojo dolžnostjo, ne da bi se navezali na sadove dejanj"", ""Popolnoma opustite vse dejavnosti za meditacijo"", ""Sledite le svojim osebnim željam"", ""Borite se za maščevanje namesto dolžnosti""]",0,,,,,,
course_194_le_mahabharata,course_194_le_mahabharata_q9,chronological,Postavite te korake Mahabharate v red.,"Ep sledi logični spirali: propad zaradi iger na srečo, neuspeh mediacije, nato duhovni pouk tik pred zadnjim spopadom.",,,"[""Pandave izgubijo svoje kraljestvo v prirejeni igri s kockami"", ""Krišna poskuša posredovati, kar Kaurave zavračajo"", ""Arjuna se pred bitko nauči Bhagavad-Gite""]",,,,,
course_195_lancelot_guenievre_et_la_table_ronde,course_195_lancelot_guenievre_et_la_table_ronde_q1,mcq,Kako imenujemo vse zgodbe o kralju Arturju in njegovih vitezih?,"Arturjev cikel se imenuje Matter of Brittany, mešanje nejasne zgodovine, keltske folklore in krščanske morale.","[""Zadeva Bretanje"", ""Pesem geste"", ""Karolinški ciklus"", ""Zadeva Rima""]",0,,,,,,
course_195_lancelot_guenievre_et_la_table_ronde,course_195_lancelot_guenievre_et_la_table_ronde_q2,mcq,Katera prepovedana ljubezen na koncu uniči Camelot?,"Prepovedana ljubezen med Lancelotom, najboljšim vitezom, in Guinevere, Arthurjevo ženo, postane strup, ki poruši Camelot.","[""Ljubezen Lancelota in kraljice Guinevere"", ""Ljubezen Merlina in Viviane"", ""Ljubezen Arthurja in Morgane"", ""Ljubezen Gawaina in Yseult""]",0,,,,,,
course_195_lancelot_guenievre_et_la_table_ronde,course_195_lancelot_guenievre_et_la_table_ronde_q3,mcq,"Kako Artur dokaže svojo legitimnost, da postane kralj?",Samo pravi kralj lahko potegne Excalibur iz skale ali nakovala: Artur uspe v tem preizkusu in je okronan v Camelotu.,"[""Z odstranitvijo meča Excalibur iz skale"", ""Tako, da je v dvoboju premagal Merlina"", ""S poroko z Guinevere"", ""Samo z gradnjo Okrogle mize""]",0,,,,,,
course_195_lancelot_guenievre_et_la_table_ronde,course_195_lancelot_guenievre_et_la_table_ronde_q4,mcq,Kaj simbolizira okrogla oblika okrogle mize?,"Krožna oblika Okrogle mize odpravlja hierarhijo: vsak vitez je enakovreden svojemu bližnjemu, tudi kralju.","[""Enakost med vitezi, vključno s kraljem"", ""Stroga hierarhija med vitezi"", ""Cikel kmetijskih sezon"", ""Nadmoč kralja nad njegovimi vazali""]",0,,,,,,
course_195_lancelot_guenievre_et_la_table_ronde,course_195_lancelot_guenievre_et_la_table_ronde_q5,mcq,"Zakaj Lancelot, najboljši vitez na svetu, ne uspe v iskanju grala?","Samo čisti vitezi, kot so Gilead, Percival in Bohort, dosežejo gral; Zaradi Lancelotove ljubezni do Guinevere ni vreden te vizije.","[""Zaradi ljubezni do Guinevere ni vreden božanske vizije"", ""Prestar je za nadaljevanje iskanja"", ""Noče sodelovati v nalogi"", ""V dvoboju ga premaga Mordred""]",0,,,,,,
course_195_lancelot_guenievre_et_la_table_ronde,course_195_lancelot_guenievre_et_la_table_ronde_q6,trueFalse,"Res ali ne: afera Lancelota in Guinevere je le zasebna zadeva, ki nima vpliva na Arturjevo kraljestvo.","Izdaja ni samo zakonska: Guinevere je žena vrhovnega gospoda, je tudi fevdalna izdaja, ki Okroglo mizo strga v državljansko vojno.","[""Prav"", ""Narobe""]",1,,,,,,
course_195_lancelot_guenievre_et_la_table_ronde,course_195_lancelot_guenievre_et_la_table_ronde_q7,mcq,Kdo razkrije Arthurju afero Lancelota in Guinevere?,"Mordred, Arthurjev incestuozni nečak ali sin, odvisno od različice, razkrije afero med Lancelotom in Guinevere.","[""Mordred"", ""Merlin"", ""Gawain"", ""Perceval""]",0,,,,,,
course_195_lancelot_guenievre_et_la_table_ronde,course_195_lancelot_guenievre_et_la_table_ronde_q8,mcq,"Kaj se zgodi z Arthurjem, potem ko je bil smrtno ranjen pri Camlannu?","Na smrt ranjen v Camlannu, Arthur odide na otok Avalon: postane speči kralj, »nekoč kralj, bodoči kralj«, ki se bo nekega dne vrnil.","[""Odide na otok Avalon, kralj, ki se bo nekega dne vrnil"", ""Postane menih v bretonskem samostanu"", ""Pokopan je v Camelotu z Excaliburjem"", ""Preden umre, se pobota z Guinevere""]",0,,,,,,
course_195_lancelot_guenievre_et_la_table_ronde,course_195_lancelot_guenievre_et_la_table_ronde_q9,chronological,Postavite te faze Arturjeve legende v red.,"Arturjev cikel sledi popolni poti: veličasten temelj, duhovno iskanje, razkrita izdaja in nato končni padec kraljestva.",,,"[""Arthur odstrani Excalibur s skale in ustanovi Okroglo mizo"", ""Iskanje grala razkrije, da Lancelot ni dovolj čist"", ""Mordred razkrije afero Lancelota in Guinevere"", ""Bitka pri Camlannu konča Arturjevo vladavino""]",,,,,
course_196_merlin_l_enchanteur,course_196_merlin_l_enchanteur_q1,mcq,Kakšna je paradoksalna narava Merlina po mnenju pesnika Roberta de Borona?,"Po besedah Roberta de Borona demon inkuba rodi Merlina, da ustvari antikrista, vendar otrokov krst izbriše to prekletstvo.","[""Je demonov sin, rešen s krstom"", ""Je keltski bog, preoblečen v moškega"", ""Je padli angel, ki je postal smrtnik"", ""Je vitez, ki ga je preklela vila""]",0,,,,,,
course_196_merlin_l_enchanteur,course_196_merlin_l_enchanteur_q2,mcq,Kakšne Merlinove moči ostajajo kljub njegovemu krstu?,"Krst izbriše demonsko prekletstvo, vendar Merlin ohrani znanje o preteklosti, podedovano od demonov, in dar prerokovanja.","[""Poznavanje preteklosti in dar prerokovanja"", ""Nadčloveška telesna moč"", ""Popolna nesmrtnost od rojstva"", ""Moč letenja po zraku""]",0,,,,,,
course_196_merlin_l_enchanteur,course_196_merlin_l_enchanteur_q3,mcq,"Kako Merlin dovoli, da se Arthur rodi?","Merlin pomaga Utherpendragonu, da prevzame podobo vojvode Cornwallskega, da se pridruži vojvodinji Igerne: tisto noč se rodi Arthur.","[""Kralju Utherpendragonu pomaga prevzeti poteze vojvode Cornwallskega"", ""Sam spremeni Utherja v orla"", ""Ugrabi vojvodinjo Igerne, da bi jo poročil z Utherjem"", ""Čudežno poskrbi, da se Arthur pojavi brez staršev""]",0,,,,,,
course_196_merlin_l_enchanteur,course_196_merlin_l_enchanteur_q4,trueFalse,"Res ali ne: Merlin je tisti, ki vodi Arturja do Gospe z jezera, da dobi Excalibur.","Potem ko je na skrivaj vzgojil Arthurja, ga Merlin odpelje do Gospe z jezera, da dobi Excalibur, katerega ovoj ščiti pred smrtnimi ranami.","[""Prav"", ""Narobe""]",0,,,,,,
course_196_merlin_l_enchanteur,course_196_merlin_l_enchanteur_q5,mcq,"Kaj je nevarno obleganje, ki ga Merlin postavi na okroglo mizo?","Merlin oblikuje Nevarni sedež, prazno mesto za okroglo mizo, rezervirano za najčistejšega viteza, ki bo kasneje zasedeno med iskanjem grala.","[""Prazen sedež, rezerviran za najčistejšega viteza"", ""Arturjev osebni prestol"", ""Sedež, pripisan samemu Merlinu"", ""Past, namenjena sovražnikom kraljestva""]",0,,,,,,
course_196_merlin_l_enchanteur,course_196_merlin_l_enchanteur_q6,mcq,"Kdo povzroči Merlinovo izginotje, kljub njegovi ljubezni do njega?","Merlin se zaljubi v Viviane in jo nauči svojih najbolj skrivnih urokov, vendar ve, da ga bo na koncu zaprla.","[""Viviane, gospa z jezera"", ""Guinevere, kraljica"", ""Morgane, Arthurjeva polsestra"", ""Igerne, Arthurjeva mati""]",0,,,,,,
course_196_merlin_l_enchanteur,course_196_merlin_l_enchanteur_q7,mcq,"Kaj Merlin ve, še preden se zaljubi v Viviane?","Merlin vnaprej ve za svoj konec, a se kljub temu zaljubi v Viviane, pri čemer se zaveda dejstev.","[""Da že pozna svoj konec"", ""Da ga bo Arthur nekega dne izdal"", ""Da bo Guinevere izdala Arthurja"", ""Da bo Okrogla miza večna""]",0,,,,,,
course_196_merlin_l_enchanteur,course_196_merlin_l_enchanteur_q8,mcq,"Kateri sodobni literarni liki izhajajo iz arhetipa modrega starca, ki ga je postavil Merlin?",Merlin je strmel v podobo starega modreca z brado in palico: Tolkienov Gandalf in Rowlingov Dumbledore sta njegova neposredna potomca.,"[""Gandalf v Tolkienu in Dumbledore v Rowlingovi"", ""Sherlock Holmes in doktor Watson"", ""Drakula in Frankenstein"", ""Robin Hood in mali John""]",0,,,,,,
course_197_les_mille_et_une_nuits_sheherazade,course_197_les_mille_et_une_nuits_sheherazade_q1,mcq,Zakaj Šeherezada vsak večer pripoveduje zgodbe kralju Shahryarju?,"Šeherezada se ustavi v najbolj napetem trenutku svoje zgodbe in prisili kralja, da odloži svojo usmrtitev, da bi izvedel, kaj se bo zgodilo naslednje.","[""Da bi odložil lastno usmrtitev do zore"", ""Da odvrnem kralja od njegove melanholije"", ""Da ga naučim vzhodnjaških modrosti"", ""Zmagati na tekmovanju v pripovedovanju zgodb na sodišču""]",0,,,,,,
course_197_les_mille_et_une_nuits_sheherazade,course_197_les_mille_et_une_nuits_sheherazade_q2,mcq,"Katero pripovedno tehniko uporablja Šeherezada, da pritegne kraljevo pozornost?","Šeherezada nabira zgodbe, ki se med seboj prepletajo: en lik pripoveduje drugemu, ta pripoveduje tretjemu in ves čas odlaša konec.","[""Zgodbe, ugnezdene druga v drugo"", ""Zapete pesmi ob spremljavi glasbe"", ""Uganke, ki jih mora rešiti kralj"", ""Zgodbe so vedno povedane v prvi osebi""]",0,,,,,,
course_197_les_mille_et_une_nuits_sheherazade,course_197_les_mille_et_une_nuits_sheherazade_q3,mcq,Od kod izvirno jedro Arabske noči?,"Jedro zbirke izvira iz perzijskih Hazār Afsāna (»Tisoč zgodb«), ki so se same hranile z indijsko tradicijo, preden so se v Bagdadu arabizirale.","[""Perzijska zbirka, Hazār Afsāna, ki jo hranijo indijske tradicije"", ""Grška zbirka, prevedena v arabščino v Bagdadu"", ""Španske kronike iz srednjega veka"", ""Kitajska epska pesem, prirejena v Perzijo""]",0,,,,,,
course_197_les_mille_et_une_nuits_sheherazade,course_197_les_mille_et_une_nuits_sheherazade_q4,trueFalse,Res ali ne: zgodbe o Aladinu in Ali Babi se pojavljajo v izvirnih srednjeveških arabskih rokopisih Arabskih noči.,"Aladdin in Ali Baba sta zgodbi siroti, ki ju ni v srednjeveških arabskih rokopisih: v korpus sta vstopila pozneje, preko Evrope.","[""Prav"", ""Narobe""]",1,,,,,,
course_197_les_mille_et_une_nuits_sheherazade,course_197_les_mille_et_une_nuits_sheherazade_q5,mcq,Kdo je prevedel in populariziral Tisoč in eno noč v Franciji med letoma 1704 in 1717?,"Francoski orientalist Antoine Galland je med letoma 1704 in 1717 objavil svoj prevod, prilagojen okusu dvora Ludvika XIV.","[""Antoine Galland"", ""Victor Hugo"", ""Voltaire"", ""Jean de La Fontaine""]",0,,,,,,
course_197_les_mille_et_une_nuits_sheherazade,course_197_les_mille_et_une_nuits_sheherazade_q6,mcq,Po čigavi zaslugi je Antoine Galland svojemu prevodu dodal pravljico o Aladinu?,"Galland dodaja zgodbe Hanne Diyab, mimoidoče Sirijke, ki pripelje Aladina v korpus.","[""Hanna Diyab, mimoidoča Sirijka, ki mu pripoveduje zgodbe"", ""Otomanski vezir se je srečal v Bagdadu"", ""Perzijska princesa izgnana v Pariz"", ""Rokopis, najden v egipčanski knjižnici""]",0,,,,,,
course_197_les_mille_et_une_nuits_sheherazade,course_197_les_mille_et_une_nuits_sheherazade_q7,mcq,Kakšna sprememba se zgodi v kralju Shahryarju po poslušanju Šeherezade tisoč in eno noč?,Po tisoč in eni noči poslušanja se Shahryar spremeni: spet najde empatijo in Šeherezada je tako zgolj z besedami popravila tirana.,"[""Ponovno pridobi empatijo in se odpove ubijanju svojih žena"", ""Ponori in zapusti svoj prestol"", ""Šeherezado izžene v drugo kraljestvo"", ""Namesto tega se poroči s Šeherezadino sestro""]",0,,,,,,
course_197_les_mille_et_une_nuits_sheherazade,course_197_les_mille_et_une_nuits_sheherazade_q8,mcq,Katero sodobno pripovedno sredstvo je neposredno podedovano iz Šeherezadine tehnike?,"Cliffhanger, ta rez na robu pripovednega prepada, je neposredni dedič Šeherezadine tehnike.","[""Cliffhanger, ki preseka zgodbo v najbolj napetem trenutku"", ""Notranji monolog"", ""Kronološki preblisk"", ""Vsevedni pripovedovalec""]",0,,,,,,
course_198_sindbad_le_marin,course_198_sindbad_le_marin_q1,mcq,Komu pripoveduje pomorščak Sindbad svoje dogodivščine na začetku zgodbe?,"Zgodba se začne v Bagdadu, kjer Sindbad, zdaj star in bogat, pripoveduje o svojih preizkušnjah vratarju, prav tako po imenu Sindbad, v neposrednem razrednem nasprotju.","[""Nosilcu z imenom Sindbad (ali Hindbad)"", ""Samemu bagdadskemu kalifu"", ""Lastni hčerki"", ""Mimoidočemu kitajskemu trgovcu""]",0,,,,,,
course_198_sindbad_le_marin,course_198_sindbad_le_marin_q2,mcq,"Kateri mehanik se ponovi vsakič, ko Sindbad potuje?","Vsako potovanje sledi isti mehaniki: utrujenost od sedečega življenja, brodolom, preživetje v neznani deželi, nato pa vrnitev, natovorjena z zakladi.","[""Odhod, brodolom, preživetje, vrnitev natovorjena z zakladi"", ""Pomorska bitka proti piratom"", ""Ljubezensko iskanje v daljnem kraljestvu"", ""Versko romanje v Meko""]",0,,,,,,
course_198_sindbad_le_marin,course_198_sindbad_le_marin_q3,mcq,"Na katerem resničnem in zdaj že izumrlem bitju bi temeljil Roc, velikanska ptica Sindbada?","Roc se verjetno zgleduje po Aepyornisu, ptiču slonu z Madagaskarja, ki je izginil okoli leta 1000 in katerega jajca so bila velikanska.","[""Aepyornis, ptičji slon z Madagaskarja"", ""Pterodaktil, prazgodovinski leteči plazilec"", ""Moa, velikanska ptica Nove Zelandije"", ""Dodo z Mauritiusa""]",0,,,,,,
course_198_sindbad_le_marin,course_198_sindbad_le_marin_q4,trueFalse,"Res ali ne: v Arabskih nočeh je Sindbad predvsem bojevnik, ki se podaja v osvajanje daljnih kraljestev.","Sindbad ni bojevnik: je trgovec-pustolovec, prestižen status v družbi, ki ceni trgovino.","[""Prav"", ""Narobe""]",1,,,,,,
course_198_sindbad_le_marin,course_198_sindbad_le_marin_q5,mcq,"Kateri pravi postanek v Indijskem oceanu navdihuje izlete v Sindbad, ki slovi po svojih začimbah?","Serendib, današnji Cejlon, je ena od pravih postaj, omenjenih na potovanjih Sindbada, znanega po začimbah.","[""Serendib (Cejlon)"", ""Aleksandrija"", ""Bizanc"", ""Cordoba""]",0,,,,,,
course_198_sindbad_le_marin,course_198_sindbad_le_marin_q6,mcq,"Katera je glavna zahodnjaška vzporednica, ki je bila obujena s Sindbadom, vendar opisuje Azijo v dejstvih in ne v čudeži?","Marco Polo je zahodna vzporednica Sindbada: Azijo opisuje v dejstvih, kjer jo Sindbad slika v čudeži.","[""Marko Polo"", ""Krištof Kolumb"", ""Vasco da Gama"", ""Jules Verne""]",0,,,,,,
course_198_sindbad_le_marin,course_198_sindbad_le_marin_q7,mcq,Zakaj je številka sedem osrednja v ciklu Sindbadovih potovanj?,"Število sedem, polno pomena v islamski kozmologiji, daje ciklu potovanj začetno razsežnost, od nepremišljenosti do modrosti.","[""Poln je pomena v islamski kozmologiji in strukturira iniciacijsko potovanje"", ""Ustreza natančnemu številu morij, ki so jih prečkali Arabci"", ""Označuje sedem kalifov, ki so vladali Bagdadu"", ""Izhaja iz povsem komercialne tradicije brez verskega pomena""]",0,,,,,,
course_198_sindbad_le_marin,course_198_sindbad_le_marin_q8,mcq,Kdo je v 18. stoletju prevedel Sindbadova potovanja v francoščino in jih tako razglasil v Evropi?,"Antoine Galland je v 18. stoletju prevedel Arabske noči, vključno s Sindbadovim potovanjem, ki je nato hranil evropski pustolovski roman.","[""Antoine Galland"", ""Voltaire"", ""Victor Hugo"", ""Montesquieu""]",0,,,,,,
course_199_les_titans_vs_les_dieux_la_titanomachie,course_199_les_titans_vs_les_dieux_la_titanomachie_q1,mcq,Kdo Zevsu pomaga preobrniti vojno po desetih letih brez zmagovalca?,"Po nasvetu Gaje Zevs osvobodi Kiklope, ki kujejo strele, in Hekatonhire, storoke velikane, ki končno uničijo Titane.","[""Kiklopi in Hekatonhirji, izpuščeni po nasvetu Gaje"", ""Muze, ki pojejo, da oslabijo Titane"", ""Pozejdon sam, zahvaljujoč svojemu trizobu"", ""Prometej, ki sredi bitke izda Titane""]",0,,,,,,
course_199_les_titans_vs_les_dieux_la_titanomachie,course_199_les_titans_vs_les_dieux_la_titanomachie_q2,mcq,Kaj se zgodi s Hekatonhirji po zmagi olimpijcev?,"Poražene Titane vržejo v Tartar, kjer Hekatonhirji postanejo njihovi ječarji.","[""Ječarji poraženih Titanov, zaprti v Tartarju"", ""Novi kralji Olimpa"", ""Kamniti kipi v Tartarju"", ""Zeusovi glasniki smrtnikom""]",0,,,,,,
course_199_les_titans_vs_les_dieux_la_titanomachie,course_199_les_titans_vs_les_dieux_la_titanomachie_q3,mcq,Kakšno kazen Zeus posebej rezervira za Atlasa?,"Atlas, general Kronosove vojske, je obsojen, da na svojih ramenih nosi nebesni svod, da se nebo in zemlja ne srečata več.","[""Nosite nebesni svod na svojih ramenih"", ""Biti vklenjen v Tartar za večno"", ""Neskončno tavati po Zemlji"", ""Izguba spomina na preteklost Titana""]",0,,,,,,
course_199_les_titans_vs_les_dieux_la_titanomachie,course_199_les_titans_vs_les_dieux_la_titanomachie_q4,trueFalse,Res ali ne: Prometej je po Titanomahiji poslan v Tartar z drugimi Titani.,"Prometej se odloči, da med vojno ostane nebojevnik, kar ga reši pred Tartarjem in pusti svobodo, za ceno trajne napetosti z Olimpom.","[""Prav"", ""Narobe""]",1,,,,,,
course_199_les_titans_vs_les_dieux_la_titanomachie,course_199_les_titans_vs_les_dieux_la_titanomachie_q5,mcq,Zakaj Gaia po Titanomahiji ustvari Velikane?,"Besna na usodo svojih sinov Titana, Gaia vzredi velikane, da strmoglavijo Zevsa, kar sproži Gigantomahijo.","[""Da bi se maščeval za usodo, namenjeno njegovim sinovom Titanom"", ""Da bi Zevsu pomagal utrditi svojo oblast"", ""Da zaščitim Atlasa pred njegovo kaznijo"", ""Za zamenjavo Titanov, zaprtih v Tartarju""]",0,,,,,,
course_199_les_titans_vs_les_dieux_la_titanomachie,course_199_les_titans_vs_les_dieux_la_titanomachie_q6,mcq,"Kaj razkriva prerokba, ki spremlja Gigantomahijo?","Prerokba napoveduje, da bogovi ne morejo premagati velikanov brez pomoči smrtnika, kar Zevsa potisne, da pokliče Herakleja.","[""Bogovi ne morejo premagati velikanov brez pomoči smrtnika"", ""Velikani so nepremagljivi za večnost"", ""Za poraz se mora Zevs povezati s Titani"", ""Samo Gaia lahko ustavi velikane, ki jih je ustvarila""]",0,,,,,,
course_199_les_titans_vs_les_dieux_la_titanomachie,course_199_les_titans_vs_les_dieux_la_titanomachie_q7,mcq,"Kateri smrtni junak omogoči bogovom, da dokončno premagajo velikane?","Heraklej s svojimi zastrupljenimi puščicami pokonča Velikane, ki jih je že zadela strela, in prinese človeški pogum, potreben za zmago bogov.","[""Heraklej"", ""Perzej"", ""Tezej"", ""Ahil""]",0,,,,,,
course_199_les_titans_vs_les_dieux_la_titanomachie,course_199_les_titans_vs_les_dieux_la_titanomachie_q8,mcq,"Kako so tri kraljestva na koncu razdeljena med Zevsa, Pozejdona in Hada?","Olimpijska zgradba se stabilizira z Zevsom na nebu, Pozejdonom v vodah in Hadom v senci, vsak gospodar svojega področja.","[""Zevs kraljuje nad nebom, Pozejdon nad vodami, Had nad sencami"", ""Zevs vlada Zemlji, Pozejdon nebu, Had vodam"", ""Trije bratje skupaj vladajo eni sami skupni domeni"", ""Pozejdon postane vrhovni kralj treh kraljestev""]",0,,,,,,
course_199_les_titans_vs_les_dieux_la_titanomachie,course_199_les_titans_vs_les_dieux_la_titanomachie_q9,chronological,Postavite te stopnje po Titanomahiji v red.,"Olimpijski red je zgrajen v stopnjah: vojaška zmaga, nato porazdelitev kazni, pred zadnjim preizkusom Gigantomahije.",,,"[""Kiklopi in Hekatonhirji nagnejo vojno v Zevsovo korist"", ""Atlas je obsojen na nošenje nebesnega svoda"", ""Gaia vzgaja velikane, da bi maščevala titane"", ""Heraklej pomaga bogovom premagati velikane med Gigantomahijo""]",,,,,
course_19_la_bataille_de_stalingrad_1942_1943,course_19_la_bataille_de_stalingrad_1942_1943_q1,mcq,"Kaj je bil začetni cilj nemške ofenzive »Case Blue«, ki se je začela leta 1942?",Case Blue najprej cilja na kavkaško nafto; Stalingrad je sprva le sekundarni cilj na cesti.,"[""Zaseg nafte s Kavkaza"", ""Vzemite Moskvo"", ""Napadi na Britanijo"", ""Osvoji Sibirijo""]",0,,,,,,
course_19_la_bataille_de_stalingrad_1942_1943,course_19_la_bataille_de_stalingrad_1942_1943_q2,mcq,Kdo je poveljeval 6. nemški armadi v bitki za Stalingrad?,"6. armadi, preusmerjeni v Stalingrad, poveljuje general Friedrich Paulus.","[""General Friedrich Paulus"", ""Maršal Georgij Žukov"", ""General Vasilij Čujkov"", ""Hermanna Göringa""]",0,,,,,,
course_19_la_bataille_de_stalingrad_1942_1943,course_19_la_bataille_de_stalingrad_1942_1943_q3,mcq,Kakšno taktiko je sovjetski general Čujkov vsilil svojim enotam v ruševinah Stalingrada?,"Ker so Sovjeti ostali v zelo tesnem stiku s sovražnikom, so preprečili nemškemu topništvu in letalom napad, ne da bi zadeli svoje čete.","[""Ostanite znotraj 30 metrov od sovražnika, da preprečite napad nemškega topništva brez tveganja"", ""Sistematičen umik na drugo stran Volge"", ""Napad samo ponoči"", ""Pogajajte se o lokalnih premirjih z Nemci""]",0,,,,,,
course_19_la_bataille_de_stalingrad_1942_1943,course_19_la_bataille_de_stalingrad_1942_1943_q4,numericSlider,"Koliko dni se je Pavlova hiša, ki jo je držala peščica sovjetskih vojakov, upirala nemškim napadom?",Hiša Pavlov se je 58 dni upirala nemškim napadom in postala simbol sovjetskega upora.,,,,58.0,10.0,120.0,7.0,dni
course_19_la_bataille_de_stalingrad_1942_1943,course_19_la_bataille_de_stalingrad_1942_1943_q5,trueFalse,"Res ali ne: Stalinov ukaz 227 dovoljuje sovjetskim vojakom, da se prosto umaknejo pred sovražnikom.","Ukaz 227, nasprotno, nalaga ""Niti koraka nazaj"", prepoveduje kakršen koli umik brez ukaza.","[""Prav"", ""Narobe""]",1,,,,,,
course_19_la_bataille_de_stalingrad_1942_1943,course_19_la_bataille_de_stalingrad_1942_1943_q6,mcq,"Katera sovjetska operacija, ki jo je pripravil maršal Žukov, je novembra 1942 obkolila nemško 6. armado?",19. novembra 1942 je operacija Uran zaprla slabo branjena nemška boka in obkolila okoli 300.000 mož.,"[""Operacija Uran"", ""Operacija Case Blue"", ""Operacija Barbarossa"", ""Operacija Gericht""]",0,,,,,,
course_19_la_bataille_de_stalingrad_1942_1943,course_19_la_bataille_de_stalingrad_1942_1943_q7,numericSlider,Koliko moških je bilo približno obkoljenih v Stalingradu med operacijo Uran 19. novembra 1942?,Operacija Uran obkroži okoli 300.000 nemških in zavezniških vojakov v stalingrajskem žepu.,,,,300000.0,100000.0,500000.0,30000.0,
course_19_la_bataille_de_stalingrad_1942_1943,course_19_la_bataille_de_stalingrad_1942_1943_q8,mcq,"Kdo je brez uspeha obljubil zračni most za oskrbo nemških čet, obkoljenih v Stalingradu?","Hermann Göring, vodja Luftwaffe, je obljubil zračni most, ki pa ni uspel, zaradi česar so obkoljene čete umirale od lakote in mraza.","[""Hermanna Göringa"", ""Friedrich Paulus"", ""Adolf Hitler"", ""Erich von Falkenhayn""]",0,,,,,,
course_19_la_bataille_de_stalingrad_1942_1943,course_19_la_bataille_de_stalingrad_1942_1943_q9,chronological,Postavite te faze bitke za Stalingrad v kronološki vrstni red.,Od poletja 1942 do 2. februarja 1943 je bitka prešla od zmagoslavne nemške ofenzive do popolnega uničenja 6. armade.,,,"[""Začetek nemške ofenzive Case Blue"", ""Bližinski boj v mestnih ruševinah"", ""Obkrožitev 6. armade med operacijo Uran"", ""Kapitulacija generala Paulusa""]",,,,,
course_1_la_naissance_de_l_islam_622,course_1_la_naissance_de_l_islam_622_q1,mcq,Kaj predstavlja hidžra leta 622?,"Hidžra je odhod Mohameda, ki mu je v Meki grozila smrt, proti oazi Medina. Ta datum postane 1. leto muslimanskega koledarja.","[""Mohamedov odhod iz Meke v Medino"", ""Prvo razodetje, ki ga je prejel Mohamed"", ""Zavzetje Meke s strani muslimanov"", ""Mohamedova smrt v Medini""]",0,,,,,,
course_1_la_naissance_de_l_islam_622,course_1_la_naissance_de_l_islam_622_q2,mcq,Kdo je nadzoroval trgovino okoli Kabe pred islamom?,"Kurejši, prevladujoče pleme Meke, je črpalo svojo moč iz romanja in trgovine okoli politeistične Kabe.","[""Pleme Kurejš"", ""Bizantinci"", ""Sasanidski Perzijci"", ""Prebivalci Medine""]",0,,,,,,
course_1_la_naissance_de_l_islam_622,course_1_la_naissance_de_l_islam_622_q3,trueFalse,Res ali ne: po zavzetju Meke leta 630 je Mohamed pomoril svoje nekdanje preganjalce.,"Nasprotno, Mohamed podeli splošno odpuščanje, kar olajša združevanje arabskih plemen v islam.","[""Prav"", ""Narobe""]",1,,,,,,
course_1_la_naissance_de_l_islam_622,course_1_la_naissance_de_l_islam_622_q4,numericSlider,"Katerega leta je Mohamed umrl, tako da je Arabija ostala združena pod eno oblastjo?","Mohamed je umrl leta 632, le deset let po Hidžri, ko je bila skoraj vsa Arabija združena.",,,,632.0,600.0,660.0,3.0,
course_1_la_naissance_de_l_islam_622,course_1_la_naissance_de_l_islam_622_q5,chronological,Postavite te dogodke v Mohamedovem življenju v kronološki vrstni red.,"Ti štirje datumi (622, 624, 630, 632) označujejo dvajset let, v katerih je Mohamed od ogroženega preroka postal vodja države, ki je združila Arabijo.",,,"[""Hidžra: odhod v Medino"", ""Bitka pri Badru"", ""Zavzetje Meke"", ""Mohamedova smrt""]",,,,,
course_1_la_naissance_de_l_islam_622,course_1_la_naissance_de_l_islam_622_q6,mcq,"Kaj je Dhimma, ki so jo ustanovili muslimanski osvajalci?","Dhimma je zaščiten status, ki pooblašča »ljudje Knjige«, da obdržijo svojo vero po plačilu džizje.","[""Status, ki kristjanom in Judom omogoča, da obdržijo svojo vero proti davku"", ""Ime muslimanskega koledarja"", ""Davek na trgovske karavane"", ""Sodišče, zadolženo za sojenje nevernikom""]",0,,,,,,
course_1_la_naissance_de_l_islam_622,course_1_la_naissance_de_l_islam_622_q7,mcq,Katera dva velika imperija sta bila izčrpana zaradi vojn okoli Arabije v 7. stoletju?,"Neskončne vojne med Bizancem (Vzhodno rimsko cesarstvo) in sasanidskimi Perzijci so ustvarile geopolitični vakuum, ki ga je izkoristilo Mohamedovo novo sporočilo.","[""Bizantinsko in Sasanidsko cesarstvo"", ""Rimski in kitajski imperij"", ""Otomansko in mongolsko cesarstvo"", ""Perzijsko in Indijsko cesarstvo""]",0,,,,,,
course_1_la_naissance_de_l_islam_622,course_1_la_naissance_de_l_islam_622_q8,mcq,"Kaj je Umma, ki jo je ustanovil Mohamed v Medini?","Umma nadomešča tradicionalno plemensko solidarnost s skupnostjo, ki temelji na skupni veri.","[""Skupnost vernikov, ki presega krvne in rodovske vezi"", ""Ime muslimanskega koledarja"", ""Vojska se je dvignila proti Meki"", ""Svet kalifov""]",0,,,,,,
course_200_re_et_la_creation_du_monde_egypte,course_200_re_et_la_creation_du_monde_egypte_q1,mcq,Kaj je samostalnik v egipčanski kozmogoniji Heliopolisa?,"Pred časom je tu Samostalnik: temna, neskončna voda, polna klic, iz katere se Atum pojavi na kamnu Benben.","[""Temna in neskončna voda, polna klic, ki prehiteva čas"", ""Ime prvega pobožanstvenega faraona"", ""Podzemlje mrtvih"", ""Sončni disk viden vsako jutro""]",0,,,,,,
course_200_re_et_la_creation_du_monde_egypte,course_200_re_et_la_creation_du_monde_egypte_q2,mcq,Kako izgleda Atum po heliopolitski kozmogoniji?,"Atum, ""tisti, ki je dokončan"", se ustvari in se pojavi na kamnu Benben, prvi trdni točki na svetu.","[""Ustvari se in se pojavi na kamnu Benben"", ""Rodi se iz združitve dveh prakač"", ""Ustvaril ga je bog Amon po ukazu duhovnikov"", ""Nastane iz krvi poraženega boga""]",0,,,,,,
course_200_re_et_la_creation_du_monde_egypte,course_200_re_et_la_creation_du_monde_egypte_q3,mcq,"Katere bogove je Atum ustvaril najprej, pred Gebom in Nutom?","Sam Atum najprej ustvari Chou, zrak, in Tefnut, vlago, preden Geb (Zemlja) in Nut (Nebo).","[""Zelje (zrak) in tefnut (vlažnost)"", ""Oziris in Izida"", ""Set in Neftis"", ""Ra in Khepri""]",0,,,,,,
course_200_re_et_la_creation_du_monde_egypte,course_200_re_et_la_creation_du_monde_egypte_q4,mcq,Proti kateri sili se Ra bori vsako noč med svojim prehodom skozi Duat?,"Vsako noč čoln Re prečka Douât v vojni proti Isfetu, neredu, ki ga skuša uvesti kača Apopis.","[""Isfet, nered, ki ga uteleša kača Apopis"", ""Bog Amon, nebesni tekmec"", ""Pokojni faraoni so ljubosumni na njegovo moč"", ""Boginja Nut, ki mu želi preprečiti ponovno rojstvo""]",0,,,,,,
course_200_re_et_la_creation_du_monde_egypte,course_200_re_et_la_creation_du_monde_egypte_q5,trueFalse,Res ali ne: Re se vsako jutro ponovno rodi v podobi hrošča Khépri.,"Ra se ponovno rodi ob zori v podobi Khéprija, skarabeja, kar je znak, da Maat, ravnovesje, spet prevlada nad neredom.","[""Prav"", ""Narobe""]",0,,,,,,
course_200_re_et_la_creation_du_monde_egypte,course_200_re_et_la_creation_du_monde_egypte_q6,mcq,"Zakaj Ra sproži svoje Goreče oko, boginjo Sekhmet, proti človeštvu?","V zgodbi o uničenju ljudi starajoči se Ra izve, da se človeštvo zaroti proti njemu, in sprosti svoje oko, levinjo Sekhmet.","[""Moški se zarotijo proti njemu, ko se stara"", ""Moški nočejo graditi templjev zanj"", ""Sončni mrk ga je razjezil"", ""Moški so ukradli sveti ogenj Heliopolisa""]",0,,,,,,
course_200_re_et_la_creation_du_monde_egypte,course_200_re_et_la_creation_du_monde_egypte_q7,mcq,Kako Re uspe ustaviti pokol Sekhmet?,"Ra vari kozarce piva, obarvane z rdečim okerjem: Sekhmet, ki verjame, da pije kri, postane pijana, se umiri in postane nežna Hator.","[""On pripravi Sekhmet do piva z rdečim oker odtenkom, ki ga ona zamenja za kri"", ""Sekhmet zapre v podzemlje"", ""Sekhmet spremeni v hrošča Khepri"", ""Ozirisa prosi, naj se bori proti Sekhmet""]",0,,,,,,
course_200_re_et_la_creation_du_monde_egypte,course_200_re_et_la_creation_du_monde_egypte_q8,mcq,"Kateri bog se je združil z Rejem v Novem kraljestvu, da je nastal Amon-Re?","V novem kraljestvu se je tebanski bog Amon združil z Reom: rodil se je Amon-Re, »Kralj bogov«, za katerega so bila zgrajena največja svetišča, kot je Karnak.","[""Amon, tebanski bog"", ""Oziris, bog mrtvih"", ""Seth, bog kaosa"", ""Khépri, hrošč""]",0,,,,,,
course_200_re_et_la_creation_du_monde_egypte,course_200_re_et_la_creation_du_monde_egypte_q9,chronological,Postavite te faze Rajeve mitologije v red.,"Mit spremlja nastanek sveta, nato rojstvo bogov, krizo človeškega upora in na koncu teološko sintezo Novega kraljestva.",,,"[""Atum izhaja iz samostalnika na kamnu Benben"", ""Rodila se je velika Ennead devetih bogov"", ""Ra izpusti Sekhmet proti upornemu človeštvu"", ""Amon se združi z Re, da nastane Amon-Re""]",,,,,
course_201_la_naissance_du_conflit_israelo_palestin,course_201_la_naissance_du_conflit_israelo_palestin_q1,mcq,Kdo je teoretiziral sodobni politični sionizem leta 1897?,Theodor Herzl je teoretiziral politični sionizem med baselskim kongresom leta 1897 kot odgovor na porast antisemitizma v Evropi.,"[""Theodor Herzl"", ""David Ben-Gurion"", ""Chaim Weizmann"", ""Arthur Balfour""]",0,,,,,,
course_201_la_naissance_du_conflit_israelo_palestin,course_201_la_naissance_du_conflit_israelo_palestin_q2,numericSlider,Katerega leta je britanska vlada izdala Balfourjevo deklaracijo?,"Balfourjeva deklaracija, izdana leta 1917, je obljubila ""nacionalni dom za judovsko ljudstvo"" v Palestini.",,,,1917.0,1880.0,1950.0,2.0,
course_201_la_naissance_du_conflit_israelo_palestin,course_201_la_naissance_du_conflit_israelo_palestin_q3,percentageSlider,"Kolikšen delež palestinskega prebivalstva so bili Judje leta 1918, pred velikim valom priseljevanja v tridesetih letih prejšnjega stoletja?","Judovsko prebivalstvo Palestine je leta 1918 predstavljalo približno 8 % celotnega prebivalstva, preden je v poznih tridesetih letih preseglo 30 %.",,,,8.0,0.0,100.0,5.0,%
course_201_la_naissance_du_conflit_israelo_palestin,course_201_la_naissance_du_conflit_israelo_palestin_q4,trueFalse,Res ali ne: Leta 1947 so tako sionistični kot arabski voditelji sprejeli delitveni načrt ZN.,"Sionistični voditelji sprejmejo delitveni načrt ZN, a ga Arabci zavrnejo: skoraj takoj izbruhne državljanska vojna.","[""Prav"", ""Narobe""]",1,,,,,,
course_201_la_naissance_du_conflit_israelo_palestin,course_201_la_naissance_du_conflit_israelo_palestin_q5,chronological,Postavite te dogodke v kronološki vrstni red.,"Ti štirje datumi (1897, 1917, 1947, 1948) zaznamujejo pol stoletja, od rojstva političnega cionizma do nastanka države Izrael in palestinskega eksodusa.",,,"[""Baselski kongres"", ""Balfourjeva deklaracija"", ""Načrt delitve ZN"", ""Izraelska neodvisnost in Nakba""]",,,,,
course_201_la_naissance_du_conflit_israelo_palestin,course_201_la_naissance_du_conflit_israelo_palestin_q6,mcq,Kako Palestinci imenujejo eksodus leta 1948?,Nakba v arabščini pomeni »katastrofa«: izraz se nanaša na izseljevanje več sto tisoč Palestincev leta 1948.,"[""Nakba"", ""Alija"", ""Intifada"", ""Mandat""]",0,,,,,,
course_201_la_naissance_du_conflit_israelo_palestin,course_201_la_naissance_du_conflit_israelo_palestin_q7,mcq,Katero organizacijo so ZN ustanovili leta 1949 za pomoč palestinskim beguncem?,"UNRWA je bila ustanovljena leta 1949, da bi skrbela za palestinske begunce v razmerah, ki naj bi bile začasne.","[""UNRWA"", ""UNESCO"", ""UNHCR"", ""Arabska liga""]",0,,,,,,
course_201_la_naissance_du_conflit_israelo_palestin,course_201_la_naissance_du_conflit_israelo_palestin_q8,numericSlider,Koliko tisoč Palestincev je približno zbežalo ali jih je bilo pregnanih s svojih domov med Nakbo leta 1948?,Med vojno leta 1948 je med 700.000 in 750.000 Palestincev zbežalo ali so bili pregnani s svojih domov.,,,,725.0,200.0,1200.0,100.0,tisoč
course_201_la_naissance_du_conflit_israelo_palestin,course_201_la_naissance_du_conflit_israelo_palestin_q9,mcq,"Kdo sprejema delitveni načrt ZN iz leta 1947, za razliko od arabskih voditeljev?","Sionistični voditelji so leta 1947 sprejeli delitveni načrt ZN, medtem ko so ga arabski voditelji zavrnili.","[""Sionistični voditelji"", ""Britanci"", ""Združeni narodi sami"", ""palestinski begunci""]",0,,,,,,
course_202_la_rivalite_chine_etats_unis,course_202_la_rivalite_chine_etats_unis_q1,mcq,Kdo je sprožil reforme gospodarskega odpiranja na Kitajskem od leta 1978?,"Deng Xiaoping je leta 1978 sprožil »štiri modernizacije«, s čimer je prekinil komunistično ortodoksnost in odprl Kitajsko kapitalizmu, ki ga nadzoruje partija.","[""Deng Xiaoping"", ""Mao Zedong"", ""Xi Jinping"", ""Zhou Enlai""]",0,,,,,,
course_202_la_rivalite_chine_etats_unis,course_202_la_rivalite_chine_etats_unis_q2,numericSlider,Katerega leta je Kitajska začela z reformami za odpiranje gospodarstva?,"Deng Xiaoping je leta 1978 sprožil reforme odpiranja, kar je bila prelomnica, ki je Kitajsko spremenila v »tovarno sveta«.",,,,1978.0,1960.0,2000.0,3.0,
course_202_la_rivalite_chine_etats_unis,course_202_la_rivalite_chine_etats_unis_q3,mcq,Katero mesto postane simbol kitajskih posebnih ekonomskih con?,"Shenzhen postane simbol posebnih ekonomskih con, ki privablja tuja podjetja z davčnimi ugodnostmi in poceni delovno silo.","[""Shenzhen"", ""Šanghaj"", ""Peking"", ""Kanton""]",0,,,,,,
course_202_la_rivalite_chine_etats_unis,course_202_la_rivalite_chine_etats_unis_q4,numericSlider,Približno koliko milijard dolarjev ameriškega dolga ima Kitajska?,"Kitajska ima približno 800 milijard dolarjev dolga ZDA, zaradi česar je trd zlom uničujoč za obe gospodarstvi.",,,,800.0,0.0,2000.0,150.0,milijarde dolarjev
course_202_la_rivalite_chine_etats_unis,course_202_la_rivalite_chine_etats_unis_q5,numericSlider,Katerega leta je Kitajska prehitela Japonsko in postala drugo največje gospodarstvo na svetu?,Kitajska je leta 2010 prehitela Japonsko in devet let po vstopu v Svetovno trgovinsko organizacijo postala drugo največje gospodarstvo na svetu.,,,,2010.0,1990.0,2020.0,3.0,
course_202_la_rivalite_chine_etats_unis,course_202_la_rivalite_chine_etats_unis_q6,mcq,"Katera tehnologija je v središču ""ločitve"" med Washingtonom in Pekingom?","Američani si prizadevajo Kitajsko izolirati od polprevodnikov, teh čipov, ki so bistveni za umetno inteligenco in sodobno orožje.","[""Polprevodniki"", ""Električni avtomobil"", ""Redke zemlje"", ""Jedrska energija""]",0,,,,,,
course_202_la_rivalite_chine_etats_unis,course_202_la_rivalite_chine_etats_unis_q7,trueFalse,"Res ali ne: omejitve ZDA za Huawei in TikTok prenehajo, ko Donald Trump zapusti predsedniški položaj.","Ta omejevalna politika proti kitajskim podjetjem se nadaljuje tudi po Trumpovem odhodu, kar je dokaz, da rivalstvo presega ameriške politične delitve.","[""Prav"", ""Narobe""]",1,,,,,,
course_202_la_rivalite_chine_etats_unis,course_202_la_rivalite_chine_etats_unis_q8,mcq,"Kateri projekt Kitajski omogoča, da zgradi mrežo vpliva v več kot 140 državah?","Xi Jinping uvaja Nove svilene ceste, naložbeni projekt v več kot 140 državah, ki zagotavlja kitajsko oskrbo.","[""Nove svilene ceste"", ""BRIKS"", ""OPEC+"", ""Svetovna trgovinska organizacija""]",0,,,,,,
course_202_la_rivalite_chine_etats_unis,course_202_la_rivalite_chine_etats_unis_q9,chronological,Postavite te faze rivalstva med Kitajsko in Združenimi državami v kronološki vrstni red.,Od leta 1978 do trgovinske vojne v Trumpovi dobi ti mejniki kažejo postopno preobrazbo Kitajske v sistemskega tekmeca ZDA.,,,"[""Deng Xiaoping sproži reforme odpiranja"", ""Vstop Kitajske v Svetovno trgovinsko organizacijo"", ""Kitajska postane drugo največje gospodarstvo na svetu"", ""Uvedba velikih ameriških carin na kitajske izdelke""]",,,,,
course_203_les_tensions_autour_de_taiwan,course_203_les_tensions_autour_de_taiwan_q1,mcq,"Kdo je vodil nacionaliste Kuomintanga, ki so se leta 1949 zatekli v Tajvan?","Chiang Kai-shek je vodil nacionaliste Kuomintanga, ki jih je komunistična zmaga strla in so se leta 1949 zatekli na otok Tajvan.","[""Čang Kaj Šek"", ""Mao Zedong"", ""Deng Xiaoping"", ""Sun Yat-sen""]",0,,,,,,
course_203_les_tensions_autour_de_taiwan,course_203_les_tensions_autour_de_taiwan_q2,numericSlider,Približno koliko milijonov ljudi ima Tajvan?,"Tajvan ima okoli 23 milijonov prebivalcev, prebivalstvo, ki se mora soočiti z diplomatsko izolacijo otoka.",,,,23.0,5.0,60.0,5.0,milijonov prebivalcev
course_203_les_tensions_autour_de_taiwan,course_203_les_tensions_autour_de_taiwan_q3,mcq,Kaj je Tajvan leta 1971 izgubil proti Pekingu?,"Leta 1971 so ZN Tajpeju odvzeli sedež zakonitega predstavnika Kitajske in ga dali Pekingu, s čimer so otok diplomatsko izolirali.","[""Njegov sedež v ZN"", ""Njegova ameriška vojaška podpora"", ""Njeno diplomatsko priznanje s strani Združenih držav"", ""Njegova uradna neodvisnost""]",0,,,,,,
course_203_les_tensions_autour_de_taiwan,course_203_les_tensions_autour_de_taiwan_q4,numericSlider,Katerega leta je bil TSMC ustanovljen na Tajvanu?,TSMC se je rodil leta 1987 in postal srce svetovne industrije polprevodnikov.,,,,1987.0,1970.0,2010.0,3.0,
course_203_les_tensions_autour_de_taiwan,course_203_les_tensions_autour_de_taiwan_q5,percentageSlider,Koliko najnaprednejših elektronskih čipov na svetu izdela TSMC?,"TSMC proizvaja več kot 90 % najnaprednejših elektronskih čipov na svetu, kar ustvarja pravi ""silicijev ščit"".",,,,90.0,0.0,100.0,8.0,%
course_203_les_tensions_autour_de_taiwan,course_203_les_tensions_autour_de_taiwan_q6,mcq,"Kaj se je zgodilo v Tajvanu leta 1996, ki je zaznamoval prelom s kitajskim avtoritarnim modelom?",Leta 1996 je Tajvan izvedel svoje prve volitve s splošnimi neposrednimi volitvami in tako postal ena najbolj liberalnih demokracij v Aziji.,"[""Prve volitve s splošnimi neposrednimi volitvami"", ""Uradna razglasitev neodvisnosti"", ""Ustanovitev TSMC"", ""Izguba sedeža v ZN""]",0,,,,,,
course_203_les_tensions_autour_de_taiwan,course_203_les_tensions_autour_de_taiwan_q7,trueFalse,Res ali ne: Združene države uradno priznavajo Tajvan kot neodvisno državo.,"Združene države uradno priznavajo Peking, vendar izvajajo strateško dvoumnost, ki jim kljub temu omogoča oboroževanje Tajvana.","[""Prav"", ""Narobe""]",1,,,,,,
course_203_les_tensions_autour_de_taiwan,course_203_les_tensions_autour_de_taiwan_q8,mcq,"Kako imenujete ameriško politiko, ki nikoli ne določa, ali bodo ZDA v primeru napada vojaško branile Tajvan?","Od leta 1979 so ZDA izvajale strateško dvoumnost: oboroževale so Tajvan, ne da bi kdaj potrdile neposredno vojaško posredovanje.","[""Strateška dvoumnost"", ""Monrojeva doktrina"", ""Zadrževanje"", ""Panda diplomacija""]",0,,,,,,
course_203_les_tensions_autour_de_taiwan,course_203_les_tensions_autour_de_taiwan_q9,chronological,Postavite te dogodke v zgodovini Tajvana v kronološkem vrstnem redu.,"Od poraza Kuomintanga do prvih demokratičnih volitev je Tajvan v pol stoletja zgradil identiteto, ki se razlikuje od celinske Kitajske.",,,"[""Umik nacionalistov Kuomintanga na otoku Tajvan"", ""Kitajski sedež ZN se je preselil v Peking"", ""Ustanovitev TSMC"", ""Prve volitve na Tajvanu s splošnimi neposrednimi volitvami""]",,,,,
course_204_le_concept_de_monde_multipolaire,course_204_le_concept_de_monde_multipolaire_q1,mcq,Kateri izraz se nanaša na obdobje skoraj izključne globalne dominacije Združenih držav po letu 1991?,"Urednik Krauthammer govori o ""enopolarnem trenutku"", da bi opisal ameriško dominacijo brez verodostojnega nasprotnika po padcu ZSSR.","[""Unipolarni trenutek"", ""Bipolarni red"", ""Konec zgodbe"", ""Novi svetovni red""]",0,,,,,,
course_204_le_concept_de_monde_multipolaire,course_204_le_concept_de_monde_multipolaire_q2,numericSlider,Približno koliko let je v mednarodnih odnosih prevladovala bipolarnost hladne vojne?,Bipolarnost je trajala skoraj petinštirideset let in nasprotovala Natovemu bloku bloku ZSSR do padca slednje leta 1991.,,,,45.0,20.0,70.0,8.0,let
course_204_le_concept_de_monde_multipolaire,course_204_le_concept_de_monde_multipolaire_q3,mcq,"Kdo teoretizira ameriški ""unipolarni trenutek""?","Ameriški kolumnist Krauthammer uporablja izraz ""enopolarni trenutek"" za opis ameriške nadvlade po letu 1991.","[""Krauthammer"", ""Kissinger"", ""Fukuyama"", ""Huntington""]",0,,,,,,
course_204_le_concept_de_monde_multipolaire,course_204_le_concept_de_monde_multipolaire_q4,numericSlider,Katerega leta je razpad ZSSR končal bipolarno ravnotežje hladne vojne?,ZSSR je razpadla leta 1991 in utrla pot unipolarnemu trenutku Amerike.,,,,1991.0,1970.0,2010.0,3.0,
course_204_le_concept_de_monde_multipolaire,course_204_le_concept_de_monde_multipolaire_q5,trueFalse,Res ali ne: ameriški »enopolarni trenutek« traja več kot trideset let.,"Enopolarni trenutek, umeščen med 1991 in 2008, je bil eden najkrajših imperijev v zgodovini, pred izzivom iz Kitajske in Rusije.","[""Prav"", ""Narobe""]",1,,,,,,
course_204_le_concept_de_monde_multipolaire,course_204_le_concept_de_monde_multipolaire_q6,mcq,Kateri projekt Kitajski omogoča spletanje ogromne mreže vpliva po vsem svetu?,"Preko novih svilenih cest Peking ogromno vlaga v tujino, da bi zgradil alternativno mrežo vpliva na Zahod.","[""Nove svilene ceste"", ""BRIKS"", ""G7"", ""Svetovna trgovinska organizacija""]",0,,,,,,
course_204_le_concept_de_monde_multipolaire,course_204_le_concept_de_monde_multipolaire_q7,mcq,"Katera organizacija združuje Kitajsko, Rusijo, Indijo in druge sile v vzponu, da bi vplivale na G7?","BRICS omogoča silam v vzponu, da v mednarodnih odnosih skupaj tehtajo proti državam G7.","[""BRIKS"", ""Nato"", ""ZN"", ""Evropska unija""]",0,,,,,,
course_204_le_concept_de_monde_multipolaire,course_204_le_concept_de_monde_multipolaire_q8,mcq,"Kaj imenujemo koncentracija gospodarskih izmenjav med državami z enakimi interesi, simptom selektivne deglobalizacije?","»Friend-shoring« se nanaša na to koncentracijo izmenjav med zavezniki, obliko selektivne deglobalizacije, ki je nastala iz večpolarnih napetosti.","[""Ohranjanje prijateljev"", ""Popolna prosta trgovina"", ""Klasična globalizacija"", ""Totalni protekcionizem""]",0,,,,,,
course_204_le_concept_de_monde_multipolaire,course_204_le_concept_de_monde_multipolaire_q9,chronological,Postavite te faze pohoda proti večpolarnemu svetu v kronološki vrstni red.,Od ravnotežja med hladno vojno do vzpona BRICS se je svetovna ureditev v nekaj desetletjih premaknila iz toge bipolarnosti v negotovo multipolarnost.,,,"[""Bipolarno ravnovesje hladne vojne"", ""Ameriški unipolarni trenutek po razpadu ZSSR"", ""Kitajski gospodarski vzpon"", ""Potrditev BRICS proti G7""]",,,,,
course_205_le_petrole_comme_source_de_conflits,course_205_le_petrole_comme_source_de_conflits_q1,numericSlider,Katerega leta je inženir Edwin Drake izvrtal prvo komercialno naftno vrtino v Pensilvaniji?,Edwin Drake je leta 1859 izvrtal prvo komercialno vrtino in s tem začel dobo industrijske nafte.,,,,1859.0,1800.0,1900.0,5.0,
course_205_le_petrole_comme_source_de_conflits,course_205_le_petrole_comme_source_de_conflits_q2,mcq,"Kako se imenuje skupina zahodnih podjetij, ki so nadzorovale bližnjevzhodno nafto pred OPEC?","""Sedem sester"" je desetletja vsiljevalo neugodne pogodbe državam proizvajalkam in vzdrževalo nadzor nad cenami.","[""Sedem sester"", ""OPEC+"", ""Štirje zmaji"", ""Bagdadski kartel""]",0,,,,,,
course_205_le_petrole_comme_source_de_conflits,course_205_le_petrole_comme_source_de_conflits_q3,numericSlider,Katerega leta je pet držav proizvajalk ustanovilo OPEC v Bagdadu?,"OPEC je bil ustanovljen leta 1960 v Bagdadu, da bi državam proizvajalkam omogočil, da ponovno prevzamejo nadzor nad svojimi viri.",,,,1960.0,1940.0,1980.0,3.0,
course_205_le_petrole_comme_source_de_conflits,course_205_le_petrole_comme_source_de_conflits_q4,numericSlider,Za koliko se je med naftno krizo leta 1973 v šestih mesecih pomnožila cena sodčka?,Med arabskim embargom leta 1973 se je cena sodčka štirikrat povečala v samo šestih mesecih.,,,,4.0,1.0,10.0,1.0,krat
course_205_le_petrole_comme_source_de_conflits,course_205_le_petrole_comme_source_de_conflits_q5,trueFalse,Res ali ne: embargo na nafto iz leta 1973 so odredile arabske države OPEC proti zaveznikom Izraela.,Sredi vojne Yom Kippur arabske države OPEC odredijo embargo proti zaveznikom Izraela in početverijo ceno sodčka.,"[""Prav"", ""Narobe""]",0,,,,,,
course_205_le_petrole_comme_source_de_conflits,course_205_le_petrole_comme_source_de_conflits_q6,mcq,"Kdo je poskušal nacionalizirati britanske naftne družbe v Iranu leta 1951, preden je bil strmoglavljen z državnim udarom?","Iranski premier Mohammad Mossadegh je leta 1951 nacionaliziral britanske naftne družbe, preden je bil leta 1953 strmoglavljen.","[""Mohammad Mossadegh"", ""Iranski šah"", ""Ajatola Homeini"", ""Sadam Husein""]",0,,,,,,
course_205_le_petrole_comme_source_de_conflits,course_205_le_petrole_comme_source_de_conflits_q7,mcq,Katero državo je leta 1990 napadel Irak in neposredno ogrozil svetovni naftni trg?,Iraška invazija na Kuvajt leta 1990 je ogrozila ogromen delež svetovnih rezerv in leta 1991 sprožila zalivsko vojno.,"[""Kuvajt"", ""Savdska Arabija"", ""Iran"", ""Sirija""]",0,,,,,,
course_205_le_petrole_comme_source_de_conflits,course_205_le_petrole_comme_source_de_conflits_q8,mcq,"Katera tehnologija omogoča Združenim državam, da postanejo zelo velika proizvajalka nafte v 2010?",S hidravličnim lomljenjem ZDA množično izkoriščajo nafto iz skrilavca in s tem zmanjšujejo svojo odvisnost od Bližnjega vzhoda.,"[""Hidravlično lomljenje"", ""Globokomorsko vrtanje"", ""Jedrska energija"", ""sončna""]",0,,,,,,
course_205_le_petrole_comme_source_de_conflits,course_205_le_petrole_comme_source_de_conflits_q9,chronological,Postavite te dogodke v zgodovino nafte kot vir konfliktov v kronološkem vrstnem redu.,Od prve komercialne vrtine do invazije na Kuvajt naftne strukture tvorijo več kot stoletje geopolitičnih rivalstev.,,,"[""Prva komercialna naftna vrtina v Pensilvaniji"", ""Ustanovitev OPEC v Bagdadu"", ""Naftni šok med vojno Yom Kippur"", ""Iraška invazija na Kuvajt""]",,,,,
course_206_le_canal_de_suez_pourquoi_il_est_strateg,course_206_le_canal_de_suez_pourquoi_il_est_strateg_q1,numericSlider,Kako dolg je Sueški prekop v kilometrih?,Sueški prekop se razteza na 193 kilometrih in povezuje Sredozemsko morje z Rdečim morjem.,,,,193.0,100.0,300.0,20.0,km
course_206_le_canal_de_suez_pourquoi_il_est_strateg,course_206_le_canal_de_suez_pourquoi_il_est_strateg_q2,numericSlider,Katerega leta je bil slovesno odprt Sueški prekop?,Sueški prekop je bil slovesno odprt leta 1869 po desetih letih dela pod vodstvom Ferdinanda de Lessepsa.,,,,1869.0,1800.0,1900.0,5.0,
course_206_le_canal_de_suez_pourquoi_il_est_strateg,course_206_le_canal_de_suez_pourquoi_il_est_strateg_q3,mcq,Kdo vodi vrtanje Sueškega prekopa?,Francoski inženir Ferdinand de Lesseps je med letoma 1859 in 1869 vodil vrtanje Sueške ožine.,"[""Ferdinand de Lesseps"", ""Gamal Abdel Nasser"", ""Muhammad Ali"", ""Thomas Cook""]",0,,,,,,
course_206_le_canal_de_suez_pourquoi_il_est_strateg,course_206_le_canal_de_suez_pourquoi_il_est_strateg_q4,numericSlider,Katerega leta je egiptovski predsednik Naser nacionaliziral Sueški prekop?,"Nasser je kanalsko podjetje nacionaliziral 26. julija 1956, kar je sprožilo sueško krizo.",,,,1956.0,1930.0,1980.0,3.0,
course_206_le_canal_de_suez_pourquoi_il_est_strateg,course_206_le_canal_de_suez_pourquoi_il_est_strateg_q5,trueFalse,Res ali ne: Sueška kriza leta 1956 se je končala s ponižujočim umikom Francije in Združenega kraljestva pod pritiskom Združenih držav.,"Pod pritiskom ameriškega predsednika Eisenhowerja sta bili Francija in Združeno kraljestvo prisiljeni v ponižujoč umik, ki je posvetil Naserjevo zmagoslavje.","[""Prav"", ""Narobe""]",0,,,,,,
course_206_le_canal_de_suez_pourquoi_il_est_strateg,course_206_le_canal_de_suez_pourquoi_il_est_strateg_q6,percentageSlider,Kolikšen delež svetovne trgovine poteka danes skozi Sueški prekop?,Približno 12 % svetovne trgovine gre vsako leto skozi Sueški prekop.,,,,12.0,0.0,100.0,5.0,%
course_206_le_canal_de_suez_pourquoi_il_est_strateg,course_206_le_canal_de_suez_pourquoi_il_est_strateg_q7,mcq,Katera ogromna kontejnerska ladja bo marca 2021 blokirala Sueški prekop?,Ogromna kontejnerska ladja Ever Given je marca 2021 nasedla čez kanal in blokirala ves promet.,"[""Vedno dano"", ""Titanik"", ""Costa Concordia"", ""Kraljica Marija""]",0,,,,,,
course_206_le_canal_de_suez_pourquoi_il_est_strateg,course_206_le_canal_de_suez_pourquoi_il_est_strateg_q8,numericSlider,Koliko dni bo Ever Given leta 2021 blokiral Sueški prekop?,"Ladja Ever Given je za šest dni blokirala kanal, kar je povzročilo zastoj več kot 400 ladij.",,,,6.0,1.0,20.0,2.0,dni
course_206_le_canal_de_suez_pourquoi_il_est_strateg,course_206_le_canal_de_suez_pourquoi_il_est_strateg_q9,mcq,Katera skupina napade komercialne ladje v Rdečem morju iz Jemna med letoma 2023 in 2024 in izsiljuje preusmeritve skozi južno Afriko?,"Raketni napadi Hutijev iz Jemna prisilijo številne lastnike ladij, da svoje flote preusmerijo skozi južno Afriko.","[""Hutiji"", ""Al-Kaida"", ""Muslimanska bratovščina"", ""Hezbolah""]",0,,,,,,
course_206_le_canal_de_suez_pourquoi_il_est_strateg,course_206_le_canal_de_suez_pourquoi_il_est_strateg_q10,chronological,Postavite te dogodke v zgodovino Sueškega prekopa v kronološkem vrstnem redu.,Od svoje kolonialne otvoritve do napadov Hutijev Sueški prekop ostaja barometer svetovnega ravnovesja moči.,,,"[""Slovesna otvoritev Sueškega prekopa"", ""Nacionalizacija prekopa s strani Naserja"", ""Zapora kanala zaradi kontejnerske ladje Ever Given"", ""Hutiji napadejo ladje v Rdečem morju""]",,,,,
course_207_l_otan_a_quoi_ca_sert_encore,course_207_l_otan_a_quoi_ca_sert_encore_q1,numericSlider,Katerega leta je bil ustanovljen Nato?,"Nato se je uradno rodil 4. aprila 1949, sredi hladne vojne.",,,,1949.0,1930.0,1970.0,3.0,
course_207_l_otan_a_quoi_ca_sert_encore,course_207_l_otan_a_quoi_ca_sert_encore_q2,numericSlider,Koliko držav je leta 1949 podpisalo Severnoatlantsko pogodbo?,Dvanajst držav je leta 1949 v Washingtonu podpisalo Severnoatlantsko pogodbo in ustanovilo Nato.,,,,12.0,1.0,30.0,2.0,država
course_207_l_otan_a_quoi_ca_sert_encore,course_207_l_otan_a_quoi_ca_sert_encore_q3,mcq,Kateri člen Natove pogodbe določa načelo kolektivne obrambe?,"5. člen določa, da se napad na eno članico šteje za napad na vse, kar odvrača vsako sovjetsko ofenzivo med hladno vojno.","[""Oddelek 5"", ""člen 1"", ""Oddelek 10"", ""51. člen""]",0,,,,,,
course_207_l_otan_a_quoi_ca_sert_encore,course_207_l_otan_a_quoi_ca_sert_encore_q4,trueFalse,"Res ali ne: Islandija, članica Nata, nima stalne vojske.","Islandija je edina članica Nata brez stalne vojske: njen prispevek temelji na radarjih, obalni straži in sprejemu zavezniških letal.","[""Prav"", ""Narobe""]",0,,,,,,
course_207_l_otan_a_quoi_ca_sert_encore,course_207_l_otan_a_quoi_ca_sert_encore_q5,mcq,"Katera vojna je nato leta 1999 prisilila Nato, da je prvič posredoval zunaj svojega ozemlja?",Vojna na Kosovu leta 1999 je pomenila začetek Natovih intervencij zunaj domačega ozemlja.,"[""Kosovska vojna"", ""Zalivska vojna"", ""Vojna v Afganistanu"", ""Bosanska vojna""]",0,,,,,,
course_207_l_otan_a_quoi_ca_sert_encore,course_207_l_otan_a_quoi_ca_sert_encore_q6,numericSlider,"Katerega leta je Rusija napadla Ukrajino in prisilila Nato, da se vrne k svoji misiji teritorialne obrambe?",Ruska invazija na Ukrajino leta 2022 konča vsako negotovost glede uporabnosti Nata.,,,,2022.0,2000.0,2024.0,2.0,
course_207_l_otan_a_quoi_ca_sert_encore,course_207_l_otan_a_quoi_ca_sert_encore_q7,mcq,Kateri dve dolgo nevtralni državi se bosta pridružili Natu po invaziji na Ukrajino leta 2022?,"Šok zaradi invazije potisne Finsko, ki se leta 2023 pridruži zavezništvu, in Švedsko leta 2024, da opustita svojo zgodovinsko nevtralnost.","[""Finska in Švedska"", ""Poljska in Madžarska"", ""Ukrajina in Gruzija"", ""Avstriji in Švici""]",0,,,,,,
course_207_l_otan_a_quoi_ca_sert_encore,course_207_l_otan_a_quoi_ca_sert_encore_q8,numericSlider,Koliko članic ima Nato danes?,"Nato ima zdaj 32 članic v primerjavi z 12, ko je bil leta 1949 ustanovljen.",,,,32.0,10.0,50.0,3.0,člani
course_207_l_otan_a_quoi_ca_sert_encore,course_207_l_otan_a_quoi_ca_sert_encore_q9,chronological,Postavite te faze Natove zgodovine v kronološki vrstni red.,Od svoje ustanovitve proti ZSSR do pristopa Finske in Švedske se je Nato še naprej širil in preoblikoval.,,,"[""Podpis Severnoatlantske pogodbe v Washingtonu"", ""Natovo posredovanje med vojno na Kosovu"", ""Vstop baltskih držav v Nato"", ""Pristop Finske in Švedske""]",,,,,
course_208_l_onu_puissante_ou_impuissante,course_208_l_onu_puissante_ou_impuissante_q1,numericSlider,Katerega leta je bila ustanovljena ZN?,"Združeni narodi so bili ustanovljeni leta 1945 na pepelu druge svetovne vojne, da bi silo nadomestili s pravom.",,,,1945.0,1920.0,1970.0,3.0,
course_208_l_onu_puissante_ou_impuissante,course_208_l_onu_puissante_ou_impuissante_q2,numericSlider,Koliko članov ima Varnostni svet ZN?,"Varnostni svet ima petnajst članov, a le pet jih ima pravico veta.",,,,15.0,5.0,30.0,2.0,člani
course_208_l_onu_puissante_ou_impuissante,course_208_l_onu_puissante_ou_impuissante_q3,mcq,"Kateri dve državi imata pravico veta v Varnostnem svetu, poleg ZDA, Rusije in Kitajske?","Pet stalnih članic s pravico veta so ZDA, Rusija, Kitajska, Francija in Združeno kraljestvo.","[""Francija in Združeno kraljestvo"", ""Nemčija in Japonska"", ""Indija in Brazilija"", ""Španija in Italija""]",0,,,,,,
course_208_l_onu_puissante_ou_impuissante,course_208_l_onu_puissante_ou_impuissante_q4,mcq,Katero bolezen je leta 1980 izkoreninila specializirana agencija ZN?,"Izkoreninjenje črnih koz leta 1980, ki ga je koordinirala Svetovna zdravstvena organizacija, je eden največjih uspehov v zgodovini človeštva.","[""Črne koze"", ""otroška paraliza"", ""ošpice"", ""Tuberkuloza""]",0,,,,,,
course_208_l_onu_puissante_ou_impuissante,course_208_l_onu_puissante_ou_impuissante_q5,numericSlider,Približno koliko milijonov ljudi vsako leto nahrani Svetovni program za hrano?,"Svetovni program za hrano vsako leto nahrani skoraj 100 milijonov ljudi, ki jih prizadene lakota.",,,,100.0,10.0,300.0,20.0,milijonov ljudi
course_208_l_onu_puissante_ou_impuissante,course_208_l_onu_puissante_ou_impuissante_q6,trueFalse,Res ali ne: misija mirovnih sil ZN je vojskovati proti vojskujočim se stranem.,"Poslanstvo modrih čelad ni vojskovati, ampak posredovati med vojskujočima se po prekinitvi ognja.","[""Prav"", ""Narobe""]",1,,,,,,
course_208_l_onu_puissante_ou_impuissante,course_208_l_onu_puissante_ou_impuissante_q7,mcq,Katero načelo preprečuje poseganje ZN v notranje zadeve države?,"Načelo nacionalne suverenosti ščiti pred samovoljnim vmešavanjem, včasih pa služi tudi kot ščit pred diktaturami.","[""Nacionalna suverenost"", ""Pravica veta"", ""Diplomatska nevtralnost"", ""Mednarodno humanitarno pravo""]",0,,,,,,
course_208_l_onu_puissante_ou_impuissante,course_208_l_onu_puissante_ou_impuissante_q8,numericSlider,Katerega leta se je pojavil koncept »odgovornosti za zaščito« (R2P)?,"Koncept odgovornosti za zaščito se je pojavil leta 2005, da bi zapolnil vrzel, ki jo je pustilo načelo nacionalne suverenosti.",,,,2005.0,1990.0,2020.0,3.0,
course_208_l_onu_puissante_ou_impuissante,course_208_l_onu_puissante_ou_impuissante_q9,trueFalse,Res ali ne: moč veta stalnih članic je bila od leta 1945 uporabljena več kot 300-krat.,"Veto je bil uporabljen več kot 300-krat od leta 1945 in je redno blokiral ukrepanje v konfliktih, v katere so neposredno vpletene velike sile.","[""Prav"", ""Narobe""]",0,,,,,,
course_208_l_onu_puissante_ou_impuissante,course_208_l_onu_puissante_ou_impuissante_q10,chronological,Postavite te dogodke v zgodovino ZN v kronološkem vrstnem redu.,"Od imena, ki si ga je izmislil Roosevelt, do videza odgovornosti za zaščito, ti mejniki kažejo uspehe in omejitve institucije.",,,"[""Franklin Roosevelt je izumil ime \""Združeni narodi\"""", ""Ustanova Združenih narodov"", ""Izkoreninjenje črnih koz po zaslugi Svetovne zdravstvene organizacije"", ""Pojav koncepta odgovornosti za zaščito""]",,,,,
course_209_la_russie_de_poutine,course_209_la_russie_de_poutine_q1,numericSlider,Katerega leta je bil Vladimir Putin prvič izvoljen za predsednika Rusije?,"Vladimir Putin je bil izvoljen za predsednika marca 2000, potem ko je bil začasni predsednik po odstopu Borisa Jelcina.",,,,2000.0,1990.0,2010.0,2.0,
course_209_la_russie_de_poutine,course_209_la_russie_de_poutine_q2,mcq,"V katerih tajnih službah je naredil kariero Vladimir Putin, preden se je pridružil politiki?","Nekdanji častnik KGB-ja in nato FSB-ja je Putin zobal v Sankt Peterburgu, preden se je pridružil spremstvu Borisa Jelcina v Moskvi.","[""KGB nato FSB"", ""Rdeča armada"", ""Komunistična partija"", ""sovjetska diplomacija""]",0,,,,,,
course_209_la_russie_de_poutine,course_209_la_russie_de_poutine_q3,numericSlider,Za koliko se je pomnožil ruski BDP med letoma 1999 in 2008 zaradi skokovite rasti cen nafte?,Zaradi naraščajočih cen nafte se je ruski BDP med letoma 1999 in 2008 povečal za osemkrat.,,,,8.0,1.0,20.0,2.0,krat
course_209_la_russie_de_poutine,course_209_la_russie_de_poutine_q4,mcq,"Kateri oligarh, šef velike naftne družbe, je bil aretiran leta 2003, kar je znak, da so oligarhe spravili v boj?",Aretacija Mihaila Hodorkovskega leta 2003 pomeni začetek udomačevanja oligarhov s Putinovo močjo.,"[""Mihail Hodorkovski"", ""Roman Abramovič"", ""Boris Jelcin"", ""Aleksej Navalni""]",0,,,,,,
course_209_la_russie_de_poutine,course_209_la_russie_de_poutine_q5,trueFalse,Res ali ne: nasprotnik Alexeï Navalny umre v kazenski koloniji februarja 2024.,Po zastrupitvi leta 2020 in zaprtju po vrnitvi v Rusijo je Aleksej Navalni februarja 2024 umrl v kazenski koloniji.,"[""Prav"", ""Narobe""]",0,,,,,,
course_209_la_russie_de_poutine,course_209_la_russie_de_poutine_q6,mcq,"Kako se imenujejo predstavniki silnih struktur, kot so vojska ali tajne službe, ki obvladujejo rusko administracijo?",Siloviki zasedajo ključne položaje v upravi in velikih javnih podjetjih ter združujejo varnostne in finančne interese.,"[""Siloviki"", ""Oligarhi"", ""Aparatčiki"", ""Bojari""]",0,,,,,,
course_209_la_russie_de_poutine,course_209_la_russie_de_poutine_q7,numericSlider,Katerega leta je Rusija nezakonito priključila Krim?,"Rusija je leta 2014 nezakonito priključila Krim in podprla oborožen upor v Donbasu, kar je pomenilo vrnitev ozemeljske vojne v Evropi.",,,,2014.0,2000.0,2024.0,2.0,
course_209_la_russie_de_poutine,course_209_la_russie_de_poutine_q8,numericSlider,"Do katerega leta ustavna reforma leta 2020 Putinu teoretično omogoča, da ostane predsednik?","Ustavna reforma iz leta 2020 Putinu teoretično omogoča, da ostane predsednik do leta 2036.",,,,2036.0,2020.0,2045.0,3.0,
course_209_la_russie_de_poutine,course_209_la_russie_de_poutine_q9,chronological,Postavite te faze vladavine Vladimirja Putina v kronološki vrstni red.,Teh četrt stoletja od njegove izvolitve do invazije na Ukrajino kaže postopno preobrazbo Rusije v bojevit avtoritarni režim.,,,"[""Putin postane predsednik Rusije"", ""Aretacija oligarha Mihaila Hodorkovskega"", ""Priključitev Krima"", ""Totalna invazija Ukrajine""]",,,,,
course_20_hiroshima_et_nagasaki_1945,course_20_hiroshima_et_nagasaki_1945_q1,mcq,"Kateri ameriški projekt, ki se je začel leta 1942, je razvil prvo atomsko bombo?","Projekt Manhattan, ki se je začel leta 1942, je za razvoj atomske bombe mobiliziral približno 130.000 ljudi in 2 milijardi dolarjev.","[""Projekt Manhattan"", ""Operacija Overlord"", ""Projekt Trinity"", ""Operacija Case Blue""]",0,,,,,,
course_20_hiroshima_et_nagasaki_1945,course_20_hiroshima_et_nagasaki_1945_q2,mcq,"Kateri poskus, izveden 16. julija 1945 v puščavi Nove Mehike, je prvič potrdil atomsko bombo?","Trinity test, 16. julija 1945, je bila prva jedrska eksplozija v zgodovini in je potrdila, da je bomba delovala.","[""Trinity Test"", ""Test Malega dečka"", ""Test Fat Man"", ""Manhattanski test""]",0,,,,,,
course_20_hiroshima_et_nagasaki_1945,course_20_hiroshima_et_nagasaki_1945_q3,mcq,"Kateri bombnik je 6. avgusta 1945 odvrgel bombo ""Little Boy"" na Hirošimo?",Ladja Enola Gay je 6. avgusta 1945 ob 8.15 zjutraj spustila Malčka nad Hirošimo.,"[""Enola Gay"", ""Bockscar"", ""Memphis Belle"", ""Duh St. Louisa""]",0,,,,,,
course_20_hiroshima_et_nagasaki_1945,course_20_hiroshima_et_nagasaki_1945_q4,trueFalse,Res ali ne: Nagasaki je bil od začetka načrtovana tarča za drugo atomsko bombo.,"Bockscar je sprva ciljal na mesto Kokura, a so mu oblaki preprečili, da bi odvrgel bombo, in jo poslali nazaj v Nagasaki.","[""Prav"", ""Narobe""]",1,,,,,,
course_20_hiroshima_et_nagasaki_1945,course_20_hiroshima_et_nagasaki_1945_q5,mcq,"Katera država je vstopila v vojno proti Japonski na isti dan kot bombardiranje Nagasakija, 9. avgusta 1945?",Vstop Sovjetske zveze v vojno proti Japonski 9. avgusta 1945 je uničil upanje na posredovanje Moskve.,"[""ZSSR"", ""Kitajska"", ""Združeno kraljestvo"", ""Francija""]",0,,,,,,
course_20_hiroshima_et_nagasaki_1945,course_20_hiroshima_et_nagasaki_1945_q6,numericSlider,Koliko dni loči bombardiranje Hirošime od bombardiranja Nagasakija?,"Hirošima je bila bombardirana 6. avgusta 1945, Nagasaki pa tri dni kasneje, 9. avgusta.",,,,3.0,0.0,14.0,1.0,dni
course_20_hiroshima_et_nagasaki_1945,course_20_hiroshima_et_nagasaki_1945_q7,mcq,Kdo je 15. avgusta 1945 po radiu naznanil predajo Japonske?,V zgodovinskem govoru je cesar Hirohito 15. avgusta 1945 razglasil predajo Japonske.,"[""Cesar Hirohito"", ""General Douglas MacArthur"", ""Robert Oppenheimer"", ""Predsednik Harry Truman""]",0,,,,,,
course_20_hiroshima_et_nagasaki_1945,course_20_hiroshima_et_nagasaki_1945_q8,mcq,"Kako se imenujejo Japonci, ki so preživeli atomsko bombardiranje?","Hibakuša, preživeli, nosijo fizične posledice in etično razpravo, ki traja še danes.","[""Hibakuša"", ""Kamikaze"", ""Zaibatsu"", ""Šoguni""]",0,,,,,,
course_20_hiroshima_et_nagasaki_1945,course_20_hiroshima_et_nagasaki_1945_q9,chronological,Postavite te dogodke leta 1945 v kronološki vrstni red.,V enem mesecu človeštvo potuje od prvega uspešnega jedrskega poskusa do konca druge svetovne vojne v Aziji.,,,"[""Uspešen jedrski poskus Trinity"", ""Bombardiranje Hirošime"", ""Bombardiranje Nagasakija in vstop ZSSR v vojno"", ""Hirohito je napovedal japonsko predajo""]",,,,,
course_210_la_guerre_en_ukraine_expliquee,course_210_la_guerre_en_ukraine_expliquee_q1,numericSlider,"Katerega leta je Ukrajina postala neodvisna, ko je ZSSR razpadla?","Ukrajina je postala suverena država leta 1991, po razpadu ZSSR.",,,,1991.0,1970.0,2010.0,3.0,
course_210_la_guerre_en_ukraine_expliquee,course_210_la_guerre_en_ukraine_expliquee_q2,numericSlider,"Katerega leta je Ukrajina podpisala Budimpeštanski memorandum, s katerim je svoj jedrski arzenal zamenjala za jamstva ozemeljske celovitosti?",Z Budimpeštanskim memorandumom iz leta 1994 se je Ukrajina razorožila v zameno za zagotovila ozemeljske celovitosti.,,,,1994.0,1985.0,2005.0,2.0,
course_210_la_guerre_en_ukraine_expliquee,course_210_la_guerre_en_ukraine_expliquee_q3,mcq,Kateri dogodek leta 2014 je odstavil proruskega predsednika in sprožil rusko priključitev Krima?,Revolucija Majdana je leta 2014 odstavila proruskega predsednika; v odgovor Rusija nezakonito priključi Krim.,"[""Majdanska revolucija"", ""Budimpeštanski memorandum"", ""Padec ZSSR"", ""Vojna v Donbasu""]",0,,,,,,
course_210_la_guerre_en_ukraine_expliquee,course_210_la_guerre_en_ukraine_expliquee_q4,numericSlider,Katerega leta je Rusija začela obsežno invazijo na Ukrajino?,"Rusija začne svojo obsežno invazijo 24. februarja 2022, kar je sprožilo največji konflikt v Evropi po letu 1945.",,,,2022.0,2010.0,2024.0,1.0,
course_210_la_guerre_en_ukraine_expliquee,course_210_la_guerre_en_ukraine_expliquee_q5,trueFalse,Res ali ne: ruski vojski uspe zavzeti Kijev in strmoglaviti ukrajinsko vlado v prvih tednih invazije.,"Bitka za Kijev se je spomladi 2022 končala z uničujočim ruskim neuspehom, zaradi česar je morala Moskva umakniti svoje enote s severa.","[""Prav"", ""Narobe""]",1,,,,,,
course_210_la_guerre_en_ukraine_expliquee,course_210_la_guerre_en_ukraine_expliquee_q6,mcq,"Kaj je Volodimir Zelenski odgovoril, ko so mu ZDA na začetku invazije ponudile evakuacijo?","Zelenski zavrača evakuacijo in izjavi, da ""rabim strelivo, ne taksija,"" in tako postane simbol naroda, ki noče popustiti.","[""\""Potrebujem strelivo, ne taksija\"""", ""\""Moram zaščititi svojo družino\"""", ""\""Ukrajina se bo kmalu predala\"""", ""\""Hvala, sprejemam izgnanstvo\""""]",0,,,,,,
course_210_la_guerre_en_ukraine_expliquee,course_210_la_guerre_en_ukraine_expliquee_q7,mcq,Iz katerega mednarodnega bančnega sistema so leta 2022 izključene ruske banke?,Izključitev ruskih bank iz sistema SWIFT in zamrznitev rezerv centralne banke pomenita zgodovinski prelom zahodnih sankcij.,"[""SWIFT"", ""IMF"", ""Svetovna banka"", ""STO""]",0,,,,,,
course_210_la_guerre_en_ukraine_expliquee,course_210_la_guerre_en_ukraine_expliquee_q8,percentageSlider,Od kolikšnega odstotka ruskega plina je bila pred vojno odvisna Evropa?,"Evropa je bila pred vojno 40 % odvisna od ruskega plina, zaradi česar je morala začeti hiter energetski prehod.",,,,40.0,0.0,100.0,8.0,%
course_210_la_guerre_en_ukraine_expliquee,course_210_la_guerre_en_ukraine_expliquee_q9,chronological,Postavite te dogodke vojne v Ukrajini v kronološki vrstni red.,Od neodvisnosti leta 1991 do širitve Nata ti mejniki zasledujejo tri desetletja napetosti med Ukrajino in Rusijo.,,,"[""Neodvisnost Ukrajine"", ""Majdanska revolucija in priključitev Krima"", ""Ruska invazija v polnem obsegu"", ""Članstvo Finske in Švedske v Natu""]",,,,,
course_211_comment_fonctionne_le_prix_du_petrole,course_211_comment_fonctionne_le_prix_du_petrole_q1,numericSlider,Katerega leta so države proizvajalke ustanovile OPEC?,"OPEC je bil ustanovljen leta 1960, da bi državam proizvajalkam omogočil vpliv na svetovni naftni trg.",,,,1960.0,1940.0,1980.0,3.0,
course_211_comment_fonctionne_le_prix_du_petrole,course_211_comment_fonctionne_le_prix_du_petrole_q2,percentageSlider,Koliko svetovne nafte skupaj nadzoruje OPEC+?,Države OPEC+ skupaj nadzorujejo približno 40 % svetovne nafte.,,,,40.0,0.0,100.0,8.0,%
course_211_comment_fonctionne_le_prix_du_petrole,course_211_comment_fonctionne_le_prix_du_petrole_q3,numericSlider,Od katerega leta se je Rusija pridružila zavezništvu in oblikovala OPEC+?,Rusija se je zavezništvu pridružila leta 2016 in oblikovala OPEC+.,,,,2016.0,2000.0,2024.0,2.0,
course_211_comment_fonctionne_le_prix_du_petrole,course_211_comment_fonctionne_le_prix_du_petrole_q4,mcq,"Katera tehnika omogoča ZDA, da postanejo največji proizvajalec nafte na svetu in prehitijo Savdsko Arabijo?",Zaradi hidravličnega lomljenja so ZDA v desetih letih postale vodilna proizvajalka nafte na svetu.,"[""Hidravlično lomljenje"", ""Globoko morsko vrtanje"", ""Jedrska"", ""Utekočinjen premog""]",0,,,,,,
course_211_comment_fonctionne_le_prix_du_petrole,course_211_comment_fonctionne_le_prix_du_petrole_q5,mcq,"Kako se imenuje referenčna nafta, pridobljena iz Severnega morja?","Brent, nafta iz Severnega morja, je ena od dveh svetovnih referenčnih cen nafte z WTI iz Teksasa.","[""Brent"", ""WTI"", ""OPEC"", ""Svetli Teksašan""]",0,,,,,,
course_211_comment_fonctionne_le_prix_du_petrole,course_211_comment_fonctionne_le_prix_du_petrole_q6,numericSlider,"Za koliko dolarjev pod ničlo je padla cena nafte WTI aprila 2020, sredi krize COVID-19?","Aprila 2020 je cena WTI padla na minus 37 $, saj so prodajalci svojim kupcem plačali, da so zapustili svoje zaloge.",,,,37.0,0.0,100.0,10.0,dolarjev pod ničlo
course_211_comment_fonctionne_le_prix_du_petrole,course_211_comment_fonctionne_le_prix_du_petrole_q7,trueFalse,"Res ali ne: aprila 2020 so prodajalci nafte svojim kupcem plačali, da so očistili svoje zaloge.","Soočeni s polnimi rezervoarji so nekateri prodajalci aprila 2020 svojim kupcem plačali, da so se znebili svojih zalog nafte.","[""Prav"", ""Narobe""]",0,,,,,,
course_211_comment_fonctionne_le_prix_du_petrole,course_211_comment_fonctionne_le_prix_du_petrole_q8,numericSlider,"Na koliko dolarjev bo leta 2022, po invaziji na Ukrajino, narasla cena brenta?","V strahu pred pomanjkanjem, povezanim z rusko invazijo na Ukrajino, Brent leta 2022 v nekaj tednih preseže 130 dolarjev.",,,,130.0,50.0,200.0,15.0,dolarjev
course_211_comment_fonctionne_le_prix_du_petrole,course_211_comment_fonctionne_le_prix_du_petrole_q9,numericSlider,Koliko litrov je v sodu nafte?,"Sod nafte vsebuje 159 litrov, kar je toliko energije, kolikor porabi ročno delo ene osebe za približno eno leto.",,,,159.0,100.0,250.0,20.0,litrov
course_211_comment_fonctionne_le_prix_du_petrole,course_211_comment_fonctionne_le_prix_du_petrole_q10,chronological,Postavite te dogodke cen nafte v kronološki vrstni red.,Od ustanovitve OPEC do skoka cen leta 2022 ti dogodki kažejo na kronično nestanovitnost naftnega trga.,,,"[""Fundacija OPEC"", ""Rusija se pridruži zavezništvu in oblikuje OPEC+"", ""Padec cen nafte med pandemijo COVID-19"", ""Po invaziji na Ukrajino se je cena Brent dvignila""]",,,,,
course_212_les_paradis_fiscaux_expliques,course_212_les_paradis_fiscaux_expliques_q1,percentageSlider,Koliko svetovnega bogastva je shranjenega v davčnih oazah?,"Ocenjuje se, da se davkom v davčnih oazah izogne okoli 8 do 10 % svetovnega bogastva ali 10 bilijonov dolarjev.",,,,9.0,0.0,100.0,4.0,%
course_212_les_paradis_fiscaux_expliques,course_212_les_paradis_fiscaux_expliques_q2,mcq,"Katero orodje omogoča podjetju, da svoje dobičke prikaže tam, kjer so davki najnižji?","Transferne cene so za podjetje sestavljene iz tega, da si sami določijo ceno menjave med lastnimi podružnicami, da svoje dobičke prenesejo v državo, kjer je davek najnižji.","[""Cena prenosa"", ""Davčna olajšava"", ""Davek na ogljik"", ""Davčni odtegljaj""]",0,,,,,,
course_212_les_paradis_fiscaux_expliques,course_212_les_paradis_fiscaux_expliques_q3,trueFalse,"Res ali ne: francoski izraz ""davčna oaza"" je zvest prevod angleškega ""davčna oaza"".","»Davčna oaza« pomeni »varen pristan« za denar (zavetje), ne »raj« (nebesa): zmeda zvokov je spremenila pomen besede v francoščini.","[""Prav"", ""Narobe""]",1,,,,,,
course_212_les_paradis_fiscaux_expliques,course_212_les_paradis_fiscaux_expliques_q4,chronological,Postavite te dogodke v kronološki vrstni red.,"Finančna kriza leta 2008 in nato panamski dokumenti leta 2016 so povzročili val ogorčenja, ki je leta 2021 pripeljal do mednarodnega sporazuma o najnižji davčni stopnji.",,,"[""Svetovna finančna kriza"", ""Objava Panamskih dokumentov"", ""Mednarodni sporazum o minimalni davčni stopnji""]",,,,,
course_212_les_paradis_fiscaux_expliques,course_212_les_paradis_fiscaux_expliques_q5,numericSlider,Približno za koliko milijard dolarjev vsako leto davčne oaze prikrajšajo države?,"Davčne oaze države prikrajšajo za okoli 600 milijard dolarjev na leto, denar, s katerim bi lahko financirali bolnišnice ali šole.",,,,600.0,100.0,1500.0,150.0,milijarde $
course_212_les_paradis_fiscaux_expliques,course_212_les_paradis_fiscaux_expliques_q6,mcq,Kaj je navidezno podjetje?,"Navidezna družba je podjetje, ki obstaja le na papirju, brez pisarne ali zaposlenih, pogosto ustvarjeno, da bi prikrilo identiteto pravega lastnika denarja.","[""Podjetje brez pisarne in zaposlenih, ki obstaja samo na papirju"", ""Javno kotirano podjetje"", ""Podržavljeno javno podjetje"", ""Podjetje, specializirano za gradbeništvo""]",0,,,,,,
course_212_les_paradis_fiscaux_expliques,course_212_les_paradis_fiscaux_expliques_q7,numericSlider,"Koliko tisoč podjetij je približno registriranih na Kajmanskih otokih, ki imajo samo 65.000 prebivalcev?","Več kot 100.000 podjetij je registriranih na Kajmanskih otokih, ozemlju, ki je manjše od Pariza, zaradi česar je peto največje svetovno finančno središče za bančne depozite.",,,,100.0,0.0,300.0,30.0,tisoč
course_212_les_paradis_fiscaux_expliques,course_212_les_paradis_fiscaux_expliques_q8,mcq,"Če podjetje v davčni oazi plačuje samo 5% davke, kaj zdaj dovoljuje mednarodni sporazum iz leta 2021?","Od sporazuma iz leta 2021, ki določa globalno najnižjo stopnjo 15 %, če podjetje v davčni oazi plača le 5 %, lahko njegova matična država zahteva preostalih 10 %.","[""Država izvora lahko zahteva preostalih 10 %"", ""Izvzeto je iz kakršnega koli davčnega nadzora"", ""Davčna oaza samodejno podvoji svojo stopnjo"", ""Nič, dogovor ne velja za ta primer""]",0,,,,,,
course_212_les_paradis_fiscaux_expliques,course_212_les_paradis_fiscaux_expliques_q9,mcq,"Kateri so trije stebri, na katerih temelji davčna oaza?","Davčna oaza temelji na treh stebrih: davki blizu nič, velika nepreglednost in malo sodelovanja z drugimi državami.","[""Davki blizu ničle, velika nepreglednost in malo sodelovanja z drugimi državami"", ""Močna rast, stabilna valuta in neodvisne centralne banke"", ""Nizka poseljenost, toplo podnebje in plaže"", ""Močna borza, razvita industrija in visok izvoz""]",0,,,,,,
course_213_l_evasion_fiscale_des_multinationales,course_213_l_evasion_fiscale_des_multinationales_q1,mcq,Kaj pomeni kratica GAFAM?,"GAFAM med najbogatejša podjetja na svetu imenuje Google, Apple, Facebook (Meta), Amazon in Microsoft.","[""Google, Apple, Facebook (Meta), Amazon, Microsoft"", ""Google, Alibaba, Facebook, Amazon, Microsoft"", ""Google, Apple, Ford, Amazon, Motorola"", ""Globalno zavezništvo za sodobno gospodarstvo""]",0,,,,,,
course_213_l_evasion_fiscale_des_multinationales,course_213_l_evasion_fiscale_des_multinationales_q2,mcq,"Na kakšnem pojmu je temeljil mednarodni davčni sistem, oblikovan v začetku 20. stoletja za industrijsko gospodarstvo?","Podjetje je moralo imeti tovarne ali pisarne v državi, stalno poslovno enoto, da je bilo tam obdavčeno: sistem, zasnovan za industrijsko gospodarstvo, ne za digitalno gospodarstvo.","[""Prisotnost stalne poslovne enote v državi"", ""Skupno število zaposlenih po vsem svetu"", ""Državljanstvo ustanovitelja podjetja"", ""Skupni svetovni promet""]",0,,,,,,
course_213_l_evasion_fiscale_des_multinationales,course_213_l_evasion_fiscale_des_multinationales_q3,numericSlider,Koliko milijard dolarjev dobička je Microsoft leta 2014 prek pravic intelektualne lastnine prenesel v Portoriko?,"Leta 2014 je Microsoft v Portoriko preusmeril 39 milijard dolarjev dobička in s tem prihranil več kot 6,5 milijarde dolarjev davkov.",,,,39.0,0.0,100.0,8.0,milijarde $
course_213_l_evasion_fiscale_des_multinationales,course_213_l_evasion_fiscale_des_multinationales_q4,percentageSlider,Koliko svetovnih davkov od dohodkov pravnih oseb se po podatkih OECD vsako leto izgubi zaradi izogibanja davkom multinacionalk?,"Po podatkih OECD te prakse stanejo med 100 in 240 milijardami dolarjev na leto ali 4 do 10 odstotkov vseh davkov od dohodkov pravnih oseb, pobranih po vsem svetu.",,,,7.0,0.0,100.0,4.0,%
course_213_l_evasion_fiscale_des_multinationales,course_213_l_evasion_fiscale_des_multinationales_q5,numericSlider,Katerega leta je mednarodni sporazum določil najnižji svetovni davek v višini 15 % za multinacionalke?,Leta 2021 je pod okriljem OECD in G20 zgodovinski sporazum določil globalni najnižji davek v višini 15 %.,,,,2021.0,2000.0,2024.0,2.0,
course_213_l_evasion_fiscale_des_multinationales,course_213_l_evasion_fiscale_des_multinationales_q6,mcq,"Kakšna je uradna stopnja davka od dohodkov pravnih oseb na Irskem, ki je postala evropsko središče davčne optimizacije?","Irska je s svojo uradno davčno stopnjo 12,5 % in skrivnimi sporazumi, imenovanimi davčna stališča, postala evropsko središče davčne optimizacije.","[""12,5%"", ""25%"", ""5%"", ""33%""]",0,,,,,,
course_213_l_evasion_fiscale_des_multinationales,course_213_l_evasion_fiscale_des_multinationales_q7,trueFalse,"Res ali ne: Evropska komisija je dosegla, da Irska takoj pobere 13 milijard evrov davkov, ki jih Apple ni plačal.","Irska je dolgo zavračala zbiranje teh 13 milijard evrov v strahu, da bi prestroga pravila prestrašila glavne pisarne.","[""Prav"", ""Narobe""]",1,,,,,,
course_213_l_evasion_fiscale_des_multinationales,course_213_l_evasion_fiscale_des_multinationales_q8,mcq,"Kateri prag prometa mora preseči podjetje, da nanj vpliva 15-odstotni globalni minimalni davek?","Globalni minimalni davek je namenjen podjetjem, katerih promet presega 750 milijonov evrov.","[""750 milijonov evrov"", ""10 milijonov evrov"", ""1 milijarda dolarjev"", ""100 milijonov evrov""]",0,,,,,,
course_213_l_evasion_fiscale_des_multinationales,course_213_l_evasion_fiscale_des_multinationales_q9,mcq,"Kaj morajo multinacionalke zdaj objaviti od države do države, da bi pomagale prepoznati najbolj očitna davčna neskladja?","Multinacionalke morajo zdaj od države do države objaviti lokacijo svojih zaposlenih, svoje dobičke in svoje davke.","[""Njihovi zaposleni, njihovi dobički in njihovi davki"", ""Imena vseh njihovih delničarjev"", ""Plača njihovega direktorja"", ""Njihove industrijske skrivnosti""]",0,,,,,,
course_214_la_crise_de_l_etat_providence,course_214_la_crise_de_l_etat_providence_q1,mcq,Kdo je leta 1942 objavil poročilo o ustanovitvi moderne socialne države?,"Britanski ekonomist William Beveridge je leta 1942 objavil Beveridgeovo poročilo, utemeljitelj moderne socialne države.","[""William Beveridge"", ""Otto von Bismarck"", ""John Maynard Keynes"", ""Charles de Gaulle""]",0,,,,,,
course_214_la_crise_de_l_etat_providence,course_214_la_crise_de_l_etat_providence_q2,numericSlider,Katerega leta je Francija ustanovila socialno varnost?,Francija je socialno varnost ustvarila leta 1945 s političnim kompromisom znotraj Nacionalnega sveta odpora.,,,,1945.0,1900.0,1980.0,3.0,
course_214_la_crise_de_l_etat_providence,course_214_la_crise_de_l_etat_providence_q3,trueFalse,Res ali ne: socialno državo so izumila socialistična gibanja konec 19. stoletja.,"Socialno državo je izumil konservativni nemški kancler Otto von Bismarck leta 1883, da bi pomiril delavce in se izognil revoluciji.","[""Prav"", ""Narobe""]",1,,,,,,
course_214_la_crise_de_l_etat_providence,course_214_la_crise_de_l_etat_providence_q4,mcq,Katera država je leta 1883 izumila socialno državo?,Nemški kancler Otto von Bismarck je leta 1883 izumil socialno državo s strateškim ciljem pomiriti delavce.,"[""Nemčija"", ""Združeno kraljestvo"", ""Francija"", ""Švedska""]",0,,,,,,
course_214_la_crise_de_l_etat_providence,course_214_la_crise_de_l_etat_providence_q5,numericSlider,"Koliko sredstev približno financira upokojitev enega samega upokojenca v Franciji danes, v primerjavi s 4 v šestdesetih letih?",V Franciji so v šestdesetih letih 20. stoletja obstajala 4 sredstva za financiranje upokojitve enega samega upokojenca; ta številka je danes padla na manj kot 2.,,,,2.0,0.0,6.0,0.5,sredstev
course_214_la_crise_de_l_etat_providence,course_214_la_crise_de_l_etat_providence_q6,mcq,"Kako se imenuje skandinavski model, ki omogoča enostavno odpuščanje, hkrati pa ponuja velikodušno nadomestilo za brezposelnost in močno podporo pri iskanju nove zaposlitve?","Flexicurity, ki se izvaja na Švedskem in Danskem, združuje enostavno odpuščanje za podjetja in močno socialno zaščito za zaposlene.","[""Fleksivarnost"", ""Čisti liberalizem"", ""Protekcionizem"", ""Upad""]",0,,,,,,
course_214_la_crise_de_l_etat_providence,course_214_la_crise_de_l_etat_providence_q7,percentageSlider,Koliko svojega BDP Danska porabi za socialno zaščito?,"Danska porabi približno 32 % svojega BDP za socialno zaščito, kar je ena najvišjih stopenj na svetu.",,,,32.0,0.0,100.0,5.0,%
course_214_la_crise_de_l_etat_providence,course_214_la_crise_de_l_etat_providence_q8,mcq,Do katere starosti je francoska reforma iz leta 2023 dvignila zakonsko upokojitveno starost?,Francoska reforma iz leta 2023 je zvišala zakonsko upokojitveno starost na 64 let.,"[""64 let star"", ""star 60 let"", ""67 let star"", ""62 let star""]",0,,,,,,
course_214_la_crise_de_l_etat_providence,course_214_la_crise_de_l_etat_providence_q9,mcq,"Glede na Beveridgeovo poročilo, katerih pet glavnih tveganj mora država zaščititi vsakega državljana?","Beveridgeovo poročilo želi zaščititi vsakega državljana pred petimi glavnimi tveganji: boleznijo, nevednostjo, nehigienskimi razmerami, brezdeljem in revščino.","[""Bolezni, nevednost, nehigienske razmere, brezdelje in revščina"", ""Brezposelnost, vojna, lakota, izgnanstvo in bolezni"", ""Revščina, korupcija, goljufije, kriminal in bolezni"", ""Inflacija, brezposelnost, dolgovi, vojne in lakota""]",0,,,,,,
course_215_les_inegalites_nord_sud,course_215_les_inegalites_nord_sud_q1,percentageSlider,Kolikšen delež svetovnega dohodka zajame 10 % najbogatejših na planetu?,Najbogatejših 10 % svetovnega prebivalstva ima več kot 52 % svetovnega dohodka.,,,,52.0,0.0,100.0,5.0,%
course_215_les_inegalites_nord_sud,course_215_les_inegalites_nord_sud_q2,mcq,Kakšen delež svetovnega dohodka bi moralo deliti najrevnejših 50 %?,"Najrevnejših 50 % si mora deliti le 8 % svetovnega dohodka, v primerjavi z več kot 52 % najbogatejših 10 %.","[""8%"", ""25%"", ""40%"", ""15%""]",0,,,,,,
course_215_les_inegalites_nord_sud,course_215_les_inegalites_nord_sud_q3,numericSlider,"Kakšna je povprečna pričakovana življenjska doba na Japonskem, eni od držav z najvišjo pričakovano življenjsko dobo na svetu?","Pričakovana življenjska doba je na Japonskem 83 let, v Srednjeafriški republiki pa 55 let.",,,,83.0,50.0,95.0,3.0,let
course_215_les_inegalites_nord_sud,course_215_les_inegalites_nord_sud_q4,mcq,"Kakšna logika, podedovana od kolonizacije, potiska države na jugu, da prodajajo poceni surovine, medtem ko kupujejo drage industrijske izdelke?","Pogoji trgovanja se nanašajo na dejstvo, da države na jugu prodajajo surovine, katerih cene se zelo razlikujejo, medtem ko kupujejo proizvedene izdelke, katerih cena le raste.","[""Pogoji trgovanja"", ""Protekcionizem"", ""Slonova krivulja"", ""Prosta trgovina""]",0,,,,,,
course_215_les_inegalites_nord_sud,course_215_les_inegalites_nord_sud_q5,percentageSlider,Kolikšen delež svetovnega prebivalstva je leta 1990 živel v skrajni revščini?,Skrajna revščina je leta 1990 prizadela 36 % svetovnega prebivalstva v primerjavi z manj kot 10 % pred letom 2020.,,,,36.0,0.0,100.0,5.0,%
course_215_les_inegalites_nord_sud,course_215_les_inegalites_nord_sud_q6,trueFalse,Res ali ne: upad skrajne revščine v svetu od leta 1990 je v glavnem pojasnjen z rastjo Kitajske in Indije.,"Ta napredek izvira predvsem iz meteorske rasti Kitajske in Indije, ki je privedla do izjemnega zmanjšanja absolutne revščine.","[""Prav"", ""Narobe""]",0,,,,,,
course_215_les_inegalites_nord_sud,course_215_les_inegalites_nord_sud_q7,mcq,Kaj kaže slonja krivulja ekonomista Branka Milanovića?,"Krivulja slona Branka Milanovića kaže, da so azijski srednji razredi doživeli eksplozivni dohodek, medtem ko so delavski razredi v bogatih državah stagnirali pred svetovno konkurenco.","[""Azijski srednji razred je doživel eksplozivni dohodek, medtem ko je delavski razred v bogatih državah stagniral"", ""Vse države na svetu postajajo bogatejše z enako hitrostjo"", ""Revne države postajajo bogatejše hitreje kot bogate države"", ""Neenakosti so od leta 1990 popolnoma izginile""]",0,,,,,,
course_215_les_inegalites_nord_sud,course_215_les_inegalites_nord_sud_q8,mcq,Zakaj so po tečaju države na jugu posebej občutljive na podnebne spremembe?,"Države na jugu, zgodovinsko najmanj odgovorne za izpuste toplogrednih plinov, pa so kljub temu najbolj izpostavljene sušam, poplavam in naraščajočim vodostajem.","[""Ti so zgodovinsko najmanj odgovorni za emisije, a najbolj izpostavljeni podnebnim katastrofam"", ""Izpustijo največ toplogrednih plinov na svetu"", ""Ne proizvajajo nobenih kmetijskih virov"", ""Zaščitene so s trdnejšimi nasipi kot severne države""]",0,,,,,,
course_215_les_inegalites_nord_sud,course_215_les_inegalites_nord_sud_q9,mcq,"Američan v eni uri dela zasluži toliko, kolikor zasluži prebivalec Nigra v...",Prebivalec ZDA v povprečju v eni uri dela zasluži toliko kot prebivalec Nigra v celem dnevu.,"[""Cel dan dela"", ""Teden dela"", ""Mesec dela"", ""Leto dela""]",0,,,,,,
course_216_la_dette_mondiale,course_216_la_dette_mondiale_q1,numericSlider,"Kolikšen odstotek svetovnega BDP danes presega svetovni dolg (držav, podjetij in gospodinjstev skupaj)?","Globalni dolg danes presega 300 % svetovnega BDP, kar je absolutni rekord v gospodarski zgodovini.",,,,300.0,100.0,500.0,30.0,% BDP
course_216_la_dette_mondiale,course_216_la_dette_mondiale_q2,numericSlider,Kolikšen je japonski javni dolg kot odstotek BDP?,Japonski dolg je blizu 260 % njenega BDP.,,,,260.0,100.0,400.0,20.0,% BDP
course_216_la_dette_mondiale,course_216_la_dette_mondiale_q3,mcq,Zakaj japonski dolg kljub zelo visoki ravni ne skrbi finančnih trgov?,"Večino dolga Japonske imajo lastne banke in varčevalci, zaščiteni pred tujimi trgi.","[""Je v lasti japonskih bank in samih varčevalcev."", ""V celoti je izposojen v dolarjih"", ""Preklical ga je IMF"", ""Japonska nikoli ne odplača svojih obresti""]",0,,,,,,
course_216_la_dette_mondiale,course_216_la_dette_mondiale_q4,numericSlider,Katerega leta je Združeno kraljestvo končalo z odplačilom dolgov iz časov Napoleonovih vojn in finančnega balona leta 1720?,Združeno kraljestvo je šele leta 2015 končalo odplačilo dolgov iz napoleonskih vojn in finančnega balona leta 1720.,,,,2015.0,1950.0,2024.0,5.0,
course_216_la_dette_mondiale,course_216_la_dette_mondiale_q5,mcq,Od česa je glede na ceno predvsem odvisna nevarnost javnega dolga?,"Resnična nevarnost dolga ni odvisna le od njegove višine, ampak tudi od valute, v kateri je izposojen.","[""Valuta, v kateri je izposojen"", ""Število različnih upnikov"", ""Barva zastave države izposojevalke"", ""Natančen datum nastanka""]",0,,,,,,
course_216_la_dette_mondiale,course_216_la_dette_mondiale_q6,mcq,"Kaj tvega država v razvoju, ki se zadolžuje v dolarjih, če njena valuta izgubi vrednost?","Če nacionalna valuta države v razvoju izgubi vrednost v primerjavi z dolarjem, znesek, ki ga je treba vrniti, čez noč eksplodira.","[""Znesek, ki ga je treba vrniti, eksplodira čez noč"", ""Njegov dolg se samodejno izbriše"", ""MDS podvoji svoje financiranje brez pogojev"", ""Nič, znesek za povračilo ostaja fiksen""]",0,,,,,,
course_216_la_dette_mondiale,course_216_la_dette_mondiale_q7,mcq,Katera organizacija pogosto posreduje v dolžniških krizah v državah v razvoju in običajno uvede strogo varčevalno politiko?,"IMF pogosto posreduje v teh krizah, vendar na splošno uvede stroge varčevalne politike, ki močno obremenjujejo prebivalstvo.","[""IMF"", ""STO"", ""Samo Svetovna banka"", ""OECD""]",0,,,,,,
course_216_la_dette_mondiale,course_216_la_dette_mondiale_q8,trueFalse,"Res ali ne: v skladu s sodobno monetarno teorijo lahko država, ki se zadolži v lastni valuti, bankrotira kot vsako podjetje.","Sodobna denarna teorija pravi, da država ne more propasti, dokler se zadolžuje v lastni valuti; realna meja je stopnja inflacije in ne poljubno število.","[""Prav"", ""Narobe""]",1,,,,,,
course_216_la_dette_mondiale,course_216_la_dette_mondiale_q9,mcq,Kakšen prag javnega dolga v Evropi določa Maastrichtska pogodba?,"Maastrichtska pogodba uvaja prag 60 % BDP v Evropi, ki ga zagovorniki sodobne monetarne teorije smatrajo za samovoljno.","[""60 % BDP"", ""100 % BDP"", ""30 % BDP"", ""Praga ni""]",0,,,,,,
course_217_l_economie_de_plateforme_uber_airbnb,course_217_l_economie_de_plateforme_uber_airbnb_q1,mcq,"Kaj bistveno razlikuje digitalno platformo, kot je Uber, od tradicionalnega podjetja?","Platforma postane preprosta digitalna infrastruktura, ki povezuje ponudbo in povpraševanje, ne da bi sama karkoli proizvedla.","[""Nima v lasti nobenih tovarn, nobenih vozil, nobenih zaposlenih"", ""Prodaja samo fizične izdelke"", ""Zaposluje več ljudi kot tradicionalno podjetje"", ""Deluje samo v eni državi""]",0,,,,,,
course_217_l_economie_de_plateforme_uber_airbnb,course_217_l_economie_de_plateforme_uber_airbnb_q2,mcq,"Kateri mehanizem pojasnjuje, da več uporabnikov kot ima platforma, več novih pritegne?","Učinek omrežja pomeni, da več uporabnikov kot ima platforma, bolj uporabna postane, kar pritegne še več uporabnikov, kar skoraj vedno vodi v skoraj monopolne situacije.","[""Mrežni učinek"", ""Slonova krivulja"", ""Pogoji trgovanja"", ""Fleksivarnost""]",0,,,,,,
course_217_l_economie_de_plateforme_uber_airbnb,course_217_l_economie_de_plateforme_uber_airbnb_q3,mcq,Zakaj je Uber vložil milijarde dolarjev v raziskave samovozečih avtomobilov?,"Uber je porabil milijarde dolarjev za raziskovanje samovozečih avtomobilov, s čimer se je končno želel znebiti svojega zadnjega velikega stroška: človeškega voznika.","[""Sčasoma se je znebil človeškega voznika, njegov zadnji veliki strošek"", ""Zmanjšajte onesnaževanje mest"", ""Ustvarite storitev dostave paketov"", ""Pridobite licenco za taksi""]",0,,,,,,
course_217_l_economie_de_plateforme_uber_airbnb,course_217_l_economie_de_plateforme_uber_airbnb_q4,mcq,"Kakšen pravni status zahteva večina platform za svoje voznike in dostavljavce, da se izognejo plačilu socialnih prispevkov in minimalne plače?","V gig ekonomiji platforma zavrača status delodajalca in svoje voznike in dostavljavce predstavlja kot neodvisne, s čimer se izogne plačilu socialnih prispevkov, minimalne plače ali plačanega dopusta.","[""Neodvisni status"", ""Status javnega uslužbenca"", ""Status vajenca"", ""Status prostovoljca""]",0,,,,,,
course_217_l_economie_de_plateforme_uber_airbnb,course_217_l_economie_de_plateforme_uber_airbnb_q5,trueFalse,Res ali ne: sodišča v več državah so začela prekvalificirati pogodbe voznikov in dostavnih delavcev v prava plačana dela.,"Soočena z algoritemsko podrejenostjo, ki jo trpijo neodvisni delavci, so sodišča začela uveljavljati prerazvrstitev teh pogodb v prava plačana dela.","[""Prav"", ""Narobe""]",0,,,,,,
course_217_l_economie_de_plateforme_uber_airbnb,course_217_l_economie_de_plateforme_uber_airbnb_q6,mcq,"Kakšen učinek ima kratkoročni turistični najem prek Airbnbja na mesta, kot sta Pariz ali Barcelona?","Airbnb tekmuje s hoteli, hkrati pa zmanjšuje število stanovanj, ki so na voljo prebivalcem, kar povečuje najemnine v mestnih središčih.","[""Povišanje najemnin in upad razpoložljivih stanovanj za stanovalce"", ""Splošni padec cen nepremičnin"", ""Popolno izginotje turizma"", ""Brez merljivega učinka""]",0,,,,,,
course_217_l_economie_de_plateforme_uber_airbnb,course_217_l_economie_de_plateforme_uber_airbnb_q7,percentageSlider,Koliko je po strogih predpisih leta 2023 upadlo število zakonitih vnosov na Airbnb v New Yorku?,"V New Yorku je stroga ureditev proti Airbnbju leta 2023 povzročila, da se je število zakonitih oglasov v nekaj mesecih zmanjšalo za 80 %.",,,,80.0,0.0,100.0,10.0,%
course_217_l_economie_de_plateforme_uber_airbnb,course_217_l_economie_de_plateforme_uber_airbnb_q8,mcq,"Kako imenujemo situacijo, ko za neodvisnega delavca kljub temu še vedno veljajo pravila, ki jih nalaga prijava (stopnje, ocena, sankcije)?","Delavec sam nosi tveganja, vendar pogosto ostane podvržen pravilom aplikacije: to stanje imenujemo algoritemska podrejenost.","[""Algoritemska podrejenost"", ""Mrežni učinek"", ""Fleksivarnost"", ""Digitalna obdavčitev""]",0,,,,,,
course_217_l_economie_de_plateforme_uber_airbnb,course_217_l_economie_de_plateforme_uber_airbnb_q9,mcq,"Kaj nekateri regulatorji predlagajo za izboljšanje zaščite delavcev na platformi, ne da bi porušili model?","Trenutna razprava se nanaša na vmesni status med zaposlenim in neodvisnim, s prenosljivostjo pravic, ne glede na število platform, za katere dela.","[""Vmesni status s prenosljivostjo socialnih pravic"", ""Zaprtje vseh digitalnih platform"", ""Obvezna vrnitev v tradicionalno zaposlitev za vse samozaposlene"", ""Odprava vseh predpisov""]",0,,,,,,
course_218_le_role_des_donnees_le_petrole_du_xxie_s,course_218_le_role_des_donnees_le_petrole_du_xxie_s_q1,mcq,Kaj bistveno razlikuje podatke o nafti glede na ceno?,"V nasprotju z nafto, virom, ki ga zmanjka, se podatki nikoli ne porabijo: lahko jih je neskončno kopirati in postanejo bolj dragoceni, ko se združijo z drugimi informacijami.","[""Nikoli jih ne zmanjka in pridobijo vrednost v kombinaciji z drugimi informacijami."", ""Težje jih je pridobiti kot olje"", ""Podjetjem ne prinašajo dobička"", ""Regulirani so dlje kot nafta""]",0,,,,,,
course_218_le_role_des_donnees_le_petrole_du_xxie_s,course_218_le_role_des_donnees_le_petrole_du_xxie_s_q2,mcq,"Kako raziskovalka Shoshana Zuboff imenuje sistem, ki ljudi spremeni v surovine, prodane najboljšemu ponudniku?","Shoshana Zuboff ta sistem imenuje »nadzorni kapitalizem«, kjer ljudje niso več samo stranke, ampak surovina sistema, ki prodaja napovedi tistemu, ki ponudi najvišjo ceno.","[""Nadzorni kapitalizem"", ""Digitalni kapitalizem"", ""Ekonomija platforme"", ""Digitalna suverenost""]",0,,,,,,
course_218_le_role_des_donnees_le_petrole_du_xxie_s,course_218_le_role_des_donnees_le_petrole_du_xxie_s_q3,mcq,"Kateri mehanizem pojasnjuje, zakaj je digitalnim velikanom skoraj nemogoče tekmovati?","Podatkovna ekonomija deluje v dobrem krogu: več kot ima podjetje podatkov, boljša je njegova storitev, kar pritegne več uporabnikov, ki ustvarijo še več podatkov.","[""Učinkovit krog: več podatkov izboljša storitev, ki pritegne več uporabnikov in s tem več podatkov"", ""Zakon, ki jim prepoveduje vsako konkurenco"", ""Popolno pomanjkanje državne regulacije"", ""Dejstvo, da ne prodajajo nobenih plačljivih storitev""]",0,,,,,,
course_218_le_role_des_donnees_le_petrole_du_xxie_s,course_218_le_role_des_donnees_le_petrole_du_xxie_s_q4,mcq,"Kaj je kitajski ekvivalent ameriškemu GAFAM, ki je naveden v tečaju?","GAFAM v Združenih državah ima svoj ekvivalent na Kitajskem z BATX, temi velikani, ki svojo prednost pri podatkih uporabljajo za širitev na številna področja.","[""BATX"", ""BRIKS"", ""GAFAM Azija"", ""FAANG-ji""]",0,,,,,,
course_218_le_role_des_donnees_le_petrole_du_xxie_s,course_218_le_role_des_donnees_le_petrole_du_xxie_s_q5,numericSlider,Kdaj je Evropska unija uvedla GDPR?,"Evropska unija je leta 2018 uvedla GDPR, uredbo, ki državljanom teoretično vrača moč nad njihovimi osebnimi podatki.",,,,2018.0,2000.0,2024.0,2.0,
course_218_le_role_des_donnees_le_petrole_du_xxie_s,course_218_le_role_des_donnees_le_petrole_du_xxie_s_q6,percentageSlider,Do kolikšnega odstotka svetovnega prometa podjetja lahko GDPR naloži globo?,"GDPR lahko naloži globe v višini do 4 % svetovnega prometa podjetja, ki ne spoštuje.",,,,4.0,0.0,100.0,3.0,%
course_218_le_role_des_donnees_le_petrole_du_xxie_s,course_218_le_role_des_donnees_le_petrole_du_xxie_s_q7,numericSlider,"Pred zahtevo GDPR po jasnosti, koliko delovnih dni bi navadna oseba potrebovala, da v enem letu prebere vse pogoje storitve, s katerimi se strinja?","Pred GDPR bi povprečna oseba v enem letu potrebovala približno 76 delovnih dni, da bi prebrala vse pogoje storitve za digitalne storitve, ki jih uporablja.",,,,76.0,0.0,200.0,15.0,dni
course_218_le_role_des_donnees_le_petrole_du_xxie_s,course_218_le_role_des_donnees_le_petrole_du_xxie_s_q8,trueFalse,Res ali ne: GDPR velja samo za podjetja s sedežem v Evropi.,"GDPR velja za vsako podjetje, ki obdeluje podatke evropskih državljanov, ne glede na to, kje je njegov sedež: prav zaradi te ekstrateritorialnosti je Evropa postala globalni regulator.","[""Prav"", ""Narobe""]",1,,,,,,
course_218_le_role_des_donnees_le_petrole_du_xxie_s,course_218_le_role_des_donnees_le_petrole_du_xxie_s_q9,mcq,"Kako imenujemo tveganje, da je država odvisna od tujih tehnologij za zaščito podatkov svojih državljanov?","Države, ki ne morejo zaščititi podatkov svojih državljanov, tvegajo napad na svojo digitalno suverenost.","[""Napad na digitalno suverenost"", ""Filtrirni mehurček"", ""Mrežni učinek"", ""Davčna optimizacija""]",0,,,,,,
course_219_la_fracture_numerique_mondiale,course_219_la_fracture_numerique_mondiale_q1,numericSlider,Približno koliko milijard ljudi po vsem svetu še nima dostopa do interneta?,"2,7 milijarde ljudi ali približno tretjina človeštva še vedno nima dostopa do interneta.",,,,2.7,0.0,8.0,0.5,milijard
course_219_la_fracture_numerique_mondiale,course_219_la_fracture_numerique_mondiale_q2,percentageSlider,Kolikšen delež prebivalstva v podsaharski Afriki je povezan z internetom v primerjavi z več kot 90 % v Evropi in Severni Ameriki?,Podsaharska Afrika ima le 37 % internetne povezave v primerjavi z več kot 90 % v Evropi in Severni Ameriki.,,,,37.0,0.0,100.0,5.0,%
course_219_la_fracture_numerique_mondiale,course_219_la_fracture_numerique_mondiale_q3,mcq,"Kateri jezik še vedno v veliki meri prevladuje nad vsebino, ki je na voljo na spletu, in ovira dostop do interneta mnogim neangleško govorečim?","Približno 70 % spletnih vsebin je v angleškem jeziku, kar predstavlja dodatno oviro za številne uporabnike interneta.","[""angleščina"", ""Mandarin"", ""španščina"", ""francosko""]",0,,,,,,
course_219_la_fracture_numerique_mondiale,course_219_la_fracture_numerique_mondiale_q4,mcq,"Zakaj je Kenija leta 2007 množično sprejela SMS plačilni sistem, imenovan M-Pesa?","Zaradi pomanjkanja dovolj bančnih poslovalnic je Kenija leta 2007 množično sprejela M-Pesa, plačilni sistem s preprostimi SMS-i, in tako za deset let prehitela Evropo.","[""Pomanjkanje zadostnega števila bančnih poslovalnic"", ""Tekmovati z ameriškimi bankami"", ""Po naročilu britanske vlade"", ""Za zamenjavo lastne nacionalne valute""]",0,,,,,,
course_219_la_fracture_numerique_mondiale,course_219_la_fracture_numerique_mondiale_q5,numericSlider,Koliko let pred Evropo je Kenija sprejela široko mobilno plačevanje zahvaljujoč M-Pesa?,Kenija je M-Pesa sprejela leta 2007 in na tem področju za deset let prehitela Evropo.,,,,10.0,0.0,30.0,3.0,let
course_219_la_fracture_numerique_mondiale,course_219_la_fracture_numerique_mondiale_q6,mcq,Kako je Kenija poimenovala svojo strategijo prehoda naravnost na sodobno tehnologijo brez namestitve drage in zastarele infrastrukture?,"Kenija je to strategijo poimenovala tehnološki preskok, ki neposredno prehaja na sodobnejšo in cenejšo rešitev.","[""Tehnološka \""skakalnica\"""", ""Tiha revolucija"", ""Velik digitalni preskok"", ""Povratni zlom""]",0,,,,,,
course_219_la_fracture_numerique_mondiale,course_219_la_fracture_numerique_mondiale_q7,mcq,"Kateri nizkoorbitalni satelitski projekt obljublja povezavo najbolj izoliranih vasi, ne da bi bilo treba polagati kable?","Projekt Starlink pošilja na tisoče satelitov v nizko orbito, kar omogoča hitro povezavo tudi v puščavah ali visokih gorah.","[""Starlink"", ""M-Pesa"", ""GDPR"", ""Montrealski protokol""]",0,,,,,,
course_219_la_fracture_numerique_mondiale,course_219_la_fracture_numerique_mondiale_q8,trueFalse,"Res ali ne: stroški naročnin na satelitski internet, kot je Starlink, ostajajo usklajeni z zahodnimi standardi, kar otežuje dostop za najrevnejše podeželsko prebivalstvo.","Stroški naročnine in strojne opreme Starlink ostajajo usklajeni z zahodnimi standardi, zaradi česar so te rešitve nedostopne najrevnejšemu podeželskemu prebivalstvu brez zunanje pomoči.","[""Prav"", ""Narobe""]",0,,,,,,
course_219_la_fracture_numerique_mondiale,course_219_la_fracture_numerique_mondiale_q9,mcq,Kakšno tveganje predstavlja hiter porast umetne inteligence za digitalni razkorak glede na tečaj?,"Umetna inteligenca zahteva ogromno računalniško in podatkovno moč, skoncentrirano v rokah nekaj držav in podjetij, kar grozi s poglobitvijo digitalnega razkoraka.","[""Lahko bi se poslabšalo, saj koncentrira sredstva med nekaj državami in podjetji"", ""Samodejno ga bo zmanjšal zahvaljujoč samodejnemu prevajanju"", ""Nima povezave z globalno povezljivostjo"", ""Zaradi tega je internet brezplačen za vse""]",0,,,,,,
course_21_rosa_parks_et_montgomery_1955,course_21_rosa_parks_et_montgomery_1955_q1,mcq,"Kaj je storila Rosa Parks 1. decembra 1955 v Montgomeryju, kar je sprožilo bojkot avtobusov?","Rosa Parks noče vstati, da bi prepustila svoj sedež belemu potniku, kar privede do njene aretacije in nato do bojkota avtobusov.","[""Noče prepustiti svojega sedeža belemu potniku na avtobusu"", ""Organizira demonstracije pred kapitolom Alabame"", ""Vloži pritožbo zoper delodajalca"", ""Noče plačati avtobusne vozovnice""]",0,,,,,,
course_21_rosa_parks_et_montgomery_1955,course_21_rosa_parks_et_montgomery_1955_q2,mcq,Kateri zakoni so takrat uvedli rasno ločitev na ameriškem jugu?,"Zakoni Jima Crowa so uveljavljali rasno ločevanje v šolah, bolnišnicah, fontanah in prevozu na Jugu.","[""Zakoni Jima Crowa"", ""Zakon o državljanskih pravicah"", ""Zakoni rekonstrukcije"", ""Zakon o volilni pravici""]",0,,,,,,
course_21_rosa_parks_et_montgomery_1955,course_21_rosa_parks_et_montgomery_1955_q3,trueFalse,"Res ali ne: Rosa Parks je prva oseba, ki ni hotela odstopiti svojega sedeža na avtobusu v Montgomeryju.","Devet mesecev prej je srednješolka Claudette Colvin, 15, že zavrnila svoje mesto, vendar je aktivisti niso predlagali.","[""Prav"", ""Narobe""]",1,,,,,,
course_21_rosa_parks_et_montgomery_1955,course_21_rosa_parks_et_montgomery_1955_q4,mcq,Zakaj aktivisti za javni obraz gibanja izberejo Roso Parks namesto Claudette Colvin?,"Aktivistka NAACP, ki je bila usposobljena za nenasilni odpor, je Rosa Parks veljala za bolj ugledno kot Colvin, takrat noseča in samska, da je boj približala javnosti.","[""Njena umirjenost in ugled kot izurjena aktivistka jo naredita idealno osebnost za javno mnenje."", ""Je edina, ki je bila aretirana"", ""Je predsednica NAACP"", ""Ona je mlajša od obeh""]",0,,,,,,
course_21_rosa_parks_et_montgomery_1955,course_21_rosa_parks_et_montgomery_1955_q5,mcq,"Kdo vodi Montgomery Improvement Association, da organizira bojkot?","Martin Luther King Jr., mlad 26-letni pastor, je prevzel krmilo Montgomery Improvement Association in postal obraz gibanja.","[""Martin Luther King ml., župnik 26 let"", ""Rosa Parks sama"", ""Voznik avtobusa James Blake"", ""Zvezni sodnik iz Alabame""]",0,,,,,,
course_21_rosa_parks_et_montgomery_1955,course_21_rosa_parks_et_montgomery_1955_q6,numericSlider,Koliko dni traja bojkot avtobusa v Montgomeryju?,"Bojkot je trajal 381 dni, od 5. decembra 1955 do 21. decembra 1956.",,,,381.0,100.0,600.0,20.0,dni
course_21_rosa_parks_et_montgomery_1955,course_21_rosa_parks_et_montgomery_1955_q7,percentageSlider,Kolikšen delež voznikov avtobusov v Montgomeryju je temnopoltih?,"Temnopolti predstavljajo približno 75 % voznikov avtobusov, kar pojasnjuje ogromen gospodarski vpliv bojkota.",,,,75.0,0.0,100.0,10.0,%
course_21_rosa_parks_et_montgomery_1955,course_21_rosa_parks_et_montgomery_1955_q8,mcq,Katera odločitev pravno ukinja segregacijo na avtobusih Alabame?,"13. novembra 1956 je vrhovno sodišče potrdilo, da je ločevanje avtobusov v Alabami protiustavno.","[""Odločba vrhovnega sodišča z dne 13. novembra 1956"", ""Izvršni ukaz predsednika Eisenhowerja"", ""Glasovanje ameriškega kongresa"", ""Dogovor med Kingom in avtobusnim podjetjem""]",0,,,,,,
course_21_rosa_parks_et_montgomery_1955,course_21_rosa_parks_et_montgomery_1955_q9,chronological,Postavite te dogodke bojkota Montgomeryja v kronološki vrstni red.,Od aretacije Rosa Parks do konca bojkota je od decembra 1955 do decembra 1956 minilo 381 dni.,,,"[""Aretacija Rosa Parks"", ""Začetek bojkota avtobusov"", ""Odločitev vrhovnega sodišča proti ločevanju avtobusov"", ""Uradni konec bojkota""]",,,,,
course_220_la_desinformation_et_les_fake_news,course_220_la_desinformation_et_les_fake_news_q1,numericSlider,"Glede na študijo MIT iz leta 2018, kolikokrat hitreje se širijo lažne informacije kot preverjene informacije na Twitterju?","Študija MIT, objavljena leta 2018, je pokazala, da se lažne informacije širijo približno 6-krat hitreje kot preverjene informacije na Twitterju.",,,,6.0,0.0,20.0,1.0,krat
course_220_la_desinformation_et_les_fake_news,course_220_la_desinformation_et_les_fake_news_q2,mcq,"Kako se imenuje mehanizem, s katerim so algoritmi družbenih medijev zasnovani za maksimiranje časa pred zaslonom?","Ekonomija pozornosti se nanaša na dejstvo, da so algoritmi družbenih medijev zasnovani tako, da čim bolj povečajo čas pred zaslonom, pri čemer se osredotočajo na čustva in šok in ne na odtenke.","[""Ekonomija pozornosti"", ""Slonova krivulja"", ""Mrežni učinek"", ""Algoritemska podrejenost""]",0,,,,,,
course_220_la_desinformation_et_les_fake_news,course_220_la_desinformation_et_les_fake_news_q3,mcq,Kaj je filtrirni mehurček?,"Oblaček filtra zaklene internetne uporabnike v prostor, kjer jim algoritmi prikažejo le vsebino, ki potrjuje njihova že zastavljena mnenja, kar oteži kakršen koli popravek.","[""Prostor, kjer algoritmi prikazujejo samo vsebino, ki potrjuje že obstoječa mnenja"", ""Orodje za preverjanje dejstev, ki ga uporabljajo novinarji"", ""Tehnika šifriranja osebnih podatkov"", ""Socialno omrežje, specializirano za preverjanje dejstev""]",0,,,,,,
course_220_la_desinformation_et_les_fake_news,course_220_la_desinformation_et_les_fake_news_q4,mcq,"S kakšnim namenom je ruska agencija za internetne raziskave ustvarila na tisoče lažnih računov, da bi spodbudila napetosti v zahodnih demokracijah?","Agencija za internetne raziskave ni skušala braniti določene strani: cilj je bil pogosto ustvariti kaos in prepričati ljudi, da ""vsi lažejo"".","[""Ustvariti kaos in prepričati ljudi, da \""vsi lažejo\"""", ""Branite en sam politični tabor"", ""Prodajajte ciljane oglase podjetjem"", ""Promocija ruskega turizma v tujini""]",0,,,,,,
course_220_la_desinformation_et_les_fake_news,course_220_la_desinformation_et_les_fake_news_q5,mcq,Zakaj so mladi podjetniki v mestu Veles v Severni Makedoniji leta 2016 ustvarili strani z lažnimi novicami?,"V Velesu so mladi podjetniki ustvarili senzacionalistične strani brez kakršnih koli političnih prepričanj, le da bi zaslužili z ustvarjenim prometom.","[""Izključno za zaslužek s prometom, ustvarjenim na družbenih medijih"", ""Podpreti makedonsko politično stranko"", ""Po ukazu tuje vlade"", ""Javno obsoditi dezinformacije""]",0,,,,,,
course_220_la_desinformation_et_les_fake_news,course_220_la_desinformation_et_les_fake_news_q6,mcq,Kakšna novinarska disciplina se je razvila za preverjanje dejstev ob poplavi dezinformacij?,"Preverjanje dejstev, preverjanje dejstev, je postalo samostojna novinarska disciplina, ki jo izvajajo zlasti agencije, kot je AFP.","[""Preverjanje dejstev"", ""Podatkovno rudarjenje"", ""Lobiranje"", ""Viralno trženje""]",0,,,,,,
course_220_la_desinformation_et_les_fake_news,course_220_la_desinformation_et_les_fake_news_q7,trueFalse,"Resnično ali neresnično: globoke ponaredke so videoposnetki, ki jih je obdelala umetna inteligenca, zaradi katerih je vedno težje razlikovati med resničnimi in lažnimi.","Globoke ponaredke omogočajo, da človek karkoli pove z motečim realizmom, zaradi česar je neizkušenemu očesu težko razlikovati med resničnim in lažnim.","[""Prav"", ""Narobe""]",0,,,,,,
course_220_la_desinformation_et_les_fake_news,course_220_la_desinformation_et_les_fake_news_q8,mcq,"Kako imenujemo sedanjo dobo, kjer objektivna dejstva včasih tehtajo manj kot čustva in osebna prepričanja?","Zdaj govorimo o dobi post-resnice, kjer objektivna dejstva včasih tehtajo manj kot čustva in osebna prepričanja.","[""Obdobje post-resnice"", ""Doba popolne informacije"", ""Obdobje preverjanja dejstev"", ""Postdigitalna doba""]",0,,,,,,
course_220_la_desinformation_et_les_fake_news,course_220_la_desinformation_et_les_fake_news_q9,mcq,Kaj je glede na tečaj najmočnejši odgovor na dezinformacije?,"Najtrdnejši odgovor ostaja medijska vzgoja: učenje preverjanja vira, navzkrižno sklicevanje na več informacij in razumevanje delovanja algoritmov.","[""Medijska vzgoja"", ""Popolna prepoved družbenih medijev"", ""Sistematična vladna cenzura"", ""Popolna opustitev interneta""]",0,,,,,,
course_221_le_trou_de_la_couche_d_ozone_et_sa_gueri,course_221_le_trou_de_la_couche_d_ozone_et_sa_gueri_q1,mcq,"V kateri plasti ozračja se nahaja ozonski plašč, med 15 in 35 km nadmorske višine?","Ozonski plašč se nahaja med 15 in 35 kilometri nad morsko gladino, v stratosferi, kjer absorbira največ UV-B.","[""Stratosfera"", ""Troposfera"", ""Mezosfera"", ""Ionosfera""]",0,,,,,,
course_221_le_trou_de_la_couche_d_ozone_et_sa_gueri,course_221_le_trou_de_la_couche_d_ozone_et_sa_gueri_q2,mcq,"Kateri plini, izumljeni v tridesetih letih prejšnjega stoletja in uporabljeni v hladilnikih in aerosolih, so odgovorni za uničenje ozonske plasti?","Klorofluoroogljikovodiki (CFC), izumljeni v tridesetih letih prejšnjega stoletja, sproščajo klor pod vplivom sonca, ko se dvignejo v stratosfero, in uničujejo ozon.","[""Klorofluoroogljikovodiki (CFC)"", ""Ogljikov dioksid"", ""Metan"", ""Ozon sam""]",0,,,,,,
course_221_le_trou_de_la_couche_d_ozone_et_sa_gueri,course_221_le_trou_de_la_couche_d_ozone_et_sa_gueri_q3,numericSlider,Katerega leta sta Mario Molina in Frank Sherwood Rowland opozorila na povezavo med CFC-ji in uničevanjem ozona?,"Leta 1974 sta kemika Mario Molina in Frank Sherwood Rowland opozorila, da CFC sproščajo klor, ki uničuje ozon; leta 1995 bodo prejeli Nobelovo nagrado.",,,,1974.0,1930.0,2000.0,3.0,
course_221_le_trou_de_la_couche_d_ozone_et_sa_gueri,course_221_le_trou_de_la_couche_d_ozone_et_sa_gueri_q4,mcq,Zakaj Nasini sateliti niso opazili ozonske luknje pred britanskim raziskovanjem Antarktike leta 1985?,"Nasini sateliti so že imeli te podatke, vendar jih je njihova programska oprema zavrnila kot preveč ekstremne, da bi bili resnični.","[""Njihova programska oprema je podatke zavrnila kot preveč ekstremne, da bi bili resnični"", ""NASA še ni imela satelitov v orbiti"", ""Podatke je ameriška vlada označila za tajne"", ""Antarktika je bila satelitom nedostopna""]",0,,,,,,
course_221_le_trou_de_la_couche_d_ozone_et_sa_gueri,course_221_le_trou_de_la_couche_d_ozone_et_sa_gueri_q5,numericSlider,Koliko držav je podpisalo Montrealski protokol na začetku leta 1987?,"Montrealski protokol je imel sprva le 24 držav; danes združuje 197, vse članice Združenih narodov.",,,,24.0,0.0,100.0,5.0,država
course_221_le_trou_de_la_couche_d_ozone_et_sa_gueri,course_221_le_trou_de_la_couche_d_ozone_et_sa_gueri_q6,trueFalse,"Res ali ne: Montrealski protokol je edina pogodba v zgodovini Združenih narodov, ki so jo ratificirale vse države sveta brez izjeme.","Montrealski protokol je edina pogodba v zgodovini Združenih narodov, ki so jo ratificirale vse države na svetu brez izjeme.","[""Prav"", ""Narobe""]",0,,,,,,
course_221_le_trou_de_la_couche_d_ozone_et_sa_gueri,course_221_le_trou_de_la_couche_d_ozone_et_sa_gueri_q7,mcq,Zakaj je glede na tečaj zmanjšanje emisij CO₂ veliko težje kot prepoved CFC-jev?,"Ozonska luknja je nastala zaradi majhnega števila plinov, ki jih je proizvedlo majhno število tovarn, ki jih je enostavno ciljati, medtem ko CO₂ prihaja iz skoraj vsega, kar počne naša sodobna družba.","[""CO₂ prihaja iz skoraj vseh sodobnih gospodarskih dejavnosti, medtem ko CFC izvira iz majhnega števila tovarn"", ""CO₂ ne vpliva na podnebje"", ""Nobene mednarodne podnebne pogodbe ni"", ""CO₂ je lažje zaznati s satelitom kot CFC""]",0,,,,,,
course_221_le_trou_de_la_couche_d_ozone_et_sa_gueri,course_221_le_trou_de_la_couche_d_ozone_et_sa_gueri_q8,numericSlider,Približno koliko stopinj Celzija dodatnega segrevanja bi CFC-ji lahko dodali Zemlji do leta 2050 brez Montrealskega protokola?,Brez te pogodbe bi lahko CFC do leta 2050 zaradi učinka tople grede na Zemljo dodali približno 1 °C dodatnega segrevanja.,,,,1.0,0.0,5.0,0.5,°C
course_221_le_trou_de_la_couche_d_ozone_et_sa_gueri,course_221_le_trou_de_la_couche_d_ozone_et_sa_gueri_q9,chronological,Postavite te korake v zgodbo o ozonski luknji v kronološkem vrstnem redu.,"Te štiri faze zaznamujejo zgodovino ozonske luknje: znanstveni alarm leta 1974, potrditev luknje leta 1985, podpis pogodbe leta 1987, nato merljiv začetek okrevanja od leta 2000.",,,"[""Znanstveno opozorilo Moline in Rowlanda"", ""Potrditev luknje s strani British Antarctic Survey"", ""Podpis Montrealskega protokola"", ""Merljiv začetek zdravljenja ozonske plasti""]",,,,,
course_221_le_trou_de_la_couche_d_ozone_et_sa_gueri,course_221_le_trou_de_la_couche_d_ozone_et_sa_gueri_q10,numericSlider,"Do katerega leta naj bi se ozonski plašč vrnil na stanje iz leta 1980, če se bo pogodba še naprej spoštovala?","Če se bo pogodba še naprej spoštovala, bi se moral ozonski plašč okoli leta 2065-2070 vrniti v stanje iz leta 1980.",,,,2065.0,2020.0,2100.0,10.0,
course_222_la_crise_de_la_biodiversite,course_222_la_crise_de_la_biodiversite_q1,mcq,"Kdo vsako leto objavi Indeks živega planeta, ki meri stanje živalskih populacij po svetu?","WWF vsako leto objavi Indeks živega planeta, katerega poročilo za leto 2022 je razkrilo 69-odstotni padec populacije živali od leta 1970.","[""WWF"", ""ZN"", ""IPCC"", ""IPBES""]",0,,,,,,
course_222_la_crise_de_la_biodiversite,course_222_la_crise_de_la_biodiversite_q2,percentageSlider,Koliko so se populacije divjih živali v povprečju zmanjšale med letoma 1970 in 2018 glede na indeks živega planeta?,Med letoma 1970 in 2018 se je populacija prostoživečih živali po vsem svetu v povprečju zmanjšala za 69 %.,,,,69.0,0.0,100.0,5.0,%
course_222_la_crise_de_la_biodiversite,course_222_la_crise_de_la_biodiversite_q3,mcq,Kaj je po mnenju znanstvenikov najbolj uničujoč vzrok izgube biotske raznovrstnosti?,"Sprememba rabe zemljišč je prvi in najbolj uničujoč od petih vzrokov, ki so jih ugotovili znanstveniki, saj reže naravne habitate na drobce, ki so preveč izolirani, da bi preživeli.","[""Sprememba rabe zemljišč (krčenje gozdov, urbanizacija, intenzivno kmetijstvo)"", ""Prekomerno izkoriščanje vrst (prelov, lov)"", ""Onesnaževanje s pesticidi in plastiko"", ""Prihod invazivnih vrst""]",0,,,,,,
course_222_la_crise_de_la_biodiversite,course_222_la_crise_de_la_biodiversite_q4,trueFalse,"Res ali ne: 94-odstotni upad živalskih populacij, opažen v Latinski Ameriki, pomeni, da je tam izginilo 94 odstotkov vrst.","Ta upad meri velikost populacij in ne število izumrlih vrst: vrste preživijo, vendar v zelo majhnem številu, zaradi česar so krhke pred popolnim izumrtjem.","[""Prav"", ""Narobe""]",1,,,,,,
course_222_la_crise_de_la_biodiversite,course_222_la_crise_de_la_biodiversite_q5,percentageSlider,"Koliko svetovnih pridelkov hrane je odvisnih od žuželk opraševalcev, ki jih je treba oploditi?",Približno 75 % svetovnih živilskih pridelkov je za opraševanje odvisno od žuželk.,,,,75.0,0.0,100.0,5.0,%
course_222_la_crise_de_la_biodiversite,course_222_la_crise_de_la_biodiversite_q6,mcq,Kakšen cilj so si zadale države sveta na COP15 v Montrealu leta 2022?,Na COP15 v Montrealu leta 2022 so si države zastavile cilj zaščititi 30 % kopnega in morja do leta 2030.,"[""Zaščitite 30 % kopnega in morja do leta 2030"", ""Odpravite vse pesticide do leta 2030"", ""Do leta 2050 pogozdujemo polovico planeta"", ""Prepoved industrijskega ribolova do leta 2030""]",0,,,,,,
course_222_la_crise_de_la_biodiversite,course_222_la_crise_de_la_biodiversite_q7,mcq,"Kako imenujemo pragove, kjer ekosistem nenadoma in skoraj nepovratno propade, kot se amazonski gozd spremeni v savano?","Ekološke prelomne točke se nanašajo na tiste pragove, kjer ekosistem propade nenadoma in na način, ki ga je skoraj nemogoče obrniti.","[""Ekološke prelomnice"", ""Planetarne meje"", ""Indeks živega planeta"", ""Ekološka odpornost""]",0,,,,,,
course_222_la_crise_de_la_biodiversite,course_222_la_crise_de_la_biodiversite_q8,mcq,Približno koliko živalskim in rastlinskim vrstam trenutno grozi izumrtje po podatkih IPBES?,"Po podatkih IPBES zdaj približno milijonu živalskih in rastlinskih vrst grozi izumrtje, včasih v prihodnjih desetletjih.","[""Približno milijon"", ""Približno sto tisoč"", ""Približno deset milijonov"", ""Okoli deset tisoč""]",0,,,,,,
course_222_la_crise_de_la_biodiversite,course_222_la_crise_de_la_biodiversite_q9,mcq,Na kaj nas opozarja poročilo Dasgupta Review o odnosu med gospodarstvom in naravo?,"Poročilo Dasgupta Review nas opominja, da je naše gospodarstvo odvisno od narave, ne obratno, medtem ko so storitve, ki jih zagotavlja (opraševanje, regulacija vode, rodovitna tla), pogosto nevidne, ker so brezplačne.","[""Naše gospodarstvo je odvisno od narave in ne obratno"", ""Narava nima merljive ekonomske vrednosti"", ""BDP že pravilno odraža naravno bogastvo"", ""Biotska raznovrstnost nima vpliva na kmetijstvo""]",0,,,,,,
course_223_l_economie_circulaire,course_223_l_economie_circulaire_q1,mcq,"Kakšen je prednostni vrstni red zank krožnega gospodarstva, od najbolj do najmanj zaželenih?","Krožno gospodarstvo vedno daje prednost najkrajši zanki: ekološko oblikovanje, nato ponovna uporaba, nato popravilo in recikliranje kot zadnja možnost.","[""Ekološko oblikovanje, ponovna uporaba, popravilo, recikliranje"", ""Recikliranje, popravilo, ponovna uporaba, ekološko oblikovanje"", ""Ponovna uporaba, recikliranje, ekološko oblikovanje, popravilo"", ""Popravilo, recikliranje, ponovna uporaba, ekološko oblikovanje""]",0,,,,,,
course_223_l_economie_circulaire,course_223_l_economie_circulaire_q2,percentageSlider,"Kolikšen odstotek vse plastike, ki jo je kadarkoli proizvedlo človeštvo, je bil dejansko recikliran?","Le 9 % vse proizvedene plastike je bilo recikliranega; ostalo konča v naravi ali na odlagališču, kjer lahko ostane 450 let.",,,,9.0,0.0,100.0,5.0,%
course_223_l_economie_circulaire,course_223_l_economie_circulaire_q3,numericSlider,"Koliko let lahko zdrži plastika, odvržena na odlagališče, preden se popolnoma razgradi?","Plastika na odlagališčih lahko ostane do 450 let, preden se popolnoma razgradi.",,,,450.0,50.0,1000.0,100.0,let
course_223_l_economie_circulaire,course_223_l_economie_circulaire_q4,mcq,"Kako se imenuje tradicionalni gospodarski model, ki ga skuša nadomestiti krožno gospodarstvo?","Linearni model, ki je sestavljen iz pridobivanja virov, izdelave izdelkov in njihovega nato zavrženja, je model, ki ga skuša preseči krožno gospodarstvo.","[""Linearni model (izvleček, izdelava, zavrženje)"", ""Sodelovalni model"", ""Model padca"", ""Model načrtnega zastaranja""]",0,,,,,,
course_223_l_economie_circulaire,course_223_l_economie_circulaire_q5,trueFalse,Res ali ne: Recikliranje aluminija porabi več energije kot pridobivanje aluminija iz surove rude.,"To je napačno: recikliranje aluminija porabi 95 % manj energije kot pridobivanje aluminija iz boksita, surove rude.","[""Prav"", ""Narobe""]",1,,,,,,
course_223_l_economie_circulaire,course_223_l_economie_circulaire_q6,mcq,"Kaj omogoča »pravica do popravila«, ki jo je Evropska unija uveljavila leta 2020?",Pravica do popravila od proizvajalcev elektronskih naprav zahteva večletno zagotavljanje rezervnih delov.,"[""Proizvajalce obvežite k dobavi rezervnih delov več let"", ""Prepovedati prodajo vseh izdelkov, ki jih ni mogoče popraviti"", ""Ponudite brezplačno doživljenjsko popravilo za vsako napravo"", ""Odstranite davke na rezervne dele""]",0,,,,,,
course_223_l_economie_circulaire,course_223_l_economie_circulaire_q7,mcq,Kaj podaljšana odgovornost proizvajalca (EPR) nalaga proizvajalcem?,"Razširjena odgovornost proizvajalca pomeni, da proizvajalci plačajo za ravnanje z odpadki svojih izdelkov, kar jih spodbuja k oblikovanju objektov, ki manj onesnažujejo okolje.","[""Plačati ravnanje z odpadki lastnih izdelkov"", ""Brezplačno vzemite nazaj vse konkurenčne izdelke"", ""Financiranje raziskav novih energij"", ""Vsako leto jim znižajo prodajne cene za 10 %""]",0,,,,,,
course_223_l_economie_circulaire,course_223_l_economie_circulaire_q8,mcq,"Kateri je prvi korak v pravilu 3R (reduce, reuse, recycle), ki najbolj vpliva na podnebje?","Zmanjševanje, torej vprašanje, ali je nakup res nujen, je prvi korak pravila 3R in tisti, ki najbolj vpliva na podnebje.","[""Zmanjšajte, pri čemer se vprašajte, ali je nakup res nujen"", ""Vsak predmet sistematično reciklirajte"", ""Ponovna uporaba predmeta čim dlje"", ""Popravite predmet, preden ga zavržete""]",0,,,,,,
course_224_pourquoi_les_abeilles_sont_elles_vitales,course_224_pourquoi_les_abeilles_sont_elles_vitales_q1,percentageSlider,"Koliko svetovnih živilskih pridelkov je vsaj malo odvisnih od opraševalcev, kot so čebele?","Približno 75 % svetovnih živilskih pridelkov je vsaj nekoliko odvisnih od opraševalcev, kot so čebele, vključno s kavo, kakavom in mandlji.",,,,75.0,0.0,100.0,5.0,%
course_224_pourquoi_les_abeilles_sont_elles_vitales,course_224_pourquoi_les_abeilles_sont_elles_vitales_q2,mcq,Kaj je opraševanje?,"Opraševanje je prenos cvetnega prahu, moških celic enega cveta, v ženski organ drugega cveta iste vrste.","[""Prenos cvetnega prahu iz enega cveta v ženski organ drugega cveta iste vrste"", ""Pridelava medu s strani čebel"", ""Gradnja panja s kolonijo"", ""Razmnoževanje čebel med seboj""]",0,,,,,,
course_224_pourquoi_les_abeilles_sont_elles_vitales,course_224_pourquoi_les_abeilles_sont_elles_vitales_q3,percentageSlider,Kolikšen odstotek svojih družin so nekateri čebelarji izgubili vsako zimo od leta 1990?,"Od devetdesetih let prejšnjega stoletja so nekateri čebelarji vsako zimo izgubili od 30 do 50 % svojih družin, medtem ko naj bi naravna izguba znašala okoli 10 %.",,,,40.0,0.0,100.0,10.0,%
course_224_pourquoi_les_abeilles_sont_elles_vitales,course_224_pourquoi_les_abeilles_sont_elles_vitales_q4,trueFalse,Res ali ne: naravna izguba čebeljih družin naj bi vsako zimo običajno znašala približno 50 %.,"Naravna izguba bi morala biti približno 10 % na zimo; izgube od 30 do 50 %, opažene od devetdesetih let prejšnjega stoletja, so nenormalne in zaskrbljujoče.","[""Prav"", ""Narobe""]",1,,,,,,
course_224_pourquoi_les_abeilles_sont_elles_vitales,course_224_pourquoi_les_abeilles_sont_elles_vitales_q5,mcq,Katera družina pesticidov je še posebej odgovorna za propad čebel?,"Neonikotinoidi prežemajo celotno rastlino, vključno z njenim nektarjem in cvetnim prahom, dezorientirajo čebele in oslabijo njihov imunski sistem.","[""Neonikotinoidi"", ""Herbicidi"", ""Fungicidi"", ""Dušikova gnojila""]",0,,,,,,
course_224_pourquoi_les_abeilles_sont_elles_vitales,course_224_pourquoi_les_abeilles_sont_elles_vitales_q6,mcq,Približno koliko vrst čebel je na svetu poleg medonosne čebele?,"Domača čebela je le ena izmed več kot 20.000 vrst na svetu, vključno s čmrlji in osmijo.","[""Več kot 20.000"", ""Približno 500"", ""Približno 2000"", ""Okrog 100.000""]",0,,,,,,
course_224_pourquoi_les_abeilles_sont_elles_vitales,course_224_pourquoi_les_abeilles_sont_elles_vitales_q7,mcq,"Zakaj lahko čmrlji oprašijo nekatere rože, na primer cvetove paradižnika, ki jih medonosne čebele ne oprašijo učinkovito?","Določene rože, kot so cvetovi paradižnika, sproščajo svoj cvetni prah le pod posebnimi vibracijami; Čmrlji vedo, kako to storiti s tehniko, imenovano sonikacija, za razliko od medonosnih čebel.","[""Vedo, kako narediti cvet vibrirati s tehniko, imenovano sonikacija"", ""Letajo hitreje od medonosnih čebel"", ""Proizvajajo več cvetnega prahu"", ""Živijo dlje kot čebele""]",0,,,,,,
course_224_pourquoi_les_abeilles_sont_elles_vitales,course_224_pourquoi_les_abeilles_sont_elles_vitales_q8,mcq,Kaj je Evropska unija leta 2018 naredila za zaščito opraševalcev?,"Evropska unija je leta 2018 prepovedala tri glavne neonikotinoide na odprtih poljih, da bi zmanjšala njihov vpliv na opraševalce.","[""Prepovedal je tri glavne neonikotinoide na odprtih poljih"", ""Prepovedala je vse intenzivno kmetijstvo"", ""Mestno čebelarjenje je postalo obvezno"", ""Obdavčila je uvoz medu""]",0,,,,,,
course_225_la_montee_des_eaux,course_225_la_montee_des_eaux_q1,numericSlider,Za koliko bi se lahko do leta 2100 po najbolj pesimističnem scenariju oceani največ dvignili?,Po najbolj pesimističnih scenarijih bi se lahko oceani do leta 2100 dvignili za do en meter oziroma 100 centimetrov.,,,,100.0,0.0,300.0,30.0,cm
course_225_la_montee_des_eaux,course_225_la_montee_des_eaux_q2,mcq,Katera dva fizična mehanizma sta odgovorna za dvig morske gladine?,"Gladina morja se dvigne iz dveh razlogov: toplotnega širjenja vode, ki se segreje, in taljenja ledu na suhem, kot je na Grenlandiji ali Antarktiki.","[""Toplotno širjenje vode in taljenje kopenskega ledu"", ""Taljenje arktičnega morskega ledu in plimovanje"", ""Izhlapevanje in padavine"", ""Tektonika plošč in oceanski tokovi""]",0,,,,,,
course_225_la_montee_des_eaux,course_225_la_montee_des_eaux_q3,trueFalse,"Res ali ne: taljenje arktičnega morskega ledu, ki že plava na vodi, povzroča dvig morske gladine.","Arktični led že plava na vodi: njegovo taljenje ne povzroči dviga morske gladine, za razliko od taljenja ledu na suhem, na primer na Grenlandiji.","[""Prav"", ""Narobe""]",1,,,,,,
course_225_la_montee_des_eaux,course_225_la_montee_des_eaux_q4,percentageSlider,"Kolikšen del odvečne toplote, ki nastane zaradi človeške dejavnosti od leta 1970, so absorbirali oceani?","Oceani so od leta 1970 absorbirali več kot 90 % odvečne toplote, ki nastane zaradi človekove dejavnosti, zaradi česar se njihova prostornina povečuje.",,,,90.0,0.0,100.0,5.0,%
course_225_la_montee_des_eaux,course_225_la_montee_des_eaux_q5,numericSlider,"Kakšna je trenutna stopnja dviga morske gladine, v milimetrih na leto?","Hitrost dviga morja je danes okoli 3,6 mm na leto v primerjavi z 1,4 mm na leto v 20. stoletju, kar je več kot 150-odstotni pospešek.",,,,3.6,0.0,10.0,1.0,mm/leto
course_225_la_montee_des_eaux,course_225_la_montee_des_eaux_q6,mcq,"Kaj lahko povzroči dvig morske gladine za 50 centimetrov, odvisno od tečaja?","Dvig za 50 centimetrov je lahko dovolj, da se pričakovana katastrofa, ki se zgodi enkrat v stoletju, spremeni v skoraj vsakoletni dogodek.","[""Spreminjanje 100-letne poplave v skoraj vsakoletni dogodek"", ""Zmanjšajte pogostost neviht"", ""Stabilizirajte morske tokove"", ""Zmanjšajte slanost oceanov""]",0,,,,,,
course_225_la_montee_des_eaux,course_225_la_montee_des_eaux_q7,mcq,"V Bangladešu, kjer živi 170 milijonov ljudi, koliko ozemlja bi lahko izgubili z dvigom morske gladine za en meter?",V Bangladešu bi dvig morske gladine za en meter lahko povzročil izgubo 17 % ozemlja.,"[""17%"", ""50%"", ""5%"", ""80%""]",0,,,,,,
course_225_la_montee_des_eaux,course_225_la_montee_des_eaux_q8,mcq,Zakaj Džakarto še posebej ogrožajo narasle vode?,"Džakarta združuje naraščajočo gladino vode in posedanje tal zaradi prekomernega črpanja podtalnice, kar je dvojna grožnja, ki je Indonezijo prisilila k izgradnji nove prestolnice Nusantara.","[""Mesto se poleg dviga morja pogreza v zemljo zaradi prekomernega črpanja podtalnice"", ""Od ustanovitve je bil v celoti zgrajen pod morsko gladino"", ""Nima zaščitnega nasipa."", ""Nahaja se na aktivni seizmični prelomnici""]",0,,,,,,
course_225_la_montee_des_eaux,course_225_la_montee_des_eaux_q9,trueFalse,"Res ali ne: leta 2009 je maldivska vlada organizirala podvodno sejo vlade, da bi svet opozorila na dvig morske gladine.","Leta 2009 je maldivska vlada dejansko imela sestanek kabineta pod vodo, v potapljaških oblekah, pred veliko podnebno konferenco.","[""Prav"", ""Narobe""]",0,,,,,,
course_226_l_ia_et_l_emploi,course_226_l_ia_et_l_emploi_q1,mcq,Kdo so bili Luditi na začetku 19. stoletja?,"Luditi so bili britanski tekstilni delavci, ki so med letoma 1811 in 1816 uničili električne statve, ki so ogrožale njihovo obrt.","[""Britanske tekstilne delavke, ki so uničile električne statve"", ""Izumitelji parnega stroja"", ""Ekonomisti, ki branijo prosti trg"", ""Sindikati francoskih rudarjev""]",0,,,,,,
course_226_l_ia_et_l_emploi,course_226_l_ia_et_l_emploi_q2,percentageSlider,Na kolikšen odstotek aktivnega prebivalstva je po prehodu iz kmetijstva v industrijo padel delež kmetov v primerjavi s 40 % stoletje prej?,"Prehod iz kmetijstva v industrijo je v enem stoletju zmanjšal delež kmetov s 40 % na 2 % aktivnega prebivalstva, ne da bi povzročil trajno brezposelnost.",,,,2.0,0.0,100.0,5.0,%
course_226_l_ia_et_l_emploi,course_226_l_ia_et_l_emploi_q3,mcq,Kako generativna umetna inteligenca zaznamuje pravi prelom od tradicionalnega računalništva?,"Generativna umetna inteligenca pomeni resnično spremembo, saj ne sledi več le vnaprej določenim pravilom: ustvarja izvirno vsebino, za razliko od tradicionalnega računalništva.","[""Ustvarja izvirno vsebino, namesto da le sledi vnaprej določenim pravilom"", ""Deluje le pri fizičnih opravilih"", ""Nadomešča le ponavljajoče se naloge vnosa podatkov"", ""Deluje lahko samo brez povezave""]",0,,,,,,
course_226_l_ia_et_l_emploi,course_226_l_ia_et_l_emploi_q4,mcq,Kateri poklici so po zadnjih poročilih med najbolj izpostavljenimi generativni AI?,"Pravniki, uredniki in finančni analitiki so med najbolj izpostavljenimi poklici, saj generativna umetna inteligenca prizadene predvsem bele ovratnike, katerih glavno delovno orodje je analiza.","[""Odvetniki, uredniki in finančni analitiki"", ""Vodovodarji, električarji in zidarji"", ""Kmetje in ribiči"", ""Kirurgi in medicinske sestre""]",0,,,,,,
course_226_l_ia_et_l_emploi,course_226_l_ia_et_l_emploi_q5,mcq,"Kateri nov poklic se je pojavil z razširjanjem generativne umetne inteligence, ki sestoji iz oblikovanja natančnih navodil za doseganje najboljših rezultatov?","Hitri inženir je nov poklic, ki sestoji iz znanja, kako oblikovati natančna navodila za doseganje najboljšega iz umetne inteligence.","[""Hitri inženir"", ""Podatkovni znanstvenik"", ""Vodja skupnosti"", ""Spletni razvijalec""]",0,,,,,,
course_226_l_ia_et_l_emploi,course_226_l_ia_et_l_emploi_q6,trueFalse,Res ali ne: Prejšnje industrijske revolucije so na splošno potekale veliko počasneje kot sedanja revolucija umetne inteligence.,"Prejšnje industrijske revolucije so trajale desetletja in so imele čas za prilagajanje, medtem ko se revolucija AI zgodi v nekaj letih.","[""Prav"", ""Narobe""]",0,,,,,,
course_226_l_ia_et_l_emploi,course_226_l_ia_et_l_emploi_q7,mcq,"Katera ideja se vse bolj uveljavlja v razpravi o prerazporeditvi bogastva, ustvarjenega z avtomatizacijo?","Zamisel o univerzalnem temeljnem dohodku se vse bolj uveljavlja, ne kot utopija, ampak kot prava varnostna mreža pred avtomatizacijo.","[""Univerzalni temeljni dohodek"", ""Popolna odprava davka na delo"", ""Zakonska prepoved umetne inteligence"", ""Obvezna vrnitev k ročnemu delu""]",0,,,,,,
course_226_l_ia_et_l_emploi,course_226_l_ia_et_l_emploi_q8,mcq,Kakšen bolj optimističen pogled na AI je predstavljen v tečaju?,"Bolj optimističen pogled vidi AI kot pomočnika in ne kot nadomestek, saj avtomatizira manj zanimive naloge in strokovnjakom pusti več časa za človeški ali strateški vidik njihovega dela.","[""Pomočnik, ki avtomatizira ponavljajoče se naloge in daje ljudem več časa za strateški vidik"", ""Orodje, ki služi samo zabavi"", ""Tehnologija, rezervirana samo za velika podjetja"", ""Sistem, ki popolnoma nadomesti vsak poklic brez izjeme""]",0,,,,,,
course_227_le_populisme_pourquoi_ca_monte_partout,course_227_le_populisme_pourquoi_ca_monte_partout_q1,mcq,Kaj je po mnenju politologa Jan-Wernerja Müllerja osrednja ideja populizma?,"Po Jan-Wernerju Müllerju je osrednja ideja populizma monizem: obstaja samo eno »pravo ljudstvo«, katerega edini predstavnik bi bil populistični voditelj.","[""Obstajali bi le eni »pravi ljudje«, katerih edini predstavnik bi bil populistični voditelj."", ""Populizem je predvsem protekcionistični ekonomski program"", ""Populizem zavrača kakršno koli obliko predstavniške demokracije"", ""Populizem je opredeljen izključno z nasprotovanjem priseljevanju""]",0,,,,,,
course_227_le_populisme_pourquoi_ca_monte_partout,course_227_le_populisme_pourquoi_ca_monte_partout_q2,mcq,Kako populistični diskurz deli družbo?,"Populistični diskurz deli družbo na dva tabora: »čisto ljudstvo«, nosilce pristnih vrednot, in »pokvarjeno elito«, ki ji očitajo izdajo splošnega interesa.","[""Med »čistimi ljudmi«, ki nosijo pristne vrednote, in »pokvarjeno elito«"", ""Med mladimi in starimi"", ""Samo med mesti in podeželjem"", ""Med vernimi in nevernimi""]",0,,,,,,
course_227_le_populisme_pourquoi_ca_monte_partout,course_227_le_populisme_pourquoi_ca_monte_partout_q3,mcq,"Katera je bila prva velika moderna populistična stranka, ki se je pojavila v ZDA leta 1892?","Ljudska stranka, ustanovljena leta 1892 v ZDA, velja za prvo veliko moderno populistično stranko; Zlasti je pozval k nacionalizaciji železnic.","[""Ljudska stranka"", ""Republikanska stranka"", ""Demokratska stranka"", ""Ameriška socialistična stranka""]",0,,,,,,
course_227_le_populisme_pourquoi_ca_monte_partout,course_227_le_populisme_pourquoi_ca_monte_partout_q4,mcq,Kaj je o prihodkih med letoma 1988 in 2008 pokazal raziskovalec Branko Milanović?,"Branko Milanović je pokazal, da so med letoma 1988 in 2008 azijskemu srednjemu razredu in najbogatejšim na svetu dohodki rasli, medtem ko je zahodni srednji razred stagniral, kar je spodbudilo občutek degradacije.","[""Azijskemu srednjemu razredu in najbogatejšim so se dohodki povečali, medtem ko je zahodni srednji razred stagniral"", ""Vsi družbeni razredi na svetu so doživeli enako povečanje dohodka"", ""Dohodek se je povečal le v revnih državah"", ""Zahodni srednji razred je doživel največji porast dohodka na svetu""]",0,,,,,,
course_227_le_populisme_pourquoi_ca_monte_partout,course_227_le_populisme_pourquoi_ca_monte_partout_q5,trueFalse,Res ali ne: migracijska kriza leta 2015 je prispevala h krepitvi občutka negotovosti identitete v Evropi.,Pospeševanje družbenih sprememb in migracijska kriza leta 2015 sta med številnimi evropskimi volivci ustvarili identitetno negotovost.,"[""Prav"", ""Narobe""]",0,,,,,,
course_227_le_populisme_pourquoi_ca_monte_partout,course_227_le_populisme_pourquoi_ca_monte_partout_q6,mcq,"Kakšno vrsto demokracije je zgradil Viktor Orbán na Madžarskem, kjer rezultati volitev upravičujejo naraščajočo koncentracijo moči?","Viktor Orbán je zgradil neliberalno demokracijo na Madžarskem, kjer rezultati volitev upravičujejo vse večjo koncentracijo moči v njegovih rokah.","[""Neliberalna demokracija"", ""Participativna demokracija"", ""Neposredna demokracija"", ""Zvezna demokracija""]",0,,,,,,
course_227_le_populisme_pourquoi_ca_monte_partout,course_227_le_populisme_pourquoi_ca_monte_partout_q7,mcq,"Kakšno strategijo je Marine Le Pen zasledovala v Franciji, da bi razširila svoje volilno telo?","Marine Le Pen je sledila strategiji demonizacije, da bi razširila svoje volilno telo, hkrati pa ohranila diskurz, osredotočen na nacionalne preference.","[""Demonizacija"", ""Decentralizacija"", ""Deindustrializacija"", ""Deradikalizacija""]",0,,,,,,
course_227_le_populisme_pourquoi_ca_monte_partout,course_227_le_populisme_pourquoi_ca_monte_partout_q8,mcq,"Kaj populistični voditelj, ko pride na oblast, pogosto počne, da ohrani svojo uporniško podobo?","Da bi ohranil svojo uporniško podobo, ko je na oblasti, populistični voditelj pogosto imenuje nove sovražnike, kot so sodniki ali javni uslužbenci, obtoženi, da blokirajo njegovo voljo.","[""Označuje nove sovražnike, kot so sodniki ali državni uslužbenci"", ""Odstopi, da bi naredil mesto za naslednika"", ""Takoj organizira nove volitve"", ""Opušča svoj govor proti eliti""]",0,,,,,,
course_227_le_populisme_pourquoi_ca_monte_partout,course_227_le_populisme_pourquoi_ca_monte_partout_q9,chronological,"Te dogodke, povezane z vzponom populizma, postavite v kronološki vrstni red.","Trije simbolični mejniki: rojstvo prve moderne populistične stranke leta 1892, evropska migracijska kriza leta 2015, nato napad na Kapitol leta 2021 po izpodbijanju volilnega izida.",,,"[""Ustanovitev Ljudske stranke v ZDA"", ""Migracijska kriza v Evropi"", ""Napad na Kapitol v Washingtonu""]",,,,,
course_228_la_sante_mentale_comme_enjeu_de_societe,course_228_la_sante_mentale_comme_enjeu_de_societe_q1,percentageSlider,Koliko svetovnih bolezni je povezanih z duševnim zdravjem?,Duševno zdravje predstavlja približno 20 % bolezni po vsem svetu.,,,,20.0,0.0,100.0,5.0,%
course_228_la_sante_mentale_comme_enjeu_de_societe,course_228_la_sante_mentale_comme_enjeu_de_societe_q2,percentageSlider,Kolikšen delež svetovnega zdravstvenega proračuna je namenjen duševnemu zdravju?,Kljub 20-odstotnemu bremenu svetovnih bolezni prejme duševno zdravje le 2 % zdravstvenih proračunov.,,,,2.0,0.0,100.0,3.0,%
course_228_la_sante_mentale_comme_enjeu_de_societe,course_228_la_sante_mentale_comme_enjeu_de_societe_q3,mcq,"Katera bolezen je danes vodilni svetovni vzrok invalidnosti, pred boleznijo srca ali sladkorno boleznijo?","Depresija je danes vodilni svetovni vzrok invalidnosti, pred boleznimi srca in sladkorno boleznijo.","[""depresija"", ""Gripa"", ""Sladkorna bolezen"", ""artritis""]",0,,,,,,
course_228_la_sante_mentale_comme_enjeu_de_societe,course_228_la_sante_mentale_comme_enjeu_de_societe_q4,numericSlider,Koliko smrti zaradi samomora vsako leto zabeležijo na svetu?,"Samomor je odgovoren za 700.000 smrti na leto po vsem svetu, kar je več kot število žrtev vojne in naravnih nesreč skupaj.",,,,700.0,0.0,2000.0,100.0,tisoč
course_228_la_sante_mentale_comme_enjeu_de_societe,course_228_la_sante_mentale_comme_enjeu_de_societe_q5,mcq,"Kaj je Svetovna zdravstvena organizacija leta 2019 prepoznala kot pojav, povezan z delom?","Svetovna zdravstvena organizacija je leta 2019 prepoznala izgorelost kot pojav, povezan z delom, ki odgovornost s posameznika prelaga na njegovo delovno okolje.","[""Izgorelost (poklicna izčrpanost)"", ""Sezonska depresija"", ""Bipolarna motnja"", ""Generalizirana anksioznost""]",0,,,,,,
course_228_la_sante_mentale_comme_enjeu_de_societe,course_228_la_sante_mentale_comme_enjeu_de_societe_q6,numericSlider,"Približno katerega leta so Združene države Amerike doživele izrazito prelomnico v porastu anksioznosti in depresije med 12-25-letniki, kar je sovpadlo s široko uporabo pametnih telefonov?","Ta prelomnica se je zgodila okrog leta 2012, kar ustreza generalizaciji pametnih telefonov in družbenih omrežij.",,,,2012.0,1990.0,2020.0,3.0,
course_228_la_sante_mentale_comme_enjeu_de_societe,course_228_la_sante_mentale_comme_enjeu_de_societe_q7,mcq,"Kaj je »socialna primerjava navzgor«, omenjena v zvezi z vplivom socialnih omrežij na mlade?","Družbena primerjava navzgor vključuje primerjanje sebe z nerealnimi življenjskimi standardi, ki jih vidimo na družbenih medijih, kar med mladimi ustvarja globok občutek neustreznosti.","[""Primerjanje z nerealnimi življenjskimi standardi, kar ustvarja občutek neustreznosti"", ""Primerjajte svojo plačo s plačo svojih kolegov"", ""Primerjajte cene med več trgovinami"", ""Primerjajte svoje akademske rezultate s tistimi iz prejšnjega leta""]",0,,,,,,
course_228_la_sante_mentale_comme_enjeu_de_societe,course_228_la_sante_mentale_comme_enjeu_de_societe_q8,numericSlider,Koliko so v milijardah dolarjev ocenjeni letni stroški izgorelosti in trpljenja pri delu v ZDA?,Letni stroški izgorelosti in trpljenja pri delu so samo v ZDA ocenjeni na 300 milijard dolarjev na leto.,,,,300.0,0.0,1000.0,50.0,milijarde dolarjev
course_228_la_sante_mentale_comme_enjeu_de_societe,course_228_la_sante_mentale_comme_enjeu_de_societe_q9,trueFalse,Res ali ne: generalizirana anksioznost prizadene približno 300 milijonov ljudi po vsem svetu.,"Generalizirana anksioznost prizadene približno 300 milijonov ljudi po vsem svetu, ena najpogostejših duševnih motenj.","[""Prav"", ""Narobe""]",0,,,,,,
course_229_l_ue_comment_ca_marche_vraiment,course_229_l_ue_comment_ca_marche_vraiment_q1,numericSlider,Koliko državljanov približno upravlja Evropska unija?,Evropska unija upravlja okoli 450 milijonov državljanov.,,,,450.0,100.0,800.0,50.0,milijonov
course_229_l_ue_comment_ca_marche_vraiment,course_229_l_ue_comment_ca_marche_vraiment_q2,mcq,"Katera institucija na vrhovih postavlja glavne politične smernice EU, ne da bi sama pisala zakone?","Evropski svet, ki ga sestavljajo voditelji držav članic, na vrhovih postavlja glavne politične usmeritve, ne da bi sam pisal zakone.","[""Evropski svet"", ""Evropski parlament"", ""Evropska komisija"", ""Sodišče EU""]",0,,,,,,
course_229_l_ue_comment_ca_marche_vraiment,course_229_l_ue_comment_ca_marche_vraiment_q3,mcq,"Katera je edina evropska institucija, ki jo državljani izvolijo neposredno?","Evropski parlament je edina neposredno izvoljena institucija, ki zagotavlja demokratično legitimnost sistema.","[""Evropski parlament"", ""Evropski svet"", ""Evropska komisija"", ""Svet EU""]",0,,,,,,
course_229_l_ue_comment_ca_marche_vraiment,course_229_l_ue_comment_ca_marche_vraiment_q4,mcq,Katera institucija je edina sposobna predlagati nov evropski zakon?,"Evropska komisija ima monopol nad zakonodajno pobudo: je edina institucija, ki lahko predlaga nov zakon.","[""Evropska komisija"", ""Evropski svet"", ""Evropski parlament"", ""Sodišče EU""]",0,,,,,,
course_229_l_ue_comment_ca_marche_vraiment,course_229_l_ue_comment_ca_marche_vraiment_q5,mcq,Kakšna je razlika med uredbo in evropsko direktivo?,"Uredba velja neposredno in enako v vseh državah, medtem ko direktiva postavlja cilj, vendar vsaki državi prepušča izbiro, kako ga bo dosegla.","[""Uredba velja neposredno in povsod enako, direktiva postavlja cilj, ki ga vsaka država dosega na svoj način."", ""Uredba se nanaša na gospodarstvo, direktiva na okolje"", ""Uredba je začasna, direktiva je trajna"", ""O uredbi glasujejo državljani, o direktivi vlade""]",0,,,,,,
course_229_l_ue_comment_ca_marche_vraiment,course_229_l_ue_comment_ca_marche_vraiment_q6,trueFalse,"Res ali ne: Evropska unija lahko deluje na vseh področjih, brez kakršnih koli omejitev s strani držav članic.","To je napačno: EU lahko deluje samo na področjih, ki so ji jih zaupale države, nekatera ji pripadajo, druga so skupna ali ostanejo nacionalna.","[""Prav"", ""Narobe""]",1,,,,,,
course_229_l_ue_comment_ca_marche_vraiment,course_229_l_ue_comment_ca_marche_vraiment_q7,mcq,Katere teme ostajajo skoraj v celoti pod nadzorom posamezne države in pogosto zahtevajo soglasje v Svetu EU?,"Občutljive teme, kot so obdavčenje, zdravje ali obramba, ostajajo skoraj v celoti pod nadzorom vsake države in pogosto zahtevajo soglasje v Svetu EU.","[""Obdavčitev, zdravje in obramba"", ""Mednarodna trgovina in enotna valuta"", ""Okolje in promet"", ""Konkurenca med podjetji""]",0,,,,,,
course_229_l_ue_comment_ca_marche_vraiment,course_229_l_ue_comment_ca_marche_vraiment_q8,numericSlider,Približno koliko agentov ima administracija Evropske unije za upravljanje celotne celine?,"Evropska uprava ima približno 60.000 agentov za upravljanje cele celine, manj kot samo mesto Pariz.",,,,60.0,0.0,300.0,20.0,tisoč
course_229_l_ue_comment_ca_marche_vraiment,course_229_l_ue_comment_ca_marche_vraiment_q9,mcq,"Kaj je načrt Next Generation EU, uveden po pandemiji leta 2020, prvič dosegel?","Države članice so se prvič dogovorile, da se bodo skupaj zadolževale na finančnih trgih z načrtom Next Generation EU, kar pomeni prelomnico k bolj enotni uniji.","[""Države članice, da se skupaj zadolžujejo na finančnih trgih"", ""Na EU je, da vzpostavi skupno vojsko"", ""Vsaka država mora svobodno zapustiti EU"", ""Komisija mora sama določiti nacionalne davke""]",0,,,,,,
course_229_l_ue_comment_ca_marche_vraiment,course_229_l_ue_comment_ca_marche_vraiment_q10,mcq,Kaj omogoča evropska državljanska pobuda?,"Evropska državljanska pobuda omogoča milijonu državljanov, da Komisijo zaprosijo za preučitev novega zakona.","[""Milijon državljanov prosi Komisijo, naj preuči nov zakon"", ""Vsak državljan mora neposredno glasovati o evropskih zakonih"", ""Da nevladne organizacije blokirajo evropski zakon"", ""Podjetja, da parlamentu predlagajo zakone""]",0,,,,,,
course_22_la_crise_des_missiles_de_cuba_1962,course_22_la_crise_des_missiles_de_cuba_1962_q1,mcq,Zakaj je ZSSR leta 1962 na Kubi skrivaj namestila jedrske rakete?,"Hruščov želi nadomestiti rakete Jupiter, ki so jih Američani namestili v Italiji in Turčiji, zelo blizu ZSSR.","[""Za ponovno vzpostavitev ravnotežja ob ameriških raketah, ki so že nameščene v Italiji in Turčiji"", ""Pomagati Kubi pri obrambi pred neizbežno invazijo ZDA"", ""Za testiranje svojih raket v tropskem podnebju"", ""Za pridobitev stalne pomorske baze na Karibih""]",0,,,,,,
course_22_la_crise_des_missiles_de_cuba_1962,course_22_la_crise_des_missiles_de_cuba_1962_q2,mcq,"Kako so Američani odkrili sovjetske rakete, nameščene na Kubi?",14. oktobra 1962 je ameriško vohunsko letalo U-2 fotografiralo sovjetske raketne rampe na kubanskem ozemlju.,"[""Zahvaljujoč fotografijam vohunskega letala U-2, 14. oktober 1962"", ""Zahvaljujoč visokemu sovjetskemu prebežniku"", ""Zahvaljujoč govoricam, ki jih je predvajal Radio Moskva"", ""Zahvaljujoč javni izjavi Fidela Castra""]",0,,,,,,
course_22_la_crise_des_missiles_de_cuba_1962,course_22_la_crise_des_missiles_de_cuba_1962_q3,mcq,Kakšno rešitev je izbral Kennedy namesto takojšnje stavke ali invazije na Kubo?,"Kennedy je izbral srednjo pot: pomorsko blokado, ki jo je poimenoval ""karantena"", da bi se izognil besedi ""blokada"", ki je v mednarodnem pravu enakovredna vojni napovedi.","[""Pomorska blokada, ki jo imenuje \""karantena\"""", ""Takojšen jedrski ultimat Moskvi"", ""Vojaško zavezništvo s Castrom"", ""Enostranski umik ameriških vojakov iz Evrope""]",0,,,,,,
course_22_la_crise_des_missiles_de_cuba_1962,course_22_la_crise_des_missiles_de_cuba_1962_q4,trueFalse,"Res ali ne: 27. oktober 1962, poimenovan »črna sobota«, je bil najmirnejši trenutek celotne krize.","Črna sobota je, nasprotno, najnevarnejši dan: U-2 je sestreljen in sovjetska podmornica je skoraj pripravljena za izstrelitev jedrskega torpeda.","[""Prav"", ""Narobe""]",1,,,,,,
course_22_la_crise_des_missiles_de_cuba_1962,course_22_la_crise_des_missiles_de_cuba_1962_q5,mcq,Kdo na krovu sovjetske podmornice B-59 noče potrditi jedrskega torpeda?,"Vasili Arkhipov, politični častnik na krovu B-59, je rekel ne, čeprav sta se dva druga častnika strinjala s strelom.","[""Vasilij Arhipov"", ""Nikita Hruščov"", ""John F. Kennedy"", ""Fidel Castro""]",0,,,,,,
course_22_la_crise_des_missiles_de_cuba_1962,course_22_la_crise_des_missiles_de_cuba_1962_q6,numericSlider,Koliko dni je oktobra 1962 trajala kubanska raketna kriza?,"Kriza je trajala 13 dni, od 14. do 28. oktobra 1962, preden je Hruščov napovedal umik raket.",,,,13.0,1.0,40.0,2.0,dni
course_22_la_crise_des_missiles_de_cuba_1962,course_22_la_crise_des_missiles_de_cuba_1962_q7,mcq,Katera tajna klavzula spremlja uradno rešitev kubanske raketne krize?,V zameno za umik sovjetskih raket s Kube so Američani na skrivaj pristali na umik lastnih raket iz Turčije.,"[""Kasnejši umik ameriških raket, nameščenih v Turčiji"", ""Uradno priznanje Castrovega režima s strani ZDA"", ""Takojšnja odprava ameriškega embarga Kubi"", ""Članstvo Kube v Natu""]",0,,,,,,
course_22_la_crise_des_missiles_de_cuba_1962,course_22_la_crise_des_missiles_de_cuba_1962_q8,mcq,"Kakšna doktrina prevladuje po krizi, po kateri nihče ne more zmagati v jedrski vojni?","Zahtevana je doktrina vzajemno zagotovljenega uničenja: ker nihče ne more zmagati v jedrski vojni, je nihče ne bi smel začeti.","[""Medsebojno zagotovljeno uničenje (MAD)"", ""Trumanova doktrina"", ""Miroljubno sobivanje Hruščova"", ""Teorija domin""]",0,,,,,,
course_22_la_crise_des_missiles_de_cuba_1962,course_22_la_crise_des_missiles_de_cuba_1962_q9,chronological,Postavite te dogodke kubanske raketne krize v kronološki vrstni red.,Od neuspeha Prašičjega zaliva leta 1961 do umika raket oktobra 1962 ti mejniki zasledujejo vzpon in nato rešitev krize.,,,"[""Neuspelo pristajanje v Prašičjem zalivu"", ""Odkritje sovjetskih raket na Kubi"", ""Kennedyjev televizijski govor o napovedi karantene"", ""Črna sobota: U-2 sestreljena in podmornica, ki bo sprožena"", ""Napoved umika sovjetskih raket""]",,,,,
course_230_la_liberte_de_la_presse_dans_le_monde,course_230_la_liberte_de_la_presse_dans_le_monde_q1,percentageSlider,"Kolikšen delež svetovnega prebivalstva po podatkih iz leta 2024 živi v državi, kjer je tisk resnično svoboden?","Po podatkih iz leta 2024 manj kot 10 % svetovnega prebivalstva živi na območju, kjer tisk neovirano deluje.",,,,10.0,0.0,100.0,3.0,%
course_230_la_liberte_de_la_presse_dans_le_monde,course_230_la_liberte_de_la_presse_dans_le_monde_q2,mcq,Katera organizacija vsako leto objavi referenčno poročilo o ovirah za novinarski poklic po svetu?,Reporterji brez meja vsako leto objavijo referenčno poročilo o ovirah za novinarski poklic po svetu.,"[""Novinarji brez meja (RSF)"", ""ZN"", ""Samo UNESCO"", ""Amnesty International""]",0,,,,,,
course_230_la_liberte_de_la_presse_dans_le_monde,course_230_la_liberte_de_la_presse_dans_le_monde_q3,numericSlider,Koliko novinarjev je leta 2023 vsaj izgubilo življenje pri opravljanju svojega poklica?,"Leta 2023 je najmanj 79 novinarjev izgubilo življenje pri opravljanju svojega poklica, pogosto tarča utišanja sramotnih preiskav.",,,,79.0,0.0,300.0,20.0,
course_230_la_liberte_de_la_presse_dans_le_monde,course_230_la_liberte_de_la_presse_dans_le_monde_q4,mcq,"Kakšno strategijo je uporabil Viktor Orbán na Madžarskem, da bi oslabil opozicijske medije, namesto da bi jih neposredno prepovedal?","Namesto da bi prepovedal opozicijske medije, je Viktor Orbán dal prednost njihovemu prevzemu s strani tistih, ki so blizu vlade, in postopoma spremenil medijsko krajino.","[""Spodbujati njihov prevzem s strani tistih, ki so blizu vlade"", ""Prekinite jim dostop do interneta"", ""Zapreti vse njihove novinarje"", ""Vsili jim sistematično predhodno cenzuro""]",0,,,,,,
course_230_la_liberte_de_la_presse_dans_le_monde,course_230_la_liberte_de_la_presse_dans_le_monde_q5,mcq,Kaj v tečaju pomeni izraz SLAPP?,"SLAPP so žaljive tožbe, ki se množijo za ustrahovanje kritičnih glasov v novinarstvu.","[""Žaljivi pravni postopki, namenjeni ustrahovanju kritičnih glasov"", ""Vrsta cenzure na družbenih omrežjih"", ""Javna subvencija za neodvisne medije"", ""Mednarodna novinarska nagrada""]",0,,,,,,
course_230_la_liberte_de_la_presse_dans_le_monde,course_230_la_liberte_de_la_presse_dans_le_monde_q6,trueFalse,"Res ali ne: zgodovinski ekonomski model tiska, ki je temeljil na prodaji posamezne številke in oglaševanju, je propadel z digitalno tehnologijo.","Zgodovinski model tiska je propadel z digitalno tehnologijo, pri čemer velike platforme zdaj zajemajo večino spletnega oglaševanja.","[""Prav"", ""Narobe""]",0,,,,,,
course_230_la_liberte_de_la_presse_dans_le_monde,course_230_la_liberte_de_la_presse_dans_le_monde_q7,mcq,"Kaj pomeni izraz ""informacijska puščava"", omenjen v tečaju?","»Informacijska puščava« označuje območje, kjer zaprtje številnih lokalnih časopisov pomeni, da ni več nikogar, ki bi spremljal delovanje lokalnih izvoljenih uradnikov.","[""Področje, kjer zaprtje lokalnih časopisov pomeni, da ni več nikogar, ki bi spremljal delovanje izvoljenih uradnikov"", ""Regija sveta brez dostopa do interneta"", ""Država, kjer je tisk popolnoma cenzuriran s strani države"", ""Podeželje brez pošte""]",0,,,,,,
course_230_la_liberte_de_la_presse_dans_le_monde,course_230_la_liberte_de_la_presse_dans_le_monde_q8,mcq,"Kateri novi ekonomski model, financiran z donacijami ali neposrednimi naročninami, je naveden kot zgled za neodvisno in dobičkonosno novinarstvo?","Mediapart v Franciji in ProPublica v ZDA dokazujeta, da je neodvisno novinarstvo, financirano z donacijami ali neposrednimi naročninami, lahko tudi donosno.","[""Mediapart v Franciji in ProPublica v ZDA"", ""Samo New York Times in Le Monde"", ""Facebook novice"", ""Javni televizijski kanali""]",0,,,,,,
course_230_la_liberte_de_la_presse_dans_le_monde,course_230_la_liberte_de_la_presse_dans_le_monde_q9,numericSlider,"Katerega leta je Johann Carolus v Strasbourgu izdal prvi tiskani časopis v zgodovini, »Relation«?","»Relation«, prvi tiskani časopis v zgodovini, je leta 1605 v Strasbourgu izdal Johann Carolus.",,,,1605.0,1500.0,1700.0,10.0,
course_231_les_migrations_climatiques,course_231_les_migrations_climatiques_q1,mcq,"Kaj je leta 2022 prvič preseglo število ljudi, ki bežijo pred vojnami?","Leta 2022 bodo podnebne katastrofe povzročile 60 milijonov notranjih razseljenih ljudi, kar bo prvič preseglo število ljudi, ki bodo bežali pred vojno.","[""Razselitve, povezane s podnebnimi katastrofami"", ""Potovanja, povezana z gospodarsko krizo"", ""Potovanja, povezana z epidemijami"", ""Razselitve, povezane z etničnimi konflikti""]",0,,,,,,
course_231_les_migrations_climatiques,course_231_les_migrations_climatiques_q2,numericSlider,"Po podatkih Svetovne banke, koliko milijonov ljudi bi lahko podnebne spremembe prisilile k selitvi do leta 2050?","Svetovna banka ocenjuje, da bi podnebne spremembe brez velikih naporov do leta 2050 prisilile 216 milijonov ljudi v migracijo.",,,,216.0,100.0,350.0,25.0,milijonov
course_231_les_migrations_climatiques,course_231_les_migrations_climatiques_q3,mcq,"Katera država je leta 2009 organizirala podvodni svet ministrov, da bi opozorila na dvig gladine?","Leta 2009 je vlada Maldivov organizirala svet ministrov pod vodo, v jeklenkah s kisikom, da bi svet opozorila na morebitno izginotje tega otočja.","[""Maldivi"", ""Kiribati"", ""Tuvalu"", ""Bangladeš""]",0,,,,,,
course_231_les_migrations_climatiques,course_231_les_migrations_climatiques_q4,mcq,"Kakšna vrsta podnebnega dogodka trajno spremeni ozemlje, na primer dvig gladine vode ali dezertifikacija?","Počasna degradacija, kot je naraščajoča gladina vode ali dezertifikacija, za vedno spremeni ozemlje, za razliko od nenadnih nesreč, ki so bolj brutalne, a pogosto začasne.","[""Počasna razgradnja"", ""Nenadna katastrofa"", ""Tropska nevihta"", ""Potres""]",0,,,,,,
course_231_les_migrations_climatiques,course_231_les_migrations_climatiques_q5,trueFalse,"Res ali ne: izraz ""podnebni begunec"" ima priznano vrednost v mednarodnem pravu.","Izraz »podnebni begunec« v mednarodnem pravu nima vrednosti: Ženevska konvencija iz leta 1951 ščiti preganjane ljudi, ne žrtev podnebnih sprememb.","[""Prav"", ""Narobe""]",1,,,,,,
course_231_les_migrations_climatiques,course_231_les_migrations_climatiques_q6,mcq,"Katero načelo prepoveduje pošiljanje osebe nazaj na kraj, kjer bi bilo njeno življenje ogroženo?","Načelo nevračanja prepoveduje pošiljanje osebe nazaj na kraj, kjer bi bilo ogroženo njeno življenje, podnebni razseljeni ljudje pa tega nimajo koristi, ker nimajo priznanega statusa.","[""Nevračanje"", ""Pravica do azila"", ""Podnebna nevtralnost"", ""Status begunca""]",0,,,,,,
course_231_les_migrations_climatiques,course_231_les_migrations_climatiques_q7,mcq,"Katera država je kupila zemljišče na Fidžiju, da bi se po potrebi pripravila na preselitev celotnega prebivalstva?","Kiribati je kupil zemljišče na Fidžiju, da bi se po potrebi pripravil na preselitev celotnega prebivalstva.","[""Kiribati"", ""Maldivi"", ""Tuvalu"", ""Vanuatu""]",0,,,,,,
course_231_les_migrations_climatiques,course_231_les_migrations_climatiques_q8,mcq,Kateri mednarodni sporazum je leta 2018 začel obravnavati okoljske vzroke za prisilne odhode?,"Leta 2018 je Globalni dogovor o migracijah začel razpravljati o okoljskih vzrokih za odhode, ne da bi ustvaril pravni status za podnebne begunce.","[""Globalni dogovor o migracijah"", ""Ženevska konvencija"", ""Pariški sporazum"", ""Kjotski protokol""]",0,,,,,,
course_232_la_blockchain_et_les_cryptomonnaies,course_232_la_blockchain_et_les_cryptomonnaies_q1,mcq,"Kaj je porazdeljena knjiga, v središču delovanja verige blokov?","Porazdeljena knjiga pomeni, da vsak na tisoče računalnikov v omrežju hrani identično kopijo vseh transakcij brez osrednjega strežnika.","[""Kopija transakcij, ki jih hrani na tisoče računalnikov"", ""Centraliziran bančni račun"", ""Geslo, ki si ga delijo uporabniki"", ""Datoteka, shranjena na enem strežniku""]",0,,,,,,
course_232_la_blockchain_et_les_cryptomonnaies,course_232_la_blockchain_et_les_cryptomonnaies_q2,mcq,"Kako se imenuje matematični izračun, ki povezuje vsak blok s prejšnjim in tvori nepotvorljivo verigo?","Vsak blok je s prejšnjim povezan z zgoščeno vrednostjo, edinstvenim digitalnim prstnim odtisom, zaradi česar je verige skoraj nemogoče ponarediti.","[""Hašiš"", ""Rudarstvo"", ""Stablecoin"", ""Pametna pogodba""]",0,,,,,,
course_232_la_blockchain_et_les_cryptomonnaies,course_232_la_blockchain_et_les_cryptomonnaies_q3,numericSlider,Katerega leta je Satoshi Nakamoto predstavil Bitcoin?,Bitcoin je leta 2009 lansirala anonimna oseba ali skupina pod imenom Satoshi Nakamoto.,,,,2009.0,1995.0,2020.0,2.0,
course_232_la_blockchain_et_les_cryptomonnaies,course_232_la_blockchain_et_les_cryptomonnaies_q4,numericSlider,"Kakšno je največje število bitcoinov, ki bi nekoč lahko obstajalo, v milijonih enot?","Ustvarjalec Bitcoina je postavil strogo omejitev 21 milijonov bitcoinov, da bi zagotovil njihovo pomanjkanje.",,,,21.0,0.0,100.0,3.0,milijonov
course_232_la_blockchain_et_les_cryptomonnaies,course_232_la_blockchain_et_les_cryptomonnaies_q5,mcq,"Katero večjo novost uvaja veriga blokov Ethereum, ki se je pojavila leta 2015?","Ethereum uvaja pametne pogodbe, programe, ki se samodejno zaženejo takoj, ko je izpolnjen pogoj.","[""Pametne pogodbe"", ""Prvi blok verige"", ""Načelo zgoščevanja"", ""Digitalna valuta centralne banke""]",0,,,,,,
course_232_la_blockchain_et_les_cryptomonnaies,course_232_la_blockchain_et_les_cryptomonnaies_q6,trueFalse,"Res ali ne: letna poraba električne energije v omrežju Bitcoin je danes primerljiva s porabo v državi, kot je Argentina.","Letna poraba električne energije v omrežju Bitcoin je danes primerljiva s porabo celotne države, kot je Argentina, kar spodbuja kritike glede vpliva na okolje.","[""Prav"", ""Narobe""]",0,,,,,,
course_232_la_blockchain_et_les_cryptomonnaies,course_232_la_blockchain_et_les_cryptomonnaies_q7,mcq,"Zakaj visoka volatilnost Bitcoina preprečuje, da bi postal vsakodnevna valuta?","Cena Bitcoina se lahko v nekaj urah spremeni za 10 do 20 %, kar je nestabilnost, ki mu trenutno preprečuje, da bi postal prava vsakodnevna valuta.","[""Njegova cena se lahko v nekaj urah spremeni za 10 do 20 %"", ""Ne sprejema ga noben trgovec"", ""Ni ga mogoče digitalno shraniti"", ""Njegova ponudba ni nikoli omejena""]",0,,,,,,
course_232_la_blockchain_et_les_cryptomonnaies,course_232_la_blockchain_et_les_cryptomonnaies_q8,mcq,Kaj je stablecoin?,"Stablecoin je kriptovaluta, katere cena se stabilizira zaradi rezerve dolarjev ali evrov in služi kot most med klasičnimi financami in kriptovalutami.","[""Kriptovaluta, katere cena je stabilizirana z rezervo dolarjev ali evrov"", ""Digitalna valuta, ki jo izda centralna banka"", ""Prvi blok verige blokov Bitcoin"", ""Samodejna pametna pogodba""]",0,,,,,,
course_232_la_blockchain_et_les_cryptomonnaies,course_232_la_blockchain_et_les_cryptomonnaies_q9,mcq,Katera država je leta 2021 kot prva na svetu sprejela Bitcoin kot zakonito plačilno sredstvo?,"Leta 2021 je Salvador postal prva država na svetu, ki je poleg ameriškega dolarja sprejela Bitcoin kot zakonito plačilno sredstvo.","[""El Salvador"", ""Venezuela"", ""Švica"", ""Malta""]",0,,,,,,
course_233_le_droit_d_asile_explique,course_233_le_droit_d_asile_explique_q1,numericSlider,Katerega leta je bila podpisana Ženevska konvencija o beguncih?,"Ženevska konvencija o beguncih je bila podpisana leta 1951, po drugi svetovni vojni.",,,,1951.0,1900.0,2000.0,3.0,
course_233_le_droit_d_asile_explique,course_233_le_droit_d_asile_explique_q2,mcq,Kakšna podlaga vam po ženevski konvenciji NE omogoča pridobitve statusa begunca?,"Opredelitev begunca izključuje žrtve naravnih nesreč ali lakote, ki ne pomenijo preganjanja v smislu konvencije.","[""Naravna katastrofa ali lakota"", ""Versko preganjanje"", ""Politično preganjanje"", ""Preganjanje, povezano z narodnostjo""]",0,,,,,,
course_233_le_droit_d_asile_explique,course_233_le_droit_d_asile_explique_q3,mcq,"Katero načelo prepoveduje pošiljanje osebe na kraj, kjer ji grozi mučenje ali smrt?","Načelo nevračanja prepoveduje vrnitev osebe na kraj, kjer bi tvegala mučenje ali smrt.","[""Nevračanje"", ""Dublinska uredba"", ""Pravica do začasnega zatočišča"", ""Globalni dogovor o migracijah""]",0,,,,,,
course_233_le_droit_d_asile_explique,course_233_le_droit_d_asile_explique_q4,percentageSlider,Kolikšen delež svetovnih beguncev sprejmejo države z nizkimi in srednjimi dohodki?,"Približno 75 % svetovnih beguncev sprejmejo države z nizkimi in srednjimi dohodki, ki se nahajajo v bližini konfliktnih območij.",,,,75.0,0.0,100.0,10.0,%
course_233_le_droit_d_asile_explique,course_233_le_droit_d_asile_explique_q5,mcq,Kakšna je razlika med beguncem in ekonomskim migrantom?,"Ekonomski migrant prostovoljno zapusti svojo državo v iskanju boljšega življenja in zanj ženevska konvencija, ki je rezervirana za preganjane, ne velja.","[""Ekonomski migrant zapusti svojo državo prostovoljno, brez dokazovanja preganjanja"", ""Begunec nikoli nima pravice do dela"", ""Ekonomski migrant ima samodejno koristi od Ženevske konvencije"", ""Med obema ni pravne razlike""]",0,,,,,,
course_233_le_droit_d_asile_explique,course_233_le_droit_d_asile_explique_q6,numericSlider,"Koliko milijonov ljudi je leta 2015 prečkalo Sredozemsko morje, da bi dosegli Evropo?","Leta 2015 je Sredozemsko morje prečkalo več kot milijon ljudi, ki so večinoma bežali pred državljansko vojno v Siriji.",,,,1.0,0.0,4.0,0.5,milijonov
course_233_le_droit_d_asile_explique,course_233_le_droit_d_asile_explique_q7,mcq,"Kakšni so očitki dublinski uredbi, ki jih je razkrila migracijska kriza leta 2015?","Dublinska uredba zahteva, da prva država prihoda obdela vsako zahtevo, kar je med krizo leta 2015 preobremenilo Grčijo in Italijo.","[""Vsako prošnjo za azil mora obravnavati prva država prihoda"", ""Nobeni evropski državi preprečuje, da bi sprejela begunce"", ""Beguncem omogoča svobodno izbiro države gostiteljice"", ""Leta 2015 je bil ukinjen""]",0,,,,,,
course_233_le_droit_d_asile_explique,course_233_le_droit_d_asile_explique_q8,trueFalse,Res ali ne: status podnebnega begunca danes priznava Ženevska konvencija.,"Status podnebnega begunca v mednarodnem pravu ne obstaja, ker ti ljudje ne morejo dokazati preganjanja v smislu konvencije iz leta 1951.","[""Prav"", ""Narobe""]",1,,,,,,
course_233_le_droit_d_asile_explique,course_233_le_droit_d_asile_explique_q9,chronological,Postavite te faze azila v kronološki vrstni red.,"Te faze segajo od leta 1951 do leta 2024: Ženevska konvencija, njena univerzalizacija s protokolom iz leta 1967, migracijska kriza leta 2015, sporazum med EU in Turčijo leta 2016, nato Evropski pakt leta 2024.",,,"[""Podpis ženevske konvencije o beguncih"", ""Protokol, zaradi katerega je konvencija univerzalna"", ""Obsežna migracijska kriza v Evropi"", ""Sporazum med Evropsko unijo in Turčijo"", ""Novi evropski pakt o migracijah""]",,,,,
course_234_la_securite_alimentaire_mondiale,course_234_la_securite_alimentaire_mondiale_q1,percentageSlider,Kolikšen delež svetovnega prebivalstva danes trpi zaradi lakote?,Okrog 800 milijonov ljudi trpi lakoto ali vsak deseti prebivalec sveta.,,,,10.0,0.0,100.0,5.0,%
course_234_la_securite_alimentaire_mondiale,course_234_la_securite_alimentaire_mondiale_q2,mcq,Svetovna lakota je po tečaju predvsem problem...,"Človeštvo proizvede dovolj hrane za vse: lakota izvira predvsem iz problema distribucije in dostopa, ne količine.","[""Distribucija in dostop do hrane"", ""Nezadostna količina proizvedene hrane"", ""Pomanjkanje kmetijskih zemljišč"", ""Pomanjkanje kmetijskih tehnologij""]",0,,,,,,
course_234_la_securite_alimentaire_mondiale,course_234_la_securite_alimentaire_mondiale_q3,mcq,"Kaj pomeni »prikrita lakota«, ki prizadene približno 2 milijardi ljudi?","""Skrita lakota"" se nanaša na pomanjkanje mikrohranil, kot so vitamini ali minerali, ki prizadene približno 2 milijardi ljudi po vsem svetu.","[""Pomanjkanje bistvenih vitaminov ali mineralov"", ""Popolno pomanjkanje kalorij"", ""Debelost, povezana s predelano hrano"", ""Odvisnost od uvoza pšenice""]",0,,,,,,
course_234_la_securite_alimentaire_mondiale,course_234_la_securite_alimentaire_mondiale_q4,trueFalse,"Res ali ne: od leta 2010 debelost in bolezni, povezane s čezmerno težo, vsako leto po svetu ubijejo več ljudi kot podhranjenost.","Od leta 2010 debelost in bolezni, povezane s prekomerno težo, vsako leto ubijejo več ljudi kot podhranjenost, kar je zgodovinska prelomnica za svetovno javno zdravje.","[""Prav"", ""Narobe""]",0,,,,,,
course_234_la_securite_alimentaire_mondiale,course_234_la_securite_alimentaire_mondiale_q5,percentageSlider,Koliko svetovne proizvodnje hrane se vsako leto izgubi ali zavrže?,"Približno tretjina svetovne proizvodnje hrane, 1,3 milijarde ton, se vsako leto izgubi ali zavrže.",,,,33.0,0.0,100.0,10.0,%
course_234_la_securite_alimentaire_mondiale,course_234_la_securite_alimentaire_mondiale_q6,percentageSlider,Kolikšen delež svetovnega izvoza pšenice predstavljata Ukrajina in Rusija skupaj?,"Ukrajina in Rusija skupaj predstavljata skoraj 30 % svetovnega izvoza pšenice, zaradi česar so številne države zelo ranljive za najmanjšo blokado.",,,,30.0,0.0,100.0,8.0,%
course_234_la_securite_alimentaire_mondiale,course_234_la_securite_alimentaire_mondiale_q7,mcq,"Kaj pomeni pojem ""moč hrane""?",Prehranska moč se nanaša na prostovoljno uporabo izvoza hrane kot sredstva diplomatskega pritiska ali celo kot sankcije proti nasprotni državi.,"[""Uporaba izvoza hrane kot sredstva diplomatskega pritiska"", ""Kmetijska tehnika, ki povečuje donos"", ""Agencija Združenih narodov za hrano"", ""Prehrana, bogata z beljakovinami""]",0,,,,,,
course_234_la_securite_alimentaire_mondiale,course_234_la_securite_alimentaire_mondiale_q8,mcq,"Kateri val kmetijskih tehnik, ki se je začel v šestdesetih letih 20. stoletja, je povečal pridelek, a povečal odvisnost od kemičnih gnojil?","Zelena revolucija v šestdesetih letih 20. stoletja je močno povečala kmetijske pridelke, vendar je kmete tudi naredila odvisne od kemičnih gnojil.","[""Zelena revolucija"", ""Agroekologija"", ""Razsoljevanje"", ""Moč hrane""]",0,,,,,,
course_235_l_eau_prochaine_source_de_conflits,course_235_l_eau_prochaine_source_de_conflits_q1,percentageSlider,"Kolikšen delež vse vode na Zemlji je tekoča, lahko dostopna sladka voda (jezera, reke, plitve podzemne vode)?","Tekoča in dostopna sladka voda predstavlja manj kot 1 % vse vode na planetu, ostalo je slana ali zamrznjena.",,,,1.0,0.0,100.0,2.0,%
course_235_l_eau_prochaine_source_de_conflits,course_235_l_eau_prochaine_source_de_conflits_q2,numericSlider,Koliko milijard ljudi bo leta 2024 vsaj en mesec na leto živelo v razmerah pomanjkanja vode?,Leta 2024 približno 4 milijarde ljudi živi vsaj en mesec na leto v razmerah pomanjkanja vode.,,,,4.0,0.0,8.0,1.0,milijard
course_235_l_eau_prochaine_source_de_conflits,course_235_l_eau_prochaine_source_de_conflits_q3,mcq,Kaj je čezmejna reka?,"Čezmejna reka prečka več držav, kar ustvarja odvisnost med državami, ki se nahajajo gorvodno in tistimi, ki se nahajajo dolvodno.","[""Reka, ki prečka več držav"", ""Povsem podzemna reka"", ""Reka, ki se uporablja samo za namakanje"", ""Reka, katere izvir je umeten""]",0,,,,,,
course_235_l_eau_prochaine_source_de_conflits,course_235_l_eau_prochaine_source_de_conflits_q4,mcq,"Zakaj jez GERD, ki ga je zgradila Etiopija, skrbi Egipt?","Egipt je odvisen od Nila za 95 % vode: vsak kubični meter, ki ga jez GERD drži gorvodno, velja za neposredno grožnjo njegovi varnosti.","[""Voda v Egiptu je 95 % odvisna od Nila"", ""Jez proizvaja elektriko za Egipt"", ""Gradnjo je financiral Egipt"", ""Nil ne teče skozi Egipt""]",0,,,,,,
course_235_l_eau_prochaine_source_de_conflits,course_235_l_eau_prochaine_source_de_conflits_q5,trueFalse,"Res ali ne: pogodba o reki Indu, podpisana leta 1960 med Indijo in Pakistanom, je bila prekinjena v vsaki od treh vojn med državama.","Indska pogodba je preživela tri vojne med Indijo in Pakistanom, ne da bi bila nikoli prekinjena, kar je dokaz, da je voda lahko tudi orodje za mir.","[""Prav"", ""Narobe""]",1,,,,,,
course_235_l_eau_prochaine_source_de_conflits,course_235_l_eau_prochaine_source_de_conflits_q6,percentageSlider,Koliko svoje pitne vode proizvede Izrael z napravami za razsoljevanje?,Izrael proizvede več kot 80 % svoje pitne vode v obratih za razsoljevanje morske vode.,,,,80.0,0.0,100.0,10.0,%
course_235_l_eau_prochaine_source_de_conflits,course_235_l_eau_prochaine_source_de_conflits_q7,mcq,Kaj naredi kapljično namakanje?,"Kapljično namakanje dovaja vodo neposredno do korenin rastlin, kar zmanjša porabo v kmetijstvu za 30 do 70 odstotkov.","[""Zmanjšajte porabo vode v kmetijstvu za 30 do 70 %"", ""Takojšnji dvojni kmetijski pridelek"", ""Popolnoma odpravite potrebo po namakanju"", ""Pretvorite morsko vodo v sladko vodo""]",0,,,,,,
course_235_l_eau_prochaine_source_de_conflits,course_235_l_eau_prochaine_source_de_conflits_q8,mcq,"Kaj pomeni koncept ""virtualne vode""?","Virtualna voda se nanaša na količino vode, ki je potrebna za proizvodnjo izdelka: uvoz pšenice pomeni tudi uvoz vode, ki se uporablja za pridelavo pšenice.","[""Količina vode, ki je potrebna za izdelavo izdelka"", ""Voda, reciklirana iz odpadne vode"", ""Voda v podtalnici"", ""Slana voda, preoblikovana z razsoljevanjem""]",0,,,,,,
course_235_l_eau_prochaine_source_de_conflits,course_235_l_eau_prochaine_source_de_conflits_q9,numericSlider,Koliko litrov vode je potrebnih za pridelavo enega kilograma govejega mesa?,"Za proizvodnjo enega kilograma govejega mesa je potrebnih okoli 15.000 litrov vode, v primerjavi s 1.500 litri za kilogram pšenice.",,,,15000.0,5000.0,30000.0,2000.0,litrov
course_236_le_soft_power_americain,course_236_le_soft_power_americain_q1,numericSlider,Katerega leta je politolog Joseph Nye izumil koncept mehke moči?,Joseph Nye je izumil koncept mehke moči leta 1990 v svoji knjigi Bound to Lead.,,,,1990.0,1960.0,2020.0,3.0,
course_236_le_soft_power_americain,course_236_le_soft_power_americain_q2,mcq,Na katerih treh stebrih po mnenju Josepha Nyeja sloni mehka moč države?,"Po Nyeju mehka moč temelji na treh stebrih: kulturi, političnih vrednotah, ki se uporabljajo doma, in zunanji politiki, ki se dojema kot legitimna.","[""Kultura, politične vrednote in zunanja politika"", ""Vojska, gospodarske sankcije in diplomacija"", ""Trgovina, denar in tehnologija"", ""Vera, jezik in demografija""]",0,,,,,,
course_236_le_soft_power_americain,course_236_le_soft_power_americain_q3,percentageSlider,"Kolikšen delež svetovnih kinematografskih prihodkov zajemajo ameriški filmi, kljub manjšemu številu filmov kot Bollywood?","Ameriški filmi zajemajo okoli 70 % prihodkov svetovnih kinematografov, kar dokazuje, da je vpliv odvisen predvsem od nadzora distribucijskih mrež.",,,,70.0,0.0,100.0,10.0,%
course_236_le_soft_power_americain,course_236_le_soft_power_americain_q4,mcq,Kateri dogodek leta 2003 je trajno okrnil podobo ZDA v svetu?,"Leta 2003 je invazija na Irak, izvedena brez soglasja ZN in utemeljena z lažnimi dokazi o orožju, trajno škodila ugledu ZDA.","[""Invazija na Irak brez dogovora ZN"", ""Ustvarjanje Hollywooda"", ""Zagon interneta"", ""Podpis mirovne pogodbe""]",0,,,,,,
course_236_le_soft_power_americain,course_236_le_soft_power_americain_q5,trueFalse,Res ali ne: napad na Kapitol januarja 2021 je utrdil podobo Združenih držav kot modela stabilne demokracije.,"Napad na Kapitol januarja 2021 je, nasprotno, oslabil podobo ZDA kot modela stabilne demokracije.","[""Prav"", ""Narobe""]",1,,,,,,
course_236_le_soft_power_americain,course_236_le_soft_power_americain_q6,mcq,"Kaj je ""bruseljski učinek""?","Bruseljski učinek se nanaša na dejstvo, da stroga pravila Evropske unije, zlasti glede podatkov ali okolja, pogosto postanejo standardi, ki jih uporabljajo podjetja po vsem svetu.","[""Stroga pravila EU postanejo standardi, ki se uporabljajo po vsem svetu"", ""Kulturni vpliv Belgije"", ""Upad ameriške mehke moči v Evropi"", ""Vojaška pogodba med evropskimi državami""]",0,,,,,,
course_236_le_soft_power_americain,course_236_le_soft_power_americain_q7,mcq,"Kako se imenuje južnokorejski kulturni val, ki osvaja svetovno občinstvo (glasba, serije, kino)?","Hallyu se nanaša na južnokorejski kulturni val (glasba, serije, kinematografija), ki osvaja svetovno občinstvo.","[""Hallyu"", ""Ivy League"", ""Kulturna hegemonija"", ""Mehka moč 30""]",0,,,,,,
course_236_le_soft_power_americain,course_236_le_soft_power_americain_q8,mcq,"Kakšno moč ima vlaganje v kulturne inštitute in velike infrastrukturne projekte, da ponudimo alternativni model razvoja?","Kitajska vlaga v kulturne inštitute in ogromne infrastrukturne projekte po Aziji in Afriki, da bi ponudila alternativni model razvoja.","[""Kitajska"", ""Japonska"", ""Rusija"", ""Indija""]",0,,,,,,
course_236_le_soft_power_americain,course_236_le_soft_power_americain_q9,mcq,Kdo je na lestvici Soft Power 30 prehitel ZDA na prvem mestu v času predsedovanja Donalda Trumpa?,"ZDA sta med predsedovanjem Donalda Trumpa prehiteli Francija ali Nemčija na lestvici mehke moči 30, kar je dokaz povezave med zunanjo politiko in podobo države.","[""Francija ali Nemčija"", ""Kitajska"", ""Rusija"", ""Japonska""]",0,,,,,,
course_237_les_gafam_puissance_et_derives,course_237_les_gafam_puissance_et_derives_q1,numericSlider,Koliko milijard dolarjev bo leta 2024 skupaj vrednih pet podjetij GAFAM?,"Leta 2024 bo pet podjetij GAFAM skupaj vrednih več kot 10.000 milijard dolarjev, kar je znesek, ki je primerljiv s skupnim BDP več velikih evropskih sil.",,,,10000.0,3000.0,20000.0,2000.0,milijard
course_237_les_gafam_puissance_et_derives,course_237_les_gafam_puissance_et_derives_q2,mcq,Katero podjetje GAFAM je prvo preseglo vrednost 3000 milijard dolarjev?,"Apple je postal prvo podjetje, ki je preseglo tržno vrednost 3 bilijonov dolarjev.","[""Apple"", ""Google"", ""Amazon"", ""Microsoft""]",0,,,,,,
course_237_les_gafam_puissance_et_derives,course_237_les_gafam_puissance_et_derives_q3,mcq,"Kaj je »mrežni učinek«, ključni mehanizem prevlade GAFAM?","Učinek omrežja pomeni, da več uporabnikov kot ima storitev, bolj nujno postane biti del nje, kar odvrača prihod konkurentov.","[""Več kot ima storitev uporabnikov, bolj pomembno postane biti del nje."", ""Omrežje podmorskih kablov v lasti Googla"", ""Evropski zakon, ki omejuje GAFAM"", ""Algoritem, ki zazna lažne novice""]",0,,,,,,
course_237_les_gafam_puissance_et_derives,course_237_les_gafam_puissance_et_derives_q4,numericSlider,Koliko milijard dolarjev je Facebook leta 2012 plačal za nakup Instagrama?,"Facebook je kupil Instagram za milijardo dolarjev leta 2012, ko je imela aplikacija le ducat zaposlenih.",,,,1.0,0.0,10.0,1.0,milijarde
course_237_les_gafam_puissance_et_derives,course_237_les_gafam_puissance_et_derives_q5,numericSlider,Koliko milijard dolarjev je leta 2014 Facebook plačal za nakup WhatsAppa?,"Facebook je leta 2014 kupil WhatsApp za 22 milijard dolarjev, s čimer se je zaklenil v rastočo konkurenčno grožnjo.",,,,22.0,5.0,50.0,3.0,milijard
course_237_les_gafam_puissance_et_derives,course_237_les_gafam_puissance_et_derives_q6,percentageSlider,Koliko svetovnih podvodnih optičnih kablov ima v lasti Google?,Samo Google ima v lasti približno 10 % vseh podmorskih optičnih kablov na svetu.,,,,10.0,0.0,100.0,5.0,%
course_237_les_gafam_puissance_et_derives,course_237_les_gafam_puissance_et_derives_q7,mcq,Katero evropsko besedilo leta 2022 zahteva večjo odprtost največjih digitalnih platform?,"Leta 2022 je Evropa sprejela zakon o digitalnih trgih, ki zahteva, da so največje platforme bolj odprte, kot je interoperabilnost sporočil.","[""Zakon o digitalnih trgih"", ""Dublinska uredba"", ""Pariški sporazum"", ""GDPR""]",0,,,,,,
course_237_les_gafam_puissance_et_derives,course_237_les_gafam_puissance_et_derives_q8,trueFalse,"Res ali ne: leta 2024 bo Evropska unija postala prva organizacija na svetu, ki bo pravno regulirala umetno inteligenco.","Leta 2024 bo EU dejansko postala prva organizacija na svetu, ki bo pravno urejala umetno inteligenco.","[""Prav"", ""Narobe""]",0,,,,,,
course_237_les_gafam_puissance_et_derives,course_237_les_gafam_puissance_et_derives_q9,mcq,Zakaj velike multinacionalke pogosto uporabljajo evropska digitalna pravila po vsem svetu?,"Za multinacionalko je lažje povsod uporabiti najstrožje pravilo, kot pa ustvariti drugo različico za vsako državo, kar pojasnjuje globalni doseg evropskih pravil.","[""Enostavneje je povsod uporabiti najstrožje pravilo, kot ustvariti drugačno za vsako državo"", ""Evropska unija prepoveduje kakršno koli dejavnost zunaj svojih meja"", ""Ameriška pravila so strožja od evropskih"", ""GAFAM ima zakonit sedež v Evropi""]",0,,,,,,
course_237_les_gafam_puissance_et_derives,course_237_les_gafam_puissance_et_derives_q10,chronological,Postavite te prevzeme in predpise sveta GAFAM v kronološki vrstni red.,"Ti dogodki segajo od leta 2012 do 2024: prevzem Instagrama, WhatsAppa, sprejetje zakona o digitalnih trgih, nato pravni nadzor nad umetno inteligenco s strani EU.",,,"[""Prevzem Instagrama s strani Facebooka"", ""Prevzem WhatsAppa s strani Facebooka"", ""Sprejetje zakona o digitalnih trgih v Evropi"", ""Pravni okvir Evropske unije za umetno inteligenco""]",,,,,
course_238_la_transition_energetique,course_238_la_transition_energetique_q1,numericSlider,Katerega leta je bil podpisan pariški podnebni sporazum?,"Leta 2015 je bil podpisan Pariški sporazum, ki je postavil cilj omejitve segrevanja pod 1,5 °C, če je to mogoče.",,,,2015.0,1990.0,2025.0,2.0,
course_238_la_transition_energetique,course_238_la_transition_energetique_q2,mcq,Kaj je ogljična nevtralnost?,"Ogljična nevtralnost se nanaša na ravnovesje med toplogrednimi plini, ki jih izpuščajo človeške dejavnosti, in njihovo absorpcijo v gozdovih, tleh, oceanih ali tehnologijah zajemanja.","[""Ravnovesje med izpuščenimi toplogrednimi plini in njihovo absorpcijo"", ""Popolna ukinitev vseh emisij CO2"", ""Davek na fosilna goriva"", ""Globalna prepoved premoga""]",0,,,,,,
course_238_la_transition_energetique,course_238_la_transition_energetique_q3,percentageSlider,Koliko so padli stroški sončne energije med letoma 2010 in 2020?,"Stroški sončne energije so med letoma 2010 in 2020 padli za 90 %, kar je hitrejši upad kot skoraj katera koli druga tehnologija v gospodarski zgodovini.",,,,90.0,0.0,100.0,10.0,%
course_238_la_transition_energetique,course_238_la_transition_energetique_q4,percentageSlider,"Kolikšen delež novih električnih zmogljivosti, nameščenih po vsem svetu, je leta 2023 že izviral iz obnovljivih virov energije?","Leta 2023 bo že skoraj 90 % novih električnih zmogljivosti, nameščenih po vsem svetu, prihajalo iz obnovljivih virov energije.",,,,90.0,0.0,100.0,10.0,%
course_238_la_transition_energetique,course_238_la_transition_energetique_q5,mcq,"Kaj je glavni tehnični izziv sončne in vetrne elektrarne, ki ne proizvajata električne energije neprekinjeno?","Sonce in veter trpita zaradi presledkov, kar pomeni, da ne proizvajata električne energije neprekinjeno, zato so akumulatorske baterije pomembne.","[""Intermitentnost"", ""Stroški izdelave"", ""Odsotnost vetra"", ""Onesnaženost zraka""]",0,,,,,,
course_238_la_transition_energetique,course_238_la_transition_energetique_q6,percentageSlider,Koliko sončnih kolektorjev na svetu danes proizvede Kitajska?,"Kitajska zdaj proizvede več kot 80 % sončnih kolektorjev na svetu, zaradi česar je zahodni energetski prehod odvisen od njene proizvodne verige.",,,,80.0,0.0,100.0,10.0,%
course_238_la_transition_energetique,course_238_la_transition_energetique_q7,mcq,V katero novo odvisnost energetski prehod premika svet in nadomešča nafto?,"Energetski prehod spreminja svet od odvisnosti od nafte k odvisnosti od redkih zemelj in drugih kovin, kot sta litij ali kobalt.","[""Redke zemlje in kovine, kot sta litij ali kobalt"", ""Premog"", ""Zemeljski plin"", ""Uran""]",0,,,,,,
course_238_la_transition_energetique,course_238_la_transition_energetique_q8,mcq,Za katere sektorje se zeleni vodik zdi ključna rešitev za razogljičenje?,"Zdi se, da je zeleni vodik ključna komponenta za razogljičenje najtežjih sektorjev, kot sta proizvodnja jekla ali letalstvo, kjer samo električna energija ni dovolj.","[""Proizvodnja jekla in letalstvo"", ""Samo domače ogrevanje"", ""Pametni telefoni"", ""Ekološko kmetovanje""]",0,,,,,,
course_239_le_futur_du_travail,course_239_le_futur_du_travail_q1,numericSlider,Katerega leta je Henry Ford uvedel 40-urni delovni teden?,"Henry Ford je leta 1926 uvedel 40-urni teden, odločitev je bila motivirana z idejo, da delavci s prostim časom postanejo tudi stranke.",,,,1926.0,1880.0,1970.0,5.0,
course_239_le_futur_du_travail,course_239_le_futur_du_travail_q2,mcq,"Po mnenju ekonomista Johna Maynarda Keynesa leta 1930, koliko ur na teden so morali njegovi vnuki delati zaradi tehnološkega napredka?","Leta 1930 je Keynes napovedal, da bodo njegovi vnuki zaradi tehnološkega napredka delali le 15 ur na teden, kar pa se ni uresničilo.","[""15:00"", ""40 ur"", ""4 ure"", ""60 ur""]",0,,,,,,
course_239_le_futur_du_travail,course_239_le_futur_du_travail_q3,numericSlider,"Koliko milijonov delavcev v Združenih državah danes prodaja svoje storitve prek digitalnih platform, v gig ekonomiji?","Več kot 57 milijonov delavcev v Združenih državah zdaj prodaja svoje storitve prek digitalnih platform, zunaj tradicionalne zaposlitve.",,,,57.0,10.0,150.0,15.0,milijonov
course_239_le_futur_du_travail,course_239_le_futur_du_travail_q4,mcq,"Kateri koncept ekonomista Josepha Schumpetra opisuje dejstvo, da tehnološka revolucija uničuje stare poklice, a ustvarja nove?","Schumpeterjeva ustvarjalna destrukcija opisuje dejstvo, da vsaka tehnološka revolucija uniči stare poklice, a na koncu ustvari nove, pogosto bolj kvalificirane.","[""Ustvarjalno uničenje"", ""Univerzalni dohodek"", ""Ekonomija koncertov"", ""4 dnevni teden""]",0,,,,,,
course_239_le_futur_du_travail,course_239_le_futur_du_travail_q5,percentageSlider,"Leta 2023 je študija pokazala, da se je umetna inteligenca na testu ustvarjalnosti odrezala bolje kot odstotek ljudi?","Leta 2023 je študija pokazala, da se je umetna inteligenca na testu ustvarjalnosti odrezala bolje kot 99 % ljudi.",,,,99.0,0.0,100.0,5.0,%
course_239_le_futur_du_travail,course_239_le_futur_du_travail_q6,mcq,Kaj ponuja univerzalni temeljni dohodek?,"Univerzalni temeljni dohodek predlaga plačilo fiksnega zneska vsakemu državljanu brez pogojev, da se zagotovi življenje v gospodarstvu, kjer delo postaja vse bolj občasno.","[""Vsakemu državljanu plačajte fiksen znesek, brez pogojev"", ""Skrajšajte delovni čas na 4 dni na teden"", ""Zamenjajte vsa delovna mesta z umetno inteligenco"", ""Odpravite davke na kapital""]",0,,,,,,
course_239_le_futur_du_travail,course_239_le_futur_du_travail_q7,mcq,"Od kod izvira beseda »delo«, ki se je prvotno nanašala na orodje za mučenje?","Beseda »delo« izvira iz latinskega tripaliuma, mučilnega instrumenta s tremi koli, izvor, ki spominja na to, da so ga dolgo dojemali kot trpljenje.","[""Iz latinščine tripalium"", ""Iz grščine ergon"", ""Iz angleškega dela"", ""Iz latinskega dela""]",0,,,,,,
course_239_le_futur_du_travail,course_239_le_futur_du_travail_q8,trueFalse,"Res ali ne: glede na optimistični scenarij, omenjen v tečaju, bi lahko umetna inteligenca ljudi osvobodila ponavljajočih se nalog, zahvaljujoč povečani produktivnosti.","Optimistični scenarij si predstavlja povečanje produktivnosti, ki bi ljudi osvobodilo ponavljajočih se nalog, v nasprotju s pesimističnim scenarijem, ki se boji množične brezposelnosti.","[""Prav"", ""Narobe""]",0,,,,,,
course_23_la_guerre_d_algerie_1954_1962,course_23_la_guerre_d_algerie_1954_1962_q1,mcq,Zakaj je Francija Alžirijo dolgo časa obravnavala kot del svojega ozemlja?,"Alžirija, ki so jo osvojili leta 1830, je bila leta 1848 razdeljena na francoske departmaje: odhod iz nje je za mnoge pomenil amputacijo nacionalnega ozemlja.","[""Ker je bila leta 1848 razdeljena na francoske departmaje"", ""Ker se je leta 1848 osamosvojila"", ""Ker je naseljena samo s francoskimi državljani"", ""Ker od leta 1945 pripada OZN""]",0,,,,,,
course_23_la_guerre_d_algerie_1954_1962,course_23_la_guerre_d_algerie_1954_1962_q2,mcq,"Katero gibanje je sprožilo vstajo 1. novembra 1954, na »dnev vseh svetih«?","1. novembra 1954 je FLN izvedla približno šestdeset napadov, kar je pomenilo začetek upora.","[""FLN, Narodnoosvobodilna fronta"", ""OAS, Organizacija tajne vojske"", ""NAACP"", ""Francoska komunistična partija""]",0,,,,,,
course_23_la_guerre_d_algerie_1954_1962,course_23_la_guerre_d_algerie_1954_1962_q3,trueFalse,Res ali ne: Francija je uradno priznala izraz »vojna« za označevanje alžirskega konflikta od šestdesetih let prejšnjega stoletja.,"Do leta 1999 je francoska država zakonsko zavračala besedo ""vojna"" in govorila o operacijah ""zakon in red"".","[""Prav"", ""Narobe""]",1,,,,,,
course_23_la_guerre_d_algerie_1954_1962,course_23_la_guerre_d_algerie_1954_1962_q4,mcq,"Kaj omogočajo ""posebna pooblastila"", ki jih je izglasoval francoski parlament leta 1956?","Posebna pooblastila dajejo vojski policijska pooblastila, s skoraj 400.000 vojaki, ki se soočajo z gverilci FLN.","[""Vojska prejme policijska pooblastila za boj proti FLN"", ""Naseljenci pridobijo volilne pravice za muslimane"", ""Francija podeli avtonomijo Alžiriji"", ""FLN dobi sedež v ZN""]",0,,,,,,
course_23_la_guerre_d_algerie_1954_1962,course_23_la_guerre_d_algerie_1954_1962_q5,mcq,"Kdo je vodil padalce, ki so med bitko za Alžir leta 1957 razbili mreže FLN?","General Jacques Massu poveljuje padalcem, ki razbijajo mreže bombnikov FLN v Alžiru.","[""General Jacques Massu"", ""General Charles de Gaulle"", ""François Mitterrand"", ""General Philippe Pétain""]",0,,,,,,
course_23_la_guerre_d_algerie_1954_1962,course_23_la_guerre_d_algerie_1954_1962_q6,trueFalse,"Res ali ne: bitka za Alžir leta 1957 je bila francoska vojaška zmaga, ki v celinski Franciji ni povzročila polemik.","To je vojaška zmaga, a moralni poraz: mučenje postane običajno orodje, škandal pa v celinski Franciji narašča.","[""Prav"", ""Narobe""]",1,,,,,,
course_23_la_guerre_d_algerie_1954_1962,course_23_la_guerre_d_algerie_1954_1962_q7,mcq,Kateri dogodek maja 1958 je Charlesa de Gaulla vrnil na oblast?,"13. maja 1958 se je Alžir uprl, da bi obdržal francosko Alžirijo, kar je izzvalo vrnitev De Gaulla in ustanovitev Pete republike.","[""Alžirska vstaja za ohranitev \""francoske Alžirije\"""", ""Evianski sporazumi"", ""Generalski puč"", ""Alžirska neodvisnost""]",0,,,,,,
course_23_la_guerre_d_algerie_1954_1962,course_23_la_guerre_d_algerie_1954_1962_q8,mcq,Kaj je storil OAS po neuspehu generalskega puča aprila 1961?,"Po neuspehu puča je OAS, Organizacija tajne vojske, povečala napade, da bi preprečila kakršna koli pogajanja o neodvisnosti.","[""Pomnoži napade, da blokira vsa pogajanja"", ""Pridruži se taborišču FLN"", ""Pogajala se je neposredno z de Gaullom"", ""Organizira referendum o neodvisnosti""]",0,,,,,,
course_23_la_guerre_d_algerie_1954_1962,course_23_la_guerre_d_algerie_1954_1962_q9,numericSlider,Približno koliko pieds-noirjev je po osamosvojitvi Alžirije zbežalo v metropolo?,Skoraj milijon pied-noirjev je po osamosvojitvi zbežalo v metropolo in zapustilo življenje v Alžiriji.,,,,1000000.0,200000.0,2000000.0,200000.0,
course_23_la_guerre_d_algerie_1954_1962,course_23_la_guerre_d_algerie_1954_1962_q10,chronological,Postavite te dogodke alžirske vojne v kronološki vrstni red.,Od upora FLN leta 1954 do Evianskih sporazumov leta 1962 ti mejniki ponovno sledijo osmim letom alžirske vojne.,,,"[""Dan vseh svetih, začetek upora FLN"", ""Bitka za Alžir"", ""Vrnitev Charlesa de Gaulla na oblast"", ""Evianski sporazumi""]",,,,,
course_240_la_chine_et_son_modele_economique,course_240_la_chine_et_son_modele_economique_q1,numericSlider,Katerega leta je Deng Xiaoping uvedel politiko »reform in odpiranja«?,"Deng Xiaoping je leta 1978, po smrti Mao Zedonga, sprožil politiko ""reform in odpiranja"".",,,,1978.0,1950.0,2000.0,3.0,
course_240_la_chine_et_son_modele_economique,course_240_la_chine_et_son_modele_economique_q2,mcq,"Katero mesto je postalo simbol posebnih gospodarskih con, ki jih je Kitajska ustvarila na svoji obali?","Shenzhen, preprosta ribiška vas v sedemdesetih letih prejšnjega stoletja, je postala simbol kitajskih posebnih gospodarskih con in tehnološke velemesta.","[""Shenzhen"", ""Peking"", ""Šanghaj"", ""Hong Kong""]",0,,,,,,
course_240_la_chine_et_son_modele_economique,course_240_la_chine_et_son_modele_economique_q3,percentageSlider,Kakšna je bila povprečna letna stopnja gospodarske rasti Kitajske med letoma 1978 in 2018?,"Med letoma 1978 in 2018 je Kitajska ohranila povprečno 9,5-odstotno rast na leto, kar je izjemna hitrost.",,,,9.5,0.0,100.0,2.0,%
course_240_la_chine_et_son_modele_economique,course_240_la_chine_et_son_modele_economique_q4,numericSlider,"Koliko milijonom ljudi je kitajska gospodarska rast v štiridesetih letih omogočila, da so se izognili skrajni revščini?","Kitajska rast je v štiridesetih letih omogočila več kot 800 milijonom ljudi, da so se rešili skrajne revščine.",,,,800.0,200.0,1500.0,100.0,milijonov
course_240_la_chine_et_son_modele_economique,course_240_la_chine_et_son_modele_economique_q5,mcq,"Kako kvalificirati kitajski gospodarski model, ki združuje dinamičen trg in strog državni nadzor nad strateškimi sektorji?","Kitajski model je opisan kot »državni kapitalizem«: dinamično tržno gospodarstvo za potrošniško blago, vendar strog nadzor nad energijo, telekomunikacijami in financami.","[""Državni kapitalizem"", ""Integralni liberalizem"", ""Čisto plansko gospodarstvo"", ""Totalni protekcionizem""]",0,,,,,,
course_240_la_chine_et_son_modele_economique,course_240_la_chine_et_son_modele_economique_q6,numericSlider,Katerega leta je Xi Jinping predstavil pobudo Belt and Road?,"Xi Jinping je leta 2013 sprožil pobudo Belt and Road, ki je eden največjih projektov naložb v infrastrukturo v sodobni zgodovini.",,,,2013.0,1995.0,2024.0,2.0,
course_240_la_chine_et_son_modele_economique,course_240_la_chine_et_son_modele_economique_q7,mcq,Kaj je leta 2021 razkril skorajšnji bankrot nepremičninskega velikana Evergrande?,"Skoraj bankrot Evergrande leta 2021 je razkril pomanjkljivosti kitajskega nepremičninskega trga, ki so ga spodbudile špekulacije in precejšnji dolgovi.","[""Pomanjkljivosti kitajskega nepremičninskega trga, ki ga spodbujajo špekulacije in dolgovi"", ""Popolna trdnost kitajskega finančnega sistema"", ""Konec nadzora komunistične partije nad gospodarstvom"", ""Padec kitajskega javnega dolga""]",0,,,,,,
course_240_la_chine_et_son_modele_economique,course_240_la_chine_et_son_modele_economique_q8,trueFalse,"Res ali ne: prebivalstvo Kitajske je začelo upadati leta 2022, po desetletjih politike enega otroka.","Kitajsko prebivalstvo je dejansko začelo upadati leta 2022, kar je dolgoročna posledica politike enega otroka, uvedene med letoma 1980 in 2015.","[""Prav"", ""Narobe""]",0,,,,,,
course_240_la_chine_et_son_modele_economique,course_240_la_chine_et_son_modele_economique_q9,mcq,"Okoli katerega ozemlja so zgoščene napetosti med Kitajsko in Zahodom, povezane z dostopom do polprevodnikov?","Napetosti med Kitajsko in Zahodom so osredotočene predvsem na status Tajvana in dostop do polprevodnikov, bistvenih za sodobno industrijo.","[""Tajvan"", ""Hong Kong"", ""Tibet"", ""Mongolija""]",0,,,,,,
course_240_la_chine_et_son_modele_economique,course_240_la_chine_et_son_modele_economique_q10,chronological,Postavite te faze novejše kitajske gospodarske zgodovine v kronološki vrstni red.,"Ti mejniki segajo od leta 1978 do 2022: reforma in odpiranje, pobuda Belt and Road, kriza Evergrande, nato začetek demografskega upada.",,,"[""Začetek reforme in politike odpiranja"", ""Začetek pobude Belt and Road"", ""Skoraj bankrot nepremičninske skupine Evergrande"", ""Začetek demografskega upada kitajskega prebivalstva""]",,,,,
course_24_la_bataille_de_dien_bien_phu_1954,course_24_la_bataille_de_dien_bien_phu_1954_q1,mcq,Kdo je vodil sile Viet Minha med bitko pri Dien Bien Phuju?,"General Võ Nguyên Giáp, nekdanji profesor zgodovine, vodi sile Viet-Minha in porazi francosko vojsko.","[""General Võ Nguyên Giáp"", ""Ho Chi Minh"", ""General Henri Navarre"", ""Polkovnik Charles Piroth""]",0,,,,,,
course_24_la_bataille_de_dien_bien_phu_1954,course_24_la_bataille_de_dien_bien_phu_1954_q2,trueFalse,"Res ali ne: general Giáp se je usposabljal na prestižni vojaški šoli, preden je postal strateg.","Giáp nikoli ni obiskoval vojaške šole; rekel je, da se je strategije naučil z branjem Napoleonovih pohodov v knjižnici v Hanoju.","[""Prav"", ""Narobe""]",1,,,,,,
course_24_la_bataille_de_dien_bien_phu_1954,course_24_la_bataille_de_dien_bien_phu_1954_q3,mcq,"Kako se imenuje francoska operacija, ki je novembra 1953 vzpostavila zračno-kopensko bazo v Diên Bien Phuju?",Operacija Castor je novembra 1953 s padalom namestila francosko zračno-kopensko bazo v porečju Diên Bien Phu.,"[""Operacija Castor"", ""Operacija Dinamo"", ""Operacija Overlord"", ""Operacija Vulture""]",0,,,,,,
course_24_la_bataille_de_dien_bien_phu_1954,course_24_la_bataille_de_dien_bien_phu_1954_q4,trueFalse,"Res ali ne: francoski generalštab je verjel, da Viet-Minh nikoli ne bo mogel dvigniti težke artilerije v džunglo, ki obdaja Diên Bien Phu.","To je bil francoski izračun, vendar je več deset tisoč nosačev na svojih hrbtih prevažalo topove in strelivo na grebene, ki so gledali na taborišče.","[""Prav"", ""Narobe""]",0,,,,,,
course_24_la_bataille_de_dien_bien_phu_1954,course_24_la_bataille_de_dien_bien_phu_1954_q5,mcq,"Kateri francoski častnik naredi samomor, potem ko je obljubil, da bo utišal topništvo Viet Minha?","Polkovnik Charles Piroth, zadolžen za francosko topništvo, je po neuspehu svoje obljube v prvih dneh obleganja naredil samomor.","[""Polkovnik Charles Piroth"", ""General Henri Navarre"", ""General de Castries"", ""Polkovnik Bigeard""]",0,,,,,,
course_24_la_bataille_de_dien_bien_phu_1954,course_24_la_bataille_de_dien_bien_phu_1954_q6,numericSlider,"Koliko dni je trajalo obleganje Dien Bien Phuja, od 13. marca do 7. maja 1954?","Obleganje je trajalo 55 dni, od 13. marca do 7. maja 1954, pred francosko kapitulacijo.",,,,55.0,20.0,90.0,5.0,dni
course_24_la_bataille_de_dien_bien_phu_1954,course_24_la_bataille_de_dien_bien_phu_1954_q7,mcq,"Katera država zavrača obsežno zračno posredovanje, da bi rešila francosko utrjeno taborišče?","Združene države so zavrnile obsežno zračno posredovanje, kar je francoskim silam omogočilo kapitulacijo 7. maja 1954.","[""Združene države Amerike"", ""Združeno kraljestvo"", ""Sovjetska zveza"", ""Kitajska""]",0,,,,,,
course_24_la_bataille_de_dien_bien_phu_1954,course_24_la_bataille_de_dien_bien_phu_1954_q8,chronological,Postavite te faze bitke pri Dien Bien Phu v kronološki vrstni red.,"Operacija Castor (nov. 1953), ofenziva 13. marca 1954, kapitulacija 7. maja, nato ženevski sporazumi (julij 1954) so pomenili konec indokitajske vojne.",,,"[""Postavitev francoske zračno-kopenske baze"", ""Uničenje letališke steze s strani topništva Viet-Minha"", ""Kapitulacija francoskega utrjenega tabora"", ""Podpis ženevskih sporazumov""]",,,,,
course_25_le_genocide_armenien_1915_1916,course_25_le_genocide_armenien_1915_1916_q1,mcq,Kateri imperij je med letoma 1915 in 1916 organiziral iztrebljanje velikega dela armenskega prebivalstva?,Vlada Otomanskega cesarstva je orkestrirala deportacijo in iztrebljanje velikega dela armenskega prebivalstva.,"[""Otomansko cesarstvo"", ""Ruski imperij"", ""Avstro-Ogrska"", ""Perzijsko cesarstvo""]",0,,,,,,
course_25_le_genocide_armenien_1915_1916,course_25_le_genocide_armenien_1915_1916_q2,trueFalse,Res ali ne: hamidske pokole v letih 1894–1896 so sodile in kaznovale otomanske oblasti.,"Ti pokoli, ki so pod sultanom Abdülhamidom II. povzročili od 100.000 do 300.000 smrti, so ostali nekaznovani.","[""Prav"", ""Narobe""]",1,,,,,,
course_25_le_genocide_armenien_1915_1916,course_25_le_genocide_armenien_1915_1916_q3,mcq,Kateri dogodek 24. aprila 1915 v Carigradu označuje simboličen začetek genocida?,"Ta datum, ki je postal svetovni praznik, zaznamuje aretacijo in nato usmrtitev armenske elite v prestolnici.","[""Aretacija in nato usmrtitev več kot 200 armenskih intelektualcev in uglednih oseb"", ""Uničenje armenskih cerkva"", ""Razglasitev zakona o deportaciji"", ""Napad na Deir ez-Zor""]",0,,,,,,
course_25_le_genocide_armenien_1915_1916,course_25_le_genocide_armenien_1915_1916_q4,mcq,"Kaj je dovoljeval zakon o deportaciji, sprejet maja 1915?","Ta zakon zagotavlja pravni okvir za prisilne izgone v puščave Mezopotamije, kjer so konvoji zdesetkani.","[""Pravni okvir za izgon v puščave Mezopotamije"", ""Verska avtonomija Armencev"", ""Ustanovitev armenske vojske"", ""Vrnitev armenskih izgnancev""]",0,,,,,,
course_25_le_genocide_armenien_1915_1916,course_25_le_genocide_armenien_1915_1916_q5,trueFalse,Res ali ne: Ameriški diplomat Henry Morgenthau je dogodke leta 1915 opisal kot »rasni umor«.,"Henry Morgenthau, nevtralni diplomat, nameščen v Otomanskem cesarstvu, je uporabil ta izraz za opis pobojev.","[""Prav"", ""Narobe""]",0,,,,,,
course_25_le_genocide_armenien_1915_1916,course_25_le_genocide_armenien_1915_1916_q6,mcq,"Kdo je skoval besedo ""genocid"", pri čemer je izrecno mislil na Armence?",Poljski pravnik Raphael Lemkin je izumil pravni koncept genocida z mislijo na usodo Armencev; Združeni narodi so jo leta 1948 zapisali v zakon.,"[""Raphael Lemkin"", ""Henry Morgenthau"", ""Woodrow Wilson"", ""Talaat paša""]",0,,,,,,
course_25_le_genocide_armenien_1915_1916,course_25_le_genocide_armenien_1915_1916_q7,percentageSlider,Kolikšen delež Armencev v Osmanskem cesarstvu je umrl med letoma 1915 in 1916?,"V tem obdobju sta umrli približno dve tretjini Armencev cesarstva, odvisno od poteka.",,,,67.0,0.0,100.0,10.0,%
course_25_le_genocide_armenien_1915_1916,course_25_le_genocide_armenien_1915_1916_q8,mcq,Kakšno stališče zavzema današnja Turčija glede dogodkov v letih 1915-1916?,"Turčija priznava trpljenje in poboje v vojnem kaosu, vendar zavrača izraz genocid, za razliko od Francije (2001) ali ZDA (2021).","[""Priznava poboje, vendar zavrača izraz genocid"", ""Uradno priznava genocid"", ""Zanika kakršno koli nasilje nad Armenci"", ""Leta 1915 se je uradno opravičila""]",0,,,,,,
course_25_le_genocide_armenien_1915_1916,course_25_le_genocide_armenien_1915_1916_q9,chronological,Postavite te mejnike armenskega genocida in njegovega priznanja v kronološki vrstni red.,Ti štirje mejniki segajo od nekaznovanosti prvih pobojev (1894–1896) do poznega priznanja genocida s strani nekaterih držav (2001 za Francijo).,,,"[""Hamidijski pokoli pod sultanom Abdülhamidom II"", ""Aretacija armenskih intelektualcev v Carigradu"", ""Deportacije in množični poboji v Anatoliji"", ""Francija je uradno priznala genocid""]",,,,,
course_26_la_creation_de_l_onu_1945,course_26_la_creation_de_l_onu_1945_q1,mcq,Koliko držav je 26. junija 1945 v San Franciscu podpisalo Ustanovno listino Združenih narodov?,51 držav je 26. junija 1945 v San Franciscu podpisalo Ustanovno listino Združenih narodov.,"[""51"", ""26"", ""5"", ""193""]",0,,,,,,
course_26_la_creation_de_l_onu_1945,course_26_la_creation_de_l_onu_1945_q2,mcq,"Kateri organizaciji, prednici ZN, zlasti ni uspelo ustaviti italijanske invazije na Etiopijo?",Društvo narodov brez Združenih držav in brez pravih sredstev pritiska ne more ustaviti Japonske v Mandžuriji ali Italije v Etiopiji.,"[""Liga narodov"", ""Nato"", ""Skupnost za premog in jeklo"", ""WHO""]",0,,,,,,
course_26_la_creation_de_l_onu_1945,course_26_la_creation_de_l_onu_1945_q3,trueFalse,Res ali ne: Združene države so se po prvi svetovni vojni pridružile Društvu narodov.,"Ameriški senat, privržen izolacionizmu, se je zavrnil pridružiti Društvu narodov, kljub temu, da ga je ustanovil predsednik Wilson.","[""Prav"", ""Narobe""]",1,,,,,,
course_26_la_creation_de_l_onu_1945,course_26_la_creation_de_l_onu_1945_q4,mcq,Kakšna je pravica veta v Varnostnem svetu ZN?,Vsaka od petih stalnih članic Varnostnega sveta lahko blokira resolucijo s svojo pravico veta.,"[""Možnost stalnega člana, da blokira resolucijo"", ""Volilna pravica vseh držav članic"", ""Pooblastilo za razpustitev občnega zbora"", ""Pravica do izključitve države iz ZN""]",0,,,,,,
course_26_la_creation_de_l_onu_1945,course_26_la_creation_de_l_onu_1945_q5,mcq,Katerih pet držav je leta 1945 postalo stalnih članic Varnostnega sveta?,"Pet zmagovalk iz leta 1945, ZDA, ZSSR, Velika Britanija, Francija in Kitajska, je postalo stalne članice s pravico veta.","[""ZDA, ZSSR, Združeno kraljestvo, Francija, Kitajska"", ""ZDA, Nemčija, Japonska, Italija, Kitajska"", ""ZSSR, Kitajska, Indija, Brazilija, Nemčija"", ""Združeno kraljestvo, Francija, Španija, Portugalska, Kitajska""]",0,,,,,,
course_26_la_creation_de_l_onu_1945,course_26_la_creation_de_l_onu_1945_q6,trueFalse,Res ali ne: Ukrepi SZO so leta 1980 omogočili izkoreninjenje črnih koz.,"Svetovna zdravstvena organizacija, agencija ZN, je usklajevala prizadevanja, ki so leta 1980 privedla do izkoreninjenja črnih koz.","[""Prav"", ""Narobe""]",0,,,,,,
course_26_la_creation_de_l_onu_1945,course_26_la_creation_de_l_onu_1945_q7,numericSlider,Koliko držav je danes članic OZN glede na tečaj?,"ZN ima danes 193 članic, v primerjavi z 51 podpisnicami leta 1945.",,,,193.0,150.0,220.0,5.0,
course_26_la_creation_de_l_onu_1945,course_26_la_creation_de_l_onu_1945_q8,mcq,"Katera konferenca februarja 1945 med Rooseveltom, Churchillom in Stalinom je oblikovala strukturo ZN?","Konferenca v Jalti februarja 1945 je združila Roosevelta, Churchilla in Stalina ter oblikovala prihodnjo organizacijo Združenih narodov.","[""Konferenca v Jalti"", ""Konferenca v San Franciscu"", ""Potsdamska konferenca"", ""Ženevska konferenca""]",0,,,,,,
course_27_la_naissance_de_l_ue_de_la_ceca_a_maastr,course_27_la_naissance_de_l_ue_de_la_ceca_a_maastr_q1,mcq,Kaj je cilj Schumanove deklaracije iz leta 1950?,"Jean Monnet in Robert Schuman predlagata, da se francosko-nemški premog in jeklo postavi pod skupno visoko oblast, da bi vojno onemogočili.","[""Postaviti francosko-nemško proizvodnjo premoga in jekla pod skupno oblast"", ""Ustvarite enotno evropsko valuto"", ""Ustanovitev skupne evropske vojske"", ""Vzpostavite prost pretok ljudi""]",0,,,,,,
course_27_la_naissance_de_l_ue_de_la_ceca_a_maastr,course_27_la_naissance_de_l_ue_de_la_ceca_a_maastr_q2,mcq,"Katere države se pridružijo Franciji in Nemčiji v ESPJ, ustanovljeni leta 1951?","Italija, Belgija, Nizozemska in Luksemburg (Beneluks) se pridružijo Franciji in Nemčiji v ESPJ.","[""Italija in Beneluks"", ""Združeno kraljestvo in Irska"", ""Španija in Portugalska"", ""Poljska in Češkoslovaška""]",0,,,,,,
course_27_la_naissance_de_l_ue_de_la_ceca_a_maastr,course_27_la_naissance_de_l_ue_de_la_ceca_a_maastr_q3,trueFalse,"Res ali ne: ESPJ je prvič, da države prenesejo del svoje suverenosti na telo, ki jih presega.","ESPJ je zgodovinski dogodek: države sprejemajo, da skupna visoka oblast odloča nad njimi na ključnem industrijskem območju.","[""Prav"", ""Narobe""]",0,,,,,,
course_27_la_naissance_de_l_ue_de_la_ceca_a_maastr,course_27_la_naissance_de_l_ue_de_la_ceca_a_maastr_q4,mcq,"Kaj ustvarjajo Rimske pogodbe, podpisane 25. marca 1957?","Šesterica podpiše pogodbe v Rimu, ki ustvarjata Evropsko gospodarsko skupnost (EGS) in Euratom za civilni atom.","[""EGS in Euratom"", ""ESPJ in Nato"", ""Evro in Evropska centralna banka"", ""Maastrichtska pogodba""]",0,,,,,,
course_27_la_naissance_de_l_ue_de_la_ceca_a_maastr,course_27_la_naissance_de_l_ue_de_la_ceca_a_maastr_q5,mcq,Katera pogodba je leta 1992 preoblikovala EGS v Evropsko unijo?,S pogodbo iz Maastrichta (1992) je bila ustanovljena Evropska unija z evropskim državljanstvom ter ekonomsko in monetarno unijo.,"[""Maastrichtska pogodba"", ""Rimska pogodba"", ""Lizbonska pogodba"", ""Schumanova deklaracija""]",0,,,,,,
course_27_la_naissance_de_l_ue_de_la_ceca_a_maastr,course_27_la_naissance_de_l_ue_de_la_ceca_a_maastr_q6,trueFalse,Res ali ne: evrski kovanci in bankovci so bili dani v obtok takoj po podpisu Maastrichtske pogodbe leta 1992.,"Evro je postal pisna resničnost šele leta 1999, nato pa je v kovancih in bankovcih krožil šele od 1. januarja 2002.","[""Prav"", ""Narobe""]",1,,,,,,
course_27_la_naissance_de_l_ue_de_la_ceca_a_maastr,course_27_la_naissance_de_l_ue_de_la_ceca_a_maastr_q7,numericSlider,"Kdaj so se Združeno kraljestvo, Irska in Danska pridružile EGS?","Združeno kraljestvo, Irska in Danska so se EGS pridružile leta 1973 in s tem razširile začetni mali industrijski krog.",,,,1973.0,1950.0,2000.0,3.0,
course_27_la_naissance_de_l_ue_de_la_ceca_a_maastr,course_27_la_naissance_de_l_ue_de_la_ceca_a_maastr_q8,chronological,Postavite te faze evropske gradnje v kronološki vrstni red.,"Od Schumanove deklaracije (1950) do ESPJ (1951), nato od Rimskih pogodb (1957) do Maastrichta (1992) evropsko povezovanje napreduje postopoma.",,,"[""Schumanova deklaracija o premogu in jeklu"", ""Ustanovitev ESPJ"", ""Podpis Rimskih pogodb"", ""Podpis Maastrichtske pogodbe""]",,,,,
course_28_le_genocide_rwandais_1994,course_28_le_genocide_rwandais_1994_q1,mcq,Kdo je leta 1933 na osebni izkaznici zapisal etnično pripadnost Hutu/Tutsi?,"Leta 1933 je belgijska uprava na osebni izkaznici določila narodnostno pripadnost, čeprav je bila prej predvsem socialna in ekonomska.","[""Belgijska kolonialna uprava"", ""Francoska vlada"", ""ZN"", ""Kralj Ruande""]",0,,,,,,
course_28_le_genocide_rwandais_1994,course_28_le_genocide_rwandais_1994_q2,trueFalse,"Res ali ne: pred kolonizacijo je Hutu, obogaten z živino, lahko postal Tutsi.",Razlika med Hutuji in Tutsiji je bila pred kolonizacijo predvsem družbena in ekonomska in se je lahko razvila z bogastvom živine.,"[""Prav"", ""Narobe""]",0,,,,,,
course_28_le_genocide_rwandais_1994,course_28_le_genocide_rwandais_1994_q3,mcq,Kateri dogodek 6. aprila 1994 je bil povod za začetek genocida?,6. aprila 1994 je bilo sestreljeno predsedniško letalo; v eni uri se jezovi zaprejo in začne se genocid.,"[""Letalo predsednika Habyarimane je sestreljeno"", ""Razglašena je neodvisnost Ruande"", ""RPF zavzame Kigali"", ""Ustvarjen je Radio des Mille Collines""]",0,,,,,,
course_28_le_genocide_rwandais_1994,course_28_le_genocide_rwandais_1994_q4,mcq,Kakšno vlogo je imel Radio des Mille Collines pred in med genocidom?,"Radio des Mille Collines dnevno oddaja sovražno propagando, ki pripravlja in spremlja poboje.","[""Vsak dan širi sovraštvo in razčloveči Tutsije"", ""Poziva k narodni spravi"", ""Posreduje sporočila za javnost ZN"", ""Cenzurira ga Habyarimanov režim""]",0,,,,,,
course_28_le_genocide_rwandais_1994,course_28_le_genocide_rwandais_1994_q5,trueFalse,Res ali ne: genocid v Ruandi leta 1994 je bil eksplozija spontanega nasilja brez predhodne organizacije.,"Masaker, ki so ga izvedli sosedje, sodelavci in lokalne oblasti, je bil posledica načrtovane operacije in ne spontane eksplozije.","[""Prav"", ""Narobe""]",1,,,,,,
course_28_le_genocide_rwandais_1994,course_28_le_genocide_rwandais_1994_q6,mcq,Zakaj so ZDA leta 1994 upočasnile kakršno koli intervencijo v Ruandi?,"Travmatizirane zaradi neuspeha v Somaliji ZDA upočasnjujejo vsakršno posredovanje in se celo izogibajo besedi ""genocid"".","[""Ostajajo zaznamovani z neuspehom njihovega posredovanja v Somaliji"", ""Podpirajo režim Habyarimana"", ""Primanjkuje jim razpoložljivih vojaških sredstev"", ""Pogajajo se o trgovinskem sporazumu z Ruando""]",0,,,,,,
course_28_le_genocide_rwandais_1994,course_28_le_genocide_rwandais_1994_q7,mcq,Kdo je konkretno naredil konec pobojem z zavzetjem Kigalija 4. julija 1994?,"Z zavzetjem Kigalija so pokole končali ne ZN, ampak ofenziva RPF, ki jo je vodil Paul Kagame.","[""Ofenziva Ruandske patriotske fronte, ki jo je vodil Paul Kagame"", ""Misija ZN, ki ji je poveljeval Roméo Dallaire"", ""Francoska operacija Turquoise"", ""Začasna ruandska vlada""]",0,,,,,,
course_28_le_genocide_rwandais_1994,course_28_le_genocide_rwandais_1994_q8,numericSlider,"Koliko dni je trajal genocid v Ruandi, med aprilom in julijem 1994?","V samo 100 dneh, med aprilom in julijem 1994, je genocid pustil več sto tisoč mrtvih.",,,,100.0,30.0,200.0,10.0,dni
course_28_le_genocide_rwandais_1994,course_28_le_genocide_rwandais_1994_q9,chronological,Postavite te faze genocida v Ruandi v kronološki vrstni red.,Od etnične osebne izkaznice leta 1933 do zavzetja Kigalija 4. julija 1994 ti mejniki povzemajo mehaniko genocida in njegov konec.,,,"[""Fiksiranje etničnih identitet s strani belgijske kolonialne uprave"", ""Napad na predsedniško letalo"", ""Množični poboji po vsem ozemlju"", ""Ruandska domoljubna fronta je zavzela Kigali""]",,,,,
course_29_la_chute_du_mur_de_berlin_1989,course_29_la_chute_du_mur_de_berlin_1989_q1,mcq,"Kako dolgo je Berlinski zid delil mesto, preden je leta 1989 padel?","Leta 1961 zgrajen zid je 28 let delil Berlin, vse do njegovega padca v noči z 9. na 10. november 1989.","[""star 28 let"", ""10 let"", ""50 let"", ""5 let""]",0,,,,,,
course_29_la_chute_du_mur_de_berlin_1989,course_29_la_chute_du_mur_de_berlin_1989_q2,mcq,Zakaj je bil leta 1961 zgrajen Berlinski zid?,"Med letoma 1949 in 1961 je več kot 3 milijone Vzhodnih Nemcev zbežalo na Zahod; zid je zgrajen, da ustavi to krvavitev.","[""Za zaustavitev množičnega bega Nemcev z vzhoda na zahod"", ""Da bi preprečili prihod beguncev z Zahoda"", ""Za zaščito Berlina pred sovjetsko invazijo"", ""Ločiti ameriško in francosko okupacijsko cono""]",0,,,,,,
course_29_la_chute_du_mur_de_berlin_1989,course_29_la_chute_du_mur_de_berlin_1989_q3,trueFalse,Res ali ne: vzhodnonemški režim je zid uradno predstavljal kot »protifašistično varovalno obzidje«.,"Režim je trdil, da zadržuje vohune zunaj, namesto da bi priznal, da je zadrževal svoje državljane zunaj.","[""Prav"", ""Narobe""]",0,,,,,,
course_29_la_chute_du_mur_de_berlin_1989,course_29_la_chute_du_mur_de_berlin_1989_q4,mcq,Kateri dogodek maja 1989 je bil prvi pravi preboj železne zavese?,Maja 1989 je Madžarska odprla mejo z Avstrijo in s tem poskrbela za prvo pravo preboj v železno zaveso.,"[""Odprtje meje med Madžarsko in Avstrijo"", ""Padec berlinskega zidu"", ""Koncert Brucea Springsteena v vzhodnem Berlinu"", ""Zamenjava Ericha Honeckerja""]",0,,,,,,
course_29_la_chute_du_mur_de_berlin_1989,course_29_la_chute_du_mur_de_berlin_1989_q5,mcq,Kakšna napaka tiskovnega predstavnika Günterja Schabowskega je pospešila odprtje kontrolnih točk 9. novembra 1989?,"Schabowski je izpustil ""takoj, brez odlašanja"", čeprav naj bi ukrep veljal šele naslednji dan, kar je povzročilo naval Berlinčanov proti kontrolnim točkam.","[""Po pomoti sporoča, da nova pravila potovanja začnejo veljati takoj"", ""Napoveduje odstop vzhodnonemške vlade"", ""Razglasi ponovno združitev Nemčije"", ""Ukaže graničarjem, naj odprejo zid""]",0,,,,,,
course_29_la_chute_du_mur_de_berlin_1989,course_29_la_chute_du_mur_de_berlin_1989_q6,trueFalse,"Res ali ne: Mihail Gorbačov se je leta 1989 odločil vojaško zatreti protestna gibanja v vzhodni Evropi, kot leta 1968 v Pragi.","Gorbačov, nasprotno, noče zatreti svojih satelitov kot leta 1968, kar omogoča prosperitet protestnih gibanj.","[""Prav"", ""Narobe""]",1,,,,,,
course_29_la_chute_du_mur_de_berlin_1989,course_29_la_chute_du_mur_de_berlin_1989_q7,numericSlider,Kako dolg je Berlinski zid v kilometrih?,"Berlinski zid, zgrajen od leta 1961, se razprostira na 155 km.",,,,155.0,50.0,300.0,15.0,km
course_29_la_chute_du_mur_de_berlin_1989,course_29_la_chute_du_mur_de_berlin_1989_q8,chronological,Postavite te faze v zgodovini Berlinskega zidu v kronološki vrstni red.,"Od izgradnje zidu (1961) do njegovega padca (9. novembra 1989), nato ponovne združitve (3. oktobra 1990), ti mejniki zajemajo skoraj tri desetletja.",,,"[""Gradnja zidu med vzhodnim in zahodnim Berlinom"", ""Odprtje meje med Madžarsko in Avstrijo"", ""Padec berlinskega zidu"", ""Uradna ponovna združitev Nemčije""]",,,,,
course_2_l_appel_d_urbain_ii_et_la_1re_croisade_1,course_2_l_appel_d_urbain_ii_et_la_1re_croisade_1_q1,mcq,Kateri dogodek se je zgodil na koncilu v Clermontu novembra 1095?,"Na koncilu v Clermontu 27. novembra 1095 je Urban II pozval zahodne kristjane, naj gredo in osvobodijo Jeruzalem v zameno za odpuščanje njihovih grehov.","[""Papež Urban II poziva k križarski vojni za osvoboditev Jeruzalema"", ""Papež izobči bizantinskega cesarja"", ""Turki Seldžuki vdrejo v Italijo"", ""Križarji so našli latinske države na vzhodu""]",0,,,,,,
course_2_l_appel_d_urbain_ii_et_la_1re_croisade_1,course_2_l_appel_d_urbain_ii_et_la_1re_croisade_1_q2,mcq,"Kateri dogodek je spodbudil bizantinskega cesarja Alekseja I. Komnena, da je papeža zaprosil za pomoč?","Leta 1071 so Turki Seldžuki v Mantzikertu razbili bizantinsko vojsko in odprli Anatolijo, kar je prisililo Aleksija I. Komnena, da je zaprosil za Rim.","[""Poraz Mantzikerta proti Turkom Seldžukom"", ""Zavzetje Jeruzalema s strani muslimanov"", ""Vreča Konstantinopla"", ""Smrt njegovega predhodnika""]",0,,,,,,
course_2_l_appel_d_urbain_ii_et_la_1re_croisade_1,course_2_l_appel_d_urbain_ii_et_la_1re_croisade_1_q3,trueFalse,"Res ali ne: »križarska vojna revežev«, ki jo je vodil Peter Puščavnik, je bila disciplinirana vojska, ki je brez težav dosegla Jeruzalem.","Brez discipline ali oskrbe je ta četa revnih ljudi plenila na svoji poti in bila zdesetkana v Anatoliji, preden je dosegla Jeruzalem.","[""Prav"", ""Narobe""]",1,,,,,,
course_2_l_appel_d_urbain_ii_et_la_1re_croisade_1,course_2_l_appel_d_urbain_ii_et_la_1re_croisade_1_q4,mcq,"Kaj Urban II obljublja tistim, ki gredo na križarsko vojno?","Urban II obljublja popolni odpustek: popolno odpuščanje grehov za tiste, ki sprejmejo križ.","[""Popoln odpust kazni za njihove grehe"", ""Zagotovljena zemlja v Sveti deželi"", ""Plača, ki jo plačuje Cerkev"", ""Dedni plemiški naziv""]",0,,,,,,
course_2_l_appel_d_urbain_ii_et_la_1re_croisade_1,course_2_l_appel_d_urbain_ii_et_la_1re_croisade_1_q5,trueFalse,Res ali ne: po zavzetju Jeruzalema se je Godfrey Bouillonski razglasil za kralja mesta.,"Godfrey Bouillonski je zavrnil naslov kralja in se je raje imenoval Priznanec svetega groba, zaščitnik Kristusovega groba.","[""Prav"", ""Narobe""]",1,,,,,,
course_2_l_appel_d_urbain_ii_et_la_1re_croisade_1,course_2_l_appel_d_urbain_ii_et_la_1re_croisade_1_q6,chronological,Postavite te dogodke v zgodovino križarskih vojn v kronološkem vrstnem redu.,"Ti mejniki segajo od 1071 do 1187: bizantinski poraz je pred papeževim pozivom, ki je pred zavzetjem in nato ponovnim zavzetjem Jeruzalema.",,,"[""Bizantinski poraz Mantzikerta proti Turkom Seldžukom"", ""Poziv h križarski vojni na koncilu v Clermontu"", ""Zavzetje Jeruzalema s strani križarjev"", ""Ponovno zavzetje Jeruzalema s strani Saladina""]",,,,,
course_2_l_appel_d_urbain_ii_et_la_1re_croisade_1,course_2_l_appel_d_urbain_ii_et_la_1re_croisade_1_q7,numericSlider,Katerega leta so križarji zavzeli Jeruzalem?,Jeruzalem je padel 15. julija 1099 po odhodu ekspedicije leta 1096 in obleganju Antiohije.,,,,1099.0,1050.0,1150.0,5.0,
course_2_l_appel_d_urbain_ii_et_la_1re_croisade_1,course_2_l_appel_d_urbain_ii_et_la_1re_croisade_1_q8,mcq,Kateri muslimanski sultan leta 1187 ponovno zavzame Jeruzalem?,"Leta 1187 je sultan Saladin ponovno zavzel Jeruzalem od križarjev, s čimer se je ponovno začel cikel križarskih vojn.","[""Saladin"", ""Alp Arslan"", ""Bohemond iz Taranta"", ""Aleksej I. Komnen""]",0,,,,,,
course_2_l_appel_d_urbain_ii_et_la_1re_croisade_1,course_2_l_appel_d_urbain_ii_et_la_1re_croisade_1_q9,numericSlider,"Katerega leta je padel Saint-Jean-d'Acre, zadnji bastion latinskih držav na vzhodu?",Padec Saint-Jean-d'Acre leta 1291 pomeni konec latinske prisotnosti v Sveti deželi.,,,,1291.0,1200.0,1350.0,10.0,
course_30_la_blitzkrieg_1940,course_30_la_blitzkrieg_1940_q1,mcq,"Kdo je izumil izraz ""Blitzkrieg"" za označevanje nemške strategije leta 1940?","Beseda Blitzkrieg ni uradna v Wehrmachtu; Nemci govorijo o vojni gibanja, anglosaški tisk je izumil izraz.","[""Anglosaški tisk"", ""Nemško vrhovno poveljstvo"", ""Francoska vlada"", ""Winston Churchill""]",0,,,,,,
course_30_la_blitzkrieg_1940,course_30_la_blitzkrieg_1940_q2,mcq,"Katero nemško načelo sestoji iz osredotočanja vseh sredstev na ozko točko, da bi prebili sovražnikovo fronto?","Schwerpunkt označuje koncentracijo sil na določeni točki, ključno načelo nemškega mobilnega vojskovanja.","[""Schwerpunkt"", ""Sichelschnitt"", ""Linija Maginot"", ""Blitzkrieg""]",0,,,,,,
course_30_la_blitzkrieg_1940,course_30_la_blitzkrieg_1940_q3,trueFalse,Res ali ne: sirene nemških Stuk so imele resnično vojaško uporabo pri odkrivanju sovražnikovih položajev.,Te sirene z vzdevkom »jerihonske trobente« niso imele prave vojaške uporabe: uporabljali so jih samo za teroriziranje vojakov in civilistov.,"[""Prav"", ""Narobe""]",1,,,,,,
course_30_la_blitzkrieg_1940,course_30_la_blitzkrieg_1940_q4,mcq,"Katero regijo, ki so jo imeli Francozi za neprehodno, je maja 1940 prečkala večina nemških tankov?","Po nasvetu generala von Mansteina je načrt Sichelschnitt pripeljal večino nemških tankov čez Ardene, ki so veljali za neprehodne.","[""Ardeni"", ""Vogezi"", ""Normandija"", ""Provansa""]",0,,,,,,
course_30_la_blitzkrieg_1940,course_30_la_blitzkrieg_1940_q5,mcq,Koliko francosko-britanskih vojakov je bilo evakuiranih med operacijo Dynamo v Dunkerqueu?,Operacija Dynamo evakuira 338.000 francosko-britanskih vojakov v Anglijo in tako reši britansko vojsko.,"[""338 000"", ""50 000"", ""1 milijon"", ""10 000""]",0,,,,,,
course_30_la_blitzkrieg_1940,course_30_la_blitzkrieg_1940_q6,trueFalse,Res ali ne: premirje iz leta 1940 je bilo podpisano v istem vagonu kot premirje iz leta 1918 v Compiègnu.,"Hitler odpelje voz iz muzeja v Compiègnu, da bi uprizoril svoje maščevanje, 22 let po nemški kapitulaciji leta 1918.","[""Prav"", ""Narobe""]",0,,,,,,
course_30_la_blitzkrieg_1940,course_30_la_blitzkrieg_1940_q7,numericSlider,V koliko tednih je nemška vojska leta 1940 osvojila Francijo in Beneluks?,"V samo šestih tednih, od 10. maja do 22. junija 1940, je nemška vojska osvojila Francijo, Nizozemsko, Belgijo in Luksemburg.",,,,6.0,1.0,20.0,1.0,tednov
course_30_la_blitzkrieg_1940,course_30_la_blitzkrieg_1940_q8,mcq,Iz katerega mesta je general de Gaulle poslal svoj poziv z dne 18. junija 1940?,"18. junija 1940 je general de Gaulle iz Londona na BBC poslal svoj poziv, da je Francija izgubila bitko, ne vojne.","[""London"", ""Pariz"", ""Vichy"", ""Alžir""]",0,,,,,,
course_30_la_blitzkrieg_1940,course_30_la_blitzkrieg_1940_q9,chronological,Postavite te faze kampanje leta 1940 v kronološki vrstni red.,Od ofenzive 10. maja do premirja 22. junija 1940 te etape povzemajo bliskovit poraz Francije v šestih tednih.,,,"[""Nemška ofenziva na zahodu"", ""Tankovni preboj pri Sedanu"", ""Evakuacija zavezniških čet v Dunkerqueu"", ""Podpis francosko-nemškega premirja""]",,,,,
course_31_le_plan_marshall_1947_1952,course_31_le_plan_marshall_1947_1952_q1,mcq,Kdo je junija 1947 napovedal Marshallov načrt?,Junija 1947 je ameriški državni sekretar George Marshall objavil načrt pomoči brez primere za obnovo Evrope.,"[""Ameriški državni sekretar George Marshall"", ""Predsednik Harry Truman"", ""General Eisenhower"", ""Generalni sekretar ZN""]",0,,,,,,
course_31_le_plan_marshall_1947_1952,course_31_le_plan_marshall_1947_1952_q2,mcq,Kakšna je prava strategija v ozadju Marshallovega načrta po rekonstrukciji?,"Načrt, uradno pomoč za obnovo, je namenjen tudi preprečitvi, da bi revščina potisnila Zahodno Evropo proti komunizmu, ki se sooča z ZSSR.","[""Preprečiti, da bi revščina potisnila Zahodno Evropo proti komunizmu"", ""Financiranje skupne evropske vojske"", ""Ekonomsko priključiti Zahodno Evropo"", ""Poplačajte evropske vojne dolgove""]",0,,,,,,
course_31_le_plan_marshall_1947_1952,course_31_le_plan_marshall_1947_1952_q3,trueFalse,Res ali ne: Stalin sprejema pomoč po Marshallovem načrtu ZSSR in njenim zavezniškim državam.,"Stalin ponudbo zavrne in Poljski in Češkoslovaški prepove, da bi jo sprejeli, s čimer celino razpolovi.","[""Prav"", ""Narobe""]",1,,,,,,
course_31_le_plan_marshall_1947_1952,course_31_le_plan_marshall_1947_1952_q4,mcq,Kakšen pogoj je postavil Marshall Evropejcem v svojem govoru na Harvardu 5. junija 1947?,"Marshall je zahteval, da se Evropejci organizirajo okoli skupnega načrta, namesto da prejemajo pomoč po državah.","[""Dogovoriti se morajo o skupnem načrtu, namesto da prejemajo razpršeno pomoč"", ""Pomoč morajo vrniti z obrestmi"", ""Morajo v Nato"", ""Sprejeti morajo dolar kot svojo valuto""]",0,,,,,,
course_31_le_plan_marshall_1947_1952,course_31_le_plan_marshall_1947_1952_q5,mcq,V kakšni obliki ameriška pomoč večinoma prihaja v Evropo?,"Pomoč ni sestavljena predvsem iz vstopnic, temveč iz materialnih dobrin: strojev, premoga, traktorjev, hrane.","[""Stroji, premog, traktorji in hrana"", ""Samo dolarski bankovci"", ""Orožje in strelivo"", ""Dolgoročna bančna posojila""]",0,,,,,,
course_31_le_plan_marshall_1947_1952,course_31_le_plan_marshall_1947_1952_q6,trueFalse,Res ali ne: leta 1952 je industrijska proizvodnja v Zahodni Evropi ostala pod predvojno ravnjo.,"Do leta 1952 je industrijska proizvodnja presegla predvojno raven za 35 %, kar označuje gospodarski uspeh načrta.","[""Prav"", ""Narobe""]",1,,,,,,
course_31_le_plan_marshall_1947_1952,course_31_le_plan_marshall_1947_1952_q7,numericSlider,Koliko milijard dolarjev so ZDA poslale v Evropo med letoma 1948 in 1952?,Med letoma 1948 in 1952 so ZDA poslale približno 13 milijard dolarjev oziroma danes več kot 150 milijard.,,,,13.0,1.0,50.0,2.0,milijarde dolarjev
course_31_le_plan_marshall_1947_1952,course_31_le_plan_marshall_1947_1952_q8,mcq,Kakšno organizacijo ustanavlja 16 držav zahodne Evrope za razdeljevanje ameriške pomoči?,"16 držav zahodne Evrope se združuje v OEEC, organizaciji, odgovorni za razdeljevanje sredstev Marshallovega načrta.","[""OEEC"", ""ESPJ"", ""Nato"", ""IMF""]",0,,,,,,
course_32_la_guerre_du_vietnam_1955_1975,course_32_la_guerre_du_vietnam_1955_1975_q1,mcq,Kaj so glede Vietnama odločili ženevski sporazumi iz leta 1954?,"Ženevski sporazumi iz leta 1954 so Vietnam ob 17. vzporedniku začasno razdelili na dva dela, s Ho Ši Minom na severu in režimom, ki ga podpira Washington na jugu.","[""Razdelitev države na dvoje na 17. vzporedniku"", ""Takojšnja in enotna neodvisnost Vietnama"", ""Popoln umik francoskih čet brez kakršnega koli ozemeljskega dogovora"", ""Ustanovitev federacije z Laosom in Kambodžo""]",0,,,,,,
course_32_la_guerre_du_vietnam_1955_1975,course_32_la_guerre_du_vietnam_1955_1975_q2,mcq,"Katera teorija spodbudi predsednika Kennedyja in nato Johnsona, da posredujeta v Vietnamu?","Po tej teoriji, če ena država pade pod komunizem, bi ji njene sosede sledile v kaskadi, kar upravičuje ameriško posredovanje.","[""Teorija domin"", ""Trumanova doktrina"", ""Marshallov načrt"", ""Politika odprtih vrat""]",0,,,,,,
course_32_la_guerre_du_vietnam_1955_1975,course_32_la_guerre_du_vietnam_1955_1975_q3,trueFalse,Res ali ne: incident v Tonkinškem zalivu avgusta 1964 je služil kot pretveza za razširitev ameriške vojaške obveznosti.,"Ta pomorski incident, katerega resničnost je zasebno izpodbijal sam Johnson, je služil za opravičevanje vojaške eskalacije od leta 1965.","[""Prav"", ""Narobe""]",0,,,,,,
course_32_la_guerre_du_vietnam_1955_1975,course_32_la_guerre_du_vietnam_1955_1975_q4,mcq,"Kakšno strategijo so sprejeli Američani, ne da bi jim uspelo prekiniti oskrbo Severnega Vietnama?","Ta strategija iskanja in nato uničenja sovražnika ni dovolj za prekinitev Ho Ši Minhove poti, severne oskrbovalne poti.","[""Iskanje in uničenje"", ""Popolna pomorska blokada"", ""Rovsko bojevanje"", ""Diplomatsko zadrževanje""]",0,,,,,,
course_32_la_guerre_du_vietnam_1955_1975,course_32_la_guerre_du_vietnam_1955_1975_q5,numericSlider,Koliko ameriških vojakov je bilo v Vietnamu leta 1969?,"Leta 1969 je bilo tam razporejenih približno 543.000 ameriških vojakov, ne da bi jim uspelo zlomiti severnovietnamski odpor.",,,,543000.0,400000.0,700000.0,30000.0,vojaki
course_32_la_guerre_du_vietnam_1955_1975,course_32_la_guerre_du_vietnam_1955_1975_q6,percentageSlider,"Koliko gozdov v Južnem Vietnamu uničijo defolianti, kot je Agent Orange?",Več kot 80 milijonov litrov herbicidov je uničilo približno 20 % gozdov v Južnem Vietnamu.,,,,20.0,0.0,100.0,5.0,%
course_32_la_guerre_du_vietnam_1955_1975,course_32_la_guerre_du_vietnam_1955_1975_q7,mcq,Kaj je ofenziva Tet januarja 1968 spremenila v dojemanju spopada?,"Na terenu je ofenziva Severu spodletela, njen televizijski obseg v ZDA pa je bil v nasprotju z optimističnimi napovedmi iz Washingtona.","[""Razbija iluzijo skorajšnje ameriške zmage, kljub vojaškemu neuspehu severa"", ""To pomeni prvo nesporno ameriško vojaško zmago"", ""Izzove vstop Kitajske v vojno na strani juga"", ""Takoj je končala spopade s premirjem.""]",0,,,,,,
course_32_la_guerre_du_vietnam_1955_1975,course_32_la_guerre_du_vietnam_1955_1975_q8,chronological,Postavite te faze vietnamske vojne v kronološki vrstni red.,"Ti mejniki segajo od delitve leta 1954 do padca Saigona leta 1975, ki je zapečatil ponovno združitev države pod komunizmom.",,,"[""Razdelitev države na 17. vzporedniku"", ""Incident v Tonkinškem zalivu"", ""Tet ofenziva"", ""Podpis pariških sporazumov"", ""Padec Saigona""]",,,,,
course_32_la_guerre_du_vietnam_1955_1975,course_32_la_guerre_du_vietnam_1955_1975_q9,mcq,"Kateri pokol, ki so ga zagrešili ameriški vojaki leta 1968, razkriva nekatere vojne zločine spopada?","V My Laiju so ameriški vojaki leta 1968 pobili vietnamske civiliste, kar je šokiralo že tako razdeljeno ameriško mnenje.","[""Pokol v My Laiju"", ""Pokol v Sharpevillu"", ""Katynski masaker"", ""Pokol v Babi Yar""]",0,,,,,,
course_33_le_proces_de_nuremberg_1945_1946,course_33_le_proces_de_nuremberg_1945_1946_q1,mcq,"Katera linija na koncu prevlada pri presoji nacističnih voditeljev, ki jo podpira ameriški pravnik Robert Jackson?",Za razliko od predlogov Churchilla (usmrtitve po hitrem postopku) ali Stalina (sojenje z določeno sodbo) ameriška linija nalaga pravo kontradiktorno sojenje.,"[""Sojenje z dokazi in pravico do obrambe"", ""Usmrtitve brez sojenja"", ""Sojenje, katerega sodba je napisana vnaprej"", ""Povsem verska sodba""]",0,,,,,,
course_33_le_proces_de_nuremberg_1945_1946,course_33_le_proces_de_nuremberg_1945_1946_q2,mcq,Katero novo pravno kategorijo je prvič ustvaril Londonski statut iz leta 1945?,"Poleg že znanih zarot, zločinov proti miru in vojnih zločinov se v mednarodnem pravu prvič pojavljajo zločini proti človeštvu.","[""Zločini proti človečnosti"", ""Vojni zločini"", ""Zločin genocida"", ""Državna izdaja""]",0,,,,,,
course_33_le_proces_de_nuremberg_1945_1946,course_33_le_proces_de_nuremberg_1945_1946_q3,trueFalse,Res ali ne: nürnberški procesi so se kot dokaz zanašali predvsem na same nacistične arhive.,"Odvetnik Robert Jackson uporablja predvsem milijone strani arhivov, fotografij in dnevnikov, ki jih je ustvaril sam nacistični režim.","[""Prav"", ""Narobe""]",0,,,,,,
course_33_le_proces_de_nuremberg_1945_1946,course_33_le_proces_de_nuremberg_1945_1946_q4,mcq,"Kdo s svojo arogantnostjo dominira na zatožni klopi, kot nekdanji vodja Luftwaffe?","Hermann Göring, nekdanji vodja nemških zračnih sil, izstopa po svojem provokativnem odnosu do sodnikov.","[""Hermanna Göringa"", ""Albert Speer"", ""Josip Stalin"", ""Winston Churchill""]",0,,,,,,
course_33_le_proces_de_nuremberg_1945_1946,course_33_le_proces_de_nuremberg_1945_1946_q5,numericSlider,Koliko obtožencev je sodilo na Nürnberškem procesu?,"Štiriindvajsetim nacističnim voditeljem, ki so predstavljali režimski aparat, sodijo pred mednarodnim sodiščem.",,,,24.0,10.0,40.0,2.0,
course_33_le_proces_de_nuremberg_1945_1946,course_33_le_proces_de_nuremberg_1945_1946_q6,mcq,Kaj Nürnberška načela pravijo o uboganju ukazov?,"Sodišče potrjuje, da ima individualna odgovornost prednost: upoštevanje ukazov ni veljavno opravičilo za kaznivo dejanje.","[""Uboganje nadrejenega vas ne odvezuje zločina"", ""Uboganje nadrejenega vas popolnoma osvobodi odgovornosti"", ""Sodijo se lahko le voditelji držav"", ""Edino veljavno dokazilo so pisne odredbe""]",0,,,,,,
course_33_le_proces_de_nuremberg_1945_1946,course_33_le_proces_de_nuremberg_1945_1946_q7,trueFalse,Res ali ne: vseh 24 obtožencev na nürnberških procesih je bilo obsojenih na smrt.,"Sodba razlikuje individualne odgovornosti: 12 smrtnih obsodb, 3 doživljenjske ječe, 4 zaporne kazni in 3 oprostilne sodbe.","[""Prav"", ""Narobe""]",1,,,,,,
course_33_le_proces_de_nuremberg_1945_1946,course_33_le_proces_de_nuremberg_1945_1946_q8,chronological,Postavite te faze nürnberškega procesa in njegovo zapuščino v kronološki vrstni red.,Od Londonskega statuta avgusta 1945 do ustanovitve Mednarodnega kazenskega sodišča leta 2002 Nürnberg odpira pot trajni mednarodni pravičnosti.,,,"[""Podpis Londonskega statuta"", ""Začetek sojenja pred mednarodnim sodiščem"", ""Razglasitev pravnomočne sodbe"", ""Ustanovitev Mednarodnega kazenskega sodišča""]",,,,,
course_33_le_proces_de_nuremberg_1945_1946,course_33_le_proces_de_nuremberg_1945_1946_q9,mcq,"Katere omejitve so bile kritizirane za nürnberške procese v zvezi z zločini, ki so jih zagrešili zavezniki sami?","Pokolu v Katynu, kjer so leta 1940 Sovjeti ubili poljske častnike, nikoli niso sodili, kar je spodbudilo idejo pravičnosti spremenljive geometrije.","[""Pomanjkanje sodbe o pokolu v Katinu, ki so ga zagrešili Sovjeti"", ""Odsotnost kakršnih koli dokumentarnih dokazov"", ""Zavrnitev imenovanja ameriškega sodnika"", ""Združeno kraljestvo bojkotira sojenje""]",0,,,,,,
course_34_la_decolonisation_panorama_1945_1975,course_34_la_decolonisation_panorama_1945_1975_q1,mcq,"Katero besedilo iz leta 1941, ki sta ga podpisala Roosevelt in Churchill, na novo interpretirajo gibanja za neodvisnost, da zahtevajo svojo suverenost?","Čeprav je Churchill želel omejiti njen obseg na Evropo, so afriški in azijski voditelji pograbili to obljubo o pravici ljudi do izbire svoje vlade.","[""Atlantska listina"", ""Listina iz San Francisca"", ""Versajska pogodba"", ""Splošna deklaracija človekovih pravic""]",0,,,,,,
course_34_la_decolonisation_panorama_1945_1975,course_34_la_decolonisation_panorama_1945_1975_q2,trueFalse,"Res ali ne: Združeno kraljestvo se na splošno pogaja o neodvisnosti svojih kolonij, da bi ohranilo vpliv prek Commonwealtha.","Za razliko od Francije je Združeno kraljestvo naklonjeno prehodu s pogajanji, hkrati pa ohranja povezave prek Commonwealtha, kluba nekdanjih kolonij.","[""Prav"", ""Narobe""]",0,,,,,,
course_34_la_decolonisation_panorama_1945_1975,course_34_la_decolonisation_panorama_1945_1975_q3,mcq,Katera država je leta 1957 pod vodstvom Kwameja Nkrumaha postala prva britanska kolonija v neodvisni podsaharski Afriki?,Kwame Nkrumah je leta 1957 pridobil suverenost nad Gano in s tem utrl pot afriški neodvisnosti.,"[""Gana"", ""Kenija"", ""Nigerija"", ""Južna Afrika""]",0,,,,,,
course_34_la_decolonisation_panorama_1945_1975,course_34_la_decolonisation_panorama_1945_1975_q4,mcq,Katera francoska kolonialna vojna je leta 1958 povzročila padec Četrte republike?,"Alžirska vojna (1954-1962), še posebej nasilna, je povzročila politično krizo, ki je končala Četrto republiko.","[""Alžirska vojna"", ""Indokitajska vojna"", ""Vietnamska vojna"", ""Vojna Rif""]",0,,,,,,
course_34_la_decolonisation_panorama_1945_1975,course_34_la_decolonisation_panorama_1945_1975_q5,numericSlider,"Koliko francoskih kolonij je postalo suverenih leta 1960, »leto Afrike«?","Leta 1960 je štirinajst francoskih kolonij pridobilo neodvisnost v enem samem letu, kar je gibanje brez primere.",,,,14.0,5.0,25.0,2.0,
course_34_la_decolonisation_panorama_1945_1975,course_34_la_decolonisation_panorama_1945_1975_q6,mcq,"Kaj se zgodi s Patriceom Lumumbo, prvim predsednikom vlade neodvisnega Konga?",Prenagljen odhod Belgije iz Konga je povzročil politični kaos in atentat na Lumumbo.,"[""Umorjen je po naglem belgijskem odhodu, ki povzroči kaos"", ""Mirno se pogaja o ohranitvi Belgije na oblasti"", ""Postane prvi predsednik Afriške unije"", ""V Bandungu je ustanovil gibanje neuvrščenih""]",0,,,,,,
course_34_la_decolonisation_panorama_1945_1975,course_34_la_decolonisation_panorama_1945_1975_q7,mcq,"Kakšno načelo zagovarja 29 držav, zbranih na konferenci v Bandungu leta 1955?","Te azijske in afriške države, ki so bile prvič združene, zagovarjajo neuvrščenost in ne samodejno izbiro med Washingtonom in Moskvo.","[""Neuvrščenost, zavračanje avtomatične izbire strani hladne vojne"", ""Kolektivno članstvo v sovjetskem taboru"", ""Oblikovanje skupne afriške in azijske valute"", ""Ohranjanje kolonialnih imperijev v federalni obliki""]",0,,,,,,
course_34_la_decolonisation_panorama_1945_1975,course_34_la_decolonisation_panorama_1945_1975_q8,trueFalse,Res ali ne: izraz »tretji svet« je leta 1952 skoval francoski demograf Alfred Sauvy.,Alfred Sauvy je izumil ta izraz leta 1952 po analogiji s tretjim stanom iz leta 1789.,"[""Prav"", ""Narobe""]",0,,,,,,
course_34_la_decolonisation_panorama_1945_1975,course_34_la_decolonisation_panorama_1945_1975_q9,chronological,Postavite te stopnje dekolonizacije v kronološki vrstni red.,"Ti mejniki segajo od indijske neodvisnosti leta 1947 do konca iberskih imperijev leta 1975, ki je končal val dekolonizacije.",,,"[""Neodvisnost Indije in Pakistana"", ""Bandungska konferenca"", ""Val francosko govoreče neodvisnosti v Afriki"", ""Konec alžirske vojne"", ""Neodvisnost portugalskih kolonij""]",,,,,
course_35_l_apartheid_et_mandela_1948_1994,course_35_l_apartheid_et_mandela_1948_1994_q1,mcq,"Kaj pomeni beseda ""apartheid"" v afrikanščini?","»Apartheid« v afrikanščini pomeni »ločitev«, ime, ki povzema načelo sistema, vzpostavljenega leta 1948.","[""Ločitev"", ""Enakopravnost"", ""Sprava"", ""Svoboda""]",0,,,,,,
course_35_l_apartheid_et_mandela_1948_1994,course_35_l_apartheid_et_mandela_1948_1994_q2,mcq,Kakšno vlogo imajo bantustanci v sistemu apartheida?,"Bantustani, ki naj bi bili »nacionalna središča«, pokrivajo le 13 % ozemlja in služijo predvsem odvzemu južnoafriškega državljanstva črncem.","[""Odstranite južnoafriško državljanstvo črncem tako, da jih omejite na majhne rezervate"", ""Ponudite resnično gospodarsko avtonomijo temnopoltemu prebivalstvu"", ""Zagotoviti volilno pravico za prebivalce, ki so razvrščeni kot Métis"", ""Ustvarite območja proste trgovine, odprta za vse""]",0,,,,,,
course_35_l_apartheid_et_mandela_1948_1994,course_35_l_apartheid_et_mandela_1948_1994_q3,trueFalse,"Res ali ne: Nelson Mandela je najprej verjel v nenasilje, preden se je pridružil oboroženemu boju.","Mandela se je sprva zavzemal za nenasilje, preden je spremenil strategijo po pokolu v Sharpevillu leta 1960.","[""Prav"", ""Narobe""]",0,,,,,,
course_35_l_apartheid_et_mandela_1948_1994,course_35_l_apartheid_et_mandela_1948_1994_q4,mcq,Kaj se je zgodilo med pokolom v Sharpevillu marca 1960?,"Policija je streljala na neoborožene demonstrante, ki so nasprotovali sistemu prepustnic, in ubila 69 ljudi, kar je ANC potisnilo v oborožen boj.","[""Policija strelja na neoboroženo množico, ki protestira proti prepustnicam"", ""Izgredniki zažgejo sedež Nacionalne stranke"", ""Južnoafriška vojska vdre v sosednjo državo"", ""Mandela je aretiran med mirnimi demonstracijami""]",0,,,,,,
course_35_l_apartheid_et_mandela_1948_1994,course_35_l_apartheid_et_mandela_1948_1994_q5,numericSlider,"Koliko let je Nelson Mandela preživel v ujetništvu, preden je bil izpuščen?","Mandela je bil leta 1962 aretiran in leta 1964 obsojen na dosmrtno zaporno kazen, februarja 1990 pa je bil po 27 letih zapora izpuščen.",,,,27.0,10.0,40.0,2.0,let
course_35_l_apartheid_et_mandela_1948_1994,course_35_l_apartheid_et_mandela_1948_1994_q6,mcq,"Kateri južnoafriški predsednik, ki je prišel na oblast leta 1989, je dal pobudo za konec apartheida?","De Klerk razume, da je za preživetje države potreben konec apartheida, in začne pogajanja z Mandelo.","[""Frederik Willem de Klerk"", ""Desmond Tutu"", ""Jacob Zuma"", ""Thabo Mbeki""]",0,,,,,,
course_35_l_apartheid_et_mandela_1948_1994,course_35_l_apartheid_et_mandela_1948_1994_q7,percentageSlider,S kolikšnim odstotkom glasov je bil Nelson Mandela izvoljen za predsednika aprila 1994?,"Na prvih večrasnih volitvah je ANC zmagal in Mandela je postal predsednik z 62,6 % glasov.",,,,62.6,0.0,100.0,5.0,%
course_35_l_apartheid_et_mandela_1948_1994,course_35_l_apartheid_et_mandela_1948_1994_q8,mcq,"Kakšno načelo predlaga Komisija za resnico in spravo, ki jo vodi Desmond Tutu?","Ta tranzicijska pravičnost ponuja amnestijo v zameno za javna priznanja, da se ugotovi resnica, ne da bi razstrelili državo.","[""Amnestija proti javnim izpovedim, izvedeti usodo žrtev"", ""Sistematično usmrtitev nekdanjih uradnikov apartheida"", ""Kolektivna amnezija, ki jo določa zakon"", ""Mednarodno sojenje za vse bele voditelje""]",0,,,,,,
course_35_l_apartheid_et_mandela_1948_1994,course_35_l_apartheid_et_mandela_1948_1994_q9,chronological,Postavite te faze apartheida in njegov padec v kronološki vrstni red.,Od pravne vzpostavitve segregacije leta 1948 do izvolitve Mandele leta 1994 ti mejniki obsegajo 46 let zgodovine Južne Afrike.,,,"[""Institucionalizacija apartheida s strani Nacionalne stranke"", ""Sharpeville Massacre"", ""Izpustitev Nelsona Mandele"", ""Večrasne volitve in izvolitev Mandele""]",,,,,
course_36_la_revolution_culturelle_en_chine_1966_1,course_36_la_revolution_culturelle_en_chine_1966_1_q1,mcq,"Kateri neuspeh je spodbudil Maa, da je želel ponovno pridobiti oblast s kulturno revolucijo?","Veliki skok naprej (1958-1962) je povzročil katastrofalno lakoto, ki je zamajala ugled Maa, ki so ga bolj pragmatični voditelji postavili na stran.","[""Neuspeh velikega skoka naprej, zaznamovan z lakoto in milijoni smrti"", ""Vojaški poraz proti Japonski"", ""Izguba Tajvana za nacionaliste"", ""Neuspeh ženevskih sporazumov o Indokini""]",0,,,,,,
course_36_la_revolution_culturelle_en_chine_1966_1,course_36_la_revolution_culturelle_en_chine_1966_1_q2,mcq,"Kaj obtožuje knjiga Dazibao »Bombardirajte štab«, ki jo je Mao objavil leta 1966?",Ta stenski plakat označuje začetek kulturne revolucije: Mao napoveduje vojno lastni administraciji.,"[""Strankarski voditelji obtoženi, da so \""revizionisti\"""", ""Japonska invazija na Mandžurijo"", ""Gospodarska politika zahodnih sil"", ""Pomanjkanje discipline v ljudski vojski""]",0,,,,,,
course_36_la_revolution_culturelle_en_chine_1966_1,course_36_la_revolution_culturelle_en_chine_1966_1_q3,mcq,"Kakšno nalogo je Mao zaupal Rdeči gardi, sestavljeni iz milijonov dijakov in študentov?","Rdeča garda, oborožena z Malo rdečo knjižico, napada vse, kar uteleša staro kulturo, ponižuje učitelje in partijske kadre.","[""Uničite \""štiri stare stvari\"": ideje, kulturo, običaje in navade"", ""Obnova infrastrukture, ki jo je uničila državljanska vojna"", ""Pogajanje z zahodnimi silami"", ""Nadzor nad novimi kmetijskimi kolektivizacijami""]",0,,,,,,
course_36_la_revolution_culturelle_en_chine_1966_1,course_36_la_revolution_culturelle_en_chine_1966_1_q4,trueFalse,Res ali ne: od leta 1967 so se različne frakcije Rdeče garde začele spopadati med seboj.,"Gibanje uide izpod nadzora in rivalske frakcije se med seboj pobijejo, zaradi česar mora Mao poklicati vojsko.","[""Prav"", ""Narobe""]",0,,,,,,
course_36_la_revolution_culturelle_en_chine_1966_1,course_36_la_revolution_culturelle_en_chine_1966_1_q5,numericSlider,Koliko mladih mestnih ljudi je bilo med kulturno revolucijo poslanih na »prevzgojo« na podeželje?,"Približno 17 milijonov mladih mestnih prebivalcev je poslanih na podeželje, da bi končali urbani kaos, ki ga je povzročila Rdeča garda.",,,,17.0,5.0,40.0,3.0,milijonov
course_36_la_revolution_culturelle_en_chine_1966_1,course_36_la_revolution_culturelle_en_chine_1966_1_q6,mcq,"Kdo je sestavljal »Tolpo štirih«, radikalno skupino, ki se je ob koncu kulturne revolucije borila za oblast?","Jiang Qing, Maova žena, vodi skupino radikalcev, ki se borijo za nasledstvo oblasti po Maovi smrti.","[""Skupina okrog Jiang Qing, Maove žene"", ""Skupina nacionalističnih generalov izgnana na Tajvan"", ""Krog sovjetskih diplomatov"", ""Nekdanji voditelji očiščeni kot Liu Shaoqi""]",0,,,,,,
course_36_la_revolution_culturelle_en_chine_1966_1,course_36_la_revolution_culturelle_en_chine_1966_1_q7,mcq,Katera formula povzema Deng Xiaopingov pragmatični obrat po kulturni revoluciji?,"Ta formula ponazarja gospodarski pragmatizem Deng Xiaopinga, ki daje prednost učinkovitosti pred čisto ideologijo.","[""\""Ni pomembno, ali je mačka bela ali črna, le da lovi miši\"""", ""\""Služiti predvsem ljudem\"""", ""\""Moč je na koncu orožja\"""", ""\""Naj cveti sto rož\""""]",0,,,,,,
course_36_la_revolution_culturelle_en_chine_1966_1,course_36_la_revolution_culturelle_en_chine_1966_1_q8,mcq,Koliko človeških davkov je ocenjeno za kulturno revolucijo?,"Ocene kažejo, da je neposredni človeški davek med 500.000 in 2 milijonoma smrti, ne da bi upoštevali življenja, uničena zaradi preganjanja.","[""Med 500.000 in 2 milijona neposrednih smrti"", ""Manj kot 10.000 mrtvih"", ""Več kot 20 milijonov smrti, kot med velikim skokom"", ""Ocena, ki ostaja povsem neznana""]",0,,,,,,
course_36_la_revolution_culturelle_en_chine_1966_1,course_36_la_revolution_culturelle_en_chine_1966_1_q9,chronological,Postavite te faze kulturne revolucije v kronološki vrstni red.,"Od Maovega poziva leta 1966 do reform Deng Xiaopinga leta 1978 ti mejniki zajemajo desetletje čistk, ki jim je sledil gospodarski premik.",,,"[""Maov poziv k \""bombardiranju štaba\"""", ""Izbruh nasilja med frakcijami Rdeče garde"", ""Maova smrt in aretacija Tolpe štirih"", ""Deng Xiaopingove gospodarske reforme""]",,,,,
course_37_la_shoah_mecanismes_d_un_genocide,course_37_la_shoah_mecanismes_d_un_genocide_q1,mcq,"Kaj pomeni beseda ""Shoah"" v hebrejščini?","""Shoah"" v hebrejščini pomeni ""katastrofa"", izraz, izbran za označevanje tega genocida.","[""Katastrofa"", ""Sprostitev"", ""Spomin"", ""Odpornost""]",0,,,,,,
course_37_la_shoah_mecanismes_d_un_genocide,course_37_la_shoah_mecanismes_d_un_genocide_q2,mcq,Kaj so nürnberški zakoni iz leta 1935 naredili nemškim Judom?,"Ti zakoni iz leta 1935 so nemškim Judom odvzeli državljanstvo in prepovedali medsebojne poroke, kar je bil prvi pravni korak k izključitvi.","[""Izguba državljanstva in prepoved mešanih zvez"", ""Takojšen izgon iz Nemčije"", ""Zaplemba vsega verskega premoženja"", ""Obveznost nošenja rumene zvezde""]",0,,,,,,
course_37_la_shoah_mecanismes_d_un_genocide,course_37_la_shoah_mecanismes_d_un_genocide_q3,trueFalse,"Res ali ne: po invaziji na Poljsko leta 1939 so nacisti zaprli Jude v gete, kot sta tista v Varšavi in Lodžu.","Getoizacija je judovsko prebivalstvo omejila v zaprte soseske, kar je povzročilo lakoto in epidemije še pred industrijskim ubijanjem.","[""Prav"", ""Narobe""]",0,,,,,,
course_37_la_shoah_mecanismes_d_un_genocide,course_37_la_shoah_mecanismes_d_un_genocide_q4,mcq,Katere mobilne enote SS so po invaziji na ZSSR leta 1941 morile komuniste in judovsko prebivalstvo?,"Ti mobilni komandosi SS so sledili napredovanju nemške vojske in v približno 18 mesecih ubili skoraj 1,5 milijona ljudi.","[""Einsatzgruppen"", ""Wehrmacht"", ""Rdeča garda"", ""Gestapo""]",0,,,,,,
course_37_la_shoah_mecanismes_d_un_genocide,course_37_la_shoah_mecanismes_d_un_genocide_q5,mcq,"Zakaj je nacistični režim iskal drugačen sistem od množičnih streljanj, kot je bilo v Babjem Jaru?","Množična streljanja, kot je tisto v Babjem Jaru, kjer je bilo v dveh dneh ubitih 33.771 Judov, potiskajo režim k bolj anonimnemu sistemu iztrebljanja.","[""Ta metoda velja za prepočasno, preveč vidno in prezahtevno za izvajalce."", ""Streljanje ni ubilo dovolj žrtev naenkrat"", ""Zavezniki so grozili z bombardiranjem strelišč"", ""Stroški streliva so za vojsko postajali previsoki""]",0,,,,,,
course_37_la_shoah_mecanismes_d_un_genocide,course_37_la_shoah_mecanismes_d_un_genocide_q6,mcq,Kaj je odločila konferenca v Wannseeju januarja 1942?,Načelo iztrebljanja je že uveljavljeno; konferenca v glavnem organizira logistiko deportacije na ravni celotne celine.,"[""Logistična organizacija deportacije vseh Judov v Evropi"", ""Sam princip iztrebljanja, odločil prvič"", ""Konec preganjanja Judov v zameno za separatni mir"", ""Nastanek države Izrael po vojni""]",0,,,,,,
course_37_la_shoah_mecanismes_d_un_genocide,course_37_la_shoah_mecanismes_d_un_genocide_q7,numericSlider,Koliko visokih nacističnih uradnikov se je udeležilo konference v Wannseeju?,"Petnajst visokih nacističnih uradnikov se sreča v bližini Berlina, da bi uskladili deportacijo evropskih Judov.",,,,15.0,5.0,40.0,3.0,
course_37_la_shoah_mecanismes_d_un_genocide,course_37_la_shoah_mecanismes_d_un_genocide_q8,percentageSlider,Kolikšen delež predvojnega evropskega judovskega prebivalstva je izginil v holokavstu?,Od približno 9 milijonov predvojnih evropskih Judov jih je približno dve tretjini izginilo v holokavstu.,,,,66.0,0.0,100.0,8.0,%
course_37_la_shoah_mecanismes_d_un_genocide,course_37_la_shoah_mecanismes_d_un_genocide_q9,chronological,Postavite te faze holokavsta v kronološki vrstni red.,"Od zakonske izključitve leta 1935 do osvoboditve taborišč leta 1945 ti mejniki kažejo na državni proces, ki se postopoma slabša.",,,"[""Sprejetje nürnberških zakonov o izključitvi nemških Judov"", ""Množična streljanja Einsatzgruppen na vzhodu"", ""Administrativno usklajevanje deportacije v Wannsee"", ""Osvoboditev taborišč s strani zaveznikov""]",,,,,
course_38_le_11_septembre_2001,course_38_le_11_septembre_2001_q1,mcq,Koliko letal so člani Al Kaide ugrabili 11. septembra 2001?,"Devetnajst članov Al Kaide je tisti dan ugrabilo štiri letala, od katerih sta dve zadeli Svetovni trgovinski center.","[""štiri"", ""Dva"", ""Šest"", ""tri""]",0,,,,,,
course_38_le_11_septembre_2001,course_38_le_11_septembre_2001_q2,mcq,Zakaj se je Osama bin Laden po sovjetskem umiku iz Afganistana odločil udariti na Zahod?,Po sovjetskem umiku je Bin Laden obsodil ameriško prisotnost v Savdski Arabiji in se odločil udariti na Zahod.,"[""Obsoja ameriško vojaško prisotnost v Savdski Arabiji"", ""Poziva k takojšnji neodvisnosti Afganistana"", ""Želi zrušiti iranski režim"", ""Želi se maščevati za sovjetski poraz v Afganistanu""]",0,,,,,,
course_38_le_11_septembre_2001,course_38_le_11_septembre_2001_q3,trueFalse,"Res ali ne: Pred letom 2001 ni bilo nobenega znaka, da bi Al Kaida predstavljala grožnjo ameriškim interesom.","Več prejšnjih napadov (Svetovni trgovinski center leta 1993, veleposlaništva leta 1998, USS Cole leta 2000) je že napovedovalo grožnjo, vendar je razdeljenost med Cio in FBI preprečila povezavo žic.","[""Prav"", ""Narobe""]",1,,,,,,
course_38_le_11_septembre_2001,course_38_le_11_septembre_2001_q4,mcq,Kaj se zgodi s četrtim ugrabljenim letalom United 93?,"Potniki letala United 93 so se uprli proti ugrabiteljem, zaradi česar je letalo strmoglavilo v Pensilvaniji, preden je doseglo svoj cilj.","[""Strmoglavi v Pensilvaniji po uporu potnikov"", ""Zasilno pristal brez škode v Washingtonu"", ""Zaleti se v Capitol v Washingtonu"", ""Sestrelile so ga ameriške zračne sile.""]",0,,,,,,
course_38_le_11_septembre_2001,course_38_le_11_septembre_2001_q5,numericSlider,Koliko ljudi je umrlo v napadih 11. septembra 2001?,"V napadih je umrlo 2.977 ljudi, kar je največje število napadov na ameriških tleh.",,,,2977.0,1000.0,5000.0,200.0,
course_38_le_11_septembre_2001,course_38_le_11_septembre_2001_q6,mcq,"Kakšen cilj zasleduje operacija Enduring Freedom, ki se je v Afganistanu začela oktobra 2001?","Cilj te operacije je uničenje mreže Al Kaida in strmoglavljenje talibanskega režima, ki je ščitil Bin Ladna.","[""Uničite Al Kaido in strmoglavite talibane, ki so nudili zavetje Bin Ladnu"", ""Vzpostavite ustavno monarhijo v Afganistanu"", ""Zavarujte samo pakistanske meje"", ""Pogajajte se o prekinitvi ognja s talibani""]",0,,,,,,
course_38_le_11_septembre_2001,course_38_le_11_septembre_2001_q7,trueFalse,Res ali ne: vojna v Iraku leta 2003 se je začela z izrecnim mandatom ZN.,Združene države so leta 2003 napadle Irak brez mandata ZN in Sadama Huseina lažno obtožile posedovanja orožja za množično uničevanje.,"[""Prav"", ""Narobe""]",1,,,,,,
course_38_le_11_septembre_2001,course_38_le_11_septembre_2001_q8,mcq,Kje in kdaj je bil ubit Osama bin Laden?,"Bin Laden je bil ubit 1. maja 2011 v Pakistanu med ameriškim napadom, skoraj deset let po napadih.","[""V Pakistanu, maj 2011"", ""V Afganistanu leta 2003"", ""V Iraku leta 2001"", ""V Savdski Arabiji leta 2005""]",0,,,,,,
course_38_le_11_septembre_2001,course_38_le_11_septembre_2001_q9,chronological,Postavite te dogodke 11. septembra 2001 v kronološki vrstni red.,"Oba stolpa sta bila zadeta v nekaj minutah drug drugega, preden sta se zrušila, južni stolp pred severnim, čeprav je bil zadet drugi.",,,"[""Prvo letalo zadene Severni stolp"", ""Drugo letalo zadene Južni stolp"", ""Južni stolp se zruši"", ""Severni stolp se zruši""]",,,,,
course_39_la_democratie_athenienne,course_39_la_democratie_athenienne_q1,mcq,"Kaj je Solon, izvoljen leta 594 pr. n. št., naredil, da je odprl mesto Atene?",Solon naredi konec dolžniškemu suženjstvu in omogoči dostop do magistrata glede na bogastvo in ne samo po rojstvu.,"[""Odpravlja dolžniško suženjstvo in odpira sodnike glede na srečo"", ""Za vse sodnike določi žreb"", ""Ustanovi Ecclesia, skupščino vseh državljanov"", ""Razglaša popolno enakost moških in žensk""]",0,,,,,,
course_39_la_democratie_athenienne,course_39_la_democratie_athenienne_q2,mcq,"Katero institucijo je Cleisthenes ustvaril okoli 508-507 pred našim štetjem, da bi zlomil moč klanov?",Z ustanovitvijo desetih mešanih plemen in Bouléja je Cleisthenes oslabil tradicionalno klansko solidarnost v korist nove državljanske organizacije.,"[""La Boulé, Svet petstotih, izžreban z žrebom"", ""Ecclesia, splošni zbor državljanov"", ""L’Héliée, ljudsko sodišče"", ""Ostracizem, začasno izgnanstvo močnih""]",0,,,,,,
course_39_la_democratie_athenienne,course_39_la_democratie_athenienne_q3,mcq,Kaj zagotavlja Izegorija v atenski demokraciji pod Periklom?,"Isegoria zagotavlja, da ima vsak državljan enako pravico do govora pred skupščino, ki je steber neposredne demokracije.","[""Enakopravnost govora med državljani"", ""Lastninske pravice za vse prebivalce"", ""Svoboda veroizpovedi za metike"", ""Volilna pravica žensk""]",0,,,,,,
course_39_la_democratie_athenienne,course_39_la_democratie_athenienne_q4,mcq,"Kakšen je namen Misthosa, dnevnice, uvedene v Atenah?","Brez tega nadomestila si revni državljani ne bi mogli privoščiti, da bi opustili delo in sodelovali v javnem življenju.","[""Najrevnejši državljani naj sedijo v institucijah"", ""Plačevanje vojakov atenske vojske"", ""Financirajte gradnjo Partenona"", ""Nagrajevanje zmagovalcev olimpijskih iger""]",0,,,,,,
course_39_la_democratie_athenienne,course_39_la_democratie_athenienne_q5,trueFalse,"Res ali ne: ženske, sužnji in metiki imajo volilno pravico v cerkvi.","Volilno pravico imajo le moški državljani, teh je med 30.000 in 50.000 od približno 300.000 prebivalcev.","[""Prav"", ""Narobe""]",1,,,,,,
course_39_la_democratie_athenienne,course_39_la_democratie_athenienne_q6,numericSlider,"Približno kolikokrat na leto se sestane Ecclesia, zbor državljanov pod Periclesom?","Ecclesia se sestane približno 40-krat na leto na hribu Pnyx, da glasuje o zakonih, vojni, miru in proračunu.",,,,40.0,10.0,100.0,5.0,krat
course_39_la_democratie_athenienne,course_39_la_democratie_athenienne_q7,mcq,"Kako je imenovanih 6000 porotnikov Helije, atenskega ljudskega sodišča?","Žreb, tako kot za Bouléja, omejuje monopolizacijo sodne oblasti s strani elite, razen vojaških funkcij.","[""Z naključnim žrebom"", ""Z neposrednimi volitvami"", ""Z imenovanjem glavnega stratega"", ""Po družinskem dedovanju""]",0,,,,,,
course_39_la_democratie_athenienne,course_39_la_democratie_athenienne_q8,mcq,"Kakšen pogled ima Platon na atensko demokracijo, ki jo je zaznamovala Sokratova smrt?","Platon, zaznamovan z obsodbo svojega učitelja Sokrata leta 399 pred našim štetjem, kritizira demokracijo, v kateri lahko čustva in mnenje prevladata nad razumom.","[""Vidi vladavino mnenja proti resnici in obliko tiranije večine"", ""Meni, da je to popoln in nedotakljiv politični režim"", ""Predlaga razširitev na vsa grška mesta"", ""Pohvalil ga je v več javnih govorih""]",0,,,,,,
course_39_la_democratie_athenienne,course_39_la_democratie_athenienne_q9,chronological,Postavite te reforme in dogodke v atenski demokraciji v kronološki vrstni red.,"Od Solona do Sokratove smrti ti mejniki zajemajo skoraj dve stoletji gradnje, nato pa dvoma o atenski demokraciji.",,,"[""Solonove reforme"", ""Klejstenove reforme"", ""Vrhunec pod Periclesom"", ""Smrt Sokrata""]",,,,,
course_3_la_prise_de_rome_par_les_wisigoths_410,course_3_la_prise_de_rome_par_les_wisigoths_410_q1,mcq,Kdo je vodil Vizigote med zavzetjem Rima leta 410?,"Kralj Alarik, nekdanji častnik v rimski vojski, je vodil Vizigote, ki so avgusta 410 izsilili vrata Rima.","[""Alaric"", ""Odoacer"", ""Atila"", ""Romul Avgustul""]",0,,,,,,
course_3_la_prise_de_rome_par_les_wisigoths_410,course_3_la_prise_de_rome_par_les_wisigoths_410_q2,trueFalse,Res ali ne: Pred letom 410 nobena sovražna vojska ni vstopila v Rim približno osem stoletij.,"Zadnje zavzetje Rima s strani sovražnika sega v čas galskega plenjenja leta 390 pr. pr. Kr., skoraj 800 let pred prihodom Alarika.","[""Prav"", ""Narobe""]",0,,,,,,
course_3_la_prise_de_rome_par_les_wisigoths_410,course_3_la_prise_de_rome_par_les_wisigoths_410_q3,mcq,Zakaj je cesar Honorij leta 402 zapustil Rim in odšel v Raveno?,"Ravenna je mesto v Italiji, zaščiteno s svojimi močvirji, zaradi česar je varnejše zatočišče za cesarja kot Rim.","[""Raveno, zaščiteno z močvirjem, je lažje braniti"", ""Rim je pravkar uničil požar"", ""Rimski senat ga je izgnal iz mesta"", ""Želel se je približati Carigradu""]",0,,,,,,
course_3_la_prise_de_rome_par_les_wisigoths_410,course_3_la_prise_de_rome_par_les_wisigoths_410_q4,mcq,"Kaj je rimski foedus, omenjen v tečaju?","Da bi kljub pomanjkanju vojakov držalo svoje meje, je cesarstvo na svojih tleh naselilo germanska ljudstva v zameno za njihovo vojaško službo.","[""Pogodba, s katero so se »barbarska« ljudstva naselila na rimsko ozemlje v zameno za vojaško službo"", ""Davek, ki so ga province plačevale Rimu"", ""Mirovna pogodba, podpisana s Perzijci"", ""Zakon, ki je prepovedoval Nemcem služenje v rimski vojski""]",0,,,,,,
course_3_la_prise_de_rome_par_les_wisigoths_410,course_3_la_prise_de_rome_par_les_wisigoths_410_q5,trueFalse,"Res ali ne: Alarik je bil nekdanji častnik v rimski vojski, preden je postal kralj Vizigotov.","Alarik je služil v rimski vojski, preden je postal vodja Vizigotov, kar pojasnjuje njegovo poznavanje rimskih institucij.","[""Prav"", ""Narobe""]",0,,,,,,
course_3_la_prise_de_rome_par_les_wisigoths_410,course_3_la_prise_de_rome_par_les_wisigoths_410_q6,mcq,"Katero delo je napisal sveti Avguštin, da bi odgovoril na šok, ki ga je povzročil plen Rima?","Soočen s pogani, ki krščanstvu očitajo, da je oslabilo Rim, Avguštin v Božjem mestu odgovarja, da zemeljski imperiji minejo, Cerkev pa ostaja.","[""Božje mesto"", ""The Confessions"", ""Starodavno mesto"", ""Punske vojne""]",0,,,,,,
course_3_la_prise_de_rome_par_les_wisigoths_410,course_3_la_prise_de_rome_par_les_wisigoths_410_q7,chronological,Postavite te dogodke od padca Zahodnega rimskega cesarstva v kronološki vrstni red.,"Te stopnje segajo od 402 do 476: umik v Raveno je pred plenitvijo Vizigotov, nato bolj uničujočim plenjenjem Vandalov, do konca Zahodnega cesarstva.",,,"[""Honorij zapusti Rim in gre v Raveno"", ""Alarik in Vizigoti so zavzeli Rim"", ""Orlenitev Rima s strani Vandalov"", ""Odstavitev zadnjega zahodnega cesarja""]",,,,,
course_3_la_prise_de_rome_par_les_wisigoths_410,course_3_la_prise_de_rome_par_les_wisigoths_410_q8,numericSlider,Katerega leta so Alarik in Vizigoti oropali Rim?,"Avgusta 410 so Vizigoti oplenili Rim, kar je bil šok za ves starodavni svet.",,,,410.0,350.0,500.0,5.0,
course_3_la_prise_de_rome_par_les_wisigoths_410,course_3_la_prise_de_rome_par_les_wisigoths_410_q9,numericSlider,Katerega leta je bil odstavljen zadnji zahodnorimski cesar?,Leta 476 je vodja Odoaker odstavil Romula Avgustula in s tem končal Zahodno rimsko cesarstvo.,,,,476.0,400.0,550.0,5.0,
course_40_la_guerre_de_secession_americaine_1861_1,course_40_la_guerre_de_secession_americaine_1861_1_q1,mcq,Kaj je povzročilo izvolitev Abrahama Lincolna novembra 1860?,"Lincoln, republikanec, ki je nasprotoval širjenju suženjstva, je bil izvoljen brez enega samega južnjaškega glasu, kar je sprožilo odcepitev sedmih držav.","[""Odcepitev sedmih južnih držav, ki so ustanovile Konfederacijo"", ""Takojšen podpis mirovne pogodbe z jugom"", ""Takojšnja odprava suženjstva po vsej državi"", ""Vojaško zavezništvo med severom in jugom""]",0,,,,,,
course_40_la_guerre_de_secession_americaine_1861_1,course_40_la_guerre_de_secession_americaine_1861_1_q2,mcq,Na katerem gospodarstvu je v glavnem temeljil jug pred državljansko vojno?,"Jug je ostal podeželsko gospodarstvo, ki je temeljilo na proizvodnji bombaža s 4 milijoni sužnjev.","[""Bombaž, ki ga proizvaja približno 4 milijone sužnjev"", ""Tekstilna industrija, ki zaposluje mezdne delavce"", ""Pomorska trgovina z Evropo"", ""Premogovništvo""]",0,,,,,,
course_40_la_guerre_de_secession_americaine_1861_1,course_40_la_guerre_de_secession_americaine_1861_1_q3,trueFalse,Res ali ne: bitka pri Antietamu septembra 1862 ostaja najbolj krvav dan v ameriški vojaški zgodovini.,S približno 23.000 žrtvami v dvanajstih urah Antietam ostaja najsmrtonosnejši dan v vojaški zgodovini Združenih držav.,"[""Prav"", ""Narobe""]",0,,,,,,
course_40_la_guerre_de_secession_americaine_1861_1,course_40_la_guerre_de_secession_americaine_1861_1_q4,mcq,"Kaj se je spremenilo v razglasu o emancipaciji, ki ga je podpisal Lincoln 1. januarja 1863?","Z osvoboditvijo sužnjev uporniških držav je Lincoln vojno za Unijo spremenil v vojno za svobodo, kar je zaprlo vrata evropski podpori Jugu.","[""Osvobaja sužnje v uporniških državah in vojno spreminja v boj za svobodo"", ""Takoj konča vojno s premirjem"", ""Vsem osvobojenim sužnjem daje volilno pravico"", ""Vzpostavi obvezno naborništvo na jugu""]",0,,,,,,
course_40_la_guerre_de_secession_americaine_1861_1,course_40_la_guerre_de_secession_americaine_1861_1_q5,numericSlider,Koliko ljudi je skupaj umrlo med državljansko vojno?,"Državljanska vojna je pustila več kot 620.000 mrtvih, število žrtev pa ostaja največje v ameriški vojaški zgodovini.",,,,620000.0,300000.0,900000.0,50000.0,
course_40_la_guerre_de_secession_americaine_1861_1,course_40_la_guerre_de_secession_americaine_1861_1_q6,mcq,"Kateri konfederacijski general se je predal pri Appomattoxu 9. aprila 1865, kar je označilo konec spopadov?","Robert E. Lee, vodilni general Konfederacije, se preda Ulyssesu Grantu v Appomattoxu in s tem konča vojno.","[""Robert E. Lee"", ""Jefferson Davis"", ""William Tecumseh Sherman"", ""Ulysses Grant""]",0,,,,,,
course_40_la_guerre_de_secession_americaine_1861_1,course_40_la_guerre_de_secession_americaine_1861_1_q7,trueFalse,"Res ali ne: Abraham Lincoln je bil umorjen, preden se je Robert E. Lee predal v Appomattoxu.","Lincolna je ubil John Wilkes Booth pet dni po Leejevi predaji pri Appomattoxu, ne prej.","[""Prav"", ""Narobe""]",1,,,,,,
course_40_la_guerre_de_secession_americaine_1861_1,course_40_la_guerre_de_secession_americaine_1861_1_q8,mcq,"Kaj je naredil 13. amandma, sprejet decembra 1865?",13. amandma je vnesel odpravo suženjstva v ustavo in dopolnil razglas o emancipaciji.,"[""Odpravil je suženjstvo po vsej državi"", ""Ženskam daje volilno pravico"", ""Ustvaril je Ku Klux Klan"", ""Vzpostavil je pravno segregacijo na jugu""]",0,,,,,,
course_40_la_guerre_de_secession_americaine_1861_1,course_40_la_guerre_de_secession_americaine_1861_1_q9,chronological,Postavite te faze državljanske vojne v kronološki vrstni red.,Od Lincolnove izvolitve leta 1860 do Leejeve predaje leta 1865 ti mejniki pokrivajo celoten konflikt in njegov abolicionistični obrat.,,,"[""Izvolitev Abrahama Lincolna"", ""Bombardiranje Fort Sumterja"", ""Razglasitev emancipacije"", ""Predaja Roberta E. Leeja v Appomattoxu""]",,,,,
course_41_pourquoi_le_ciel_est_il_bleu,course_41_pourquoi_le_ciel_est_il_bleu_q1,mcq,Zakaj se nam nebo zdi modro?,"Kratki valovi, kot je modri, so veliko bolj razpršeni z molekulami zraka kot dolgi valovi, kot je rdeči: to je Rayleighovo sipanje.","[""Molekule zraka sipajo modro svetlobo veliko bolj kot rdečo svetlobo"", ""Sonce oddaja samo modro svetlobo"", ""Samo vzdušje je modro obarvano"", ""Naše oči umetno dodajo modrino temu, kar gledamo""]",0,,,,,,
course_41_pourquoi_le_ciel_est_il_bleu,course_41_pourquoi_le_ciel_est_il_bleu_q2,trueFalse,Res ali ne: na Luni je sredi belega dne nebo videti črno.,"Brez zraka, ki bi razpršil svetlobo, ni ničesar, kar bi obarvalo lunino nebo: ostane črno tudi sredi belega dne.","[""Prav"", ""Narobe""]",0,,,,,,
course_41_pourquoi_le_ciel_est_il_bleu,course_41_pourquoi_le_ciel_est_il_bleu_q3,numericSlider,Približno kolikokrat bolj se modra svetloba razprši v ozračju kot rdeča?,Glede na Rayleighovo sipanje se modra barva razprši približno 9-krat bolj kot rdeča zaradi molekul zraka.,,,,9.0,1.0,20.0,1.0,krat
course_41_pourquoi_le_ciel_est_il_bleu,course_41_pourquoi_le_ciel_est_il_bleu_q4,mcq,Kdo je leta 1871 matematično formuliral ta pojav difuzije?,"Britanski fizik Lord Rayleigh je leta 1871 opisal, kako molekule zraka različno razpršijo barve glede na svojo valovno dolžino.","[""Lord Rayleigh"", ""Isaac Newton"", ""Albert Einstein"", ""James Clerk Maxwell""]",0,,,,,,
course_41_pourquoi_le_ciel_est_il_bleu,course_41_pourquoi_le_ciel_est_il_bleu_q5,mcq,"Zakaj nebo ni vijolično, čeprav je vijolično še bolj razpršeno kot modro?","Sonce pošilja več modre svetlobe kot vijolične, naše očesne stožce pa so bolj občutljive na modro: možgani zato zaznavajo modro nebo.","[""Sonce oddaja več modrine in naše oči so nanjo bolj občutljive"", ""Vijolično ozon v celoti absorbira"", ""Vijolična nikoli ne prehaja skozi ozračje"", ""V svetlobi Sonca ni vijolične barve""]",0,,,,,,
course_41_pourquoi_le_ciel_est_il_bleu,course_41_pourquoi_le_ciel_est_il_bleu_q6,trueFalse,Res ali ne: ob sončnem zahodu svetloba prehaja skozi večjo debelino zraka kot opoldne.,"Ko je Sonce nizko, gredo njegovi žarki skozi veliko daljšo plast zraka, ki razprši vso modrino in prepušča le rdečo in oranžno.","[""Prav"", ""Narobe""]",0,,,,,,
course_41_pourquoi_le_ciel_est_il_bleu,course_41_pourquoi_le_ciel_est_il_bleu_q7,mcq,"Kakšna je prevladujoča barva neba na Marsu čez dan, za razliko od Zemlje?","Na Marsu prah, bogat z železovim oksidom, razpršuje svetlobo drugače kot na Zemlji: nebo je čez dan rožnato, sončni zahodi pa so modri.","[""Rosé, zaradi prahu, bogatega z železom"", ""Azurno modra kot na Zemlji"", ""Zeleno, zaradi metana"", ""Črna, ker Mars nima atmosfere""]",0,,,,,,
course_41_pourquoi_le_ciel_est_il_bleu,course_41_pourquoi_le_ciel_est_il_bleu_q8,trueFalse,Res ali ne: sončno svetlobo razpršijo predvsem molekule dušika in kisika v zraku.,"Zrak je napolnjen z drobnimi molekulami plina, predvsem dušika in kisika, ki razpršijo svetlobo v vse smeri.","[""Prav"", ""Narobe""]",0,,,,,,
course_42_pourquoi_reve_t_on,course_42_pourquoi_reve_t_on_q1,mcq,V kateri fazi spanja se rodi največ dolgih in pripovednih sanj?,"Prav med paradoksalnim spanjem, kjer so možgani skoraj tako aktivni kot budni, se še posebej rodijo dolge in pripovedne sanje.","[""REM spanje"", ""Globok spanec"", ""Lahek spanec"", ""Popoldanski spanec""]",0,,,,,,
course_42_pourquoi_reve_t_on,course_42_pourquoi_reve_t_on_q2,trueFalse,"Res ali ne: Med spanjem REM je telo paralizirano, medtem ko so možgani skoraj tako aktivni kot v budnem stanju.","REM spanje je faza, v kateri so možgani močno aktivirani, medtem ko telo ostane paralizirano, kar preprečuje, da bi se sanje fizično odigrale.","[""Prav"", ""Narobe""]",0,,,,,,
course_42_pourquoi_reve_t_on,course_42_pourquoi_reve_t_on_q3,mcq,"Zakaj večino svojih sanj pozabimo tako hitro, ko se zbudimo?","Med paradoksalnim spanjem pade raven noradrenalina, zaradi česar sanje ostanejo v zelo krhkem spominu, ki ga dražljaji prebujanja hitro prepišejo.","[""Raven norepinefrina med spanjem REM pade, kar oslabi spomin"", ""Možgani prostovoljno izbrišejo nepotrebne sanje"", ""Sanje se nikoli ne zapišejo v spomin"", ""Ob koncu noči spimo manj trdno""]",0,,,,,,
course_42_pourquoi_reve_t_on,course_42_pourquoi_reve_t_on_q4,numericSlider,Koliko ur približno sanjamo vsako noč?,"Vsako noč sanjamo približno dve uri, kar predstavlja skoraj šest let našega celotnega življenja.",,,,2.0,0.0,6.0,0.5,ur
course_42_pourquoi_reve_t_on,course_42_pourquoi_reve_t_on_q5,mcq,Kako si najbolje zapomniti sanje?,"Spomin na sanje je zelo krhek: takoj ko se premaknemo ali izpostavimo dnevni svetlobi in mislim, zbledi, zato ga je treba takoj zabeležiti.","[""Zapišite ga takoj, ko se zbudite, še preden se premaknete"", ""Med koncentracijo močno zaprite oči"", ""Popijte velik kozarec vode"", ""Počakajte do večera, da razmislite o tem""]",0,,,,,,
course_42_pourquoi_reve_t_on,course_42_pourquoi_reve_t_on_q6,mcq,Čemu bi lahko glede na sedanje raziskovalne ideje uporabili sanje?,"Danes prevladujejo tri poti: razvrščanje spomina, urjenje za nevarnost brez pravega tveganja in prebava močnih čustev dneva.","[""Razvrščanje spomina, urjenje za nevarnost in prebavljanje čustev"", ""Popoln počitek brez možganske aktivnosti"", ""Ponavljanje le zgodnjih otroških spominov"", ""Proizvajajo rastne hormone""]",0,,,,,,
course_42_pourquoi_reve_t_on,course_42_pourquoi_reve_t_on_q7,mcq,Kaj so lucidne sanje?,"V lucidnih sanjah se zavemo, da sanjamo, ko še spimo, kar nam včasih omogoča, da vplivamo na sanje.","[""Sanje, v katerih ugotovite, da sanjate, medtem ko spite"", ""Sanje, ki se jih popolnoma spomniš, ko se zbudiš"", ""Sanje, ki jih povzroči uspavalna tableta"", ""Sanje, ki trajajo le nekaj sekund""]",0,,,,,,
course_42_pourquoi_reve_t_on,course_42_pourquoi_reve_t_on_q8,mcq,Katero področje možganov se nekoliko reaktivira med lucidnimi sanjami?,"Prefrontalni korteks, ki je vključen v logiko in samorefleksijo, se med lucidnimi sanjami nekoliko obrne nazaj, kar omogoči posamezniku, da spozna, da sanja.","[""Prefrontalni korteks, povezan z logiko in samorefleksijo"", ""Mali možgani, ki skrbijo za ravnotežje"", ""Morski konjiček sam"", ""Možgansko deblo""]",0,,,,,,
course_43_pourquoi_la_glace_flotte_t_elle,course_43_pourquoi_la_glace_flotte_t_elle_q1,mcq,Zakaj led plava na tekoči vodi?,"Ko se voda strdi, tvori bolj zračno šesterokotno mrežo, ki pušča več prostora med molekulami, zaradi česar je manj gosta kot tekoča voda.","[""Je manj gost, ker njegova molekularna mreža pušča več praznine"", ""Je hladnejša, zato lažja"", ""Zrak, ujet v led, ga naredi lažjega"", ""Sol v vodi ga potiska navzgor""]",0,,,,,,
course_43_pourquoi_la_glace_flotte_t_elle,course_43_pourquoi_la_glace_flotte_t_elle_q2,trueFalse,Res ali ne: Pri večini snovi je trdna snov gostejša od tekočine in potone.,"Voda je izjema: za razliko od večine snovi je njena trdna snov, led, manj gosta od tekočine.","[""Prav"", ""Narobe""]",0,,,,,,
course_43_pourquoi_la_glace_flotte_t_elle,course_43_pourquoi_la_glace_flotte_t_elle_q3,mcq,"Kakšna je oblika molekule vode, ki pojasnjuje to posebno vedenje?","Molekula vode tvori obliko črke V, ki neenakomerno porazdeli električne naboje in ustvari vodikove vezi med sosednjimi molekulami.","[""A V, z enim atomom kisika in dvema atomoma vodika"", ""Ravna črta"", ""Popoln krog"", ""Štirikraki križ""]",0,,,,,,
course_43_pourquoi_la_glace_flotte_t_elle,course_43_pourquoi_la_glace_flotte_t_elle_q4,mcq,"Kaj se lahko zgodi, če v zamrzovalnik postavite polno steklenico vode?","Ker led zavzame več prostornine kot tekoča voda, lahko polna steklenica poči, ko zmrzne.","[""Lahko poči, ker led zavzame več volumna kot tekoča voda"", ""Rahlo se segreje"", ""Nič posebnega se ne zgodi"", ""Postane svetlejša brez spreminjanja volumna""]",0,,,,,,
course_43_pourquoi_la_glace_flotte_t_elle,course_43_pourquoi_la_glace_flotte_t_elle_q5,numericSlider,"Pri kateri temperaturi, v stopinjah Celzija, se voda strdi?","Voda se strdi okoli 0 °C in tvori šestkotno mrežo, ki je manj gosta kot tekoča voda.",,,,0.0,-10.0,10.0,1.0,°C
course_43_pourquoi_la_glace_flotte_t_elle,course_43_pourquoi_la_glace_flotte_t_elle_q6,mcq,"Zakaj je bistveno, da led plava, namesto da se potopi v jezera?","Površinski led izolira vodo pod njim, ki lahko ostane okoli 4 °C, kar je dovolj, da ribe in vodne rastline preživijo zimo.","[""Tvori izolacijski pokrov, ki omogoča, da tekoča voda pod njim ostane dovolj topla za vodno življenje"", ""Preprečuje izhlapevanje iz jezera"", ""Neposredno segreva dno jezera"", ""Blokira okoliške morske tokove""]",0,,,,,,
course_43_pourquoi_la_glace_flotte_t_elle,course_43_pourquoi_la_glace_flotte_t_elle_q7,numericSlider,"Pri kateri temperaturi, v stopinjah Celzija, lahko tekoča voda ostane pod ledom zamrznjenega jezera?","Pod izolacijskim ledom lahko tekoča voda ostane okoli 4 °C, kar je zadostna temperatura za preživetje vodnega življenja.",,,,4.0,0.0,10.0,1.0,°C
course_43_pourquoi_la_glace_flotte_t_elle,course_43_pourquoi_la_glace_flotte_t_elle_q8,mcq,Kakšen je podnebni učinek taljenja belega ledu?,"Beli led odbija sončno svetlobo nazaj v vesolje; če izgine, temni ocean absorbira več toplote in pospeši segrevanje.","[""Temni ocean absorbira več toplote in pospeši segrevanje"", ""To ohlaja planet, ker je vode v tekočem stanju več"", ""Na podnebje nima vpliva"", ""To le poveča količino soli v oceanih""]",0,,,,,,
course_44_pourquoi_l_eau_de_mer_est_elle_salee,course_44_pourquoi_l_eau_de_mer_est_elle_salee_q1,mcq,Od kod prihaja večina soli v oceanih?,"Rahlo kisel dež razjeda kamnine, reke pa v morje prenašajo raztopljene minerale, predvsem natrij in klor.","[""Od erozije kamnin na celinah, ki jih prenašajo reke"", ""Razkroj rib in morskih alg"", ""Dež, ki vsebuje sol takoj, ko nastane"", ""Pršilo pada neposredno v morje""]",0,,,,,,
course_44_pourquoi_l_eau_de_mer_est_elle_salee,course_44_pourquoi_l_eau_de_mer_est_elle_salee_q2,mcq,"Zakaj reke, ki nosijo sol v morje, same niso slane?","V rekah ostaja sol zelo razredčena in voda se nenehno obnavlja, za razliko od oceana, kjer se kopiči.","[""Sol je zelo razredčena in voda se nenehno obnavlja"", ""Pravzaprav ne vsebujejo nobenih mineralov"", ""Sol se usede na dno, preden doseže morje"", ""Sladkovodne ribe absorbirajo vso sol""]",0,,,,,,
course_44_pourquoi_l_eau_de_mer_est_elle_salee,course_44_pourquoi_l_eau_de_mer_est_elle_salee_q3,mcq,Zakaj se sol sčasoma kopiči v oceanu?,"Pod vplivom sonca morska voda izhlapeva, za seboj pa ostaja sol, ki se je nabirala milijarde let.","[""Voda izhlapi in se vrne v nebo, sol pa ostane"", ""Sol proizvajajo neposredno valovi"", ""Sol prihaja samo iz podvodnih vulkanov"", ""Ribe sproščajo sol v vodo""]",0,,,,,,
course_44_pourquoi_l_eau_de_mer_est_elle_salee,course_44_pourquoi_l_eau_de_mer_est_elle_salee_q4,numericSlider,Koliko gramov soli je približno v litru morske vode?,Liter morske vode vsebuje v povprečju okoli 35 gramov soli.,,,,35.0,0.0,60.0,5.0,g
course_44_pourquoi_l_eau_de_mer_est_elle_salee,course_44_pourquoi_l_eau_de_mer_est_elle_salee_q5,mcq,"Kaj se zgodi, ko površinska voda zamrzne na polih?","Ko površinska voda zamrzne, sprosti nekaj svoje soli v okoliško tekočo vodo, ki postane gostejša in potone na dno.","[""Sol se delno sprosti v okoliško tekočo vodo, ki se zgosti in potone"", ""Sol izhlapi skupaj z ledom, ki nastane"", ""Voda v okolici takoj postane mehka"", ""Sol se popolnoma raztopi v ledu""]",0,,,,,,
course_44_pourquoi_l_eau_de_mer_est_elle_salee,course_44_pourquoi_l_eau_de_mer_est_elle_salee_q6,trueFalse,"Res ali ne: To gibanje goste slane vode, ki se potaplja na polih, pomaga poganjati velike oceanske tokove.","Gosta slana voda, ki se spusti na polih, sodeluje pri kroženju velikih oceanskih tokov, ki prenašajo toploto in hranila po vsem svetu.","[""Prav"", ""Narobe""]",0,,,,,,
course_44_pourquoi_l_eau_de_mer_est_elle_salee,course_44_pourquoi_l_eau_de_mer_est_elle_salee_q7,mcq,Zakaj slanost ni povsod v oceanih enaka?,"V bližini ekvatorja močno izhlapevanje koncentrira sol, v bližini rek ali talečega se ledu pa je voda mehkejša.","[""Odvisno je od lokalnega izhlapevanja in vnosa sveže vode, kot so reke ali taleči se led."", ""Odvisno le od globine vode"", ""Povsod je enako, le temperatura se spreminja"", ""Odvisno je od barve tamkajšnje vode.""]",0,,,,,,
course_44_pourquoi_l_eau_de_mer_est_elle_salee,course_44_pourquoi_l_eau_de_mer_est_elle_salee_q8,percentageSlider,Koliko površine planeta pokrivajo oceani?,Oceani pokrivajo več kot 70 % Zemljine površine.,,,,70.0,0.0,100.0,5.0,%
course_45_pourquoi_y_a_t_il_des_saisons,course_45_pourquoi_y_a_t_il_des_saisons_q1,mcq,Kaj je pravi vzrok letnih časov?,"Letni časi izhajajo iz nagiba zemeljske osi, kar pomeni, da polobla prejme sončno svetlobo bolj ali manj neposredno glede na letni čas.","[""Nagib Zemljine vrtilne osi"", ""Spreminjanje razdalje med Zemljo in Soncem"", ""Hitrost vrtenja Zemlje okoli sebe"", ""Dejavnost sončnih peg""]",0,,,,,,
course_45_pourquoi_y_a_t_il_des_saisons,course_45_pourquoi_y_a_t_il_des_saisons_q2,trueFalse,"Res ali ne: poleti je bolj vroče, ker je Zemlja bližje Soncu.","To ni res: januarja je Zemlja celo nekoliko bližje Soncu kot julija, čeprav je na severni polobli zima.","[""Prav"", ""Narobe""]",1,,,,,,
course_45_pourquoi_y_a_t_il_des_saisons,course_45_pourquoi_y_a_t_il_des_saisons_q3,numericSlider,Za koliko stopinj je nagnjena Zemljina os glede na njeno orbito?,"Zemljina os je nagnjena približno 23,5 stopinj glede na njeno orbito, kar povzroča letne čase.",,,,23.5,0.0,45.0,2.0,°
course_45_pourquoi_y_a_t_il_des_saisons,course_45_pourquoi_y_a_t_il_des_saisons_q4,mcq,"Zakaj je topleje, ko je ena polobla nagnjena proti Soncu?","Ko se polobla nagne proti Soncu, se dnevi podaljšajo in žarki padajo bolj neposredno na tla, kar koncentrira prejeto energijo.","[""Dnevi so daljši in žarki prihajajo bolj neposredno ter koncentrirajo energijo"", ""Sonce v tem letnem času postane večje"", ""Vzdušje na tem mestu postane bolj fino"", ""Zemlja se hitreje vrti okoli svoje osi""]",0,,,,,,
course_45_pourquoi_y_a_t_il_des_saisons,course_45_pourquoi_y_a_t_il_des_saisons_q5,mcq,"Kaj dokazuje dejstvo, da je Zemlja januarja bližje Soncu kot julija, čeprav je na severni polobli zima?","Ta razlika v razdalji jasno kaže, da to ne določa letnih časov, temveč naklon zemeljske osi.","[""Da oddaljenost od Sonca ne pojasni letnih časov"", ""Da je Sonce januarja šibkejše"", ""Da južna polobla prejme vso toploto od Zemlje"", ""Da so letni časi pravzaprav naključni""]",0,,,,,,
course_45_pourquoi_y_a_t_il_des_saisons,course_45_pourquoi_y_a_t_il_des_saisons_q6,mcq,"Kaj se zgodi v bližini ekvatorja, kjer Zemljin nagib le malo spremeni dolžino dneva?","Blizu ekvatorja se dolžina dneva skozi vse leto malo spreminja, kar daje sušni in mokri sezoni namesto štirih pravih letnih časov.","[""Pravzaprav ne obstajajo štirje letni časi, ampak bolj suha in vlažna obdobja"", ""Večno je poletje brez zime"", ""Dnevi tam trajajo dvakrat dlje kot drugje"", ""Sonce tam ni nikoli vidno""]",0,,,,,,
course_45_pourquoi_y_a_t_il_des_saisons,course_45_pourquoi_y_a_t_il_des_saisons_q7,mcq,"Kaj bi se zgodilo, če Zemljina os sploh ne bi bila nagnjena?","Brez nagiba bi vsaka lokacija skozi vse leto prejela približno konstantno količino sončne svetlobe, kar bi izbrisalo letne čase.","[""Vsako mesto bi prejelo približno enako količino sončne svetlobe vse leto, brez pravega poletja ali zime"", ""Letni časi bi bili dvakrat bolj zaznamovani kot danes"", ""Zemlja se ne bi več vrtela okoli Sonca"", ""Dnevi in noči bi popolnoma izginili""]",0,,,,,,
course_45_pourquoi_y_a_t_il_des_saisons,course_45_pourquoi_y_a_t_il_des_saisons_q8,mcq,Kakšen je ekstremni učinek Zemljinega nagiba na polih?,Na polih ima nagib Zemlje izjemen učinek: več mesecev neprekinjenega dneva poleti in več mesecev noči pozimi.,"[""Več mesecev neprekinjenega dneva poleti, nekaj mesecev noči pozimi"", ""Pogostejši potresi"", ""Obrat zemeljskega magnetnega polja"", ""Ena enaka sezona vse leto""]",0,,,,,,
course_46_comment_les_avions_volent_ils,course_46_comment_les_avions_volent_ils_q1,mcq,Katere štiri glavne sile delujejo na letalo med letom?,"Na letalo med letom delujejo štiri glavne sile: potisk naprej, zavorni upor, teža navzdol in vzgon navzgor.","[""Potisk, upor, teža in dvig"", ""Gravitacija, vročina, veter in pritisk"", ""Hitrost, masa, barva in oblika"", ""Nadmorska višina, temperatura, vlažnost in tlak""]",0,,,,,,
course_46_comment_les_avions_volent_ils,course_46_comment_les_avions_volent_ils_q2,mcq,Zakaj oblika krila ustvarja vzgon?,"Kupolast profil krila pospešuje prehajanje zraka, kar zniža njegov tlak in ustvari tlačno razliko, ki dvigne krilo.","[""Zrak prehaja hitreje nad krilom, kar zniža tlak v primerjavi s spodnjim"", ""Krilo je magnetizirano s tlemi"", ""Motor vpihuje zrak neposredno pod krilo"", ""Krilo segreva zrak, ki gre skozi njega""]",0,,,,,,
course_46_comment_les_avions_volent_ils,course_46_comment_les_avions_volent_ils_q3,trueFalse,"Res ali ne: letalo leti, ker je lažje od zraka, kot balon s helijem.","Letalo je veliko gostejše od zraka: leti, ker sili zrak, da ga nosi, zahvaljujoč svoji hitrosti in obliki kril.","[""Prav"", ""Narobe""]",1,,,,,,
course_46_comment_les_avions_volent_ils,course_46_comment_les_avions_volent_ils_q4,mcq,Zakaj letalo potrebuje dolgo stezo za vzlet?,"Brez zadostne hitrosti zrak, ki prehaja čez krilo, ne ustvari dovolj vzgona; dolga steza omogoča, da motorji dovolj pospešijo letalo.","[""Doseči morate zadostno hitrost, da ustvarite dovolj vzgona"", ""Potnikom dati čas, da se namestijo"", ""Za hlajenje motorjev pred poletom"", ""Da bi se izognili turbulenci tal""]",0,,,,,,
course_46_comment_les_avions_volent_ils,course_46_comment_les_avions_volent_ils_q5,mcq,Kako se letalo obrne na bok?,"Krilca, gibljivi deli kril, omogočajo, da se letalo nagne vstran, da se obrne.","[""Z nagibanjem letala s pomočjo krilc, gibljivih delov kril"", ""Z zaustavitvijo enega od obeh motorjev"", ""S spremembo oblike trupa"", ""Z odpiranjem pristajalnih loput""]",0,,,,,,
course_46_comment_les_avions_volent_ils,course_46_comment_les_avions_volent_ils_q6,mcq,"Kaj naredijo zakrilca, ki segajo iz krila, ko pristanejo?","Zavihki povečajo vzgon krila, kar letalu omogoča, da ostane v zraku, tudi ko zmanjša hitrost za pristanek.","[""Povečajo vzgon pri nizkih hitrostih"", ""Neposredno zavirajo letalo na stezi"", ""Hladijo motorje"", ""Zmanjšajo težo letala""]",0,,,,,,
course_46_comment_les_avions_volent_ils,course_46_comment_les_avions_volent_ils_q7,mcq,"Kakšna je glavna razlika med ptico in letalom, ko gre za premikanje po zraku?","Tako krila ptice kot letalo ustvarjajo vzgon, vendar ptica maha s krili, da se pomakne naprej, medtem ko letalo uporablja svoje motorje.","[""Ptica maha s krili, da bi se premaknila naprej, letalo se premika naprej zahvaljujoč svojim motorjem"", ""Ptica za letenje ne potrebuje dvigala"", ""Letalo sploh nima kril"", ""Ptica vedno leti hitreje od letala""]",0,,,,,,
course_46_comment_les_avions_volent_ils,course_46_comment_les_avions_volent_ils_q8,mcq,"Kaj se zgodi med križarjenjem, ko se letalo premika s približno konstantno hitrostjo?","Pri križarjenju dvig natančno kompenzira težo, potisk motorjev pa kompenzira upor, kar ohranja stabilno hitrost.","[""Dvig uravnava težo, potisk pa uravnava upor"", ""Teža letala postane nič"", ""Motorji se popolnoma ustavijo"", ""Proga popolnoma izgine""]",0,,,,,,
course_47_pourquoi_baille_t_on,course_47_pourquoi_baille_t_on_q1,mcq,"Zakaj zehamo, po najbolj trdnih trenutnih razlagah?","Najmočnejša ideja danes je, da zehanje pomaga uravnavati temperaturo možganov, zaradi česar so nekoliko prezračeni in ohlajeni.","[""Za pomoč pri uravnavanju temperature možganov"", ""Za napolnitev krvi s kisikom"", ""Za sprostitev odvečnega ogljikovega dioksida"", ""Za raztezanje samo vratnih mišic""]",0,,,,,,
course_47_pourquoi_baille_t_on,course_47_pourquoi_baille_t_on_q2,trueFalse,"Res ali ne: Poskusi so pokazali, da povečanje kisika v zraku ne prepreči zehanja.","Poskusi so pokazali, da niti več kisika niti manj ogljikovega dioksida ne preprečuje zehanja, kar izključuje zamisel o preprostem pomanjkanju zraka.","[""Prav"", ""Narobe""]",0,,,,,,
course_47_pourquoi_baille_t_on,course_47_pourquoi_baille_t_on_q3,mcq,Zakaj je zehanje nalezljivo za ljudi?,"Videti ali slišati nekoga, ki zeha, aktivira vezja, povezana z empatijo in zrcalnimi nevroni, kar posledično sproži zehanje.","[""Vpliva na empatijo in vezja, povezana z zrcalnimi nevroni"", ""To je posledica pomanjkanja skupnega zraka v prostoru"", ""Prenaša se le z zvokom dihanja"", ""Pravzaprav ni nalezljivo, to je naključje""]",0,,,,,,
course_47_pourquoi_baille_t_on,course_47_pourquoi_baille_t_on_q4,numericSlider,Približno od katerega tedna nosečnosti začne plod zehati?,"Fetusi zehajo od približno enajstega tedna nosečnosti, veliko preden vdihnejo zrak.",,,,11.0,1.0,20.0,2.0,tednov
course_47_pourquoi_baille_t_on,course_47_pourquoi_baille_t_on_q5,mcq,"Zakaj plod zeha dokazuje, da to ni zaradi ""pomanjkanja kisika""?","Plod zeha, čeprav njegova pljuča še ne dihajo zraka, kar kaže, da zehanje ni povezano s pomanjkanjem kisika.","[""Ker na tej točki njegova pljuča še ne dihajo zraka"", ""Ker plod še nima možganov"", ""Ker plod ves čas spi"", ""Ker se plod še ne premika""]",0,,,,,,
course_47_pourquoi_baille_t_on,course_47_pourquoi_baille_t_on_q6,trueFalse,Res ali ne: majhni otroci so že od rojstva zelo dovzetni za nalezljivo zehanje.,"Majhni otroci zaradi okužbe malo zehajo: ta občutljivost se pojavi pozneje, hkrati z določenimi socialnimi veščinami.","[""Prav"", ""Narobe""]",1,,,,,,
course_47_pourquoi_baille_t_on,course_47_pourquoi_baille_t_on_q7,mcq,"V katerih drugih situacijah, poleg utrujenosti, pogosto zehamo?","Zazehamo tudi tik pred testom ali ko nam je dolgčas, medtem ko želimo ostati zbrani, kar bi nam lahko pomagalo ostati pozorni.","[""Tik pred testom ali med dolgčasom, medtem ko poskušate ostati zbrani"", ""Samo med globokim spanjem"", ""Samo po obilnem obroku"", ""Samo med intenzivnim fizičnim naporom""]",0,,,,,,
course_47_pourquoi_baille_t_on,course_47_pourquoi_baille_t_on_q8,mcq,Kaj bi lahko pripomoglo k razvoju zehanja pri plodu glede na potek?,Pri plodu lahko zehanje prispeva k razvoju čeljustnih in obraznih mišic.,"[""Mišice čeljusti in obraza"", ""Nastanek pljuč"", ""Rast dolgih kosti"", ""Razvoj vida""]",0,,,,,,
course_48_comment_fonctionne_la_memoire,course_48_comment_fonctionne_la_memoire_q1,mcq,"Kako delujejo možgani, ko se nečesa spomnimo?","Za razliko od trdega diska možgani z vsakim priklicem aktivno rekonstruirajo prizor, zaradi česar je spomin močan, a zmotljiv.","[""Aktivno rekonstruira prizor, namesto da bi ga ponovno predvajal kot nedotaknjen posnetek"", ""Ponovno predvaja nedotaknjeno shranjeno datoteko, na primer trdi disk"", ""Projicira zamrznjeno podobo iz otroštva"", ""Kopira spomin iz drugega področja možganov, ne da bi ga spremenil""]",0,,,,,,
course_48_comment_fonctionne_la_memoire,course_48_comment_fonctionne_la_memoire_q2,mcq,Kakšna je razlika med delovnim in dolgoročnim spominom?,"Delovni spomin za nekaj sekund obdrži informacije, na primer telefonsko številko, dolgoročni spomin pa dejstva in znanje za dolgo časa.","[""Delovni spomin hrani informacije nekaj sekund in je omejen, dolgoročni spomin dolgo časa hrani dejstva in znanje."", ""Oba najdemo samo v hipokampusu"", ""Delovni spomin traja vse življenje, za razliko od dolgoročnega"", ""Pravzaprav obstaja samo ena vrsta pomnilnika""]",0,,,,,,
course_48_comment_fonctionne_la_memoire,course_48_comment_fonctionne_la_memoire_q3,mcq,Katera možganska struktura ima ključno vlogo pri oblikovanju novih spominov na dogodke?,"Hipokampus, globoka struktura v možganih, pomaga pri utrjevanju novih spominov na dogodke.","[""Morski konjiček"", ""Mali možgani"", ""Vizualna skorja"", ""Hrbtenjača""]",0,,,,,,
course_48_comment_fonctionne_la_memoire,course_48_comment_fonctionne_la_memoire_q4,trueFalse,"Res ali ne: spanje nam pomaga utrditi tisto, kar smo se čez dan naučili.","Določene faze spanja pomagajo utrditi dnevno učenje, zaradi česar je ponavljanje in nato spanje pogosto učinkovitejše od ponavljanja vso noč.","[""Prav"", ""Narobe""]",0,,,,,,
course_48_comment_fonctionne_la_memoire,course_48_comment_fonctionne_la_memoire_q5,mcq,"Kaj pomeni pravilo Donalda Hebba, »kar sveti skupaj, se drži skupaj«?","Po Hebbovem pravilu, ko se nevroni sprožijo istočasno, se njihove povezave okrepijo, kar gradi spomin.","[""Nevroni, ki se sprožijo skupaj, se nagibajo k močnejšemu povezovanju"", ""Najnovejši spomini vedno izbrišejo najstarejše"", ""Možgani si lahko zapomnijo samo eno informacijo naenkrat"", ""Dve hemisferi možganov med seboj nikoli ne komunicirata""]",0,,,,,,
course_48_comment_fonctionne_la_memoire,course_48_comment_fonctionne_la_memoire_q6,mcq,"Kaj se zgodi, ko prikličemo spomin?","Priklic spomina ga naredi začasno voljnega: podrobnosti iz sedanjosti lahko zdrsnejo vanj, preden se ponovno shrani.","[""Začasno postane voljna in jo je mogoče spremeniti s podrobnostmi sedanjosti"", ""Ostane popolnoma zamrznjen in nedotaknjen, kot prvič"", ""Samodejno se odstrani iz možganov"", ""Drugič postane nemogoče najti""]",0,,,,,,
course_48_comment_fonctionne_la_memoire,course_48_comment_fonctionne_la_memoire_q7,trueFalse,"Resnično ali napačno: lahko imamo lažne spomine, to je prizore, za katere verjamemo, da so resnični, a se nikoli niso zgodili, kot jim pripovedujemo.","Možgani lahko ustvarijo lažne spomine, prizore, za katere verjamemo, da so resnični, vendar se nikoli niso zgodili, ali pa niso točno takšni, kot so pripovedovani.","[""Prav"", ""Narobe""]",0,,,,,,
course_48_comment_fonctionne_la_memoire,course_48_comment_fonctionne_la_memoire_q8,mcq,Zakaj pozabljanje ni vedno neuspeh?,"Brez pozabe bi bili nasičeni z neuporabnimi podrobnostmi: pozabljanje, nasprotno, pomaga posploševati, odločati in ohranjati bistvene.","[""Pomaga pri posploševanju, odločanju in ohranjanju bistvenega, namesto da bi bil zasičen z nepotrebnimi podrobnostmi"", ""Dosledno dokazuje, da so možgani poškodovani"", ""Pravzaprav nima nobene koristi."", ""Zadeva samo starejše ljudi""]",0,,,,,,
course_49_pourquoi_a_t_on_des_frissons,course_49_pourquoi_a_t_on_des_frissons_q1,mcq,"Kateri del možganov deluje kot termostat, ko koža zazna mraz?","Ko koža zazna mraz, opozori hipotalamus, predel možganov, ki deluje kot telesni termostat.","[""hipotalamus"", ""Mali možgani"", ""Morski konjiček"", ""Prefrontalni korteks""]",0,,,,,,
course_49_pourquoi_a_t_on_des_frissons,course_49_pourquoi_a_t_on_des_frissons_q2,mcq,Zakaj mraz povzroča toploto?,"Drhtenje izvira iz hitrih, ponavljajočih se mišičnih kontrakcij, ki proizvajajo toploto za ogrevanje telesa.","[""Mišice se krčijo zelo hitro in večkrat"", ""Kri za trenutek preneha krožiti"", ""Koža neposredno absorbira toploto iz zraka"", ""Srce se ustavi za nekaj sekund""]",0,,,,,,
course_49_pourquoi_a_t_on_des_frissons,course_49_pourquoi_a_t_on_des_frissons_q3,trueFalse,"Res ali ne: kurja polt izvira iz starega refleksa, ki je služil dvigovanju dlak za boljšo izolacijo pred mrazom.","Kurja polt je star refleks, ki privzdiguje dlake, da bolje izolira telo, tudi če pri ljudeh z malo las ne služi več posebnemu namenu.","[""Prav"", ""Narobe""]",0,,,,,,
course_49_pourquoi_a_t_on_des_frissons,course_49_pourquoi_a_t_on_des_frissons_q4,mcq,"Katero snov sprosti simpatični živčni sistem, ko se sooči z grožnjo?","Ko se sooči z grožnjo, simpatični živčni sistem sprosti adrenalin, ki napne mišice in pospeši srce.","[""Adrenalin"", ""Melatonin"", ""Insulin"", ""Kolagen""]",0,,,,,,
course_49_pourquoi_a_t_on_des_frissons,course_49_pourquoi_a_t_on_des_frissons_q5,mcq,"Zakaj lahko dobite kurjo polt, medtem ko gledate grozljivko, udobno na kavču?","Simpatično živčevje se na strah ob gledanju filma odzove tudi brez prave nevarnosti, kar sproži kurjo polt.","[""Pozorni živčni sistem se na strah odzove, kot da bi obstajala resnična grožnja"", ""Sobna temperatura med grozljivim filmom vedno pade"", ""To je samo reakcija na glasen hrup v filmu"", ""Telo kemično zamenjuje film in resničnost""]",0,,,,,,
course_49_pourquoi_a_t_on_des_frissons,course_49_pourquoi_a_t_on_des_frissons_q6,mcq,"Katera snov, povezana z užitkom, je povezana z vznemirjenostjo med poslušanjem vznemirljive glasbe?","Glasbena vznemirjenja aktivirajo možganski krog nagrajevanja z dopaminom, snovjo, povezano z užitkom.","[""dopamin"", ""Adrenalin"", ""Noradrenalin"", ""kortizol""]",0,,,,,,
course_49_pourquoi_a_t_on_des_frissons,course_49_pourquoi_a_t_on_des_frissons_q7,trueFalse,"Res ali ne: drhtavica mraza, strahu in glasbe gredo skozi isti mehanizem z istim ciljem.","Tem drhtenjem je skupna beseda, ne pa tudi mehanizem: mraz proizvaja toploto, strah nas pripravi na reakcijo, glasba se dotakne čustvenega užitka.","[""Prav"", ""Narobe""]",1,,,,,,
course_49_pourquoi_a_t_on_des_frissons,course_49_pourquoi_a_t_on_des_frissons_q8,mcq,Kdaj naj bi mrzlica povzročila skrb in zahtevala zdravniško pomoč?,"Mrzlica, ki jo spremlja visoka vročina, ali stalna mrzlica brez jasnega vzroka lahko signalizira težavo in zahteva zdravniško pomoč.","[""Mrzlica z visoko vročino ali stalna mrzlica brez jasnega razloga"", ""Vsakič, ko poslušamo glasbo, se zdrznemo"", ""Vsakič, ko nas pozimi zebe"", ""Takoj, ko gledamo ganljiv film""]",0,,,,,,
course_4_le_couronnement_de_charlemagne_800,course_4_le_couronnement_de_charlemagne_800_q1,mcq,Kdo je na božič leta 800 okronal Karla Velikega za »cesarja Rimljanov«?,25. decembra 800 je v baziliki svetega Petra v Rimu papež Leon III položil cesarsko krono na glavo Karla Velikega.,"[""Papež Leon III"", ""Papež Inocenc III"", ""Bizantinski cesar Aleksej I. Komnen"", ""Nadškof Alkuin iz Yorka""]",0,,,,,,
course_4_le_couronnement_de_charlemagne_800,course_4_le_couronnement_de_charlemagne_800_q2,mcq,Katero cesarstvo naj bi obnovilo kronanje leta 800?,"Poteza Leona III. naj bi obnovila Zahodno rimsko cesarstvo, ki je izginilo po odstavitvi Romula Avgustula leta 476.","[""Zahodno rimsko cesarstvo je izginilo leta 476"", ""Vzhodno bizantinsko cesarstvo"", ""Sasanidsko perzijsko cesarstvo"", ""Langobardsko kraljestvo Italija""]",0,,,,,,
course_4_le_couronnement_de_charlemagne_800,course_4_le_couronnement_de_charlemagne_800_q3,trueFalse,Res ali ne: Karel Veliki je vodil približno trideset let vojne proti Saksoncem.,"Karel Veliki se je tri desetletja boril proti Saksoncem, predvsem pa jim je vsiljeval prisilno spreobrnitev v krščanstvo.","[""Prav"", ""Narobe""]",0,,,,,,
course_4_le_couronnement_de_charlemagne_800,course_4_le_couronnement_de_charlemagne_800_q4,mcq,"Kaj so missi dominici, ki jih je uvedel Karel Veliki?","Missi dominici so inšpektorji, poslani v parih v province, da preverijo delovanje lokalnih grofov.","[""Inšpektorji, poslani v parih, nadzorujejo pokrajine"", ""Menihi, odgovorni za prepisovanje starodavnih besedil"", ""Vojaki, ki varujejo meje cesarstva"", ""Trgovci, odgovorni za kovanje kovancev""]",0,,,,,,
course_4_le_couronnement_de_charlemagne_800,course_4_le_couronnement_de_charlemagne_800_q5,trueFalse,Res ali ne: v Konstantinoplu so kronanje Karla Velikega pozdravili kot pravično priznanje njegove moči.,Za Bizantince je obstajal samo en zakoniti rimski cesar: kronanje Karla Velikega je veljalo za uzurpacijo.,"[""Prav"", ""Narobe""]",1,,,,,,
course_4_le_couronnement_de_charlemagne_800,course_4_le_couronnement_de_charlemagne_800_q6,mcq,"Kakšno pisavo je sprejel Karel Veliki, da bi standardiziral besedila, prepisana po vsem imperiju?","Palačna šola Aix-la-Chapelle je razširila karolinsko pisavo, berljivo po vsem imperiju.","[""Carolinino pisanje"", ""Grška abeceda"", ""Hieroglifi"", ""cirilica""]",0,,,,,,
course_4_le_couronnement_de_charlemagne_800,course_4_le_couronnement_de_charlemagne_800_q7,chronological,Postavite te dogodke v življenju Karla Velikega v kronološki vrstni red.,"Ti mejniki segajo od leta 768 do 843: od pristopa Karla Velikega do langobardskega osvajanja, nato do kronanja, do razdelitve imperija med njegovimi vnuki.",,,"[""Nastop frankovskega kraljestva"", ""Osvojitev langobardskega kraljestva severne Italije"", ""Cesarsko kronanje v Rimu"", ""Verdunska pogodba o razdelitvi imperija""]",,,,,
course_4_le_couronnement_de_charlemagne_800,course_4_le_couronnement_de_charlemagne_800_q8,numericSlider,Katerega leta je bil Karel Veliki v Rimu okronan za cesarja?,Kronanje je potekalo 25. decembra 800 v baziliki svetega Petra v Rimu.,,,,800.0,750.0,850.0,5.0,
course_4_le_couronnement_de_charlemagne_800,course_4_le_couronnement_de_charlemagne_800_q9,numericSlider,Katerega leta je Verdunska pogodba razdelila cesarstvo med vnuke Karla Velikega?,"Leta 843 je Verdunska pogodba Karolinško cesarstvo razdelila na tri kraljestva, ki so predstavljala Francijo in Nemčijo.",,,,843.0,800.0,900.0,5.0,
course_50_comment_le_savon_tue_t_il_les_virus,course_50_comment_le_savon_tue_t_il_les_virus_q1,mcq,"Zakaj je milo še posebej učinkovito proti virusom, kot sta koronavirus ali gripa?","Koronavirusi in virus gripe imajo ovojnico iz maščobe, ki jo milo še posebej učinkovito uničuje.","[""Ti virusi imajo maščobno ovojnico, ki jo milo uniči"", ""Milo je kislo in neposredno sežge virus"", ""Milo zviša temperaturo kože"", ""Milo prepreči dihanje virusa""]",0,,,,,,
course_50_comment_le_savon_tue_t_il_les_virus,course_50_comment_le_savon_tue_t_il_les_virus_q2,mcq,"Kaj so molekule mila, imenovane ""površinsko aktivne snovi""?","Površinsko aktivne snovi v milu imajo glavo, ki ljubi vodo, in rep, ki se oprime maščobe, kar jim omogoča, da raztrgajo ovoj virusov.","[""Molekule z glavo, ki ljubi vodo, in repom, ki ljubi maščobo"", ""Molekule, ki samo nevtralizirajo bakterije"", ""Molekule, sestavljene samo iz alkohola"", ""Molekule, ki odbijajo vodo in maščobo""]",0,,,,,,
course_50_comment_le_savon_tue_t_il_les_virus,course_50_comment_le_savon_tue_t_il_les_virus_q3,trueFalse,Res ali ne: »goli« virusi brez maščobne ovojnice so bolj odporni na milo kot virusi z ovojnico.,Brez maščobne ovojnice za napad so goli virusi bolj odporni na milo in alkohol kot virusi z ovojnico.,"[""Prav"", ""Narobe""]",0,,,,,,
course_50_comment_le_savon_tue_t_il_les_virus,course_50_comment_le_savon_tue_t_il_les_virus_q4,mcq,Kako milo dejansko deaktivira virus z ovojnico?,"Maščobni rep molekul mila se zarije v ovoj virusa in ga raztrga ter deaktivira, preden voda spere ostanke.","[""Njegov zamaščen rep se zarije v ovoj virusa in ga raztrga"", ""Spremeni barvo virusa"", ""Takoj zamrzne virus"", ""Nevtralizira le njen genetski material""]",0,,,,,,
course_50_comment_le_savon_tue_t_il_les_virus,course_50_comment_le_savon_tue_t_il_les_virus_q5,numericSlider,Koliko sekund drgnjenja je na splošno priporočljivo za učinkovito umivanje rok?,"Priporočljivo je približno 20 sekund drgnjenja, da milo doseže vse gube rok.",,,,20.0,0.0,40.0,5.0,sekund
course_50_comment_le_savon_tue_t_il_les_virus,course_50_comment_le_savon_tue_t_il_les_virus_q6,mcq,Zakaj je trenje pomembno pri umivanju rok?,"Drgnjenje omogoča, da milo doseže vsak kotiček rok, kjer se lahko skrivajo virusi.","[""Potrebuje čas, da milo doseže vse gube, na primer med prsti in pod nohti"", ""Segreje vodo, da ubije viruse"", ""Ustvarja peno, ki sama ubija viruse"", ""Pravzaprav nima posebnega učinka""]",0,,,,,,
course_50_comment_le_savon_tue_t_il_les_virus,course_50_comment_le_savon_tue_t_il_les_virus_q7,percentageSlider,"Kolikšen minimalni odstotek alkohola mora vsebovati hidroalkoholni gel, da učinkovito uniči številne viruse z ovojnico?",Za učinkovito uničenje številnih virusov z ovojnico mora hidroalkoholni gel vsebovati vsaj 60 % alkohola.,,,,60.0,0.0,100.0,5.0,%
course_50_comment_le_savon_tue_t_il_les_virus,course_50_comment_le_savon_tue_t_il_les_virus_q8,mcq,V katerem primeru sta milo in voda boljša od hidroalkoholnega gela?,"Pri vidni umazaniji ali maščobi je hidroalkoholni gel manj učinkovit, saj ta umazanija deluje kot zaslon: milo in voda ostaneta takrat najboljša izbira.","[""Ko je na rokah vidna umazanija ali maščoba"", ""Ko so roke že popolnoma čiste"", ""Ko smo zunaj"", ""Ko nam primanjkuje časa""]",0,,,,,,
course_51_la_decouverte_de_la_penicilline_fleming,course_51_la_decouverte_de_la_penicilline_fleming_q1,mcq,Kaj je Alexander Fleming leta 1928 opazil na eni od svojih pozabljenih kulturnih škatel?,"Ko se je Fleming vrnil s počitnic, je opazil, da se je na posodi za gojenje pojavila plesen in da so bakterije okoli nje umrle.","[""Plesen je uničila bakterije okoli njega"", ""Vse bakterije so preživele brez sprememb"", ""Škatla je bila popolnoma prazna vsega življenja"", ""Neznana gliva je naredila bakterije bolj odporne""]",0,,,,,,
course_51_la_decouverte_de_la_penicilline_fleming,course_51_la_decouverte_de_la_penicilline_fleming_q2,numericSlider,Kdaj je Alexander Fleming odkril penicilin?,Fleming je leta 1928 v Londonu po naključju odkril penicilin.,,,,1928.0,1850.0,1950.0,5.0,let
course_51_la_decouverte_de_la_penicilline_fleming,course_51_la_decouverte_de_la_penicilline_fleming_q3,mcq,"Kateremu rodu pripada plesen, ki jo je odkril Fleming?","Plesen, ki jo je opazil Fleming, spada v rod Penicillium, od tod tudi ime snovi: penicilin.","[""Penicillium"", ""Streptokok"", ""Escherichia"", ""Aspergillus""]",0,,,,,,
course_51_la_decouverte_de_la_penicilline_fleming,course_51_la_decouverte_de_la_penicilline_fleming_q4,trueFalse,Res ali ne: samo Flemingu je uspelo dovolj očistiti penicilin za zdravljenje bolnih.,Fleming ni mogel dovolj očistiti penicilina za zdravljenje bolnikov: to delo je kasneje padlo v roke Floreya in Chaina.,"[""Prav"", ""Narobe""]",1,,,,,,
course_51_la_decouverte_de_la_penicilline_fleming,course_51_la_decouverte_de_la_penicilline_fleming_q5,mcq,Kdo je prevzel Flemingovo odkritje in ga spremenil v pravo zdravilo v zgodnjih štiridesetih letih?,"V Oxfordu sta Howard Florey in Ernst Chain izolirala, koncentrirala in preizkusila penicilin ter ga spremenila v pravo zdravilo.","[""Howard Florey in Ernst Chain v Oxfordu"", ""Louis Pasteur in Robert Koch"", ""Marie Curie in Pierre Curie"", ""James Watson in Francis Crick""]",0,,,,,,
course_51_la_decouverte_de_la_penicilline_fleming,course_51_la_decouverte_de_la_penicilline_fleming_q6,mcq,Zakaj je druga svetovna vojna pospešila razvoj penicilina?,"Zaradi vojne je bilo nujno treba zdraviti okužene vojake, kar je penicilin potisnilo iz laboratorija v strateško vprašanje.","[""Okužene vojake so morali nujno zdraviti"", ""Vsi civilni laboratoriji so bili zaprti"", ""Znanstveniki so iskali kemično orožje"", ""Vlada ga je želela prodati sovražnim državam""]",0,,,,,,
course_51_la_decouverte_de_la_penicilline_fleming,course_51_la_decouverte_de_la_penicilline_fleming_q7,mcq,Kako je bil penicilin proizveden v zadostnih količinah za zdravljenje milijonov ljudi?,"Med vojno so ZDA industrializirale proizvodnjo penicilina v ogromnih sodih, kot za pivo.","[""Združene države so med vojno industrializirale svojo proizvodnjo v velikanskih kadeh"", ""Vsaka bolnišnica je gojila svoj kalup posebej"", ""Kemično je bil sintetiziran brez plesni"", ""V velikih količinah so ga uvažali iz Azije""]",0,,,,,,
course_51_la_decouverte_de_la_penicilline_fleming,course_51_la_decouverte_de_la_penicilline_fleming_q8,chronological,Postavite te korake v zgodovino penicilina v red.,"Fleming je leta 1928 odkril penicilin, Florey in Chain sta ga razvila v zgodnjih 1940-ih, proizvodnja se je med vojno industrializirala, nato pa so trije raziskovalci leta 1945 prejeli Nobelovo nagrado.",,,"[""Fleming opazuje plesen, ki je ubila bakterije na posodi za gojenje"", ""Florey in Chain izolirata in testirata penicilin v Oxfordu"", ""ZDA so med vojno industrializirale proizvodnjo penicilina"", ""Fleming, Florey in Chain prejmejo Nobelovo nagrado""]",,,,,
course_51_la_decouverte_de_la_penicilline_fleming,course_51_la_decouverte_de_la_penicilline_fleming_q9,mcq,Kakšno tveganje je predvidel že Fleming glede antibiotikov?,"Fleming je že opozoril, da lahko bakterije postanejo odporne na zlorabljene antibiotike, tveganje, ki je danes postalo zelo realno.","[""Da bi lahko nekatere bakterije postale odporne, če bi bili antibiotiki napačno uporabljeni"", ""Ta penicilin bi sčasoma postal strupen"", ""Ta plesen bi lahko popolnoma izginila"", ""Da bi cena zdravila postala veliko previsoka""]",0,,,,,,
course_52_la_decouverte_de_l_electricite_et_ses_ap,course_52_la_decouverte_de_l_electricite_et_ses_ap_q1,mcq,Kaj je pokazal Benjamin Franklin s svojim eksperimentom spuščanja zmaja?,"Franklin je pokazal, da sta strela in elektrika, ki nastaneta zaradi trenja, ista sila, kar je bila temeljna ideja kljub nevarnosti poskusa.","[""Da je strela električni pojav"", ""Ta elektrika prihaja neposredno od Sonca"", ""Naj bo grom vedno pred bliskom"", ""Da so oblaki samo obremenjeni z vodo""]",0,,,,,,
course_52_la_decouverte_de_l_electricite_et_ses_ap,course_52_la_decouverte_de_l_electricite_et_ses_ap_q2,mcq,"Kakšen je namen strelovoda, izumljenega po Franklinovem delu?","Strelovod je kovinska palica, ki vodi strelo do tal brez poškodb in vnaša elektriko v inženirstvo.","[""Zagotavljanje streli varne poti do tal"", ""Popolnoma preprečite padanje strele"", ""Napolnite oblake z elektriko"", ""Ohladite zrak med nevihto""]",0,,,,,,
course_52_la_decouverte_de_l_electricite_et_ses_ap,course_52_la_decouverte_de_l_electricite_et_ses_ap_q3,mcq,"Kaj je odkril Michael Faraday, kar je omogočilo proizvodnjo električnega toka?","To je indukcija: magnet, ki se premika blizu žice, ustvarja električni tok, princip, ki je osnova vseh sodobnih dinamov in elektrarn.","[""Da magnet, ki se premika blizu žice, ustvarja tok"", ""Da trenje dveh kovin proizvaja svetlobo"", ""Voda bolje prevaja elektriko kot kovina"", ""Ta strela se lahko shrani v steklenico""]",0,,,,,,
course_52_la_decouverte_de_l_electricite_et_ses_ap,course_52_la_decouverte_de_l_electricite_et_ses_ap_q4,trueFalse,"Res ali ne: Michael Faraday je svojo kariero začel kot univerzitetni profesor, preden je postal znanstvenik.","Faraday je bil iz skromnega okolja in je začel kot knjigovez ter se učil znanosti z branjem, kar je vezal.","[""Prav"", ""Narobe""]",1,,,,,,
course_52_la_decouverte_de_l_electricite_et_ses_ap,course_52_la_decouverte_de_l_electricite_et_ses_ap_q5,mcq,Kakšno gibanje je Nikola Tesla zagovarjal v rivalstvu ob koncu 19. stoletja?,Tesla je s podjetjem Westinghouse branil izmenični tok pred Edisonovim enosmernim tokom.,"[""Izmenični tok"", ""Enosmerni tok"", ""Statični tok"", ""Magnetni tok""]",0,,,,,,
course_52_la_decouverte_de_l_electricite_et_ses_ap,course_52_la_decouverte_de_l_electricite_et_ses_ap_q6,mcq,Zakaj je izmenični tok nujen za mestna omrežja?,"Izmenični tok se lažje prenaša na dolge razdalje, kar mu je omogočilo, da pridobi moč v mestih.","[""Lažje ga je prenašati na dolge razdalje"", ""Izdelava stane manj"", ""Je popolnoma varen"", ""Ne potrebuje nobene elektrarne""]",0,,,,,,
course_52_la_decouverte_de_l_electricite_et_ses_ap,course_52_la_decouverte_de_l_electricite_et_ses_ap_q7,trueFalse,Res ali ne: Thomas Edison je branil enosmerni tok pred Teslo.,"Edison je spodbujal enosmerni tok, medtem ko sta Tesla in Westinghouse zagovarjala izmenični tok.","[""Prav"", ""Narobe""]",0,,,,,,
course_52_la_decouverte_de_l_electricite_et_ses_ap,course_52_la_decouverte_de_l_electricite_et_ses_ap_q8,mcq,Kaj je danes glede na tečaj glavni izziv pri elektriki?,"Izziv ni več samo proizvajati elektriko, ampak to narediti čisto in zanesljivo za popolnoma povezan svet.","[""Izdelajte ga čisto in zanesljivo"", ""Ugotavljanje, kako ga shraniti v zraku"", ""Izumite novo vrsto atoma"", ""Zamenjajte strelovod""]",0,,,,,,
course_53_la_decouverte_des_rayons_x_rontgen_1895,course_53_la_decouverte_des_rayons_x_rontgen_1895_q1,numericSlider,Katerega leta je Wilhelm Röntgen odkril rentgenske žarke?,Röntgen je to odkril 8. novembra 1895 v Würzburgu.,,,,1895.0,1850.0,1950.0,5.0,
course_53_la_decouverte_des_rayons_x_rontgen_1895,course_53_la_decouverte_des_rayons_x_rontgen_1895_q2,mcq,"Kaj Röntgen opazi, da se znajde na rentgenski sledi?","Röntgen opazi, da fluorescentni zaslon sveti od daleč, čeprav nanj ne vpliva vidna svetloba: nevidno sevanje prehaja skozi prostor.","[""Fluorescenten zaslon, ki sveti, ne da bi nanj vplivala vidna svetloba"", ""Vonj po zažganem v njegovem laboratoriju"", ""Električni udar na roki"", ""Iz cevi prihaja nenavaden hrup""]",0,,,,,,
course_53_la_decouverte_des_rayons_x_rontgen_1895,course_53_la_decouverte_des_rayons_x_rontgen_1895_q3,mcq,"Kaj pomeni ""X"" v ""rentgenskih žarkih""?","Röntgen to sevanje imenuje ""rentgenski žarki"", pri čemer X pomeni ""neznano"".","[""Neznano"", ""Eksperimentalno"", ""Izjemno"", ""Zunaj""]",0,,,,,,
course_53_la_decouverte_des_rayons_x_rontgen_1895,course_53_la_decouverte_des_rayons_x_rontgen_1895_q4,mcq,"Kaj je Röntgen fotografiral v nekaj tednih, da bi pokazal svoje odkritje?","Röntgen je fotografiral kosti roke svoje žene, vključno s poročnim prstanom: to je bilo rojstvo radiologije.","[""Ročne kosti njegove žene"", ""Lobanja pacienta v bolnišnici"", ""Kovinski kovanec"", ""Košček rastlinskega tkiva""]",0,,,,,,
course_53_la_decouverte_des_rayons_x_rontgen_1895,course_53_la_decouverte_des_rayons_x_rontgen_1895_q5,trueFalse,"Res ali ne: Röntgen je vložil patent za rentgenske žarke, da bi z njimi zaslužil.","Röntgen nikoli ni vložil patenta, želel je, da bi vsa znanost lahko prosto uporabljala njegovo odkritje.","[""Prav"", ""Narobe""]",1,,,,,,
course_53_la_decouverte_des_rayons_x_rontgen_1895,course_53_la_decouverte_des_rayons_x_rontgen_1895_q6,mcq,"Kaj je bilo pred rentgenskimi žarki pogosto potrebno, da smo »videli« zlom ali kroglo v telesu?","Pred rentgenskimi žarki, da bi videli notranjost telesa, ste morali pogosto operirati; z njimi dobite sliko brez rezanja.","[""Običajno so ga morali odpreti kirurško"", ""Na naravno ozdravitev je bilo treba počakati"", ""Ultrazvok smo že uporabljali"", ""Morali smo ga sistematično amputirati""]",0,,,,,,
course_53_la_decouverte_des_rayons_x_rontgen_1895,course_53_la_decouverte_des_rayons_x_rontgen_1895_q7,trueFalse,Res ali ne: Na začetku so bile nevarnosti rentgenskih žarkov dobro poznane in so se jih izogibale.,"Tveganja so sprva prezrli: operaterji so ure in ure slikali z rentgenskimi žarki, dokler niso dobili opeklin in nato raka.","[""Prav"", ""Narobe""]",1,,,,,,
course_53_la_decouverte_des_rayons_x_rontgen_1895,course_53_la_decouverte_des_rayons_x_rontgen_1895_q8,mcq,"K čemu so pripomogli tudi rentgenski žarki, kasneje uporabni za preučevanje DNK?","Rentgenski žarki so omogočili preučevanje strukture kristalov, to tehniko so kasneje uporabili za opazovanje strukture DNK.","[""Preučevanje zgradbe kristalov"", ""Izdelava stekla"", ""Ogljikovo datiranje"", ""Konzerviranje hrane""]",0,,,,,,
course_54_la_decouverte_du_micro_ondes_par_acciden,course_54_la_decouverte_du_micro_ondes_par_acciden_q1,numericSlider,"Katerega leta je Percy Spencer opazil, da se je njegova čokoladica stopila blizu radarja?",Leta 1945 je Spencer med delom na radarju prišel do tega naključnega odkritja.,,,,1945.0,1900.0,2000.0,5.0,
course_54_la_decouverte_du_micro_ondes_par_acciden,course_54_la_decouverte_du_micro_ondes_par_acciden_q2,mcq,Kaj opazi Percy Spencer med delom na radarju?,"Spencer opazi, da se je čokoladica v njegovem žepu stopila, ne zaradi telesne toplote, ampak zaradi radarskih valov.","[""Sladkornica v njegovem žepu se je stopila"", ""Nenadoma mu poči termometer"", ""Radar se pokvari brez razloga"", ""Njegove roke postanejo vroče ob stiku s kovino""]",0,,,,,,
course_54_la_decouverte_du_micro_ondes_par_acciden,course_54_la_decouverte_du_micro_ondes_par_acciden_q3,mcq,"Kaj Spencer preizkusi, da potrdi svojo slutnjo?","Spencer testira s koruzo: pokovka poči, kar potrjuje, da lahko mikrovalovi segrejejo hrano.","[""Koruza, ki poči v pokovko"", ""Voda, ki začne takoj vreti"", ""Kovina, taljenje"", ""Kruh, ki postane črn""]",0,,,,,,
course_54_la_decouverte_du_micro_ondes_par_acciden,course_54_la_decouverte_du_micro_ondes_par_acciden_q4,mcq,Za kaj so mikrovalovne pečice med vojno uporabljali predvsem za kuhanje?,Med vojno so mikrovalove uporabljali predvsem za radarje za odkrivanje letal in ladij.,"[""Radarji za odkrivanje letal in čolnov"", ""Radijske komunikacije na dolge razdalje"", ""Pogon rakete"", ""Za proizvodnjo električne energije""]",0,,,,,,
course_54_la_decouverte_du_micro_ondes_par_acciden,course_54_la_decouverte_du_micro_ondes_par_acciden_q5,numericSlider,Približno katerega leta je bila izdana prva komercialna mikrovalovna pečica Radarange?,"Radarange je bil izdan okoli leta 1947, vendar je bil ogromen in drag.",,,,1947.0,1900.0,2000.0,5.0,
course_54_la_decouverte_du_micro_ondes_par_acciden,course_54_la_decouverte_du_micro_ondes_par_acciden_q6,trueFalse,"Res ali ne: prva komercialna mikrovalovna pečica je bila majhna in poceni, namenjena domači uporabi.","Radarange je bil ogromen in drag, namenjen bolj restavracijam ali čolnom; potrebna bodo desetletja, da postane cenovno dostopna.","[""Prav"", ""Narobe""]",1,,,,,,
course_54_la_decouverte_du_micro_ondes_par_acciden,course_54_la_decouverte_du_micro_ondes_par_acciden_q7,trueFalse,Res ali ne: Mikrovalovi naredijo hrano radioaktivno.,"To je pogosta napačna predstava: mikrovalovi segrejejo hrano, ne naredijo jo radioaktivno.","[""Prav"", ""Narobe""]",1,,,,,,
course_54_la_decouverte_du_micro_ondes_par_acciden,course_54_la_decouverte_du_micro_ondes_par_acciden_q8,mcq,Kaj mikrovalovne pečice uporabljajo predvsem za segrevanje hrane?,"Mikrovalovi v glavnem vibrirajo molekule vode ter malo maščob in sladkorjev, kar ustvarja toploto v hrani.","[""Zaradi njih molekule vode vibrirajo"", ""Ob neposrednem stiku opečejo površino"", ""Ionizirajo zrak okoli posode"", ""Najprej segrejejo posodo""]",0,,,,,,
course_54_la_decouverte_du_micro_ondes_par_acciden,course_54_la_decouverte_du_micro_ondes_par_acciden_q9,mcq,"Zakaj je lahko debela jed po mikrovalovni pečici zunaj vroča, v sredini pa mlačna?","Valovi v hrano ne prodirajo v nedogled, kar pojasnjuje, zakaj se debela jed segreje predvsem na površini.","[""Valovi ne prodrejo neskončno globoko v hrano"", ""Pečica slabo razporeja toploto zaradi proizvodne napake"", ""Sredina je zaščitena z vlago"", ""Jed se v pečici prehitro obrne""]",0,,,,,,
course_55_la_theorie_de_la_gravitation_newton_1687,course_55_la_theorie_de_la_gravitation_newton_1687_q1,numericSlider,Katerega leta je Isaac Newton objavil Principia in svojo teorijo univerzalne gravitacije?,"Newton je leta 1687 objavil Principia, v katerem je trdil, da je gravitacija univerzalna.",,,,1687.0,1600.0,1750.0,10.0,
course_55_la_theorie_de_la_gravitation_newton_1687,course_55_la_theorie_de_la_gravitation_newton_1687_q2,mcq,"Kaj po Newtonu pojasnjuje, zakaj Luna ostane v orbiti okoli Zemlje?","Newton odgovori s privlačnostjo: Zemlja privlači Luno, kot Sonce privlači Zemljo.","[""Sila privlačnosti med obema telesoma"", ""Praznina, ki potiska Luno navzven"", ""Zemljino magnetno polje"", ""Stalni sunek sonca""]",0,,,,,,
course_55_la_theorie_de_la_gravitation_newton_1687,course_55_la_theorie_de_la_gravitation_newton_1687_q3,mcq,"Kako se spremeni gravitacijska sila, ko odmaknemo dve telesi?","Sila narašča z maso teles in upada s kvadratom razdalje, ki ju ločuje.","[""Zmanjšuje se s kvadratom razdalje"", ""Ostaja nespremenjen ne glede na razdaljo"", ""Povečuje se z razdaljo"", ""Nenadoma izgine nad določenim pragom""]",0,,,,,,
course_55_la_theorie_de_la_gravitation_newton_1687,course_55_la_theorie_de_la_gravitation_newton_1687_q4,trueFalse,"Resnično ali napačno: odvisno od tečaja je zgodba o jabolku, ki je padlo na Newtonovo glavo, dobro dokumentirano zgodovinsko dejstvo.","Zgodba o jabolku je predvsem pogosto izmišljena zgodba; ideja, ki jo ponazarja, je zelo resnična.","[""Prav"", ""Narobe""]",1,,,,,,
course_55_la_theorie_de_la_gravitation_newton_1687,course_55_la_theorie_de_la_gravitation_newton_1687_q5,mcq,"Zakaj se Luna ne zaleti v Zemljo, čeprav ves čas »pada« proti njej?","Luna nenehno pada proti Zemlji, vendar se zaradi velike bočne hitrosti vrti okoli, namesto da bi strmoglavila: to je orbita.","[""Ima tudi veliko bočno hitrost, zaradi katere se zavrti, namesto da bi trčila."", ""Hkrati jo odbija Sonce"", ""Njeno vzdušje jo ravno dovolj upočasni"", ""Zemlja dejansko nima nobene privlačnosti na sebi.""]",0,,,,,,
course_55_la_theorie_de_la_gravitation_newton_1687,course_55_la_theorie_de_la_gravitation_newton_1687_q6,mcq,Kaj pravi Newtonov tretji zakon gibanja?,"Newtonov tretji zakon pravi, da vsako dejanje povzroči nasprotno reakcijo enake intenzivnosti.","[""Vsako dejanje ima nasprotno reakcijo"", ""Predmet pospeši, ne da bi nanj delovala kakršna koli sila"", ""Masa predmeta se spreminja glede na njegovo hitrost"", ""Sile veljajo le za nebesna telesa""]",0,,,,,,
course_55_la_theorie_de_la_gravitation_newton_1687,course_55_la_theorie_de_la_gravitation_newton_1687_q7,trueFalse,"Res ali ne: odvisno od tečaja je Einsteinova teorija povsem razveljavila Newtonovo, ki danes ni več uporabna.","Einstein popravlja Newtona za skrajne primere, vendar Newtonova teorija ostaja odlična za izstrelitev rakete ali razumevanje plimovanja.","[""Prav"", ""Narobe""]",1,,,,,,
course_55_la_theorie_de_la_gravitation_newton_1687,course_55_la_theorie_de_la_gravitation_newton_1687_q8,mcq,Kateri znanstveniki so postavili pomembne temelje že pred Newtonovo sintezo?,"Kepler je opisal orbite planetov in Galileo je proučeval padanje teles, preden je Newton to dvoje povezal.","[""Galileo in Kepler"", ""Einstein in Kopernik"", ""Faraday in Franklin"", ""Darwin in Wallace""]",0,,,,,,
course_56_la_decouverte_de_la_radioactivite_marie,course_56_la_decouverte_de_la_radioactivite_marie_q1,mcq,Kaj je edinstvenega pri Marie Curie med vsemi dobitniki Nobelove nagrade?,"Marie Curie je edina oseba, ki je prejela dve Nobelovi nagradi v dveh različnih vedah: fiziki in nato kemiji.","[""Je edina oseba, ki je prejela dve Nobelovi nagradi v dveh različnih znanostih"", ""Je edina ženska, ki je kdaj prejela Nobelovo nagrado"", ""Trikrat je prejela Nobelovo nagrado"", ""Prejela je Nobelovo nagrado za mir in fiziko""]",0,,,,,,
course_56_la_decouverte_de_la_radioactivite_marie,course_56_la_decouverte_de_la_radioactivite_marie_q2,mcq,Zakaj je Marie Curie odšla študirat v Pariz in ne na Poljsko?,"Rojena na Poljskem je odšla študirat v Pariz, ker so lokalne univerze ženskam zaprle mnoga vrata.","[""Lokalne univerze so ženskam zaprle številna vrata"", ""Želela je pobegniti pred vojno"", ""Na Poljskem ni bilo univerze"", ""Njegova družina je že živela v Parizu""]",0,,,,,,
course_56_la_decouverte_de_la_radioactivite_marie,course_56_la_decouverte_de_la_radioactivite_marie_q3,numericSlider,"Katerega leta je Henri Becquerel opazil, da uran zakriva fotografske plošče brez svetlobe?","Leta 1896 je Becquerel ugotovil to ugotovitev, kar je Marie Curie spodbudilo k podrobnemu preučevanju pojava.",,,,1896.0,1850.0,1950.0,5.0,
course_56_la_decouverte_de_la_radioactivite_marie,course_56_la_decouverte_de_la_radioactivite_marie_q4,mcq,"Katero besedo je izumila Marie Curie, da bi opisala ta pojav?","Marie Curie je izumila besedo ""radioaktivnost"", da bi opisala to spontano sevanje atomov.","[""radioaktivnost"", ""Fluorescenca"", ""Magnetizem"", ""elektromagnetizem""]",0,,,,,,
course_56_la_decouverte_de_la_radioactivite_marie,course_56_la_decouverte_de_la_radioactivite_marie_q5,mcq,Katera dva kemična elementa sta skupaj odkrila Marie in Pierre Curie?,"Skupaj sta odkrila polonij, poimenovan po Poljski, in radij.","[""Polonij in radij"", ""Uran in plutonij"", ""Vodik in helij"", ""Ogljik in dušik""]",0,,,,,,
course_56_la_decouverte_de_la_radioactivite_marie,course_56_la_decouverte_de_la_radioactivite_marie_q6,trueFalse,Res ali ne: za izolacijo polonija in radija je bilo treba predelati ogromne količine rude (smolino).,Za izolacijo le nekaj gramov teh elementov je bilo treba predelati na tone smoline.,"[""Prav"", ""Narobe""]",0,,,,,,
course_56_la_decouverte_de_la_radioactivite_marie,course_56_la_decouverte_de_la_radioactivite_marie_q7,numericSlider,Katerega leta je Marie Curie prejela samo Nobelovo nagrado za kemijo?,"Leta 1911, potem ko je že leta 1903 prejela Nobelovo nagrado za fiziko, je edina prejela Nobelovo nagrado za kemijo.",,,,1911.0,1890.0,1930.0,5.0,
course_56_la_decouverte_de_la_radioactivite_marie,course_56_la_decouverte_de_la_radioactivite_marie_q8,chronological,Postavite te faze v zgodovini radioaktivnosti v kronološki vrstni red.,"Ta časovni trak poteka od leta 1896 do 1911, med prvim Becquerelovim odkritjem in drugo Nobelovo podelitvijo Marie Curie.",,,"[""Henri Becquerel opaža, da uran zakriva fotografske plošče"", ""Marie in Pierre Curie odkrijeta polonij in radij"", ""Nobelova nagrada za fiziko nagrajujeta Becquerela in Curijeva"", ""Pierre Curie umre po nesreči"", ""Samo Marie Curie prejme Nobelovo nagrado za kemijo""]",,,,,
course_56_la_decouverte_de_la_radioactivite_marie,course_56_la_decouverte_de_la_radioactivite_marie_q9,mcq,Kaj je počela Marie Curie med prvo svetovno vojno?,"Organizira mobilne rentgenske enote, pri čemer se izpostavlja dozam, za katere danes vemo, da so nesprejemljive.","[""Organizira mobilne rentgenske enote za oskrbo poškodovancev"", ""Opusti raziskovanje, da bi se posvetila družini"", ""Zapusti Francijo in odide v ZDA"", ""Odkrije nov radioaktivni element""]",0,,,,,,
course_57_l_invention_d_internet,course_57_l_invention_d_internet_q1,mcq,"Zakaj ameriška vojska financira projekt, ki bo postal ARPANET?","Sredi hladne vojne je cilj povezati računalnike, ki še naprej komunicirajo, tudi če je del omrežja uničen.","[""Tako da računalniki še naprej komunicirajo, tudi če je del omrežja uničen"", ""Vohuniti za civilnimi komunikacijami"", ""Ustvariti vojaško video igro"", ""Za zamenjavo telefona v pisarnah""]",0,,,,,,
course_57_l_invention_d_internet,course_57_l_invention_d_internet_q2,mcq,Kako sporočila potujejo po ARPANET-u?,"Sporočila so razdeljena na majhne pakete, ki imajo različne poti: če ena pot ne uspe, jo prevzame druga.","[""Narežite na majhne pakete, ki imajo različne poti"", ""Poslano kot ena enota prek enega kabla"", ""Prenaša se samo z radijskimi valovi"", ""Shranjeno na fizičnih disketah""]",0,,,,,,
course_57_l_invention_d_internet,course_57_l_invention_d_internet_q3,mcq,Kaj razvijata Vint Cerf in Bob Kahn?,"Cerf in Kahn sta zasnovala protokol TCP/IP, ki pove, kako izrezati, nasloviti in ponovno sestaviti podatke.","[""Protokol TCP/IP, skupni jezik za omrežja"", ""Prvi spletni brskalnik"", ""Prvi osebni računalnik"", ""Prvi komunikacijski satelit""]",0,,,,,,
course_57_l_invention_d_internet,course_57_l_invention_d_internet_q4,numericSlider,Katerega leta je ARPANET uradno prešel na TCP/IP?,"1. januarja 1983 je ARPANET uradno sprejel TCP/IP, datum, ki se pogosto šteje za tehnično rojstvo interneta.",,,,1983.0,1960.0,2000.0,3.0,
course_57_l_invention_d_internet,course_57_l_invention_d_internet_q5,mcq,Kdo je izumil svetovni splet v CERN-u?,Tim Berners-Lee je izumil svetovni splet v CERN-u v začetku devetdesetih let.,"[""Tim Berners-Lee"", ""Vint Cerf"", ""Bob Kahn"", ""Percy Spencer""]",0,,,,,,
course_57_l_invention_d_internet,course_57_l_invention_d_internet_q6,trueFalse,"Res ali ne: brez spleta bi internet ostal predvsem orodje, rezervirano za strokovnjake.","Splet ponuja enostavno plast (strani, povezave, brskalniki), ki naredi internet dostopen vsakomur, ne le strokovnjakom.","[""Prav"", ""Narobe""]",0,,,,,,
course_57_l_invention_d_internet,course_57_l_invention_d_internet_q7,chronological,Postavite te tri glavne faze v zgodovini interneta v kronološki vrstni red.,"ARPANET se je rodil konec šestdesetih let, TCP/IP se je uveljavil leta 1983, nato pa je na začetku devetdesetih prišel splet.",,,"[""Ustanovitev omrežja ARPANET s strani ameriške vojske"", ""Sprejem skupnega protokola TCP/IP"", ""Izum svetovnega spleta Tim Berners-Leeja""]",,,,,
course_57_l_invention_d_internet,course_57_l_invention_d_internet_q8,mcq,Katere nove težave je glede na tečaj povzročil tudi internet?,"Internet je ustvaril tudi nove probleme: dezinformacije, nadzor, digitalni razkorak.","[""Dezinformacije, nadzor, digitalni razkorak"", ""Samo težave s hitrostjo povezave"", ""Popolno izginotje poštne pošte"", ""Prenehanje znanstvenih raziskav""]",0,,,,,,
course_58_la_structure_de_l_adn_watson_crick_1953,course_58_la_structure_de_l_adn_watson_crick_1953_q1,numericSlider,Katerega leta sta Watson in Crick objavila svoj model dvojne vijačnice DNK?,Model dvojne vijačnice je bil objavljen leta 1953.,,,,1953.0,1900.0,2000.0,5.0,
course_58_la_structure_de_l_adn_watson_crick_1953,course_58_la_structure_de_l_adn_watson_crick_1953_q2,mcq,Kaj pomeni DNK?,"DNK pomeni deoksiribonukleinsko kislino, dolgo molekulo, ki vsebuje genetsko kodo.","[""Deoksiribonukleinska kislina"", ""Jedrska kislina"", ""Dvojna nukleotidna kislina"", ""Naravna diazotirana kislina""]",0,,,,,,
course_58_la_structure_de_l_adn_watson_crick_1953,course_58_la_structure_de_l_adn_watson_crick_1953_q3,mcq,"Kaj so znanstveniki pogrešali v 40. in 50. letih prejšnjega stoletja, da bi razumeli, kako se DNK podvaja?","Brez poznavanja 3D oblike DNK je bilo težko razumeti, kako se lahko ta koda podvoji z vsako delitvijo celice.","[""Poznavanje njegove oblike v 3D"", ""Poznavanje njegove osnovne kemijske sestave"", ""Mikroskop, ki je dovolj močan, da vidi celice"", ""Dokaz, da starši prenašajo lastnosti na svoje otroke""]",0,,,,,,
course_58_la_structure_de_l_adn_watson_crick_1953,course_58_la_structure_de_l_adn_watson_crick_1953_q4,mcq,"Katera znamenita slika, ki jo je pridobila Rosalind Franklin, razkriva jasen dokaz spiralne strukture?",Znamenita rentgenska fotografija 51 Rosalind Franklin prikazuje jasen dokaz propelerja.,"[""Slika 51"", ""Kliše 12"", ""Alfa plošča"", ""Negativno""]",0,,,,,,
course_58_la_structure_de_l_adn_watson_crick_1953,course_58_la_structure_de_l_adn_watson_crick_1953_q5,trueFalse,Res ali ne: Rosalind Franklin je leta 1962 z Watsonom in Crickom prejela Nobelovo nagrado za odkritje strukture DNK.,"Franklin je umrl leta 1958; leta 1962 so Nobelovo nagrado prejeli Watson, Crick in Wilkins, ne ona.","[""Prav"", ""Narobe""]",1,,,,,,
course_58_la_structure_de_l_adn_watson_crick_1953,course_58_la_structure_de_l_adn_watson_crick_1953_q6,mcq,Kako sta verigi organizirani v strukturi DNK?,"Dve komplementarni niti se zvijata skupaj, njune kemične črke pa so obrnjene druga proti drugi v parih.","[""Ovijajo se druga okoli druge in njune črke so obrnjene druga proti drugi v parih"", ""Sta popolnoma neodvisna in se nikoli ne dotikata"", ""Tvorijo togo kocko brez možnosti ločevanja"", ""Združijo se v en sam pramen""]",0,,,,,,
course_58_la_structure_de_l_adn_watson_crick_1953,course_58_la_structure_de_l_adn_watson_crick_1953_q7,mcq,Zakaj nam oblika dvojne vijačnice pomaga razumeti kopijo DNK?,"Ko se obe verigi ločita, vsaka služi kot predloga za rekonstrukcijo druge, zaradi česar je dednost kemično razumljiva.","[""Ko se prameni ločijo, lahko vsak služi kot model za ponovno izgradnjo drugega"", ""Ker preprečuje kakršne koli genetske mutacije"", ""Ker naredi DNK neuničljivo"", ""Ker neposredno povezuje DNK z možgani""]",0,,,,,,
course_58_la_structure_de_l_adn_watson_crick_1953,course_58_la_structure_de_l_adn_watson_crick_1953_q8,mcq,O kateri drugi temi je Rosalind Franklin opravila pomembno delo?,"Franklin je veliko delal tudi na virusih, vloga, ki je bila v priljubljenih računih dolgo premalo cenjena.","[""Virusi"", ""Na antibiotike odporne bakterije"", ""Vulkani"", ""zvezde""]",0,,,,,,
course_59_la_decouverte_de_l_anesthesie,course_59_la_decouverte_de_l_anesthesie_q1,numericSlider,Katerega leta je bila v Bostonu prva javna predstavitev etrske anestezije?,16. oktobra 1846 je v Bostonu potekala prva prepričljiva javna predstavitev anestezije.,,,,1846.0,1800.0,1900.0,5.0,
course_59_la_decouverte_de_l_anesthesie,course_59_la_decouverte_de_l_anesthesie_q2,mcq,Po čem so kirurgi v prvi vrsti ocenjevali pred anestezijo?,"Brez anestezije so bili kirurgi ocenjeni glede na njihovo hitrost, da bi zmanjšali trpljenje bolnika.","[""Njihova hitrost izvedbe"", ""Njihova nežnost do bolnika"", ""Število uspešnih operacij brez anestezije"", ""Njihova sposobnost, da pacienta pripravijo do govora""]",0,,,,,,
course_59_la_decouverte_de_l_anesthesie,course_59_la_decouverte_de_l_anesthesie_q3,mcq,Kateri izdelek je dal Williamu Mortonu pacientu vdihniti med demonstracijo leta 1846?,"Zobozdravnik William Morton prisili pacienta, da pred operacijo vdihne eter.","[""Eter"", ""kloroform"", ""opij"", ""Čisti alkohol""]",0,,,,,,
course_59_la_decouverte_de_l_anesthesie,course_59_la_decouverte_de_l_anesthesie_q4,mcq,"Kdo je kirurg, ki med to demonstracijo operira tumor na vratu?","Kirurg John Warren operira tumor na vratu, medtem ko je pacient na etru.","[""John Warren"", ""Henri Becquerel"", ""Louis Pasteur"", ""Wilhelm Röntgen""]",0,,,,,,
course_59_la_decouverte_de_l_anesthesie,course_59_la_decouverte_de_l_anesthesie_q5,trueFalse,Res ali ne: med demonstracijo leta 1846 je pacient med celotno operacijo kričal od bolečin.,"Pacient ne kriči zaradi etra, ki osupne ves prostor.","[""Prav"", ""Narobe""]",1,,,,,,
course_59_la_decouverte_de_l_anesthesie,course_59_la_decouverte_de_l_anesthesie_q6,mcq,"Kateri drugi anestetični izdelek je nato postal priljubljen, zlasti v Veliki Britaniji?",Kloroform je takrat postal priljubljen predvsem v Veliki Britaniji poleg etra.,"[""kloroform"", ""morfij"", ""Srebrov nitrat"", ""jod""]",0,,,,,,
course_59_la_decouverte_de_l_anesthesie,course_59_la_decouverte_de_l_anesthesie_q7,mcq,"Kateri problem je še treba rešiti po odkritju etra, ki je rodil novo medicinsko specialnost?","Naučiti se moramo dozirati, spremljati dihanje in srce: to je rojstvo anesteziologije.","[""Dozirajte anestezijo, ne da bi bolnika ubili, s spremljanjem dihanja in srca"", ""Poiščite popolnoma neboleč izdelek za anesteziologa"", ""Prepričajte bolnike, da sprejmejo operacijo"", ""Izdelava ostrejših kirurških instrumentov""]",0,,,,,,
course_59_la_decouverte_de_l_anesthesie,course_59_la_decouverte_de_l_anesthesie_q8,trueFalse,"Res ali ne: danes lahko anestezija uspava samo celotno telo, nikoli le enega predela.",Danes lahko v lokalni ali regionalni anesteziji uspavamo celotno telo ali le določen predel.,"[""Prav"", ""Narobe""]",1,,,,,,
course_5_la_magna_carta_1215,course_5_la_magna_carta_1215_q1,mcq,Zakaj so angleški baroni leta 1215 kralju Johnu Lacklandu vsilili Magno Carto?,"Soočeni z davki, talci in samovoljnimi globami, ki jih je naložil John Lackland, da bi ponovno osvojil svoje dežele, se baroni uprejo in vsilijo besedilo, ki omejuje njegovo moč.","[""Za omejitev kraljeve samovolje: davki, talci in zlorabe glob"", ""Za financiranje nove križarske vojne v Sveti deželi"", ""Za odpravo angleške monarhije"", ""Izvoliti novega kralja namesto Janeza""]",0,,,,,,
course_5_la_magna_carta_1215,course_5_la_magna_carta_1215_q2,trueFalse,Res ali ne: pred letom 1215 je John Lackland izgubil Normandijo v korist francoskega kralja Filipa II. Avgusta.,"Leta 1204 je John Lackland izgubil Normandijo v korist Filipa II. Avgusta, kar ga je za vedno oslabilo.","[""Prav"", ""Narobe""]",0,,,,,,
course_5_la_magna_carta_1215,course_5_la_magna_carta_1215_q3,mcq,Kaj pravi klavzula 39 Magne Carte?,"Klavzula 39 vzpostavlja načelo, da noben svoboden človek ne more biti aretiran ali zaprt brez ustreznega sojenja sebi enakih.","[""Noben svoboden človek ne more biti aretiran brez sodbe svojih vrstnikov"", ""Kralja morajo izvoliti baroni"", ""Vsi kraljevi davki so odstranjeni"", ""Podložniki samodejno postanejo svobodnjaki""]",0,,,,,,
course_5_la_magna_carta_1215,course_5_la_magna_carta_1215_q4,trueFalse,"Res ali ne: Magna Carta iz leta 1215 je podelila enake pravice vsem prebivalcem kraljestva, vključno s podložniki.","Besedilo leta 1215 je v glavnem naslovljeno na »svobodne ljudi«; podložniki, kmetje, vezani na zemljo, nimajo neposrednih koristi.","[""Prav"", ""Narobe""]",1,,,,,,
course_5_la_magna_carta_1215,course_5_la_magna_carta_1215_q5,mcq,"Kaj se je zgodilo avgusta 1215, kmalu po podpisu Magne Carte?","Janez je dosegel, da je papež avgusta 1215 besedilo razveljavil, kar je ponovno vnelo spor z baroni.","[""John Lackland razveljavi besedilo s strani papeža in državljanska vojna se nadaljuje"", ""Kralja odstavijo baroni"", ""Listina se takoj uporablja po vsem kraljestvu"", ""John Lackland gre v izgnanstvo v Francijo""]",0,,,,,,
course_5_la_magna_carta_1215,course_5_la_magna_carta_1215_q6,mcq,Kateri vojaški poraz leta 1214 je Johna Lacklanda dokončno osamil pred Magno Carto?,"Leta 1214 je poraz pri Bouvinesu, kjer je Philippe Auguste premagal koalicijo, vključno z Anglijo, osamil Johna Lacklanda.","[""Poraz Bouvinesa"", ""Izguba Gaskonje"", ""Baroni so plenili London"", ""Upor severnih baronov""]",0,,,,,,
course_5_la_magna_carta_1215,course_5_la_magna_carta_1215_q7,chronological,Postavite te dogodke iz obdobja vladavine Johna Lacklanda v kronološki vrstni red.,"Te faze segajo od 1204 do 1216: izguba Normandije pred porazom Bouvinesa, nato podpis listine in njena ponovna izdaja s strani Henrika III.",,,"[""Izguba Normandije proti Philippe Auguste"", ""Poraz Bouvinesa"", ""Podpis Magne Carte v Runnymedu"", ""Ponovna izdaja listine Henrika III""]",,,,,
course_5_la_magna_carta_1215,course_5_la_magna_carta_1215_q8,numericSlider,Katerega leta je bila Magna Carta zapečatena v Runnymedeju?,Kralj John Lackland je dal svoj pečat na Magna Carta junija 1215 na Runnymede Meadow.,,,,1215.0,1150.0,1300.0,5.0,
course_5_la_magna_carta_1215,course_5_la_magna_carta_1215_q9,numericSlider,Koliko klavzul je v besedilu Magne Carte iz leta 1215?,"Dokument, sestavljen pod vplivom nadškofa Stephena Langtona, ima 63 klavzul.",,,,63.0,0.0,120.0,8.0,
course_60_la_theorie_de_l_evolution_de_darwin_1859,course_60_la_theorie_de_l_evolution_de_darwin_1859_q1,numericSlider,"Katerega leta je Charles Darwin objavil ""O izvoru vrst""?",Darwin je svoje glavno delo objavil leta 1859.,,,,1859.0,1800.0,1900.0,5.0,
course_60_la_theorie_de_l_evolution_de_darwin_1859,course_60_la_theorie_de_l_evolution_de_darwin_1859_q2,mcq,"Na kateri ladji je Darwin leta potoval, da bi opazoval rastline, fosile in ptice?",Darwin se je vkrcal na ladjo Beagle in leta opazoval naravo po svetu.,"[""Beagle"", ""Beagle II"", ""Endeavour"", ""Odkritje""]",0,,,,,,
course_60_la_theorie_de_l_evolution_de_darwin_1859,course_60_la_theorie_de_l_evolution_de_darwin_1859_q3,mcq,Kaj je Darwin opazil pri pticah Galapaških otokov?,"Na Galapagosu je Darwin opazil, da imajo bližnje ptice različne kljune glede na njihovo prehrano, kar je bil močan namig.","[""Različni kljuni glede na hrano"", ""Povsod enake barve perja"", ""Popolna nezmožnost letenja"", ""Vedno enake velikosti, ne glede na ptico""]",0,,,,,,
course_60_la_theorie_de_l_evolution_de_darwin_1859,course_60_la_theorie_de_l_evolution_de_darwin_1859_q4,mcq,"Kako je Darwin imenoval mehanizem, s katerim se med populacijo širijo lastnosti, koristne za preživetje?","Darwin ta mehanizem imenuje naravna selekcija: okolje namesto tega ohranja tisto, kar pomaga pri preživetju in razmnoževanju.","[""Naravna selekcija"", ""Usmerjena mutacija"", ""Pridobljena dednost"", ""Prostovoljno prilagajanje""]",0,,,,,,
course_60_la_theorie_de_l_evolution_de_darwin_1859,course_60_la_theorie_de_l_evolution_de_darwin_1859_q5,trueFalse,"Res ali ne: po Darwinu se posamezniki »želijo« razvijati, da bi se prilagodili svojemu okolju.","To ni volja: je filter, okolje ohranja lastnosti, ki delujejo, brez namena posameznikov.","[""Prav"", ""Narobe""]",1,,,,,,
course_60_la_theorie_de_l_evolution_de_darwin_1859,course_60_la_theorie_de_l_evolution_de_darwin_1859_q6,mcq,"Kateri drug naravoslovec pride na misel, ki je blizu Darwinovim, zaradi česar je izdal svojo knjigo?","Alfred Russel Wallace je prišel na podobne ideje, kar je Darwina spodbudilo, da je končno izdal svojo knjigo.","[""Alfred Russell Wallace"", ""Gregor Mendel"", ""Louis Pasteur"", ""Antoine Lavoisier""]",0,,,,,,
course_60_la_theorie_de_l_evolution_de_darwin_1859,course_60_la_theorie_de_l_evolution_de_darwin_1859_q7,mcq,Zakaj so Darwinove ideje šokirale družbo 19. stoletja?,"Reči, da se vrste spreminjajo in da si ljudje delimo zgodovino z drugimi živalmi, pretresajo vero in družbo tistega časa.","[""Izpodbijajo idejo, da so bile vrste ustvarjene takšne, kot so, in približujejo ljudi drugim živalim"", ""Dokazujejo, da je Zemlja mlajša, kot smo mislili"", ""Napovedujejo konec tradicionalnega kmetijstva"", ""Postavljajo pod vprašaj obstoj fosilov""]",0,,,,,,
course_60_la_theorie_de_l_evolution_de_darwin_1859,course_60_la_theorie_de_l_evolution_de_darwin_1859_q8,mcq,"Kateri trenutni primer glede na tečaj ponazarja evolucijo v ""živo""?","Boj proti bakterijam, odpornim na antibiotike, je primer evolucije, ki jo lahko opazujemo neposredno.","[""Na antibiotike odporne bakterije"", ""Popolno izginotje dinozavrov"", ""Nastanek celin"", ""Cikel letnih časov""]",0,,,,,,
course_61_le_big_bang,course_61_le_big_bang_q1,mcq,"Kaj je Big Bang, glede na tečaj?","Veliki pok ni eksplozija v že obstoječi praznini: prostor je sam, ki začne rasti in s seboj odnese snov.","[""Širjenje samega prostora, ne eksplozija v praznino, ki je že tam"", ""Klasična eksplozija, ki je vrgla materijo v že obstoječi prostor"", ""Trk dveh zvezd velikank"", ""Pojav, ki se še danes pojavlja v središču vsake galaksije""]",0,,,,,,
course_61_le_big_bang,course_61_le_big_bang_q2,numericSlider,Pred koliko milijardami let se je zgodil veliki pok?,"Znanstveniki datirajo veliki pok pred približno 13,8 milijarde let.",,,,13.8,5.0,20.0,1.0,milijarde let
course_61_le_big_bang,course_61_le_big_bang_q3,mcq,"Kdo je izumil izraz ""veliki pok"" leta 1949 in se je pravzaprav želel norčevati iz tega?","Britanski astrofizik Fred Hoyle je leta 1949 skoval izraz, da bi se norčeval iz ideje, vendar se je vzdevek ostal.","[""Fred Hoyle"", ""Edwin Hubble"", ""Albert Einstein"", ""Arno Penzias""]",0,,,,,,
course_61_le_big_bang,course_61_le_big_bang_q4,numericSlider,"Katerega leta je Edwin Hubble opazil, da se galaksije hitreje oddaljujejo?","Leta 1929 je Hubble pokazal, da vesolje ni statično: raste.",,,,1929.0,1900.0,1950.0,5.0,
course_61_le_big_bang,course_61_le_big_bang_q5,mcq,"Kaj sta leta 1965 ujela Arno Penzias in Robert Wilson, glavni dokaz velikega poka?","Penzias in Wilson ujameta kozmično mikrovalovno ozadje, toplotni odmev mladega vesolja, ki prihaja iz vseh smeri.","[""Kozmično mikrovalovno ozadje, radijsko prasketanje, ki prihaja od vsepovsod"", ""Prvi gravitacijski valovi"", ""Neposredna svetloba prvih zvezd"", ""Radijski signal, ki ga je poslala druga civilizacija""]",0,,,,,,
course_61_le_big_bang,course_61_le_big_bang_q6,percentageSlider,Kolikšen delež vodika je približno nastal v prvih minutah vesolja?,"Izračuni in opazovanja kažejo, da je med prvotno nukleosintezo nastalo približno 75 % vodika in 25 % helija.",,,,75.0,0.0,100.0,5.0,%
course_61_le_big_bang,course_61_le_big_bang_q7,chronological,Postavite te glavne faze v zgodovini vesolja v kronološki vrstni red.,"Ta časovni trak poteka od začetne inflacije do nastanka Sonca pred 4,6 milijarde let, prek prvih jeder približno 3 minute in razpršenega ozadja pred približno 380.000 leti.",,,"[""Faza inflacije, takoj po začetku vesolja"", ""Nastanek prvih atomskih jeder"", ""Sproščanje svetlobe v izvoru kozmičnega mikrovalovnega ozadja"", ""Pojav prvih zvezd"", ""Nastanek Sonca""]",,,,,
course_61_le_big_bang,course_61_le_big_bang_q8,trueFalse,"Res ali ne: V vesolju, ki se širi, obstaja točno določena središčna točka, od katere se vse odmika.",Tako kot napihnjen balon nobena točka v vesolju ni središče: vse točke se odmikajo druga od druge.,"[""Prav"", ""Narobe""]",1,,,,,,
course_61_le_big_bang,course_61_le_big_bang_q9,percentageSlider,Kolikšen del vsebine vesolja je glede na tečaj temna energija?,Temna energija predstavlja približno 68 % vsebine vesolja v primerjavi s približno 5 % običajne snovi.,,,,68.0,0.0,100.0,5.0,%
course_61_le_big_bang,course_61_le_big_bang_q10,mcq,Kaj smo opazovali leta 1998 po zaslugi oddaljenih supernov?,"Leta 1998 je opazovanje oddaljenih supernov pokazalo, da se širjenje vesolja pospešuje, kar pripisujejo skrivnostni temni energiji.","[""Naj se širitev vesolja pospeši"", ""Da se je vesolje nehalo širiti"", ""Da se bo vesolje kmalu skrčilo"", ""Da obstaja še ena galaksija, ki je enaka naši""]",0,,,,,,
course_62_pourquoi_les_volcans_entrent_ils_en_erup,course_62_pourquoi_les_volcans_entrent_ils_en_erup_q1,mcq,"Kaj se zgodi z magmo, ko pride na prosto?","Ko je na prostem, magma, ki se dvigne na površje vulkana, postane lava.","[""Lava"", ""Strjen bazalt"", ""Plovec"", ""granit""]",0,,,,,,
course_62_pourquoi_les_volcans_entrent_ils_en_erup,course_62_pourquoi_les_volcans_entrent_ils_en_erup_q2,mcq,Kaj povzroča nastanek magme v coni subdukcije?,"V coni subdukcije pogrezajoča se plošča prenaša vodo, ki znižuje tališče kamnin in tvori magmo.","[""Voda, ki jo poganja potopna plošča, ki znižuje tališče kamnin"", ""Nenadna ohladitev plošče, ki se potopi"", ""Popolno izginotje oceanske skorje"", ""Nenaden padec atmosferskega tlaka""]",0,,,,,,
course_62_pourquoi_les_volcans_entrent_ils_en_erup,course_62_pourquoi_les_volcans_entrent_ils_en_erup_q3,trueFalse,"Res ali ne: tekoča magma, tako kot tista na Havajih, običajno povzroči eksplozivne izbruhe.","Tekoča magma omogoča, da plini zlahka uhajajo: izbruh je efuziven, lava teče, kot na Havajih ali v Piton de la Fournaise.","[""Prav"", ""Narobe""]",1,,,,,,
course_62_pourquoi_les_volcans_entrent_ils_en_erup,course_62_pourquoi_les_volcans_entrent_ils_en_erup_q4,mcq,"Kaj določa, ali je izbruh bolj efuziven ali bolj eksploziven?","Tekoča magma pusti plinom, da uidejo in tečejo (efuzivni izbruh), medtem ko lepljiva magma ujame pline, dokler ne eksplodira (eksplozivni izbruh).","[""Viskoznost magme"", ""Temperatura okoliškega zraka"", ""Nadmorska višina vulkana"", ""Barva lave""]",0,,,,,,
course_62_pourquoi_les_volcans_entrent_ils_en_erup,course_62_pourquoi_les_volcans_entrent_ils_en_erup_q5,percentageSlider,"Kolikšen del svetovne vulkanske dejavnosti poteka pod oceani, daleč od naših oči?","Približno 80 % svetovne vulkanske dejavnosti poteka pod oceani, zlasti v bližini grebenov.",,,,80.0,0.0,100.0,5.0,%
course_62_pourquoi_les_volcans_entrent_ils_en_erup,course_62_pourquoi_les_volcans_entrent_ils_en_erup_q6,mcq,Kateri vulkanski izbruh leta 1815 v Indoneziji je ohladil svetovno podnebje in leta 1816 povzročil »leto brez poletja«?,"Izbruh Tambore leta 1815 je bil tako močan, da je ohladil svetovno podnebje, kar je leta 1816 povzročilo katastrofalne letine.","[""Izbruh Tambore"", ""Izbruh Vezuva"", ""Izbruh Krakatoe"", ""Izbruh Pinatuba""]",0,,,,,,
course_62_pourquoi_les_volcans_entrent_ils_en_erup,course_62_pourquoi_les_volcans_entrent_ils_en_erup_q7,mcq,"Kaj so ""črni kadilci"", ki jih najdemo v bližini podvodnih grebenov?","Črni kadilci so podvodni dimniki, ki bruhajo vroče, z minerali bogate tekočine, okoli katerih živijo ekosistemi brez svetlobe.","[""Dimniki, ki oddajajo goreče tekočine, bogate z minerali"", ""Ledeni gejzirji, značilni za polarna območja"", ""Oblaki vulkanskega pepela na površju"", ""Roboti so nekoč raziskovali vulkane""]",0,,,,,,
course_62_pourquoi_les_volcans_entrent_ils_en_erup,course_62_pourquoi_les_volcans_entrent_ils_en_erup_q8,mcq,Katero starodavno mesto je pokopal izbruh Vezuva leta 79 našega štetja? AD?,Leta 79 pred našim štetjem je izbruh Vezuva blizu Neaplja mesto Pompeje pokopal v pepelu.,"[""Pompeji"", ""Ostia"", ""Cumae"", ""Ravenna""]",0,,,,,,
course_63_comment_se_forment_les_tremblements_de_t,course_63_comment_se_forment_les_tremblements_de_t_q1,mcq,"Kaj je napaka, ki povzroči potres?","Potres se zgodi vzdolž preloma, razpoke med dvema skalnima blokoma, ki na koncu nenadoma zdrsneta.","[""Lom med dvema skalnima blokoma"", ""Vrsta podvodnega vulkana"", ""Plast zemeljske atmosfere"", ""Seizmični merilni instrument""]",0,,,,,,
course_63_comment_se_forment_les_tremblements_de_t,course_63_comment_se_forment_les_tremblements_de_t_q2,mcq,Zakaj tektonske plošče kljub nenehnemu gibanju ne drsijo neprekinjeno?,Na mejah plošč drsenje ovira trenje kamnin: energija se nato tiho kopiči do razpoka.,"[""Trenje kamnin blokira njihovo drsenje na mejah"", ""Skupaj jih drži zemeljsko magnetno polje"", ""Gravitacija jim preprečuje premikanje"", ""Zemljin plašč je popolnoma trden in negibljiv""]",0,,,,,,
course_63_comment_se_forment_les_tremblements_de_t,course_63_comment_se_forment_les_tremblements_de_t_q3,mcq,Kakšna je razlika med žariščem in epicentrom potresa?,"Fokus se nanaša na prelomno točko v globini, medtem ko je epicenter točka na površini tik nad, kjer so učinki pogosto najmočnejši.","[""Žarišče je prelomna točka v globini, epicenter je točka na površini tik nad"", ""Žarišče je na površini, epicenter je globoko"", ""To sta dve različni imeni za popolnoma isto točko."", ""Fokus meri magnitudo, epicenter meri trajanje""]",0,,,,,,
course_63_comment_se_forment_les_tremblements_de_t,course_63_comment_se_forment_les_tremblements_de_t_q4,trueFalse,Res ali ne: vsaka dodatna stopinja na magnitudni lestvici pomnoži sproščeno energijo s približno 32.,"Magnitudna lestvica je logaritemska: vsaka stopinja pomnoži energijo s približno 32, tako da potres z magnitudo 8 sprosti približno 1000-krat več energije kot potres z magnitudo 6.","[""Prav"", ""Narobe""]",0,,,,,,
course_63_comment_se_forment_les_tremblements_de_t,course_63_comment_se_forment_les_tremblements_de_t_q5,numericSlider,"Kakšna je približna dolžina preloma San Andreas v Kaliforniji, v kilometrih?",Prelom San Andreas se razteza približno 800 milj vzdolž Kalifornije.,,,,1300.0,500.0,2000.0,100.0,km
course_63_comment_se_forment_les_tremblements_de_t,course_63_comment_se_forment_les_tremblements_de_t_q6,mcq,"Kakšna katastrofa je sledila potresu z magnitudo 9,1 blizu Sumatre leta 2004?","Potres leta 2004 v bližini Sumatre je dvignil morsko dno in sprožil cunami, ki je prizadel 14 držav in umrl po ocenah 227.000 ljudi.","[""Cunami, ki je prizadel 14 držav in ubil okoli 227.000 ljudi"", ""Velik vulkanski izbruh v Indoneziji"", ""Izpad električne energije po vsej azijski celini"", ""Ekstremno mraz v jugovzhodni Aziji""]",0,,,,,,
course_63_comment_se_forment_les_tremblements_de_t,course_63_comment_se_forment_les_tremblements_de_t_q7,chronological,Razvrstite po vrstnem redu prihoda različnih vrst seizmičnih valov po prelomu preloma.,"Po pretrganju pridejo najprej valovi P, sledijo jim valovi S in nato površinski valovi, ki povzročajo najbolj vidna nihanja v tleh.",,,"[""P valovi, ki stisnejo skalo kot harmonika"", ""S valovi, počasnejši in pogosto bolj uničujoči"", ""Površinski valovi, ki povzročajo zelo vidno nihanje tal""]",,,,,
course_63_comment_se_forment_les_tremblements_de_t,course_63_comment_se_forment_les_tremblements_de_t_q8,mcq,Za kaj se uporablja potresno inženirstvo?,"Potresno inženirstvo načrtuje zgradbe z mobilnimi temelji ali blažilniki udarcev, ki lahko prenesejo tresljaje.","[""Oblikovati zgradbe, ki lahko absorbirajo energijo tresljajev"", ""Napovedati točen dan prihodnjega potresa"", ""Da bi preprečili premikanje tektonskih plošč"", ""Za naknadno merjenje magnitude potresa""]",0,,,,,,
course_63_comment_se_forment_les_tremblements_de_t,course_63_comment_se_forment_les_tremblements_de_t_q9,trueFalse,Res ali ne: danes znamo natančno napovedati točen dan močnejšega potresa.,Natančnega dneva močnejšega potresa še ne znamo napovedati; kartiramo lahko samo območja tveganja.,"[""Prav"", ""Narobe""]",1,,,,,,
course_64_la_catastrophe_de_tchernobyl_1986,course_64_la_catastrophe_de_tchernobyl_1986_q1,mcq,Kakšna preizkušnja je bila nočna izmena reaktorja št. 4 izvajanje pred eksplozijo?,"Inženirji so preizkušali, ali lahko še vedno vrteče se turbine napajajo hladilne črpalke v primeru izpada elektrike, preden se zaženejo dizelski generatorji.","[""Varnostni test napajanja hladilnih črpalk v primeru izpada elektrike"", ""Preizkus potresne odpornosti stavbe"", ""Test kakovosti vode bližnje reke"", ""Vaja evakuacije prebivalstva""]",0,,,,,,
course_64_la_catastrophe_de_tchernobyl_1986,course_64_la_catastrophe_de_tchernobyl_1986_q2,mcq,"Kateri tip reaktorja, ki je znan po svoji nestabilnosti pri nizki moči, je bil uporabljen v Černobilu?","Reaktor RBMK, hlajen z grafitom, je postal zelo nestabilen pri nizki moči, kar je prispevalo k nesreči.","[""Sovjetski reaktor RBMK"", ""Ameriški vodni reaktor pod pritiskom"", ""Francoski hitri nevtronski reaktor"", ""Kitajski reaktor za staljeno sol""]",0,,,,,,
course_64_la_catastrophe_de_tchernobyl_1986,course_64_la_catastrophe_de_tchernobyl_1986_q3,trueFalse,Res ali ne: v Černobilu je aktiviranje krmilnih palic takoj ustavilo verižno reakcijo.,"Zaradi svoje zasnove so krmilne palice najprej povzročile kratek val, preden so lahko ustavile reakcijo, kar je povzročilo eksplozijo.","[""Prav"", ""Narobe""]",1,,,,,,
course_64_la_catastrophe_de_tchernobyl_1986,course_64_la_catastrophe_de_tchernobyl_1986_q4,numericSlider,Približno koliko prebivalcev je imel Pripjat ob evakuaciji?,"Pripjat je imel okoli 50.000 prebivalcev, evakuiranih v nekaj urah 27. aprila 1986.",,,,50000.0,20000.0,80000.0,7000.0,stanovalci
course_64_la_catastrophe_de_tchernobyl_1986,course_64_la_catastrophe_de_tchernobyl_1986_q5,mcq,"Kakšno stopnjo dosega černobilska katastrofa na lestvici INES, ki jedrske nesreče razvršča od 1 do 7?","Černobil je tako kot Fukušima leta 2011 dosegel 7. stopnjo, najvišjo na lestvici INES.","[""Stopnja 7, najvišja stopnja lestvice"", ""Stopnja 5, srednja stopnja"", ""3. stopnja, manjši incident"", ""Za to nesrečo ni lestvice""]",0,,,,,,
course_64_la_catastrophe_de_tchernobyl_1986,course_64_la_catastrophe_de_tchernobyl_1986_q6,mcq,"Kako imenujemo stotisoče ljudi, ki jih je ZSSR mobilizirala za zajezitev katastrofe?","Za obvladovanje nesreče je bilo mobiliziranih skoraj 600.000 ljudi, imenovanih likvidatorji: piloti, delavci, vojaki.","[""Likvidatorji"", ""Zaščitniki"", ""Ognjemet"", ""Stražarji""]",0,,,,,,
course_64_la_catastrophe_de_tchernobyl_1986,course_64_la_catastrophe_de_tchernobyl_1986_q7,chronological,Postavite te faze černobilske katastrofe v kronološki vrstni red.,"Eksplozija se je zgodila 26. aprila 1986, Pripiat so evakuirali naslednji dan, leta 1986 so zgradili prvi sarkofag, nato pa ga je leta 2016 zamenjal nov lok.",,,"[""Varnostni test na reaktorju št. 4 gre narobe in povzroči eksplozijo"", ""Mesto Pripjat je nujno evakuirano"", ""Prvi betonski sarkofag izolira poškodovani reaktor"", ""Ogromen jeklen lok pokriva celotno mesto""]",,,,,
course_64_la_catastrophe_de_tchernobyl_1986,course_64_la_catastrophe_de_tchernobyl_1986_q8,trueFalse,Res ali ne: območje izključitve okoli Černobila je zdaj dom številnih divjih živali.,"Desetletja brez kmetijstva ali mest se na izključenem območju razvijajo številne divje živali: volkovi, losi, konji Przewalskega.","[""Prav"", ""Narobe""]",0,,,,,,
course_64_la_catastrophe_de_tchernobyl_1986,course_64_la_catastrophe_de_tchernobyl_1986_q9,mcq,Zakaj je mesto leta 2016 prekril nov jekleni lok?,"Ker je betonski sarkofag, zgrajen leta 1986, oslabel, je bil leta 2016 pokrit z novim lokom, ki naj bi trajal približno 100 let.","[""Prvi betonski sarkofag, zgrajen leta 1986, je oslabel"", ""Prvi sarkofag ni bil nikoli dokončan"", ""Pravkar so odkrili novo radioaktivno uhajanje"", ""Ukrajinska vlada je želela ponovno odpreti tovarno""]",0,,,,,,
course_65_pourquoi_la_lune_ne_tombe_t_elle_pas_sur,course_65_pourquoi_la_lune_ne_tombe_t_elle_pas_sur_q1,mcq,"Zakaj se Luna ne zaleti v Zemljo, čeprav jo gravitacija nenehno vleče?","Luna resda pada proti Zemlji, vendar zaradi svoje bočne hitrosti nenehno zgreši Zemljo: temu pravimo orbita.","[""Ima bočno hitrost, zaradi katere v vsakem trenutku zgreši Zemljo: gre za stalen prosti pad"", ""Drži ga nevidno magnetno polje"", ""Zemljina gravitacija ne deluje izven atmosfere"", ""Luna ne doživlja nobene gravitacijske sile""]",0,,,,,,
course_65_pourquoi_la_lune_ne_tombe_t_elle_pas_sur,course_65_pourquoi_la_lune_ne_tombe_t_elle_pas_sur_q2,mcq,"Kaj si je zamislil Isaac Newton, da bi pojasnil princip orbite?","Newton si predstavlja top, ki izstreljuje kroglo vodoravno: pri zadostni hitrosti žoga pade, ne da bi se sploh dotaknila tal, saj se Zemlja pod njo ukrivi z enako hitrostjo.","[""Top, ki izstreli topovsko kroglo z gore, ki je dovolj visoka, da uide atmosferi"", ""Nihalo, ki neskončno niha v praznini"", ""Poskus z dvema nasprotujočima si magnetoma"", ""Balon, napolnjen s helijem, izpuščen na nadmorski višini""]",0,,,,,,
course_65_pourquoi_la_lune_ne_tombe_t_elle_pas_sur,course_65_pourquoi_la_lune_ne_tombe_t_elle_pas_sur_q3,numericSlider,Kako daleč Luna v povprečju obkroži Zemljo v kilometrih?,Luna kroži približno 384.000 km od Zemlje.,,,,384000.0,320000.0,440000.0,15000.0,km
course_65_pourquoi_la_lune_ne_tombe_t_elle_pas_sur,course_65_pourquoi_la_lune_ne_tombe_t_elle_pas_sur_q4,trueFalse,"Res ali ne: če bi gravitacija nenadoma izginila, bi Luna potovala v vesolje v ravni črti.","Po načelu vztrajnosti telo ohranja svojo hitrost, če ni upočasnjeno: brez gravitacije, ki bi ga zadrževala, bi šla Luna naravnost.","[""Prav"", ""Narobe""]",0,,,,,,
course_65_pourquoi_la_lune_ne_tombe_t_elle_pas_sur,course_65_pourquoi_la_lune_ne_tombe_t_elle_pas_sur_q5,mcq,Kaj ustvarja plimske sile med Zemljo in Luno?,"Lunina gravitacija močneje vleče tisto stran Zemlje, ki je obrnjena proti njej, kar popači oceane in ustvari vodno izboklino: plimovanje.","[""Luna močneje privlači proti njej obrnjeno stran Zemlje kot nasprotno"", ""Vrtenje Zemlje okoli sebe"", ""Toplota zemeljskega jedra"", ""Sončni veter, ki udari v ozračje""]",0,,,,,,
course_65_pourquoi_la_lune_ne_tombe_t_elle_pas_sur,course_65_pourquoi_la_lune_ne_tombe_t_elle_pas_sur_q6,numericSlider,Za koliko centimetrov se Luna vsako leto oddalji od Zemlje?,"Zaradi plimskih sil se Luna odmakne približno 1,5 cm na leto.",,,,3.8,0.0,8.0,1.0,cm
course_65_pourquoi_la_lune_ne_tombe_t_elle_pas_sur,course_65_pourquoi_la_lune_ne_tombe_t_elle_pas_sur_q7,mcq,Zakaj so danes možni popolni sončni mrki?,"Po geometrijskem naključju je Sonce 400-krat večje in 400-krat dlje od Lune, kar jima daje enako navidezno velikost na nebu.","[""Sonce je približno 400-krat večje od Lune, a tudi 400-krat dlje: obe imata enako navidezno velikost"", ""Luna je pravzaprav večja od Sonca"", ""Sonce se vse bolj približuje Zemlji"", ""Luna glede na Sonce miruje""]",0,,,,,,
course_65_pourquoi_la_lune_ne_tombe_t_elle_pas_sur,course_65_pourquoi_la_lune_ne_tombe_t_elle_pas_sur_q8,trueFalse,"Res ali ne: v daljni prihodnosti se bo Luna oddaljila do te mere, da ne bo mogla več povzročati popolnih sončnih mrkov.","Čez približno 600 milijonov let bo Luna predaleč, da bi popolnoma zakrila Sonce: ostali bodo le kolobarjasti mrki.","[""Prav"", ""Narobe""]",0,,,,,,
course_66_y_a_t_il_de_la_vie_ailleurs_dans_l_unive,course_66_y_a_t_il_de_la_vie_ailleurs_dans_l_unive_q1,mcq,Kaj je Fermijev paradoks?,Fermijev paradoks se nanaša na protislovje med ogromnim številom možnih planetov in odsotnostjo kakršnega koli potrjenega nezemeljskega stika do danes.,"[""Protislovje med ogromnim številom možnih planetov in odsotnostjo kakršnega koli potrjenega stika z nezemljani"", ""Teorija, ki dokazuje, da nikjer drugje v vesolju ni življenja"", ""Matematični paradoks, ki ni povezan z astronomijo"", ""Dokaz, da so vesoljci že stopili v stik z nami""]",0,,,,,,
course_66_y_a_t_il_de_la_vie_ailleurs_dans_l_unive,course_66_y_a_t_il_de_la_vie_ailleurs_dans_l_unive_q2,mcq,"Na katerih dveh sestavinah temelji znano zemeljsko življenje, osnova iskanja življenja drugje?","Življenje na Zemlji temelji predvsem na kemiji ogljika in tekoče vode, ki omogoča potek kemičnih reakcij.","[""Kemija ogljika in tekoča voda"", ""Silicij in plin dušik"", ""Helij in metan"", ""Železo in amoniak""]",0,,,,,,
course_66_y_a_t_il_de_la_vie_ailleurs_dans_l_unive,course_66_y_a_t_il_de_la_vie_ailleurs_dans_l_unive_q3,trueFalse,Res ali ne: od devetdesetih let prejšnjega stoletja so odkrili več kot 5000 eksoplanetov.,Od devetdesetih let prejšnjega stoletja je bilo okoli drugih zvezd odkritih več kot 5500 eksoplanetov.,"[""Prav"", ""Narobe""]",0,,,,,,
course_66_y_a_t_il_de_la_vie_ailleurs_dans_l_unive,course_66_y_a_t_il_de_la_vie_ailleurs_dans_l_unive_q4,mcq,"Kaj je Drakova enačba, predlagana leta 1961?","Leta 1961 je astronom Frank Drake predlagal formulo za množenje več faktorjev za oceno števila civilizacij, ki so sposobne komunicirati v naši galaksiji.","[""Formula, ki pomnoži več faktorjev za oceno števila komunicirajočih civilizacij v Rimski cesti"", ""Formula, ki izračuna natančno razdaljo med dvema galaksijama"", ""Izračun, ki dokazuje obstoj življenja na Marsu"", ""Enačba, ki se uporablja za merjenje hitrosti svetlobe""]",0,,,,,,
course_66_y_a_t_il_de_la_vie_ailleurs_dans_l_unive,course_66_y_a_t_il_de_la_vie_ailleurs_dans_l_unive_q5,mcq,"Kako bi luna Evropa, okoli Jupitra, uspela ohraniti tekoči ocean pod svojo ledeno skorjo?","Ogromna sila Jupitra izkrivlja Evropo in segreva njeno notranjost zaradi trenja, kar bi omogočilo, da ocean ostane tekoč pod ledom.","[""Jupitrove plimske sile segrevajo njegovo notranjost s trenjem"", ""Pred mrazom ga ščiti zelo gosta atmosfera"", ""Segreva jo lasten aktivni vulkanizem na površini"", ""Kljub razdalji prejema intenzivno sončno svetlobo""]",0,,,,,,
course_66_y_a_t_il_de_la_vie_ailleurs_dans_l_unive,course_66_y_a_t_il_de_la_vie_ailleurs_dans_l_unive_q6,mcq,Kaj je sonda Cassini razkrila o Saturnovi luni Enkelad?,"Sonda Cassini je zaznala gejzirje in dokaze o hidrotermalni dejavnosti na oceanskem dnu Enceladusa, viru kemične energije, ki lahko hrani mikrobe.","[""Dokazi o hidrotermalni dejavnosti na dnu njenega oceana"", ""Prisotnost dihajoče atmosfere"", ""Sledi vegetacije na njegovi površini"", ""Magnetno polje, ki je enako zemeljskemu""]",0,,,,,,
course_66_y_a_t_il_de_la_vie_ailleurs_dans_l_unive,course_66_y_a_t_il_de_la_vie_ailleurs_dans_l_unive_q7,mcq,"Kaj je hipoteza o ""velikem filtru""?","Veliki filter označuje skoraj nemogoč korak v evoluciji, ki smo ga že opravili ali pa nas še čaka.","[""Skoraj nemogoč korak v evoluciji k napredni tehnološki civilizaciji"", ""Naravni ščit, ki ščiti Zemljo pred asteroidi"", ""Filter, ki ga uporabljajo radijski teleskopi za zajemanje signalov"", ""Največja omejitev hitrosti, ki jo lahko doseže raketa""]",0,,,,,,
course_66_y_a_t_il_de_la_vie_ailleurs_dans_l_unive,course_66_y_a_t_il_de_la_vie_ailleurs_dans_l_unive_q8,numericSlider,Katerega leta je Frank Drake predlagal svojo enačbo za oceno števila komunicirajočih civilizacij?,Frank Drake je svojo enačbo predlagal leta 1961.,,,,1961.0,1940.0,1980.0,5.0,
course_66_y_a_t_il_de_la_vie_ailleurs_dans_l_unive,course_66_y_a_t_il_de_la_vie_ailleurs_dans_l_unive_q9,trueFalse,Res ali ne: sonde Voyager že od leta 1977 nosijo zlate plošče z zvoki in slikami Zemlje.,"Od leta 1977 so sonde Voyager nosile zlate diske, namenjene morebitni nezemeljski civilizaciji, čeprav je verjetnost prestrezanja skoraj enaka nič.","[""Prav"", ""Narobe""]",0,,,,,,
course_67_qu_est_ce_qu_un_trou_noir,course_67_qu_est_ce_qu_un_trou_noir_q1,mcq,Kako definirate črno luknjo?,"Črna luknja je območje vesolja-časa, kjer je gravitacija tako močna, da hitrost, potrebna za pobeg, presega hitrost svetlobe.","[""Območje, kjer je gravitacija tako močna, da niti svetloba ne more uiti"", ""Tunel, ki povezuje dve oddaljeni točki v vesolju"", ""Posebej hladna in temna zvezda"", ""Popolna praznina brez kakršne koli materije""]",0,,,,,,
course_67_qu_est_ce_qu_un_trou_noir,course_67_qu_est_ce_qu_un_trou_noir_q2,mcq,Kako običajno nastane zvezdna črna luknja?,"Zvezdna črna luknja se pogosto rodi iz kolapsa jedra masivne zvezde, ki ima vsaj 20- do 25-kratno maso Sonca, ko je njeno gorivo izčrpano.","[""S kolapsom jedra zelo masivne zvezde po izčrpanju goriva"", ""Z združitvijo dveh velikanskih planetov"", ""S postopnim ohlajanjem bele pritlikavke"", ""Z eksplozijo kometa pri veliki hitrosti""]",0,,,,,,
course_67_qu_est_ce_qu_un_trou_noir,course_67_qu_est_ce_qu_un_trou_noir_q3,trueFalse,"Res ali ne: črna luknja posrka vase vse, kar gre v bližini, tudi na veliki razdalji.","Črna luknja ne posrka vsega na daljavo: njena gravitacija je odvisna od mase in razdalje, kot pri vsakem drugem predmetu.","[""Prav"", ""Narobe""]",1,,,,,,
course_67_qu_est_ce_qu_un_trou_noir,course_67_qu_est_ce_qu_un_trou_noir_q4,mcq,"Kako se imenuje supermasivna črna luknja, ki se nahaja v središču Rimske ceste?",Supermasivna črna luknja v središču Rimske ceste se imenuje Strelec A* in ima približno 4 milijone sončnih mas.,"[""Strelec A*"", ""Andromeda"", ""Messier 87*"", ""Cygnus Prime""]",0,,,,,,
course_67_qu_est_ce_qu_un_trou_noir,course_67_qu_est_ce_qu_un_trou_noir_q5,mcq,Kakšen je obzorje dogodkov črne luknje?,"Horizont dogodkov je nevidna meja okoli črne luknje: ko jo prečkate, vrnitev ni več mogoča.","[""Nevidna meja, čez katero nič ne more uiti"", ""Ime za svetlobo, ki jo oddaja črna luknja"", ""Območje, kjer samo nastane akrecijski disk"", ""Sinonim za gravitacijsko singularnost""]",0,,,,,,
course_67_qu_est_ce_qu_un_trou_noir,course_67_qu_est_ce_qu_un_trou_noir_q6,numericSlider,Katerega leta je bila objavljena prva slika črne luknje (M87*)?,"Prvo sliko črne luknje, sliko galaksije M87, je aprila 2019 objavil projekt Event Horizon Telescope.",,,,2019.0,2010.0,2024.0,2.0,
course_67_qu_est_ce_qu_un_trou_noir,course_67_qu_est_ce_qu_un_trou_noir_q7,mcq,Kaj je leta 1974 pokazal fizik Stephen Hawking?,"Hawking je pokazal, da bi črna luknja zaradi kvantnih učinkov blizu obzorja oddajala zelo šibko sevanje in počasi izgubljala maso.","[""Da bi črna luknja oddajala zelo šibko sevanje in sčasoma počasi izhlapela"", ""Da črne luknje v resnici ne obstajajo"", ""Ta svetloba lahko zlahka pobegne iz črne luknje"", ""Da imajo vse črne luknje popolnoma enako maso""]",0,,,,,,
course_67_qu_est_ce_qu_un_trou_noir,course_67_qu_est_ce_qu_un_trou_noir_q8,trueFalse,Res ali ne: blizu črne luknje oddaljenemu opazovalcu čas teče hitreje kot nekomu blizu črne luknje.,"Ravno nasprotno: v bližini črne luknje čas teče počasneje, kar se oddaljenemu opazovalcu zdi upočasnjeno.","[""Prav"", ""Narobe""]",1,,,,,,
course_68_la_theorie_de_la_relativite_pour_tous,course_68_la_theorie_de_la_relativite_pour_tous_q1,mcq,"Na katerih dveh idejah temelji posebna teorija relativnosti, objavljena leta 1905?",Posebna relativnost temelji na dveh idejah: naravni zakoni so enaki za vsakega opazovalca pri konstantni hitrosti in hitrost svetlobe v vakuumu je enaka za vse.,"[""Naravni zakoni so enaki za vsakega opazovalca pri konstantni hitrosti in hitrost svetlobe je enaka za vse"", ""Gravitacija ne obstaja in čas je popolnoma zamrznjen"", ""Vesolje je neskončno, vendar se čas ustavi pri vsaki zvezdi"", ""Svetloba potuje hitreje, odvisno od smeri gibanja""]",0,,,,,,
course_68_la_theorie_de_la_relativite_pour_tous,course_68_la_theorie_de_la_relativite_pour_tous_q2,trueFalse,"Res ali ne: leta 1905, ko je objavil posebno teorijo relativnosti, je bil Einstein že priznan univerzitetni profesor.",Leta 1905 Einstein ni bil univerzitetni profesor: delal je kot izpraševalec na patentnem uradu v Bernu v Švici.,"[""Prav"", ""Narobe""]",1,,,,,,
course_68_la_theorie_de_la_relativite_pour_tous,course_68_la_theorie_de_la_relativite_pour_tous_q3,mcq,Kaj opisuje dilatacija časa?,"Dilatacija časa pomeni, da hitreje ko se predmet premika, počasneje teče čas zanj v primerjavi z nekom, ki miruje, učinek, ki ga merijo atomske ure.","[""Hitreje kot gre objekt, počasneje mu teče čas v primerjavi z opazovalcem v mirovanju."", ""Čas se popolnoma ustavi nad določeno hitrostjo"", ""Čas se le upočasnjuje v vakuumu vesolja"", ""Čas se pospeši za kateri koli premikajoči se predmet""]",0,,,,,,
course_68_la_theorie_de_la_relativite_pour_tous,course_68_la_theorie_de_la_relativite_pour_tous_q4,mcq,Kaj pomeni formula E=mc²?,"E=mc² kaže, da je masa zelo koncentrirana oblika energije: zelo majhna masa lahko sprosti gromozansko energijo.","[""Masa je visoko koncentrirana oblika energije"", ""Energija se nikoli ne more pretvoriti v maso"", ""Hitrost svetlobe se spreminja glede na maso predmeta"", ""V fiziki šteje samo kinetična energija""]",0,,,,,,
course_68_la_theorie_de_la_relativite_pour_tous,course_68_la_theorie_de_la_relativite_pour_tous_q5,mcq,Kako splošna relativnost opisuje gravitacijo?,"Einstein predlaga, da je gravitacija ukrivljenost prostora-časa: masa, kot je Sonce, vdolbi to tkanino in predmeti sledijo tej ukrivljenosti.","[""Kot ukrivljenost prostora-časa, ki jo povzroča prisotnost mase"", ""Kot nevidna sila, ki se prenaša takoj"", ""Kot magnetno polje, ki ga proizvajajo zvezde"", ""Kot preprosto konstantno pospeševanje""]",0,,,,,,
course_68_la_theorie_de_la_relativite_pour_tous,course_68_la_theorie_de_la_relativite_pour_tous_q6,mcq,"Kdo je leta 1919 med mrkom potrdil, da se svetloba odklanja zaradi gravitacije Sonca?","Leta 1919 je Arthur Eddington med mrkom opazil, da se je navidezni položaj zvezd za Soncem premaknil, kar je potrdilo Einsteinovo teorijo.","[""Britanski astronom Arthur Eddington"", ""Fizik Enrico Fermi"", ""Astronom Frank Drake"", ""Fizik Stephen Hawking""]",0,,,,,,
course_68_la_theorie_de_la_relativite_pour_tous,course_68_la_theorie_de_la_relativite_pour_tous_q7,numericSlider,"Brez relativističnih popravkov, koliko kilometrov na dan bi lahko bil GPS napačen?",Brez relativističnih popravkov bi lahko napaka položaja GPS dosegla okoli 11 km na dan.,,,,11.0,1.0,25.0,3.0,km
course_68_la_theorie_de_la_relativite_pour_tous,course_68_la_theorie_de_la_relativite_pour_tous_q8,trueFalse,"Res ali ne: Ko se združita dva relativistična učinka, ure na satelitih GPS napredujejo za približno 38 mikrosekund na dan v primerjavi s tistimi na zemlji.","Učinek hitrosti upočasni ure za približno 7 mikrosekund na dan, medtem ko jih učinek gravitacije premakne za približno 45 mikrosekund: neto rezultat je napredek za približno 38 mikrosekund na dan.","[""Prav"", ""Narobe""]",0,,,,,,
course_68_la_theorie_de_la_relativite_pour_tous,course_68_la_theorie_de_la_relativite_pour_tous_q9,mcq,"V katerem desetletju so bili prvič zaznani gravitacijski valovi, ki jih je leta 1916 napovedal Einstein?","Morali smo počakati do leta 2015 in observatorija LIGO, da bi zaznali gravitacijske valove, ki jih je napovedal Einstein leta 1916.","[""V 2010-ih observatorij LIGO"", ""Leta 1920, tik po njihovi napovedi"", ""V sedemdesetih letih 20. stoletja so po zaslugi prvih satelitov"", ""Nikoli prej jih niso odkrili""]",0,,,,,,
course_69_comment_se_forment_les_eclairs,course_69_comment_se_forment_les_eclairs_q1,mcq,Kje strele največkrat izvirajo?,"Strele se pojavljajo predvsem v kumulonimbusih, ki lahko dosežejo višino do 15 km.","[""V kumulonimbusih zelo veliki nevihtni oblaki"", ""V tankih cirusih"", ""Samo čez oceane"", ""V zgornji atmosferi nad 50 km""]",0,,,,,,
course_69_comment_se_forment_les_eclairs,course_69_comment_se_forment_les_eclairs_q2,mcq,Kako se električni naboji ločijo v nevihtnem oblaku?,V oblaku trčijo dvigajoči se ledeni kristali in spuščajoča se zrna žleda ter izmenjujejo električne naboje.,"[""S trki med dvigajočimi se ledenimi kristali in padajočimi zrni žledu"", ""Zaradi trenja oblaka ob tla"", ""S hitrim izhlapevanjem vode iz oblaka"", ""Z neposrednim delovanjem sončnih žarkov""]",0,,,,,,
course_69_comment_se_forment_les_eclairs,course_69_comment_se_forment_les_eclairs_q3,trueFalse,"Res ali ne: v nevihtnem oblaku postane vrh oblaka precej negativen, spodnji del pa pozitiven.","Ravno nasprotno: vrh oblaka postane precej pozitiven, medtem ko spodnji del postane precej negativen.","[""Prav"", ""Narobe""]",1,,,,,,
course_69_comment_se_forment_les_eclairs,course_69_comment_se_forment_les_eclairs_q4,chronological,Postavite te stopnje nastajanja strele v vrstni red.,"Naboji se najprej ločijo v oblaku, nato se zrak ionizira, povratni lok osvetli nebo in nenadna širitev segretega zraka končno povzroči grmenje.",,,"[""Trki med ledenimi kristali in žledom ločijo električne naboje v oblaku"", ""Zrak na koncu ionizira pod vplivom prevelike napetosti"", ""Povratni lok osvetljuje nebo od tal do oblaka"", ""Brutalno segret zrak se širi in povzroča grmenje""]",,,,,
course_69_comment_se_forment_les_eclairs,course_69_comment_se_forment_les_eclairs_q5,numericSlider,"Koliko približno se dvigne zrak skozi kanal strele, v stopinjah Celzija?",Zrak v kanalu strele se dvigne na približno 30.000 °C ali približno petkratno temperaturo površine Sonca.,,,,30000.0,10000.0,50000.0,5000.0,°C
course_69_comment_se_forment_les_eclairs,course_69_comment_se_forment_les_eclairs_q6,mcq,"Zakaj slišimo grmenje, potem ko vidimo strelo?","Svetloba prispe skoraj v trenutku, medtem ko zvok groma napreduje le pri približno 340 m/s: od tod zamik.","[""Zvok potuje veliko počasneje kot svetloba"", ""Grmi vedno nekaj kilometrov dlje"", ""Svetloba strele potrebuje čas, da preide skozi oblake"", ""Grom nastane šele nekaj sekund po strelu""]",0,,,,,,
course_69_comment_se_forment_les_eclairs,course_69_comment_se_forment_les_eclairs_q7,mcq,Kateri kraj v Venezueli je eden izmed najbolj prizadetih krajev na planetu?,Jezero Maracaibo v Venezueli skoraj vsak dan doživlja nevihte večji del leta.,"[""Jezero Maracaibo"", ""Jezero Titicaca"", ""Reka Amazonka"", ""Gorovje Andov""]",0,,,,,,
course_69_comment_se_forment_les_eclairs,course_69_comment_se_forment_les_eclairs_q8,trueFalse,"Res ali ne: strela poleg tega, da je nevarna, pomaga tudi pri gnojenju zemlje.","Strela pomaga proizvajati dušikove spojine, ki gnojijo tla, ko padajo z dežjem.","[""Prav"", ""Narobe""]",0,,,,,,
course_6_la_peste_noire_en_europe_1347_1353,course_6_la_peste_noire_en_europe_1347_1353_q1,mcq,Katere bakterije so povzročile črno kugo?,"Črno kugo povzroča bakterija Yersinia pestis, ki jo na človeka prenašajo podganje bolhe.","[""Yersinia pestis"", ""Vibrio cholerae"", ""Bacillus anthracis"", ""Xenopsylla cheopis""]",0,,,,,,
course_6_la_peste_noire_en_europe_1347_1353,course_6_la_peste_noire_en_europe_1347_1353_q2,mcq,Po kateri poti potuje kuga iz srednje Azije v Sredozemlje?,Pax Mongolica varuje svileno pot in bakterijam omogoča hitro potovalno pot med Srednjo Azijo in Sredozemljem.,"[""Svilna pot, zavarovana s Pax Mongolica"", ""Vikinške morske poti"", ""Jantarna pot"", ""Romarske poti v Jeruzalem""]",0,,,,,,
course_6_la_peste_noire_en_europe_1347_1353,course_6_la_peste_noire_en_europe_1347_1353_q3,trueFalse,Res ali ne: po legendi je Zlata horda med obleganjem Caffe katapultirala okužena trupla čez mestno obzidje.,"Obleganje Caffe s strani Zlate Horde se pogosto navaja kot enega najzgodnejših primerov biološkega bojevanja, pri čemer so okužena trupla katapultirala v mesto.","[""Prav"", ""Narobe""]",0,,,,,,
course_6_la_peste_noire_en_europe_1347_1353,course_6_la_peste_noire_en_europe_1347_1353_q4,mcq,"Kaj je pravi prenašalec kuge, ki ga takratni zdravniki niso znali prepoznati?","Zdravniki verjamejo v teorijo o miazmi, pokvarjenem zraku, ko je pravi vektor podganja bolha Xenopsylla cheopis.","[""Podgana bolha"", ""Izgleda pokvarjeno"", ""Vodna voda"", ""Komarji""]",0,,,,,,
course_6_la_peste_noire_en_europe_1347_1353,course_6_la_peste_noire_en_europe_1347_1353_q5,trueFalse,"Res ali ne: pljučna oblika kuge, ki se prenaša s človeka na človeka, ubije v samo 24 do 48 urah.",Pljučna oblika je najbolj uničujoča: prenaša se neposredno med ljudmi in ubije v 24 do 48 urah.,"[""Prav"", ""Narobe""]",0,,,,,,
course_6_la_peste_noire_en_europe_1347_1353,course_6_la_peste_noire_en_europe_1347_1353_q6,mcq,Zakaj so bili pogromi med letoma 1348 in 1349 tarča judovskih skupnosti?,"Ker ni bilo racionalne razlage za epidemijo, so bile judovske skupnosti obtožene zastrupljanja vodnjakov in pokolov v več regijah.","[""Obtoženi so, da so zastrupili vodnjake"", ""Nočejo plačati kraljevega davka"", ""Obtoženi so, da so kugo prinesli iz Azije"", ""Zavračajo dobrodošlico flagelantom""]",0,,,,,,
course_6_la_peste_noire_en_europe_1347_1353,course_6_la_peste_noire_en_europe_1347_1353_q7,chronological,Postavite te faze črne smrti v Evropi v kronološki vrstni red.,"Te faze segajo od leta 1346 do 1353: od prihoda v Caffo, dokler se epidemija ne umiri, potem ko je opustošila vso Evropo.",,,"[""Kuga doseže genovsko trgovsko postojanko Caffa na Krimu"", ""Genovske galeje uvedejo nadlogo na Sicilijo"", ""Epidemija se razširi v Francijo, Anglijo in cesarstvo"", ""Pandemija se v Evropi umirja""]",,,,,
course_6_la_peste_noire_en_europe_1347_1353,course_6_la_peste_noire_en_europe_1347_1353_q8,numericSlider,"Katerega leta so genovske galeje prinesle kugo v Evropo, v Messino?","Oktobra 1347 so genovske galeje, ki so bežale iz Caffe, pristale v Messini na Siciliji in tako v Evropo prinesle kugo.",,,,1347.0,1300.0,1400.0,3.0,
course_6_la_peste_noire_en_europe_1347_1353,course_6_la_peste_noire_en_europe_1347_1353_q9,percentageSlider,"Kolikšen je največji delež evropskega prebivalstva, ki ga je med letoma 1347 in 1353 izgubila črna kuga, glede na ocene, podane v tečaju?","Tečaj ocenjuje, da je črna kuga pobila med 30 in 60 % evropskega prebivalstva ali 25 do 50 milijonov ljudi.",,,,60.0,0.0,100.0,10.0,%
course_71_qu_est_ce_que_l_effet_de_serre_vraiment,course_71_qu_est_ce_que_l_effet_de_serre_vraiment_q1,mcq,"Kaj se dejansko dogaja, da povzroči učinek tople grede, da ogreje Zemljo?","Od Sonca ogreta tla sevajo infrardečo toploto; določeni plini ga absorbirajo in vračajo v vse smeri, tudi proti tlom.","[""Plini absorbirajo infrardečo toploto, vrnjeno iz tal, in jo pošljejo nazaj k sebi"", ""Sonce ob določenih dneh neposredno pošilja več toplote"", ""Ozračje blokira vidno svetlobo sonca"", ""Tla proizvajajo lastno toploto neodvisno od Sonca""]",0,,,,,,
course_71_qu_est_ce_que_l_effet_de_serre_vraiment,course_71_qu_est_ce_que_l_effet_de_serre_vraiment_q2,numericSlider,Na kakšno povprečno temperaturo bi padla svetovna obla brez učinka tople grede?,Brez naravnega učinka tople grede bi povprečna svetovna temperatura padla na okoli -18 °C v primerjavi z današnjimi okoli +15 °C.,,,,-18.0,-30.0,10.0,3.0,°C
course_71_qu_est_ce_que_l_effet_de_serre_vraiment,course_71_qu_est_ce_que_l_effet_de_serre_vraiment_q3,trueFalse,"Res ali ne: dušik in kisik, ki sta večinoma prisotna v zraku, igrata pomembno vlogo pri učinku tople grede.","Dušik in kisik komaj opravljata to nalogo: infrardečo toploto absorbirajo predvsem vodna para, CO2 in metan.","[""Prav"", ""Narobe""]",1,,,,,,
course_71_qu_est_ce_que_l_effet_de_serre_vraiment,course_71_qu_est_ce_que_l_effet_de_serre_vraiment_q4,mcq,Kateri plin v glavnem pojasnjuje povečanje učinka tople grede od industrijske revolucije?,"Od industrijske revolucije je zgorevanje premoga, nafte in plina sproščalo ogljik v zrak, ki je ostal zakopan milijone let.","[""CO2 iz izgorevanja premoga, nafte in plina"", ""Dušik, ki ga sprošča kmetijstvo"", ""Ozon, ki ga proizvajajo avtomobili"", ""Helij iz vremenskih balonov""]",0,,,,,,
course_71_qu_est_ce_que_l_effet_de_serre_vraiment,course_71_qu_est_ce_que_l_effet_de_serre_vraiment_q5,numericSlider,Približno kolikokrat bolj se segreje metan kot CO2 v 20 letih?,"Vzgoja in gojenje riža dodaja metan, približno 80-krat bolj vroč kot CO2 v 20-letnem obdobju.",,,,80.0,20.0,150.0,15.0,krat
course_71_qu_est_ce_que_l_effet_de_serre_vraiment,course_71_qu_est_ce_que_l_effet_de_serre_vraiment_q6,numericSlider,Za koliko delcev na milijon (ppm) se je danes povečala koncentracija CO2 v zraku v primerjavi z 280 ppm pred industrijsko dobo?,"Koncentracija CO2 se je povečala s približno 280 na več kot 420 delcev na milijon, ravni, ki je ni bilo v približno 3 milijonih let.",,,,420.0,280.0,550.0,20.0,ppm
course_71_qu_est_ce_que_l_effet_de_serre_vraiment,course_71_qu_est_ce_que_l_effet_de_serre_vraiment_q7,mcq,"Kaj je IPCC, omenjen v tečaju?","IPCC sintetizira delo na tisoče klimatologov in ugotavlja, da je segrevanje od leta 1950 brez primere in da ga povzroča človek.","[""Skupina, ki združuje delo tisočih klimatologov"", ""Mednarodno naftno podjetje"", ""Mednarodna pogodba o biotski raznovrstnosti"", ""Vesoljska agencija, ki spremlja podnebje""]",0,,,,,,
course_71_qu_est_ce_que_l_effet_de_serre_vraiment,course_71_qu_est_ce_que_l_effet_de_serre_vraiment_q8,mcq,Zakaj taljenje ledu dodatno pospeši segrevanje?,"Ko beli led izgine, temna prst in voda absorbirata več sončne svetlobe: to je padec Zemljinega albeda, kar še pospeši segrevanje.","[""Temna prst in voda, razkrita, absorbirata več sončne svetlobe kot beli led"", ""Stopljeni led neposredno sprošča CO2"", ""Taljena voda ozračje najprej ohladi in nato še bolj segreje"", ""Ledeniki med taljenjem oddajajo metan""]",0,,,,,,
course_71_qu_est_ce_que_l_effet_de_serre_vraiment,course_71_qu_est_ce_que_l_effet_de_serre_vraiment_q9,trueFalse,"Res ali ne: Na Veneri so tla dovolj vroča, da talijo svinec.","Na Veneri atmosfera s 96 % CO2 dvigne temperaturo tal na okoli 460 °C, kar je dovolj za taljenje svinca.","[""Prav"", ""Narobe""]",0,,,,,,
course_72_pourquoi_dort_on,course_72_pourquoi_dort_on_q1,numericSlider,Koliko let od 75 let življenja približno prespimo?,"V življenju, dolgem 75 let, spimo skoraj 25 let: spanje ni odmor, ampak delo, ki je enako pomembno kot pitje ali hrana.",,,,25.0,10.0,40.0,3.0,let
course_72_pourquoi_dort_on,course_72_pourquoi_dort_on_q2,mcq,"Kaj je razkrila izkušnja Randyja Gardnerja, ko je leta 1964 preživel 11 dni brez spanca?","Randy Gardner je pokazal, da se možgani, ki jim primanjkuje spanja, po nekaj dneh sesujejo: halucinacije, paranoja in izguba orientacije.","[""Možgani ne zdržijo brez počitka: halucinacije, paranoja, kolaps uma"", ""Človeško telo zdrži brez spanja brez posledic"", ""Pomanjkanje spanja vpliva le na spomin, ne na čustva"", ""Po 5 dneh brez spanja telo samodejno zaspi""]",0,,,,,,
course_72_pourquoi_dort_on,course_72_pourquoi_dort_on_q3,numericSlider,Koliko ur zapored je po njegovem rekordu spal Randy Gardner?,"Po 11 dneh brez spanja je Randy Gardner spal 14 ur zapored, preden se je njegov vzorec spanja po nekaj tednih vrnil v normalno stanje.",,,,14.0,1.0,24.0,2.0,ur
course_72_pourquoi_dort_on,course_72_pourquoi_dort_on_q4,trueFalse,"Res ali ne: pri podganah lahko popolno pomanjkanje spanja ubije v 2 do 3 tednih, tako kot stradanje.","Pri podganah popolno pomanjkanje spanja ubije v 2 do 3 tednih, kar je časovni okvir, ki je primerljiv s stradanjem.","[""Prav"", ""Narobe""]",0,,,,,,
course_72_pourquoi_dort_on,course_72_pourquoi_dort_on_q5,mcq,Kaj počne hipokampus med spanjem?,"Med spanjem hipokampus predvaja dogodke dneva in prenaša informacije v neokorteks, kar pojasnjuje, zakaj se po dobrem spancu učimo 20 do 40 % bolje.","[""Ponovno predvaja dan in pošlje informacije v neokorteks v trajno shranjevanje"", ""Blokira vso možgansko aktivnost zaradi varčevanja z energijo"", ""Uniči nepotrebne spomine prejšnjega dne"", ""Z vsakim ciklusom spanja ustvari nove nevrone""]",0,,,,,,
course_72_pourquoi_dort_on,course_72_pourquoi_dort_on_q6,mcq,"Kaj je glimfni sistem, omenjen v tečaju?","Glimfni sistem je cerebralna drenažna mreža, ki je desetkrat bolj aktivna ponoči; evakuira odpadke, vključno z beljakovinami, povezanimi s tveganjem za Alzheimerjevo bolezen.","[""Mreža cerebralne drenaže, približno desetkrat bolj aktivna ponoči, ki evakuira odpadke iz možganov"", ""Ime 90-minutnega cikla spanja"", ""Območje možganov, ki ustvarja sanje"", ""Sistem, ki uravnava telesno temperaturo med spanjem""]",0,,,,,,
course_72_pourquoi_dort_on,course_72_pourquoi_dort_on_q7,trueFalse,"Res ali ne: Delfini spijo tako, da je naenkrat aktivna samo ena možganska polobla.","Delfini spijo samo z eno poloblo naenkrat, da ostanejo delno pozorni in še naprej pridejo na zrak.","[""Prav"", ""Narobe""]",0,,,,,,
course_72_pourquoi_dort_on,course_72_pourquoi_dort_on_q8,mcq,Kaj se zgodi po približno 17 urah neprekinjene budnosti?,"17 ur budnosti ustreza 0,5 g/l alkohola v krvi; možgani takrat vsiljujejo mikrospanje, kratke prekinitve zavesti.","[""Sposobnosti padejo na raven alkohola v krvi 0,5 g/l, z mikrospanjem"", ""Telo samodejno vstopi v globok spanec"", ""Dolgoročni spomin se začasno izboljša"", ""Srčni utrip se močno upočasni""]",0,,,,,,
course_72_pourquoi_dort_on,course_72_pourquoi_dort_on_q9,mcq,Zakaj zasloni zvečer odložijo spanec?,"Zasloni zvečer zavedejo cirkadiano uro in upočasnijo sproščanje melatonina, hormona, ki telo pripravi na spanje.","[""Pretentajo notranjo uro in upočasnijo sproščanje melatonina"", ""Neposredno zvišujejo telesno temperaturo"", ""Trajno povečajo srčni utrip"", ""Blokirajo nastajanje imunskih citokinov""]",0,,,,,,
course_73_comment_le_cerveau_stocke_t_il_les_souve,course_73_comment_le_cerveau_stocke_t_il_les_souve_q1,mcq,Kaj je sinapsa?,"Sinapsa je stična točka med dvema nevronoma, kjer se prenaša signal, ki gradi ali krepi spomin.","[""Stična točka med dvema nevronoma"", ""Centralno jedro nevrona"", ""Območje korteksa, namenjeno spominu"", ""Protein, ki popravlja DNK nevronov""]",0,,,,,,
course_73_comment_le_cerveau_stocke_t_il_les_souve,course_73_comment_le_cerveau_stocke_t_il_les_souve_q2,numericSlider,Koliko milijard nevronov je približno v človeških možganih?,Človeški možgani imajo približno 86 milijard nevronov in več kot 100 bilijonov sinaps.,,,,86.0,20.0,150.0,10.0,milijard
course_73_comment_le_cerveau_stocke_t_il_les_souve,course_73_comment_le_cerveau_stocke_t_il_les_souve_q3,mcq,Kaj je dolgoročno potenciranje?,"Ko se informacije ponavljajo ali povezujejo z močnim čustvom, se isti nevroni aktivirajo skupaj in njihovo povezavo postane lažje sprožiti: to je dolgoročno potenciranje.","[""Krepitev povezave med dvema nevronoma, ki se pogosto aktivirata skupaj"", ""Postopno uničenje neuporabljenih sinaps"", ""Proizvodnja novih nevronov v odrasli dobi"", ""Upočasnitev možganske aktivnosti med spanjem""]",0,,,,,,
course_73_comment_le_cerveau_stocke_t_il_les_souve,course_73_comment_le_cerveau_stocke_t_il_les_souve_q4,mcq,Kakšno vlogo igra hipokampus pri oblikovanju spominov?,"Hipokampus sprejema in kodira spomine, nato pa jih prerazporedi v skorjo: ta prenos, imenovan konsolidacija, se zgodi predvsem med spanjem.","[""Kodira spomine in jih med konsolidacijo prerazporedi v skorjo"", ""Vsekakor hrani vse spomine življenja"", ""Aktivira se samo med sanjami"", ""Briše spomine, ki so postali neuporabni""]",0,,,,,,
course_73_comment_le_cerveau_stocke_t_il_les_souve,course_73_comment_le_cerveau_stocke_t_il_les_souve_q5,trueFalse,Res ali ne: brez delujočega hipokampusa ne moremo več oblikovati novih zavestnih spominov.,"Brez delujočega hipokampusa lahko živimo v sedanjem trenutku, vendar nimamo več novih zavestnih spominov.","[""Prav"", ""Narobe""]",0,,,,,,
course_73_comment_le_cerveau_stocke_t_il_les_souve,course_73_comment_le_cerveau_stocke_t_il_les_souve_q6,mcq,"Kaj je razkril primer bolnika H.M., operiranega leta 1953?","Bolnik H.M. ni več oblikoval novih zavestnih spominov, temveč je vsak dan napredoval pri risanju v ogledalu: njegov spomin na geste, proceduralni spomin, je ostal nedotaknjen.","[""Ni več oblikoval novih zavestnih spominov, ampak je napredoval v risanju v ogledalu"", ""Izgubil je vse svoje stare spomine, vendar je normalno oblikoval nove."", ""Izgubil je le spomin na obraze"", ""Ni mogel več govoriti, ohranil pa je ves spomin""]",0,,,,,,
course_73_comment_le_cerveau_stocke_t_il_les_souve,course_73_comment_le_cerveau_stocke_t_il_les_souve_q7,mcq,Kaj je pokazala psihologinja Elizabeth Loftus?,"Elizabeth Loftus je pokazala, da je lažne spomine mogoče vsaditi s preprostimi vprašanji, kar zahteva previdnost pri obravnavanju pričevanj očividcev.","[""Lažne spomine je mogoče vsaditi s preprostimi vprašanji"", ""Človeški spomin je vedno popolnoma zanesljiv"", ""Lažni spomini zadevajo samo otroke"", ""Stari spomini so zanesljivejši od nedavnih""]",0,,,,,,
course_73_comment_le_cerveau_stocke_t_il_les_souve,course_73_comment_le_cerveau_stocke_t_il_les_souve_q8,trueFalse,Drži ali ne drži: spominjanje dogodka je kot ponovno predvajanje verodostojnega videa iz preteklosti.,"Priklic spomina ni ponovno predvajanje videoposnetka: vsak priklic naredi spomin prožen in možgani ga lahko spremenijo, preden ga ponovno posnamejo.","[""Prav"", ""Narobe""]",1,,,,,,
course_74_pourquoi_certaines_especes_sont_elles_im,course_74_pourquoi_certaines_especes_sont_elles_im_q1,numericSlider,"Koliko let približno je živela školjka Ming, omenjena v tečaju?","Školjka Ming je živela 507 let, kar je osupljiv primer izjemne dolgoživosti med živalmi.",,,,507.0,200.0,700.0,30.0,let
course_74_pourquoi_certaines_especes_sont_elles_im,course_74_pourquoi_certaines_especes_sont_elles_im_q2,mcq,Kako se meduza Turritopsis dohrnii izogne staranju?,"Ranjen ali izstradan Turritopsis dohrnii spremeni svoje odrasle celice v deviške celice, nato pa spet postane polip, njegova začetna faza: to je transdiferenciacija.","[""Svoje odrasle celice spremeni v deviške celice in ponovno postane polip"", ""Preden umre, se identično klonira"", ""Hibernira več desetletij"", ""Nenehno menja gostiteljske vrste""]",0,,,,,,
course_74_pourquoi_certaines_especes_sont_elles_im,course_74_pourquoi_certaines_especes_sont_elles_im_q3,mcq,Kaj so telomeri?,"Telomeri delujejo kot konice vezalk na koncih kromosomov; z vsako celično delitvijo se skrajšajo, če so prekratke, pa se celica neha deliti.","[""Konča se na koncih kromosomov, ki se z vsako celično delitvijo skrajšajo"", ""Beljakovine, ki popravljajo poškodovano DNA"", ""Matične celice so prisotne le pri nevretenčarjih"", ""Molekule, ki sprožijo raka""]",0,,,,,,
course_74_pourquoi_certaines_especes_sont_elles_im,course_74_pourquoi_certaines_especes_sont_elles_im_q4,trueFalse,"Res ali ne: tardigradka lahko preživi vesoljski vakuum in ekstremno sevanje tako, da izsuši svoje telo.","Ko se izsuši, metabolizem tardigradke pade na 99,99 %, kar ji omogoča preživetje vakuuma vesolja ali ekstremnega sevanja.","[""Prav"", ""Narobe""]",0,,,,,,
course_74_pourquoi_certaines_especes_sont_elles_im,course_74_pourquoi_certaines_especes_sont_elles_im_q5,mcq,"Kako hidra obnovi celotno telo, ne da bi pokazala znake staranja?","Hidra, majhen sladkovodni polip, obnovi svoje celotno telo zahvaljujoč skoraj neomejeni zalogi matičnih celic, brez merljivega staranja.","[""Zahvaljujoč skoraj neomejeni zalogi izvornih celic"", ""Zahvaljujoč lupini, ki ga ščiti pred poškodbami"", ""Z mirovanjem, da prihranite energijo"", ""Z vsrkavanjem celic drugih hidr""]",0,,,,,,
course_74_pourquoi_certaines_especes_sont_elles_im,course_74_pourquoi_certaines_especes_sont_elles_im_q6,numericSlider,Koliko let približno lahko živi grenlandski kit?,"Grenlandski kit lahko preseže 200 let, zahvaljujoč izjemno učinkovitemu popravljanju DNK in močni odpornosti proti raku.",,,,200.0,100.0,300.0,25.0,let
course_74_pourquoi_certaines_especes_sont_elles_im,course_74_pourquoi_certaines_especes_sont_elles_im_q7,mcq,Zakaj se telomeri jastoga skoraj nikoli ne skrajšajo?,"Jastogi tvorijo telomerazo po celem telesu, zato se njihove telomere ne skrajšajo; rastejo vse življenje.","[""Telomerazo proizvajajo po vsem telesu"", ""Nikoli se ne delijo na celični ravni"", ""Njihova lupina neposredno ščiti njihov DNK"", ""Svoje celice zamenjajo s transdiferenciacijo, kot meduze""]",0,,,,,,
course_74_pourquoi_certaines_especes_sont_elles_im,course_74_pourquoi_certaines_especes_sont_elles_im_q8,mcq,"Čemu so namenjena senolitična zdravljenja, obravnavana na tečaju?","Cilj senolitikov je odstraniti zombi celice, ki se kopičijo in vnetijo tkiva; pri živalih je to že pomladilo določene funkcije.","[""Odstranite zombi celice, ki se kopičijo s starostjo"", ""Pospešite delitev vseh celic v telesu"", ""Zamenjava skrajšanih telomer z novimi"", ""Popolnoma blokirajte imunski sistem""]",0,,,,,,
course_74_pourquoi_certaines_especes_sont_elles_im,course_74_pourquoi_certaines_especes_sont_elles_im_q9,trueFalse,"Res ali ne: Celo biološko nesmrtna vrsta lahko umre zaradi plenilcev, bolezni ali katastrofe.","Biološka nesmrtnost ščiti pred notranjimi poškodbami staranja, ne pa pred plenilci, boleznimi ali katastrofami.","[""Prav"", ""Narobe""]",0,,,,,,
course_75_la_photosynthese_expliquee_simplement,course_75_la_photosynthese_expliquee_simplement_q1,mcq,Zakaj se nam listi zdijo zeleni?,"Klorofil ujame predvsem modro in rdečo svetlobo; vrne se zelena, ki daje barvo listom.","[""Klorofil absorbira modro in rdečo ter vrne zeleno"", ""Klorofil sam proizvaja zeleno svetlobo"", ""Zelena je edina barva na sončni svetlobi"", ""Listi odsevajo vse barve razen zelene, ki jo absorbira zrak""]",0,,,,,,
course_75_la_photosynthese_expliquee_simplement,course_75_la_photosynthese_expliquee_simplement_q2,mcq,Kje pride CO2 v list za fotosintezo?,"CO2 vstopa skozi drobne pore, imenovane stomati, medtem ko se voda dviga ločeno od korenin.","[""Skozi drobne pore, stomate"", ""Pri koreninah, z vodo"", ""Neposredno preko klorofila"", ""Skozi odprtine, ki se nahajajo samo na cvetovih""]",0,,,,,,
course_75_la_photosynthese_expliquee_simplement,course_75_la_photosynthese_expliquee_simplement_q3,mcq,Kaj proizvaja svetlobna faza fotosinteze?,"Svetlobna faza razbije molekule vode, sprosti kisik in shrani zajeto energijo v dveh kemičnih celicah, ATP in NADPH.","[""ATP in NADPH, ki razgrajujeta molekule vode in sproščata kisik"", ""Neposredno iz glukoze, pripravljene za uporabo"", ""CO2, namenjen izpustu v zrak"", ""Svež klorofil nadomesti tistega, ki se razgrajuje""]",0,,,,,,
course_75_la_photosynthese_expliquee_simplement,course_75_la_photosynthese_expliquee_simplement_q4,mcq,Kaj je Calvinov cikel?,"Calvinov cikel, imenovan po kemiku Melvinu Calvinu, uporablja energijo ATP in NADPH za sestavljanje ogljika iz CO2 v glukozo.","[""Faza, v kateri rastlina sestavi ogljik iz CO2 v glukozo z uporabo že shranjene energije"", ""Faza, kjer svetloba razbije molekule vode"", ""Ime pigmenta, ki zajema modro in rdečo svetlobo"", ""Postopek, pri katerem se kisik sprošča v zrak""]",0,,,,,,
course_75_la_photosynthese_expliquee_simplement,course_75_la_photosynthese_expliquee_simplement_q5,numericSlider,Približno pred koliko milijardami let je potekala velika oksidacija?,"Pred približno 2,4 milijarde let so cianobakterije začele množično sproščati kisik: to je velika oksidacija.",,,,2.4,1.0,4.0,0.3,milijarde let
course_75_la_photosynthese_expliquee_simplement,course_75_la_photosynthese_expliquee_simplement_q6,trueFalse,"Res ali ne: za mnoge organizme tistega časa je bil kisik, ki so ga sproščale cianobakterije, strup.","Med veliko oksidacijo je bil kisik, ki so ga množično sproščale cianobakterije, toksičen za številne organizme tistega časa.","[""Prav"", ""Narobe""]",0,,,,,,
course_75_la_photosynthese_expliquee_simplement,course_75_la_photosynthese_expliquee_simplement_q7,percentageSlider,Približno koliko kisika na Zemlji prihaja iz fitoplanktona v oceanih in ne iz gozdov?,"Približno polovica kisika na Zemlji prihaja iz fitoplanktona v oceanih, ne samo iz gozdov.",,,,50.0,0.0,100.0,10.0,%
course_75_la_photosynthese_expliquee_simplement,course_75_la_photosynthese_expliquee_simplement_q8,percentageSlider,Približno kolikšen odstotek prejete sončne energije pretvori list v biomaso?,"List pretvori le 1 do 3 % prejete sončne energije v biomaso, kar je skromen, a zadosten donos v planetarnem merilu.",,,,2.0,0.0,100.0,3.0,%
course_75_la_photosynthese_expliquee_simplement,course_75_la_photosynthese_expliquee_simplement_q9,mcq,"Kakšna je posebnost morskega polža Elysia chlorotica, omenjenega v tečaju?","Morski polž Elysia chlorotica gre tako daleč, da ukrade kloroplaste iz alg, ki jih jedo, in tako živi od sončne energije.","[""Ukrade kloroplaste iz alg, da malo živijo zahvaljujoč sončni energiji"", ""Že od rojstva sama izdeluje klorofil"", ""Prehranjuje se izključno s sladkorjem, ki ga pridelajo drevesa."", ""Skozi kožo pretvarja CO2 v kisik""]",0,,,,,,
course_76_pourquoi_les_feuilles_changent_elles_de,course_76_pourquoi_les_feuilles_changent_elles_de_q1,mcq,Zakaj so listi zeleni od pomladi do poznega poletja?,"Dokler prevladuje klorofil, ostane list zelen, tudi če že vsebuje rumene in oranžne karotenoide, nevidne pod zelenico.","[""Klorofil prevladuje in prikrije druge pigmente, prisotne v listih"", ""Karotenoidov še ne proizvajajo"", ""Listi ne vsebujejo drugega pigmenta razen klorofila"", ""Poletna svetloba naredi druge pigmente nevidne""]",0,,,,,,
course_76_pourquoi_les_feuilles_changent_elles_de,course_76_pourquoi_les_feuilles_changent_elles_de_q2,mcq,Kaj je pravi sprožilec za spremembo barve listov jeseni?,"Jeseni ne sproži predvsem mraz, temveč dolžina noči, merjena s fitokromi dreves.","[""Podaljšanje noči, zaznano s fitokromi"", ""Nenaden padec temperature"", ""Količina dežja, ki je padla jeseni"", ""Veter, ki trga listje""]",0,,,,,,
course_76_pourquoi_les_feuilles_changent_elles_de,course_76_pourquoi_les_feuilles_changent_elles_de_q3,trueFalse,"Res ali ne: rumeni in oranžni pigmenti, karotenoidi, nastajajo šele jeseni.","Karotenoidi so prisotni že poleti, a nevidni pod zelenico klorofila; jesen jih šele razkrije.","[""Prav"", ""Narobe""]",1,,,,,,
course_76_pourquoi_les_feuilles_changent_elles_de,course_76_pourquoi_les_feuilles_changent_elles_de_q4,mcq,"Kakšno je ločevalno območje, ki se oblikuje na dnu peclja?","Ločevalno območje tvori čep na dnu peclja: sok se manj dviga, list se izolira in hitreje razgradi svoj klorofil.","[""Nekakšen čep, ki zmanjša kroženje soka in izolira list"", ""Zaščitni sloj, ki preprečuje padec lista"", ""Točka, kjer se klorofil proizvaja v največji količini"", ""Območje, kjer nastajajo rdeči antociani""]",0,,,,,,
course_76_pourquoi_les_feuilles_changent_elles_de,course_76_pourquoi_les_feuilles_changent_elles_de_q5,mcq,"Zakaj drevo proizvaja antocianine, rdeče in vijolične pigmente, tik preden izgubi liste?","Antocianini delujejo kot sončni filter, ki ščiti tkiva, medtem ko drevo pridobiva dušik in druga dragocena hranila iz listov.","[""Za zaščito še aktivnih tkiv med recikliranjem hranil"", ""Za privabljanje žuželk opraševalcev jeseni"", ""Za pospešitev padanja listov"", ""Za nadomestitev manjkajočega klorofila in nadaljevanje fotosinteze""]",0,,,,,,
course_76_pourquoi_les_feuilles_changent_elles_de,course_76_pourquoi_les_feuilles_changent_elles_de_q6,mcq,Kateri pogoji običajno povzročijo najbolj živahno jesensko rdečo?,"Najlepše rdeče se rodijo iz sončnih dni in hladnih noči brez zmrzali, ki spodbujajo pretvorbo sladkorja v antociane.","[""Sončnim dnevom sledijo hladne noči brez zmrzali"", ""Siva in deževna jesen od začetka do konca"", ""Zgodnja zmrzal na začetku sezone"", ""Vetrovni dnevi brez sonca""]",0,,,,,,
course_76_pourquoi_les_feuilles_changent_elles_de,course_76_pourquoi_les_feuilles_changent_elles_de_q7,trueFalse,"Res ali ne: zgodnja zmrzal uniči liste, preden imajo čas, da spremenijo barvo.","Zgodnja zmrzal uniči liste, preden se pokažejo barve, za razliko od sončnih dni in hladnih noči, ki dajejo prednost živahnim rdečim barvam.","[""Prav"", ""Narobe""]",0,,,,,,
course_76_pourquoi_les_feuilles_changent_elles_de,course_76_pourquoi_les_feuilles_changent_elles_de_q8,mcq,"Kaj so tanini, omenjeni ob koncu sezone?","Na koncu ostanejo le čreslovine, rjave snovi, značilne za jesenska gozdna tla.","[""Rjave snovi, ki ostanejo v gozdnih tleh, ko se drugi pigmenti razgradijo"", ""Pigmenti, odgovorni za najsvetlejšo rdečo"", ""Molekule, ki ščitijo list pred zmrzaljo"", ""Hormoni, ki sprožijo odpadanje listov""]",0,,,,,,
course_77_qu_est_ce_que_la_matiere_noire,course_77_qu_est_ce_que_la_matiere_noire_q1,percentageSlider,Koliko vesolja sestavlja temna snov?,"Temna snov predstavlja približno 27 % vesolja, kar je petkrat več kot vsa običajna snov.",,,,27.0,0.0,100.0,5.0,%
course_77_qu_est_ce_que_la_matiere_noire,course_77_qu_est_ce_que_la_matiere_noire_q2,mcq,Kaj je astronomka Vera Rubin odkrila v sedemdesetih letih?,"Vera Rubin je izmerila, da se zvezde na robovih spiralnih galaksij vrtijo enako hitro kot tiste v središču, kar je dokaz nevidne mase, ki jih zadržuje.","[""Zvezde na obrobju galaksij so se vrtele enako hitro kot tiste v središču"", ""Spiralne galaksije ne vsebujejo zvezd na obrobju"", ""Hitrost vrtenja galaksij se s časom zmanjšuje"", ""Osončje se vrti z enako hitrostjo kot spiralne galaksije""]",0,,,,,,
course_77_qu_est_ce_que_la_matiere_noire,course_77_qu_est_ce_que_la_matiere_noire_q3,trueFalse,Res ali ne: Vera Rubin se je na začetku svoje kariere soočala z ovirami zaradi svojega spola.,"Princeton je Veri Rubin dolgo zavračal doktorat iz astronomije, ker je bila ženska, kar je veljalo do leta 1975.","[""Prav"", ""Narobe""]",0,,,,,,
course_77_qu_est_ce_que_la_matiere_noire,course_77_qu_est_ce_que_la_matiere_noire_q4,mcq,"Kaj je WIMP, ena od možnosti za temno snov?","WIMP bi bil težek delec zunaj standardnega fizikalnega modela, ki bi ga iskali zlasti detektorji tekočega ksenona, zakopani pod zemljo.","[""Težki delec, ki bi obstajal zunaj standardnega modela fizike"", ""Nevidna zvezda, ker je prehladna, da bi svetila"", ""Zelo majhna črna luknja"", ""Vrsta galaksije, ki še ni bila opažena""]",0,,,,,,
course_77_qu_est_ce_que_la_matiere_noire,course_77_qu_est_ce_que_la_matiere_noire_q5,mcq,Kako temna snov izda svojo prisotnost z drugimi sredstvi kot z vrtenjem galaksij?,"Temna snov ukrivlja prostor in ustvarja gravitacijske leče, ki popačijo sliko galaksij za seboj.","[""Krivi prostor in izkrivlja podobo galaksij, ki se nahajajo za njim"", ""Oddaja zelo šibko, a zaznavno svetlobo"", ""Popolnoma blokira svetlobo zvezd, ki jih obdaja"", ""Spreminja barvo zvezd, ki jih prečka""]",0,,,,,,
course_77_qu_est_ce_que_la_matiere_noire,course_77_qu_est_ce_que_la_matiere_noire_q6,mcq,"Kako temna energija, odkrita leta 1998, deluje v nasprotju s temno snovjo?","Temna snov privlači, temna energija pa pospešuje širjenje vesolja: galaksije se vse hitreje oddaljujejo druga od druge.","[""Pospešuje širjenje vesolja, namesto da bi pritegnil materijo"", ""Snov privlači še močneje kot gravitacija"", ""Upočasnjuje vrtenje galaksij"", ""Zadeva le notranjost galaksij, nikoli prostora med njimi""]",0,,,,,,
course_77_qu_est_ce_que_la_matiere_noire,course_77_qu_est_ce_que_la_matiere_noire_q7,percentageSlider,Koliko vesolja je približno temne energije?,"Ocenjuje se, da temna energija predstavlja približno 68 % vesolja; s temno snovjo to predstavlja 95 % nevidnega vesolja.",,,,68.0,0.0,100.0,5.0,%
course_77_qu_est_ce_que_la_matiere_noire,course_77_qu_est_ce_que_la_matiere_noire_q8,mcq,"Kaj bi lahko povzročila temna energija v zelo oddaljeni prihodnosti, glede na tečaj?","V zelo oddaljeni prihodnosti bi lahko temna energija odrinila druge galaksije do te mere, da bi postale nevidne z Mlečne ceste.","[""Odmaknite druge galaksije do te mere, da postanejo nevidne iz Rimske ceste"", ""Pripelje vse galaksije v eno samo osrednjo točko"", ""Postopno preoblikovanje temne snovi v navadno"", ""Popolnoma zaustavite širjenje vesolja""]",0,,,,,,
course_77_qu_est_ce_que_la_matiere_noire,course_77_qu_est_ce_que_la_matiere_noire_q9,numericSlider,Kdaj je bila odkrita temna energija?,"Temno energijo so odkrili leta 1998 in ugotovili, da se širjenje vesolja pospešuje, namesto da bi se upočasnilo.",,,,1998.0,1980.0,2015.0,3.0,
course_78_comment_fonctionne_l_electricite_dans_no,course_78_comment_fonctionne_l_electricite_dans_no_q1,mcq,"Kaj kroži v telesu, da ustvari električne signale, za razliko od stenske vtičnice?","V stenski vtičnici krožijo elektroni; v telesu so to ioni, nabiti atomi, ki vstopajo v celice in iz njih izstopajo.","[""Ioni, nabiti atomi, ki se premikajo v celice in iz njih"", ""Prosti elektroni krožijo po krvi"", ""Magnetni valovi, ki jih proizvajajo možgani"", ""Statična elektrika, nakopičena v koži""]",0,,,,,,
course_78_comment_fonctionne_l_electricite_dans_no,course_78_comment_fonctionne_l_electricite_dans_no_q2,numericSlider,Kakšen je približno potencial mirovanja nevrona v milivoltih?,"Zahvaljujoč natrijevo-kalijevim črpalkam nevron v mirovanju vzdržuje potencial okoli -70 milivoltov, pri čemer je notranjost bolj negativna kot zunanjost.",,,,-70.0,-100.0,-20.0,8.0,mV
course_78_comment_fonctionne_l_electricite_dans_no,course_78_comment_fonctionne_l_electricite_dans_no_q3,mcq,Kakšen je akcijski potencial nevrona?,"Ko pride dražljaj, nenadoma vstopi natrij in polarnost se obrne: to je akcijski potencial, signal vse ali nič, ki potuje po aksonu.","[""Električni signal vse ali nič, ki teče vzdolž aksona, ko natrij nenadoma vstopi"", ""Raven energije, ki jo nevron porabi v mirovanju"", ""Količina nevrotransmiterjev, shranjenih v nevronu"", ""Čas, potreben za regeneracijo nevrona po uporabi""]",0,,,,,,
course_78_comment_fonctionne_l_electricite_dans_no,course_78_comment_fonctionne_l_electricite_dans_no_q4,mcq,"Kako nevron prenaša svoj signal prek sinapse, prostora, ki ga ločuje od naslednjega nevrona?","Električni signal ne more preskočiti sinapse: akson sprosti nevrotransmiterje, ki se pritrdijo na naslednji nevron kot ključ v ključavnici.","[""S sproščanjem nevrotransmiterjev, ki se pritrdijo na naslednji nevron"", ""Z neposrednim pošiljanjem električnega toka skozi vesolje"", ""Z začasnim spajanjem njegove membrane z membrano naslednjega nevrona"", ""S sproščanjem kalcijevih ionov, ki prosto prehajajo skozi prostor""]",0,,,,,,
course_78_comment_fonctionne_l_electricite_dans_no,course_78_comment_fonctionne_l_electricite_dans_no_q5,numericSlider,Približno kako hitro potujejo določeni živčni signali v metrih na sekundo?,"Nekateri živčni signali potujejo s hitrostjo približno 120 m/s ali več kot 430 km/h, kar je dovolj, da se skoraj takoj odzovejo na opekline.",,,,120.0,20.0,250.0,20.0,m/s
course_78_comment_fonctionne_l_electricite_dans_no,course_78_comment_fonctionne_l_electricite_dans_no_q6,mcq,Kaj je sinusni vozel v srcu?,"V desnem atriju sinusni vozel ustvarja lastne električne impulze, približno 60- do 100-krat na minuto v mirovanju.","[""Struktura, ki sama ustvarja električne impulze srčnega utripa"", ""Ventil, ki ločuje atrije od ventriklov"", ""Glavna mišica, ki črpa kri v pljuča"", ""Živec, ki povezuje srce neposredno z možgani""]",0,,,,,,
course_78_comment_fonctionne_l_electricite_dans_no,course_78_comment_fonctionne_l_electricite_dans_no_q7,trueFalse,Res ali ne: srce potrebuje ukaz možganov za vsak utrip.,Srce ne čaka na ukaz možganov za vsak utrip: sinusni vozel sam ustvarja lastne električne impulze.,"[""Prav"", ""Narobe""]",1,,,,,,
course_78_comment_fonctionne_l_electricite_dans_no,course_78_comment_fonctionne_l_electricite_dans_no_q8,numericSlider,Koliko voltov lahko proizvede električna jegulja?,"Električna jegulja uporablja enak princip vzdražljivih celic kot človeško telo, vendar zaporedno, do 600 voltov, kar je dovolj, da ohromi plen.",,,,600.0,100.0,800.0,50.0,voltov
course_78_comment_fonctionne_l_electricite_dans_no,course_78_comment_fonctionne_l_electricite_dans_no_q9,mcq,Kaj naredi defibrilacija?,"Defibrilacija pošlje zunanji sunek, ki ponastavi vse srčne celice, tako da se sinusni vozel vrne v normalen tempo.","[""Pošlje šok, ki ponastavi vse srčne celice, tako da sinusni vozel ponovno vzpostavi tempo"", ""Neposredno spodbuja možgane, da oživijo srce"", ""Kemično nadomešča srčni utrip s stalnim umetnim ritmom"", ""Popolnoma blokira električno aktivnost srca""]",0,,,,,,
course_79_pourquoi_certains_sons_nous_donnent_ils,course_79_pourquoi_certains_sons_nous_donnent_ils_q1,percentageSlider,Kolikšen delež ljudi približno zmrazi ob poslušanju glasbe?,"Približno 55 do 70 odstotkov ljudi občuti mrzlico ob glasbi, pojav, ki se imenuje estetsko vznemirjenje.",,,,60.0,0.0,100.0,10.0,%
course_79_pourquoi_certains_sons_nous_donnent_ils,course_79_pourquoi_certains_sons_nous_donnent_ils_q2,mcq,"Kateri možganski sistem se aktivira, ko se nekoga dotakne glasba?","Kos, ki se ga dotika, aktivira sistem nagrajevanja v možganih, enako kot pri hrani, seksu ali nekaterih drogah.","[""Sistem nagrajevanja, enak kot za hrano ali določena zdravila"", ""Imunski sistem, za boj proti stresu"", ""Motorični sistem, ki nadzoruje prostovoljne gibe"", ""Prebavni sistem, povezan z močnimi čustvi""]",0,,,,,,
course_79_pourquoi_certains_sons_nous_donnent_ils,course_79_pourquoi_certains_sons_nous_donnent_ils_q3,mcq,"Kakšen je učinek naltreksona, zdravila, ki blokira opioidne receptorje?","Naltrekson, ki blokira opioidne receptorje, lahko skoraj izbriše glasbeni užitek, kar dokazuje, da možgani sami proizvajajo snovi za nagrado.","[""Lahko skoraj izbriše glasbeni užitek, kar je dokaz, da možgani sami proizvajajo snovi za nagrajevanje"", ""Močno poveča užitek ob poslušanju glasbe"", ""Nima merljivega učinka na glasbeni užitek"", ""Izboljša spomin na slišane melodije""]",0,,,,,,
course_79_pourquoi_certains_sons_nous_donnent_ils,course_79_pourquoi_certains_sons_nous_donnent_ils_q4,percentageSlider,"Približno kolikšen delež ljudi ne uživa v glasbi, čeprav imajo normalen sluh?",Približno 5 % ljudi kljub normalnemu sluhu ne uživa v glasbi: to se imenuje specifična glasbena anhedonija.,,,,5.0,0.0,100.0,5.0,%
course_79_pourquoi_certains_sons_nous_donnent_ils,course_79_pourquoi_certains_sons_nous_donnent_ils_q5,mcq,"Kaj pogosto sproži glasbeno vznemirjenje, odvisno od tečaja?",Vznemirjenje pogosto izhaja iz kršitve glasbenega pričakovanja: možgani nenehno napovedujejo naslednjo noto in harmonično presenečenje sproži čustveno opozorilo.,"[""Kršitev glasbenih pričakovanj, kot je nepričakovana modulacija"", ""Popolnoma pravilen tempo od začetka do konca"", ""Popolna tišina skozi pesem"", ""Identična ponovitev iste note""]",0,,,,,,
course_79_pourquoi_certains_sons_nous_donnent_ils,course_79_pourquoi_certains_sons_nous_donnent_ils_q6,mcq,Zakaj se ob nekaterih pesmih naježiš?,"Kurja polt ali piloerekcija je star refleks, ki dviguje dlake, da so videti višje ali ohranjajo toploto; glasba ga preseneti.","[""To je stari refleks, ki dvigne dlake, da se zdijo višje ali da se ogrejejo"", ""To je znak, da telesu primanjkuje kisika."", ""To je reakcija, ki je povezana izključno s temperaturo prostora."", ""Je neposreden stranski učinek nizkih frekvenc na kožo""]",0,,,,,,
course_79_pourquoi_certains_sons_nous_donnent_ils,course_79_pourquoi_certains_sons_nous_donnent_ils_q7,mcq,"Kaj je raziskovalec Matthew Sachs pokazal o ljudeh, ki so zelo občutljivi na glasbena vznemirjenja?","Matthew Sachs je pokazal, da imajo ljudje, ki so nagnjeni k drgetanju, pogosto več povezav med slušno skorjo, prefrontalnim korteksom in insulo.","[""Imajo več povezav med slušno skorjo, prefrontalnim korteksom in insulo"", ""Imajo fizično bolj občutljiv sluh od povprečja"", ""Sistematično poslušajo več glasbe kot drugi"", ""Imajo manj aktiven sistem nagrajevanja od povprečja""]",0,,,,,,
course_79_pourquoi_certains_sons_nous_donnent_ils,course_79_pourquoi_certains_sons_nous_donnent_ils_q8,trueFalse,Res ali ne: z evolucijskega vidika glasbeno vznemirjenje neposredno hrani ali ščiti posameznika.,"Glasbeno vznemirjenje je evolucijski paradoks: ne hrani ali ščiti neposredno, vendar je sinhronizacija čustev skupine morda spodbudila družbeno kohezijo.","[""Prav"", ""Narobe""]",1,,,,,,
course_7_jeanne_d_arc_et_la_guerre_de_cent_ans_14,course_7_jeanne_d_arc_et_la_guerre_de_cent_ans_14_q1,mcq,"Koliko je bila stara Ivana Orleanska, ko se je leta 1429 pridružila dofinu Karlu?","Jeanne je imela 17 let, ko je zapustila Domrémyja, da bi prepričala dofina, naj ji zaupa vojsko.","[""star 17 let"", ""star 25 let"", ""30 let"", ""star 21 let""]",0,,,,,,
course_7_jeanne_d_arc_et_la_guerre_de_cent_ans_14,course_7_jeanne_d_arc_et_la_guerre_de_cent_ans_14_q2,mcq,Od kod je prišla Ivana Orleanska?,Jeanne je kmečko dekle iz Domrémyja v Loreni.,"[""Iz Domrémyja v Loreni"", ""Iz Orleansa"", ""Iz Reimsa"", ""Iz Rouena""]",0,,,,,,
course_7_jeanne_d_arc_et_la_guerre_de_cent_ans_14,course_7_jeanne_d_arc_et_la_guerre_de_cent_ans_14_q3,trueFalse,Res ali ne: Stoletna vojna je pomerila francoske in španske kralje.,"Stoletna vojna je spopadla angleške kralje, Plantagenete, s francoskimi kralji, Valoisi, ne Španije.","[""Prav"", ""Narobe""]",1,,,,,,
course_7_jeanne_d_arc_et_la_guerre_de_cent_ans_14,course_7_jeanne_d_arc_et_la_guerre_de_cent_ans_14_q4,mcq,Kaj določa mirovna pogodba iz Troya iz leta 1420?,"Pogodba iz Troyesa je razdedinila dofena Karla v korist angleškega kralja, čigar vladavina je razglašena v Parizu.","[""Dofin je razdedinjen v korist angleškega kralja"", ""Francija si priključi Burgundijo"", ""Ivana Orleanska je postala vitezinja"", ""Takojšnje kronanje Karla VII. v Reimsu""]",0,,,,,,
course_7_jeanne_d_arc_et_la_guerre_de_cent_ans_14,course_7_jeanne_d_arc_et_la_guerre_de_cent_ans_14_q5,mcq,"Kakšno poslanstvo Jeanne pravi, da je prejela od svojih glasov?","Njegovi glasovi mu naročajo, naj odpravi obleganje Orléansa, nato pa naj vodi dofina na kronanje v Reimsu, edini obred, ki naredi pravega kralja.","[""Odstranite obleganje Orléansa in nato vodite dofina na kronanje v Reims"", ""Pregon Burgundcev iz Pariza"", ""Poroči se z dofenom Charlesom"", ""Ponovno osvojiti Normandijo""]",0,,,,,,
course_7_jeanne_d_arc_et_la_guerre_de_cent_ans_14,course_7_jeanne_d_arc_et_la_guerre_de_cent_ans_14_q6,numericSlider,Katerega leta je Ivana Orleanska oblegala Orléans?,Ivana je maja 1429 prebila obleganje Orléansa v samo devetih dneh.,,,,1429.0,1400.0,1450.0,3.0,
course_7_jeanne_d_arc_et_la_guerre_de_cent_ans_14,course_7_jeanne_d_arc_et_la_guerre_de_cent_ans_14_q7,trueFalse,Res ali ne: Ivana Orleanska je med bitko z lastno roko ubila veliko sovražnikov.,"Jeanne še nikoli ni ubila sovražnika z lastno roko; raje je nosila svoj prapor, da bi vodila, ne da bi sama prelila kri.","[""Prav"", ""Narobe""]",1,,,,,,
course_7_jeanne_d_arc_et_la_guerre_de_cent_ans_14,course_7_jeanne_d_arc_et_la_guerre_de_cent_ans_14_q8,chronological,Postavite te dogodke v življenju Ivane Orleanske v kronološki vrstni red.,"Ti mejniki segajo od leta 1420 do 1431: pogodba v Troyesu, nato Orléans in Reims leta 1429, zajetje leta 1430 in usmrtitev leta 1431.",,,"[""Pogodba iz Troyesa je dofena razdedinila"", ""Ivana odpravi obleganje Orléansa"", ""Kronanje Karla VII v Reimsu"", ""Ujetje Jeanne v Compiègnu"", ""Pogorišče v Rouenu""]",,,,,
course_80_pourquoi_les_saisons_existent_sur_d_autr,course_80_pourquoi_les_saisons_existent_sur_d_autr_q1,mcq,Kakšna je poševnost planeta?,"Poševnost je kot med osjo vrtenja planeta in navpičnico na njegovo orbito; večja kot je, bolj so letni časi izraziti.","[""Kot med njegovo osjo vrtenja in navpičnico na njegovo orbito"", ""Povprečna razdalja med planetom in Soncem"", ""Hitrost, s katero se planet vrti"", ""Skupna dolžina leta na tem planetu""]",0,,,,,,
course_80_pourquoi_les_saisons_existent_sur_d_autr,course_80_pourquoi_les_saisons_existent_sur_d_autr_q2,numericSlider,"Za koliko stopinj je nagnjen Uran, najbolj skrajni primer v Osončju?","Uran je nagnjen za približno 98°, skoraj leži na boku, kar mu daje ekstremne letne čase.",,,,98.0,0.0,130.0,10.0,°
course_80_pourquoi_les_saisons_existent_sur_d_autr,course_80_pourquoi_les_saisons_existent_sur_d_autr_q3,numericSlider,Na Uranu približno koliko let traja vsako obdobje neprekinjenega dneva na polu?,"Uran potrebuje 84 let, da obkroži Sonce; vsak pol torej prejme skoraj 42 let neprekinjenega dneva, nato pa 42 let celotne noči.",,,,42.0,10.0,80.0,5.0,let
course_80_pourquoi_les_saisons_existent_sur_d_autr,course_80_pourquoi_les_saisons_existent_sur_d_autr_q4,mcq,Zakaj Jupiter in Merkur skoraj nimata letnih časov?,"Jupiter in Merkur imata skoraj ravno os vrtenja, ki skoraj ne ustvarja letnega časa, za razliko od Urana ali Zemlje.","[""Njihova vrtilna os je skoraj ravna, zelo rahlo nagnjena"", ""So predaleč od Sonca, da bi čutili variacije"", ""Njihova orbita je popolnoma krožna, brez možnih sprememb"", ""Ne vrtijo se same po sebi""]",0,,,,,,
course_80_pourquoi_les_saisons_existent_sur_d_autr,course_80_pourquoi_les_saisons_existent_sur_d_autr_q5,mcq,"Zakaj so poletja na južni polobli na Marsu krajša, a toplejša?","Marsova orbita je ovalna; Na južni polobli poletje pade blizu perihelija, kar povzroči krajša, a bolj vroča poletja, včasih s prašnimi nevihtami.","[""Padajo blizu perihelija, točke, kjer je Mars najbližje Soncu"", ""Marsova atmosfera zadržuje toploto kot ogromen rastlinjak"", ""Južni pol prejme dvakrat več svetlobe kot severni pol"", ""Mars spreminja hitrost vrtenja glede na letni čas""]",0,,,,,,
course_80_pourquoi_les_saisons_existent_sur_d_autr,course_80_pourquoi_les_saisons_existent_sur_d_autr_q6,trueFalse,Res ali ne: leta 2018 je sezonska prašna nevihta končala misijo roverja Opportunity.,Leta 2018 je sezonska marsovska prašna nevihta zakrila Sonce in trajno ustavila rover Opportunity.,"[""Prav"", ""Narobe""]",0,,,,,,
course_80_pourquoi_les_saisons_existent_sur_d_autr,course_80_pourquoi_les_saisons_existent_sur_d_autr_q7,mcq,"Zakaj temperatura Venere ostaja skoraj povsod enaka, kljub ekstremnemu nagibu njene osi?",Kljub ekstremnemu nagibu Venerin pošastni učinek tople grede povsod in ves čas izenačuje temperaturo okoli 460 °C.,"[""Njegov pošastni učinek tople grede povsod izenači temperaturo na približno 460 °C"", ""Venera dejansko nima merljivega nagiba"", ""Njegovo zelo hitro vrtenje enakomerno porazdeli toploto"", ""Venera je predaleč od Sonca, da bi čutila variacije""]",0,,,,,,
course_80_pourquoi_les_saisons_existent_sur_d_autr,course_80_pourquoi_les_saisons_existent_sur_d_autr_q8,trueFalse,"Res ali ne: na Veneri en dan, to je popolna rotacija na sebi, traja dlje kot eno leto, to je revolucija okoli Sonca.",Na Veneri dan traja 243 zemeljskih dni v primerjavi z 225 zemeljskimi dnevi v letu: rotacija je daljša od revolucije.,"[""Prav"", ""Narobe""]",0,,,,,,
course_80_pourquoi_les_saisons_existent_sur_d_autr,course_80_pourquoi_les_saisons_existent_sur_d_autr_q9,mcq,Kakšno vlogo ima Luna v letnih časih na Zemlji?,Brez Lune bi Zemljin naklon kaotično nihal med 0° in več kot 80°; Luna deluje kot gravitacijski stabilizator.,"[""Stabilizira naklon zemeljske osi in se izogiba kaotičnim nihanjem"", ""Neposredno segreva poloblo, ki jo ponoči osvetljuje"", ""Pospešuje vrtenje Zemlje okoli Sonca"", ""Poleti blokira del sončne svetlobe""]",0,,,,,,
course_81_l_odyssee_homere,course_81_l_odyssee_homere_q1,mcq,"Kateri grški junak je potreboval deset let, da se je vrnil domov po trojanski vojni?","Odisej, kralj Itake, potrebuje deset let, da se vrne domov po koncu trojanske vojne: to je tema Odiseje.","[""Ulikses"", ""Ahil"", ""Agamemnon"", ""Enej""]",0,,,,,,
course_81_l_odyssee_homere,course_81_l_odyssee_homere_q2,mcq,Kako se pripovedno gledano začne zgodba o Odiseji?,"Homer začne svojo zgodbo sredi dogajanja: Odisej, ki ga drži nimfa Kalipso, nato v preblisku pripoveduje svoje pretekle dogodivščine.","[""V medijski resnici sredi dogajanja, medtem ko Uliksa drži Kalipso"", ""Po zgodbi o Odisejevem rojstvu"", ""Do začetka trojanske vojne"", ""Z Odisejevo vrnitvijo na Itako""]",0,,,,,,
course_81_l_odyssee_homere,course_81_l_odyssee_homere_q3,trueFalse,"Res ali ne: Ulikses pobegne Kiklopu Polifemu, ne da bi razkril svoje ime.","Odisej ponosno vzklikne svoje pravo ime, potem ko je oslepil Polifema, kar je Kiklopu omogočilo, da se mu maščuje oče Pozejdon.","[""Prav"", ""Narobe""]",1,,,,,,
course_81_l_odyssee_homere,course_81_l_odyssee_homere_q4,mcq,"Kako Penelopa odbije snubce, ki jo oblegajo na Itaki?","Penelope kupuje čas z obljubo, da se bo ponovno poročila, ko bo pokrov končan, ki ga vsako noč skrivaj odpre.","[""Podnevi stke prt in ga vsako noč odpre"", ""Zaklene se v neosvojljiv stolp"", ""Ateno prosi, naj jih spremeni v kamen"", ""S sinom se odpravi skriti na Kreto""]",0,,,,,,
course_81_l_odyssee_homere,course_81_l_odyssee_homere_q5,mcq,"Kdo prvi prepozna Odiseja, ko se vrne na Itako, preoblečen v berača?","Pes Argos, zelo star, prepozna Uliksa pred vsemi drugimi, za njim pa njegova dojilja Evrikleja.","[""Njegov stari pes Argos"", ""Njegova žena Penelope"", ""Njegov sin Telemah"", ""Eden od snubcev""]",0,,,,,,
course_81_l_odyssee_homere,course_81_l_odyssee_homere_q6,trueFalse,"Res ali ne: Sodobni učenjaki menijo, da je Odiseja nastala iz dolgega ustnega izročila in ne izpod peresa enega samega avtorja.","Delo Milmana Parryja kaže, da besedilo izvira iz tradicije pevcev, bardov, ki so komponirali z že pripravljenimi formulami.","[""Prav"", ""Narobe""]",0,,,,,,
course_81_l_odyssee_homere,course_81_l_odyssee_homere_q7,numericSlider,Približno koliko pesmi (delov) je v Odiseji?,Odiseja ima 24 pesmi in približno 12.000 verzov.,,,,24.0,10.0,40.0,2.0,pesmi
course_81_l_odyssee_homere,course_81_l_odyssee_homere_q8,mcq,Kateri pisatelj 20. stoletja je Odisejevo potovanje prenesel v en dan v Dublinu?,"Leta 1922 je James Joyce izdal svoj roman Ulikses, ki homersko potepanje prenese v en dan v Dublinu.","[""James Joyce"", ""Marcel Proust"", ""Albert Camus"", ""Victor Hugo""]",0,,,,,,
course_82_l_iliade_homere,course_82_l_iliade_homere_q1,mcq,Na koliko dni se osredotoča predvsem dogajanje Iliade?,"Homer se osredotoča na 51 dni desetega leta vojne, ne na celoten spopad.","[""51 dni desetega leta vojne"", ""Celih deset let trojanske vojne"", ""En dan bitke"", ""Dvajset let Uliksesove odsotnosti""]",0,,,,,,
course_82_l_iliade_homere,course_82_l_iliade_homere_q2,mcq,Katera je prava prva tema pesmi glede na tečaj?,"Pesem se začne z Ahilejevo jezo, ki jo izzove ponižanje, ki ga je povzročil Agamemnon, še pred vprašanjem o Troji.","[""Ahilova jeza"", ""Uliksesov trik"", ""Konstrukcija trojanskega konja"", ""Sodba Pariza""]",0,,,,,,
course_82_l_iliade_homere,course_82_l_iliade_homere_q3,trueFalse,"Res ali ne: Agamemnon poniža Ahila tako, da vzame njegovo ujetnico Brizeido.","Agamemnon vzame Brizeido Ahilu, kar prizadene njegov čas, čast zaradi njegovih zaslug in sproži njegovo jezo.","[""Prav"", ""Narobe""]",0,,,,,,
course_82_l_iliade_homere,course_82_l_iliade_homere_q4,mcq,Zakaj si Patroklo sposodi Ahilov oklep?,"Brez Ahila, ki je bil odstranjen iz boja, se Grki zložijo; Patroklo si izposodi svoj oklep, da bi ustrahoval Trojance, ki jih je vodil Hektor.","[""Prestrašiti Trojance, ki ogrožajo grške ladje"", ""Pretvarjati se, da sem Agamemnon"", ""Za sodelovanje pri pogrebnih igrah"", ""Na obisk k Priamu""]",0,,,,,,
course_82_l_iliade_homere,course_82_l_iliade_homere_q5,mcq,Kdo ubije Patrokla s pomočjo boga Apolona?,"Patrokla ne uboga Ahilovega ukaza in ubije ga trojanski princ Hektor, ki mu pomaga Apolon.","[""Hektor"", ""Pariz"", ""Agamemnon"", ""Priam""]",0,,,,,,
course_82_l_iliade_homere,course_82_l_iliade_homere_q6,trueFalse,Res ali ne: v Iliadi lahko bogove poškodujejo tudi smrtniki.,"Bojevnik Diomed rani Afrodito v roko, bog Ares pa mora kričeče pobegniti: tudi bogovi niso neranljivi.","[""Prav"", ""Narobe""]",0,,,,,,
course_82_l_iliade_homere,course_82_l_iliade_homere_q7,mcq,"Kako Ahil ravna s Hektorjevim telesom, potem ko ga ubije?","Ahil priveže Hektorjevo truplo na svoj voz in ga odvleče pred obzidje Troje, pred očmi svoje družine, pri čemer zavrača pogrebni obred.","[""Priveže ga na svoj voz in ga vleče po prahu"", ""Takoj ga je pokopal s častmi"", ""Takoj ga vrne Priamu"", ""Zažge ga na grškem pogrebnem grmadi""]",0,,,,,,
course_82_l_iliade_homere,course_82_l_iliade_homere_q8,mcq,"Kaj žene Ahila, da končno vrne Hektorjevo truplo Priamu?","Soočen s starim kraljem Priamom, ki ga je prišel prosit, Ahil pomisli na lastnega očeta in mu vrne truplo svojega sina.","[""Ko vidi Priama, zlomljenega od bolečine, pomisli na lastnega očeta"", ""Zevs to odredi neposredno na bojišču"", ""Grki grozijo z uporom"", ""Hélène posreduje in prosi za mir""]",0,,,,,,
course_82_l_iliade_homere,course_82_l_iliade_homere_q9,chronological,Postavite te korake Iliade v red.,"Ti štirje mejniki strukturirajo pesem: začetni argument, žalovanje, ki oboroži Ahila, odločilni dvoboj, nato prizorišče ponovno odkrite človečnosti.",,,"[""Spor med Ahilom in Agamemnonom"", ""Patroklova smrt"", ""Hektorjeva smrt"", ""Srečanje Priama in Ahila""]",,,,,
course_82_l_iliade_homere,course_82_l_iliade_homere_q10,trueFalse,Res ali ne: Iliada se konča z epizodo o trojanskem konju.,Pesem se konča s Hektorjevim pogrebom; trojanskega konja ni.,"[""Prav"", ""Narobe""]",1,,,,,,
course_83_dipe_roi_sophocle,course_83_dipe_roi_sophocle_q1,mcq,Kakšna kuga prizadene Tebe na začetku igre?,"Tebe prizadene kuga in orakelj zahteva, da se kaznuje morilec nekdanjega kralja Laja.","[""Kuga"", ""Lakota"", ""Invazija"", ""Potres""]",0,,,,,,
course_83_dipe_roi_sophocle,course_83_dipe_roi_sophocle_q2,mcq,Kaj Ojdip obljublja mestu Tebe?,"Ojdip obljubi, da bo našel Lajevega morilca, ne da bi vedel, da ga bo našel v sebi.","[""Poiščite in kaznujte Lajevega morilca"", ""Obnovite mestno obzidje"", ""Poroči se s hčerko prejšnjega kralja"", ""Posvetujte se z drugim ugodnejšim orakljem""]",0,,,,,,
course_83_dipe_roi_sophocle,course_83_dipe_roi_sophocle_q3,trueFalse,"Res ali ne: Sofoklej izpopolni tragedijo, podedovano od Ajshila, z dodajanjem več likov in psihološke napetosti.","Sofoklej razvija tragični žanr tako, da daje več prostora likom in njihovi notranji napetosti, pri čemer zbor ostaja komentator in ne gonilna sila dogajanja.","[""Prav"", ""Narobe""]",0,,,,,,
course_83_dipe_roi_sophocle,course_83_dipe_roi_sophocle_q4,mcq,Koga Ojdip najprej vpraša v svoji preiskavi Lajevega umora?,"Ojdip najprej izpraša vedeževalca Tirezija, nato njegovo ženo Jokasto, Lajevo vdovo, preden se namigi približajo njemu samemu.","[""Vedeževalec Tiresias"", ""Njegova žena Jokasta"", ""Njegov sin"", ""Sfinga""]",0,,,,,,
course_83_dipe_roi_sophocle,course_83_dipe_roi_sophocle_q5,mcq,"Katera sta po Aristotelu ključna učinka, ki ju občuduje v Kralju Ojdipu?","Aristotel občuduje peripetijo, nenaden preobrat situacije, in anagnorisis, trenutek, ko Ojdip razume, kdo je.","[""Preobrat in priznanje"", ""Napetost in humor"", ""Nasilje in spektakel"", ""Politični diskurz in morala""]",0,,,,,,
course_83_dipe_roi_sophocle,course_83_dipe_roi_sophocle_q6,mcq,"Kaj naredi Ojdip, ko resnica popolnoma pride na dan?","Ko resnica pride na dan in Jokasta naredi samomor, si Ojdip iztakne oči, tisti, ki je videl za mesto, zdaj noče pogledati sveta.","[""Ugasne oči"", ""Takoj se je brez besed izgnal"", ""V obupu ubije Jokasto"", ""Abdicira in imenuje naslednika""]",0,,,,,,
course_83_dipe_roi_sophocle,course_83_dipe_roi_sophocle_q7,trueFalse,"Res ali ne: v Kralju Ojdipu, bolj ko junak lucidno išče resnico, bližje se lastnemu propadu.","To je tragična ironija predstave: Ojdipova želja, da bi bil pravičen in luciden, pospeši njegovo izgubo, namesto da bi ga zaščitila pred njo.","[""Prav"", ""Narobe""]",0,,,,,,
course_83_dipe_roi_sophocle,course_83_dipe_roi_sophocle_q8,mcq,"Kaj Ojdip pomeni za mesto, ko je resnica znana?","Ojdip postane farmakos: kuga je znak neočiščenega zločina, zato je izgnan, da očisti mesto.","[""Pharmakos, tisti, ki je izgnan, da očisti skupnost"", ""Kralj, ki ga slavijo kot odrešenika"", ""Preprosta priča brez odgovornosti"", ""Sodnik, odgovoren za kaznovanje drugih krivcev""]",0,,,,,,
course_83_dipe_roi_sophocle,course_83_dipe_roi_sophocle_q9,mcq,Kateri mislec 20. stoletja ponovno bere mit o Ojdipu skozi psihoanalizo?,"Freud v mitu o Ojdipu vidi kompleks, ki nosi njegovo ime, eno od branj širšega obsega igre.","[""Freud"", ""Marx"", ""Nietzsche"", ""Darwin""]",0,,,,,,
course_84_antigone_sophocle,course_84_antigone_sophocle_q1,mcq,"Česa Kreon noče dati enemu od dveh bratov, ki sta umrla med pobijanjem?","Kreont ukaže, naj enega od bratov počastijo, drugega pa pustijo nepokopanega, kar Antigona zavrne.","[""Grob"", ""Posmrtna sodba"", ""Tebanski prestol"", ""Odpuščanje bogov""]",0,,,,,,
course_84_antigone_sophocle,course_84_antigone_sophocle_q2,mcq,Kaj stori Antigona proti ukazu kralja Kreonta?,"Antigona zavrne Kreontov ukaz in sama pokoplje truplo svojega brata, ki ostane nepokopan.","[""Pokoplje bratovo truplo"", ""Odide v prostovoljno izgnanstvo"", ""Organizira oborožen upor"", ""Od bogov v templju zahteva arbitražo""]",0,,,,,,
course_84_antigone_sophocle,course_84_antigone_sophocle_q3,trueFalse,Res ali ne: Antigona je Ojdipova hči.,"Antigona pripada Ojdipovi prekleti družini, kar bremeni celotno igro.","[""Prav"", ""Narobe""]",0,,,,,,
course_84_antigone_sophocle,course_84_antigone_sophocle_q4,mcq,Kateri konflikt vrednot Antigona nasprotuje Kreonu?,"Antigona se sklicuje na zakon, ki je starejši od kraljevega dekreta, medtem ko Kreont brani pozitivni zakon, ki ga je pravkar odredil.","[""Naravni zakon dolžnosti do mrtvih proti pozitivnemu pravu mesta"", ""Demokracija proti monarhiji"", ""Bogastvo proti revščini"", ""Mladost proti starosti""]",0,,,,,,
course_84_antigone_sophocle,course_84_antigone_sophocle_q5,mcq,Kdo je Haemon v predstavi?,"Haemon, Kreonov sin in Antigonin zaročenec, zaman roti očeta, naj se odreče obsodbi.","[""Kreontov sin, Antigonin zaročenec"", ""Antigonin brat je umrl v bitki"", ""Vedeževalec, ki napoveduje nesrečo"", ""Stražar, ki odkrije Antigonin zločin""]",0,,,,,,
course_84_antigone_sophocle,course_84_antigone_sophocle_q6,mcq,"Katero kreontovo napako izpostavi Sofoklej s svojo odločitvijo, da bo trmast?","Kreon vztraja kljub prošnjam, uteleša hubris, presežek, ki zaslepi in vodi v katastrofo.","[""Hrabri, ponosni presežek, ki zaslepi"", ""Strahopetnost pred ljudstvom"", ""Pretirana velikodušnost"", ""Pomanjkanje politične inteligence""]",0,,,,,,
course_84_antigone_sophocle,course_84_antigone_sophocle_q7,trueFalse,"Res ali ne: ko Kreont končno popusti in se odreče svoji odločitvi, je še vedno čas za rešitev vseh.","Kreont se prepozno vda: Antigona, nato Hemon in kraljica Evridika umrejo kljub njegovi premislitvi.","[""Prav"", ""Narobe""]",1,,,,,,
course_84_antigone_sophocle,course_84_antigone_sophocle_q8,mcq,Kako se Antigonina sestra Ismena odzove na Kreontov odlok?,"Ismena okleva pred kraljevo prepovedjo, medtem ko Antigona odkrito sprejme njeno dejanje.","[""Ona okleva, za razliko od Antigone, ki se odloči za dejanje"", ""Svojo sestro obtoži kralju"", ""Truplo pokoplje na svoje mesto"", ""Ona vzame orožje proti Kreonu""]",0,,,,,,
course_84_antigone_sophocle,course_84_antigone_sophocle_q9,mcq,Kateri filozof iz 19. stoletja v Antigoni bere konflikt med dvema enako legitimnima pravicama?,"Hegel igro analizira kot soočenje dveh legitimnih pravic, javnega reda in družinske pobožnosti, ne da bi bila katera koli povsem napačna.","[""Hegel"", ""Descartes"", ""Kant"", ""Rousseau""]",0,,,,,,
course_85_le_banquet_platon,course_85_le_banquet_platon_q1,mcq,V kakšnem kontekstu se odvija dialog banketa?,"Banket poteka med simpozijo, meščanskim obrokom, kjer ljudje pijejo, razpravljajo in tekmujejo v zgovornosti.","[""Obrok atenskih državljanov, simpozija"", ""Ljudsko sodišče"", ""Lekcija na Akademiji"", ""Tempelj med verskim obredom""]",0,,,,,,
course_85_le_banquet_platon,course_85_le_banquet_platon_q2,mcq,Katero temo naj gostje banketa obravnavajo v svojih govorih?,"Vsiljena tema večera je Eros, vsak gost pa ponudi svojo teorijo ljubezni.","[""Eros, ljubezen-želja"", ""Pravica v mestu"", ""Smrt in nesmrtnost duše"", ""Narava bogov""]",0,,,,,,
course_85_le_banquet_platon,course_85_le_banquet_platon_q3,mcq,Kaj pravijo androgini v Aristofanovem govoru?,"Aristofan pravi, da so bili ljudje nekoč dvojni in da jih je Zevs prerezal na dvoje, da bi jih kaznoval, od takrat pa vsak išče svojo izgubljeno polovico.","[""Ljudje so bili nekoč dvojni, preden jih je Zevs prerezal na dvoje"", ""Bogovi so ustvarili človeštvo iz gline"", ""Moški izvirajo iz enega samega nesmrtnega prednika"", ""Zaljubljenca sta bila prvotno sovražnika""]",0,,,,,,
course_85_le_banquet_platon,course_85_le_banquet_platon_q4,trueFalse,"Res ali ne: Aristofanov mit o androginih je francoščini dal izraz ""sorodna duša"".","Ta zgodba o ljudeh, razrezanih na dvoje, je navdihnila francoski izraz ""sorodna duša"", ki označuje polovico, ki jo poskušamo najti.","[""Prav"", ""Narobe""]",0,,,,,,
course_85_le_banquet_platon,course_85_le_banquet_platon_q5,mcq,Kdo Sokrata uči teorijo o ljubezni kot posredniku ali daimonu?,"Sokrat poroča o nauku Diotima, modrega tujca, da je Eros daimon, posrednik, ki želi tisto, kar mu manjka.","[""Diotima"", ""Aristofan"", ""Alkibiad"", ""Agaton""]",0,,,,,,
course_85_le_banquet_platon,course_85_le_banquet_platon_q6,mcq,Po Diotiminem nauku skozi katere stopnje napreduje ljubimec?,"Ljubimec začne pri lepem telesu, preide na lepe duše, nato na lepa dejanja, preden doseže Lepoto v sebi: to je lestvica platonskega Erosa.","[""Od lepih teles do lepih duš, nato do lepih dejanj, do Lepote same po sebi"", ""Od prijateljstva do sovraštva do odpuščanja"", ""Od zakona do samote in nato do modrosti"", ""Od bogastva do revščine do kreposti""]",0,,,,,,
course_85_le_banquet_platon,course_85_le_banquet_platon_q7,mcq,Kdo pijan vdre noter na koncu simpozija in hvali Sokrata?,"Alkibiad, pijani ambiciozni mladenič, vdre in hvali Sokrata kot zaskrbljujočega Satirja, s čimer pokaže, da filozofska želja ne odpravi težav.","[""Alkibiad"", ""Kreon"", ""Jokasta"", ""Diotima""]",0,,,,,,
course_85_le_banquet_platon,course_85_le_banquet_platon_q8,trueFalse,Res ali ne: v vsakdanjem jeziku ima »platonska« ljubezen enak pomen kot za samega Platona.,"V vsakdanjem jeziku »platonski« pomeni brez mesa, pri Platonu pa telo ostaja legitimno izhodišče, ne pa sramota.","[""Prav"", ""Narobe""]",1,,,,,,
course_86_la_republique_platon,course_86_la_republique_platon_q1,mcq,Katero osrednje vprašanje želi Platon razrešiti v Republiki?,"Republika izhaja iz preprostega vprašanja: kaj je pravičnost? Da bi odgovoril na to vprašanje, si Sokrat zamisli idealno mesto.","[""Kaj je pravičnost?"", ""Kako zmagati v vojni?"", ""Kakšen je izvor bogov?"", ""Kako sestaviti tragedijo?""]",0,,,,,,
course_86_la_republique_platon,course_86_la_republique_platon_q2,mcq,Kako Platon razdeli človeško dušo v republiko?,"Platon loči željo (Epithumia), pogum (Thumos) in razum (Logos), ki jih postavlja v vzporednico s tremi razredi idealnega mesta.","[""V treh delih: želja, pogum in razum"", ""V dveh delih: telo in um"", ""V štirih naravnih elementih"", ""V petih pomenih""]",0,,,,,,
course_86_la_republique_platon,course_86_la_republique_platon_q3,mcq,Kdo naj vlada idealnemu mestu po Platonu?,"Idealni vladarji so kralji-filozofi, dolgo izurjeni v matematiki in dialektiki, ki živijo brez pretirane zasebne lastnine.","[""Kralji filozofi, ki ljubijo resnico bolj kot oblast"", ""Najbogatejši državljani"", ""Najboljši bojevniki"", ""Tempeljski duhovniki""]",0,,,,,,
course_86_la_republique_platon,course_86_la_republique_platon_q4,trueFalse,Res ali ne: Platon zaupa atenski demokraciji kot najboljšemu možnemu režimu.,"Platon pa je, nasprotno, sumničav do atenske demokracije, ki je po njegovem obsojala Sokrata, pravičnega človeka.","[""Prav"", ""Narobe""]",1,,,,,,
course_86_la_republique_platon,course_86_la_republique_platon_q5,mcq,Kaj vidijo vklenjeni jetniki v mitu o votlini?,"Ujetniki mitov vidijo le sence na steni in te iluzije zamenjujejo za edino resničnost, ki jo poznajo.","[""Samo sence mečejo na steno"", ""Sonce direktno"", ""Kipi bogov"", ""Njihov lastni odsev v vodi""]",0,,,,,,
course_86_la_republique_platon,course_86_la_republique_platon_q6,mcq,"Kaj se zgodi, ko se v mitu o votlini osvobojeni zapornik vrne, da posvari ostale?","Osvobojenega jetnika, ki se vrne, da bi soncu oznanil, kar je videl, tisti, ki ostanejo v verigah, imajo za norega.","[""Pravijo mu, da je nor"", ""Vsi takoj za njim proti izhodu"", ""Imenovan je kralj jame"", ""Ostali se mu zahvalijo in gredo z njim ven""]",0,,,,,,
course_86_la_republique_platon,course_86_la_republique_platon_q7,mcq,Kateri filozof 20. stoletja Republiki očita napoved totalitarizma?,"Karl Popper Republiki očita, da odpira pot totalitarizmu, drugi jo vidijo bolj kot izobraževalno utopijo.","[""Karl Popper"", ""Sigmund Freud"", ""Jean-Paul Sartre"", ""Friedrich Nietzsche""]",0,,,,,,
course_86_la_republique_platon,course_86_la_republique_platon_q8,chronological,"Postavite te politične režime nazaj v vrstni red degeneracije, ki ga je opisal Platon.","Platon opisuje postopno degeneracijo režimov, od katerih je vsak rojen iz slabosti prejšnjega, od aristokracije do tiranije.",,,"[""Aristokracija"", ""Timokracija"", ""Oligarhija"", ""Demokracija"", ""Tiranija""]",,,,,
course_86_la_republique_platon,course_86_la_republique_platon_q9,mcq,"Kaj po teoriji idej predstavlja čutni svet, ki ga zaznavamo?","Za Platona je čutni svet le senca v primerjavi s svetom idej, ki ga ponazarja mit o votlini.","[""Senca resničnega sveta Idej"", ""Edina resničnost, ki obstaja"", ""Popolna stvaritev bogov"", ""Nepomembne kolektivne sanje""]",0,,,,,,
course_87_l_apologie_de_socrate_platon,course_87_l_apologie_de_socrate_platon_q1,numericSlider,Katerega leta so v Atenah sodili Sokratu in ga obsodili na smrt?,"Sokrat je bil sojen in obsojen leta 399 pred našim štetjem, sojenje, ki je postalo temelj zahodne filozofije.",,,,399.0,380.0,420.0,5.0,av. AD
course_87_l_apologie_de_socrate_platon,course_87_l_apologie_de_socrate_platon_q2,mcq,Česa je Sokrat obtožen med sojenjem?,"Sokrata obtožujejo, da ne spoštuje bogov mesta in da s svojimi govori kvari mladino.","[""Ne da bi častili bogove mesta in kvarili mlade"", ""O vojaški izdaji Aten"", ""Kraja javne lastnine"", ""Ker je javno užalil sodnika""]",0,,,,,,
course_87_l_apologie_de_socrate_platon,course_87_l_apologie_de_socrate_platon_q3,trueFalse,"Res ali ne: na sodišču Sokrat prosi za usmiljenje, da bi sodnike dobil pomilostitev.","Sokrat noče igrati skesanega obtoženca: sodišče spremeni v preiskavo samega mesta, namesto da bi prosil za usmiljenje.","[""Prav"", ""Narobe""]",1,,,,,,
course_87_l_apologie_de_socrate_platon,course_87_l_apologie_de_socrate_platon_q4,mcq,Kaj Sokratu razkrije preročišče v Delfih po njegovem mnenju?,"Orakelj v Delfih navaja, da nihče ni modrejši od Sokrata, ki potem razume, da je njegova modrost sestavljena iz zavedanja, da ne ve.","[""Da nihče ni modrejši od njega"", ""Da mora pobegniti iz Aten"", ""Da bo postal kralj"", ""Da mora postati sofist""]",0,,,,,,
course_87_l_apologie_de_socrate_platon,course_87_l_apologie_de_socrate_platon_q5,mcq,Kako se imenuje Sokratova metoda dialoga v primerjavi s porodom?,Sokratska majevtika primerja dialog z rojstvom otroka: ustvarjanje jasnejših misli v drugem z zaporednimi vprašanji.,"[""Babištvo"", ""Materialistična dialektika"", ""Sofistična retorika"", ""Katarza""]",0,,,,,,
course_87_l_apologie_de_socrate_platon,course_87_l_apologie_de_socrate_platon_q6,mcq,"Kaj Sokrat predlaga kot kazen, potem ko je bil spoznan za krivega, in je razjezil sodnike?","Namesto skrbnega izgnanstva Sokrat predlaga, da bi ga nahranili s Prytaneusom, kar je provokacija, zaradi katere sodniki glasujejo za smrt.","[""Biti hranjen v Prytaneumu, čast, rezervirana za dobrotnike"", ""Takojšnje prostovoljno izgnanstvo"", ""Kazen, ki so jo plačali njegovi učenci"", ""Leto javnih del""]",0,,,,,,
course_87_l_apologie_de_socrate_platon,course_87_l_apologie_de_socrate_platon_q7,mcq,Kdo je napisal Sokratovo apologijo?,"Apologijo je napisal Platon, Sokratov učenec, ki prikazuje sojenje svojemu učitelju.","[""Platon, njegov učenec"", ""Sokrat sam"", ""Aristotel"", ""Samo Ksenofont""]",0,,,,,,
course_87_l_apologie_de_socrate_platon,course_87_l_apologie_de_socrate_platon_q8,trueFalse,"Res ali ne: glede na tečaj se Sokrat jasno loči od sofistov, čeprav jih javno mnenje včasih zamenjuje.","Sofisti so plačani učitelji retorike, od katerih Sokrat izstopa, čeprav jih atensko mnenje meša.","[""Prav"", ""Narobe""]",0,,,,,,
course_88_la_poetique_aristote,course_88_la_poetique_aristote_q1,mcq,Kaj želi Aristotel analizirati v Poetiki?,"Poetika analizira tragedijo in skuša razumeti, kako zgodba povzroči strah in usmiljenje ter zakaj se zaradi tega učinka počutimo dobro.","[""Kako tragedija povzroči strah in pomilovanje in zakaj se zaradi nje počutimo dobro"", ""Kako sestaviti politični govor"", ""Kako najti idealno mesto"", ""Kako voditi sodno preiskavo""]",0,,,,,,
course_88_la_poetique_aristote,course_88_la_poetique_aristote_q2,mcq,"Kako Aristotel imenuje umetniško posnemanje, ki ga rehabilitira ob Platonovem nezaupanju do podob?","Aristotel rehabilitira mimesis, umetniško posnemanje, ki ga primerja z načinom, kako otrok posnema razume svet.","[""Mimeza"", ""Babištvo"", ""Dialektika"", ""Hubris""]",0,,,,,,
course_88_la_poetique_aristote,course_88_la_poetique_aristote_q3,trueFalse,Res ali ne: za Aristotela mora tragedija spoštovati predvsem dokumentarno točnost resničnih dejstev.,"Za Aristotela merilo ni prava dokumentarnost, temveč verjetno in nujno, kar se je v tej zgodbi moralo zgoditi.","[""Prav"", ""Narobe""]",1,,,,,,
course_88_la_poetique_aristote,course_88_la_poetique_aristote_q4,mcq,Kaj pomeni katarza po Aristotelu?,"Katarza se nanaša na način, na katerega tragedija ureja naše afekte usmiljenja in strahu, čeprav o natančnem pomenu izraza ostajajo razprave.","[""Oblika očiščenja čustev pomilovanja in strahu"", ""Vaja spomina za igralce"", ""Uprizoritvena tehnika"", ""Verski obred pred nastopom""]",0,,,,,,
course_88_la_poetique_aristote,course_88_la_poetique_aristote_q5,mcq,Kaj po Aristotelu tvori srce drame bolj kot liki?,"Aristotel postavlja muthos, intrigo, v središče drame, pri čemer ceni avanturo in priznanje bolj kot same like.","[""Muthos, spletke"", ""Dekoracija"", ""Zborovska glasba"", ""Kostum igralcev""]",0,,,,,,
course_88_la_poetique_aristote,course_88_la_poetique_aristote_q6,mcq,Katero igro Aristotel navaja kot zvezdniški primer peripetije in priznanja?,"Aristotel vzame kralja Ojdipa kot zvezdniški primer: junak prepozno odkrije, kdo je, v zglednem preobratu.","[""Kralj Ojdip"", ""Antigona"", ""Perzijci"", ""Žabe""]",0,,,,,,
course_88_la_poetique_aristote,course_88_la_poetique_aristote_q7,mcq,Kakšen tip junaka ima Aristotel za uspešno tragedijo?,"Aristotelu je bolj všeč zmota, hamartia, kot čista hudobija: junak ni niti popolnoma dober niti pošasten, zaradi česar je njegov padec logičen in grozen.","[""Junak, ki naredi napako, ni niti popolnoma dobra niti pošastna"", ""Popolnoma kreposten junak kaznovan brez razloga"", ""Popolnoma zloben junak, ki prejme svojo kazen"", ""Junak odsoten iz glavne akcije""]",0,,,,,,
course_88_la_poetique_aristote,course_88_la_poetique_aristote_q8,trueFalse,"Res ali ne: po Aristotelu poezija pove posebno, zgodovina pa splošno.","Ravno nasprotno: za Aristotela poezija govori o splošnem, zgodovina pa o posameznem.","[""Prav"", ""Narobe""]",1,,,,,,
course_89_les_travaux_et_les_jours_hesiode,course_89_les_travaux_et_les_jours_hesiode_q1,mcq,Komu Heziod naslavlja svojo pesem Dela in dnevi?,"Pesem je naslovljena na Perzesa, Heziodovega brata, obtoženega goljufanja pri delitvi dediščine.","[""Njegovemu bratu Persesu"", ""Svoji hčerki"", ""Tujemu kralju"", ""Sami muzi""]",0,,,,,,
course_89_les_travaux_et_les_jours_hesiode,course_89_les_travaux_et_les_jours_hesiode_q2,trueFalse,"Res ali ne: za razliko od Homerja, nejasne figure, Heziod v svoji pesmi upodablja samega sebe.","Hesiod govori o svoji vasi, svojem očetu, ki je prišel iz Male Azije, in svojem sojenju proti Perzesu, oseben glas, ki je v nasprotju z anonimnostjo homerovega barda.","[""Prav"", ""Narobe""]",0,,,,,,
course_89_les_travaux_et_les_jours_hesiode,course_89_les_travaux_et_les_jours_hesiode_q3,mcq,"Kaj stori Prometej v mitu, ki ga pripoveduje Heziod, da bi razložil krutost življenja?","Heziod pripoveduje, da je Prometej ukradel ogenj, dejanje, ki povzroči božjo kazen in pomaga razložiti kruto človeško stanje.","[""Ukrade ogenj"", ""Ustvari prve ljudi v glini"", ""Osvobodi zaprte Titane"", ""Poroči se s Pandoro""]",0,,,,,,
course_89_les_travaux_et_les_jours_hesiode,course_89_les_travaux_et_les_jours_hesiode_q4,mcq,Kaj izpusti Pandorin kozarec po Hesiodovem mitu?,"Pandorin kozarec sprosti zlo, ki je od takrat prizadelo človeštvo.","[""Zlo, ki prizadene človeštvo"", ""Zakladi za pravične može"", ""Ogenj, ki ga je ukradel Prometej"", ""Pet obdobij človeštva""]",0,,,,,,
course_89_les_travaux_et_les_jours_hesiode,course_89_les_travaux_et_les_jours_hesiode_q5,mcq,"Glede na pet dob človeštva, ki jih je opisal Hesiod, v kateri dobi živimo?","Hesiod postavlja svoj čas v železno dobo, zadnjo in najhujšo od petih obdobij, kjer pravica omahuje.","[""Železna doba, najhujša, kjer pravica omahuje"", ""Zlata doba, najsrečnejša"", ""Srebrna doba, mirna in dolga"", ""Doba junakov, slavnih in pravičnih""]",0,,,,,,
course_89_les_travaux_et_les_jours_hesiode,course_89_les_travaux_et_les_jours_hesiode_q6,mcq,"Katera druga pesem, pripisana Heziodu, govori o rojstvu bogov?","Teogonija, druga Heziodova pesnitev, pripoveduje o rojstvu bogov, medtem ko se dela in dnevi spustijo z neba na plug.","[""Teogonija"", ""Odiseja"", ""Georgici"", ""Iliada""]",0,,,,,,
course_89_les_travaux_et_les_jours_hesiode,course_89_les_travaux_et_les_jours_hesiode_q7,mcq,Katero moralno nasprotje strukturira srce pesmi?,"Pesem postavlja Dikè, pravičnost, proti Hrabri, arogantni ekscesnosti: nepravične kralje ogroža Zevs, poštenemu kmetu pa se obeta možnost.","[""Dikè, pravičnost, proti Hybrisu, arogantni eksces"", ""Bogastvo proti revščini"", ""Mesto proti podeželju"", ""Mladost proti starosti""]",0,,,,,,
course_89_les_travaux_et_les_jours_hesiode,course_89_les_travaux_et_les_jours_hesiode_q8,mcq,Kateri latinski pesnik se je pozneje navdihoval pri Delih in dnevih v svojih Georgikah?,"Vergil se bo spomnil Heziodove pesmi v svojih Georgikah, še enem velikem pesniškem besedilu, posvečenem kmečkemu življenju.","[""Virgil"", ""Ovid"", ""Horacij"", ""Ciceron""]",0,,,,,,
course_89_les_travaux_et_les_jours_hesiode,course_89_les_travaux_et_les_jours_hesiode_q9,trueFalse,Res ali ne: po Heziodu je vsaka oblika rivalstva med sosedi slaba in se ji je treba izogibati.,"Heziod loči dobro Eris, koristno rivalstvo, ki posameznika spodbudi k boljšemu delu, od slabe Eris, tiste sovraštva in preizkušnje.","[""Prav"", ""Narobe""]",1,,,,,,
course_8_la_chute_de_constantinople_1453,course_8_la_chute_de_constantinople_1453_q1,numericSlider,Katerega leta je Konstantinopel padel pod Osmane?,Carigrad je padel 29. maja 1453 po 53 dneh obleganja.,,,,1453.0,1420.0,1480.0,3.0,
course_8_la_chute_de_constantinople_1453,course_8_la_chute_de_constantinople_1453_q2,mcq,Kdo je leta 1453 vodil obleganje in zavzetje Konstantinopla?,Obleganje in zavzetje mesta je vodil mladi osmanski sultan Mehmed II.,"[""Otomanski sultan Mehmed II"", ""Bizantinski cesar Konstantin XI"", ""Križarji 4. križarske vojne"", ""Francoski kralj Charles VII""]",0,,,,,,
course_8_la_chute_de_constantinople_1453,course_8_la_chute_de_constantinople_1453_q3,trueFalse,Res ali ne: pred letom 1453 Teodozijevega obzidja v tisoč letih nikoli ni udarila zemlja.,"To trojno obzidje iz 5. stoletja se je tisočletje upiralo vsem kopenskim napadom, vse do otomanskega topništva leta 1453.","[""Prav"", ""Narobe""]",0,,,,,,
course_8_la_chute_de_constantinople_1453,course_8_la_chute_de_constantinople_1453_q4,mcq,Kaj je trajno oslabilo Bizantinsko cesarstvo pred letom 1453?,Krščanski križarji z Zahoda so leta 1204 oplenili mesto in Bizantinsko cesarstvo pustili brez krvi.,"[""Orlenitev Konstantinopla s 4. križarsko vojno leta 1204"", ""Epidemija črnih koz"", ""Velik potres"", ""Izguba Egipta""]",0,,,,,,
course_8_la_chute_de_constantinople_1453,course_8_la_chute_de_constantinople_1453_q5,mcq,"Kako se imenuje velikanski top, ki ga je ustanovitelj Urban izdelal za Mehmeda II.?","Urban je za Mehmeda II. izdelal 8-metrski top, imenovan Basilica, ki je lahko izstrelil 600 kg topovskih krogel.","[""Bazilika"", ""Kraljeva bomba"", ""Leviatan"", ""Velika Bertha""]",0,,,,,,
course_8_la_chute_de_constantinople_1453,course_8_la_chute_de_constantinople_1453_q6,numericSlider,Koliko branilcev je zadnji bizantinski cesar Konstantin XI postavil proti Osmanom?,Soočen z desettisoči Otomanov je imel Konstantin XI le okoli 7000 branilcev.,,,,7000.0,1000.0,15000.0,1000.0,branilci
course_8_la_chute_de_constantinople_1453,course_8_la_chute_de_constantinople_1453_q7,chronological,Postavite te dogodke padca Konstantinopla v kronološki vrstni red.,"Te štiri faze segajo od 1204 do 1453: oslabitev Bizanca, prihod Mehmeda II. na oblast, obleganje in nato padec.",,,"[""Plenitev mesta s 4. križarsko vojno"", ""Pristop Mehmeda II. za sultana"", ""Začetek otomanskega obleganja"", ""Zavzetje mesta in njegovo preoblikovanje v otomansko prestolnico""]",,,,,
course_8_la_chute_de_constantinople_1453,course_8_la_chute_de_constantinople_1453_q8,mcq,Kaj se je zgodilo s Hagijo Sofijo po zavzetju mesta?,Mehmed II. je po osvojitvi veliko Hagijo Sofijo spremenil v mošejo.,"[""Mošeja"", ""Otomanska cesarska palača"", ""Knjižnica"", ""Ona je uničena""]",0,,,,,,
course_8_la_chute_de_constantinople_1453,course_8_la_chute_de_constantinople_1453_q9,mcq,Kakšna je ena od evropskih posledic padca Konstantinopla?,"Z močno obdavčitvijo vzhodnih poti so Osmani potisnili Portugalsko in Španijo, da sta iskali Atlantik, kar je odprlo pot do velikih odkritij.","[""Ker so poti na vzhod blokirane, Evropa išče druge poti v Azijo"", ""Anglija si priključi Grčijo"", ""Papež preseli svojo prestolnico v Konstantinopel"", ""Zahodno rimsko cesarstvo se ponovno rodi""]",0,,,,,,
course_90_medee_euripide,course_90_medee_euripide_q1,mcq,Zakaj Jazon zapusti Medejo v Korintu?,"V Korintu Jazon zapusti Medejo, da bi se poročil s kraljevo hčerko, kar sproži Medejino maščevanje.","[""Poročiti se s hčerko korintskega kralja"", ""Ker je izgubila čarobno moč"", ""Ker to zahtevajo bogovi"", ""Da se sam vrnem v Kolhido""]",0,,,,,,
course_90_medee_euripide,course_90_medee_euripide_q2,mcq,"Kaj je Medeja prinesla Jazonu, preden se je ločil od nje?",Brez Medejnih urokov Jazon nikoli ne bi dobil zlatega runa: Evripid vztraja pri nehvaležnosti »civiliziranega« človeka.,"[""Njegova čarobna pomoč pri pridobivanju zlatega runa"", ""Precejšnje osebno bogastvo"", ""Vojska za osvojitev Korinta"", ""Kraljestvo v Kolhidi""]",0,,,,,,
course_90_medee_euripide,course_90_medee_euripide_q3,trueFalse,"Res ali ne: v očeh Grkov je Medeja barbarka, tujka helenskemu svetu.","Medeja prihaja iz Kolhide, zunaj grškega sveta, in ta status tujke postane osrednji, ko jo Jason zavrne.","[""Prav"", ""Narobe""]",0,,,,,,
course_90_medee_euripide,course_90_medee_euripide_q4,mcq,"Kako Evripid predstavlja Medejino odločitev, da ubije svoje otroke?","Medeja okleva, a svojo odločitev, da ubije svoje otroke, pojasni v lucidnem govoru: ne gre za tiho dejanje norosti.","[""Kot lucidna izbira, predstavljena v premišljenem govoru"", ""Kot povsem nenamerna nesreča"", ""Kot neposreden ukaz bogov"", ""Kot dejanje takoj obžalovan in preklican""]",0,,,,,,
course_90_medee_euripide,course_90_medee_euripide_q5,mcq,Kako se igra konča za Medejo?,"Deus ex machina omogoča Medeji, da pobegne na krilatem vozu, ki ji jo je poslal njen ded Sonce, brez takojšnje kazni.","[""Pobegne na krilatem vozu, ki ji jo je poslal njen dedek Sonce"", ""Javno se izvrši v Korintu"", ""Naredi samomor kot Jokasta v Kralju Ojdipu"", ""Jazon ji odpusti in ostane v Korintu""]",0,,,,,,
course_90_medee_euripide,course_90_medee_euripide_q6,trueFalse,"Res ali ne: odvisno od poteka, Evripid očitno poskuša opravičiti Medejino dejanje.","Evripid ne opravičuje detomora, ampak prisili občinstvo, da sliši glas osebe, ki ga stori.","[""Prav"", ""Narobe""]",1,,,,,,
course_90_medee_euripide,course_90_medee_euripide_q7,mcq,Kako Evripid velja za najbolj »modernega« od treh velikih grških tragikov?,"Poleg Ajshila in Sofokla Evripid raziskuje notranjost likov, ki dvomijo in si nasprotujejo, zaradi česar ga beremo kot psihološkega genija.","[""Raziskuje notranjost likov, ki dvomijo in si nasprotujejo"", ""Izogiba se kakršnemu koli dialogu v prid čisti akciji"", ""V vseh svojih delih opusti refren"", ""Zavrača mitološke teme""]",0,,,,,,
course_90_medee_euripide,course_90_medee_euripide_q8,mcq,"Kaj poleg osebnega maščevanja proti Jazonu uniči tudi Medeja z ubijanjem svojih otrok, glede na potek?","Z uničenjem lastnega rodu Medeja škoduje tudi prihodnosti mesta, kar je politična cena, ki jo tečaj poudarja.","[""Prihodnost družine s politično ceno za mesto"", ""Ugled Corintha v tujini"", ""Kolhidski prestol"", ""Apolonov tempelj""]",0,,,,,,
course_91_les_miserables_victor_hugo,course_91_les_miserables_victor_hugo_q1,mcq,Za kateri zločin je bil Jean Valjean obsojen na devetnajst let zapora?,"Valjean je obsojen zaradi kraje kosa kruha in preživi devetnajst let v zaporu, preden ga izpustijo.","[""Kraja kosa kruha"", ""Finančna prevara"", ""Oborožen napad"", ""Vojaško dezertiranje""]",0,,,,,,
course_91_les_miserables_victor_hugo,course_91_les_miserables_victor_hugo_q2,mcq,"Kdo Valjeanu ponudi drugo priložnost in ga prepriča, da je svojo srebrnino prejel v dar?","Škof Myriel ponudi Valjeanu drugo priložnost tako, da mu pusti verjeti, da je svojo srebrnino prejel kot darilo, namesto da bi ga prijavil zaradi kraje.","[""škof Miriel"", ""Inšpektor Javert"", ""Fantine"", ""Cosette""]",0,,,,,,
course_91_les_miserables_victor_hugo,course_91_les_miserables_victor_hugo_q3,mcq,Pod kakšno identiteto Valjean postane župan in filantropski industrialec?,"Valjean pod imenom monsieur Madeleine postane filantropski župan, preden ga Javert na koncu prizna.","[""Gospod Madeleine"", ""Gospod Thénardier"", ""Gospod Javert"", ""Gospod Myriel""]",0,,,,,,
course_91_les_miserables_victor_hugo,course_91_les_miserables_victor_hugo_q4,trueFalse,"Res ali ne: Inšpektor Javert v romanu uteleša neusmiljeno pravičnost, ki neusmiljeno lovi Valjeana.","Javert predstavlja neprilagodljivo pravičnost, ki ni sposobna uskladiti zakona in milosti, kar ga bo pripeljalo do samomora.","[""Prav"", ""Narobe""]",0,,,,,,
course_91_les_miserables_victor_hugo,course_91_les_miserables_victor_hugo_q5,mcq,Zakaj Fantine tone v revščino?,"Fantine obuboža in se žrtvuje za plačilo pokojnine svoji hčerki Cosette, ki je ostala v rokah Thénardierjevih.","[""Za plačilo pokojnine svoji hčerki Cosette, ki je bila zaupana Thénardierjem"", ""Da bi financiral bratov študij"", ""Za poplačilo igralniškega dolga"", ""Bežati pred policijo po tatvini""]",0,,,,,,
course_91_les_miserables_victor_hugo,course_91_les_miserables_victor_hugo_q6,mcq,Kateri pariški zgodovinski dogodek oblikuje vrhunec romana?,"Zgodba se premakne v Pariz z vstajo junija 1832, ki jo je vodila republikanska mladina Prijateljev ABC.","[""Republikanska vstaja junija 1832"", ""Napad na Bastiljo"", ""Napoleonovo kronanje"", ""Pariška komuna""]",0,,,,,,
course_91_les_miserables_victor_hugo,course_91_les_miserables_victor_hugo_q7,mcq,Kdo umre na barikadah in postane simbol žrtvovane nedolžnosti?,"Gavroche, otrok ulice, umre na barikadah in postane simbol nedolžnosti, žrtvovane zaradi nasilja zgodovine.","[""Gavroche"", ""Marius"", ""Cosette"", ""Javert""]",0,,,,,,
course_91_les_miserables_victor_hugo,course_91_les_miserables_victor_hugo_q8,trueFalse,"Res ali ne: inšpektor Javert konča s samomorom, ker ni mogel uskladiti zakona in milosti, potem ko ga je rešil Valjean.","Javert, ki ga je rešil Valjean, ne more uskladiti svoje navezanosti na zakon z milostjo, ki jo je pravkar prejel, in naredi samomor.","[""Prav"", ""Narobe""]",0,,,,,,
course_91_les_miserables_victor_hugo,course_91_les_miserables_victor_hugo_q9,chronological,Postavite te faze zgodbe o Les Miserables v red.,"Hugo je roman začel pisati leta 1845, rokopis je prevzel v izgnanstvu po državnem udaru leta 1851, preden se je knjiga leta 1862 pojavila v Bruslju.",,,"[""Hugo začne pisati roman pod naslovom \""Les Misères\"""", ""Državni udar prekine in nato ponovno začne pisati v izgnanstvu"", ""Roman se končno pojavi v Bruslju""]",,,,,
course_91_les_miserables_victor_hugo,course_91_les_miserables_victor_hugo_q10,numericSlider,Katerega leta so bili po sedemnajstih letih dela Les Misérables končno objavljeni?,"Les Miserables so se pojavili leta 1862 v Bruslju, po sedemnajstih letih dela, ki se je začelo leta 1845.",,,,1862.0,1840.0,1880.0,3.0,
course_92_madame_bovary_flaubert,course_92_madame_bovary_flaubert_q1,mcq,Kdo je avtor Madame Bovary?,"Gustave Flaubert je leta 1857 objavil Madame Bovary, ki je zaznamovala rojstvo sodobnega realizma.","[""Gustave Flaubert"", ""Stendhal"", ""Honoré de Balzac"", ""Emile Zola""]",0,,,,,,
course_92_madame_bovary_flaubert,course_92_madame_bovary_flaubert_q2,mcq,S kom se poroči Emma na začetku romana?,"Emma se poroči s Charlesom Bovaryjem, poštenim, a dolgočasnim provincialnim zdravnikom, s katerim se nastani v Yonvillu.","[""Charles Bovary, deželni zdravnik"", ""Rodolphe, bogat lastnik"", ""Léon, notarski uradnik"", ""Homais, lekarnar""]",0,,,,,,
course_92_madame_bovary_flaubert,course_92_madame_bovary_flaubert_q3,mcq,"Kakšen pripovedni postopek izumi Flaubert v tem romanu, pri čemer meša glas pripovedovalca z glasom lika brez narekovajev?","Flaubert izumi prosti posredni slog: pripovedovalkin glas se zlije z Emminim, pri tem pa ohrani ironično distanco.","[""Prosti posredni slog"", ""Notranji monolog"", ""Epistolarna zgodba"", ""Prvoosebna pripoved""]",0,,,,,,
course_92_madame_bovary_flaubert,course_92_madame_bovary_flaubert_q4,trueFalse,Res ali ne: Flaubert je bil leta 1857 obsojen med sojenjem Madame Bovary.,Flaubert je bil leta 1857 oproščen obtožbe o »žaljenju javne morale«.,"[""Prav"", ""Narobe""]",1,,,,,,
course_92_madame_bovary_flaubert,course_92_madame_bovary_flaubert_q5,mcq,Kaj potiska Emmo k sanjam in prešuštvu po romanu?,"Emma, vzgojena v samostanu s sentimentalnimi romani, zamenjuje resnično življenje z leposlovjem, ki ga bere, kar spodbuja njeno nezadovoljstvo.","[""Sentimentalne romane, ki jih je brala v samostanu"", ""Mamin nasvet"", ""Njegove politične ambicije"", ""Njegova strast do slikanja""]",0,,,,,,
course_92_madame_bovary_flaubert,course_92_madame_bovary_flaubert_q6,mcq,Kdo potisne Emmo v dolgove s prodajo njenega blaga na kredit?,"Trgovec Lheureux sili Emmo, da se vedno bolj zadolžuje, vse do finančnega propada para.","[""Trgovec Lheureux"", ""Doktor Charles"", ""Lekarnar Homais"", ""Klerik Léon""]",0,,,,,,
course_92_madame_bovary_flaubert,course_92_madame_bovary_flaubert_q7,mcq,Kako se Emma na koncu romana ubije?,"Emma naredi samomor z arzenikom, ki ga ukrade lekarnarju Homaisu, saj se ne more spopasti s svojimi dolgovi in razočaranjem.","[""Pogoltne arzen, ukraden od lekarnarja Homaisa"", ""Izliva se v Seno"", ""Umre od žalosti"", ""Ubije jo Charles""]",0,,,,,,
course_92_madame_bovary_flaubert,course_92_madame_bovary_flaubert_q8,numericSlider,Koliko let je Flaubert porabil za pisanje Madame Bovary?,"Flaubert se je osamil v Croissetu in pet let, od 1851 do 1856, posvetil pisanju tega romana.",,,,5.0,1.0,12.0,1.0,let
course_92_madame_bovary_flaubert,course_92_madame_bovary_flaubert_q9,mcq,"Kateri izraz je skoval filozof Jules de Gaultier, da bi označil Emmino kronično nezadovoljstvo?","Jules de Gaultier je skoval izraz ""bovaryizem"", da bi označil nezadovoljstvo nekoga, ki ima raje fantazijo kot resničnost.","[""bovarjevstvo"", ""romantika"", ""Žalost"", ""Absurd""]",0,,,,,,
course_93_le_rouge_et_le_noir_stendhal,course_93_le_rouge_et_le_noir_stendhal_q1,mcq,"Kdo je avtor Le Rouge et le Noir, čigar pravo ime je Henri Beyle?","Stendhal, čigar pravo ime je bilo Henri Beyle, je leta 1830 objavil Le Rouge et le Noir.","[""Stendhal"", ""Honoré de Balzac"", ""Gustave Flaubert"", ""Victor Hugo""]",0,,,,,,
course_93_le_rouge_et_le_noir_stendhal,course_93_le_rouge_et_le_noir_stendhal_q2,mcq,"Kakšno je družbeno poreklo Juliena Sorela, junaka romana?","Julien Sorel, sin zaničevanega tesarja, ima redko inteligenco in sanja o vzponu v zanj zaprti družbi.","[""Sin tesarja se želi dvigniti v družbi"", ""Sin propadlega plemiča"", ""Sin bogatega trgovca"", ""Sin napoleonskega generala""]",0,,,,,,
course_93_le_rouge_et_le_noir_stendhal,course_93_le_rouge_et_le_noir_stendhal_q3,mcq,Kaj simbolizirata rdeča in črna v naslovu?,Rdeča barva vojaške uniforme in črna barva cerkvene obleke sta bili v času obnove edina nosilca moči za izobraženega navadnega prebivalca.,"[""Vojaška uniforma in cerkvena obleka, edina pot do vnebovzetja za navadnega prebivalca"", ""Kri in žalovanje"", ""Strast in smrt"", ""Barve obnove""]",0,,,,,,
course_93_le_rouge_et_le_noir_stendhal,course_93_le_rouge_et_le_noir_stendhal_q4,trueFalse,"Res ali ne: Stendhal svoj suh in nepoudarjen slog imenuje ""bejlizem"".","Stendhal trdi, da ima suh slog, na katerega je vplivala njegova vojaška kariera, ki ga sam imenuje bejlizem.","[""Prav"", ""Narobe""]",0,,,,,,
course_93_le_rouge_et_le_noir_stendhal,course_93_le_rouge_et_le_noir_stendhal_q5,mcq,Komu Julien postane učitelj v Verrièresu?,Julien je vstopil v semenišče in nato postal učitelj otrok gospoda in gospe de Rênal v Verrièresu.,"[""Pri Rênalovi družini"", ""Pri markizu de La Molu"", ""Pri škofu v Besançonu"", ""Na domu bogatega trgovca""]",0,,,,,,
course_93_le_rouge_et_le_noir_stendhal,course_93_le_rouge_et_le_noir_stendhal_q6,mcq,Koga Julien v Parizu zapelje v službo markiza de La Mola?,"Julien postane tajnik markiza de La Mola in zapelje njegovo hčer Mathilde, ponosno aristokratinjo, ki ljubi nevarnosti.","[""Mathilde de La Mole"", ""Gospa de Rênal"", ""Pariška igralka"", ""Ministričeva hči""]",0,,,,,,
course_93_le_rouge_et_le_noir_stendhal,course_93_le_rouge_et_le_noir_stendhal_q7,mcq,Kaj je vzrok za Julienov dokončni propad?,"Medtem ko se Julien pripravlja na poroko z Mathilde, pismo gospe de Rênal razkrije njegove pretekle laži in prekine njegov vzpon.","[""Pismo gospe de Rênal, ki obsoja njene laži"", ""Odkrivanje njegovega izvora"", ""Neplačan dolg pri igrah na srečo"", ""Izgubljen dvoboj proti tekmecu""]",0,,,,,,
course_93_le_rouge_et_le_noir_stendhal,course_93_le_rouge_et_le_noir_stendhal_q8,mcq,Katera resnična novica je navdihnila zaplet romana?,"Stendhal se zgleduje po primeru Antoina Bertheta, semenišča, ki je bil leta 1827 obsojen na smrt.","[""Afera Antoine Berthet, semeniščnik obsojen na smrt"", ""Flaubertov proces"", ""Atentat na vojvodo Berryja"", ""Afera Delphine Delamare""]",0,,,,,,
course_93_le_rouge_et_le_noir_stendhal,course_93_le_rouge_et_le_noir_stendhal_q9,numericSlider,Katerega leta je izšla Rdeča in črna?,"Roman je izšel leta 1830, malo pred Trois Glorieuses.",,,,1830.0,1810.0,1840.0,3.0,
course_93_le_rouge_et_le_noir_stendhal,course_93_le_rouge_et_le_noir_stendhal_q10,trueFalse,"Res ali ne: Julien, soočen s smrtjo, podvoji svoja prizadevanja, da bi z zvijačo pobegnil z odra.",V zaporu Julien preneha preračunljivo: soočen s smrtjo si noče rešiti glave s spletkami in se sprijazni s svojo usodo.,"[""Prav"", ""Narobe""]",1,,,,,,
course_94_candide_voltaire,course_94_candide_voltaire_q1,mcq,Kdo je avtor Candida?,"Voltaire je leta 1759 objavil Candide ou l'Optimisme, mojstrovino filozofske zgodbe.","[""Voltaire"", ""Diderot"", ""Rousseau"", ""Montesquieu""]",0,,,,,,
course_94_candide_voltaire,course_94_candide_voltaire_q2,mcq,Kateri resnični dogodek leta 1755 je pretresel Voltaira in spodbudil pisanje Kandida?,"Potres v Lizboni 1. novembra 1755, ki je ubil okoli 60.000 ljudi, je omajal Voltairovo zaupanje v popolnoma urejen svet.","[""Lizbonski potres"", ""Francoska revolucija"", ""Sedemletna vojna"", ""Izbruh Vezuva""]",0,,,,,,
course_94_candide_voltaire,course_94_candide_voltaire_q3,mcq,Katero filozofsko teorijo napade Voltaire skozi lik Panglossa?,"Pangloss je karikatura Leibniza: Voltaire napade idejo, da je vsako zlo pogoj višjega dobrega.","[""Leibnizov optimizem"", ""Montaignejev skepticizem"", ""Descartesov racionalizem"", ""Lockov empirizem""]",0,,,,,,
course_94_candide_voltaire,course_94_candide_voltaire_q4,trueFalse,"Res ali ne: po Panglossu ima vsak dogodek, tudi grozen, koristen vzrok.","Pangloss trdi, da ima vsak dogodek, ne glede na to, kako grozovit je, koristen vzrok, in gre tako daleč, da trdi, da je sifilis bistvenega pomena za čokolado.","[""Prav"", ""Narobe""]",0,,,,,,
course_94_candide_voltaire,course_94_candide_voltaire_q5,mcq,Zakaj Candida na začetku zgodbe izženejo iz gradu?,"Candida izženejo iz gradu, ker je ljubil Cunégonde, baronovo hčer, kar sproži njegovo potepanje po svetu.","[""Ker ljubi Cunégonde"", ""Ker je užalil barona"", ""Ker je bil prisilno vpoklican"", ""Ker je izdal Panglossa""]",0,,,,,,
course_94_candide_voltaire,course_94_candide_voltaire_q6,mcq,Kaj prikazuje Eldorado v zgodbi?,"Eldorado, racionalna južnoameriška utopija, dokazuje, da lahko optimizem deluje, vendar ga Candide vseeno zapusti, da bi našel Cunégonde.","[""Ta optimizem lahko deluje v racionalni družbi"", ""Ta denar te vedno osreči"", ""Ta vera je bistvenega pomena za srečo"", ""Ta vojna je potrebna za napredek""]",0,,,,,,
course_94_candide_voltaire,course_94_candide_voltaire_q7,mcq,"K čemu usoda »črnca iz Surinama«, sužnja, pohabljenega zaradi evropskega sladkorja, žene Candida?","Soočen s tem pohabljenim sužnjem, Candide končno definira optimizem kot ""bes, da trdimo, da je vse dobro, ko je nekdo slab"".","[""Optimizem opredelite kot \""bes, da trdimo, da je vse dobro, ko smo slabi\"""", ""Trajno zapustite Cunégonde"", ""Pridružite se inkviziciji"", ""Vrnitev v Eldorado""]",0,,,,,,
course_94_candide_voltaire,course_94_candide_voltaire_q8,mcq,Kateri slavni stavek sklene pravljico?,Pravljica se konča z »Obdelovati moramo svoj vrt«: Voltaire opusti metafizične špekulacije v korist konkretnih dejanj.,"[""\""Moramo obdelovati svoj vrt\"""", ""“Vse je dobro, kar se dobro konča”"", ""\""Življenje so sanje\"""", ""\""Pekel so drugi ljudje\""""]",0,,,,,,
course_94_candide_voltaire,course_94_candide_voltaire_q9,numericSlider,Katerega leta je bil objavljen Candide?,"Candide se je pojavil leta 1759, brez imena avtorja, štiri leta po lizbonskem potresu.",,,,1759.0,1740.0,1780.0,3.0,
course_94_candide_voltaire,course_94_candide_voltaire_q10,trueFalse,"Res ali ne: Candide je pariški parlament prepovedal, vendar še vedno tajno kroži.","Kljub prepovedi pariškega parlamenta je zgodba krožila v tajnosti, v prvem letu je bila naklada več kot 20.000 izvodov.","[""Prav"", ""Narobe""]",0,,,,,,
course_95_les_confessions_rousseau,course_95_les_confessions_rousseau_q1,mcq,Kdo je avtor Izpovedi?,"Jean-Jacques Rousseau je napisal Izpovedi, objavljene posthumno med letoma 1782 in 1789.","[""Jean-Jacques Rousseau"", ""Voltaire"", ""Diderot"", ""Chateaubriand""]",0,,,,,,
course_95_les_confessions_rousseau,course_95_les_confessions_rousseau_q2,mcq,Katero literarno zvrst so izumile Izpovedi?,Izpovedi zaznamujejo rojstvo sodobne avtobiografije: »jaz« postane predmet literarnega raziskovanja.,"[""Sodobna avtobiografija"", ""Epistolarni roman"", ""Filozofska pravljica"", ""Klasična tragedija""]",0,,,,,,
course_95_les_confessions_rousseau,course_95_les_confessions_rousseau_q3,mcq,Zakaj v skladu z Rousseaujevim avtobiografskim paktom pripoveduje svojo življenjsko zgodbo?,"Rousseau piše: ""Ustanavljam družbo, ki nikoli ni imela zgleda""; pripoveduje svoje življenje zaradi njega samega, ne da bi poveličeval zgodovino.","[""Zase, ne zato, da bi skozi to poveličevala Zgodovino"", ""Da obtoži svoje politične sovražnike"", ""Dobiti odpuščanje od Cerkve"", ""Za vzgojo mladih plemičev""]",0,,,,,,
course_95_les_confessions_rousseau,course_95_les_confessions_rousseau_q4,trueFalse,Res ali ne: tako kot v Avguštinovih Izpovedih ostaja sodnik izpovedi pri Rousseauju Bog.,"Za razliko od Avguština sodnik ni več Bog, ampak bralec: Rousseau sekularizira izpoved in izumi pristnost kot najvišjo vrednoto.","[""Prav"", ""Narobe""]",1,,,,,,
course_95_les_confessions_rousseau,course_95_les_confessions_rousseau_q5,mcq,Kakšen vzdevek je Rousseau dal Madame de Warens?,"Rousseau imenuje Madame de Warens »mama«, odnos, ki močno zaznamuje njegovo mladost.","[""\""mama\"""", ""\""Moja muza\"""", ""\""Moja dobrotnica\"""", ""“moja sestra”""]",0,,,,,,
course_95_les_confessions_rousseau,course_95_les_confessions_rousseau_q6,mcq,Kaj Rousseau priznava o svojih petih otrocih?,"Rousseau priznava, da je svojih pet otrok zapustil najdenim otrokom, kar je boleče priznanje v središču njegove iskrenosti.","[""Prepustil jih je Najdencem"", ""Poslal jih je študirat v tujino"", ""Zaupal jih je svoji sestri"", ""Javno se jih je odrekel""]",0,,,,,,
course_95_les_confessions_rousseau,course_95_les_confessions_rousseau_q7,mcq,Kdo je v anonimnem pamfletu javno razkril zapuščanje Rousseaujevih otrok?,"Voltaire v anonimnem pamfletu razkrije zapuščenost Rousseaujevih otrok, zaradi česar se mora javno izpovedati v Izpovedih.","[""Voltaire"", ""Diderot"", ""D'Alembert"", ""Pariški škof""]",0,,,,,,
course_95_les_confessions_rousseau,course_95_les_confessions_rousseau_q8,mcq,Kakšno vlogo igra narava v Izpovedih?,"Pokrajina za Rousseauja postane zrcalo nove občutljivosti, ki bo postala osnova romantike.","[""Postane zrcalo nove občutljivosti, v izviru romantike"", ""Služi kot preprost, nepomemben okras."", ""Simbolizira samo božjo kazen"", ""Predstavlja urbano civilizacijo""]",0,,,,,,
course_95_les_confessions_rousseau,course_95_les_confessions_rousseau_q9,trueFalse,Res ali ne: Izpovedi so bile objavljene v času Rousseaujevega življenja.,"Izpovedi so bile objavljene posthumno, med letoma 1782 in 1789, po Rousseaujevi smrti leta 1778.","[""Prav"", ""Narobe""]",1,,,,,,
course_96_l_etranger_camus,course_96_l_etranger_camus_q1,mcq,Kdo je avtor Tujca?,"Albert Camus je leta 1942 objavil Neznanca, svoj prvi roman.","[""Albert Camus"", ""Jean-Paul Sartre"", ""André Malraux"", ""Georges Bernanos""]",0,,,,,,
course_96_l_etranger_camus,course_96_l_etranger_camus_q2,mcq,"Kakšna je naloga Meursaulta, pripovedovalca romana?","Meursault je pisarniški delavec v Alžiru, katerega brezbrižnost do konvencij vodi v njegov propad.","[""Pisarniški delavec v Alžiru"", ""kolonialni zdravnik"", ""Profesor filozofije"", ""Odvetnik""]",0,,,,,,
course_96_l_etranger_camus,course_96_l_etranger_camus_q3,mcq,Česa Meursault noče storiti na materinem pogrebu in v svojem odnosu z Marie?,"Meursault noče lagati o svojih občutkih, živi sedanjost in svoje fizične občutke bolj kot pričakovano moralo.","[""Lagati o svojih občutkih"", ""Udeležite se pomembnih dogodkov"", ""Pogovarjajte se o svoji preteklosti"", ""Zapusti Alžir""]",0,,,,,,
course_96_l_etranger_camus,course_96_l_etranger_camus_q4,mcq,V kakšnih okoliščinah Meursault ubije človeka na plaži?,"Meursault, obsijan s soncem na plaži, ustreli človeka v gesti, ki jo roman predstavi kot tragično naključje, brez sovraštva ali maščevanja.","[""Zaslepljen od sonca, v gesti brez sovraštva ali maščevanja"", ""Da bi se maščeval prijatelju"", ""Med neuspelim letom"", ""Po nesreči, med rokovanjem z orožjem""]",0,,,,,,
course_96_l_etranger_camus,course_96_l_etranger_camus_q5,mcq,Kaj tožilec med sojenjem tudi očita Meursaultu?,"Tožilec očita Meursaultu, da je pred materino krsto pil café au lait in da je dan po pogrebu odšel v kino.","[""Za pitje kave z mlekom pred mamino krsto"", ""Zaradi groženj policistu"", ""Ker je lagal o svoji identiteti"", ""Imeti kazensko evidenco""]",0,,,,,,
course_96_l_etranger_camus,course_96_l_etranger_camus_q6,trueFalse,"Res ali ne: Meursault je obsojen samo za umor, ki ga je zagrešil.","Družba še posebej obsoja Meursaulta, ker je zavračal kolektivne obrede, kot da bi svojo mamo pokopal »s srcem zločinca«.","[""Prav"", ""Narobe""]",1,,,,,,
course_96_l_etranger_camus,course_96_l_etranger_camus_q7,mcq,Kateri filozofski koncept roman postavlja v fikcijo?,Tujec v fikcijo postavi Camusov absurd: ločitev med našim pozivom k pomenu in tišino sveta.,"[""Absurd pri Camusu"", ""Sartrov eksistencializem"", ""Nietzschejanski nihilizem"", ""Starodavni stoicizem""]",0,,,,,,
course_96_l_etranger_camus,course_96_l_etranger_camus_q8,trueFalse,Res ali ne: za Camusa mora absurd voditi v nihilizem in odrekanje.,"Za Camusa absurd ne vodi v nihilizem, temveč v upor: gre za življenje kljub odsotnosti smisla.","[""Prav"", ""Narobe""]",1,,,,,,
course_96_l_etranger_camus,course_96_l_etranger_camus_q9,numericSlider,Pri kateri starosti je Camus prejel Nobelovo nagrado za književnost?,"Camus je Nobelovo nagrado za književnost prejel leta 1957, v starosti 44 let.",,,,44.0,30.0,60.0,3.0,let
course_96_l_etranger_camus,course_96_l_etranger_camus_q10,mcq,"Kateri sodobni alžirski pisatelj v »Meursaultu, protipreiskavi« prebere Tujca z vidika anonimne žrtve?","Kamel Daoud v svojem romanu »Meursault, contre-investigation« prebere Tujca z vidika anonimne žrtve.","[""Kamel Daoud"", ""Yasmina Khadra"", ""Assia Djebar"", ""Kateb Yacine""]",0,,,,,,
course_97_le_mythe_de_sisyphe_camus,course_97_le_mythe_de_sisyphe_camus_q1,mcq,Kdo je avtor Mita o Sizifu?,"Albert Camus je leta 1942 objavil Mit o Sizifu, temeljni esej o misli absurda.","[""Albert Camus"", ""Jean-Paul Sartre"", ""Simone de Beauvoir"", ""Emmanuel Levinas""]",0,,,,,,
course_97_le_mythe_de_sisyphe_camus,course_97_le_mythe_de_sisyphe_camus_q2,mcq,S katero znano izjavo začne Camus svoj esej?,"Camus začne svoj esej s trditvijo, da je edini resnično resen filozofski problem presoja, ali je življenje vredno življenja.","[""\""Obstaja le en res resen filozofski problem, in to je samomor\"""", ""\""Pekel so drugi ljudje\"""", ""\""Bog je mrtev\"""", ""\""Obstoj je pred bistvom\""""]",0,,,,,,
course_97_le_mythe_de_sisyphe_camus,course_97_le_mythe_de_sisyphe_camus_q3,mcq,Kje po Camusu prebiva absurd?,"Za Camusa absurd ni ne v svetu ne v človeku samem, ampak v njunem soočenju: um teži k redu, svet molči.","[""V soočenju med človeško težnjo po redu in tišino sveta"", ""Samo v človeški glavi"", ""Samo v kaosu zunanjega sveta"", ""V popolni odsotnosti razuma v človeku""]",0,,,,,,
course_97_le_mythe_de_sisyphe_camus,course_97_le_mythe_de_sisyphe_camus_q4,mcq,Kaj je po Camusu edini avtentični odgovor na absurd?,"Edini pristen odgovor je absurdni upor: stati pred tišino sveta, brez tolažbe in bega.","[""Absurdni upor"", ""samomor"", ""Verska vera"", ""Popolna brezbrižnost""]",0,,,,,,
course_97_le_mythe_de_sisyphe_camus,course_97_le_mythe_de_sisyphe_camus_q5,trueFalse,Res ali ne: za Camusa je filozofski samomor beg proti veri ali iracionalnemu.,"Filozofski samomor ali »skok« po Kierkegaardu raje beži od absurda proti veri ali iracionalnemu, kot pa se sooča z njim.","[""Prav"", ""Narobe""]",0,,,,,,
course_97_le_mythe_de_sisyphe_camus,course_97_le_mythe_de_sisyphe_camus_q6,mcq,"Zakaj je v grškem mitu, ki ga je prevzel Camus, obsojen Sizif?","Sizif, korintski kralj, je obsojen, da večno kotali skalo do vrha, od koder se vedno znova vrne navzdol.","[""Večno kotaliti skalo, ki se vedno vrne dol"", ""Nositi svet na svojih ramenih"", ""Neskončno tavati daleč od njegovega kraljestva"", ""Soočiti se z morskimi pošastmi""]",0,,,,,,
course_97_le_mythe_de_sisyphe_camus,course_97_le_mythe_de_sisyphe_camus_q7,mcq,V katerem trenutku se Camus zanima za mit o Sizifu?,"Camusa zanima trenutek padca: Sizif je nad svojo usodo boljši, ker se je popolnoma zaveda.","[""V trenutku sestopa, ko se Sizif zave svoje usode"", ""Ko Sizif potisne skalo navzgor"", ""V času njegove obsodbe s strani bogov"", ""V času njegove smrti""]",0,,,,,,
course_97_le_mythe_de_sisyphe_camus,course_97_le_mythe_de_sisyphe_camus_q8,mcq,Kateri slavni stavek zaključuje esej?,"Esej se zaključi z besedami: Sizifa si moramo predstavljati srečnega: sreča, ki se rodi iz lucidnosti in sprejemanja boja.","[""\""Sizifa si morate predstavljati srečnega\"""", ""\""Sizif je kaznovan človek\"""", ""\""Skala je prekletstvo\"""", ""\""Bežati moramo z gore\""""]",0,,,,,,
course_97_le_mythe_de_sisyphe_camus,course_97_le_mythe_de_sisyphe_camus_q9,mcq,Na katere dramatike gledališča absurda vpliva Camus?,"Mit o Sizifu vpliva na gledališče absurda Samuela Becketta in Eugèna Ionesca, kjer se liki vrtijo v zanki.","[""Samuel Beckett in Eugene Ionesco"", ""Jean Racine in Molière"", ""Bertolt Brecht in Antonin Artaud"", ""Jean Anouilh in Jean Giraudoux""]",0,,,,,,
course_98_a_la_recherche_du_temps_perdu_proust,course_98_a_la_recherche_du_temps_perdu_proust_q1,mcq,Kdo je avtor knjige V iskanju izgubljenega časa?,Marcel Proust je V iskanju izgubljenega časa pisal med letoma 1913 in 1927.,"[""Marcel Proust"", ""André Gide"", ""Marcel Pagnol"", ""Anatole France""]",0,,,,,,
course_98_a_la_recherche_du_temps_perdu_proust,course_98_a_la_recherche_du_temps_perdu_proust_q2,mcq,"Kakšno vrsto spomina, ki ga sproži občutek, postavi Proust v središče romana?","Proust razlikuje prostovoljni, hladni spomin od nehotenega spomina, ki ga sproži občutek in obuja preteklost v njeni čustveni celovitosti.","[""Neprostovoljni spomin"", ""Kolektivni spomin"", ""Prostovoljni spomin"", ""Fotografski spomin""]",0,,,,,,
course_98_a_la_recherche_du_temps_perdu_proust,course_98_a_la_recherche_du_temps_perdu_proust_q3,mcq,"Katera hrana, potopljena v čaj, sproži najbolj znan spomin v romanu?","Madleine, potopljena v čaj, v pripovedovalcu obudi vse čustvene spomine na Combraya.","[""Madleine"", ""Rogljiček"", ""Brioš"", ""Medenjaki""]",0,,,,,,
course_98_a_la_recherche_du_temps_perdu_proust,course_98_a_la_recherche_du_temps_perdu_proust_q4,mcq,Zakaj Proust svojo sobo obloži s pluto?,"Proust se je po smrti matere osamil in svojo sobo obložil s pluto, da bi se zaščitil pred hrupom in cvetnim prahom.","[""Za zaščito pred hrupom in cvetnim prahom"", ""Da bi bolje slišali ulični hrup"", ""Za okrasitev vaše notranjosti"", ""Za zaščito vaših rokopisov pred vlago""]",0,,,,,,
course_98_a_la_recherche_du_temps_perdu_proust,course_98_a_la_recherche_du_temps_perdu_proust_q5,trueFalse,"Res ali ne: prvi zvezek, Na strani Swanna, so založniki takoj sprejeli.",Na strani Swanna je doživel več zavrnitev in je moral biti leta 1913 objavljen neodvisno.,"[""Prav"", ""Narobe""]",1,,,,,,
course_98_a_la_recherche_du_temps_perdu_proust,course_98_a_la_recherche_du_temps_perdu_proust_q6,mcq,"Kateri pisatelj kasneje prizna, da je naredil resno napako, ko je zavrnil Proustov rokopis?","André Gide, ki je preziral rokopis, bo pozneje priznal, da je naredil resno napako.","[""André Gide"", ""Anatole France"", ""Paul Valéry"", ""Emile Zola""]",0,,,,,,
course_98_a_la_recherche_du_temps_perdu_proust,course_98_a_la_recherche_du_temps_perdu_proust_q7,mcq,Kaj sedmi in zadnji zvezek razkriva pripovedovalcu?,"Time Recovered pripovedovalcu razkrije njegovo pisateljsko poklicanost: napisati delo, ki ga je bralec pravkar prebral.","[""Njegov pisateljski poklic je pisanje dela, ki smo ga pravkar prebrali"", ""Swannova prava identiteta"", ""Družinska skrivnost, skrita že od otroštva"", ""Gilbertejeva izdaja""]",0,,,,,,
course_98_a_la_recherche_du_temps_perdu_proust,course_98_a_la_recherche_du_temps_perdu_proust_q8,numericSlider,Koliko zvezkov ima knjiga V iskanju izgubljenega časa?,"Roman ima sedem zvezkov, objavljenih med letoma 1913 in 1927.",,,,7.0,3.0,12.0,1.0,zvezki
course_98_a_la_recherche_du_temps_perdu_proust,course_98_a_la_recherche_du_temps_perdu_proust_q9,mcq,Kateri lik vnaša v roman dotlej tabuizirane teme?,"Monsieur de Charlus v La Recherche uvaja teme, ki so bile prej v literaturi tabu.","[""gospod de Charlus"", ""Swann"", ""Baron de Guermantes"", ""Doktor Cottard""]",0,,,,,,
course_98_a_la_recherche_du_temps_perdu_proust,course_98_a_la_recherche_du_temps_perdu_proust_q10,mcq,Katero literarno nagrado je Proust prejel leta 1919?,Proust je leta 1919 prejel Goncourtovo nagrado za V senci mladih deklet v rožah.,"[""Goncourtova nagrada"", ""Nobelova nagrada"", ""Nagrada Femina"", ""Nagrada Interallié""]",0,,,,,,
course_99_le_pere_goriot_balzac,course_99_le_pere_goriot_balzac_q1,mcq,Kdo je avtor Père Goriot?,Honoré de Balzac je leta 1835 objavil Le Père Goriot.,"[""Honoré de Balzac"", ""Victor Hugo"", ""Gustave Flaubert"", ""Stendhal""]",0,,,,,,
course_99_le_pere_goriot_balzac,course_99_le_pere_goriot_balzac_q2,mcq,Kateri romantični skupini pripada oče Goriot?,"Oče Goriot je središče Comédie humaine, kjer Balzac prvič uvede vrnitev ponavljajočih se likov.","[""Človeška komedija"", ""Rougon-Macquartovi"", ""Legenda stoletij"", ""Smešne zgodbe""]",0,,,,,,
course_99_le_pere_goriot_balzac,course_99_le_pere_goriot_balzac_q3,mcq,Za koga oče Goriot žrtvuje vse svoje bogastvo?,"Nekdanji izdelovalec vermicella Goriot je žrtvoval vse za svoji hčerki Anastasie in Delphine, ki sta ga zapustili, ko sta obogateli.","[""Njegovi hčerki Anastasie in Delphine"", ""Njegov edini sin"", ""Njegovi bivši zaposleni"", ""Cerkev njegove župnije""]",0,,,,,,
course_99_le_pere_goriot_balzac,course_99_le_pere_goriot_balzac_q4,mcq,"Kje živi oče Goriot, medtem ko mu zmanjkuje sredstev?","Goriot se spušča iz nadstropja v nadstropje v penzionu Vauquer, ko so njegovi viri izčrpani, do najskromnejše sobe.","[""V penzionu Vauquer"", ""V zasebnem hotelu"", ""Pri hčerki Delphine"", ""V samostanu""]",0,,,,,,
course_99_le_pere_goriot_balzac,course_99_le_pere_goriot_balzac_q5,trueFalse,Res ali ne: Goriotove hčere so ostale ob njegovi postelji do njegove smrti.,"Njegove hčere se vrnejo le prosit za denar in gredo na ples, oče pa umre sam v penzionu.","[""Prav"", ""Narobe""]",1,,,,,,
course_99_le_pere_goriot_balzac,course_99_le_pere_goriot_balzac_q6,mcq,"Kdo je Vautrin, lik, ki Rastignacu predlaga ciničen pakt?","Vautrin, čigar pravo ime je Jacques Collin, je pobegli kaznjenec, ki Rastignacu ponudi, da bo obogatel z umorom.","[""Pobegli kaznjenec, s pravim imenom Jacques Collin"", ""Propadli nekdanji notar"", ""Padli plemič"", ""Brezobzirni zdravnik""]",0,,,,,,
course_99_le_pere_goriot_balzac,course_99_le_pere_goriot_balzac_q7,mcq,"Kaj ponuja Vautrin v Rastignacu, da bi hitro obogatel?","Vautrin ponudi Rastignacu ciničen dogovor: obogateti z organizacijo umora, kar pa Rastignac na koncu zavrne.","[""Ustvari bogastvo z umorom"", ""Poroči se z bogato dedinjo"", ""Ukradi iz pokojninskega sklada Vauquer"", ""Priprava igre s kartami""]",0,,,,,,
course_99_le_pere_goriot_balzac,course_99_le_pere_goriot_balzac_q8,mcq,Kaj pove Rastignac s pokopališča Père-Lachaise na koncu romana?,"Rastignac je iz Père-Lachaisa po Goriotovi smrti poslal svoj izziv Parizu: ""Zdaj sva oba!"" »","[""\""Zdaj sva oba!\"" »"", ""\""Preklinjam te, Pariz!\"""", ""\""Zbogom, moj oče!\"" »"", ""\""Vautrin je imel prav!\""""]",0,,,,,,
course_99_le_pere_goriot_balzac,course_99_le_pere_goriot_balzac_q9,mcq,Katero romaneskno tehniko uvaja Balzac s tem romanom?,"Oče Goriot v Comédie humaine slovesno uvede vrnitev likov, ki se znova pojavljajo iz enega romana v drugega.","[""Vrnitev likov iz enega romana v drugega"", ""Notranji monolog"", ""Epistolarni roman"", ""Prvoosebna pripoved""]",0,,,,,,
course_99_le_pere_goriot_balzac,course_99_le_pere_goriot_balzac_q10,numericSlider,Koliko likov želi Balzac ustvariti v celotni Comédie humaine?,Balzac želi v 90 romanih in okoli 2000 likih arhivirati vse družbene tipe svojega časa.,,,,2000.0,1000.0,3000.0,200.0,znakov
course_9_l_empire_azteque,course_9_l_empire_azteque_q1,numericSlider,Katerega leta je Mexica ustanovila Tenochtitlán?,Mehika je leta 1325 ustanovila Tenochtitlán na otočku v jezeru Texcoco.,,,,1325.0,1280.0,1380.0,10.0,
course_9_l_empire_azteque,course_9_l_empire_azteque_q2,mcq,"Kakšno znamenje iščejo Mehičani, da bi ustanovili svojo prestolnico, glede na njihov bog Huitzilopochtli?","Mehičani so ta znak našli na otočku v jezeru Texcoco, kjer so leta 1325 ustanovili Tenochtitlán.","[""Orel, ki požira kačo na kaktusu"", ""Komet prečka nebo"", ""Popolni sončni mrk"", ""Beli jaguar""]",0,,,,,,
course_9_l_empire_azteque,course_9_l_empire_azteque_q3,mcq,"Kaj so chinampas, ki so jih izpopolnili Azteki?",Ti izjemno rodovitni umetni otoki pomagajo nahraniti jezersko prestolnico Tenochtitlán.,"[""Rodovitni umetni otoki iz blata in rastlin"", ""Templji, posvečeni soncu"", ""Asfaltirane ceste, ki povezujejo pokrajine"", ""Podzemne kašče za koruzo""]",0,,,,,,
course_9_l_empire_azteque,course_9_l_empire_azteque_q4,trueFalse,Res ali ne: Azteki so za prevoz kamnov svojih piramid uporabljali konje in vole.,Azteki niso imeli ne kolesa za prevoz ne tovorne živali; vendar so premaknili milijone ton kamna.,"[""Prav"", ""Narobe""]",1,,,,,,
course_9_l_empire_azteque,course_9_l_empire_azteque_q5,mcq,"Kaj je Trojno zavezništvo, ustanovljeno leta 1428?","Leta 1428 se je Tenochtitlán povezal s Texcocom in Tlacopanom ter oblikoval Trojno zavezništvo, ki je kmalu zavladalo regiji.","[""Zveza Tenochtitlána, Texcoca in Tlacopana"", ""Zavezništvo med Azteki in Španci"", ""Mirovna pogodba s Tlaxcalteci"", ""Koalicija proti Moctezumi II""]",0,,,,,,
course_9_l_empire_azteque,course_9_l_empire_azteque_q6,mcq,Zakaj so Azteki glede na Kozmogonijo petih sonc izvajali človeške žrtve?,"Ta mit pravi, da sonce preživi samo s človeško krvjo, zaradi česar so potrebne žrtve za kontinuiteto sveta.","[""Nahraniti sonce s krvjo in ohranjati svet"", ""Da bi kaznovali zločince imperija"", ""Prestrašiti sovražna ljudstva"", ""Za praznovanje letne žetve""]",0,,,,,,
course_9_l_empire_azteque,course_9_l_empire_azteque_q7,mcq,Kaj je bil glavni dejavnik pri hitrem padcu Azteškega imperija v roke Špancem?,"Pravi morilec so črne koze, evropska bolezen, ki je tamkajšnjim prebivalcem neznana, ki Azteke zdesetka veliko bolj kot špansko orožje.","[""Črne koze, bolezen, proti kateri Azteki niso imeli imunosti"", ""Pomanjkanje azteških bojevnikov"", ""Odsotnost utrjenega kapitala"", ""Zavrnitev Aztekov, da bi se borili""]",0,,,,,,
course_9_l_empire_azteque,course_9_l_empire_azteque_q8,numericSlider,Koliko dni je trajalo zadnje obleganje Tenochtitlána leta 1521?,"Tenochtitlán je padel leta 1521 po 80 dneh obleganja, stradajoč in opustošen zaradi bolezni.",,,,80.0,20.0,150.0,10.0,dni
course_9_l_empire_azteque,course_9_l_empire_azteque_q9,chronological,Postavite te faze zgodovine Aztekov v kronološki vrstni red.,"Ti štirje mejniki segajo od 1325 do 1521: ustanovitev prestolnice, imperialna širitev, prihod Špancev in nato končni padec.",,,"[""Ustanovitev Tenochtitlána ob jezeru Texcoco"", ""Nastanek trojnega zavezništva"", ""Cortésov prihod v Mehiko"", ""Padec Tenochtitlána""]",,,,,
